composite_index,site,n_years,R2,Pearson_r
1,g030_grass_nat,10,0.13063232541719105,0.4099943465774023
1,g032_shrubs_bd,11,0.06945310609828259,0.48877903269646716
1,g033_grass_nat,11,0.2743653746241973,0.5339268897068322
1,g034_grass_man,11,-0.04401764670569275,0.11880897311278472
1,g035_grass_man,10,0.4964654849751553,0.7482818854933839
1,g037_trees_be,10,0.20800463916755485,0.547637749168143
1,g038_grass_nat,11,-0.23754878954783232,0.42033254356415445
1,g039_trees_be,9,-0.030790583564372698,0.06188870977890275
1,g042_grass_nat,11,0.5351933129068496,0.8420256537498482
1,g043_grass_man,11,-0.6602072398498273,0.22337660328129935
1,g044_grass_man,11,0.22273396755191777,0.6014095397566849
1,g045_grass_nat,11,-0.8226997018799571,-0.031077550085218893
1,g046_grass_man,11,-0.053628862459015325,0.32016720730697096
1,g047_trees_bd,11,-1.0369627303592623,0.2558417827749155
1,g048_shrubs_bd,11,0.5248697283737145,0.8018886104339931
1,g049_trees_be,11,-0.037027757787105875,0.42917311456091883
1,g050_grass_nat,11,-0.330745547113237,-0.16651839943902694
1,g051_shrubs_bd,11,-0.3741241170327869,-0.22950330873925326
1,g055_shrubs_bd,11,-0.075495064052012,0.618489405570042
1,g056_trees_bd,11,0.1964926056401275,0.4541109340967275
1,g057_grass_man,11,0.6386280272585978,0.8048492407638855
1,g058_shrubs_be,10,0.5993948669274305,0.8697068679733696
1,g059_grass_man,10,-0.6211465765950506,-0.030865299743702813
1,g060_shrubs_be,10,-0.6921481732367405,-0.399627769533667
1,g061_grass_nat,10,0.2948018764364786,0.6309090027764844
1,g062_grass_nat,10,0.23825077445862852,0.5048605431744528
1,g063_shrubs_bd,10,-0.30947017962535295,0.38143984750076004
1,g064_shrubs_be,11,-0.6138182014532703,-0.04771893194089711
1,g065_shrubs_bd,11,0.06925224919985618,0.5413200060169859
1,g066_grass_nat,11,0.7498228416597404,0.8720652676502351
1,g067_grass_nat,11,-0.32491428851641535,0.14375009327636357
1,g068_grass_nat,11,-0.34976270312992686,0.1952757406517601
2,g030_grass_nat,10,0.17648693676518368,0.46249363906497537
2,g032_shrubs_bd,10,-0.015428778150619493,0.16175118688582724
2,g033_grass_nat,11,0.13671551078159738,0.3764671829680113
2,g034_grass_man,11,-0.27584184650561117,0.26519549456133296
2,g035_grass_man,10,0.3878956128892884,0.6462013448786591
2,g037_trees_be,11,0.15333641308871881,0.578155897624174
2,g038_grass_nat,11,0.16057611501001112,0.6225795242375526
2,g039_trees_be,10,0.016295069817117702,0.38130643245477575
2,g040_trees_be,9,-0.15559254455373495,0.04370446845131931
2,g042_grass_nat,11,0.25443482180656873,0.5631567609954753
2,g043_grass_man,11,-0.05080995881027239,-0.007271950890814294
2,g044_grass_man,11,-0.08658715832617214,0.1767223013815478
2,g045_grass_nat,11,-1.326731104702866,-0.17918277839474986
2,g046_grass_man,10,0.14840175611866613,0.42333819280003127
2,g047_trees_bd,11,0.33486649600807106,0.5947295404706203
2,g048_shrubs_bd,11,0.2913622811961618,0.5399188246752689
2,g049_trees_be,11,-0.12814175221752855,0.4320819900795416
2,g050_grass_nat,11,0.12611442586418375,0.4196501061374103
2,g051_shrubs_bd,11,-0.9952535527960553,-0.1847918503219481
2,g055_shrubs_bd,11,0.21320448800062108,0.7127175631106868
2,g056_trees_bd,10,0.004112786712542893,0.27106113436440377
2,g057_grass_man,11,0.3072304757450278,0.6015848931917271
2,g058_shrubs_be,10,0.26551008021344724,0.7391388914905844
2,g059_grass_man,10,0.07015641182650145,0.6776132406695202
2,g060_shrubs_be,9,-0.15338730762000075,0.23269322831474687
2,g061_grass_nat,11,0.009018483633059682,0.6635979206733498
2,g062_grass_nat,9,-0.04278682118648125,0.1631553707499968
2,g063_shrubs_bd,11,-0.10446051030863046,0.3064827691634468
2,g064_shrubs_be,11,-0.18156925788880374,-0.040700027367736084
2,g065_shrubs_bd,11,-0.4331415481525618,0.043465883971946936
2,g066_grass_nat,11,-0.05585674510064553,0.5059732004314397
2,g067_grass_nat,11,-0.16979294335381234,0.5319597730200409
2,g068_grass_nat,11,-0.11678524944453739,0.3646373571742899
3,g029_trees_bd,9,0.06787518112452595,0.7853262978556892
3,g030_grass_nat,10,0.24470962334278734,0.7618320083136879
3,g032_shrubs_bd,11,-0.2101826250618275,-0.23157067785493854
3,g033_grass_nat,11,-0.5631367290133877,0.3266521418603712
3,g034_grass_man,11,-0.15002824295326023,0.2686883075171535
3,g035_grass_man,11,0.15865656644620096,0.4178871646013636
3,g036_trees_ne,8,-0.3672272078903185,-0.5693531572374028
3,g037_trees_be,10,0.16845176198743428,0.5879769602686873
3,g038_grass_nat,11,-0.7708001825644955,0.48837349999345625
3,g039_trees_be,11,-0.6268987122001282,-0.021079161160843542
3,g040_trees_be,11,-0.21118014357276915,0.06518798731067918
3,g042_grass_nat,11,0.46571430985182827,0.7937064248471515
3,g043_grass_man,9,-0.626929081433838,-0.3105537660170012
3,g044_grass_man,11,0.0049086253880755715,0.2422103887934481
3,g045_grass_nat,11,-0.22593804819627916,0.33005221939868
3,g046_grass_man,9,0.22951468879174397,0.5131826092134794
3,g047_trees_bd,11,-0.11841962284586893,0.04118082215663367
3,g048_shrubs_bd,11,0.22159764335394205,0.584501130540493
3,g049_trees_be,11,0.1814644129621723,0.490939261157143
3,g050_grass_nat,11,-0.3792703167007174,-0.1306024499904855
3,g051_shrubs_bd,11,-0.3393650260322998,-0.011485851923900104
3,g053_trees_be,8,-1.1818415991825342,-0.28176244550026724
3,g055_shrubs_bd,11,0.32257361559259623,0.5708638537056218
3,g056_trees_bd,11,-0.16098062331848983,-0.12636344425892834
3,g057_grass_man,11,0.21573352603226514,0.4975858315504414
3,g058_shrubs_be,11,0.2741151761412135,0.5680027172494556
3,g059_grass_man,8,-0.04247489359301082,0.01843771687789552
3,g060_shrubs_be,10,0.21066634711703647,0.4640059395760327
3,g061_grass_nat,11,0.37495246705530305,0.6293900067342906
3,g063_shrubs_bd,11,-1.5300482399699233,-0.26643789688096536
3,g064_shrubs_be,11,0.19247427130678607,0.47968994360253814
3,g065_shrubs_bd,11,0.12379290550093436,0.5485755925728557
3,g066_grass_nat,11,0.4529208704692318,0.6821587910116081
3,g067_grass_nat,11,0.3478149220682033,0.7701651621284469
3,g068_grass_nat,11,-1.1858234522650344,0.01158672309754549
3,g069_trees_nd,8,-0.07613419475535133,-0.38360569672273653
4,g029_trees_bd,8,-0.08429725087069384,0.23756771308584398
4,g030_grass_nat,10,0.1755477381030821,0.48464604198536154
4,g032_shrubs_bd,10,0.4558180381601351,0.8558628089838808
4,g033_grass_nat,11,-0.4405211999466865,0.1262109780171879
4,g034_grass_man,11,0.2533860764273185,0.5658691595811686
4,g035_grass_man,10,-3.2869892911331666,-0.49632252799561555
4,g037_trees_be,11,-0.15787434842121773,-0.16725426357702158
4,g038_grass_nat,11,0.20528829779918534,0.5010259115691866
4,g039_trees_be,11,-4.21860912167797,0.29786790884757375
4,g040_trees_be,9,-0.13128434343512807,-0.16891868033343954
4,g042_grass_nat,11,-0.044328519638406005,0.5370580816321567
4,g043_grass_man,11,-0.3385841211299434,-0.11467071839811359
4,g044_grass_man,11,0.10481524489067384,0.3689438392177093
4,g045_grass_nat,11,-0.016140915216538376,0.23325795727599108
4,g046_grass_man,11,-0.2707537715062658,-0.08477392221908098
4,g047_trees_bd,11,-0.36625057109117365,-0.3451563494218992
4,g048_shrubs_bd,11,-0.19180090348735468,0.060408675831608236
4,g049_trees_be,11,-0.27654049226728095,0.3140216746844161
4,g050_grass_nat,11,0.12878732127184556,0.6170759312654309
4,g051_shrubs_bd,11,-0.5985021083256261,-0.6166592121983838
4,g053_trees_be,8,-0.8307201944334719,-0.24364599145501556
4,g055_shrubs_bd,11,-0.3347003124660901,0.17282392486854908
4,g056_trees_bd,10,0.31644183788756874,0.6024416026002993
4,g057_grass_man,11,0.20867531389273675,0.5379721422222757
4,g058_shrubs_be,10,-0.36222370188984043,-0.29571046138166496
4,g060_shrubs_be,8,-0.09465121457311554,0.3206143333837595
4,g061_grass_nat,11,0.7279356493794789,0.9011642711030786
4,g062_grass_nat,10,-0.241796040653516,-0.09873551207970925
4,g063_shrubs_bd,11,0.43953637238561327,0.7205539773880418
4,g064_shrubs_be,11,0.07106825679368844,0.3313129003923762
4,g065_shrubs_bd,11,0.3672594148637104,0.7660682684047807
4,g066_grass_nat,11,-0.054224543160260597,0.29713154374656914
4,g067_grass_nat,11,-0.17841464130656837,0.31717333551134447
4,g068_grass_nat,11,-0.08406281100969237,0.3194275962931026
5,g024_trees_ne,10,-0.2571396889242339,-0.05416655914281893
5,g025_grass_nat,9,-2.797240093617413,-0.28169840658410705
5,g029_trees_bd,10,0.14714665718406716,0.43921874073787126
5,g030_grass_nat,10,-0.8712223323458883,-0.3369738221272659
5,g032_shrubs_bd,11,0.26845082951301835,0.5489153103800489
5,g033_grass_nat,11,0.049195856732024645,0.26608106146210975
5,g034_grass_man,11,0.2054567659014621,0.48629337227335845
5,g035_grass_man,9,-0.17548397844510277,0.13708848467873488
5,g037_trees_be,11,-0.2259499413402284,0.04057054335016546
5,g038_grass_nat,11,-0.214630406696396,-0.034961911011322906
5,g039_trees_be,11,-0.5462578997875804,0.10340971663074687
5,g040_trees_be,11,0.05746473152823639,0.390522972317665
5,g042_grass_nat,11,-0.6800227222249859,0.43302405070022165
5,g043_grass_man,11,-0.07404668076748133,-0.17487930075222177
5,g044_grass_man,11,-0.08139303912693174,0.25497644142161785
5,g045_grass_nat,11,-0.22267654611856313,0.0599530907159693
5,g046_grass_man,10,-0.0819285277550803,0.27679701105799986
5,g047_trees_bd,11,-0.051251171834592046,0.3808208004592029
5,g048_shrubs_bd,11,0.1414307076712632,0.38585789068589027
5,g049_trees_be,11,0.47414857735085447,0.697466447905871
5,g050_grass_nat,11,-1.5684403253046009,-0.32440738579761247
5,g051_shrubs_bd,11,-0.2762224566831655,0.02263497534186584
5,g055_shrubs_bd,11,-0.2981448352238507,-0.23843146621302327
5,g056_trees_bd,11,-0.28274666062586884,-0.05805442887300014
5,g057_grass_man,11,0.21111893482759092,0.5435081141073109
5,g058_shrubs_be,11,-0.348553107723929,0.15867366344233558
5,g059_grass_man,11,-0.10757361575348168,0.10761334400419578
5,g060_shrubs_be,10,-0.7218758590965797,-0.05271204208661198
5,g061_grass_nat,11,-0.067081377324125,0.37700210729083417
5,g063_shrubs_bd,11,0.10564343413647381,0.48981406382027837
5,g064_shrubs_be,11,0.06467886292983127,0.32601533528729487
5,g065_shrubs_bd,11,0.47062207438861303,0.6901180353791286
5,g066_grass_nat,11,0.5136390966917419,0.754829001398945
5,g067_grass_nat,11,-0.3685528625657142,-0.07863281619917815
5,g068_grass_nat,11,0.050719508161096494,0.34001958554085054
5,g069_trees_nd,9,0.4096871912841096,0.6893565042267545
6,g019_trees_bd,10,-3.4716167345256785,-0.17101474268281766
6,g024_trees_ne,10,-0.4272702704281288,-0.22205917116792218
6,g025_grass_nat,8,-0.4809644554844912,-0.2738277068132686
6,g029_trees_bd,10,-0.19890304520876123,-0.024031518334326336
6,g030_grass_nat,9,0.07648198307131737,0.385037017362031
6,g032_shrubs_bd,11,-0.022186059115564927,0.3227874594974952
6,g033_grass_nat,11,-0.1565328486101618,0.11648599244682478
6,g034_grass_man,11,0.23681300150364293,0.7681342063074976
6,g035_grass_man,10,-0.8766518060948896,-0.06499228542018726
6,g036_trees_ne,8,-0.372636869226995,0.13613617614069426
6,g037_trees_be,10,-0.12098797997525668,-0.14566549320277342
6,g038_grass_nat,11,-0.7719975906186318,0.07786935665820979
6,g039_trees_be,11,-1.7989932521868757,-0.13932853219803157
6,g040_trees_be,10,-0.15735452545529793,-0.09585072844449535
6,g042_grass_nat,11,-0.22848920080789337,0.2796106028560966
6,g043_grass_man,11,-0.20292309165156475,0.35560625993650746
6,g044_grass_man,11,-0.0025582744727343787,0.32721086410295497
6,g045_grass_nat,11,-0.13850431049329837,0.11970388745589257
6,g046_grass_man,11,-0.21602560304057516,0.3266843951742429
6,g047_trees_bd,11,0.018146689747701505,0.19684955044216015
6,g048_shrubs_bd,11,0.15153237693800914,0.41854962271522383
6,g049_trees_be,11,0.6631409543559936,0.8337439564599171
6,g050_grass_nat,11,0.03937111997221354,0.2546782880366663
6,g051_shrubs_bd,11,-0.13953431035669817,0.04520549285296937
6,g055_shrubs_bd,11,-0.5049759938221583,0.3922403610892994
6,g056_trees_bd,10,-0.5660525265395027,0.12537388033044736
6,g057_grass_man,11,0.3947431515598234,0.7519425250851133
6,g058_shrubs_be,10,-0.37606673801512835,-0.11841909953090342
6,g059_grass_man,10,-0.3724656085728586,0.2052336443385325
6,g060_shrubs_be,8,0.45411392695814945,0.6785838341126944
6,g061_grass_nat,10,0.14308023733945596,0.6449742457148437
6,g062_grass_nat,8,-0.5576715334130615,0.3267078258829147
6,g063_shrubs_bd,10,0.04645566621413,0.35057330358809474
6,g064_shrubs_be,11,-0.5450299093919537,-0.41906078743419384
6,g065_shrubs_bd,11,0.3497015774801804,0.6100264385839463
6,g066_grass_nat,11,0.8225736414840957,0.9371351991326333
6,g067_grass_nat,11,0.4122965706128563,0.7830109510522758
6,g068_grass_nat,11,-0.2535132013714252,0.2351951812961813
6,g069_trees_nd,9,0.29230767814874425,0.5802189986174658
7,g024_trees_ne,9,0.49614136506926754,0.7528260687795779
7,g025_grass_nat,8,-0.46517558144117865,0.19247010828157463
7,g029_trees_bd,9,-0.29002175972142274,-0.07720122037642532
7,g030_grass_nat,8,0.24285044711884385,0.5613117149984632
7,g032_shrubs_bd,10,-0.017880783595948024,0.1772071411759276
7,g033_grass_nat,10,0.03497155291177956,0.21697893897559078
7,g034_grass_man,10,0.5653996171374156,0.7825976425626731
7,g035_grass_man,10,0.387942958094483,0.733830626540533
7,g036_trees_ne,8,-0.2596605130203318,-0.18245982227499352
7,g037_trees_be,9,0.07913179582520624,0.47884924053517186
7,g038_grass_nat,10,-1.0695982761244802,-0.5095333655334578
7,g039_trees_be,9,-0.27251949047483826,0.1687100702092265
7,g042_grass_nat,10,-1.001884098444994,0.5045886970026777
7,g043_grass_man,9,-0.44841881034485964,0.487226736928326
7,g044_grass_man,10,-0.2050829551769522,0.14893741522887607
7,g045_grass_nat,10,-0.09891188049566235,0.19557753591041385
7,g046_grass_man,10,-0.43634220270922275,0.31501079285496697
7,g047_trees_bd,10,-0.2525926715022542,-0.05852713833806552
7,g048_shrubs_bd,10,-0.4347049648694927,-0.1596845658411257
7,g049_trees_be,10,-0.20608808358453046,0.5471512140048395
7,g050_grass_nat,10,-0.537044231144362,-0.5804993667790488
7,g051_shrubs_bd,10,-0.4686918378849523,0.24532363054596143
7,g055_shrubs_bd,10,0.1261645928506896,0.3602933290109384
7,g056_trees_bd,8,0.17282238571704744,0.5393669816775797
7,g057_grass_man,10,0.512567989817377,0.7947655595941434
7,g058_shrubs_be,8,-0.23202043523799243,0.1360878243918998
7,g061_grass_nat,10,0.00017193456609665425,0.27328522361821667
7,g062_grass_nat,10,-0.1672829452723581,0.14285313647365927
7,g063_shrubs_bd,10,-0.6194868677561942,-0.1739693321206362
7,g064_shrubs_be,10,0.2586575100196017,0.5466546202675818
7,g065_shrubs_bd,10,0.5439861834730937,0.8447841697174224
7,g066_grass_nat,10,0.3731029104856489,0.6268130474895749
7,g067_grass_nat,10,-0.18504360885557314,0.0036155610606956722
7,g068_grass_nat,10,-0.3031587807113325,-0.16916907352301658
8,g024_trees_ne,11,-0.1006346038932242,0.2714193536200862
8,g025_grass_nat,8,-0.8903939839927386,-0.4901113432212496
8,g029_trees_bd,11,-0.02993721142404171,0.35290751584885943
8,g030_grass_nat,10,-0.5067815223045644,-0.22756082233115674
8,g032_shrubs_bd,11,-0.022371697268759316,0.36662775564916317
8,g033_grass_nat,11,-0.3809125674666711,0.3331376858739174
8,g034_grass_man,11,-0.07942339670418042,0.2119791501175101
8,g035_grass_man,11,0.32177073553324675,0.6062530496425884
8,g037_trees_be,10,-0.13448375159849757,0.4020362261262354
8,g038_grass_nat,11,-0.462291092292737,0.3248636962923274
8,g039_trees_be,11,-0.9368550823924904,0.6488274972155484
8,g040_trees_be,10,-0.2860512421486081,-0.07790799228799487
8,g042_grass_nat,11,-1.6669182672273126,-0.13943640195175197
8,g043_grass_man,10,-0.37413328618609465,0.04375433953950416
8,g044_grass_man,11,-0.47898245507917236,-0.6241199078961669
8,g045_grass_nat,11,0.00932188493735242,0.267069674123647
8,g046_grass_man,8,-0.17812618472235053,-0.26385046034048026
8,g047_trees_bd,11,-0.29747437889301964,-0.07246184679311349
8,g048_shrubs_bd,11,-0.4203743185109474,-0.40070044999214066
8,g049_trees_be,11,-0.19177489401745174,0.347868166677462
8,g050_grass_nat,11,0.16743091881332806,0.42145485390512905
8,g051_shrubs_bd,11,-0.2796681836943802,0.27853010907008413
8,g055_shrubs_bd,11,0.3594577706641775,0.6542193391338199
8,g056_trees_bd,9,-0.4671336891294904,-0.6699011362105651
8,g057_grass_man,11,-0.19843568009499535,0.08562611199222403
8,g058_shrubs_be,9,-0.5783627463555077,0.23281602483925226
8,g059_grass_man,9,-0.3351354406820526,0.25354988422835717
8,g060_shrubs_be,9,-0.6702110292856485,-0.3373502670588678
8,g061_grass_nat,10,-0.3416287706457384,-0.04229635205461052
8,g062_grass_nat,11,-0.39220153554726767,-0.07081588434759903
8,g063_shrubs_bd,11,0.21488769457082513,0.5136506228531724
8,g064_shrubs_be,11,0.003507111685847719,0.1256077493876976
8,g065_shrubs_bd,11,0.4102670803880911,0.7124671507331287
8,g066_grass_nat,10,-0.3063808649038253,-0.02868167448938003
8,g067_grass_nat,11,-0.6159479831372983,0.007550854774502287
8,g068_grass_nat,11,0.043608971989721024,0.36918012273231743
8,g069_trees_nd,9,-0.2520419289590805,-0.07031131460669025
9,g019_trees_bd,9,-1.5496943782612735,-0.2273456680806568
9,g024_trees_ne,10,0.0889268384148818,0.5567055818753175
9,g025_grass_nat,8,-0.21938165271524057,-0.19195936259595178
9,g029_trees_bd,11,-0.20554643401321093,-0.05278277423659877
9,g030_grass_nat,11,0.1029303499980776,0.3467948136919
9,g032_shrubs_bd,11,-0.2996364487563665,0.05210557382357969
9,g033_grass_nat,11,-1.5614518121825602,0.1888216868122102
9,g034_grass_man,11,-0.6267267953305287,0.0755945973381379
9,g035_grass_man,11,-0.5768810689302597,0.15708043934211718
9,g036_trees_ne,8,0.14964560846520425,0.41919265803177225
9,g037_trees_be,11,-0.11081946512685081,0.05111154686450239
9,g038_grass_nat,11,-0.3658618386483763,-0.07271641835755394
9,g039_trees_be,11,-0.10651495812115241,0.05457583438832852
9,g040_trees_be,11,-0.43056107471084015,-0.04318585323843558
9,g042_grass_nat,11,-1.5035464436025947,0.5338304705776182
9,g043_grass_man,11,-0.0700070643939934,0.35950404373825295
9,g044_grass_man,11,-0.11335245938535388,-0.04396285708189905
9,g045_grass_nat,11,-0.15009518559968438,-0.025155618957741068
9,g046_grass_man,9,-0.33438750451972843,0.18727007315884375
9,g047_trees_bd,11,0.2058915803917878,0.4668372525737265
9,g048_shrubs_bd,11,-0.8603206423512793,-0.6304964634644213
9,g049_trees_be,11,-0.26986165007130913,0.11405563598287252
9,g050_grass_nat,11,-0.10102280032177857,0.009878115225459116
9,g051_shrubs_bd,11,0.5238257747558668,0.8046974815528315
9,g055_shrubs_bd,11,0.4671889547485286,0.8054809472014403
9,g056_trees_bd,10,-0.37376251666344507,0.2068805505863831
9,g057_grass_man,11,-0.09414125185078803,0.2290157947487994
9,g058_shrubs_be,11,-1.3926777240334016,0.05749222952669851
9,g059_grass_man,10,-0.6988426113773474,-0.5695075973794639
9,g060_shrubs_be,11,0.15758746397076462,0.503818007384025
9,g061_grass_nat,11,0.07300823309202842,0.2858387607804057
9,g063_shrubs_bd,11,-0.2904424424194072,0.2779354394202123
9,g064_shrubs_be,11,-0.06640703927075231,0.00712462664136432
9,g065_shrubs_bd,11,0.3915267319245064,0.6785040238124032
9,g066_grass_nat,11,0.18993262507938224,0.5195401983128898
9,g067_grass_nat,11,-0.031833407466727914,0.12850897785619786
9,g068_grass_nat,11,-1.6499046053956903,-0.06457490733411046
9,g069_trees_nd,9,-0.8382491352950194,0.4002316616107708
10,g019_trees_bd,9,-1.0124458186156948,0.5313059259936057
10,g024_trees_ne,11,0.07083009376365101,0.4337358551182824
10,g025_grass_nat,10,-0.47582962352877156,0.5414017020274311
10,g029_trees_bd,9,0.18797142261959332,0.6278686784775179
10,g030_grass_nat,11,0.04182011385681894,0.3187693421021429
10,g032_shrubs_bd,10,0.28869877368508745,0.6088469177260079
10,g033_grass_nat,11,0.042573611667704014,0.5604750854096832
10,g034_grass_man,11,-0.015253344910662658,0.5278537765696085
10,g035_grass_man,10,-0.06255835718004388,0.25644785364247946
10,g036_trees_ne,10,-0.5628473854356577,0.3345668379057382
10,g037_trees_be,11,-0.11115857385059491,0.15909821544834485
10,g038_grass_nat,11,-0.41139657920718475,0.019286901971346464
10,g039_trees_be,11,-0.6672179246001384,-0.3005931397403407
10,g040_trees_be,10,-0.5415414728876036,-0.06443785959557627
10,g042_grass_nat,11,-0.9335824804943234,0.5930916015137359
10,g043_grass_man,10,-0.17078330745920778,-0.6775067564788475
10,g044_grass_man,11,-0.425260638177283,-0.17167318512273658
10,g045_grass_nat,11,-0.2828201855781347,0.21898326824712194
10,g046_grass_man,11,0.15810810259202657,0.4963126441696084
10,g047_trees_bd,11,-0.24691699168874837,-0.07767186065399319
10,g048_shrubs_bd,11,-0.5207535856957342,-0.1512665146473038
10,g049_trees_be,11,-0.176046491155186,-0.016651042926603663
10,g050_grass_nat,11,-0.1103868093475584,-0.12874003498292838
10,g051_shrubs_bd,11,0.179526807052525,0.597059967124743
10,g054_trees_be,8,-0.9133142833864993,-0.14214985083982662
10,g055_shrubs_bd,11,-0.20981429308737787,-0.0011505114173211881
10,g057_grass_man,11,-0.24714031618597354,0.029354963048534907
10,g058_shrubs_be,9,-0.6591282062511248,0.34601946344976103
10,g059_grass_man,11,0.19244086721081377,0.5506921880248264
10,g060_shrubs_be,10,0.058395484318530255,0.5821074154529601
10,g061_grass_nat,11,-0.046301877080913156,0.19939577681024673
10,g062_grass_nat,11,-0.3302196669859463,0.03292382960735852
10,g063_shrubs_bd,11,-0.3505044463404672,0.41056309748273884
10,g064_shrubs_be,11,-0.049143170054192664,-0.1620144271810457
10,g065_shrubs_bd,11,0.3023517405593633,0.6706644339185944
10,g066_grass_nat,10,0.14538054984820503,0.4805338962227145
10,g067_grass_nat,11,0.11645522523415497,0.36962682934517244
10,g068_grass_nat,11,0.021239292779546726,0.2971326293424228
10,g069_trees_nd,8,-0.3207290866392629,0.4393267059204061
11,g012_trees_ne,8,-3.403884669411979,0.26721649238276807
11,g024_trees_ne,11,0.10935784872720933,0.6479598835723127
11,g025_grass_nat,9,-0.6341470545207049,-0.04273838560739124
11,g026_grass_nat,10,-1.6189409159764043,-0.8542822761457849
11,g029_trees_bd,9,-0.251361262730571,0.30965128732308816
11,g030_grass_nat,11,-1.4747785531723783,-0.48491282001248864
11,g031_grass_nat,10,-0.034261105332845654,0.523860425991612
11,g032_shrubs_bd,11,-0.6397450925726655,-0.19705483885433475
11,g033_grass_nat,11,0.1622133189145526,0.4132652088367279
11,g034_grass_man,11,-0.006531377439013442,0.24870331613074953
11,g035_grass_man,11,0.05776156338971805,0.35940710078373983
11,g036_trees_ne,10,0.2261004356543581,0.5861615410279565
11,g037_trees_be,11,0.04673546573113396,0.7804119268750196
11,g038_grass_nat,10,-0.15249648727673115,0.05371302685212762
11,g039_trees_be,10,-8.004494311388278,0.10980844006474608
11,g040_trees_be,10,-0.40326891689722943,0.45616640045390044
11,g042_grass_nat,11,0.02164239028623216,0.46210172390738385
11,g043_grass_man,11,-0.5559516870693471,0.24543973012112874
11,g044_grass_man,11,-0.028566860114253023,0.1252764293971125
11,g045_grass_nat,11,-0.3962885149164821,-0.028142091288218152
11,g046_grass_man,11,-0.0018413041060911794,0.6335893616811624
11,g047_trees_bd,11,0.08531448839302969,0.2964674670675404
11,g048_shrubs_bd,11,-0.9609464684373672,-0.2790348100651542
11,g049_trees_be,11,-0.3382972636408821,0.0695472086238777
11,g050_grass_nat,11,-0.24483649647651795,-0.23872282175746737
11,g051_shrubs_bd,11,0.01731573571685452,0.6211071074834578
11,g055_shrubs_bd,11,-0.3174945513153715,-0.06273553654802377
11,g057_grass_man,11,0.24795537511723686,0.5062401144652625
11,g058_shrubs_be,10,-0.37421117128059933,0.4471976435114418
11,g059_grass_man,11,-0.6497485996979784,-0.20978994048357186
11,g060_shrubs_be,8,-0.5090262911135908,-0.09870943480593085
11,g061_grass_nat,11,0.16057199510443187,0.6187335109394391
11,g062_grass_nat,10,-0.17353455002925688,0.16920742009484765
11,g063_shrubs_bd,11,-0.11364270923973874,0.23465638513078815
11,g064_shrubs_be,11,-0.30142144566052287,-0.4815067169741762
11,g065_shrubs_bd,11,0.5124105861080629,0.7406752221953232
11,g066_grass_nat,11,0.40159330819534134,0.6367176088030634
11,g067_grass_nat,11,-0.03302080592912526,0.51936569333675
11,g068_grass_nat,11,-0.3384634768793555,-0.13575415220144882
12,g012_trees_ne,9,-0.7793403370436445,-0.07731802578475713
12,g019_trees_bd,9,-0.6329046807112817,-0.6916550287604494
12,g022_grass_man,10,-0.20637246969581247,0.03750091412162335
12,g024_trees_ne,11,-0.3004186109626892,0.07389556675316811
12,g025_grass_nat,11,-0.2998127830303674,0.020713282199033154
12,g026_grass_nat,11,-1.2344845820172305,-0.13283679987924094
12,g029_trees_bd,8,0.055246608500635896,0.40924640339513246
12,g030_grass_nat,11,-2.301959268748967,-0.6053106202739944
12,g031_grass_nat,10,0.27615918216700275,0.5413896661712839
12,g032_shrubs_bd,11,-0.25130266062569007,0.24557395664244758
12,g033_grass_nat,11,-1.6081683976525154,-0.47868634367263574
12,g034_grass_man,11,-0.09862334151086616,0.14850078779716114
12,g035_grass_man,11,-0.30285030187006057,-0.026526879619094387
12,g036_trees_ne,10,-1.3675995952360562,-0.04294045170165464
12,g037_trees_be,10,-0.1188660011966618,0.3797680440992529
12,g038_grass_nat,8,-1.0282320827593474,-0.4304369381123956
12,g039_trees_be,11,-0.08867018590722986,0.07123955644983616
12,g040_trees_be,9,-0.8922565797660069,-0.16045973020203613
12,g042_grass_nat,11,-0.6213048688851721,0.14242758593681412
12,g043_grass_man,11,-0.20958082192833505,0.057443440652146315
12,g044_grass_man,11,-0.589129367990648,0.021816583098597735
12,g045_grass_nat,11,-0.33426999011623115,-0.04713772914670976
12,g046_grass_man,11,0.08071460146720422,0.393206852023093
12,g047_trees_bd,11,-0.18772312509263256,0.02975185323975355
12,g048_shrubs_bd,11,-0.5798009126014254,0.12384760490199964
12,g049_trees_be,11,-0.343185655099268,0.06458403534237638
12,g050_grass_nat,11,0.31625094538400844,0.9172583419522652
12,g051_shrubs_bd,11,0.0056300107337386995,0.31704040769585795
12,g054_trees_be,9,-0.5899502640899299,-0.4087079665829303
12,g055_shrubs_bd,11,-1.2628948181643835,-0.2770988464178563
12,g056_trees_bd,9,0.05240416284052862,0.3507204145334278
12,g057_grass_man,11,0.4356870261702708,0.6654512246352249
12,g058_shrubs_be,9,-0.3774185359976123,-0.3547103436599775
12,g059_grass_man,11,0.03761757189515236,0.20089922649494418
12,g060_shrubs_be,10,0.2105831120971473,0.6165797478067149
12,g061_grass_nat,11,-0.37074304313611073,-0.1036027468326002
12,g062_grass_nat,9,-0.6712504909077937,-0.19740729415578495
12,g063_shrubs_bd,11,0.368471927010406,0.6436529581907204
12,g064_shrubs_be,10,-0.29323710685607773,-0.34021055352972324
12,g065_shrubs_bd,11,0.49704175796507055,0.7151058004772436
12,g066_grass_nat,11,-0.13635389790897356,0.1856957724099649
12,g067_grass_nat,11,-0.29456254912318425,0.23744891781107658
12,g068_grass_nat,11,-0.10405382942492802,0.34547221001348266
13,g014_trees_ne,8,-0.2214607487968543,0.339208074219338
13,g019_trees_bd,8,-0.04649678458926987,0.338263791431153
13,g021_trees_bd,11,-4.173620171025822,0.52811786422026
13,g022_grass_man,11,-0.2957410620517438,0.23254214131312678
13,g024_trees_ne,11,0.06691112291746026,0.3398306002645827
13,g025_grass_nat,11,0.16608216340590132,0.49894651713565136
13,g026_grass_nat,11,-1.6710906895699194,0.17825659945000705
13,g029_trees_bd,9,-0.8422662009452839,0.1604477973395881
13,g030_grass_nat,10,-0.9709275901825483,-0.30902136396439894
13,g031_grass_nat,10,-7.047517499194305,-0.3891128864875014
13,g032_shrubs_bd,11,-0.12546714875401177,0.0697205825042763
13,g033_grass_nat,11,-0.24366865940698368,0.43592722133686324
13,g034_grass_man,11,0.007306148698633774,0.20395897828821657
13,g035_grass_man,11,-0.18875113275472089,0.10186697590003507
13,g036_trees_ne,10,0.1395728098914042,0.574823723422145
13,g037_trees_be,10,-0.52482163367,-0.2823346777238641
13,g038_grass_nat,10,-0.40289119937377316,-0.1911094666810827
13,g039_trees_be,11,-4.919861249456654,-0.3840347288709875
13,g040_trees_be,11,-0.509104424989488,0.41723538301987456
13,g042_grass_nat,11,-0.33253489486906607,0.24000657892146665
13,g043_grass_man,11,-0.2805284995796882,-0.08354355342084824
13,g044_grass_man,11,0.1520567025662385,0.3954277246974374
13,g045_grass_nat,11,-0.42093940029812127,-0.06840886751881031
13,g046_grass_man,10,-0.7351820086804357,-0.1303865106702737
13,g047_trees_bd,11,0.20210647542779625,0.7065074272766438
13,g048_shrubs_bd,11,-1.1911206334599966,-0.3354962367885832
13,g049_trees_be,11,0.01912922107390791,0.29161549519264096
13,g050_grass_nat,11,-0.44448298840500033,-0.3812784724235382
13,g051_shrubs_bd,11,0.44971115475832424,0.7037441542181728
13,g055_shrubs_bd,11,-0.4241885545849511,0.1616116226649543
13,g056_trees_bd,9,-0.12409670545440044,-0.06683660114451623
13,g057_grass_man,11,0.2375273170939073,0.6015742473275656
13,g058_shrubs_be,10,-5.723823044291148,-0.5052431233527582
13,g059_grass_man,10,-0.3118114442845319,-0.48470502918553426
13,g060_shrubs_be,11,0.23374044414276296,0.5031369143789404
13,g061_grass_nat,11,-0.10647720195183541,0.1109824547903269
13,g062_grass_nat,10,-0.06579013611726103,0.008978003685260453
13,g063_shrubs_bd,11,-0.16023255411452042,0.07632107236680398
13,g064_shrubs_be,10,-0.03362025333329144,0.07333908606014856
13,g065_shrubs_bd,11,0.6140038287320206,0.8246322013439763
13,g066_grass_nat,11,0.20655209419699672,0.4597175201163404
13,g067_grass_nat,11,0.3309861688336019,0.6209632598219863
13,g068_grass_nat,11,-0.3849739865609456,0.15401103254663856
13,g069_trees_nd,9,-0.3602461994003421,-0.38903677756541827
14,g012_trees_ne,9,-0.2070770611451882,0.6080790346594825
14,g013_grass_nat,9,-0.7489770126344226,0.4759530104618718
14,g014_trees_ne,10,0.10698439383744385,0.5784250988948743
14,g016_grass_nat,9,0.21279327187938024,0.6119524288901307
14,g019_trees_bd,10,0.2999799173600617,0.6419349040713702
14,g021_trees_bd,10,-23.725346820203423,0.3542705910867275
14,g022_grass_man,11,-1.3089553775128597,-0.694464016908793
14,g024_trees_ne,11,-0.5097591555605996,0.22629430254277005
14,g025_grass_nat,11,0.2757566277181045,0.7374683052716199
14,g026_grass_nat,11,-1.8065461053316398,-0.17004806316426666
14,g028_shrubs_ne,11,-0.02831708939504729,0.44434510668879357
14,g029_trees_bd,10,-0.312938345354121,0.05209470787957296
14,g030_grass_nat,10,-0.2865872890210477,0.2563686697052017
14,g031_grass_nat,11,-1.8144021131974868,0.06220091365567347
14,g032_shrubs_bd,11,0.04196405107090451,0.2501071742723735
14,g033_grass_nat,11,-1.127006260887097,0.12923470440361307
14,g034_grass_man,11,-0.4378155651420772,-0.023403060495340265
14,g035_grass_man,10,-0.6506243242144953,-0.04132857760587208
14,g036_trees_ne,10,-0.5504603583369634,0.32812539485272074
14,g037_trees_be,11,-0.2183907933920879,-0.08166624378384868
14,g038_grass_nat,9,-1.7729135394426478,0.04374908831644456
14,g039_trees_be,11,0.12545957058570678,0.4606506856474523
14,g040_trees_be,10,-0.41746662395203904,0.20327945033607747
14,g042_grass_nat,11,-0.410853717868112,0.14591952551884815
14,g043_grass_man,10,-0.013590784911719611,0.426940256343326
14,g044_grass_man,11,-0.5223570550350598,0.11064792086441698
14,g045_grass_nat,11,-0.19550836029270346,0.0882556835192583
14,g046_grass_man,10,0.23996586771562456,0.6053587022883034
14,g047_trees_bd,11,-0.24667679811052023,-0.020606827150011577
14,g048_shrubs_bd,11,-0.5500976123511896,-0.07739187878577836
14,g049_trees_be,11,-0.30168138937504607,0.1020430877397463
14,g050_grass_nat,11,0.07048819540453555,0.39336941228455
14,g051_shrubs_bd,10,0.7091099224194275,0.9032169255130458
14,g054_trees_be,8,-0.716165230426989,-0.5963461106216987
14,g055_shrubs_bd,11,0.4987311513713245,0.7695327584319125
14,g056_trees_bd,10,-0.3216018180824918,0.27235680130501816
14,g057_grass_man,11,0.13093179941977218,0.5343679666798027
14,g058_shrubs_be,10,-0.5886147884105832,-0.1337052618984956
14,g059_grass_man,11,-0.29351330010604837,-0.12831678717549433
14,g060_shrubs_be,11,-0.2601765326353329,0.328210854209652
14,g061_grass_nat,11,-1.5824876957031249,-0.14523962564602194
14,g062_grass_nat,11,-0.5123896110010278,-0.1836643089122885
14,g063_shrubs_bd,11,-0.20659509647119756,0.145626387267769
14,g064_shrubs_be,11,-0.1836529439518284,-0.010747309967344026
14,g065_shrubs_bd,11,0.4233562150238289,0.6809608989322079
14,g066_grass_nat,11,-0.22699741904035475,0.1586449575457544
14,g067_grass_nat,11,-0.3374823426525808,0.09673051789376991
14,g068_grass_nat,11,0.13287239174153853,0.4598909575887952
15,g012_trees_ne,11,-2.067992531136039,0.04024763548108128
15,g013_grass_nat,10,-0.33946941783022155,0.4361653680681288
15,g014_trees_ne,9,-0.23626067142009322,0.05855487757154308
15,g016_grass_nat,11,0.20290801030075134,0.4594009142526114
15,g019_trees_bd,10,-0.18383292476154978,-0.13565960311565603
15,g021_trees_bd,11,-18.644011741872408,-0.23511362766567667
15,g022_grass_man,11,-0.17578572406932413,0.34338342952399653
15,g024_trees_ne,11,-0.08568055576465894,0.35109432491935383
15,g025_grass_nat,11,-2.9800323851271426,0.1952819670414519
15,g026_grass_nat,11,-0.2296829705069594,0.11504956458931369
15,g027_grass_nat,11,-0.22985693372584914,0.1888523998899235
15,g028_shrubs_ne,8,0.24589026150326265,0.5824400080017472
15,g030_grass_nat,10,-0.3229623046360752,-0.17447848375543346
15,g031_grass_nat,11,0.6022387215413121,0.8484415233146546
15,g032_shrubs_bd,11,0.32409729825104505,0.5930374123568255
15,g033_grass_nat,11,-0.2784433606793506,0.09486642878216356
15,g034_grass_man,11,-0.1654280929303824,0.3593541869173054
15,g035_grass_man,11,-0.18409820892141582,-0.0802945194667614
15,g036_trees_ne,10,0.16769924747248766,0.6207329955292806
15,g037_trees_be,10,0.17237183487535335,0.6970477017661735
15,g039_trees_be,10,-0.13141407637111158,-0.5328993089652253
15,g042_grass_nat,11,-0.20831055811971555,0.19467937084843917
15,g043_grass_man,11,0.2983275408310315,0.7973250252901256
15,g044_grass_man,11,-2.1755316063082715,-0.3573888728440601
15,g045_grass_nat,11,-0.7507693940046098,-0.026270489471421327
15,g046_grass_man,11,-0.1877056045752583,0.3135876806885241
15,g047_trees_bd,11,-0.3830730223452026,-0.24992833994426675
15,g048_shrubs_bd,11,-0.0893658392378216,0.3584271063787935
15,g049_trees_be,9,-0.09607318099731565,0.3067501362901049
15,g050_grass_nat,10,0.09010416029820068,0.33015998279388425
15,g051_shrubs_bd,11,-0.09114704800621931,0.3711049342462071
15,g054_trees_be,9,-0.5151923802184197,-0.101426895344921
15,g055_shrubs_bd,11,0.022954306624550336,0.3788717783548296
15,g056_trees_bd,10,-0.36425464796719265,-0.531151362541295
15,g057_grass_man,11,0.20476606402955055,0.512538809191575
15,g058_shrubs_be,9,-0.4209002245520619,-0.282429629453332
15,g059_grass_man,11,-0.3558864793320502,-0.06718939414744547
15,g060_shrubs_be,11,-0.7542356183720873,-0.7055885777358852
15,g061_grass_nat,11,-0.3246719465562855,-0.11141995606519571
15,g062_grass_nat,9,-0.036953923895158614,0.1273139298100337
15,g063_shrubs_bd,11,-0.3244194857571272,0.0349361874498967
15,g064_shrubs_be,11,-0.9027994555091212,-0.027076083316711488
15,g065_shrubs_bd,11,0.6023862135115274,0.7896905900311761
15,g066_grass_nat,11,0.02071463530831763,0.5252869952008317
15,g067_grass_nat,11,0.5655380162440297,0.8083204752207895
15,g068_grass_nat,11,0.10303911607290095,0.34957942797445446
16,g009_grass_nat,10,-0.5869453215812108,0.15799930544194773
16,g013_grass_nat,11,-3.4069555135823606,-0.3114691224502922
16,g014_trees_ne,11,-0.4554308062250141,0.16498267422009508
16,g015_trees_nd,8,-0.2805478457924908,0.8301480380619358
16,g016_grass_nat,11,-0.18026437917123483,0.23774818641423162
16,g019_trees_bd,11,-0.790044171594932,0.31186134456065095
16,g020_trees_ne,10,0.010821217248743853,0.5425633588894272
16,g021_trees_bd,11,-15.284570453873979,-0.2625625802678592
16,g022_grass_man,11,-0.224932172257156,0.27817612617412485
16,g024_trees_ne,11,-0.2179788498974633,-0.04805386033670258
16,g025_grass_nat,10,0.4453340241932867,0.7013710125728779
16,g026_grass_nat,11,-0.35146066292604417,0.08015439293287098
16,g027_grass_nat,11,-0.2157149972091439,0.06067465795876446
16,g028_shrubs_ne,10,-0.10941769586641881,0.19208553617986635
16,g030_grass_nat,8,-0.47342586729570946,-0.7746390021002733
16,g031_grass_nat,11,-0.9617700628779462,0.0543485016518998
16,g032_shrubs_bd,11,0.05860347564995616,0.25336765665624533
16,g033_grass_nat,11,-0.2573290967373356,0.1930099268586889
16,g034_grass_man,11,0.3739963620009996,0.6718411485850069
16,g035_grass_man,11,-0.6336275682207269,-0.10174271590786688
16,g036_trees_ne,9,-0.48495437759883764,0.3144405909680124
16,g037_trees_be,10,0.09739892169748277,0.3542179488520195
16,g038_grass_nat,8,0.24024400634143295,0.509529152083491
16,g039_trees_be,10,-0.12190086966172364,0.05134144159742008
16,g042_grass_nat,11,0.04185189295522751,0.4526437802651107
16,g043_grass_man,10,-0.1315740520123736,0.18388233725334177
16,g044_grass_man,11,-1.3532769697646638,-0.26525936318553417
16,g045_grass_nat,11,-0.4926077620405833,0.01639138054506705
16,g046_grass_man,11,-0.27138511605083426,-0.4839288637405081
16,g047_trees_bd,11,-0.14941151612797965,-0.39493251868166906
16,g048_shrubs_bd,11,0.08034822108908446,0.37733861016363923
16,g049_trees_be,9,-0.40170884395475115,0.02836793826174963
16,g050_grass_nat,10,0.019429800101504413,0.18652997337268304
16,g051_shrubs_bd,11,-1.1072327762763488,-0.4746402276593076
16,g054_trees_be,8,-0.4394878555493731,-0.3800958284434299
16,g055_shrubs_bd,11,0.33881764027963357,0.6515741387610197
16,g056_trees_bd,8,-0.15703899785528952,0.25766330191185965
16,g057_grass_man,11,-0.1830531097518573,0.18004791501147224
16,g058_shrubs_be,11,-0.1899334942732549,0.0020916907635906805
16,g059_grass_man,11,0.3714784059664321,0.6636142364352251
16,g060_shrubs_be,11,0.13899779425512648,0.4591581274981767
16,g061_grass_nat,11,-0.4553311994236531,-0.21554358091280765
16,g062_grass_nat,11,0.25330568569410816,0.5693170367901784
16,g063_shrubs_bd,11,-0.775107562935154,0.19326581491138883
16,g064_shrubs_be,11,-0.476301319520829,-0.32372938773026433
16,g065_shrubs_bd,11,0.08697628076741282,0.8115842244849184
16,g066_grass_nat,11,-0.695116347678012,0.2327135062271057
16,g067_grass_nat,11,-0.25306719169496983,0.2815460342012932
16,g068_grass_nat,10,-0.16988140007583286,0.0489308615791867
17,g008_grass_nat,11,-0.838789193646607,-0.14643626408741647
17,g009_grass_nat,11,-0.11591777340355547,0.48837983574013677
17,g012_trees_ne,8,-0.41922726144242106,0.17491271889852567
17,g013_grass_nat,11,-2.2764845803761617,-0.021155056808053983
17,g014_trees_ne,11,-1.2044802708324118,0.42229605790576014
17,g015_trees_nd,10,-1.0162768092034256,0.5506486730450917
17,g016_grass_nat,11,-2.078480181783835,0.2709681316292956
17,g017_shrubs_nd,11,-0.6187868186177328,-0.36864650218753753
17,g019_trees_bd,11,-3.4489717831224898,0.14035594662644446
17,g020_trees_ne,10,-0.5844844889740266,0.24571470220676525
17,g021_trees_bd,11,-2.3944880537658695,0.2867308428213446
17,g022_grass_man,11,-0.13974900345032548,0.5878775022821633
17,g023_grass_nat,9,0.09871305281853249,0.5682302812708473
17,g024_trees_ne,10,0.13676709648833218,0.49511047795765345
17,g025_grass_nat,11,0.04752178731548551,0.4063217537586255
17,g026_grass_nat,11,-0.3039942073893127,0.12920933658636938
17,g027_grass_nat,11,-0.3752525207197652,0.34840058587730033
17,g028_shrubs_ne,11,0.1288578456067776,0.48585165995587576
17,g030_grass_nat,9,-0.07157500028315833,-0.006967285979067906
17,g031_grass_nat,11,-2.553035488401551,0.4872811373001572
17,g032_shrubs_bd,11,-0.18666606287692278,-0.07252254629820593
17,g033_grass_nat,11,-0.41054013875756357,-0.08032019294105622
17,g034_grass_man,11,-0.5904683298102078,-0.02272650120773366
17,g035_grass_man,11,-1.5523549358965307,-0.3451293901605066
17,g036_trees_ne,10,0.081758926204068,0.40939932870280843
17,g037_trees_be,11,-0.3563333311034471,-0.20987066708757446
17,g039_trees_be,11,-0.06382962845042228,0.05035841636136134
17,g040_trees_be,8,-0.43650222787493176,-0.07452867724289787
17,g042_grass_nat,11,-0.5615081062273162,-0.07307760232758767
17,g043_grass_man,11,-0.06315331422398596,0.384270108719987
17,g044_grass_man,11,0.0773463470917024,0.2800577874231941
17,g045_grass_nat,11,0.3659798636027548,0.6517192303185116
17,g046_grass_man,11,-0.2754459580549953,-0.26199571136653876
17,g047_trees_bd,11,-0.8521380176210269,-0.3070473680377071
17,g048_shrubs_bd,11,-0.22954147031354788,-0.15699568120908378
17,g049_trees_be,10,0.04771492365453056,0.5405507231740083
17,g050_grass_nat,11,-0.1978826728283989,-0.015856622708739384
17,g051_shrubs_bd,11,0.022864214355181156,0.27518731969246135
17,g054_trees_be,8,0.04883077157759386,0.283307403689142
17,g055_shrubs_bd,11,-0.4750540143354598,0.13353386816325766
17,g056_trees_bd,8,-0.05001792990047971,0.160510182718155
17,g057_grass_man,11,0.29779123767432314,0.6411482652382234
17,g058_shrubs_be,11,-0.25234526802999424,-0.21743587241688966
17,g059_grass_man,11,-0.10856375368791049,-0.002415929460799344
17,g060_shrubs_be,11,0.08431549664751392,0.6163353839558808
17,g061_grass_nat,11,-0.130190564630013,0.2876607637886138
17,g062_grass_nat,11,-0.10751200388104842,0.10984567378127219
17,g063_shrubs_bd,11,-0.08256445200386153,0.32409249166683346
17,g064_shrubs_be,11,-2.015935113587751,-0.3499233095878844
17,g065_shrubs_bd,11,0.03524963639809875,0.3328512700004828
17,g066_grass_nat,11,0.21856577314626402,0.595763309112021
17,g067_grass_nat,11,-0.22206162633604798,0.22179528077921146
17,g068_grass_nat,11,-0.24485469496737178,-0.32204148523555454
18,g005_grass_nat,9,0.507502014913302,0.8616055009433691
18,g008_grass_nat,11,-0.540372003227173,-0.06831960450179031
18,g009_grass_nat,11,0.020967550322321893,0.5270352901829463
18,g012_trees_ne,9,0.38565494461978833,0.6326545066864375
18,g013_grass_nat,11,-3.082287215934527,-0.4237501667396927
18,g014_trees_ne,11,0.039145594803565165,0.3482012499496972
18,g015_trees_nd,11,-0.3203044072997012,0.5142036989643154
18,g016_grass_nat,11,0.427100172007703,0.6809737060868054
18,g017_shrubs_nd,11,-0.7645688663056078,-0.1612360284768297
18,g019_trees_bd,11,-0.046071651004470526,0.3353041313891958
18,g020_trees_ne,11,-1.4916173733746976,0.22166767142686145
18,g021_trees_bd,11,-0.8430167011016447,0.2545888924038657
18,g022_grass_man,11,0.08106481518893682,0.5328837539752593
18,g023_grass_nat,11,-0.022022256146373653,0.5552518189988134
18,g024_trees_ne,11,-0.22726022825750603,0.1969664298971148
18,g025_grass_nat,11,-0.23542754698031554,0.3539629966646513
18,g026_grass_nat,11,-0.2044092794197092,0.0022459150026134457
18,g027_grass_nat,11,-1.1551427402465295,-0.4928206532561374
18,g028_shrubs_ne,11,0.03527684318630264,0.34615212950329954
18,g029_trees_bd,9,-0.030037069953008144,0.10428972314215622
18,g030_grass_nat,8,-0.7230688091630035,-0.06873473541464295
18,g031_grass_nat,10,-0.800940128659926,-0.012850751933044306
18,g032_shrubs_bd,11,-0.03452356178272109,0.15919706696810568
18,g033_grass_nat,11,-0.7764993961908679,0.44122470335689307
18,g034_grass_man,11,-0.3342610192191533,-0.19357213671571125
18,g035_grass_man,11,-2.4787433416481246,-0.005499417450349507
18,g037_trees_be,11,-0.09954389232307226,0.031654383281103246
18,g039_trees_be,9,-0.48016259014675367,-0.11775129183605276
18,g040_trees_be,9,-0.15241078994459434,0.15140282108357808
18,g042_grass_nat,11,-0.5741900301703191,0.3235625533761691
18,g043_grass_man,9,-0.17692242942634473,0.3731710680532945
18,g044_grass_man,11,0.08192819132598395,0.5813065418954139
18,g045_grass_nat,11,-0.07304429978164029,0.13145129030546077
18,g046_grass_man,11,-0.35860365796198734,0.49607870343084937
18,g047_trees_bd,11,-0.10425863110337907,0.07358792069638692
18,g048_shrubs_bd,11,-0.12122021820389128,0.08335483404999794
18,g049_trees_be,10,-0.18734946858534274,0.5758823682562061
18,g050_grass_nat,8,0.2885272821498095,0.6756781625485208
18,g051_shrubs_bd,10,-0.1337670665409747,0.05304383240561435
18,g054_trees_be,8,-0.1553661593060769,-0.2797430527971289
18,g055_shrubs_bd,11,-1.0250485367265054,-0.5804483442748682
18,g056_trees_bd,9,-1.348650321338238,0.18504878370954644
18,g057_grass_man,11,0.22596612537704885,0.511502838623227
18,g058_shrubs_be,11,0.021374641858774135,0.33067634528223616
18,g059_grass_man,11,-1.1770566463598993,-0.3853429359719401
18,g060_shrubs_be,11,-0.08862464508299661,0.22715224727728892
18,g061_grass_nat,11,-0.43765391386437,0.10678249747170465
18,g062_grass_nat,9,-0.12851808210487858,0.1875732082695674
18,g063_shrubs_bd,11,0.26234085252041683,0.5983919155701177
18,g064_shrubs_be,11,-0.28678067887301273,-0.29385976055292
18,g065_shrubs_bd,11,0.1391326406286465,0.4329976926298033
18,g066_grass_nat,11,0.06570942849855677,0.3178656410082426
18,g067_grass_nat,11,-0.5958813604491948,-0.08471267935375551
18,g068_grass_nat,11,-0.2589537173560801,-0.17545672152078481
19,g005_grass_nat,11,0.8276244731430603,0.9157896294519541
19,g008_grass_nat,11,-1.1077599559449842,-0.18589591341729778
19,g009_grass_nat,11,-0.23922202135004333,0.580316022501022
19,g012_trees_ne,8,-2.2127907116820347,-0.11255223525393772
19,g013_grass_nat,11,-0.5954508034324595,0.014396420184688431
19,g014_trees_ne,11,0.30874209159036914,0.5919367551226163
19,g015_trees_nd,11,0.4599655629223882,0.7531336315740085
19,g016_grass_nat,11,0.3118747575118582,0.560501915844522
19,g017_shrubs_nd,11,-0.9283118048261716,0.47668590586571025
19,g018_trees_bd,10,-0.6053755728421719,0.39107889621643727
19,g019_trees_bd,11,-0.09525779543026824,0.5174119081138328
19,g020_trees_ne,11,-0.1307707449297928,0.02165335905386332
19,g021_trees_bd,11,-0.5779959553960279,0.04382164072627377
19,g022_grass_man,11,-0.154491569245353,0.46214597837004895
19,g023_grass_nat,11,-0.24841209143117582,0.5279302298819198
19,g024_trees_ne,10,-0.8264620647403764,-0.35327418615844597
19,g025_grass_nat,11,-0.3103617786270385,0.1982817617554832
19,g026_grass_nat,11,-0.4549583917863622,-0.19280135543364568
19,g027_grass_nat,11,-0.3894457878820794,-0.29320403864444544
19,g028_shrubs_ne,11,0.29173905166231795,0.5412473972751191
19,g029_trees_bd,10,0.18037459571541825,0.5158190479418108
19,g030_grass_nat,11,0.1414414530698419,0.5369084302475536
19,g031_grass_nat,9,-0.8426637970740429,-0.08009466700100952
19,g032_shrubs_bd,11,-0.09406065242006068,0.2593741812697589
19,g033_grass_nat,11,-1.07438593783258,0.1747187234177352
19,g034_grass_man,11,-0.9204971683821981,-0.3444211569688171
19,g035_grass_man,11,-2.443475114326762,-0.27534155694423385
19,g037_trees_be,11,0.07398834632829254,0.32778911369320596
19,g039_trees_be,8,-0.126565796712931,0.42462311977268224
19,g042_grass_nat,11,-0.945354409030589,-0.03553481485522373
19,g044_grass_man,11,0.0513697703273589,0.24311260210265337
19,g045_grass_nat,11,-0.19930231793515918,0.043885427451390756
19,g046_grass_man,11,0.15599315769042965,0.5416270323549291
19,g047_trees_bd,11,0.002161499767190267,0.5374587406064629
19,g048_shrubs_bd,11,-0.23186667184332976,-0.0731736869206725
19,g049_trees_be,9,0.09558162568892781,0.4162759177876125
19,g050_grass_nat,11,-0.23223083287296475,-0.1652931318857402
19,g051_shrubs_bd,11,-0.13610008322428513,-0.03384790902709447
19,g054_trees_be,9,-0.5852891613797961,-0.04074932080624483
19,g055_shrubs_bd,11,-0.14593267069578109,0.22474991341638953
19,g057_grass_man,11,-0.4977287056513524,0.021182636838978593
19,g058_shrubs_be,11,0.3243830507958827,0.570348711855522
19,g059_grass_man,11,-1.975350253142917,-0.2321682467477663
19,g060_shrubs_be,11,-0.23073698620357197,-0.5360935322329641
19,g061_grass_nat,11,-0.23009062080118037,0.013874909484184546
19,g062_grass_nat,11,0.19585811221252802,0.5942604546624661
19,g063_shrubs_bd,11,-0.06954117847201391,0.39191616163464515
19,g064_shrubs_be,10,0.29167479918683137,0.5588361321916482
19,g065_shrubs_bd,11,-0.23125644793375622,0.6481632907181986
19,g066_grass_nat,11,0.045642296535249205,0.37658754343165757
19,g067_grass_nat,11,-0.360553378681016,-0.04842505411329054
19,g068_grass_nat,10,-0.23416807694713726,-0.3337897347115567
20,g004_grass_nat,9,-0.3054525978094047,0.09897333263122385
20,g005_grass_nat,11,0.31613660920662334,0.6662383917499285
20,g006_trees_ne,9,0.5655161985777977,0.8269977653693127
20,g007_shrubs_ne,10,0.21371579818265207,0.5119658832124149
20,g008_grass_nat,11,-0.6892328775751047,-0.20867110361220698
20,g009_grass_nat,11,-0.24940472502863376,0.17817535476835303
20,g011_shrubs_ne,8,0.06355112759276393,0.5080035085305536
20,g012_trees_ne,9,-0.3539368141534551,0.5285672856449489
20,g013_grass_nat,11,0.23254474633840594,0.4947932489578715
20,g014_trees_ne,10,-1.401234051535138,-0.4470067671933284
20,g015_trees_nd,9,0.585038502721857,0.8172768955332361
20,g016_grass_nat,11,0.32301624135182694,0.5866827583668025
20,g017_shrubs_nd,11,0.1152307089673299,0.5692330086163758
20,g018_trees_bd,10,0.22055170948183367,0.5334786252557128
20,g019_trees_bd,11,-0.9724932686385672,-0.31390783251555326
20,g020_trees_ne,10,0.10622478129122226,0.3886049242766125
20,g021_trees_bd,10,0.12322715000531237,0.3677044933655146
20,g022_grass_man,11,-0.43910400031762564,0.007553753102510221
20,g023_grass_nat,11,-5.564410182022015,0.4591814872053581
20,g024_trees_ne,11,0.054236131371660945,0.32937997762761956
20,g025_grass_nat,11,0.2028715296913972,0.4887263264412114
20,g026_grass_nat,11,-0.3083202590359193,0.1535326585361998
20,g027_grass_nat,11,-0.10882451101412993,0.2973678191892512
20,g028_shrubs_ne,10,-0.5893989853928938,-0.09482286457544109
20,g030_grass_nat,10,0.03261702136209499,0.5371741716909736
20,g032_shrubs_bd,11,0.004078242295609935,0.40523235842012895
20,g033_grass_nat,11,-0.3072020115183145,0.3135835709012028
20,g034_grass_man,11,-0.17129689985728414,0.26140918591774975
20,g035_grass_man,11,-0.10077348017025112,0.6694837865544216
20,g037_trees_be,11,-0.36986096878391583,0.07549045901054653
20,g042_grass_nat,11,-6.439487103998094,-0.3973541255400461
20,g044_grass_man,11,0.3209418825997863,0.5833114525772702
20,g045_grass_nat,11,-0.26025065645255707,0.036317276164887224
20,g046_grass_man,11,-0.14602713325349947,0.4994455176021601
20,g047_trees_bd,11,-0.4001511832569349,-0.1278539007379063
20,g048_shrubs_bd,11,-0.0357196689398358,0.2353316036173413
20,g050_grass_nat,10,-0.03397974749039823,0.02571863935878723
20,g051_shrubs_bd,11,0.08466769464465707,0.36234776033846156
20,g054_trees_be,10,-0.2115111416459503,-0.3073377073200196
20,g055_shrubs_bd,11,0.06258562390893607,0.42391847431601576
20,g056_trees_bd,9,-0.4830011705485684,-0.18273245833834775
20,g057_grass_man,11,-0.25757529116361577,0.1583118952002178
20,g058_shrubs_be,11,0.5463438465470881,0.8126880714747333
20,g059_grass_man,11,-0.09387212498177777,0.03511137872481972
20,g060_shrubs_be,11,-0.3347993102254667,0.02678555929182095
20,g061_grass_nat,11,0.19988490242080792,0.5039486707649442
20,g062_grass_nat,11,-0.07158548461615122,0.2710394198448853
20,g063_shrubs_bd,11,0.12532315789155846,0.47350436061437634
20,g064_shrubs_be,11,-0.16864289396427923,-0.0339131708761978
20,g065_shrubs_bd,11,-0.5945053865483507,0.31293732684688325
20,g066_grass_nat,11,0.39978287372544097,0.6420296628758548
20,g067_grass_nat,11,0.12221205953167813,0.620597341674001
20,g068_grass_nat,10,0.1520296186153095,0.4580040149965015
21,g002_grass_nat,8,-44.950897233193466,0.4302346740217408
21,g004_grass_nat,10,-0.005400113895786207,0.6770269575386955
21,g005_grass_nat,11,0.3512892915792304,0.6808656686742468
21,g006_trees_ne,9,0.03867961894346983,0.45512757167873236
21,g007_shrubs_ne,8,-0.51947971974401,-0.02777766676663805
21,g008_grass_nat,11,-0.658897824473134,0.3316099027782316
21,g009_grass_nat,11,0.08351058006197232,0.41529602377219693
21,g010_shrubs_nd,11,-0.015003427957285043,0.6717270358613103
21,g011_shrubs_ne,10,0.530481832083878,0.7515441160025087
21,g012_trees_ne,8,0.22330892846481465,0.5939451507748933
21,g013_grass_nat,10,-0.31505565390044543,0.26705254085992686
21,g014_trees_ne,9,-0.44601666208860236,0.3000762607766676
21,g015_trees_nd,11,0.02677923446254804,0.40765846229138736
21,g016_grass_nat,11,0.46977455316940553,0.6974556855842865
21,g017_shrubs_nd,11,-0.3584714446597932,0.17099063663770728
21,g018_trees_bd,10,-0.3255598983450403,0.6230489882539832
21,g019_trees_bd,10,0.523918113699614,0.7311935600633429
21,g020_trees_ne,9,-0.36033053796160663,0.1918630707540953
21,g021_trees_bd,10,-0.12428444205307332,0.08234794371486896
21,g022_grass_man,11,-0.20532627678167725,0.3537185771328917
21,g023_grass_nat,11,-0.4635690648411699,0.46559111117893315
21,g024_trees_ne,10,0.0849246909669954,0.85793748570709
21,g025_grass_nat,10,-0.10800593090643607,0.3722283459389188
21,g026_grass_nat,11,-0.31991801631078864,0.22265717189396755
21,g027_grass_nat,8,-0.8382609864336743,0.4980461563798686
21,g028_shrubs_ne,11,-0.614227050063979,0.010795853180469524
21,g030_grass_nat,9,-0.039066036007304294,0.06379108431463396
21,g032_shrubs_bd,11,-0.071593161878994,0.08932476788810437
21,g033_grass_nat,11,-0.03367551578037409,0.24975237375382991
21,g034_grass_man,11,-0.007050588614396336,0.2697894948764546
21,g035_grass_man,11,0.4284525948983733,0.6856918985809548
21,g037_trees_be,11,-0.3293740127429232,-0.3170541072728848
21,g042_grass_nat,11,-0.6365089301383904,0.34844547301907197
21,g044_grass_man,11,-0.06812809072187886,0.1206411681017675
21,g045_grass_nat,11,-0.12098909104054334,-0.07140758010895627
21,g046_grass_man,10,0.18765980674634664,0.49982952280081017
21,g047_trees_bd,10,-0.19426170823573852,0.06592568496695972
21,g048_shrubs_bd,11,-0.19575347911897856,0.31136133308516295
21,g049_trees_be,9,0.05664106534222746,0.33319472724071947
21,g050_grass_nat,10,-0.418951436629168,-0.25538789507894394
21,g051_shrubs_bd,10,-0.5704955098776487,-0.5527889719917711
21,g054_trees_be,10,-0.12308946555834144,-0.35369755454059637
21,g055_shrubs_bd,11,-0.2796488496736269,0.3109079654602486
21,g056_trees_bd,9,0.07455824150376789,0.5138671740110388
21,g057_grass_man,11,-0.22971252019777033,0.16802668092692832
21,g058_shrubs_be,11,-0.8447120743808849,0.2554136268419916
21,g059_grass_man,11,-0.06991191578009137,0.40613531033286204
21,g060_shrubs_be,11,-0.2727756502969074,0.40147007047888916
21,g061_grass_nat,11,0.01418407893295126,0.3226808476302848
21,g062_grass_nat,11,0.1103866552013052,0.5991007456585009
21,g063_shrubs_bd,11,-0.049870457040714244,0.2010099682113703
21,g064_shrubs_be,11,-0.11013971853880822,0.04223830378042078
21,g065_shrubs_bd,11,-0.1513042059990375,0.15879456216334872
21,g066_grass_nat,11,0.5198025856307278,0.7435564320640476
21,g067_grass_nat,11,-0.1436540219310627,0.017999148238884762
21,g068_grass_nat,11,-0.05200244880837168,0.08978273086196267
22,g001_shrubs_nd,10,-1.0036019575495603,0.620032630162407
22,g002_grass_nat,8,0.1608903677846133,0.699416727057489
22,g004_grass_nat,8,-0.08022265592906308,0.13959105824809345
22,g005_grass_nat,11,0.17305299799348195,0.7276555889733523
22,g006_trees_ne,9,0.21710208723214774,0.51651719054416
22,g007_shrubs_ne,9,-0.07083591220599206,0.3275035129862201
22,g008_grass_nat,11,-0.07854021090014518,0.6600454499723896
22,g009_grass_nat,11,-0.3352264980601496,0.28860117653768275
22,g010_shrubs_nd,10,-0.5819478413848949,0.34586483710825655
22,g011_shrubs_ne,11,0.182341724827369,0.5141713682301998
22,g013_grass_nat,9,-0.23816599879148503,-0.30952447697937
22,g014_trees_ne,8,0.20473896060424224,0.5357496770416377
22,g015_trees_nd,11,-0.21384385650662008,0.6561881746151794
22,g016_grass_nat,11,-1.431476222556864,0.6541374284909821
22,g017_shrubs_nd,11,-0.30301189319568667,0.053796438347355514
22,g018_trees_bd,11,-0.016717993995783553,0.12385331668724331
22,g019_trees_bd,9,-0.9261410953334186,-0.18266247100408564
22,g020_trees_ne,8,-0.7456670209672405,-0.6100699265739123
22,g021_trees_bd,10,0.04589230833593083,0.43461725343918506
22,g022_grass_man,11,-0.11460869780947691,0.10651420310310775
22,g023_grass_nat,11,-0.8645181397502155,-0.042132645117800537
22,g024_trees_ne,10,0.15704611012931646,0.6456960701640067
22,g025_grass_nat,11,-0.1995867226370951,-0.10129723694358844
22,g026_grass_nat,11,-1.146785280672189,0.01645298782595056
22,g028_shrubs_ne,11,-0.390359452026636,-0.022343056554114362
22,g030_grass_nat,10,-2.3031558477218783,0.2536016762306705
22,g032_shrubs_bd,11,-0.5008709089233263,-0.10104501412244699
22,g033_grass_nat,11,-0.8386258162564806,-0.10048007532013266
22,g034_grass_man,10,0.4043045140554169,0.7341667405476291
22,g035_grass_man,11,-0.0729006293204828,0.5727547453888674
22,g037_trees_be,10,0.036481458562077296,0.2025956702659388
22,g042_grass_nat,11,-0.9299495243918405,-0.32811385202313315
22,g044_grass_man,10,-0.21214529532390358,-0.016388982474599932
22,g045_grass_nat,11,0.039157987907241565,0.5085575502019308
22,g046_grass_man,11,0.10227861767867863,0.4210357477392435
22,g047_trees_bd,10,-0.807272757669008,-0.4600792284001632
22,g048_shrubs_bd,9,-0.05890199679277197,0.0852525883702135
22,g050_grass_nat,9,-0.10687315241287365,0.07820551096044359
22,g051_shrubs_bd,8,-0.33116313594205127,-0.2837687566512278
22,g054_trees_be,10,-0.08516944010542216,-0.0016630372695988164
22,g055_shrubs_bd,11,0.1950320217605075,0.5952169784878224
22,g056_trees_bd,9,-0.13245906715713596,-0.030583031272405546
22,g057_grass_man,11,-0.1412777352826664,-0.0034671303703042223
22,g058_shrubs_be,11,0.7070356109114748,0.9174456073834746
22,g059_grass_man,11,-0.9666941382720367,-0.0403487912486871
22,g060_shrubs_be,11,-0.4786079373212144,-0.4662841720589825
22,g061_grass_nat,11,-0.8866865138085722,-0.09535030478556798
22,g062_grass_nat,11,-0.13829463639071826,0.10770842341127833
22,g063_shrubs_bd,11,0.12002397825376665,0.5012395985753636
22,g064_shrubs_be,10,0.07870479919135343,0.2882465909183592
22,g065_shrubs_bd,11,0.04490057178416862,0.4854025908099592
22,g066_grass_nat,11,0.472779830565181,0.6919980599146025
22,g067_grass_nat,11,-0.19509873124740773,0.18258420284726007
22,g068_grass_nat,10,-0.4488925803095887,-0.1280941288035847
23,g002_grass_nat,9,0.10735929774252506,0.7119806196098315
23,g003_grass_man,9,-0.7217317199937561,0.12747766061177898
23,g004_grass_nat,10,0.3168085890613832,0.5967563533981661
23,g005_grass_nat,11,0.3791222588187688,0.6224063823633613
23,g006_trees_ne,10,-0.9187427442464919,-0.062039939734576
23,g007_shrubs_ne,9,-0.09341198794858108,0.40014178699181774
23,g008_grass_nat,11,-1.2815933169125584,-0.3644013014452973
23,g009_grass_nat,11,0.2823143958019767,0.5675164375354187
23,g010_shrubs_nd,10,0.0675655516739534,0.28074408246964117
23,g011_shrubs_ne,11,-0.015645872317957554,0.4590118770901252
23,g012_trees_ne,10,-0.3718716364451826,-0.05590849571057106
23,g014_trees_ne,9,-0.13087660464702466,0.026704109265225328
23,g015_trees_nd,10,-0.39071026006527343,-0.187027017768007
23,g016_grass_nat,11,-0.14080147228461715,0.03752905818173817
23,g017_shrubs_nd,11,-0.4566542903641666,0.15283799106809337
23,g018_trees_bd,11,0.12491037719220444,0.3871596585809684
23,g019_trees_bd,11,-0.2689309511554996,-0.02551224890759967
23,g020_trees_ne,11,-0.6382867933026488,-0.396781474204968
23,g021_trees_bd,9,-0.024356241298757686,0.058951834422744674
23,g022_grass_man,11,-0.13594279951781707,0.052647686432405076
23,g023_grass_nat,11,0.3264188520702981,0.6784084340855842
23,g024_trees_ne,10,-0.12790135357281796,0.0828103728805486
23,g025_grass_nat,11,0.23516863723354375,0.4923857219555783
23,g026_grass_nat,11,-0.5599130056680759,0.2212436838129751
23,g027_grass_nat,11,-0.3251091906305863,0.22418822931177704
23,g028_shrubs_ne,11,-0.06977785355454169,0.3205191968537707
23,g030_grass_nat,11,0.17156209985302007,0.4145690075628136
23,g032_shrubs_bd,11,-0.09664636055347575,0.3512591894106471
23,g033_grass_nat,11,-0.21352558932517596,-0.249700957427317
23,g034_grass_man,8,-0.11006443581865555,0.18592977669209784
23,g035_grass_man,10,-1.1407931193922698,0.4198911504534669
23,g037_trees_be,9,-0.3427549156176066,0.06858945793966052
23,g040_trees_be,8,-1.8553253691663905,-0.2917931899681013
23,g042_grass_nat,11,0.12436359927160778,0.5432595538967472
23,g044_grass_man,10,-1.0083152871689092,-0.05828009969217275
23,g045_grass_nat,11,-0.30322813675810734,0.21831871268516911
23,g046_grass_man,11,-0.08788161348629098,0.00831186947293224
23,g047_trees_bd,11,-0.15802227580650974,0.22784924658407313
23,g048_shrubs_bd,9,0.2830686705716692,0.5359751810998847
23,g050_grass_nat,11,-0.3440447651903913,0.09142525029025927
23,g051_shrubs_bd,8,-0.5331506761779743,-0.524717238708188
23,g054_trees_be,9,-5.23146651130294,0.006852577724607828
23,g055_shrubs_bd,10,0.1838384272828708,0.5471358705709068
23,g056_trees_bd,9,-0.6308889857622075,-0.25294514285420383
23,g057_grass_man,11,-0.2455900533879436,-0.18217673472279244
23,g058_shrubs_be,11,0.6635432161742139,0.882415148009412
23,g059_grass_man,11,-0.18846655811240942,-0.049519440945237254
23,g060_shrubs_be,11,-0.24977556599531936,-0.023323172655078234
23,g061_grass_nat,11,-0.18081758019610028,0.06449890605906809
23,g062_grass_nat,11,0.21720815669386173,0.5210425752888143
23,g063_shrubs_bd,11,-0.010716277010079933,0.09507666249657772
23,g064_shrubs_be,11,-0.3608907126176297,0.16463874145827526
23,g065_shrubs_bd,11,-0.01804044223924195,0.3386472216000995
23,g066_grass_nat,11,0.02530361489269195,0.40506673848626706
23,g067_grass_nat,11,-0.3514610721652631,0.09467181680282917
23,g068_grass_nat,8,-0.1340010687972759,0.06976506883888779
24,g001_shrubs_nd,9,-0.34475256170717583,0.3793715724604664
24,g002_grass_nat,11,0.3395567531134771,0.6278586592248983
24,g004_grass_nat,11,-0.13020770911696355,0.1316295814057765
24,g005_grass_nat,11,-0.1641832960684726,0.3061111685329401
24,g006_trees_ne,8,-1.0462294809298505,-0.20507616225682812
24,g007_shrubs_ne,11,-0.3840147982939899,-0.23210835628289464
24,g008_grass_nat,10,-0.121188607317406,0.03804694150886413
24,g009_grass_nat,11,0.1604984556955772,0.4968480106707761
24,g010_shrubs_nd,10,0.17953449072765781,0.5136905463820489
24,g011_shrubs_ne,11,-1.2905828505397006,-0.36981597966979823
24,g014_trees_ne,10,-0.7918581592607399,-0.472336411159396
24,g015_trees_nd,9,-0.40826498703629843,0.06991401931284902
24,g016_grass_nat,10,0.07049741632029738,0.27320603987854447
24,g017_shrubs_nd,10,-0.2233038154320246,-0.35812457141731774
24,g018_trees_bd,11,-0.021311908545287972,0.09593882773345074
24,g019_trees_bd,8,0.2157392238499105,0.7604034129635033
24,g020_trees_ne,10,0.032051598372418666,0.20403790612804465
24,g021_trees_bd,9,-0.2682471671174711,-0.5323902277931118
24,g022_grass_man,11,-0.01200813880287388,0.22033534681459324
24,g023_grass_nat,10,-0.9892439325110607,0.4064726242334779
24,g024_trees_ne,10,-0.06055700043351275,-0.0730702836434957
24,g025_grass_nat,11,0.17872599735259753,0.4348022828755433
24,g026_grass_nat,11,0.5560596899881936,0.78922474364974
24,g027_grass_nat,9,0.0027852746167821296,0.25537069047117666
24,g028_shrubs_ne,11,-0.09579667214109722,0.21536070522055573
24,g029_trees_bd,8,-0.2044285467785203,-0.03443491891829452
24,g030_grass_nat,10,0.3267826969917593,0.6304926773249031
24,g032_shrubs_bd,11,0.029012856748410476,0.37512973930050564
24,g033_grass_nat,11,-0.01083279597235598,0.37212875112177296
24,g034_grass_man,9,-0.6426532735180386,-0.30613333658662645
24,g035_grass_man,11,-0.4336951625377554,0.26612815708789594
24,g036_trees_ne,8,0.029880359736913498,0.20081613326387726
24,g037_trees_be,9,-0.16479528218729134,-0.3311359616220034
24,g040_trees_be,9,-0.23869723843783186,-0.21994373621307187
24,g042_grass_nat,11,-0.007652767155621909,0.16234388632548175
24,g044_grass_man,9,-0.11082305698738315,-0.188638203884173
24,g045_grass_nat,11,0.002814046297271555,0.24731854940115414
24,g046_grass_man,11,0.058477808988045,0.3774448962859921
24,g048_shrubs_bd,8,-0.29486728316002053,0.10695870177464703
24,g050_grass_nat,11,0.07170876080029531,0.3831842355848415
24,g051_shrubs_bd,9,0.2765719126608116,0.7154976853833339
24,g054_trees_be,10,0.06571030525077592,0.29105737612026616
24,g055_shrubs_bd,11,0.029373907089392026,0.17513467917769865
24,g057_grass_man,11,0.10289652749161915,0.368540336922993
24,g058_shrubs_be,11,0.7908106469936264,0.9717183402585734
24,g059_grass_man,11,-0.36937112284868334,0.08865378403148802
24,g060_shrubs_be,11,-0.332297765575857,-0.1519270034018566
24,g061_grass_nat,11,-0.2273633177165959,0.16354176966053122
24,g062_grass_nat,11,0.2822503225810966,0.5795666565313068
24,g063_shrubs_bd,11,0.19380841148470573,0.6224899545446848
24,g064_shrubs_be,11,0.13319083847088042,0.46284896070830234
24,g065_shrubs_bd,11,0.1870571935410218,0.4734433322984727
24,g066_grass_nat,11,0.0270764049104929,0.4818931825926811
24,g067_grass_nat,11,-0.06453864659012787,0.124687815477839
24,g068_grass_nat,9,0.07196269092471785,0.5707423742354557
25,g001_shrubs_nd,10,0.02889370848958528,0.3123488681701082
25,g002_grass_nat,10,-0.2303107412575447,0.4792829541085233
25,g004_grass_nat,10,-1.2773075986876554,0.15284520116810957
25,g005_grass_nat,10,0.6269850783932721,0.8079092728205373
25,g006_trees_ne,8,0.22176560227662834,0.6075614233562704
25,g007_shrubs_ne,9,-0.8040491044955707,-0.25918151696702885
25,g008_grass_nat,11,-1.4616927490699494,-0.2999630600069586
25,g009_grass_nat,11,-0.5201206971108383,0.18686585542711437
25,g010_shrubs_nd,9,-0.15880416937410247,0.19237951149925092
25,g011_shrubs_ne,11,-0.37075769509553913,0.09467625059994851
25,g013_grass_nat,9,-0.09933794277770613,0.11063343328634566
25,g014_trees_ne,8,0.2736966565239193,0.7295700167826453
25,g015_trees_nd,11,-0.18301028769932826,-0.20570415929266686
25,g016_grass_nat,10,-0.16303928646682686,-0.023621571930372665
25,g017_shrubs_nd,8,-0.22106531870179902,-0.1004620066209919
25,g018_trees_bd,11,-0.07397044011725096,0.21781631104951477
25,g019_trees_bd,11,-0.1927341922432475,0.09162348159737933
25,g020_trees_ne,10,-1.0281206451307838,-0.23099689025683282
25,g021_trees_bd,10,-0.06845557974850336,0.04426238876527094
25,g022_grass_man,11,0.026593755797882368,0.31294985482325954
25,g023_grass_nat,11,0.04728465103177448,0.5991712104069027
25,g024_trees_ne,10,-0.543538037832241,-0.29832102194514315
25,g025_grass_nat,11,-0.1156791104211834,0.32940185075916334
25,g026_grass_nat,11,-1.088975098143977,0.13089026462185382
25,g027_grass_nat,8,-1.240433970078902,-0.2941737999833483
25,g028_shrubs_ne,10,-0.048704362569371495,0.5459652248506682
25,g029_trees_bd,9,0.27620398525843526,0.7940283683302874
25,g030_grass_nat,11,-0.015209600358631281,0.2450396339817757
25,g032_shrubs_bd,11,0.37643687170385887,0.7282161943641172
25,g033_grass_nat,11,0.05398968001413673,0.25739910182413106
25,g034_grass_man,11,-0.21766882537246568,-0.19996552029114997
25,g035_grass_man,11,-0.1778030799505006,0.42451907543576806
25,g037_trees_be,11,-0.02939521331219752,-0.012600972406609895
25,g042_grass_nat,11,-0.46100173885834117,-0.14201139406375263
25,g045_grass_nat,11,0.25876279170378236,0.5283244575682424
25,g046_grass_man,11,-0.7056488542978014,-0.08290319822608053
25,g047_trees_bd,9,-0.023152128101809444,0.10375782237645187
25,g048_shrubs_bd,10,0.1443112262780093,0.4633023075662329
25,g050_grass_nat,10,-0.3005820550945748,-0.43108931088905866
25,g051_shrubs_bd,9,-0.5854827213839484,-0.23648375793765522
25,g052_grass_nat,10,0.12594725250554772,0.4055758547924865
25,g054_trees_be,9,-0.15061705962172245,-0.17863241113217695
25,g055_shrubs_bd,11,0.01576826699693301,0.13458334175058168
25,g056_trees_bd,11,-0.6037400305226721,-0.3561188346788335
25,g057_grass_man,11,-0.12884821558058213,0.15435348624509249
25,g058_shrubs_be,11,0.7307255320836882,0.8933161789328481
25,g059_grass_man,11,-0.43986191142099074,-0.3452064977327224
25,g060_shrubs_be,11,-1.9302490737790845,-0.4982127438636845
25,g061_grass_nat,11,0.009619257929014302,0.37988512601818386
25,g062_grass_nat,11,0.07087672678770662,0.31378923078610566
25,g063_shrubs_bd,11,-0.03320492406204978,0.10138256996806522
25,g064_shrubs_be,11,-0.03365109331421512,0.17474579613022975
25,g065_shrubs_bd,11,-0.2261768889234539,0.0589025785169493
25,g066_grass_nat,11,0.1326033260674413,0.6220314461748508
25,g067_grass_nat,11,0.16674025190092734,0.4226000060789532
25,g068_grass_nat,11,-0.18256138942217026,-0.23448368872457181
26,g001_shrubs_nd,11,-0.06431358825251254,0.1991690854705217
26,g002_grass_nat,10,-0.28992882235191053,0.0011747325943760047
26,g004_grass_nat,11,0.2844279315764925,0.5821904353515305
26,g005_grass_nat,10,-0.17791941664761057,0.3395543721311652
26,g006_trees_ne,8,-0.1665421483292202,0.272861426735187
26,g008_grass_nat,10,-0.12464160887655451,-0.0846628858012242
26,g009_grass_nat,11,-0.456137896428054,-0.37077880596767004
26,g010_shrubs_nd,10,-0.2711656790338308,-0.20734495670939082
26,g011_shrubs_ne,11,-0.17366579074412658,0.17826377654247877
26,g012_trees_ne,9,-0.055225126455384466,0.4677473792353482
26,g013_grass_nat,8,0.006266869542003395,0.3037801311212031
26,g014_trees_ne,8,-0.25508159448727086,0.04387527399634712
26,g015_trees_nd,11,0.03043373155632345,0.18574237835031804
26,g016_grass_nat,11,0.06195196387714652,0.3475553864081107
26,g017_shrubs_nd,8,-0.12529810570937872,0.2813765543547294
26,g018_trees_bd,8,-0.5925513042286088,-0.5138912652656693
26,g019_trees_bd,10,0.05467713855754375,0.7342747467991493
26,g020_trees_ne,8,-0.40166051100958655,-0.042782906180393925
26,g021_trees_bd,11,-1.3159423713629108,0.16305910712183905
26,g022_grass_man,11,-0.10988792918014201,0.23407269137078762
26,g023_grass_nat,10,0.4522239267266822,0.726590865322376
26,g024_trees_ne,11,-0.1588095520277324,-0.22299550056984782
26,g025_grass_nat,11,0.08370026079664372,0.6364340708209171
26,g026_grass_nat,11,0.0028874202052010522,0.2998905104544387
26,g027_grass_nat,10,-0.3136407079275745,0.10765846223555765
26,g028_shrubs_ne,11,0.26474939363878736,0.5613428701097788
26,g030_grass_nat,10,0.04438949819387472,0.23407641839486268
26,g032_shrubs_bd,11,-0.09298624492679464,0.3890445440574179
26,g033_grass_nat,11,-0.0680033717584767,-0.02562084414445434
26,g034_grass_man,11,-0.7397056974412097,-0.026484099261071994
26,g035_grass_man,11,-0.8305342624378871,-0.06517429212028307
26,g037_trees_be,11,-0.025316981741945632,-0.05543955422100624
26,g040_trees_be,9,-0.2701958070004644,-0.20903417985986905
26,g042_grass_nat,11,-0.5325597389050429,-0.14960319059751814
26,g044_grass_man,8,-0.17442218765398132,-0.03251522269534042
26,g045_grass_nat,11,0.35263133110081935,0.6694730750502038
26,g046_grass_man,11,-0.06292190675333686,0.5781477702079116
26,g050_grass_nat,9,-0.05540298511835928,0.32113761168786503
26,g051_shrubs_bd,10,-0.2982126394062654,-0.39580032322370984
26,g054_trees_be,8,-0.7526750689949278,-0.5706978167002446
26,g055_shrubs_bd,10,0.015211225514032645,0.19026650741699883
26,g057_grass_man,11,-0.023117593554289773,0.2634194766400537
26,g058_shrubs_be,11,0.6088192354769686,0.8190928258105964
26,g059_grass_man,11,-0.37093458547078906,0.38029949317786604
26,g060_shrubs_be,11,-0.827127293716911,-0.07702541123461397
26,g061_grass_nat,11,-0.17893952403670044,0.03966045816388253
26,g062_grass_nat,11,-0.362387779464622,-0.2669457658646875
26,g063_shrubs_bd,11,-0.12907490877253736,-0.09237019791208831
26,g064_shrubs_be,11,-0.33065371937738397,-0.23689073807213779
26,g065_shrubs_bd,11,-0.1367473060125004,0.3508206175173325
26,g066_grass_nat,11,0.2573917691029538,0.6840117541592887
26,g067_grass_nat,11,-0.4003343250327527,-0.11148396219577937
26,g068_grass_nat,11,0.2382559974163092,0.5013062092667006
27,g001_shrubs_nd,8,-0.5936527293857639,0.40377702823911615
27,g002_grass_nat,9,-0.6042869541499312,0.3763853292326275
27,g004_grass_nat,11,0.20907693177433095,0.6906521867591646
27,g005_grass_nat,10,-0.3413213250422822,0.18498500187246827
27,g007_shrubs_ne,10,-0.3050434673558102,-0.22260422165317056
27,g008_grass_nat,11,-0.030890180721484084,0.128209544928482
27,g009_grass_nat,11,-1.590409292181031,-0.04555480312956045
27,g010_shrubs_nd,9,0.10176237934725518,0.39110438794871716
27,g011_shrubs_ne,11,0.11524921691787793,0.34076837171167185
27,g013_grass_nat,9,-0.17950345103868082,-0.38927384311297014
27,g014_trees_ne,9,0.25141680961857105,0.6145240314908449
27,g015_trees_nd,11,0.030040188433554493,0.2073618843212054
27,g016_grass_nat,11,0.10078539552652144,0.32516153387858276
27,g017_shrubs_nd,9,-0.14845304140105808,0.49038773780435163
27,g018_trees_bd,9,0.08197238422242681,0.499969628379123
27,g019_trees_bd,11,0.30321657810292824,0.5925104062231629
27,g020_trees_ne,10,-0.7165579035768967,-0.7094858856534947
27,g021_trees_bd,11,-0.16615374515381442,0.4962614215000842
27,g022_grass_man,10,-0.38686663575377533,0.2724296255007113
27,g023_grass_nat,11,0.0706208053955869,0.39060460285419224
27,g024_trees_ne,10,0.12760138126660225,0.4334269545279067
27,g025_grass_nat,11,0.36656337871862665,0.6900844810755293
27,g026_grass_nat,11,0.10486754485052574,0.37014590468066727
27,g027_grass_nat,10,0.2557575497976913,0.5182738798173713
27,g028_shrubs_ne,10,-0.7104939777954458,-0.14516472736858788
27,g029_trees_bd,9,-0.24535809903681227,0.0021456531309891865
27,g030_grass_nat,11,-0.406800729588245,-0.027933533543416322
27,g032_shrubs_bd,11,-0.27026327740099654,0.2707123286864421
27,g033_grass_nat,11,-0.5314843656157098,-0.12052187981039944
27,g034_grass_man,11,-0.7391485396508972,-0.015337601593750985
27,g035_grass_man,11,-1.3031115771774542,-0.03666525982066661
27,g036_trees_ne,10,0.013169323835695246,0.2706427485143942
27,g037_trees_be,10,-0.2820265294239086,-0.024586950702279727
27,g040_trees_be,9,-0.5050726589502628,-0.509121380956646
27,g042_grass_nat,11,-1.3708373878214268,-0.13327239712509947
27,g045_grass_nat,9,-0.08922306419924686,0.13443847349411892
27,g046_grass_man,11,-0.26722029431563366,-0.010013415619170124
27,g048_shrubs_bd,9,-0.013179056043959525,0.26858493483342477
27,g049_trees_be,8,-0.2125064765290412,-0.38911203268824407
27,g050_grass_nat,9,-0.10372165898117691,0.2857728050586936
27,g051_shrubs_bd,8,-0.00928479045662467,0.15689956980757094
27,g052_grass_nat,8,-0.5519174947920491,-0.10651511408425329
27,g054_trees_be,10,-0.13110547930989092,-0.07977221917927668
27,g055_shrubs_bd,11,-0.0031730336341280196,0.2883822304761069
27,g056_trees_bd,8,-0.3594072490524107,0.18904524459542477
27,g057_grass_man,11,-0.09018466218865262,0.1915627235128044
27,g058_shrubs_be,11,0.5317893143466802,0.7562671628015712
27,g059_grass_man,11,-1.1950487447438038,0.47952482077645897
27,g060_shrubs_be,11,-3.0564942913145705,-0.23764389596150717
27,g061_grass_nat,11,-0.2859560415862823,0.010124916437576839
27,g062_grass_nat,11,0.2355448731076868,0.6959554178133337
27,g063_shrubs_bd,11,-0.15499086565418962,0.1042207554119782
27,g064_shrubs_be,11,0.07399393121690467,0.3877141356833339
27,g065_shrubs_bd,11,-0.043099607960033426,0.36926818735365524
27,g066_grass_nat,11,0.06319421522618762,0.29066056826256514
27,g067_grass_nat,11,-1.1465302259083274,0.03098419288800998
27,g068_grass_nat,11,-0.3358210495036078,0.0020514851415490525
28,g001_shrubs_nd,10,-0.3103397244906414,-0.06969339126427963
28,g002_grass_nat,11,0.012410960399920956,0.41319148623996543
28,g003_grass_man,9,-0.7155134092225746,-0.19701513851625163
28,g004_grass_nat,10,-0.2667448650606692,-0.15817994282616044
28,g005_grass_nat,11,-0.3616778838943453,0.4264084185754686
28,g007_shrubs_ne,10,-1.5602377458265337,0.2439136082806844
28,g008_grass_nat,11,-0.011005594329740243,0.21474517181031597
28,g009_grass_nat,11,-0.154815993803312,0.19374869932680774
28,g010_shrubs_nd,11,-0.09749565897182522,0.3745581344757674
28,g011_shrubs_ne,11,0.03046457202063857,0.5519662798667585
28,g012_trees_ne,9,0.10540471152107134,0.464896089298564
28,g013_grass_nat,11,-0.028203800866366535,0.4478628331148741
28,g014_trees_ne,9,-1.6092341473039053,0.24647448253536391
28,g015_trees_nd,11,-0.009680337849305776,0.12970702432917608
28,g016_grass_nat,10,-1.2956172001813862,-0.38701404376838594
28,g018_trees_bd,11,-0.053890918570612234,0.23396714556290593
28,g019_trees_bd,9,-11.272233913808183,-0.3313166388775587
28,g020_trees_ne,10,0.03549348100445082,0.25404722693778714
28,g021_trees_bd,11,-0.7404787889179103,0.22397625460123377
28,g022_grass_man,11,0.13574970203967962,0.4697443002551554
28,g023_grass_nat,11,0.03541871944393116,0.30610072057059384
28,g024_trees_ne,11,-0.47141441144291907,-0.326966570808317
28,g025_grass_nat,11,0.35261046676229535,0.6292487785616958
28,g026_grass_nat,11,0.2375985124758987,0.4932665138151372
28,g027_grass_nat,9,-0.15416255041840587,-0.026577858597861357
28,g028_shrubs_ne,10,0.3202267582722511,0.6055270039929957
28,g029_trees_bd,8,-0.44113222938260144,-0.32092009819740264
28,g030_grass_nat,11,0.2369658296744528,0.4961566665511271
28,g032_shrubs_bd,11,-0.361535831758089,0.5702980547059294
28,g033_grass_nat,11,-0.3028072491118845,0.17484328680093236
28,g034_grass_man,10,-0.05717947022624337,0.623794982796301
28,g035_grass_man,11,-0.4812934237082267,0.04964290002999394
28,g036_trees_ne,8,0.023206615000526898,0.282868688884268
28,g037_trees_be,11,-0.4018932165524567,-0.32274234151861186
28,g042_grass_nat,11,-0.7284333984613995,-0.2567159238431913
28,g045_grass_nat,8,-1.5850416089587198,0.1732519003292424
28,g046_grass_man,10,-0.19129392669117418,0.15310058479218852
28,g050_grass_nat,10,0.03379231085382495,0.23920685897571192
28,g051_shrubs_bd,8,-0.06122597798894369,0.6312930256165074
28,g054_trees_be,9,0.016261972578235362,0.1975231794918653
28,g055_shrubs_bd,11,-0.4909792408297933,0.295561755321532
28,g057_grass_man,11,-0.16264154025909927,0.02246346902453394
28,g058_shrubs_be,11,0.5630538059334294,0.7552120906533976
28,g059_grass_man,11,-0.11946301611410948,0.44997145688173906
28,g060_shrubs_be,11,-1.7340209188394793,0.2850380152156861
28,g061_grass_nat,11,0.1365589747121333,0.4538809492922476
28,g062_grass_nat,11,0.15085538908126694,0.4314693253449694
28,g063_shrubs_bd,11,-2.214088870786211,0.23286691601829543
28,g064_shrubs_be,11,-0.15823223597102354,0.08460034127171387
28,g065_shrubs_bd,11,0.17683228255472794,0.4986906994585833
28,g066_grass_nat,11,-0.09902632354546692,0.256925768874243
28,g067_grass_nat,11,-0.8042829075603968,0.014188549131164623
28,g068_grass_nat,11,-0.2760687036736187,-0.03043012412005319
29,g001_shrubs_nd,9,-0.32431835042379364,-0.1888913166749185
29,g002_grass_nat,9,-0.06510690713614764,0.2630926556203072
29,g004_grass_nat,9,-1.1752225475104887,-0.45082058600463554
29,g005_grass_nat,10,-0.3069426628726917,0.5526382799080397
29,g006_trees_ne,10,0.08278866044103994,0.35214128038850356
29,g007_shrubs_ne,11,-0.4658316913907177,-0.053044324596824066
29,g008_grass_nat,11,-8.761784505022101,-0.05484513275400813
29,g009_grass_nat,11,-0.1261779935756675,0.34912108279097454
29,g010_shrubs_nd,11,0.10675933051287978,0.33202037588780225
29,g011_shrubs_ne,11,-0.23487273610281667,-0.10322404428569686
29,g013_grass_nat,11,0.09087787394134383,0.5099426080878618
29,g014_trees_ne,11,0.21077958404433828,0.4644173906593988
29,g015_trees_nd,10,-0.11991906409860142,0.1404667413741092
29,g016_grass_nat,11,0.5254236139494805,0.8153973112937204
29,g018_trees_bd,11,0.6097662224348184,0.7812196432986986
29,g019_trees_bd,11,-0.5271151125845128,-0.18026274995213057
29,g020_trees_ne,9,0.16394429204094274,0.5264367814957348
29,g021_trees_bd,11,-1.5103260237217149,0.2239260107610977
29,g022_grass_man,11,-0.24411819892029274,0.14131956419900524
29,g023_grass_nat,11,0.353883495579116,0.6050578743585441
29,g024_trees_ne,11,0.1276804545724184,0.441991162846926
29,g025_grass_nat,11,-0.1270127763141513,0.4287413075693365
29,g026_grass_nat,11,0.2228983769398224,0.5335667616288711
29,g027_grass_nat,10,-0.5801769234421223,0.19880221736768236
29,g028_shrubs_ne,10,-0.2327141056048474,-0.18378840334400692
29,g030_grass_nat,11,-0.33474773108879363,0.00433055573161413
29,g032_shrubs_bd,11,-0.23580106133259449,0.2629409389043218
29,g033_grass_nat,11,0.08607649321981747,0.7422467796594252
29,g034_grass_man,11,0.28957223790160747,0.6531605822084269
29,g035_grass_man,10,-0.3722978461190205,-0.3550496855198855
29,g036_trees_ne,9,-0.1312039346867917,0.0914982051406022
29,g037_trees_be,10,-0.22897175944482728,-0.06032180555151398
29,g042_grass_nat,10,-0.4130646767102293,-0.3025645655080375
29,g044_grass_man,9,0.02074044002369657,0.3892148421549464
29,g045_grass_nat,10,-0.18913045732950695,-0.21520576889124612
29,g046_grass_man,11,0.14917152398483802,0.40375049075469577
29,g048_shrubs_bd,10,-0.29187109708237036,-0.28640958980683634
29,g049_trees_be,9,-0.1308643055506058,-0.23135130328342532
29,g050_grass_nat,10,-0.7396154234329291,0.3216402128989595
29,g051_shrubs_bd,8,-0.09399061035336498,-0.02834286817202852
29,g052_grass_nat,9,-1.0361637250292697,-0.29760263565721906
29,g055_shrubs_bd,11,-0.15161385915709702,-0.0651469941231502
29,g056_trees_bd,8,-4.837506543855881,0.3638447902314318
29,g057_grass_man,11,0.22077877687246705,0.5634840293068687
29,g058_shrubs_be,11,0.31283476520051023,0.6152771923223966
29,g059_grass_man,11,-1.5838737134725638,-0.2521917940384651
29,g060_shrubs_be,11,-0.6993482875206831,-0.2677921330385293
29,g061_grass_nat,11,-0.33966184506487407,0.010079882968031282
29,g062_grass_nat,10,-0.21586346070118756,0.09828074103049939
29,g063_shrubs_bd,11,-0.25945978143267556,-0.007880982500484588
29,g064_shrubs_be,10,-0.8455309147442187,-0.4867687529124822
29,g065_shrubs_bd,11,-0.10656643074446848,0.34241145927862215
29,g066_grass_nat,11,-0.13392300068333363,0.4247378667143119
29,g067_grass_nat,11,-0.10003133252484386,0.27614328527589654
29,g068_grass_nat,11,-1.4571876263905255,-0.32882326824412794
30,g001_shrubs_nd,9,0.05352984965608798,0.359867662110687
30,g002_grass_nat,10,-0.06364567420164002,0.42697071591329
30,g003_grass_man,11,-0.06820210009448036,0.3360285966728872
30,g004_grass_nat,11,0.372030490341563,0.6374069252535308
30,g005_grass_nat,11,-1.235926543719736,0.32778691423904516
30,g006_trees_ne,9,0.07596273276215904,0.43328285945921863
30,g007_shrubs_ne,10,-0.40908208485741926,0.08073136582834893
30,g008_grass_nat,11,-0.7274965868581265,0.2584429383688116
30,g009_grass_nat,11,0.4621763723384935,0.720071926767763
30,g010_shrubs_nd,9,-0.21242677835577006,-0.037749241522251085
30,g011_shrubs_ne,11,-3.1279383574543695,0.039397665517140544
30,g012_trees_ne,8,-0.11863058481958144,0.3707753041133791
30,g013_grass_nat,11,0.3226613773181731,0.6902499913581992
30,g014_trees_ne,8,0.07033299188015074,0.5180599995688571
30,g015_trees_nd,11,0.06844768913477095,0.28486584415996175
30,g016_grass_nat,11,0.3011459581832877,0.6261047832555371
30,g017_shrubs_nd,9,-0.19648816680159764,-0.06751855590755623
30,g018_trees_bd,11,0.22251554706354226,0.5586561388739132
30,g019_trees_bd,11,-0.6973320118792248,-0.26908647413841896
30,g020_trees_ne,10,-0.12233297651942698,0.10823273631571854
30,g021_trees_bd,11,-2.3833648244862102,0.06574371517299726
30,g022_grass_man,11,-0.36288556785782666,0.3332148067594738
30,g023_grass_nat,11,0.017757720884615247,0.43699012667545184
30,g024_trees_ne,11,0.13284735140515536,0.4697998482760338
30,g025_grass_nat,11,-0.28077109116984666,0.3744742807926535
30,g026_grass_nat,11,-0.023249108322917156,0.3698351429874222
30,g027_grass_nat,10,-0.5948316881555515,0.09486356904250692
30,g028_shrubs_ne,11,-0.4963089968927701,0.01413467789406132
30,g030_grass_nat,10,-0.09400266986566175,0.019769161615559343
30,g031_grass_nat,8,0.0949255778436735,0.31363788713478524
30,g032_shrubs_bd,11,-0.21742025393877396,0.3657019553690502
30,g033_grass_nat,11,0.07851925653265612,0.39521632709866084
30,g034_grass_man,11,-0.17247143185805935,0.3723394417100329
30,g035_grass_man,11,0.09858188035184956,0.3307500921560025
30,g036_trees_ne,10,-0.09595228699210279,-0.18896298592124378
30,g037_trees_be,10,-0.2362321777346863,0.3157888095185615
30,g042_grass_nat,11,-0.46421618424331723,0.31044853570045483
30,g045_grass_nat,11,-0.6336353850504872,-0.43253620347906807
30,g046_grass_man,11,0.19105665709435438,0.6989120954082264
30,g047_trees_bd,8,-0.1394160807216971,-0.1888915732463635
30,g048_shrubs_bd,10,-0.31938421413441986,-0.2587960907571129
30,g050_grass_nat,8,-0.4232914398366212,0.2992204657719902
30,g051_shrubs_bd,11,-0.27793035601928495,0.16541487799966748
30,g055_shrubs_bd,11,-0.17366173604226143,-0.05064452823794369
30,g057_grass_man,11,0.01090972472727103,0.22781535489211202
30,g058_shrubs_be,11,-0.8406286216188306,0.7654869145526132
30,g059_grass_man,11,-6.278857458885976,-0.5392502374772629
30,g060_shrubs_be,11,-0.68367945347435,-0.5622241228649895
30,g061_grass_nat,11,-0.5048454691614372,-0.27810942115728365
30,g062_grass_nat,11,0.09960811778998224,0.5134541136058949
30,g063_shrubs_bd,11,-0.06608673092061723,0.361940734000202
30,g064_shrubs_be,11,-0.34973307080046223,-0.13100747542235086
30,g065_shrubs_bd,11,-0.3325564409862527,0.19711217653191018
30,g066_grass_nat,11,0.5063904514058295,0.7383268836697462
30,g067_grass_nat,11,-0.8015587708483067,-0.15585796607933283
30,g068_grass_nat,9,-1.2463235862263708,-0.05593642924388546
31,g001_shrubs_nd,10,-0.16191598889194259,-0.06427998228699162
31,g002_grass_nat,10,0.18688857724183838,0.4865863422826893
31,g003_grass_man,9,-0.24724215479225942,0.394638470600447
31,g004_grass_nat,11,-0.27281017779148486,0.41009414569651315
31,g005_grass_nat,11,-0.8862936546467663,-0.21610454949808597
31,g007_shrubs_ne,11,-0.42732888570314387,-0.5136543084561583
31,g008_grass_nat,11,-1.1751501256681571,0.26513317640413586
31,g009_grass_nat,11,0.08829090767649095,0.4366567670556687
31,g010_shrubs_nd,10,-0.7666107980308663,-0.15059166264875035
31,g011_shrubs_ne,10,-0.6595400829198079,0.003013755916695476
31,g013_grass_nat,10,0.5661756396254432,0.7842427162086746
31,g015_trees_nd,11,-0.13983440760637178,0.15042482068776186
31,g016_grass_nat,11,0.01757635769335142,0.19992031823272807
31,g017_shrubs_nd,11,-1.9349578195832229,0.1388209850274941
31,g018_trees_bd,11,-1.238036239431756,-0.012998535770945799
31,g019_trees_bd,11,-1.0990644291944651,-0.38240854082261333
31,g020_trees_ne,10,0.11073931779291435,0.5894231366988477
31,g021_trees_bd,11,0.19600062847228017,0.508737816941672
31,g022_grass_man,11,-0.8616174480739411,0.5142179419668166
31,g023_grass_nat,11,-0.42904737328289677,0.06833035665838531
31,g024_trees_ne,11,-0.2453376741873765,0.2825248182644513
31,g025_grass_nat,11,0.12514219703104557,0.4901485947710637
31,g026_grass_nat,11,-0.3891459752052262,0.1401326637607559
31,g028_shrubs_ne,11,0.037152726044817896,0.4658243994494371
31,g029_trees_bd,11,-1.1186542357225533,0.031885432716398536
31,g030_grass_nat,11,-0.0008273155280382749,0.1289871495571396
31,g031_grass_nat,10,-4.656443784669904,-0.3927936681556261
31,g032_shrubs_bd,11,-0.397125135697564,-0.04640016782568134
31,g033_grass_nat,11,-0.2573822972745543,0.01967381570709893
31,g034_grass_man,11,-0.20960294961277515,-0.013936222250369746
31,g035_grass_man,10,-0.26479514299021556,-0.03007120966714724
31,g037_trees_be,11,-0.13898301733758078,0.3957287413023297
31,g038_grass_nat,8,-0.6282146465578204,-0.45748225559475986
31,g042_grass_nat,11,-0.2771779313711378,-0.05184373911980246
31,g044_grass_man,8,-1.9812144727555996,-0.8351698997817744
31,g045_grass_nat,9,-0.1848144403837979,0.2631917647508652
31,g046_grass_man,11,0.051018710404380996,0.3126499260289825
31,g047_trees_bd,8,-0.690738533826792,0.010780705998424792
31,g048_shrubs_bd,8,-0.14163139673287883,-0.13522487710447764
31,g049_trees_be,9,0.07697509299292804,0.3510398563237815
31,g050_grass_nat,11,-0.267571899946488,-0.11788578208450501
31,g051_shrubs_bd,11,0.28534194041481264,0.629901512011633
31,g054_trees_be,9,-0.05785578303511296,-0.16660209294273232
31,g055_shrubs_bd,11,-0.2725929262548614,0.03850545869771994
31,g057_grass_man,11,-0.03380038077736858,0.07159971977065994
31,g058_shrubs_be,11,0.045959996043412166,0.38219865754326443
31,g059_grass_man,11,-0.2762024468498636,0.3809882803238472
31,g060_shrubs_be,11,0.4818473745048095,0.7175464110524494
31,g061_grass_nat,11,-0.08415672600580737,0.5150422874406314
31,g062_grass_nat,11,0.2810192902834624,0.5791435222015333
31,g063_shrubs_bd,11,-0.6416106153412395,-0.03793714123248521
31,g064_shrubs_be,11,-0.24808755135976956,0.16867461143667992
31,g065_shrubs_bd,11,0.013830914520575943,0.47271786151738876
31,g066_grass_nat,11,0.1890203454862921,0.5234006503006475
31,g067_grass_nat,11,0.08909201955180213,0.3901213643508751
31,g068_grass_nat,9,-0.625104228855635,-0.19889457930163063
32,g002_grass_nat,11,0.08605062326253532,0.5603077916212511
32,g003_grass_man,11,-1.1466845308238596,-0.22467247714779
32,g004_grass_nat,11,0.017620268791394778,0.43141454427517645
32,g005_grass_nat,11,-2.269509309498798,0.23249478169802154
32,g006_trees_ne,9,-3.508844947301885,0.014421542394207126
32,g007_shrubs_ne,10,-0.16436613346580198,-0.12893485936579624
32,g008_grass_nat,11,-0.23278416584503048,0.4380687458016314
32,g009_grass_nat,11,-0.6914794630290142,0.13686508370956144
32,g010_shrubs_nd,11,-0.9542290510151274,-0.21154107223841603
32,g011_shrubs_ne,9,0.24871715874566902,0.5465552488890031
32,g013_grass_nat,10,-0.2951855346770551,0.008955722386365678
32,g015_trees_nd,11,-1.1250441507616014,0.012164855991116313
32,g016_grass_nat,10,-0.2385128849795568,0.13429819380714797
32,g017_shrubs_nd,10,-0.38839265627315367,-0.13489122182801616
32,g018_trees_bd,10,-0.7222947514727536,-0.29459092062901016
32,g019_trees_bd,11,-0.9563912896044706,0.020276180060615035
32,g020_trees_ne,9,-0.849326306449693,-0.3003887856532362
32,g021_trees_bd,10,-6.725043668949639,-0.46228045709706894
32,g022_grass_man,11,-0.919629527824033,0.17449128574159914
32,g023_grass_nat,11,-0.2666126323400264,0.43682179632602286
32,g024_trees_ne,11,0.029150098697928728,0.25728436812837996
32,g025_grass_nat,11,0.029778614676462034,0.4324864327097721
32,g026_grass_nat,11,-0.12391616228919888,0.4250066568793853
32,g027_grass_nat,10,-1.2255180540816255,-0.11278538225541795
32,g028_shrubs_ne,11,0.2120469610987391,0.4784937657433199
32,g029_trees_bd,8,0.0010839960084392253,0.16928779071622307
32,g030_grass_nat,11,-0.021236378395110167,0.06052303152403044
32,g031_grass_nat,10,-1.2350047865539602,-0.4589356621517713
32,g032_shrubs_bd,11,-0.3422935706180974,-0.36213969687460884
32,g033_grass_nat,11,-1.4416915675978035,0.24081635266978685
32,g034_grass_man,11,0.015588818382930136,0.21844853175421322
32,g035_grass_man,11,-0.3068189131702146,-0.18522665657211915
32,g036_trees_ne,8,-0.8120368903355399,0.049497425661663014
32,g037_trees_be,11,0.144361078129023,0.39862937672417387
32,g042_grass_nat,11,-0.8266182215778997,-0.07601833191738264
32,g045_grass_nat,10,-0.6350789720372723,-0.41490678209774506
32,g046_grass_man,11,-0.03664332361689948,0.09958336892462073
32,g047_trees_bd,11,-1.2071400208568215,-0.4252642569698973
32,g048_shrubs_bd,9,-0.4445963373155737,-0.2591341829818115
32,g049_trees_be,9,-0.23855069482282976,-0.022625763546946467
32,g050_grass_nat,10,0.16236447914347552,0.5451972159803875
32,g051_shrubs_bd,11,-0.8138902886666337,-0.417698039462813
32,g055_shrubs_bd,11,-0.1791360492488967,0.006150568623580546
32,g057_grass_man,11,-0.3737775270687189,-0.4116064252110301
32,g058_shrubs_be,11,-0.2445961939621868,0.39994638367905244
32,g059_grass_man,11,-0.22770288082822154,-0.11720792860806598
32,g060_shrubs_be,11,-0.09251096691490468,0.011991514163704751
32,g061_grass_nat,11,0.1080845309352142,0.47212164163325404
32,g062_grass_nat,11,-0.15342018535106994,-0.057414981403816394
32,g063_shrubs_bd,11,-0.5736793582222108,-0.14600990732859817
32,g064_shrubs_be,11,-0.3832381038279933,-0.17883849110857822
32,g065_shrubs_bd,11,-0.08705808569146667,0.2867174476857101
32,g066_grass_nat,11,0.31691944105259395,0.649009319099129
32,g067_grass_nat,11,-1.1060958838546835,-0.4388385548063735
32,g068_grass_nat,11,-1.026143805673124,0.02839727154776694
32,g069_trees_nd,9,-0.47357820795109506,-0.3404945750048742
33,g002_grass_nat,11,-1.3925273263261917,-0.053009994511976556
33,g003_grass_man,10,0.1046586134978269,0.5029475083253202
33,g004_grass_nat,10,-0.6601592532239742,-0.2557220278123165
33,g005_grass_nat,11,-2.0960446132591177,0.008774916082742702
33,g006_trees_ne,8,-1.0024081035357888,-0.5441557668529019
33,g007_shrubs_ne,11,-0.04960105360959988,0.28175308637866403
33,g008_grass_nat,11,-0.33341387987357884,0.06717795668448077
33,g009_grass_nat,11,-0.8272144878004895,0.03569115240272404
33,g010_shrubs_nd,10,-0.08974679955826126,0.23422374542667213
33,g011_shrubs_ne,11,0.1693036840152603,0.5953279020113167
33,g013_grass_nat,10,-1.2040921706516095,-0.40571790659060486
33,g014_trees_ne,10,-2.333156838132469,-0.3631609309397707
33,g015_trees_nd,10,-4.805952728933624,-0.12547301279513
33,g016_grass_nat,8,-1.7301847552267313,-0.13382084313693235
33,g017_shrubs_nd,11,-0.033545703368660584,0.24474951348390306
33,g018_trees_bd,11,-0.5310161469565142,0.38228399874609414
33,g019_trees_bd,11,-0.4925037145502089,-0.10706029343455065
33,g020_trees_ne,11,-0.6448273027305551,0.08719864178964067
33,g021_trees_bd,11,-0.7769818044573009,-0.25678778680014774
33,g022_grass_man,10,-1.1950864853866086,0.39248543770968497
33,g023_grass_nat,11,-0.03524355539439861,0.48219152959079375
33,g024_trees_ne,11,-0.28007565102800847,0.0964066049334643
33,g025_grass_nat,11,-0.7047687741328343,0.44884973735013367
33,g026_grass_nat,11,-0.21295251619428912,0.3388538352783111
33,g027_grass_nat,11,-6.300328230790512,-0.6810414365363254
33,g028_shrubs_ne,11,-0.03880763887257155,0.40970984364684615
33,g029_trees_bd,8,-0.8377939406462502,0.5098644407708064
33,g030_grass_nat,11,-0.1814242400995112,0.34315311753268724
33,g031_grass_nat,10,-0.644946300406195,0.6213752852993653
33,g032_shrubs_bd,11,-0.9627055803894897,-0.16469773869080026
33,g033_grass_nat,11,-0.8751563369627289,0.17656268692104934
33,g034_grass_man,11,-1.0204000861363838,-0.08973943858953137
33,g035_grass_man,11,-0.19475079006487417,-0.17750160666521678
33,g037_trees_be,9,-0.6445757847546887,-0.3913433376479545
33,g038_grass_nat,9,-0.029706284860283594,0.309294240514398
33,g042_grass_nat,11,-0.44342023336502145,-0.0843129526649713
33,g043_grass_man,8,-0.19371274160331042,-0.1342051223425824
33,g044_grass_man,11,-0.4843290396325337,0.06071584346617386
33,g045_grass_nat,10,-0.5050065704593336,0.12362588968776353
33,g046_grass_man,10,-0.2849788735656884,-0.23799777910425912
33,g047_trees_bd,9,0.3620002101615578,0.7532568301559515
33,g048_shrubs_bd,8,0.08771935671272368,0.469491311224735
33,g049_trees_be,8,-0.5538251034440931,-0.47722289401430984
33,g050_grass_nat,10,-0.14845032729740382,0.036073172841106255
33,g051_shrubs_bd,11,-0.7372645031892886,-0.48985335824447873
33,g055_shrubs_bd,11,-0.44751349463183,0.3048596114002985
33,g057_grass_man,11,-0.058256586702973845,0.06653339597221611
33,g058_shrubs_be,11,-0.669399702815207,0.770616494217331
33,g059_grass_man,11,-0.6646997046982122,-0.1790994392128829
33,g060_shrubs_be,11,-0.23267166444256704,-0.3227686680899655
33,g061_grass_nat,11,-1.134440203848397,0.32548028842799165
33,g062_grass_nat,11,0.309795842275732,0.6990867125283649
33,g063_shrubs_bd,11,-0.22917968562273994,0.04463304890726471
33,g064_shrubs_be,11,-0.10486555395974517,0.018556403413338713
33,g065_shrubs_bd,11,0.23909609329516657,0.4912787573421292
33,g066_grass_nat,11,0.1423871965375173,0.4824980861271352
33,g067_grass_nat,11,-0.7433770337768548,-0.2470734037322656
33,g068_grass_nat,11,0.10966962940154035,0.3697833488067427
34,g004_grass_nat,10,-0.07420373214362397,0.05453650671398107
34,g005_grass_nat,10,-0.616215543310608,0.05057220734155282
34,g006_trees_ne,11,-0.39829806465575013,0.47060079124866766
34,g007_shrubs_ne,9,-0.3095019761196336,-0.030586507298804792
34,g008_grass_nat,11,-1.8208205411337595,0.13888009029416395
34,g009_grass_nat,11,-2.413954400496598,-0.06455823310991733
34,g010_shrubs_nd,9,0.05419252295950927,0.43857839801782106
34,g011_shrubs_ne,10,-0.024637605965535547,0.6580674286177588
34,g012_trees_ne,9,-0.6991910804488806,0.39133938436250487
34,g013_grass_nat,11,-0.051206326855413264,0.5340701709989976
34,g014_trees_ne,10,-3.7701851222776046,0.22492314378769682
34,g015_trees_nd,8,-18.64357608381145,-0.05278966084091418
34,g016_grass_nat,10,-0.19802269854184318,0.02158383852989289
34,g017_shrubs_nd,11,-0.6854386490103834,-0.2678073260161712
34,g018_trees_bd,11,0.3046278583199865,0.6049158359927378
34,g019_trees_bd,11,-1.185858476161532,0.15491941459733022
34,g020_trees_ne,10,-0.16676534030486567,0.2522624502418471
34,g021_trees_bd,11,-0.26619524823071883,0.06450244188831944
34,g022_grass_man,11,0.11605021264822002,0.4578214917117669
34,g023_grass_nat,10,0.3931089647234902,0.6323774095216254
34,g024_trees_ne,11,-0.3553428545939685,0.2105179332809555
34,g025_grass_nat,11,-4.434771952896855,0.1928299651558646
34,g026_grass_nat,11,-1.3142335116297965,0.22962054574379345
34,g027_grass_nat,11,-0.5721114973689279,0.29282469757293106
34,g028_shrubs_ne,11,0.37053885455003877,0.6361141030415284
34,g029_trees_bd,8,0.10698036564262825,0.4632790262100316
34,g030_grass_nat,10,-0.7499023177198303,0.32812338308616684
34,g031_grass_nat,11,-2.108985548786429,0.1897317408709197
34,g032_shrubs_bd,11,-0.06888833974109954,0.22712243201439128
34,g033_grass_nat,11,0.04630744812877552,0.5211960873331283
34,g034_grass_man,11,-0.2793581085229162,-0.14736438273324087
34,g035_grass_man,10,-0.04561397050906013,0.26138860178274675
34,g036_trees_ne,8,0.1390840843823602,0.5643804375062267
34,g037_trees_be,11,-0.5123520181209757,-0.48067547906288954
34,g038_grass_nat,9,0.31072959109530385,0.7017902801764354
34,g042_grass_nat,11,-0.1389469002266659,-0.38842058706549953
34,g043_grass_man,9,-0.42722848723865137,-0.3314420871137465
34,g044_grass_man,11,0.33785561221793403,0.7415630223540431
34,g045_grass_nat,11,-0.690987336782497,-0.3363868574492352
34,g046_grass_man,10,-0.5678359580181234,-0.18347873381412289
34,g047_trees_bd,10,-0.4106380420376361,0.34943405499437663
34,g048_shrubs_bd,9,-0.563316059677553,-0.17019391351118734
34,g049_trees_be,8,-0.22582677082534652,-0.14583003929580096
34,g050_grass_nat,11,-0.44027064621366563,-0.20511686389996808
34,g051_shrubs_bd,11,-0.15042675947686357,-0.00753339625398836
34,g054_trees_be,8,-1.022526039754938,-0.1752382979392438
34,g055_shrubs_bd,11,-0.35946908690515245,-0.047631130233775555
34,g057_grass_man,11,-0.42750110718687484,0.2747070241168241
34,g058_shrubs_be,11,-0.23378502540352497,0.03377197311922185
34,g059_grass_man,11,-0.5353080025453978,0.10977502545587774
34,g060_shrubs_be,11,-0.3758582128795891,-0.2802504115142334
34,g061_grass_nat,11,0.42070656898110426,0.6813774085167117
34,g062_grass_nat,10,0.01956769058453456,0.5330826824879619
34,g063_shrubs_bd,11,-0.32331827528427337,0.06561417740341217
34,g064_shrubs_be,10,-0.2106246112421799,-0.3383316755840163
34,g065_shrubs_bd,11,-0.2008614939826412,0.28924487224021006
34,g066_grass_nat,11,0.2785630868252411,0.5886655352155544
34,g067_grass_nat,11,-0.14940364748799562,0.11211704672479278
34,g068_grass_nat,10,-0.614872242092313,-0.021875775833545903
35,g007_shrubs_ne,10,-0.6495620820253518,0.08968507435023809
35,g009_grass_nat,11,-2.209107365091425,0.4555933530765826
35,g011_shrubs_ne,9,-0.23219356928452584,0.12228360420942971
35,g012_trees_ne,9,-0.28659945263356135,-0.09078804619535095
35,g013_grass_nat,8,-0.08719144509971066,0.38777027883575027
35,g014_trees_ne,10,-0.4446392087085369,-0.02268479058036618
35,g015_trees_nd,9,-1.962146672942168,0.08273412738039392
35,g016_grass_nat,10,-0.7961921363882265,0.30798866313246104
35,g017_shrubs_nd,10,-2.8079686095936234,0.06334863869968897
35,g018_trees_bd,9,0.17600581619462607,0.4296593871690632
35,g019_trees_bd,11,-2.8487528987449613,-0.3963252187741533
35,g020_trees_ne,11,-4.751273267318538,-0.3472047378036587
35,g021_trees_bd,11,-0.6520501837352242,-0.1640493361061763
35,g022_grass_man,11,-1.724143167776253,-0.25258783569725846
35,g023_grass_nat,10,-0.6441537132501771,0.12589419804681592
35,g024_trees_ne,11,-0.033845317329822766,0.22878397835678138
35,g025_grass_nat,11,-0.4276475390940939,0.5776689230132093
35,g026_grass_nat,11,0.05110264881625859,0.3321794561718976
35,g027_grass_nat,11,-0.3706144954541233,0.48284279035168226
35,g028_shrubs_ne,11,-0.6189737692183361,0.39408178132931815
35,g029_trees_bd,8,-0.190550494860815,0.3393644902029143
35,g030_grass_nat,10,-0.8631445110841853,-0.09475587343768709
35,g031_grass_nat,11,-3.3343038079821925,0.20248141540868542
35,g032_shrubs_bd,11,-1.5166953939521925,-0.21586030541287216
35,g033_grass_nat,11,-0.38840668317998017,0.15879671073953966
35,g034_grass_man,11,-0.09395155851403247,-0.00042607160623001745
35,g035_grass_man,11,-0.8070825262091952,-0.17918106738074743
35,g036_trees_ne,9,-2.4191382899935574,-0.10715055201744346
35,g037_trees_be,11,-0.43438931271838066,-0.28891398618622094
35,g038_grass_nat,10,-0.400045331053841,0.3367295377027757
35,g040_trees_be,9,-0.18849405861242285,-0.10850008238395291
35,g042_grass_nat,11,-0.09936745308582395,0.011085794070548917
35,g044_grass_man,11,-0.5191678130471336,-0.16029601204523902
35,g045_grass_nat,11,-0.2198448751097708,0.18377414183104196
35,g046_grass_man,11,-0.001813831575176117,0.17816250087208627
35,g047_trees_bd,10,-0.2581182870943919,0.11441644324409882
35,g048_shrubs_bd,10,-0.3890581107196991,-0.27592252749985713
35,g049_trees_be,11,-0.11366142460305828,-0.08856464917565318
35,g050_grass_nat,10,0.23441958025577236,0.6405233195937453
35,g051_shrubs_bd,11,0.03663449755669712,0.23910012992972518
35,g055_shrubs_bd,11,-0.5741904436801202,-0.2538046769588263
35,g057_grass_man,11,-0.1427692628986248,0.060888780137160016
35,g058_shrubs_be,11,-0.9147394200767802,-0.14664851002108673
35,g059_grass_man,11,-0.6967684727092742,-0.5484407702419439
35,g060_shrubs_be,11,-0.3932860683585959,-0.3953979826313084
35,g061_grass_nat,11,-0.47035104141613715,0.1231173507533203
35,g062_grass_nat,11,-0.02745873582449665,0.21207713031104222
35,g063_shrubs_bd,11,-0.33484326526929964,0.03116653263347597
35,g064_shrubs_be,11,-0.042074310659659275,0.09761340204120074
35,g065_shrubs_bd,11,0.1063705905505985,0.4393271766113169
35,g066_grass_nat,11,-0.5047077499728065,0.015545064177420524
35,g067_grass_nat,11,-1.5407505423775936,0.09263234109437353
35,g068_grass_nat,11,-0.08250842263416835,0.4052903447614451
35,g069_trees_nd,8,-0.5625228041117616,-0.020530316743040018
36,g009_grass_nat,9,-0.40466897157823056,0.3272570445352685
36,g012_trees_ne,9,-2.509176970880701,-0.07220977038284208
36,g013_grass_nat,9,-2.9055324815601327,-0.5482491434480035
36,g014_trees_ne,9,-2.493149154215595,0.4377695917967315
36,g015_trees_nd,8,-1.5461018317040098,-0.7058035697721742
36,g016_grass_nat,9,-0.19804707319840875,-0.018676655168306456
36,g017_shrubs_nd,8,-0.21994057948871015,0.11930593737849908
36,g019_trees_bd,10,-4.025610706210881,0.16650821369144075
36,g020_trees_ne,10,-0.2960180061134001,0.2995629665889093
36,g021_trees_bd,10,-0.6138934539002179,0.25221435397604036
36,g022_grass_man,11,-0.8307275542286277,-0.19680933265648068
36,g023_grass_nat,10,-1.0287195151753457,0.37511301751448817
36,g024_trees_ne,10,-0.6072539772064625,-0.3189004114963019
36,g025_grass_nat,11,-0.020319990803306487,0.6070520702209334
36,g026_grass_nat,11,-0.456059896773795,0.22385482226492395
36,g027_grass_nat,11,-0.16174085832878848,0.2786441478907382
36,g028_shrubs_ne,9,-0.5946936979424988,-0.024727000674033925
36,g029_trees_bd,11,-0.6760054713129817,-0.06994771941185449
36,g030_grass_nat,10,-0.45452895058752163,-0.4789903705070565
36,g031_grass_nat,10,-8.685122884697094,0.024094233280749566
36,g032_shrubs_bd,10,-0.3750832467624008,-0.062319848357190004
36,g033_grass_nat,11,0.022621155145911342,0.3787977937299654
36,g034_grass_man,11,0.16093609976980783,0.45572634095704656
36,g035_grass_man,11,-2.0718935151406717,-0.586451976328598
36,g037_trees_be,10,-0.3447875174821775,-0.4595372191879445
36,g038_grass_nat,8,-0.07015849336145896,0.1019050628239655
36,g042_grass_nat,11,-0.10087316951352254,0.2576573044364347
36,g044_grass_man,11,-0.16656062167851737,-0.15476808289186647
36,g045_grass_nat,11,-0.43729751080427515,0.12360732681173205
36,g046_grass_man,11,0.07772622615584734,0.3065761519249869
36,g047_trees_bd,11,-0.643919854258352,-0.46843320398822536
36,g048_shrubs_bd,11,0.145358354912012,0.39674429800719474
36,g049_trees_be,10,-0.24529336805316082,-0.5440779052271932
36,g050_grass_nat,9,-0.2758024180087999,-0.08664379009135238
36,g051_shrubs_bd,10,-0.2863932420938162,-0.07237953363073103
36,g054_trees_be,9,-0.5054485145988687,-0.14652686378161964
36,g055_shrubs_bd,10,0.29663093237881255,0.589714718605258
36,g057_grass_man,11,-0.3335644393872439,-0.6034426797726585
36,g058_shrubs_be,11,-0.8883119239086874,-0.5169075960333983
36,g059_grass_man,11,-0.4919528603136354,0.035049861411432
36,g060_shrubs_be,11,-0.34015525365694543,-0.28454366935942116
36,g061_grass_nat,11,-0.32568474695498684,-0.28405034597905476
36,g062_grass_nat,11,0.013126341932452767,0.14867721654112628
36,g063_shrubs_bd,11,-0.594560414289824,-0.04433475509257134
36,g064_shrubs_be,11,-0.42453011337737157,-0.4228378880720578
36,g065_shrubs_bd,11,0.01388862444598582,0.37509449833518554
36,g066_grass_nat,10,0.43118483542375796,0.7130947703687527
36,g067_grass_nat,11,-0.3700699938928027,-0.15858407550835119
36,g068_grass_nat,11,-0.047492684715310096,0.16599413514601002
37,g014_trees_ne,8,-0.8579894564866248,-0.3635923749114091
37,g016_grass_nat,9,0.25935058909325326,0.644250214436542
37,g017_shrubs_nd,8,-0.6947091691818259,-0.05079212092138271
37,g019_trees_bd,10,-0.1936768284767274,0.43990939497881276
37,g020_trees_ne,9,-0.07893732333860459,0.3277779360177993
37,g021_trees_bd,9,-0.6463773493834806,0.06776868956853081
37,g022_grass_man,9,-1.3281883045781377,-0.01947979678494881
37,g023_grass_nat,8,-14.157452589366244,-0.36097225911102687
37,g024_trees_ne,10,-1.1992535803644908,-0.12466302149450793
37,g025_grass_nat,9,0.023612966102926736,0.5133685192509844
37,g026_grass_nat,10,-0.0299883429687251,0.44209585473970964
37,g027_grass_nat,10,-0.23108188957372788,-0.1724457390274801
37,g028_shrubs_ne,9,-0.2697485632819403,0.4453278564240711
37,g029_trees_bd,9,-0.15659499922939268,-0.12358463481191531
37,g030_grass_nat,10,-0.6913118882117713,0.4697105675112743
37,g031_grass_nat,10,-12.57998890761138,0.29331894785753715
37,g032_shrubs_bd,10,-0.22045575843583465,-0.12947372699792248
37,g033_grass_nat,10,-6.6801673487977045,-0.05568468922827267
37,g034_grass_man,10,0.2646948445509453,0.6784923947018716
37,g035_grass_man,10,-0.49675011307569794,-0.12099302246512063
37,g037_trees_be,9,0.19432062863585353,0.7746981492110558
37,g038_grass_nat,10,-0.37039851463301976,0.3120233112958436
37,g042_grass_nat,10,-0.4917386052996362,0.34687037861743436
37,g044_grass_man,10,-0.2581924228853558,-0.01563765191802234
37,g045_grass_nat,10,-0.24404215864405088,0.030979577359403303
37,g046_grass_man,10,0.11870795911579768,0.42324007388148344
37,g047_trees_bd,10,-1.2060323229741674,0.16040209845063297
37,g048_shrubs_bd,10,-0.9581127728156338,0.26944100003368987
37,g049_trees_be,10,-0.5593185164394399,-0.6469025270732256
37,g050_grass_nat,9,0.21869325326685407,0.6153164785473262
37,g051_shrubs_bd,10,0.11869025602137517,0.3750181284040418
37,g055_shrubs_bd,10,-0.729433461752774,0.06975421452987558
37,g057_grass_man,10,-0.8225814265566025,-0.2840554452341761
37,g058_shrubs_be,10,0.28993508094270504,0.5451492001881814
37,g059_grass_man,10,0.25326328359578654,0.5222943456656804
37,g060_shrubs_be,9,0.002151302925904486,0.20935699756627377
37,g061_grass_nat,10,-0.2679544941469809,0.10360202509853712
37,g062_grass_nat,10,0.1554733945461254,0.5528754075397462
37,g063_shrubs_bd,10,-0.008316762589883453,0.11390491799051466
37,g064_shrubs_be,9,-0.3058396524978948,-0.49593151204321817
37,g065_shrubs_bd,10,-0.013203774703791638,0.23625393196269218
37,g066_grass_nat,10,0.4331344634969907,0.7232758467848629
37,g067_grass_nat,10,-0.5339463675376197,-0.21864732720541863
37,g068_grass_nat,10,-1.9025424076713935,-0.37701349551604574
38,g019_trees_bd,8,-0.26526228975764554,0.34759641420698967
38,g020_trees_ne,8,0.1756087638023398,0.4535655322188963
38,g021_trees_bd,11,-0.7888391414033302,0.10375370706034012
38,g022_grass_man,10,-0.37044446425738276,-0.05622582325025292
38,g024_trees_ne,10,-0.08680679313095219,0.14653608583991595
38,g025_grass_nat,10,-0.6970085308350049,0.34914294399742785
38,g026_grass_nat,11,-0.3705240594424519,-0.12302209143946417
38,g027_grass_nat,11,-0.14502087759960225,0.09001132329389853
38,g028_shrubs_ne,10,0.0085797048184314,0.31987561389313524
38,g029_trees_bd,11,-0.4393048292849442,-0.2812485705425043
38,g030_grass_nat,11,-0.04220390770090021,0.698685519001953
38,g031_grass_nat,11,-5.045755958728651,-0.35253464890755176
38,g032_shrubs_bd,11,-0.026542482485759633,0.25463669984229736
38,g033_grass_nat,11,-1.4853234064158816,-0.1492064778955465
38,g034_grass_man,11,-0.10025818940354614,-0.10531753095127522
38,g035_grass_man,10,-2.776186139003329,0.13057875138787756
38,g036_trees_ne,10,-0.35638001414046605,-0.14157394691105726
38,g037_trees_be,11,-0.10483236343620095,-0.05227421573712554
38,g038_grass_nat,11,-0.35012361166659445,0.24200730490581626
38,g039_trees_be,9,-0.09671452788526591,0.1333370915623112
38,g040_trees_be,10,-0.11757974446645814,-0.21898374773763643
38,g042_grass_nat,11,-0.14601073751361437,-0.015727851211619792
38,g044_grass_man,11,-0.9730682858525306,-0.4959678535269265
38,g045_grass_nat,11,0.08571086861621302,0.5026116380859897
38,g046_grass_man,11,0.04705204857790801,0.24244008797852595
38,g047_trees_bd,11,-0.27868437404190827,-0.3145937550556839
38,g048_shrubs_bd,11,-4.835784875791802,-0.6241099217489785
38,g049_trees_be,8,-0.15193140387341364,0.0802143358609403
38,g050_grass_nat,10,-0.0369889503122427,0.1831128823448786
38,g051_shrubs_bd,10,-0.4447966474589429,-0.17217828228258483
38,g055_shrubs_bd,11,-0.47309638502477735,-0.15568876224810563
38,g057_grass_man,11,-0.323407008406736,-0.7256121708353518
38,g058_shrubs_be,11,-1.0564966672300544,-0.2946802440025597
38,g059_grass_man,11,-0.12234744806913711,0.14028205185130613
38,g060_shrubs_be,11,-0.3894826190098153,-0.5876449763106714
38,g061_grass_nat,11,0.3618060801486723,0.6629329302148962
38,g062_grass_nat,10,-1.3579088478123063,-0.11012419546542149
38,g063_shrubs_bd,11,-0.08125061447631943,0.124613660284717
38,g064_shrubs_be,11,-0.24598630455626513,-0.24196556462003463
38,g065_shrubs_bd,11,-0.5111212034063359,-0.02976618675644559
38,g066_grass_nat,11,0.4954788332433605,0.78126602744592
38,g067_grass_nat,11,-0.5287774069454767,-0.24509359241099513
38,g068_grass_nat,11,-0.6140907323997133,-0.2819768454674217
39,g022_grass_man,10,-1.7307820351914498,0.01558481563919247
39,g024_trees_ne,11,-0.06141629042845187,0.012456175660331395
39,g025_grass_nat,11,-0.6923877125214093,0.08225387655898854
39,g026_grass_nat,11,-0.26581546584399685,-0.11071848947456385
39,g027_grass_nat,9,-0.417573836117374,-0.11705692581955944
39,g028_shrubs_ne,11,-0.6479150259751827,-0.5692659256344111
39,g029_trees_bd,10,-0.2429088264425565,0.20192454342755786
39,g030_grass_nat,11,0.10319223787247145,0.40909214082658674
39,g031_grass_nat,10,-0.15237437517617836,0.21313213593424635
39,g032_shrubs_bd,11,-0.052966883233219964,0.2912412750412609
39,g033_grass_nat,11,-0.10695530546912102,0.2643257551942133
39,g034_grass_man,11,-0.44600857811653394,0.03037229560862522
39,g035_grass_man,11,0.17233754023516112,0.7885822535871412
39,g036_trees_ne,10,-0.027159741100829082,0.31553792199704367
39,g037_trees_be,10,-1.2669931570507469,-0.6576971287759283
39,g038_grass_nat,10,-0.1223936118146467,0.6336187312788859
39,g040_trees_be,10,-0.007490209407670312,0.18060748996009604
39,g042_grass_nat,11,-0.09932901686918005,0.3630586080400691
39,g043_grass_man,8,-0.24912710607113753,-0.42893394278026803
39,g044_grass_man,11,-1.0873736381154946,-0.24846760149874997
39,g045_grass_nat,11,-0.20380968613764572,0.4606140559132966
39,g046_grass_man,11,-1.2898912622753875,-0.15332506582086644
39,g047_trees_bd,11,-0.7311811468468064,0.27754064301296727
39,g048_shrubs_bd,11,-2.7848791098094754,-0.18609755907974798
39,g049_trees_be,11,-0.06475294276809285,-0.027596800470648258
39,g050_grass_nat,10,-0.30311674214400663,-0.3685831440680879
39,g051_shrubs_bd,11,-0.22616753630911735,-0.002819899165093617
39,g055_shrubs_bd,11,-0.07716971936751404,0.39986102267146295
39,g057_grass_man,11,0.37702532935557,0.6344021432754032
39,g058_shrubs_be,11,-1.0031495385233886,-0.1904497347372708
39,g059_grass_man,11,-0.06568109052359872,0.24474392845044726
39,g060_shrubs_be,10,0.13089469275968424,0.4525489897626154
39,g061_grass_nat,11,-0.21002057573297717,0.14316807355920197
39,g062_grass_nat,11,-0.25268092807992515,0.21691024859472993
39,g063_shrubs_bd,11,0.0887338675644036,0.3741631289412095
39,g064_shrubs_be,10,-0.24951108880097195,-0.23632122866620298
39,g065_shrubs_bd,11,-0.3252826015162027,0.06026404159763248
39,g066_grass_nat,11,0.6622265832257634,0.8350425293990261
39,g067_grass_nat,11,-0.3195416102684554,-0.47373253009708455
39,g068_grass_nat,11,-0.12602172486357222,0.13716294575756038
40,g025_grass_nat,8,-1.0835818492218947,-0.49243591897908495
40,g026_grass_nat,8,-0.6260925543651221,-0.3256708667521717
40,g028_shrubs_ne,11,-0.0200950551068233,0.30527105373630864
40,g029_trees_bd,10,-0.12221838629087434,0.05412828987081551
40,g030_grass_nat,9,-0.4135344468344482,0.0005518384114980222
40,g031_grass_nat,9,-0.5864781536442727,-0.14076417436253885
40,g032_shrubs_bd,10,-0.8082798860611173,-0.4519315992320492
40,g033_grass_nat,11,-0.320484313664146,-0.024418121504380705
40,g034_grass_man,11,-0.12430639208222471,-0.12708578783996127
40,g035_grass_man,11,-0.3121003252629597,0.2837819303233343
40,g036_trees_ne,10,-0.34578539112456985,0.19742955016556668
40,g037_trees_be,9,0.09632158281670178,0.31043375995615824
40,g038_grass_nat,11,-2.6876093925012254,0.4715249152056127
40,g040_trees_be,10,-0.16927882173692677,0.16121740536566503
40,g042_grass_nat,11,-0.5525305047285569,0.19099400610977277
40,g043_grass_man,9,0.01260606643073392,0.3338062882113834
40,g044_grass_man,11,-0.7575703461915844,-0.005864599462851328
40,g045_grass_nat,11,0.035784954085071874,0.5715187013772262
40,g046_grass_man,11,-0.3120576884556667,-0.16652857098747184
40,g047_trees_bd,11,-0.4346216587166867,0.1851259828881221
40,g048_shrubs_bd,11,-0.4084907600809349,0.23492171699378642
40,g049_trees_be,11,-0.0070577476263948835,0.13149826915894933
40,g050_grass_nat,10,-0.1861996657815237,-0.05084519646554205
40,g051_shrubs_bd,11,-0.11490206272655512,0.17598547687040023
40,g055_shrubs_bd,11,0.39566861736535064,0.7004600936096955
40,g056_trees_bd,9,-0.26973523607905636,-0.46321798324267555
40,g057_grass_man,11,-0.5136832185607669,-0.10545437887702853
40,g058_shrubs_be,11,-0.23040945540393465,-0.007492447806302612
40,g059_grass_man,11,-0.5922308333960267,0.10485094925032615
40,g060_shrubs_be,11,-0.129160580203044,0.35845481343559
40,g061_grass_nat,11,-0.6167394726522395,0.03805432781337099
40,g062_grass_nat,8,-0.4552061332035151,0.1355849296566886
40,g063_shrubs_bd,11,-0.6636172586335749,-0.2407326783933967
40,g064_shrubs_be,11,-0.031199495166285285,0.23481906562967145
40,g065_shrubs_bd,11,-0.08292532884512704,0.0721440958413026
40,g066_grass_nat,11,0.3283856895707642,0.5803474992296486
40,g067_grass_nat,11,-1.0877191295063167,-0.3651351232205284
40,g068_grass_nat,11,-0.29239769886430667,-0.09492245696034528
40,g069_trees_nd,8,-0.8586849574618873,-0.49565877930733837
41,g028_shrubs_ne,11,-0.2833103882022694,0.27042700720716967
41,g030_grass_nat,9,-0.28105837779584,-0.09287798057767685
41,g032_shrubs_bd,11,-0.019754259676419528,0.15762752076310574
41,g033_grass_nat,11,-0.6039930092307406,-0.039525435776595036
41,g034_grass_man,11,-0.3782942345476794,-0.6151054329145692
41,g035_grass_man,9,-0.8132672132463747,-0.0737467751498125
41,g036_trees_ne,8,-0.03388900665226857,0.4361219203233249
41,g037_trees_be,10,-0.3026310855023564,-0.10483858561541204
41,g038_grass_nat,11,0.14322553928566883,0.6993047448372315
41,g039_trees_be,10,-2.335222375843352,0.1307376886703322
41,g040_trees_be,8,-0.055812601715859556,-0.05133288231768985
41,g042_grass_nat,11,-1.7655982118210396,0.2597699633601373
41,g043_grass_man,9,-0.1494800546726034,0.15095588445879088
41,g044_grass_man,11,-0.9161808477984452,-0.01870619727848039
41,g045_grass_nat,11,-0.12944054211773182,0.3020093251277255
41,g046_grass_man,11,0.33229566651490716,0.5952358144620297
41,g047_trees_bd,11,-2.1165622174263223,-0.06024796629392501
41,g048_shrubs_bd,11,-0.7164292972716719,-0.04825400035285942
41,g049_trees_be,11,-0.2861207723447152,0.07966910456403124
41,g050_grass_nat,11,-0.2880204623487106,-0.17863045771498826
41,g051_shrubs_bd,11,-0.42604701809825385,-0.0879836268623917
41,g055_shrubs_bd,11,-0.5881258786689059,0.45560787989940243
41,g056_trees_bd,8,-0.2863145501081479,-0.2839077930682705
41,g057_grass_man,11,-0.2821274837710299,0.13936447425034518
41,g058_shrubs_be,11,0.21292186315583805,0.7414807752242718
41,g059_grass_man,11,-0.2970063448259981,-0.3139008232817105
41,g060_shrubs_be,9,-0.2344912639172827,0.31085603698961456
41,g061_grass_nat,11,-0.09146963887824344,0.3903819047805695
41,g063_shrubs_bd,11,0.09865826044609083,0.4292916937225885
41,g064_shrubs_be,11,-0.37017359099944813,-0.12581018302183017
41,g065_shrubs_bd,11,-0.17187426934291627,0.43044024449628476
41,g066_grass_nat,11,-0.01572924929974029,0.4726873082605058
41,g067_grass_nat,11,-0.14515213920318404,-0.07123604976480256
41,g068_grass_nat,11,-0.7986687922584383,-0.4031139195860343
42,g029_trees_bd,9,-0.10399436959226338,-0.21552728030684187
42,g030_grass_nat,10,-0.005841585344455336,0.14273914257366907
42,g032_shrubs_bd,11,-0.2606052562995329,0.14776098714288602
42,g033_grass_nat,10,-0.40968238084549147,-0.11389111699232858
42,g034_grass_man,11,-0.776286263709915,-0.29294849498849773
42,g035_grass_man,11,-0.3498583237716708,0.10325609333920271
42,g036_trees_ne,8,-0.4876068464658778,0.34868302701126624
42,g037_trees_be,10,-0.4594668047852988,0.22633547122146888
42,g038_grass_nat,11,-1.1139293118819324,0.4072473298198183
42,g039_trees_be,10,-0.17439172869972674,-0.0031738529162829423
42,g040_trees_be,11,-0.1456536178124952,-0.0012550298147723455
42,g042_grass_nat,11,-0.4218854632418969,-0.036257031728290326
42,g043_grass_man,8,-0.5362843371393333,-0.5053507806108084
42,g044_grass_man,11,-1.6174185749890615,0.2881964243774406
42,g045_grass_nat,11,-0.02166467830989438,0.5105845871164764
42,g046_grass_man,11,-0.22265552852632986,-0.21474272626447086
42,g047_trees_bd,11,-1.4005503071308234,0.04818237103098013
42,g048_shrubs_bd,11,-1.0592235421001983,-0.1881113855191687
42,g049_trees_be,10,-0.5359478815548993,0.03370642464858778
42,g050_grass_nat,8,-6.703182254078153,-0.6415152488896495
42,g051_shrubs_bd,11,-0.584484582531128,-0.055036751154873095
42,g055_shrubs_bd,11,0.1110332871244265,0.3692920125406885
42,g056_trees_bd,9,-0.1796976900464018,-0.10240761657731104
42,g057_grass_man,11,-0.13909540585506996,0.4286617983242054
42,g058_shrubs_be,11,0.10126824560748549,0.42720358658917446
42,g059_grass_man,11,-0.3632959595604157,-0.007162433632475257
42,g060_shrubs_be,11,0.13063412272961927,0.46454593073812633
42,g061_grass_nat,11,0.19757478659497174,0.45506594682286905
42,g062_grass_nat,9,0.373980225143959,0.6407102934662299
42,g063_shrubs_bd,11,0.25804259036349764,0.6040382074122199
42,g064_shrubs_be,10,-0.050361822162338976,-0.05096479781144419
42,g065_shrubs_bd,11,-0.5110847591436825,-0.40673465964299516
42,g066_grass_nat,11,-0.23261372330650487,-0.09479383559309346
42,g067_grass_nat,11,-0.5942317271586397,0.14781916272683382
42,g068_grass_nat,11,0.024574828338251753,0.29138523528824556
42,g069_trees_nd,8,-0.07888046699329943,0.19797237795401318
43,g030_grass_nat,10,0.32711517734861617,0.6363231483559172
43,g032_shrubs_bd,11,-0.05294768532558547,-0.011962013398333629
43,g033_grass_nat,11,-0.7921196735203859,0.05089529844128405
43,g034_grass_man,11,-0.06413725868859665,0.07026936309588909
43,g035_grass_man,10,-0.20103482698094988,0.14279586741704442
43,g036_trees_ne,8,0.06270873304541869,0.2652880500246205
43,g037_trees_be,11,-0.38024510781817056,-0.6463474316898238
43,g038_grass_nat,11,-2.3342747020628556,0.17671777395583915
43,g039_trees_be,10,-2.1051009573107926,0.1491100281897098
43,g040_trees_be,9,0.1811218458271322,0.7776142430663545
43,g042_grass_nat,11,-0.4141499914357831,0.019888981984804936
43,g043_grass_man,8,-0.13732196706662436,-0.09272660781863797
43,g044_grass_man,11,-5.650063082784693,-0.216876168880273
43,g045_grass_nat,11,0.21546551932996938,0.5307863045163684
43,g046_grass_man,11,-0.17929147667944556,0.22649047914317752
43,g047_trees_bd,11,-2.488220577449323,0.09428557144425534
43,g048_shrubs_bd,11,-1.3507861780966128,-0.3181737326323958
43,g049_trees_be,11,-0.8123296669353195,-0.5088689766823392
43,g050_grass_nat,11,-1.1311514547463037,-0.08047593161744576
43,g051_shrubs_bd,11,-0.509034950418038,0.05944778116482357
43,g055_shrubs_bd,11,0.2590776818531162,0.5518341942471854
43,g056_trees_bd,9,-0.18637197565172636,-0.1228609702497333
43,g057_grass_man,10,-0.6312992063304093,0.36661206238551464
43,g058_shrubs_be,11,0.14941954683581937,0.5288733661437905
43,g059_grass_man,11,-0.83092470185294,-0.15284011026977876
43,g060_shrubs_be,9,0.061309201937543745,0.5589725863556383
43,g061_grass_nat,10,-0.0274641723097111,0.23380872560526011
43,g062_grass_nat,8,0.2790704019573039,0.5461999571312951
43,g063_shrubs_bd,11,0.2568757942014066,0.6469638205127611
43,g064_shrubs_be,11,-0.0821991238948574,-0.08501705133963422
43,g065_shrubs_bd,11,-0.0909968994449124,0.16389561097280891
43,g066_grass_nat,11,0.3380016258765144,0.7110756703924805
43,g067_grass_nat,11,-0.5456488832278483,-0.3225924922338763
43,g068_grass_nat,11,-0.4973519477153512,-0.00451726462382221
44,g030_grass_nat,11,0.13803981561228817,0.4158213622287237
44,g032_shrubs_bd,10,-0.0824082406322435,0.0584868710515434
44,g033_grass_nat,10,-0.9909544325682249,0.11701807771465374
44,g034_grass_man,11,-0.1430346968328493,0.09517331659449721
44,g035_grass_man,11,-0.12211957619582381,0.030634592312286546
44,g037_trees_be,11,0.016436104044832756,0.2674417020594129
44,g038_grass_nat,11,-3.0427589513692688,0.6628661085495325
44,g039_trees_be,9,-0.2098787058275402,-0.2500012656613644
44,g040_trees_be,9,-0.07127356057142697,0.044032756699436064
44,g042_grass_nat,11,0.018830685578092865,0.2781510101948213
44,g043_grass_man,9,0.08430169093874429,0.36311594026021415
44,g044_grass_man,11,-2.3075915637366187,0.08659181643886746
44,g045_grass_nat,11,0.0009429040595481109,0.4088199952843839
44,g046_grass_man,11,0.48341927226893167,0.7709575514961031
44,g047_trees_bd,11,-2.456577296614787,-0.03413431004496107
44,g048_shrubs_bd,11,-1.140118012838486,-0.6100350131440699
44,g049_trees_be,11,-0.707558008787313,0.02345718001860566
44,g050_grass_nat,10,-0.07642620159613522,-0.1636403069902973
44,g051_shrubs_bd,11,-1.0780986621060902,0.1295593746369372
44,g053_trees_be,9,-0.09290622867151077,0.09407631949099592
44,g055_shrubs_bd,11,-0.11228540333853787,0.285817824998261
44,g056_trees_bd,8,-1.5997177373712632,0.08657830260228593
44,g057_grass_man,11,-0.21381299016389455,0.3951578121396267
44,g058_shrubs_be,11,0.6711173183627344,0.8391404036097092
44,g059_grass_man,11,-0.07676295537787814,-0.010286537544656745
44,g061_grass_nat,9,0.18594519444256696,0.43702937340443443
44,g062_grass_nat,8,-0.7222493396254073,0.04884976268310741
44,g063_shrubs_bd,11,-1.052216992867601,0.17265345972200202
44,g064_shrubs_be,11,-0.14668747827166917,-0.20057708967011917
44,g065_shrubs_bd,11,-0.45848477285356526,0.248088743459376
44,g066_grass_nat,11,0.5203171215544465,0.8608084126095433
44,g067_grass_nat,11,0.041069294673833134,0.6003769674892161
44,g068_grass_nat,11,-0.1445878973167698,-0.6591524078657004
44,g069_trees_nd,9,-0.03771309138530077,0.4809079073274479
45,g030_grass_nat,11,0.16486926125465673,0.5043691849041442
45,g032_shrubs_bd,11,-0.18708109290922526,0.1540625662608503
45,g033_grass_nat,10,-0.07508644128989062,0.3325543750516011
45,g034_grass_man,11,0.24696386288397143,0.54421138517284
45,g035_grass_man,10,-0.47092236759967765,0.017226712595338936
45,g036_trees_ne,8,-0.7385959362329486,-0.19498003120362672
45,g037_trees_be,11,-0.3393704471530239,-0.33924507256601866
45,g038_grass_nat,11,-0.21207270986109772,0.41023427270107776
45,g039_trees_be,11,-0.13089178481966157,-0.14157094586228244
45,g040_trees_be,8,0.17265791565457567,0.6476798893761957
45,g042_grass_nat,11,-0.32758791864289605,-0.14252572554271878
45,g043_grass_man,11,-0.20777789236219912,-0.013505028077299393
45,g044_grass_man,11,-0.9562944316078188,-0.03775339195864413
45,g045_grass_nat,11,-0.5943277732816346,0.06746425320830524
45,g046_grass_man,11,0.16867083036909147,0.4849965380701932
45,g047_trees_bd,11,-0.5789991546031099,0.555048528489291
45,g048_shrubs_bd,11,-0.976340780095039,-0.4122247146155756
45,g049_trees_be,11,-0.40076035660585374,-0.00435102896486095
45,g050_grass_nat,10,0.20686245271018122,0.5618809595454961
45,g051_shrubs_bd,11,0.23321495041478713,0.6343606076183228
45,g055_shrubs_bd,11,-1.350677016417447,0.4710145909572896
45,g056_trees_bd,9,-1.6053129958381365,-0.3744114332175772
45,g057_grass_man,11,-0.3267915268244719,0.37264217667213956
45,g058_shrubs_be,11,0.3278029338189077,0.6705392154254161
45,g059_grass_man,10,-0.2554549616635422,0.1802008479317041
45,g061_grass_nat,10,-3.83491973027395,-0.5470841860208886
45,g062_grass_nat,8,-0.25886687340502323,0.09038902161621948
45,g063_shrubs_bd,11,0.15405852206666448,0.517737867745483
45,g064_shrubs_be,9,-1.4388673685733697,-0.5906451266830517
45,g065_shrubs_bd,11,-0.2545293660691752,-0.12528104940291399
45,g066_grass_nat,11,0.3261797521167329,0.7346465770654427
45,g067_grass_nat,11,-0.021633688548048813,0.3542708894296023
45,g068_grass_nat,11,-0.44051794480752493,0.2370944727012118
46,g030_grass_nat,11,-0.11047127996459705,0.31379355730754577
46,g032_shrubs_bd,10,-0.10434345686458202,0.14217938575137784
46,g033_grass_nat,11,-0.3162950568488778,-0.24048373005838058
46,g034_grass_man,11,0.09383983328450818,0.3361079389225649
46,g035_grass_man,11,-0.3105558039038492,0.07291337631993207
46,g037_trees_be,8,-0.18640381680680007,-0.06824659487492533
46,g038_grass_nat,11,-1.255045704372236,0.3376644053001591
46,g039_trees_be,9,0.10127288972592585,0.5142394831848898
46,g040_trees_be,8,-0.41465355793202296,0.4744854448354404
46,g042_grass_nat,11,-1.6637216540482314,0.00830343855615237
46,g043_grass_man,9,-0.4281622990810763,0.12486260119262507
46,g044_grass_man,11,-1.1806317144053238,0.2660119090444673
46,g045_grass_nat,11,-0.2930268984015676,0.40360937832616617
46,g046_grass_man,10,-0.7326601303553639,-0.10303896963943418
46,g047_trees_bd,11,-1.0457894465345774,0.31850928250718474
46,g048_shrubs_bd,11,-0.2871348046854292,-0.1220900536231771
46,g049_trees_be,11,-0.4461389111198353,0.2289152647980591
46,g050_grass_nat,11,-0.27648813001275485,-0.10106368557303623
46,g051_shrubs_bd,11,-0.7226021139351142,0.04586628343936932
46,g053_trees_be,8,-0.9840287099972302,-0.4207477132248263
46,g055_shrubs_bd,11,-0.27074178828601747,0.2939308721391714
46,g056_trees_bd,11,-1.3901109515473395,0.18735968655714308
46,g057_grass_man,11,0.3705201865759141,0.6880388115042784
46,g058_shrubs_be,11,0.16550459656887395,0.48664536933361485
46,g059_grass_man,10,0.10149825162534498,0.3261870995958293
46,g060_shrubs_be,10,-1.0834618111037173,-0.7540587796279039
46,g061_grass_nat,11,-0.49889435308070285,0.09486685795503316
46,g062_grass_nat,10,-0.08651134527700233,0.28359506290024195
46,g063_shrubs_bd,10,-0.014016319579074121,0.3338157211036745
46,g064_shrubs_be,11,-0.11226414577916954,0.30981261684691347
46,g065_shrubs_bd,11,-0.005003288722748911,0.45108854388050307
46,g066_grass_nat,11,0.46046337826463624,0.7797266879134176
46,g067_grass_nat,11,-0.3338083939041463,-0.17921856278052603
46,g068_grass_nat,11,-0.39651606389904037,0.5825632768937293
