date,LAI,tmmx,tmmn,pr,srad,vpd,sph,vs,lat,lon,source_file
2000-02-18,1.2221100194742087,282.6875,273.525,13.250000000000002,117.92500000000001,0.26125,0.00449625,4.275,41.400000000000006,-123.68333330000002,HiQ_LAI_WGS84_5km_8day_2000049.regrid.nc
2000-02-26,2.2034761596705374,283.54999999999995,273.8625,37.4375,103.375,0.27999999999999997,0.004645000000000001,5.125,41.400000000000006,-123.68333330000002,HiQ_LAI_WGS84_5km_8day_2000057.regrid.nc
2000-03-05,2.5446065460945535,283.5,272.5875,11.5,147.4625,0.3675,0.0037975000000000005,4.85,41.400000000000006,-123.68333330000002,HiQ_LAI_WGS84_5km_8day_2000065.regrid.nc
2000-03-13,2.6143065505758076,286.4375,273.8125,6.7125,185.525,0.46375,0.00426125,3.4875000000000003,41.400000000000006,-123.68333330000002,HiQ_LAI_WGS84_5km_8day_2000073.regrid.nc
2000-03-21,3.896020130285744,287.95,274.0375,0.21250000000000002,226.8125,0.55875,0.00421625,3.0125,41.400000000000006,-123.68333330000002,HiQ_LAI_WGS84_5km_8day_2000081.regrid.nc
2000-03-29,3.5528944776135165,293.0875,277.65,0.0,281.375,0.93625,0.004635,3.7625000000000006,41.400000000000006,-123.68333330000002,HiQ_LAI_WGS84_5km_8day_2000089.regrid.nc
2000-04-06,3.470555569500429,291.5125,277.475,8.312500000000002,241.6125,0.675,0.005532500000000001,2.7125000000000004,41.400000000000006,-123.68333330000002,HiQ_LAI_WGS84_5km_8day_2000097.regrid.nc
2000-04-14,3.330667255241724,288.625,276.7625,11.325000000000001,207.1375,0.47250000000000003,0.0055175,2.4625000000000004,41.400000000000006,-123.68333330000002,HiQ_LAI_WGS84_5km_8day_2000105.regrid.nc
2000-04-22,3.1029487867418126,288.38750000000005,274.4375,3.75,247.0,0.53375,0.00464,3.1000000000000005,41.400000000000006,-123.68333330000002,HiQ_LAI_WGS84_5km_8day_2000113.regrid.nc
2000-04-30,2.7189422316847516,290.35,277.75,7.025,251.20000000000002,0.60375,0.005531250000000001,2.6375,41.400000000000006,-123.68333330000002,HiQ_LAI_WGS84_5km_8day_2000121.regrid.nc
2000-05-08,2.3176610918869134,289.025,277.7,25.15,250.65000000000003,0.545,0.00540625,3.825,41.400000000000006,-123.68333330000002,HiQ_LAI_WGS84_5km_8day_2000129.regrid.nc
2000-05-16,3.882260772848032,296.4,281.2625,0.1375,356.725,0.985,0.00686375,3.2125,41.400000000000006,-123.68333330000002,HiQ_LAI_WGS84_5km_8day_2000137.regrid.nc
2000-05-24,3.7757384437474686,292.5375,279.45000000000005,2.4125,298.175,0.685,0.006342500000000001,4.0125,41.400000000000006,-123.68333330000002,HiQ_LAI_WGS84_5km_8day_2000145.regrid.nc
2000-06-01,3.8969928982025026,297.7125,282.30000000000007,4.6875,302.0875,1.15,0.0067800000000000004,2.3375000000000004,41.400000000000006,-123.68333330000002,HiQ_LAI_WGS84_5km_8day_2000153.regrid.nc
2000-06-09,4.27055556950043,298.32500000000005,282.8125,6.6625000000000005,295.52500000000003,1.25125,0.0070437500000000005,4.4625,41.400000000000006,-123.68333330000002,HiQ_LAI_WGS84_5km_8day_2000161.regrid.nc
2000-06-17,4.35454230434812,302.775,285.4125,0.0,370.925,1.73,0.007320000000000001,3.975,41.400000000000006,-123.68333330000002,HiQ_LAI_WGS84_5km_8day_2000169.regrid.nc
2000-06-25,4.602175772449542,302.82500000000005,286.07500000000005,0.08750000000000001,369.75,1.72125,0.007810000000000001,3.0250000000000004,41.400000000000006,-123.68333330000002,HiQ_LAI_WGS84_5km_8day_2000177.regrid.nc
2000-07-03,4.510018308980472,297.875,283.51250000000005,1.8375000000000001,311.71250000000003,1.0725,0.00773,2.7875,41.400000000000006,-123.68333330000002,HiQ_LAI_WGS84_5km_8day_2000185.regrid.nc
2000-07-11,4.723430226904576,300.9375,285.9,0.0,345.88750000000005,1.4125,0.00816375,2.3375000000000004,41.400000000000006,-123.68333330000002,HiQ_LAI_WGS84_5km_8day_2000193.regrid.nc
2000-07-19,4.774070796803495,301.5125,285.975,0.25,346.25,1.4525000000000001,0.008391250000000001,2.9875000000000007,41.400000000000006,-123.68333330000002,HiQ_LAI_WGS84_5km_8day_2000201.regrid.nc
2000-07-27,4.7926655889746375,304.5375,287.92499999999995,0.0,335.20000000000005,1.8150000000000002,0.009152500000000001,3.1,41.400000000000006,-123.68333330000002,HiQ_LAI_WGS84_5km_8day_2000209.regrid.nc
2000-08-04,4.700508125505568,303.225,285.8625,0.5,324.275,1.71,0.007984999999999999,2.625,41.400000000000006,-123.68333330000002,HiQ_LAI_WGS84_5km_8day_2000217.regrid.nc
2000-08-12,4.811338516410838,300.9375,282.975,0.0,319.77500000000003,1.5412500000000002,0.006426250000000001,3.9,41.400000000000006,-123.68333330000002,HiQ_LAI_WGS84_5km_8day_2000225.regrid.nc
2000-08-20,4.947633468101422,303.1375,284.575,0.0,303.3,1.7725000000000002,0.007040000000000001,3.0000000000000004,41.400000000000006,-123.68333330000002,HiQ_LAI_WGS84_5km_8day_2000233.regrid.nc
2000-08-28,4.7888029221579655,297.7,282.475,4.0375000000000005,260.4125,1.22125,0.006785000000000001,3.1750000000000003,41.400000000000006,-123.68333330000002,HiQ_LAI_WGS84_5km_8day_2000241.regrid.nc
2000-09-05,4.916013265152309,299.4,282.7125,0.0,251.8,1.3225000000000002,0.006903750000000001,3.3125,41.400000000000006,-123.68333330000002,HiQ_LAI_WGS84_5km_8day_2000249.regrid.nc
2000-09-13,4.8705555695004294,302.5375,286.8625,0.1,224.05,1.72625,0.00787,3.8625000000000003,41.400000000000006,-123.68333330000002,HiQ_LAI_WGS84_5km_8day_2000257.regrid.nc
2000-09-21,4.679679245829197,298.9625,282.0875,0.0,227.70000000000002,1.38375,0.005845,2.75,41.400000000000006,-123.68333330000002,HiQ_LAI_WGS84_5km_8day_2000265.regrid.nc
2000-09-29,4.475777511379997,297.9,281.7875,0.0,206.90000000000003,1.2575,0.00595125,3.2750000000000004,41.400000000000006,-123.68333330000002,HiQ_LAI_WGS84_5km_8day_2000273.regrid.nc
2000-10-07,3.9411303864240157,290.65,278.95,9.762500000000001,145.2125,0.6375000000000001,0.005902500000000001,2.8000000000000003,41.400000000000006,-123.68333330000002,HiQ_LAI_WGS84_5km_8day_2000281.regrid.nc
2000-10-15,3.619954067234038,290.275,277.66249999999997,11.6875,160.10000000000002,0.5750000000000001,0.005682500000000001,3.3875,41.400000000000006,-123.68333330000002,HiQ_LAI_WGS84_5km_8day_2000289.regrid.nc
2000-10-23,3.5065030816774057,287.8375,277.8,29.35,128.27500000000003,0.5062500000000001,0.00525875,4.55,41.400000000000006,-123.68333330000002,HiQ_LAI_WGS84_5km_8day_2000297.regrid.nc
2000-10-31,3.5402165063491555,287.0125,275.975,0.225,112.18750000000001,0.47625,0.00476,3.0875,41.400000000000006,-123.68333330000002,HiQ_LAI_WGS84_5km_8day_2000305.regrid.nc
2000-11-08,2.965333627620862,281.20000000000005,271.51250000000005,11.275,103.03750000000001,0.28500000000000003,0.00360375,3.075,41.400000000000006,-123.68333330000002,HiQ_LAI_WGS84_5km_8day_2000313.regrid.nc
2000-11-16,3.074804743463238,283.82500000000005,273.2625,4.737500000000001,103.8125,0.4075,0.0037387500000000003,2.5500000000000003,41.400000000000006,-123.68333330000002,HiQ_LAI_WGS84_5km_8day_2000321.regrid.nc
2000-11-24,2.769235362070063,284.1125,274.125,15.575000000000001,82.5625,0.325,0.004505,3.5375000000000005,41.400000000000006,-123.68333330000002,HiQ_LAI_WGS84_5km_8day_2000329.regrid.nc
2000-12-02,2.8692744297025907,287.975,275.1625,0.275,97.125,0.71375,0.00336,2.0250000000000004,41.400000000000006,-123.68333330000002,HiQ_LAI_WGS84_5km_8day_2000337.regrid.nc
2000-12-10,3.0332878498930866,281.0625,271.2375,23.9375,71.025,0.34500000000000003,0.00311,4.7625,41.400000000000006,-123.68333330000002,HiQ_LAI_WGS84_5km_8day_2000345.regrid.nc
2000-12-18,3.241130386424016,283.5,272.9,11.225000000000001,66.65,0.49125,0.0030375000000000003,4.050000000000001,41.400000000000006,-123.68333330000002,HiQ_LAI_WGS84_5km_8day_2000353.regrid.nc
2000-12-26,3.2277184684999116,286.95,274.50000000000006,0.0,96.21666666666668,0.6583333333333333,0.003196666666666667,1.8666666666666665,41.400000000000006,-123.68333330000002,HiQ_LAI_WGS84_5km_8day_2000361.regrid.nc
2001-01-01,2.6826472799941676,287.425,275.575,3.2750000000000004,69.025,0.6312500000000001,0.0037925000000000003,3.475,41.400000000000006,-123.68333330000002,HiQ_LAI_WGS84_5km_8day_2001001.regrid.nc
2001-01-09,2.555823444145959,280.75,270.13750000000005,5.6000000000000005,89.0625,0.35125,0.0028575000000000002,4.1,41.400000000000006,-123.68333330000002,HiQ_LAI_WGS84_5km_8day_2001009.regrid.nc
2001-01-17,2.7597251785951595,283.675,273.13750000000005,2.4499999999999997,79.525,0.4475,0.0033962500000000004,3.5875000000000004,41.400000000000006,-123.68333330000002,HiQ_LAI_WGS84_5km_8day_2001017.regrid.nc
2001-01-25,2.4558234441459588,282.51250000000005,270.7125,7.4125000000000005,105.85,0.43625,0.00283875,4.45,41.400000000000006,-123.68333330000002,HiQ_LAI_WGS84_5km_8day_2001025.regrid.nc
2001-02-02,2.5917709563229354,282.7375,272.8625,7.687500000000001,107.0375,0.28125,0.00430875,3.8625000000000003,41.400000000000006,-123.68333330000002,HiQ_LAI_WGS84_5km_8day_2001033.regrid.nc
2001-02-10,2.213372850291577,281.04999999999995,271.35,8.9875,125.7125,0.27625,0.00361625,4.7625,41.400000000000006,-123.68333330000002,HiQ_LAI_WGS84_5km_8day_2001041.regrid.nc
2001-02-18,2.6532028494945967,281.3125,272.6875,17.675,91.85000000000001,0.20375000000000001,0.00434625,4.2625,41.400000000000006,-123.68333330000002,HiQ_LAI_WGS84_5km_8day_2001049.regrid.nc
2001-02-26,3.0150404972355505,285.15,272.8125,12.587500000000002,161.60000000000002,0.4325,0.00391875,3.6625,41.400000000000006,-123.68333330000002,HiQ_LAI_WGS84_5km_8day_2001057.regrid.nc
2001-03-06,3.329347047811358,287.7875,274.23749999999995,0.0,212.175,0.53375,0.00444,4.0125,41.400000000000006,-123.68333330000002,HiQ_LAI_WGS84_5km_8day_2001065.regrid.nc
2001-03-14,3.545360312963667,288.0875,276.075,0.7875000000000001,143.2375,0.4625,0.005345000000000001,2.225,41.400000000000006,-123.68333330000002,HiQ_LAI_WGS84_5km_8day_2001073.regrid.nc
2001-03-22,4.1463132606710555,288.9125,276.63750000000005,10.525,209.95000000000002,0.445,0.0058312500000000005,3.7625,41.400000000000006,-123.68333330000002,HiQ_LAI_WGS84_5km_8day_2001081.regrid.nc
2001-03-30,3.846699767817191,286.04999999999995,272.8375,6.8875,219.8125,0.4425,0.00423875,3.7,41.400000000000006,-123.68333330000002,HiQ_LAI_WGS84_5km_8day_2001089.regrid.nc
2001-04-07,3.5220709518416813,284.825,271.775,4.4375,231.96250000000003,0.41625,0.0037775000000000005,3.9875,41.400000000000006,-123.68333330000002,HiQ_LAI_WGS84_5km_8day_2001097.regrid.nc
2001-04-15,3.8103266808615515,287.3625,274.86249999999995,10.475000000000001,200.525,0.45500000000000007,0.00480625,3.8250000000000006,41.400000000000006,-123.68333330000002,HiQ_LAI_WGS84_5km_8day_2001105.regrid.nc
2001-04-23,3.618208285025008,291.8875,277.7625,4.2375,249.675,0.67375,0.0058475,2.8000000000000003,41.400000000000006,-123.68333330000002,HiQ_LAI_WGS84_5km_8day_2001113.regrid.nc
2001-05-01,4.055436936999823,296.925,279.0125,0.0,337.225,1.315,0.0044975,4.0125,41.400000000000006,-123.68333330000002,HiQ_LAI_WGS84_5km_8day_2001121.regrid.nc
2001-05-09,4.059338671449024,296.7875,280.725,10.7625,290.6875,1.2112500000000002,0.00551625,3.775,41.400000000000006,-123.68333330000002,HiQ_LAI_WGS84_5km_8day_2001129.regrid.nc
2001-05-17,4.218594792171144,301.475,283.0625,0.1,365.8375,1.6712500000000001,0.006127500000000001,3.5875000000000004,41.400000000000006,-123.68333330000002,HiQ_LAI_WGS84_5km_8day_2001137.regrid.nc
2001-05-25,4.280940565417666,298.8375,282.175,0.0,344.725,1.38125,0.006115,3.45,41.400000000000006,-123.68333330000002,HiQ_LAI_WGS84_5km_8day_2001145.regrid.nc
2001-06-02,3.9956726907721363,295.25,279.725,0.037500000000000006,327.26250000000005,0.91625,0.006235000000000001,3.275,41.400000000000006,-123.68333330000002,HiQ_LAI_WGS84_5km_8day_2001153.regrid.nc
2001-06-10,3.8862015749297605,297.6875,281.375,0.0625,341.32500000000005,1.2174999999999998,0.00604875,3.6375,41.400000000000006,-123.68333330000002,HiQ_LAI_WGS84_5km_8day_2001161.regrid.nc
2001-07-04,3.9234692945371035,303.1,287.2625,0.65,335.0375,1.6212499999999999,0.008938750000000002,2.4625000000000004,41.400000000000006,-123.68333330000002,HiQ_LAI_WGS84_5km_8day_2001185.regrid.nc
2001-07-12,4.474109864436022,300.40000000000003,283.9125,0.675,350.76250000000005,1.2725,0.008127500000000001,3.6250000000000004,41.400000000000006,-123.68333330000002,HiQ_LAI_WGS84_5km_8day_2001193.regrid.nc
2001-07-20,4.400547193138095,304.1125,286.4625,0.0,349.875,1.94625,0.0075450000000000005,3.7750000000000004,41.400000000000006,-123.68333330000002,HiQ_LAI_WGS84_5km_8day_2001201.regrid.nc
2001-07-28,4.300199753624487,301.11249999999995,284.65,0.9875,322.5,1.4,0.0079675,3.0125,41.400000000000006,-123.68333330000002,HiQ_LAI_WGS84_5km_8day_2001209.regrid.nc
2001-08-05,4.369899758105742,305.75,288.8,0.0,320.07500000000005,2.14375,0.008436250000000001,2.5125,41.400000000000006,-123.68333330000002,HiQ_LAI_WGS84_5km_8day_2001217.regrid.nc
2001-08-13,4.856796212062718,303.5125,285.4,0.0,317.5625,1.79375,0.0075137500000000005,3.5,41.400000000000006,-123.68333330000002,HiQ_LAI_WGS84_5km_8day_2001225.regrid.nc
2001-08-21,4.763665980676889,301.125,284.975,1.7875,255.575,1.445,0.00805875,3.4750000000000005,41.400000000000006,-123.68333330000002,HiQ_LAI_WGS84_5km_8day_2001233.regrid.nc
2001-08-29,4.471508517207818,301.8625,284.575,0.0,277.15,1.57625,0.00741,3.5250000000000004,41.400000000000006,-123.68333330000002,HiQ_LAI_WGS84_5km_8day_2001241.regrid.nc
2001-09-06,4.2688879225564555,302.95,285.6,0.0,249.2,1.9825,0.00585625,3.1375,41.400000000000006,-123.68333330000002,HiQ_LAI_WGS84_5km_8day_2001249.regrid.nc
2001-09-14,4.4199149996015095,302.2,284.8,0.07500000000000001,238.85,1.77875,0.0063212500000000005,2.7375000000000003,41.400000000000006,-123.68333330000002,HiQ_LAI_WGS84_5km_8day_2001257.regrid.nc
2001-09-22,4.091770956322935,297.66249999999997,282.6,2.0,192.28750000000002,1.20125,0.0066625,2.5375000000000005,41.400000000000006,-123.68333330000002,HiQ_LAI_WGS84_5km_8day_2001265.regrid.nc
2001-09-30,4.465333627620863,299.1625,283.2625,0.0,203.275,1.5725,0.005303750000000001,2.35,41.400000000000006,-123.68333330000002,HiQ_LAI_WGS84_5km_8day_2001273.regrid.nc
2001-10-08,4.177464405747128,294.2875,280.1875,5.0125,181.5,1.0350000000000001,0.0051287500000000005,3.6500000000000004,41.400000000000006,-123.68333330000002,HiQ_LAI_WGS84_5km_8day_2001281.regrid.nc
2001-10-16,3.865333627620862,292.0375,279.52500000000003,9.7125,144.4375,0.88625,0.00488,3.6375,41.400000000000006,-123.68333330000002,HiQ_LAI_WGS84_5km_8day_2001289.regrid.nc
2001-10-24,3.5843149269381414,288.79999999999995,277.73749999999995,20.9375,112.5875,0.5325,0.005455000000000001,3.425,41.400000000000006,-123.68333330000002,HiQ_LAI_WGS84_5km_8day_2001297.regrid.nc
2001-11-01,3.261431893171662,288.73749999999995,277.29999999999995,0.037500000000000006,134.41250000000002,0.555,0.00515375,2.4125,41.400000000000006,-123.68333330000002,HiQ_LAI_WGS84_5km_8day_2001305.regrid.nc
2001-11-09,2.2856153141591378,285.8375,278.67499999999995,21.737500000000004,68.9375,0.2625,0.006362500000000001,5.5,41.400000000000006,-123.68333330000002,HiQ_LAI_WGS84_5km_8day_2001313.regrid.nc
2001-11-17,1.7454186280193522,283.65,274.95,33.025,72.8125,0.18625,0.00547125,6.5,41.400000000000006,-123.68333330000002,HiQ_LAI_WGS84_5km_8day_2001321.regrid.nc
2001-11-25,1.8202624391151176,279.51250000000005,272.125,41.8,73.0,0.15250000000000002,0.00416875,6.925000000000001,41.400000000000006,-123.68333330000002,HiQ_LAI_WGS84_5km_8day_2001329.regrid.nc
2001-12-03,2.338916119128159,281.0875,271.0,26.462500000000006,76.5625,0.2525,0.0037575000000000004,4.7625,41.400000000000006,-123.68333330000002,HiQ_LAI_WGS84_5km_8day_2001337.regrid.nc
2001-12-11,2.490778940983019,280.375,271.5625,28.187500000000004,54.56250000000001,0.20375000000000001,0.003952500000000001,5.9750000000000005,41.400000000000006,-123.68333330000002,HiQ_LAI_WGS84_5km_8day_2001345.regrid.nc
2001-12-19,2.15487049643857,281.1625,272.4375,12.625000000000002,77.325,0.27,0.00380875,4.425,41.400000000000006,-123.68333330000002,HiQ_LAI_WGS84_5km_8day_2001353.regrid.nc
2001-12-27,1.8003281920904504,284.34,276.21999999999997,20.9,51.580000000000005,0.298,0.005100000000000001,4.62,41.400000000000006,-123.68333330000002,HiQ_LAI_WGS84_5km_8day_2001361.regrid.nc
2002-01-01,1.5787455455449666,285.2125,276.025,42.837500000000006,56.550000000000004,0.2825,0.005475000000000001,6.550000000000001,41.400000000000006,-123.68333330000002,HiQ_LAI_WGS84_5km_8day_2002001.regrid.nc
2002-01-09,2.4428371010005177,282.45000000000005,271.5875,1.1375000000000002,96.78750000000001,0.355,0.00350375,3.275,41.400000000000006,-123.68333330000002,HiQ_LAI_WGS84_5km_8day_2002009.regrid.nc
2002-01-25,2.544040105533301,279.2125,269.5,19.6625,88.05000000000001,0.23875000000000002,0.0032162500000000004,4.0875,41.400000000000006,-123.68333330000002,HiQ_LAI_WGS84_5km_8day_2002025.regrid.nc
2002-02-02,2.461392825539134,284.2125,272.0875,19.675000000000004,107.30000000000001,0.36624999999999996,0.0039575,4.325,41.400000000000006,-123.68333330000002,HiQ_LAI_WGS84_5km_8day_2002033.regrid.nc
2002-02-10,2.755823444145959,286.5625,275.025,0.225,119.13750000000002,0.505,0.00421875,2.9125,41.400000000000006,-123.68333330000002,HiQ_LAI_WGS84_5km_8day_2002041.regrid.nc
2002-02-18,3.2293861154438863,287.125,275.32500000000005,27.012500000000003,102.925,0.40499999999999997,0.005197500000000001,4.9125000000000005,41.400000000000006,-123.68333330000002,HiQ_LAI_WGS84_5km_8day_2002049.regrid.nc
2002-02-26,3.3107522556402142,287.4125,273.7625,3.075,181.16250000000002,0.67875,0.0031650000000000003,4.3125,41.400000000000006,-123.68333330000002,HiQ_LAI_WGS84_5km_8day_2002057.regrid.nc
2002-03-06,2.981268757508116,282.79999999999995,272.05,26.1875,120.73750000000001,0.32999999999999996,0.0038237500000000003,6.487500000000001,41.400000000000006,-123.68333330000002,HiQ_LAI_WGS84_5km_8day_2002065.regrid.nc
2002-03-14,2.5405248782302357,283.91249999999997,272.07499999999993,4.187500000000001,162.3625,0.43124999999999997,0.0035887500000000004,3.5875000000000004,41.400000000000006,-123.68333330000002,HiQ_LAI_WGS84_5km_8day_2002073.regrid.nc
2002-03-22,3.329347047811358,287.8125,274.07500000000005,5.425000000000001,232.83750000000003,0.58375,0.00403125,3.5500000000000003,41.400000000000006,-123.68333330000002,HiQ_LAI_WGS84_5km_8day_2002081.regrid.nc
2002-03-30,3.6532028494945967,294.4625,278.70000000000005,0.1,270.975,0.96625,0.00527,3.125,41.400000000000006,-123.68333330000002,HiQ_LAI_WGS84_5km_8day_2002089.regrid.nc
2002-04-07,3.663974352557968,290.9625,277.4625,11.6125,200.3375,0.49124999999999996,0.0065112500000000005,4.075,41.400000000000006,-123.68333330000002,HiQ_LAI_WGS84_5km_8day_2002097.regrid.nc
2002-04-15,3.500855565019175,287.7875,273.425,5.1625000000000005,248.35,0.5262500000000001,0.004381250000000001,3.9625000000000004,41.400000000000006,-123.68333330000002,HiQ_LAI_WGS84_5km_8day_2002105.regrid.nc
2002-04-23,3.82899960829775,289.9375,275.475,10.025,259.01250000000005,0.6287499999999999,0.0048325,3.2750000000000004,41.400000000000006,-123.68333330000002,HiQ_LAI_WGS84_5km_8day_2002113.regrid.nc
2002-05-01,3.702175772449542,292.575,275.925,0.0,346.57500000000005,0.89125,0.004228750000000001,3.7,41.400000000000006,-123.68333330000002,HiQ_LAI_WGS84_5km_8day_2002121.regrid.nc
2002-05-09,3.706503081677406,293.65,277.375,0.15000000000000002,349.475,0.9600000000000001,0.004605000000000001,3.7125000000000004,41.400000000000006,-123.68333330000002,HiQ_LAI_WGS84_5km_8day_2002129.regrid.nc
2002-05-17,3.718208285025008,292.8125,277.6625,6.987500000000001,309.88750000000005,0.875,0.00487375,3.175,41.400000000000006,-123.68333330000002,HiQ_LAI_WGS84_5km_8day_2002137.regrid.nc
2002-05-25,3.8446456137270815,296.4625,282.82500000000005,2.0125,275.11249999999995,1.0387499999999998,0.006888750000000001,3.4375000000000004,41.400000000000006,-123.68333330000002,HiQ_LAI_WGS84_5km_8day_2002145.regrid.nc
2002-06-02,4.055436936999823,296.97499999999997,280.85,0.0,362.13750000000005,1.19625,0.005645000000000001,4.9125,41.400000000000006,-123.68333330000002,HiQ_LAI_WGS84_5km_8day_2002153.regrid.nc
2002-06-10,4.377972531252695,299.5375,283.125,2.8125,339.175,1.42375,0.0063375,2.625,41.400000000000006,-123.68333330000002,HiQ_LAI_WGS84_5km_8day_2002161.regrid.nc
2002-06-18,4.4688488549239285,300.38750000000005,283.475,7.05,352.25000000000006,1.4575,0.0067625,2.9125,41.400000000000006,-123.68333330000002,HiQ_LAI_WGS84_5km_8day_2002169.regrid.nc
2002-06-26,4.409979241347943,301.4625,285.4125,0.9875,324.61250000000007,1.5625,0.00746875,3.0875,41.400000000000006,-123.68333330000002,HiQ_LAI_WGS84_5km_8day_2002177.regrid.nc
2002-07-04,4.719528492455375,304.11249999999995,286.1625,0.15000000000000002,354.76250000000005,1.90625,0.00787875,2.8375000000000004,41.400000000000006,-123.68333330000002,HiQ_LAI_WGS84_5km_8day_2002185.regrid.nc
2002-07-12,4.69406393167006,304.25,287.775,0.0,337.7875,1.8075,0.008925,2.7375,41.400000000000006,-123.68333330000002,HiQ_LAI_WGS84_5km_8day_2002193.regrid.nc
2002-07-20,4.7888029221579655,305.675,287.95000000000005,0.0,346.05,2.105,0.00816875,2.6625,41.400000000000006,-123.68333330000002,HiQ_LAI_WGS84_5km_8day_2002201.regrid.nc
2002-07-28,4.671528337417188,304.25,286.5625,0.0,320.2875,2.03125,0.007197500000000001,3.325,41.400000000000006,-123.68333330000002,HiQ_LAI_WGS84_5km_8day_2002209.regrid.nc
2002-08-05,4.564560613328592,303.8375,284.9125,0.0,332.4125,2.0787500000000003,0.0062325,3.625,41.400000000000006,-123.68333330000002,HiQ_LAI_WGS84_5km_8day_2002217.regrid.nc
2002-08-13,4.710404816126607,306.23749999999995,286.79999999999995,0.1625,318.8625,2.48375,0.006100000000000001,3.4125,41.400000000000006,-123.68333330000002,HiQ_LAI_WGS84_5km_8day_2002225.regrid.nc
2002-08-21,4.853241917127124,302.42499999999995,283.15,0.5,301.42500000000007,1.7000000000000002,0.006642500000000001,3.5000000000000004,41.400000000000006,-123.68333330000002,HiQ_LAI_WGS84_5km_8day_2002233.regrid.nc
2002-08-29,4.628104975646047,302.67499999999995,283.9375,0.0,280.4375,1.8624999999999998,0.00628625,3.4375000000000004,41.400000000000006,-123.68333330000002,HiQ_LAI_WGS84_5km_8day_2002241.regrid.nc
2002-09-06,4.502601347228206,301.17499999999995,282.01250000000005,0.9,258.2,1.64875,0.006007500000000001,2.825,41.400000000000006,-123.68333330000002,HiQ_LAI_WGS84_5km_8day_2002249.regrid.nc
2002-09-14,4.344118240798356,301.825,283.825,1.0750000000000002,222.9875,1.7275,0.00638625,3.3500000000000005,41.400000000000006,-123.68333330000002,HiQ_LAI_WGS84_5km_8day_2002257.regrid.nc
2002-09-22,4.670555569500429,302.4375,284.0375,0.0,223.3125,2.0387500000000003,0.004928750000000001,3.1125000000000003,41.400000000000006,-123.68333330000002,HiQ_LAI_WGS84_5km_8day_2002265.regrid.nc
2002-09-30,4.473176164151791,294.65,278.8375,0.1875,204.025,1.09125,0.004845,4.362500000000001,41.400000000000006,-123.68333330000002,HiQ_LAI_WGS84_5km_8day_2002273.regrid.nc
2002-10-08,4.4960790181276415,297.1,279.7125,0.037500000000000006,200.13750000000002,1.54125,0.00315625,3.0125,41.400000000000006,-123.68333330000002,HiQ_LAI_WGS84_5km_8day_2002281.regrid.nc
2002-10-16,3.9800657529753334,294.425,278.32500000000005,0.037500000000000006,179.6875,1.05625,0.00456125,2.6,41.400000000000006,-123.68333330000002,HiQ_LAI_WGS84_5km_8day_2002289.regrid.nc
2002-10-24,3.6575301587224605,289.575,274.725,0.0,138.88750000000005,0.685,0.004078750000000001,2.8500000000000005,41.400000000000006,-123.68333330000002,HiQ_LAI_WGS84_5km_8day_2002297.regrid.nc
2002-11-01,3.312111530703109,287.95000000000005,275.5,14.312500000000002,114.92500000000001,0.60875,0.00419625,5.75,41.400000000000006,-123.68333330000002,HiQ_LAI_WGS84_5km_8day_2002305.regrid.nc
2002-11-09,2.9484064823936924,285.83750000000003,275.8375,13.1625,85.175,0.3975,0.004871250000000001,5.175000000000001,41.400000000000006,-123.68333330000002,HiQ_LAI_WGS84_5km_8day_2002313.regrid.nc
2002-11-17,2.642837101000518,288.775,276.7625,0.42500000000000004,100.9,0.5925,0.004857500000000001,2.1875,41.400000000000006,-123.68333330000002,HiQ_LAI_WGS84_5km_8day_2002321.regrid.nc
2002-11-25,3.0032962262554204,289.3125,276.15,0.0,112.07500000000002,0.84625,0.0033025000000000003,2.7,41.400000000000006,-123.68333330000002,HiQ_LAI_WGS84_5km_8day_2002329.regrid.nc
2002-12-03,1.8437509810753783,285.175,275.0375,4.0125,83.65,0.42625,0.0043575,3.8500000000000005,41.400000000000006,-123.68333330000002,HiQ_LAI_WGS84_5km_8day_2002337.regrid.nc
2002-12-11,1.7303390631512743,281.45000000000005,273.45,37.1625,51.2875,0.21375000000000002,0.0044425,9.1875,41.400000000000006,-123.68333330000002,HiQ_LAI_WGS84_5km_8day_2002345.regrid.nc
2002-12-19,1.0329205901701084,279.38750000000005,271.61249999999995,11.7125,65.725,0.2175,0.003631250000000001,6.575,41.400000000000006,-123.68333330000002,HiQ_LAI_WGS84_5km_8day_2002353.regrid.nc
2002-12-27,0.6169271452271696,281.48,273.18,59.980000000000004,53.96,0.21800000000000003,0.0043619999999999996,8.7,41.400000000000006,-123.68333330000002,HiQ_LAI_WGS84_5km_8day_2002361.regrid.nc
2003-01-01,1.775757691170626,287.4625,277.3125,8.287500000000001,75.7125,0.56125,0.004645000000000001,5.375,41.400000000000006,-123.68333330000002,HiQ_LAI_WGS84_5km_8day_2003001.regrid.nc
2003-01-09,1.6103849959172363,285.5125,276.4375,33.4125,71.375,0.38375000000000004,0.0049575,3.875,41.400000000000006,-123.68333330000002,HiQ_LAI_WGS84_5km_8day_2003009.regrid.nc
2003-01-17,2.6692353620700633,287.6,277.54999999999995,19.075000000000003,89.2375,0.49750000000000005,0.0051487500000000005,4.625,41.400000000000006,-123.68333330000002,HiQ_LAI_WGS84_5km_8day_2003017.regrid.nc
2003-01-25,3.0783199707663034,286.1125,276.23749999999995,25.1625,72.67500000000001,0.32499999999999996,0.00555625,4.2125,41.400000000000006,-123.68333330000002,HiQ_LAI_WGS84_5km_8day_2003025.regrid.nc
2003-02-02,3.683620047910926,284.7375,271.9,0.0,153.9875,0.50875,0.0031075,3.6875,41.400000000000006,-123.68333330000002,HiQ_LAI_WGS84_5km_8day_2003033.regrid.nc
2003-02-10,3.2368421448286795,285.725,274.2375,23.675,124.8375,0.39625,0.004586250000000001,3.9,41.400000000000006,-123.68333330000002,HiQ_LAI_WGS84_5km_8day_2003041.regrid.nc
2003-02-18,3.2,284.26250000000005,273.0,8.75,132.3125,0.34125,0.0043012499999999995,2.3000000000000003,41.400000000000006,-123.68333330000002,HiQ_LAI_WGS84_5km_8day_2003049.regrid.nc
2003-02-26,3.137228651974815,284.3875,272.3,0.7625000000000001,169.22500000000002,0.35750000000000004,0.0040950000000000005,2.7375,41.400000000000006,-123.68333330000002,HiQ_LAI_WGS84_5km_8day_2003057.regrid.nc
2003-03-06,2.9688488549239276,286.775,276.6,12.787500000000001,141.0,0.34624999999999995,0.005662500000000001,6.275,41.400000000000006,-123.68333330000002,HiQ_LAI_WGS84_5km_8day_2003065.regrid.nc
2003-03-14,2.9826472799941675,284.8,274.15,20.137500000000003,154.22500000000002,0.33125,0.00468125,5.4,41.400000000000006,-123.68333330000002,HiQ_LAI_WGS84_5km_8day_2003073.regrid.nc
2003-03-22,2.5185947921711436,287.1,274.575,26.862500000000004,201.3,0.49000000000000005,0.00451375,4.2375,41.400000000000006,-123.68333330000002,HiQ_LAI_WGS84_5km_8day_2003081.regrid.nc
2003-03-30,2.2558234441459586,282.95,274.4125,27.050000000000004,140.5625,0.32875,0.004458750000000001,4.775,41.400000000000006,-123.68333330000002,HiQ_LAI_WGS84_5km_8day_2003089.regrid.nc
2003-04-07,1.990450748892569,286.11249999999995,275.77500000000003,9.9125,212.925,0.34125,0.0053325000000000004,3.9000000000000004,41.400000000000006,-123.68333330000002,HiQ_LAI_WGS84_5km_8day_2003097.regrid.nc
2003-04-15,1.653222096917754,285.4375,274.8875,5.5125,213.6125,0.35250000000000004,0.00486125,3.2250000000000005,41.400000000000006,-123.68333330000002,HiQ_LAI_WGS84_5km_8day_2003105.regrid.nc
2003-04-23,2.2475745802595237,283.5875,274.5625,36.25,171.63750000000002,0.2975,0.0046575,5.225,41.400000000000006,-123.68333330000002,HiQ_LAI_WGS84_5km_8day_2003113.regrid.nc
2003-05-01,2.395633623139608,289.57500000000005,276.79999999999995,6.2125,255.3625,0.6275,0.0048875,3.1,41.400000000000006,-123.68333330000002,HiQ_LAI_WGS84_5km_8day_2003121.regrid.nc
2003-05-09,3.1688097872914,292.29999999999995,277.3125,0.5125,329.95000000000005,0.7662500000000001,0.0052250000000000005,2.7625,41.400000000000006,-123.68333330000002,HiQ_LAI_WGS84_5km_8day_2003129.regrid.nc
2003-05-17,3.482221705215504,294.9125,279.175,0.0,362.275,0.9925,0.005545,3.8375000000000004,41.400000000000006,-123.68333330000002,HiQ_LAI_WGS84_5km_8day_2003137.regrid.nc
2003-05-25,3.72509787384855,297.75,282.0875,0.2875,339.275,1.1062500000000002,0.00701625,2.5125,41.400000000000006,-123.68333330000002,HiQ_LAI_WGS84_5km_8day_2003145.regrid.nc
2003-06-02,4.024750434334942,302.7625,286.36249999999995,0.2625,372.25,1.78625,0.007268750000000001,3.0875000000000004,41.400000000000006,-123.68333330000002,HiQ_LAI_WGS84_5km_8day_2003153.regrid.nc
2003-06-10,3.984901187708765,298.775,282.0875,0.55,361.925,1.23625,0.006786250000000001,2.8625,41.400000000000006,-123.68333330000002,HiQ_LAI_WGS84_5km_8day_2003161.regrid.nc
2003-06-18,4.294411371183668,297.57499999999993,281.6,0.0,371.67500000000007,1.1287500000000001,0.0066187500000000005,4.275,41.400000000000006,-123.68333330000002,HiQ_LAI_WGS84_5km_8day_2003169.regrid.nc
2003-06-26,4.421235207031876,302.875,286.63750000000005,0.0,368.8,1.815,0.007392500000000001,3.0,41.400000000000006,-123.68333330000002,HiQ_LAI_WGS84_5km_8day_2003177.regrid.nc
2003-07-04,4.6212352070318765,303.05,285.9,0.0,364.57500000000005,1.7475,0.007546250000000001,2.6,41.400000000000006,-123.68333330000002,HiQ_LAI_WGS84_5km_8day_2003185.regrid.nc
2003-07-12,4.615626758006174,304.0125,287.0,0.07500000000000001,355.975,1.8350000000000002,0.008215,3.0375000000000005,41.400000000000006,-123.68333330000002,HiQ_LAI_WGS84_5km_8day_2003193.regrid.nc
2003-07-20,4.041150206633386,307.275,290.48750000000007,0.0,312.15,2.4025,0.008823750000000002,2.325,41.400000000000006,-123.68333330000002,HiQ_LAI_WGS84_5km_8day_2003201.regrid.nc
2003-07-28,4.17445730394963,305.225,289.875,1.7500000000000002,291.88750000000005,2.1174999999999997,0.008980000000000002,2.1,41.400000000000006,-123.68333330000002,HiQ_LAI_WGS84_5km_8day_2003209.regrid.nc
2003-08-05,4.185248627222372,299.275,283.85,0.1625,313.6625,1.20125,0.007770000000000001,2.4250000000000003,41.400000000000006,-123.68333330000002,HiQ_LAI_WGS84_5km_8day_2003217.regrid.nc
2003-08-13,4.430319815728117,304.6125,286.5625,0.0,316.58750000000003,2.00375,0.00751625,2.6375,41.400000000000006,-123.68333330000002,HiQ_LAI_WGS84_5km_8day_2003225.regrid.nc
2003-08-21,4.178359038398831,303.6875,286.42499999999995,0.0,297.6875,1.8312500000000003,0.007737500000000001,2.7125000000000004,41.400000000000006,-123.68333330000002,HiQ_LAI_WGS84_5km_8day_2003233.regrid.nc
2003-08-29,4.429038675930277,305.5,287.5,0.275,271.75,2.1875,0.0073212500000000005,2.6750000000000003,41.400000000000006,-123.68333330000002,HiQ_LAI_WGS84_5km_8day_2003241.regrid.nc
2003-09-06,4.646352328303583,298.3625,282.4625,3.5875000000000004,232.5625,1.19,0.007105,3.9750000000000005,41.400000000000006,-123.68333330000002,HiQ_LAI_WGS84_5km_8day_2003249.regrid.nc
2003-09-14,4.762365593455892,300.5375,282.35,0.0,245.825,1.6925000000000003,0.005282500000000001,3.6750000000000003,41.400000000000006,-123.68333330000002,HiQ_LAI_WGS84_5km_8day_2003257.regrid.nc
2003-09-22,4.802601347228205,304.98749999999995,286.6375,0.0,230.28750000000002,2.4125,0.005173750000000001,2.475,41.400000000000006,-123.68333330000002,HiQ_LAI_WGS84_5km_8day_2003265.regrid.nc
2003-09-30,4.425136941481076,296.82500000000005,281.34999999999997,0.5625,203.4875,1.04875,0.00656875,2.4125,41.400000000000006,-123.68333330000002,HiQ_LAI_WGS84_5km_8day_2003273.regrid.nc
2003-10-08,3.8849402553412924,291.875,277.27500000000003,3.45,177.66250000000002,0.8512500000000001,0.00443375,3.3375000000000004,41.400000000000006,-123.68333330000002,HiQ_LAI_WGS84_5km_8day_2003281.regrid.nc
2003-10-16,3.8852876948548998,294.875,281.3625,3.8375000000000004,152.5125,0.9400000000000001,0.0063025,3.8750000000000004,41.400000000000006,-123.68333330000002,HiQ_LAI_WGS84_5km_8day_2003289.regrid.nc
2003-10-24,3.625136941481077,296.27500000000003,281.5,0.0,153.4375,1.5750000000000002,0.0038675000000000003,3.7625,41.400000000000006,-123.68333330000002,HiQ_LAI_WGS84_5km_8day_2003297.regrid.nc
2003-11-01,3.444118240798356,282.5125,273.9125,14.400000000000002,85.325,0.23500000000000001,0.00465125,3.525,41.400000000000006,-123.68333330000002,HiQ_LAI_WGS84_5km_8day_2003305.regrid.nc
2003-11-09,3.0757775113799966,284.65000000000003,275.5875,14.787500000000001,95.35,0.3075,0.005058750000000001,4.625,41.400000000000006,-123.68333330000002,HiQ_LAI_WGS84_5km_8day_2003313.regrid.nc
2003-11-17,2.851960777329286,282.1375,272.26250000000005,4.9,97.95,0.24375000000000002,0.00432625,3.7375000000000003,41.400000000000006,-123.68333330000002,HiQ_LAI_WGS84_5km_8day_2003321.regrid.nc
2003-11-25,1.6852288070130017,283.01250000000005,274.375,16.5625,58.1,0.23750000000000002,0.0048937500000000005,4.75,41.400000000000006,-123.68333330000002,HiQ_LAI_WGS84_5km_8day_2003329.regrid.nc
2003-12-03,1.428940720455852,281.5625,273.2875,32.8875,55.050000000000004,0.23375,0.0043100000000000005,5.925000000000001,41.400000000000006,-123.68333330000002,HiQ_LAI_WGS84_5km_8day_2003337.regrid.nc
2003-12-11,1.0757186235380982,282.625,272.3875,43.18750000000001,74.48750000000001,0.31875,0.0038712500000000006,5.125,41.400000000000006,-123.68333330000002,HiQ_LAI_WGS84_5km_8day_2003345.regrid.nc
2003-12-19,0.7818544454925258,281.2375,272.2375,21.237500000000004,63.875,0.24999999999999997,0.0040025,5.0125,41.400000000000006,-123.68333330000002,HiQ_LAI_WGS84_5km_8day_2003353.regrid.nc
2003-12-27,0.46624750769572254,280.20000000000005,270.96000000000004,44.8,56.760000000000005,0.246,0.003562,6.18,41.400000000000006,-123.68333330000002,HiQ_LAI_WGS84_5km_8day_2003361.regrid.nc
2004-01-01,0.7862015749297602,279.1375,272.1,26.575000000000003,54.612500000000004,0.18,0.003948750000000001,6.1875,41.400000000000006,-123.68333330000002,HiQ_LAI_WGS84_5km_8day_2004001.regrid.nc
2004-01-09,1.2485864158088098,284.1,276.1625,9.25,77.0125,0.3,0.005013750000000001,4.237500000000001,41.400000000000006,-123.68333330000002,HiQ_LAI_WGS84_5km_8day_2004009.regrid.nc
2004-01-17,1.750214995120256,283.75,273.6875,10.8125,94.98750000000001,0.33375,0.0042675000000000005,2.5125,41.400000000000006,-123.68333330000002,HiQ_LAI_WGS84_5km_8day_2004017.regrid.nc
2004-01-25,2.0060775068987424,281.25,272.95,14.625,70.2,0.1925,0.004450000000000001,5.1,41.400000000000006,-123.68333330000002,HiQ_LAI_WGS84_5km_8day_2004025.regrid.nc
2004-02-02,2.2947389904879056,282.6,272.9375,9.625000000000002,110.55000000000001,0.26625,0.004297500000000001,4.250000000000001,41.400000000000006,-123.68333330000002,HiQ_LAI_WGS84_5km_8day_2004033.regrid.nc
2004-02-10,2.5744182363171024,285.175,275.6375,26.425,112.17500000000001,0.355,0.0048850000000000005,6.050000000000001,41.400000000000006,-123.68333330000002,HiQ_LAI_WGS84_5km_8day_2004041.regrid.nc
2004-02-18,2.6064249464123503,283.1375,273.58750000000003,15.175,129.53750000000002,0.245,0.0046700000000000005,4.800000000000001,41.400000000000006,-123.68333330000002,HiQ_LAI_WGS84_5km_8day_2004049.regrid.nc
2004-02-26,2.530299995518746,283.36249999999995,272.2875,14.037500000000001,126.6625,0.28500000000000003,0.004296250000000001,4.7375,41.400000000000006,-123.68333330000002,HiQ_LAI_WGS84_5km_8day_2004057.regrid.nc
2004-03-05,3.0211570717668206,292.17499999999995,276.5375,0.9875,194.41250000000002,0.78625,0.004972500000000001,3.1125,41.400000000000006,-123.68333330000002,HiQ_LAI_WGS84_5km_8day_2004065.regrid.nc
2004-03-13,2.957104583943797,293.375,276.52500000000003,0.0,222.21250000000003,0.9237500000000001,0.0045225000000000005,2.7874999999999996,41.400000000000006,-123.68333330000002,HiQ_LAI_WGS84_5km_8day_2004073.regrid.nc
2004-03-21,3.151496134918095,289.6125,275.1875,14.575000000000001,209.57500000000002,0.5962500000000001,0.004982500000000001,4.5625,41.400000000000006,-123.68333330000002,HiQ_LAI_WGS84_5km_8day_2004081.regrid.nc
2004-03-29,2.994778058120433,290.375,274.3875,3.6125000000000003,257.58750000000003,0.6575,0.004617500000000001,3.7,41.400000000000006,-123.68333330000002,HiQ_LAI_WGS84_5km_8day_2004089.regrid.nc
2004-04-06,2.8545032367155923,293.125,276.5,2.8000000000000003,280.38750000000005,0.8512500000000001,0.00499125,3.2375000000000003,41.400000000000006,-123.68333330000002,HiQ_LAI_WGS84_5km_8day_2004097.regrid.nc
2004-04-14,2.615587690373646,285.73749999999995,273.85,39.1125,156.02500000000003,0.3825,0.0045537500000000005,5.5375,41.400000000000006,-123.68333330000002,HiQ_LAI_WGS84_5km_8day_2004105.regrid.nc
2004-04-22,3.5597642462276875,296.3125,278.05,0.0,330.65000000000003,1.12625,0.005145,2.95,41.400000000000006,-123.68333330000002,HiQ_LAI_WGS84_5km_8day_2004113.regrid.nc
2004-04-30,3.29437230355114,294.2375,279.9,1.0125,331.9625,0.88625,0.005953750000000001,2.8125,41.400000000000006,-123.68333330000002,HiQ_LAI_WGS84_5km_8day_2004121.regrid.nc
2004-05-08,3.717294404950148,291.975,277.8875,0.7625,327.2625,0.69125,0.005665,3.425,41.400000000000006,-123.68333330000002,HiQ_LAI_WGS84_5km_8day_2004129.regrid.nc
2004-05-16,3.611685955924445,292.4375,278.475,1.3250000000000002,321.6,0.66125,0.0061825000000000005,2.95,41.400000000000006,-123.68333330000002,HiQ_LAI_WGS84_5km_8day_2004137.regrid.nc
2004-05-24,3.851535202550622,294.1375,280.17499999999995,2.2875,332.675,0.8,0.0065562500000000004,3.3875,41.400000000000006,-123.68333330000002,HiQ_LAI_WGS84_5km_8day_2004145.regrid.nc
2004-06-01,4.024711366702414,296.275,281.84999999999997,2.75,343.1875,1.05,0.0065025000000000005,2.9125,41.400000000000006,-123.68333330000002,HiQ_LAI_WGS84_5km_8day_2004153.regrid.nc
2004-06-09,4.191423516809327,297.275,282.07500000000005,0.0,353.8125,1.14875,0.006490000000000001,3.825,41.400000000000006,-123.68333330000002,HiQ_LAI_WGS84_5km_8day_2004161.regrid.nc
2004-06-17,4.460658878879391,300.5875,285.61250000000007,0.0,367.76250000000005,1.42375,0.0077575000000000005,2.1875,41.400000000000006,-123.68333330000002,HiQ_LAI_WGS84_5km_8day_2004169.regrid.nc
2004-06-25,4.415240250860038,300.8375,285.0625,0.037500000000000006,360.4375,1.4275000000000002,0.007772500000000001,2.9625000000000004,41.400000000000006,-123.68333330000002,HiQ_LAI_WGS84_5km_8day_2004177.regrid.nc
2004-07-03,4.419528492455374,302.3375,286.475,0.0,361.2875,1.68875,0.0076775,3.7750000000000004,41.400000000000006,-123.68333330000002,HiQ_LAI_WGS84_5km_8day_2004185.regrid.nc
2004-07-11,4.538548859405182,302.2875,286.03749999999997,0.1875,329.1625,1.605,0.00793625,1.95,41.400000000000006,-123.68333330000002,HiQ_LAI_WGS84_5km_8day_2004193.regrid.nc
2004-07-19,4.375777511379996,305.4625,289.475,0.0625,331.0,2.04375,0.00911375,2.5250000000000004,41.400000000000006,-123.68333330000002,HiQ_LAI_WGS84_5km_8day_2004201.regrid.nc
2004-07-27,4.538162352259047,303.5875,287.0,1.1,335.43750000000006,1.82125,0.008018750000000002,2.5875000000000004,41.400000000000006,-123.68333330000002,HiQ_LAI_WGS84_5km_8day_2004209.regrid.nc
2004-08-04,4.459764246227687,303.5,286.3625,0.5625,314.9375,1.855,0.007651250000000001,2.75,41.400000000000006,-123.68333330000002,HiQ_LAI_WGS84_5km_8day_2004217.regrid.nc
2004-08-12,4.246352328303583,305.23749999999995,287.4875,0.0,310.70000000000005,2.03125,0.00815625,2.8000000000000003,41.400000000000006,-123.68333330000002,HiQ_LAI_WGS84_5km_8day_2004225.regrid.nc
2004-08-20,4.537228651974815,300.23749999999995,285.4875,13.0125,247.72500000000002,1.38625,0.008025000000000001,3.3125,41.400000000000006,-123.68333330000002,HiQ_LAI_WGS84_5km_8day_2004233.regrid.nc
2004-08-28,4.659764246227687,302.775,285.875,0.0,284.75,1.9137500000000003,0.006625000000000001,4.050000000000001,41.400000000000006,-123.68333330000002,HiQ_LAI_WGS84_5km_8day_2004241.regrid.nc
2004-09-05,4.2688879225564555,301.86249999999995,284.42499999999995,0.0,259.8375,1.7062500000000003,0.006566250000000001,3.2750000000000004,41.400000000000006,-123.68333330000002,HiQ_LAI_WGS84_5km_8day_2004249.regrid.nc
2004-09-13,4.550214995120256,293.8375,280.025,8.55,204.9875,0.76125,0.006695,3.8000000000000007,41.400000000000006,-123.68333330000002,HiQ_LAI_WGS84_5km_8day_2004257.regrid.nc
2004-09-21,4.53294041037948,299.9875,282.5625,0.0,228.62500000000003,1.4425,0.006291250000000001,2.3500000000000005,41.400000000000006,-123.68333330000002,HiQ_LAI_WGS84_5km_8day_2004265.regrid.nc
2004-09-29,4.446738835449718,297.07500000000005,281.725,0.2,209.32500000000002,1.13875,0.006220000000000001,2.4375,41.400000000000006,-123.68333330000002,HiQ_LAI_WGS84_5km_8day_2004273.regrid.nc
2004-10-07,4.206503081677406,296.01250000000005,282.4875,6.2250000000000005,190.41250000000002,1.21875,0.005586250000000001,3.8625000000000003,41.400000000000006,-123.68333330000002,HiQ_LAI_WGS84_5km_8day_2004281.regrid.nc
2004-10-15,4.1199149996015105,288.3375,278.5375,19.325000000000003,126.7125,0.5375000000000001,0.0057225,5.050000000000001,41.400000000000006,-123.68333330000002,HiQ_LAI_WGS84_5km_8day_2004289.regrid.nc
2004-10-23,3.66240466108842,285.5875,276.07500000000005,16.700000000000003,134.6875,0.3175,0.0053475,3.4,41.400000000000006,-123.68333330000002,HiQ_LAI_WGS84_5km_8day_2004297.regrid.nc
2004-10-31,3.3983521732653967,287.92499999999995,276.25,4.0375000000000005,136.05,0.57375,0.0045725,3.8625,41.400000000000006,-123.68333330000002,HiQ_LAI_WGS84_5km_8day_2004305.regrid.nc
2004-11-08,3.04248966148691,287.23749999999995,277.0625,2.2750000000000004,104.9,0.37875,0.00568,2.75,41.400000000000006,-123.68333330000002,HiQ_LAI_WGS84_5km_8day_2004313.regrid.nc
2004-11-16,3.1519607773292857,285.6,274.63750000000005,0.0,121.85000000000001,0.44125,0.00424625,3.6750000000000003,41.400000000000006,-123.68333330000002,HiQ_LAI_WGS84_5km_8day_2004321.regrid.nc
2004-11-24,2.902601347228205,282.82500000000005,272.9,8.475,97.4,0.28125,0.00430875,3.25,41.400000000000006,-123.68333330000002,HiQ_LAI_WGS84_5km_8day_2004329.regrid.nc
2004-12-02,3.165919888391485,282.4125,272.625,49.900000000000006,67.3,0.34125000000000005,0.0037187500000000003,6.737500000000001,41.400000000000006,-123.68333330000002,HiQ_LAI_WGS84_5km_8day_2004337.regrid.nc
2004-12-10,3.0849402553412917,287.3875,276.4625,1.425,92.32500000000002,0.55125,0.00445125,3.575,41.400000000000006,-123.68333330000002,HiQ_LAI_WGS84_5km_8day_2004345.regrid.nc
2004-12-18,3.695364318891056,286.05,274.5375,0.037500000000000006,98.4375,0.58875,0.0034725000000000008,4.2625,41.400000000000006,-123.68333330000002,HiQ_LAI_WGS84_5km_8day_2004353.regrid.nc
2004-12-26,1.9421031543407743,279.59999999999997,272.23333333333335,29.3,50.88333333333333,0.25,0.00354,4.95,41.400000000000006,-123.68333330000002,HiQ_LAI_WGS84_5km_8day_2004361.regrid.nc
2005-01-01,1.7277184684999116,279.46250000000003,270.88750000000005,22.825,73.41250000000001,0.24875000000000003,0.0033312500000000004,4.9125,41.400000000000006,-123.68333330000002,HiQ_LAI_WGS84_5km_8day_2005001.regrid.nc
2005-01-09,1.8371895843422872,281.23749999999995,272.45,4.9375,78.6875,0.305,0.00365625,3.4125,41.400000000000006,-123.68333330000002,HiQ_LAI_WGS84_5km_8day_2005009.regrid.nc
2005-01-17,2.095672690772136,288.67499999999995,278.125,0.0,107.75,0.58125,0.005048750000000001,2.8000000000000003,41.400000000000006,-123.68333330000002,HiQ_LAI_WGS84_5km_8day_2005017.regrid.nc
2005-01-25,2.206464014044878,285.5375,275.0,10.875,103.525,0.4525,0.004261249999999999,4.4750000000000005,41.400000000000006,-123.68333330000002,HiQ_LAI_WGS84_5km_8day_2005025.regrid.nc
2005-02-02,2.5388572312862614,284.9625,274.0875,1.4875,126.475,0.43375,0.004177500000000001,2.875,41.400000000000006,-123.68333330000002,HiQ_LAI_WGS84_5km_8day_2005033.regrid.nc
2005-02-10,2.7691962944375352,285.9375,274.76250000000005,5.0625,136.93750000000003,0.39375000000000004,0.0047262499999999995,2.7,41.400000000000006,-123.68333330000002,HiQ_LAI_WGS84_5km_8day_2005041.regrid.nc
2005-02-18,2.819875931968982,286.9,275.725,3.975,153.97500000000002,0.40125,0.0051625,2.2,41.400000000000006,-123.68333330000002,HiQ_LAI_WGS84_5km_8day_2005049.regrid.nc
2005-02-26,2.823777666418183,285.96250000000003,275.05,8.9375,148.0125,0.40249999999999997,0.0047150000000000004,4.8,41.400000000000006,-123.68333330000002,HiQ_LAI_WGS84_5km_8day_2005057.regrid.nc
2005-03-06,2.9345491694815546,292.975,278.975,0.0,225.175,0.9000000000000001,0.0049475000000000005,2.5,41.400000000000006,-123.68333330000002,HiQ_LAI_WGS84_5km_8day_2005065.regrid.nc
2005-03-14,3.2224965266203442,287.45,275.82500000000005,26.675,183.10000000000002,0.58375,0.0042075,5.2875000000000005,41.400000000000006,-123.68333330000002,HiQ_LAI_WGS84_5km_8day_2005073.regrid.nc
2005-03-22,2.74105225115896,284.125,274.2,28.3875,143.1875,0.33499999999999996,0.00448125,5.7250000000000005,41.400000000000006,-123.68333330000002,HiQ_LAI_WGS84_5km_8day_2005081.regrid.nc
2005-03-30,2.676999763335937,286.61250000000007,274.8625,9.387500000000001,182.82500000000002,0.44625,0.00464125,3.9625000000000004,41.400000000000006,-123.68333330000002,HiQ_LAI_WGS84_5km_8day_2005089.regrid.nc
2005-04-07,2.3727115217406003,284.7875,273.6625,27.925000000000004,207.8625,0.35375,0.0044475,4.6875,41.400000000000006,-123.68333330000002,HiQ_LAI_WGS84_5km_8day_2005097.regrid.nc
2005-04-15,2.8999218647349445,289.275,275.7125,2.0875000000000004,270.725,0.5549999999999999,0.0050574999999999995,3.5500000000000003,41.400000000000006,-123.68333330000002,HiQ_LAI_WGS84_5km_8day_2005105.regrid.nc
2005-04-23,2.78354191264587,290.35,278.05,4.6375,252.0625,0.52375,0.006126250000000001,2.4000000000000004,41.400000000000006,-123.68333330000002,HiQ_LAI_WGS84_5km_8day_2005113.regrid.nc
2005-05-01,3.0982349703678134,290.0375,280.67499999999995,8.9875,200.60000000000002,0.4975,0.006755000000000001,2.8125,41.400000000000006,-123.68333330000002,HiQ_LAI_WGS84_5km_8day_2005121.regrid.nc
2005-05-09,3.496953830569974,290.5625,279.925,4.475,218.0625,0.5275,0.006691250000000001,3.2,41.400000000000006,-123.68333330000002,HiQ_LAI_WGS84_5km_8day_2005129.regrid.nc
2005-05-17,3.6333269175256144,290.625,278.95000000000005,9.6125,287.5125,0.59875,0.005987500000000001,5.275,41.400000000000006,-123.68333330000002,HiQ_LAI_WGS84_5km_8day_2005137.regrid.nc
2005-05-25,3.6731761641517915,295.7875,283.0625,0.0,338.5375,0.92125,0.007445000000000001,2.85,41.400000000000006,-123.68333330000002,HiQ_LAI_WGS84_5km_8day_2005145.regrid.nc
2005-06-02,4.083580980278398,291.9375,279.65,3.9875000000000003,314.57500000000005,0.6825000000000001,0.006127500000000001,3.5000000000000004,41.400000000000006,-123.68333330000002,HiQ_LAI_WGS84_5km_8day_2005153.regrid.nc
2005-06-10,3.1051828742470393,293.275,281.4625,6.7,284.50000000000006,0.74875,0.006790000000000001,4.675000000000001,41.400000000000006,-123.68333330000002,HiQ_LAI_WGS84_5km_8day_2005161.regrid.nc
2005-06-18,3.4224574589878167,294.86249999999995,283.0875,6.425,308.45000000000005,0.83125,0.00755,2.975,41.400000000000006,-123.68333330000002,HiQ_LAI_WGS84_5km_8day_2005169.regrid.nc
2005-06-26,3.8826472799941674,300.0625,285.725,0.0,362.025,1.35125,0.00807,3.0875000000000004,41.400000000000006,-123.68333330000002,HiQ_LAI_WGS84_5km_8day_2005177.regrid.nc
2005-07-04,4.466653835051229,300.3125,285.375,0.9625,312.27500000000003,1.34375,0.008033750000000001,2.8000000000000003,41.400000000000006,-123.68333330000002,HiQ_LAI_WGS84_5km_8day_2005185.regrid.nc
2005-07-12,4.6398299992030205,306.1,289.65,0.0,356.975,2.2262500000000003,0.0085225,2.3875,41.400000000000006,-123.68333330000002,HiQ_LAI_WGS84_5km_8day_2005193.regrid.nc
2005-07-20,4.862365593455892,305.0,288.875,0.0,334.0625,2.1325,0.007746250000000001,2.3625000000000003,41.400000000000006,-123.68333330000002,HiQ_LAI_WGS84_5km_8day_2005201.regrid.nc
2005-07-28,4.774496371582158,305.025,287.6,0.125,336.6,2.05625,0.007815,2.25,41.400000000000006,-123.68333330000002,HiQ_LAI_WGS84_5km_8day_2005209.regrid.nc
2005-08-05,4.830358883360645,306.0375,288.1125,0.0,328.6,2.34125,0.006975,2.35,41.400000000000006,-123.68333330000002,HiQ_LAI_WGS84_5km_8day_2005217.regrid.nc
2005-08-13,4.732979478012006,304.425,286.1625,0.275,315.25,2.00625,0.007063750000000001,2.5125,41.400000000000006,-123.68333330000002,HiQ_LAI_WGS84_5km_8day_2005225.regrid.nc
2005-08-21,4.956796212062717,304.5625,286.15,0.0,301.07500000000005,2.09125,0.00659,2.8,41.400000000000006,-123.68333330000002,HiQ_LAI_WGS84_5km_8day_2005233.regrid.nc
2005-08-29,3.9424896614869103,300.0,283.5375,0.0,276.1875,1.4875,0.00637125,3.55,41.400000000000006,-123.68333330000002,HiQ_LAI_WGS84_5km_8day_2005241.regrid.nc
2005-09-06,4.2372286519748155,297.05,281.425,0.125,248.6875,1.1225,0.006368750000000001,2.9125000000000005,41.400000000000006,-123.68333330000002,HiQ_LAI_WGS84_5km_8day_2005249.regrid.nc
2005-09-14,4.046352328303584,297.9625,281.875,1.7750000000000001,234.45000000000002,1.285,0.0059825,2.475,41.400000000000006,-123.68333330000002,HiQ_LAI_WGS84_5km_8day_2005257.regrid.nc
2005-09-22,4.179718313461725,297.9875,282.3125,0.1125,210.20000000000002,1.44875,0.0049475000000000005,3.7875,41.400000000000006,-123.68333330000002,HiQ_LAI_WGS84_5km_8day_2005265.regrid.nc
2005-09-30,4.07055556950043,291.3375,279.0625,8.75,170.4625,0.645,0.006153750000000001,3.1625000000000005,41.400000000000006,-123.68333330000002,HiQ_LAI_WGS84_5km_8day_2005273.regrid.nc
2005-10-08,4.0519607773292865,292.58750000000003,279.575,13.125,178.01250000000002,0.8,0.005625000000000001,3.5375,41.400000000000006,-123.68333330000002,HiQ_LAI_WGS84_5km_8day_2005281.regrid.nc
2005-10-16,3.838548859405182,293.675,281.1125,0.9125000000000001,159.0,0.865,0.0061125,2.925,41.400000000000006,-123.68333330000002,HiQ_LAI_WGS84_5km_8day_2005289.regrid.nc
2005-10-24,3.8212352070318767,288.275,277.525,15.400000000000002,125.5875,0.4575,0.0056612500000000005,3.4125,41.400000000000006,-123.68333330000002,HiQ_LAI_WGS84_5km_8day_2005297.regrid.nc
2005-11-01,3.7813859604056996,283.17499999999995,275.475,36.9375,83.325,0.17125,0.005525,5.4625,41.400000000000006,-123.68333330000002,HiQ_LAI_WGS84_5km_8day_2005305.regrid.nc
2005-11-09,3.513392670500947,286.6875,276.5375,3.7,114.82500000000002,0.39125,0.00539375,3.05,41.400000000000006,-123.68333330000002,HiQ_LAI_WGS84_5km_8day_2005313.regrid.nc
2005-11-17,3.6663063955376205,290.1625,278.4875,1.875,119.0875,0.8,0.004262500000000001,2.3499999999999996,41.400000000000006,-123.68333330000002,HiQ_LAI_WGS84_5km_8day_2005321.regrid.nc
2005-11-25,2.561779332685269,281.86249999999995,272.2,32.9375,73.175,0.18875000000000003,0.004523750000000001,5.6625000000000005,41.400000000000006,-123.68333330000002,HiQ_LAI_WGS84_5km_8day_2005329.regrid.nc
2005-12-03,2.337228651974815,283.3625,272.61249999999995,3.8000000000000003,86.1625,0.435,0.0033587500000000006,2.3375000000000004,41.400000000000006,-123.68333330000002,HiQ_LAI_WGS84_5km_8day_2005337.regrid.nc
2005-12-11,2.3372677196073433,283.4125,272.775,5.9,87.6625,0.47000000000000003,0.003105,2.8000000000000003,41.400000000000006,-123.68333330000002,HiQ_LAI_WGS84_5km_8day_2005345.regrid.nc
2005-12-19,1.2814052078288567,285.275,277.5375,29.1875,50.8125,0.36125,0.005232500000000001,8.5,41.400000000000006,-123.68333330000002,HiQ_LAI_WGS84_5km_8day_2005353.regrid.nc
2005-12-27,1.082686347626695,284.64,274.12,54.74000000000001,55.52,0.25,0.0052,9.92,41.400000000000006,-123.68333330000002,HiQ_LAI_WGS84_5km_8day_2005361.regrid.nc
2006-01-01,0.9848813674993939,283.0875,275.1375,17.85,66.8625,0.3175,0.004490000000000001,6.1625,41.400000000000006,-123.68333330000002,HiQ_LAI_WGS84_5km_8day_2006001.regrid.nc
2006-01-09,1.3290188557209075,282.375,274.2,33.85,57.2,0.25625,0.00452375,6.137500000000001,41.400000000000006,-123.68333330000002,HiQ_LAI_WGS84_5km_8day_2006009.regrid.nc
2006-01-17,2.223777666418183,282.3125,273.29999999999995,23.562499999999996,89.275,0.34750000000000003,0.0037837500000000007,4.825000000000001,41.400000000000006,-123.68333330000002,HiQ_LAI_WGS84_5km_8day_2006017.regrid.nc
2006-01-25,3.0587331632552432,281.3375,273.325,35.775000000000006,66.35,0.22999999999999998,0.0042762500000000005,7.3125,41.400000000000006,-123.68333330000002,HiQ_LAI_WGS84_5km_8day_2006025.regrid.nc
2006-02-02,3.355784376513431,288.2,275.325,6.9125,126.36250000000001,0.6075,0.00426125,4.2625,41.400000000000006,-123.68333330000002,HiQ_LAI_WGS84_5km_8day_2006033.regrid.nc
2006-02-10,3.657452023457405,284.6375,272.7,0.0,151.25,0.44999999999999996,0.0038250000000000003,3.1,41.400000000000006,-123.68333330000002,HiQ_LAI_WGS84_5km_8day_2006041.regrid.nc
2006-02-18,3.9289996082977505,283.85,271.1,0.0625,170.3,0.445,0.0032537500000000006,2.7875000000000005,41.400000000000006,-123.68333330000002,HiQ_LAI_WGS84_5km_8day_2006049.regrid.nc
2006-02-26,1.4761051306842337,282.6125,274.4125,36.862500000000004,117.0625,0.29500000000000004,0.004363750000000001,8.225000000000001,41.400000000000006,-123.68333330000002,HiQ_LAI_WGS84_5km_8day_2006057.regrid.nc
2006-03-06,2.1479418399825017,279.25,270.8375,33.95,123.73750000000001,0.245,0.0033337500000000003,5.175000000000001,41.400000000000006,-123.68333330000002,HiQ_LAI_WGS84_5km_8day_2006065.regrid.nc
2006-03-14,2.1371505167097595,281.1,272.2125,16.8375,153.0625,0.29625,0.00358625,5.550000000000001,41.400000000000006,-123.68333330000002,HiQ_LAI_WGS84_5km_8day_2006073.regrid.nc
2006-03-22,1.958404971164793,284.2125,274.3,12.3625,168.5625,0.36250000000000004,0.004315,5.8,41.400000000000006,-123.68333330000002,HiQ_LAI_WGS84_5km_8day_2006081.regrid.nc
2006-03-30,2.4626348977044445,284.0375,274.975,19.125,148.4,0.3275,0.0046075000000000005,4.5,41.400000000000006,-123.68333330000002,HiQ_LAI_WGS84_5km_8day_2006089.regrid.nc
2006-04-07,2.242758965735462,286.57500000000005,276.8875,10.2,176.43750000000003,0.375,0.005441250000000001,3.7375000000000003,41.400000000000006,-123.68333330000002,HiQ_LAI_WGS84_5km_8day_2006097.regrid.nc
2006-04-15,2.8250588062160213,286.7375,274.95,14.512500000000001,240.45000000000002,0.45,0.004748750000000001,4.425000000000001,41.400000000000006,-123.68333330000002,HiQ_LAI_WGS84_5km_8day_2006105.regrid.nc
2006-04-23,3.0969538305699746,293.1,278.9125,0.0,322.3,0.74375,0.0061,3.2500000000000004,41.400000000000006,-123.68333330000002,HiQ_LAI_WGS84_5km_8day_2006113.regrid.nc
2006-05-01,3.747594400468894,294.72499999999997,279.23749999999995,0.0,336.025,1.05125,0.004875000000000001,3.7875,41.400000000000006,-123.68333330000002,HiQ_LAI_WGS84_5km_8day_2006121.regrid.nc
2006-05-09,3.915548622741118,298.01250000000005,281.175,0.0,352.4375,1.32875,0.00545,2.7375000000000003,41.400000000000006,-123.68333330000002,HiQ_LAI_WGS84_5km_8day_2006129.regrid.nc
2006-05-17,3.988763854525437,294.2375,281.975,11.762500000000001,249.03750000000002,0.89,0.006582500000000001,3.9125,41.400000000000006,-123.68333330000002,HiQ_LAI_WGS84_5km_8day_2006137.regrid.nc
2006-05-25,4.1714502021521325,292.975,279.875,5.375,268.70000000000005,0.7637499999999999,0.0062025000000000005,2.8375000000000004,41.400000000000006,-123.68333330000002,HiQ_LAI_WGS84_5km_8day_2006145.regrid.nc
2006-06-02,4.238123284626519,296.9625,283.57500000000005,4.7875000000000005,310.85,0.94375,0.007983750000000001,3.625,41.400000000000006,-123.68333330000002,HiQ_LAI_WGS84_5km_8day_2006153.regrid.nc
2006-06-10,4.238123284626519,296.26250000000005,283.0125,2.1750000000000003,285.9625,0.91,0.007698750000000001,2.425,41.400000000000006,-123.68333330000002,HiQ_LAI_WGS84_5km_8day_2006161.regrid.nc
2006-06-18,4.510057376612998,301.7375,285.875,0.0,374.225,1.6824999999999999,0.007286250000000001,4.112500000000001,41.400000000000006,-123.68333330000002,HiQ_LAI_WGS84_5km_8day_2006169.regrid.nc
2006-06-26,4.5472860285878145,303.2625,288.75,0.0,342.875,1.73,0.008982500000000001,2.2375000000000003,41.400000000000006,-123.68333330000002,HiQ_LAI_WGS84_5km_8day_2006177.regrid.nc
2006-07-04,4.669821622840686,301.425,285.65,0.05,356.42500000000007,1.46375,0.00818375,2.85,41.400000000000006,-123.68333330000002,HiQ_LAI_WGS84_5km_8day_2006185.regrid.nc
2006-07-12,4.760697946511918,303.54999999999995,287.7,0.0,355.82500000000005,1.85,0.00799375,2.9375,41.400000000000006,-123.68333330000002,HiQ_LAI_WGS84_5km_8day_2006193.regrid.nc
2006-07-20,4.94860623601818,308.4125,292.5875,0.45000000000000007,331.75,2.55375,0.009865000000000002,2.8000000000000003,41.400000000000006,-123.68333330000002,HiQ_LAI_WGS84_5km_8day_2006201.regrid.nc
2006-07-28,4.692782791872222,300.55,284.3625,0.0,343.1,1.4737500000000001,0.007120000000000001,3.3625,41.400000000000006,-123.68333330000002,HiQ_LAI_WGS84_5km_8day_2006209.regrid.nc
2006-08-05,4.633913178296238,301.175,285.79999999999995,0.4625,313.25000000000006,1.4975,0.0077887500000000005,3.1125000000000007,41.400000000000006,-123.68333330000002,HiQ_LAI_WGS84_5km_8day_2006217.regrid.nc
2006-08-13,4.695711758404664,302.525,285.1625,0.0,320.71250000000003,1.8525,0.006295,2.7625,41.400000000000006,-123.68333330000002,HiQ_LAI_WGS84_5km_8day_2006225.regrid.nc
2006-08-21,4.683272608397318,303.3,286.0375,0.0,305.82500000000005,1.98,0.006288750000000001,2.95,41.400000000000006,-123.68333330000002,HiQ_LAI_WGS84_5km_8day_2006233.regrid.nc
2006-08-29,4.514345618208335,302.6875,285.45,0.0,281.2625,2.00125,0.00547875,2.8875,41.400000000000006,-123.68333330000002,HiQ_LAI_WGS84_5km_8day_2006241.regrid.nc
2006-09-06,4.368887922556455,301.75,284.475,0.375,257.9875,1.7925,0.005908750000000001,3.3375000000000004,41.400000000000006,-123.68333330000002,HiQ_LAI_WGS84_5km_8day_2006249.regrid.nc
2006-09-14,4.187521782360126,294.525,279.95,1.2125000000000001,231.2375,0.8812500000000001,0.006176250000000001,3.9375,41.400000000000006,-123.68333330000002,HiQ_LAI_WGS84_5km_8day_2006257.regrid.nc
2006-09-22,4.12478950196747,301.08750000000003,284.3875,0.0,232.0625,2.015,0.0038037500000000007,3.075,41.400000000000006,-123.68333330000002,HiQ_LAI_WGS84_5km_8day_2006265.regrid.nc
2006-09-30,3.9009337002842313,291.7125,278.6,0.41250000000000003,177.625,0.7137500000000001,0.0055650000000000005,2.6625,41.400000000000006,-123.68333330000002,HiQ_LAI_WGS84_5km_8day_2006273.regrid.nc
2006-10-08,4.072789657005656,294.325,280.0625,3.25,187.875,1.19375,0.0039562500000000006,3.3875,41.400000000000006,-123.68333330000002,HiQ_LAI_WGS84_5km_8day_2006281.regrid.nc
2006-10-16,3.6039215546585712,291.9875,279.57500000000005,7.0125,153.6875,0.91625,0.004717500000000001,3.1875,41.400000000000006,-123.68333330000002,HiQ_LAI_WGS84_5km_8day_2006289.regrid.nc
2006-10-24,3.644118240798356,290.975,277.1375,0.0,162.05,0.9137500000000001,0.0036437500000000003,3.1875,41.400000000000006,-123.68333330000002,HiQ_LAI_WGS84_5km_8day_2006297.regrid.nc
2006-11-01,2.5688879225564554,287.025,280.26250000000005,37.7625,65.78750000000001,0.33,0.0066675000000000016,6.0625,41.400000000000006,-123.68333330000002,HiQ_LAI_WGS84_5km_8day_2006305.regrid.nc
2006-11-09,2.558018464018658,284.4625,275.6,37.5375,95.25,0.32125000000000004,0.004895,5.4,41.400000000000006,-123.68333330000002,HiQ_LAI_WGS84_5km_8day_2006313.regrid.nc
2006-11-17,2.3215435789129564,283.6875,276.6375,26.775,73.625,0.30125,0.00504625,5.175,41.400000000000006,-123.68333330000002,HiQ_LAI_WGS84_5km_8day_2006321.regrid.nc
2006-11-25,2.2371895843422873,280.7,271.53749999999997,14.775,86.9,0.30625,0.0033975000000000003,4.125,41.400000000000006,-123.68333330000002,HiQ_LAI_WGS84_5km_8day_2006329.regrid.nc
2006-12-03,2.3172355171082497,286.275,275.42499999999995,8.3,96.625,0.6225,0.0033887500000000003,3.6125000000000003,41.400000000000006,-123.68333330000002,HiQ_LAI_WGS84_5km_8day_2006337.regrid.nc
2006-12-11,1.9943915509742973,282.95,271.92499999999995,45.237500000000004,68.6875,0.37625,0.00360375,6.1000000000000005,41.400000000000006,-123.68333330000002,HiQ_LAI_WGS84_5km_8day_2006345.regrid.nc
2006-12-19,1.8679151546396966,282.9125,273.2375,44.487500000000004,53.86250000000001,0.37374999999999997,0.0037087500000000002,6.6875,41.400000000000006,-123.68333330000002,HiQ_LAI_WGS84_5km_8day_2006353.regrid.nc
2006-12-27,2.275757691170626,282.84000000000003,271.1,3.8600000000000003,84.78000000000002,0.476,0.0027020000000000004,3.6800000000000006,41.400000000000006,-123.68333330000002,HiQ_LAI_WGS84_5km_8day_2006361.regrid.nc
2007-01-01,2.51991499960151,284.03749999999997,272.5,26.9875,66.78750000000001,0.46625000000000005,0.0033525000000000004,3.9125000000000005,41.400000000000006,-123.68333330000002,HiQ_LAI_WGS84_5km_8day_2007001.regrid.nc
2007-01-09,2.937228651974815,280.79999999999995,268.9875,1.5125000000000002,99.85,0.45499999999999996,0.0021012500000000003,3.325,41.400000000000006,-123.68333330000002,HiQ_LAI_WGS84_5km_8day_2007009.regrid.nc
2007-01-17,3.3107913232727424,284.9625,272.325,0.05,111.75,0.59375,0.0027075000000000003,3.1875,41.400000000000006,-123.68333330000002,HiQ_LAI_WGS84_5km_8day_2007017.regrid.nc
2007-01-25,3.5930911637533014,285.8375,272.775,0.0,132.8625,0.6475,0.0026337500000000007,2.1125,41.400000000000006,-123.68333330000002,HiQ_LAI_WGS84_5km_8day_2007025.regrid.nc
2007-02-02,2.014345618208335,286.6875,276.2375,8.7375,106.1625,0.43875,0.004995,3.5000000000000004,41.400000000000006,-123.68333330000002,HiQ_LAI_WGS84_5km_8day_2007033.regrid.nc
2007-02-10,2.5385488594051813,284.7875,275.775,15.525000000000002,105.38750000000002,0.30125,0.005205,3.6500000000000004,41.400000000000006,-123.68333330000002,HiQ_LAI_WGS84_5km_8day_2007041.regrid.nc
2007-02-18,3.018067419242419,279.6875,271.925,28.5375,97.775,0.16125,0.004136250000000001,5.6875,41.400000000000006,-123.68333330000002,HiQ_LAI_WGS84_5km_8day_2007049.regrid.nc
2007-02-26,2.0051828742470397,283.125,273.35,19.9125,130.575,0.36375,0.00409,5.125,41.400000000000006,-123.68333330000002,HiQ_LAI_WGS84_5km_8day_2007057.regrid.nc
2007-03-06,2.260459125254903,289.55,276.65000000000003,5.8500000000000005,164.57500000000002,0.6,0.0051275,3.1750000000000003,41.400000000000006,-123.68333330000002,HiQ_LAI_WGS84_5km_8day_2007065.regrid.nc
2007-03-14,2.699574425221337,290.725,276.125,6.825000000000001,217.03750000000002,0.7237500000000001,0.00467125,3.1500000000000004,41.400000000000006,-123.68333330000002,HiQ_LAI_WGS84_5km_8day_2007073.regrid.nc
2007-03-22,2.480940565417665,288.86249999999995,275.25,15.762500000000003,191.2875,0.60125,0.00461375,4.15,41.400000000000006,-123.68333330000002,HiQ_LAI_WGS84_5km_8day_2007081.regrid.nc
2007-03-30,3.1691962944375356,292.04999999999995,277.4625,0.21250000000000002,228.72500000000002,0.77875,0.00510125,2.3125,41.400000000000006,-123.68333330000002,HiQ_LAI_WGS84_5km_8day_2007089.regrid.nc
2007-04-07,3.1142674829432795,287.85,275.275,13.025000000000002,186.71250000000003,0.50375,0.0047375,3.85,41.400000000000006,-123.68333330000002,HiQ_LAI_WGS84_5km_8day_2007097.regrid.nc
2007-04-15,3.3558234441459587,287.1875,273.975,12.387500000000003,205.925,0.5,0.00434375,3.9625000000000004,41.400000000000006,-123.68333330000002,HiQ_LAI_WGS84_5km_8day_2007105.regrid.nc
2007-04-23,3.5744573039496297,293.4375,277.36249999999995,0.0,308.5,0.8425,0.00526625,2.7625,41.400000000000006,-123.68333330000002,HiQ_LAI_WGS84_5km_8day_2007113.regrid.nc
2007-05-01,3.8424115262218543,292.975,279.175,7.6375,273.70000000000005,0.9187500000000001,0.00534,4.1875,41.400000000000006,-123.68333330000002,HiQ_LAI_WGS84_5km_8day_2007121.regrid.nc
2007-05-09,3.9515352025506227,296.025,280.0125,0.0,351.3125,1.075,0.005655,2.6,41.400000000000006,-123.68333330000002,HiQ_LAI_WGS84_5km_8day_2007129.regrid.nc
2007-05-17,4.019528492455375,294.7625,279.0875,0.0,333.5625,0.9762500000000001,0.005435000000000001,3.2125000000000004,41.400000000000006,-123.68333330000002,HiQ_LAI_WGS84_5km_8day_2007137.regrid.nc
2007-05-25,4.247633468101422,299.1625,282.7125,0.0,370.76250000000005,1.3375,0.006495000000000001,2.475,41.400000000000006,-123.68333330000002,HiQ_LAI_WGS84_5km_8day_2007145.regrid.nc
2007-06-02,4.398274038000341,295.19999999999993,281.95,5.0625,267.43750000000006,0.915,0.006893750000000001,2.7625,41.400000000000006,-123.68333330000002,HiQ_LAI_WGS84_5km_8day_2007153.regrid.nc
2007-06-10,4.183967487424534,298.05,283.04999999999995,2.5500000000000003,357.95000000000005,1.1775,0.00694,3.5625,41.400000000000006,-123.68333330000002,HiQ_LAI_WGS84_5km_8day_2007161.regrid.nc
2007-06-18,4.5433842941386136,298.0625,282.3,0.0,370.98750000000007,1.1975,0.00665125,3.1,41.400000000000006,-123.68333330000002,HiQ_LAI_WGS84_5km_8day_2007169.regrid.nc
2007-06-26,4.50221484008207,298.90000000000003,283.85,1.8875000000000002,333.8125,1.2625,0.00718625,2.625,41.400000000000006,-123.68333330000002,HiQ_LAI_WGS84_5km_8day_2007177.regrid.nc
2007-07-04,4.5433842941386136,305.325,289.925,0.0625,348.75,2.05125,0.009007500000000002,3.1750000000000003,41.400000000000006,-123.68333330000002,HiQ_LAI_WGS84_5km_8day_2007185.regrid.nc
2007-07-12,4.175121699985308,299.975,286.7,4.2625,279.26250000000005,1.3725,0.0081375,2.2,41.400000000000006,-123.68333330000002,HiQ_LAI_WGS84_5km_8day_2007193.regrid.nc
2007-07-20,5.07148926978466,302.575,287.4875,0.0,323.25,1.59875,0.008775000000000002,3.2750000000000004,41.400000000000006,-123.68333330000002,HiQ_LAI_WGS84_5km_8day_2007201.regrid.nc
2007-07-28,4.884553748195157,303.925,287.26250000000005,0.0,340.5625,1.875,0.007917500000000001,3.225,41.400000000000006,-123.68333330000002,HiQ_LAI_WGS84_5km_8day_2007209.regrid.nc
2007-08-05,5.131292583644875,299.8125,283.025,0.0,327.625,1.3199999999999998,0.007115000000000001,2.7625,41.400000000000006,-123.68333330000002,HiQ_LAI_WGS84_5km_8day_2007217.regrid.nc
2007-08-13,5.148953675531788,299.975,283.17499999999995,3.225,296.13750000000005,1.3125,0.007355,2.625,41.400000000000006,-123.68333330000002,HiQ_LAI_WGS84_5km_8day_2007225.regrid.nc
2007-08-21,5.088802922157965,304.8375,286.9,0.0,303.275,2.07125,0.00732625,3.4875000000000003,41.400000000000006,-123.68333330000002,HiQ_LAI_WGS84_5km_8day_2007233.regrid.nc
2007-08-29,4.855476004632351,301.2125,285.575,0.225,259.01250000000005,1.585,0.007496250000000001,2.9750000000000005,41.400000000000006,-123.68333330000002,HiQ_LAI_WGS84_5km_8day_2007241.regrid.nc
2007-09-06,4.738162352259046,302.75,285.475,0.0,259.875,1.9025,0.0062825,2.6625,41.400000000000006,-123.68333330000002,HiQ_LAI_WGS84_5km_8day_2007249.regrid.nc
2007-09-14,4.60221484008207,296.5625,281.0625,0.1,227.18750000000003,1.1037500000000002,0.00614375,3.85,41.400000000000006,-123.68333330000002,HiQ_LAI_WGS84_5km_8day_2007257.regrid.nc
2007-09-22,4.566267327905093,296.05,279.525,0.47500000000000003,224.22500000000002,1.20875,0.0047925,3.0500000000000003,41.400000000000006,-123.68333330000002,HiQ_LAI_WGS84_5km_8day_2007265.regrid.nc
2007-09-30,4.25157427018315,288.13750000000005,277.0,8.7125,161.85000000000002,0.50625,0.00522125,3.1875,41.400000000000006,-123.68333330000002,HiQ_LAI_WGS84_5km_8day_2007273.regrid.nc
2007-10-08,4.183967487424534,288.5875,279.1125,14.775000000000002,134.125,0.4525,0.006146250000000001,3.8875,41.400000000000006,-123.68333330000002,HiQ_LAI_WGS84_5km_8day_2007281.regrid.nc
2007-10-16,4.080065752975333,287.9125,277.9125,41.900000000000006,125.8375,0.49125,0.0056812500000000005,5.862500000000001,41.400000000000006,-123.68333330000002,HiQ_LAI_WGS84_5km_8day_2007289.regrid.nc
2007-10-24,3.911725023556973,290.92499999999995,279.70000000000005,1.8250000000000002,156.7375,0.7075,0.00547625,3.375,41.400000000000006,-123.68333330000002,HiQ_LAI_WGS84_5km_8day_2007297.regrid.nc
2007-11-01,3.918267172866906,291.9375,278.3125,3.6875,152.88750000000002,0.93625,0.00407125,2.5375,41.400000000000006,-123.68333330000002,HiQ_LAI_WGS84_5km_8day_2007305.regrid.nc
2007-11-09,3.6528944776135166,286.6625,277.1625,23.950000000000003,95.8875,0.30000000000000004,0.006056250000000001,4.5375000000000005,41.400000000000006,-123.68333330000002,HiQ_LAI_WGS84_5km_8day_2007313.regrid.nc
2007-11-17,3.52777735634181,285.8,275.7125,34.125,108.9,0.455,0.004490000000000001,4.25,41.400000000000006,-123.68333330000002,HiQ_LAI_WGS84_5km_8day_2007321.regrid.nc
2007-11-25,3.2385488594051814,282.375,271.775,3.45,100.5625,0.33125,0.0036937500000000004,4.7250000000000005,41.400000000000006,-123.68333330000002,HiQ_LAI_WGS84_5km_8day_2007329.regrid.nc
2007-12-03,2.6839674874245336,282.6875,272.9625,13.162500000000001,76.73750000000001,0.3175,0.004056250000000001,5.362500000000001,41.400000000000006,-123.68333330000002,HiQ_LAI_WGS84_5km_8day_2007337.regrid.nc
2007-12-11,2.15454230434812,280.95000000000005,270.85,0.4,80.5,0.32625000000000004,0.00317875,4.6875,41.400000000000006,-123.68333330000002,HiQ_LAI_WGS84_5km_8day_2007345.regrid.nc
2007-12-19,2.29734033771611,279.52500000000003,269.63750000000005,41.95,58.275000000000006,0.24875000000000003,0.0032300000000000002,5.012500000000001,41.400000000000006,-123.68333330000002,HiQ_LAI_WGS84_5km_8day_2007353.regrid.nc
2007-12-27,1.7320067100952479,278.91999999999996,269.28000000000003,22.68,66.46000000000001,0.288,0.0027619999999999997,4.960000000000001,41.400000000000006,-123.68333330000002,HiQ_LAI_WGS84_5km_8day_2007361.regrid.nc
2008-01-01,1.4571436515763247,279.95,272.525,58.10000000000001,60.1375,0.27875,0.0035200000000000006,8.4875,41.400000000000006,-123.68333330000002,HiQ_LAI_WGS84_5km_8day_2008001.regrid.nc
2008-01-09,2.179679245829197,281.32500000000005,272.85,13.175,88.325,0.34875,0.0033987500000000003,4.525,41.400000000000006,-123.68333330000002,HiQ_LAI_WGS84_5km_8day_2008009.regrid.nc
2008-01-17,2.3960201302857436,280.525,270.73749999999995,1.0125000000000002,101.67500000000001,0.38749999999999996,0.00269375,3.3500000000000005,41.400000000000006,-123.68333330000002,HiQ_LAI_WGS84_5km_8day_2008017.regrid.nc
2008-01-25,2.1930130284882456,279.07500000000005,270.775,52.175000000000004,72.625,0.21875,0.00347625,6.3500000000000005,41.400000000000006,-123.68333330000002,HiQ_LAI_WGS84_5km_8day_2008025.regrid.nc
2008-02-02,1.9506015022663914,282.45,271.95,19.212500000000002,109.1875,0.2525,0.00426,4.325,41.400000000000006,-123.68333330000002,HiQ_LAI_WGS84_5km_8day_2008033.regrid.nc
2008-02-10,2.2917318886904074,286.2875,274.04999999999995,0.0,165.83750000000003,0.49750000000000005,0.004058750000000001,3.1875,41.400000000000006,-123.68333330000002,HiQ_LAI_WGS84_5km_8day_2008041.regrid.nc
2008-02-18,2.3691962944375353,283.7125,273.1875,10.950000000000001,112.775,0.2725,0.0046075000000000005,3.7125000000000004,41.400000000000006,-123.68333330000002,HiQ_LAI_WGS84_5km_8day_2008049.regrid.nc
2008-02-26,2.5427589657354623,286.275,274.0625,5.8,168.82500000000002,0.5025000000000001,0.0040375,2.9750000000000005,41.400000000000006,-123.68333330000002,HiQ_LAI_WGS84_5km_8day_2008057.regrid.nc
2008-03-05,2.378319970766303,287.57500000000005,274.6625,5.95,181.66250000000002,0.61375,0.0037675,2.675,41.400000000000006,-123.68333330000002,HiQ_LAI_WGS84_5km_8day_2008065.regrid.nc
2008-03-13,2.4012030045327832,282.725,273.3875,34.375,138.55,0.31875,0.00405375,4.5875,41.400000000000006,-123.68333330000002,HiQ_LAI_WGS84_5km_8day_2008073.regrid.nc
2008-03-21,2.2774253381146004,283.8625,272.1875,17.887500000000003,195.37500000000003,0.41000000000000003,0.0036512500000000004,3.5875,41.400000000000006,-123.68333330000002,HiQ_LAI_WGS84_5km_8day_2008081.regrid.nc
2008-03-29,2.579987617710277,286.125,271.475,0.925,250.58750000000003,0.585,0.0031012500000000003,3.325,41.400000000000006,-123.68333330000002,HiQ_LAI_WGS84_5km_8day_2008089.regrid.nc
2008-04-06,2.901203004532783,289.42499999999995,274.9,2.4250000000000003,255.28750000000002,0.7275,0.004065,2.9125000000000005,41.400000000000006,-123.68333330000002,HiQ_LAI_WGS84_5km_8day_2008097.regrid.nc
2008-04-14,2.901163936900255,286.125,272.42499999999995,1.5750000000000002,268.26250000000005,0.5275000000000001,0.00362625,4.4375,41.400000000000006,-123.68333330000002,HiQ_LAI_WGS84_5km_8day_2008105.regrid.nc
2008-04-22,2.9236995311531273,288.61249999999995,275.45000000000005,25.1625,235.97500000000002,0.6112500000000001,0.004535,3.6125000000000003,41.400000000000006,-123.68333330000002,HiQ_LAI_WGS84_5km_8day_2008113.regrid.nc
2008-04-30,2.973098028886736,292.47499999999997,277.6,0.1375,313.575,0.8487499999999999,0.004873750000000001,3.3375000000000004,41.400000000000006,-123.68333330000002,HiQ_LAI_WGS84_5km_8day_2008121.regrid.nc
2008-05-08,2.9371895843422875,294.7,279.3,0.0,333.63750000000005,1.0,0.0054687500000000005,3.875,41.400000000000006,-123.68333330000002,HiQ_LAI_WGS84_5km_8day_2008129.regrid.nc
2008-05-16,3.878280903133775,296.9,282.3875,0.36250000000000004,331.25,1.2487499999999998,0.0062900000000000005,3.9875000000000003,41.400000000000006,-123.68333330000002,HiQ_LAI_WGS84_5km_8day_2008137.regrid.nc
2008-05-24,3.7341824825447896,292.6875,279.7875,9.75,264.375,0.73,0.0061600000000000005,2.05,41.400000000000006,-123.68333330000002,HiQ_LAI_WGS84_5km_8day_2008145.regrid.nc
2008-06-01,3.785248627222372,294.0625,278.875,4.762500000000001,328.675,0.9500000000000001,0.00515625,3.6625,41.400000000000006,-123.68333330000002,HiQ_LAI_WGS84_5km_8day_2008153.regrid.nc
2008-06-09,4.4649471204747275,298.425,281.98749999999995,0.0,367.8,1.415,0.00540875,4.0625,41.400000000000006,-123.68333330000002,HiQ_LAI_WGS84_5km_8day_2008161.regrid.nc
2008-06-17,4.402214840082069,299.1125,282.75,0.1375,351.45000000000005,1.43625,0.0058125,2.925,41.400000000000006,-123.68333330000002,HiQ_LAI_WGS84_5km_8day_2008169.regrid.nc
2008-06-25,4.419528492455374,301.65,286.1625,0.0,358.0375,1.6487500000000002,0.007318750000000001,2.4000000000000004,41.400000000000006,-123.68333330000002,HiQ_LAI_WGS84_5km_8day_2008177.regrid.nc
2008-07-03,4.274496371582158,302.33750000000003,287.975,0.0,353.6875,1.7362499999999998,0.0080475,3.4250000000000003,41.400000000000006,-123.68333330000002,HiQ_LAI_WGS84_5km_8day_2008185.regrid.nc
2008-07-11,4.314693057721943,302.75,287.36249999999995,0.0,361.725,1.8650000000000002,0.007122500000000001,2.85,41.400000000000006,-123.68333330000002,HiQ_LAI_WGS84_5km_8day_2008193.regrid.nc
2008-07-19,4.201320207430366,300.5625,284.8,0.9625,353.375,1.5637500000000002,0.0065137500000000004,3.0500000000000003,41.400000000000006,-123.68333330000002,HiQ_LAI_WGS84_5km_8day_2008201.regrid.nc
2008-07-27,4.077077898600993,300.35,284.0,0.0,338.15000000000003,1.44,0.006955000000000001,2.425,41.400000000000006,-123.68333330000002,HiQ_LAI_WGS84_5km_8day_2008209.regrid.nc
2008-08-04,3.9190401871591773,302.3,284.8125,0.0625,328.57500000000005,1.7025000000000001,0.006982500000000001,2.6625,41.400000000000006,-123.68333330000002,HiQ_LAI_WGS84_5km_8day_2008217.regrid.nc
2008-08-12,3.719954067234038,304.725,287.525,0.5625,291.8625,2.09,0.007551250000000001,2.8125000000000004,41.400000000000006,-123.68333330000002,HiQ_LAI_WGS84_5km_8day_2008225.regrid.nc
2008-08-20,3.2836002277015552,301.32499999999993,285.36249999999995,5.5875,270.4125,1.605,0.0071312500000000004,3.8375000000000004,41.400000000000006,-123.68333330000002,HiQ_LAI_WGS84_5km_8day_2008233.regrid.nc
2008-08-28,4.680065752975333,302.08750000000003,284.95000000000005,0.0,287.1875,1.9362500000000002,0.005613750000000001,4.925000000000001,41.400000000000006,-123.68333330000002,HiQ_LAI_WGS84_5km_8day_2008241.regrid.nc
2008-09-05,4.291810023955463,304.7875,286.4875,0.0,267.775,2.3912500000000003,0.004941250000000001,3.2875,41.400000000000006,-123.68333330000002,HiQ_LAI_WGS84_5km_8day_2008249.regrid.nc
2008-09-13,4.354155797201985,301.42499999999995,284.0875,0.3125,227.07500000000002,1.8875,0.0051512500000000004,2.2125000000000004,41.400000000000006,-123.68333330000002,HiQ_LAI_WGS84_5km_8day_2008257.regrid.nc
2008-09-21,4.50221484008207,299.6875,282.1875,0.1,226.82500000000002,1.55125,0.0053950000000000005,2.8375000000000004,41.400000000000006,-123.68333330000002,HiQ_LAI_WGS84_5km_8day_2008265.regrid.nc
2008-09-29,4.458463859006692,292.6125,281.65,23.962500000000002,152.4875,0.8525,0.0062900000000000005,4.362500000000001,41.400000000000006,-123.68333330000002,HiQ_LAI_WGS84_5km_8day_2008273.regrid.nc
2008-10-07,4.258463859006691,289.40000000000003,276.9125,0.16250000000000003,197.38750000000002,0.73875,0.0042175,5.0,41.400000000000006,-123.68333330000002,HiQ_LAI_WGS84_5km_8day_2008281.regrid.nc
2008-10-15,4.094797878329803,292.70000000000005,279.08750000000003,0.05,168.6625,0.9387500000000001,0.004700000000000001,2.4875000000000003,41.400000000000006,-123.68333330000002,HiQ_LAI_WGS84_5km_8day_2008289.regrid.nc
2008-10-23,3.761431893171662,294.3,281.475,0.8,145.68750000000003,1.1975,0.004308750000000001,2.7375,41.400000000000006,-123.68333330000002,HiQ_LAI_WGS84_5km_8day_2008297.regrid.nc
2008-10-31,3.7225163468297153,285.05000000000007,277.27500000000003,54.587500000000006,83.32499999999999,0.23750000000000002,0.006037500000000001,5.8875,41.400000000000006,-123.68333330000002,HiQ_LAI_WGS84_5km_8day_2008305.regrid.nc
2008-11-08,3.274843811095766,288.25,278.475,10.6125,92.8,0.44625000000000004,0.006118750000000001,3.5250000000000004,41.400000000000006,-123.68333330000002,HiQ_LAI_WGS84_5km_8day_2008313.regrid.nc
2008-11-16,2.48825572901987,288.7,278.175,4.2375,112.05000000000001,0.6325,0.0050325000000000005,2.7625,41.400000000000006,-123.68333330000002,HiQ_LAI_WGS84_5km_8day_2008321.regrid.nc
2008-11-24,2.7281049756460476,288.6,276.9625,0.0,108.1125,0.585,0.00480375,2.8125,41.400000000000006,-123.68333330000002,HiQ_LAI_WGS84_5km_8day_2008329.regrid.nc
2008-12-02,2.8026404148607327,286.2625,273.20000000000005,0.48750000000000004,107.32500000000002,0.6125,0.0031375000000000005,2.825,41.400000000000006,-123.68333330000002,HiQ_LAI_WGS84_5km_8day_2008337.regrid.nc
2008-12-10,3.193477670899437,279.775,269.8875,14.5625,77.4375,0.34375,0.00288375,3.9250000000000003,41.400000000000006,-123.68333330000002,HiQ_LAI_WGS84_5km_8day_2008345.regrid.nc
2008-12-18,2.9009925881261287,276.6125,268.0875,41.91250000000001,53.400000000000006,0.14125000000000001,0.0031450000000000002,5.9750000000000005,41.400000000000006,-123.68333330000002,HiQ_LAI_WGS84_5km_8day_2008353.regrid.nc
2008-12-26,1.8865880820758958,280.01666666666665,270.51666666666665,57.966666666666676,67.71666666666665,0.23666666666666666,0.003543333333333334,5.633333333333333,41.400000000000006,-123.68333330000002,HiQ_LAI_WGS84_5km_8day_2008361.regrid.nc
2009-01-01,2.2211961393993485,281.2875,270.65,21.9125,69.4125,0.275,0.003615,4.9,41.400000000000006,-123.68333330000002,HiQ_LAI_WGS84_5km_8day_2009001.regrid.nc
2009-01-09,3.1813468927731714,290.5625,277.61249999999995,0.0,113.15,0.9450000000000001,0.0034375000000000005,3.5625,41.400000000000006,-123.68333330000002,HiQ_LAI_WGS84_5km_8day_2009009.regrid.nc
2009-01-17,3.1120724630705805,286.78749999999997,275.7625,1.2625000000000002,96.15,0.64375,0.0035800000000000003,2.2750000000000004,41.400000000000006,-123.68333330000002,HiQ_LAI_WGS84_5km_8day_2009017.regrid.nc
2009-01-25,3.035928264753819,283.8875,272.2625,2.1875,120.98750000000001,0.50875,0.0030462500000000003,3.3625000000000003,41.400000000000006,-123.68333330000002,HiQ_LAI_WGS84_5km_8day_2009025.regrid.nc
2009-02-02,3.215974197519782,284.925,275.45000000000005,4.987500000000001,120.0,0.49125,0.004028750000000001,3.6125000000000003,41.400000000000006,-123.68333330000002,HiQ_LAI_WGS84_5km_8day_2009033.regrid.nc
2009-02-10,1.9065619695193037,279.1125,271.6625,26.687500000000004,100.92500000000001,0.19375,0.00375375,5.1625,41.400000000000006,-123.68333330000002,HiQ_LAI_WGS84_5km_8day_2009041.regrid.nc
2009-02-18,1.5593777390815515,283.3,275.45000000000005,22.812499999999996,112.45000000000002,0.2925,0.004721250000000001,5.7250000000000005,41.400000000000006,-123.68333330000002,HiQ_LAI_WGS84_5km_8day_2009049.regrid.nc
2009-02-26,1.82899960829775,282.825,273.2625,28.975,137.1,0.31,0.0041849999999999995,5.7,41.400000000000006,-123.68333330000002,HiQ_LAI_WGS84_5km_8day_2009057.regrid.nc
2009-03-06,2.4545032367155923,284.13750000000005,272.09999999999997,0.725,211.16250000000002,0.45,0.00347625,3.2375000000000003,41.400000000000006,-123.68333330000002,HiQ_LAI_WGS84_5km_8day_2009065.regrid.nc
2009-03-14,2.4600726181087675,285.0625,275.20000000000005,38.662499999999994,167.925,0.35250000000000004,0.00482125,4.5875,41.400000000000006,-123.68333330000002,HiQ_LAI_WGS84_5km_8day_2009073.regrid.nc
2009-03-22,2.5881775937548146,284.5375,273.625,6.5375000000000005,203.3625,0.37,0.0043975,3.9750000000000005,41.400000000000006,-123.68333330000002,HiQ_LAI_WGS84_5km_8day_2009081.regrid.nc
2009-03-30,2.929347047811358,287.41249999999997,273.925,1.6375000000000002,251.4375,0.6112500000000001,0.0037225000000000005,3.7125000000000004,41.400000000000006,-123.68333330000002,HiQ_LAI_WGS84_5km_8day_2009089.regrid.nc
2009-04-07,2.4280659080135196,285.82500000000005,274.48749999999995,8.1875,214.0875,0.42874999999999996,0.004450000000000001,3.95,41.400000000000006,-123.68333330000002,HiQ_LAI_WGS84_5km_8day_2009097.regrid.nc
2009-04-15,3.834608057323453,293.54999999999995,278.5875,0.0,300.3625,1.01,0.004747500000000001,2.8,41.400000000000006,-123.68333330000002,HiQ_LAI_WGS84_5km_8day_2009105.regrid.nc
2009-04-23,3.0104048161266066,287.26250000000005,273.1125,2.3875,310.83750000000003,0.5562499999999999,0.00382125,3.5500000000000003,41.400000000000006,-123.68333330000002,HiQ_LAI_WGS84_5km_8day_2009113.regrid.nc
2009-05-01,2.959764246227687,291.11249999999995,279.2375,38.862500000000004,220.31250000000003,0.685,0.005613750000000001,5.45,41.400000000000006,-123.68333330000002,HiQ_LAI_WGS84_5km_8day_2009121.regrid.nc
2009-05-09,3.137228651974815,294.1875,278.775,2.7,294.96250000000003,0.9675,0.00522625,3.1875,41.400000000000006,-123.68333330000002,HiQ_LAI_WGS84_5km_8day_2009129.regrid.nc
2009-05-17,3.725136941481077,297.2125,281.29999999999995,0.0,364.475,1.19875,0.005933750000000001,3.5875000000000004,41.400000000000006,-123.68333330000002,HiQ_LAI_WGS84_5km_8day_2009137.regrid.nc
2009-05-25,3.8087569893920032,299.0,283.525,0.7625000000000001,363.38750000000005,1.33375,0.006688750000000001,2.5375000000000005,41.400000000000006,-123.68333330000002,HiQ_LAI_WGS84_5km_8day_2009145.regrid.nc
2009-06-02,3.8574910910899334,294.1625,282.6625,10.125000000000002,286.7125,0.73375,0.007573750000000001,1.95,41.400000000000006,-123.68333330000002,HiQ_LAI_WGS84_5km_8day_2009153.regrid.nc
2009-06-10,4.004229926539651,295.0875,283.01250000000005,1.0375,288.2125,0.7887500000000001,0.0078075,2.1,41.400000000000006,-123.68333330000002,HiQ_LAI_WGS84_5km_8day_2009161.regrid.nc
2009-06-18,3.761470960804189,296.73749999999995,282.5875,0.0,361.20000000000005,1.0125,0.007157500000000001,3.925,41.400000000000006,-123.68333330000002,HiQ_LAI_WGS84_5km_8day_2009169.regrid.nc
2009-06-26,4.298660545146476,302.9625,286.95000000000005,0.0,374.4375,1.92375,0.00674875,3.1875,41.400000000000006,-123.68333330000002,HiQ_LAI_WGS84_5km_8day_2009177.regrid.nc
2009-07-04,4.275777511379997,299.8375,284.675,0.125,359.5875,1.46625,0.00670875,2.7250000000000005,41.400000000000006,-123.68333330000002,HiQ_LAI_WGS84_5km_8day_2009185.regrid.nc
2009-07-12,3.978745545544967,304.1,287.375,0.21250000000000002,359.35,2.1425,0.006475000000000001,2.8625,41.400000000000006,-123.68333330000002,HiQ_LAI_WGS84_5km_8day_2009193.regrid.nc
2009-07-20,4.403882487026044,305.54999999999995,288.6875,0.0,350.50000000000006,2.21875,0.007593750000000001,2.3625000000000003,41.400000000000006,-123.68333330000002,HiQ_LAI_WGS84_5km_8day_2009201.regrid.nc
2009-07-28,4.490470569101939,303.7625,288.4625,0.05,328.4875,1.79875,0.008977500000000001,1.8875000000000002,41.400000000000006,-123.68333330000002,HiQ_LAI_WGS84_5km_8day_2009209.regrid.nc
2009-08-05,4.526418081278916,299.5375,283.8375,4.6000000000000005,315.925,1.34625,0.00711,3.0,41.400000000000006,-123.68333330000002,HiQ_LAI_WGS84_5km_8day_2009217.regrid.nc
2009-08-13,4.5065030816774065,302.9625,285.8875,0.0,319.48750000000007,2.02125,0.0059387500000000005,3.3374999999999995,41.400000000000006,-123.68333330000002,HiQ_LAI_WGS84_5km_8day_2009225.regrid.nc
2009-08-21,4.603882487026043,302.26250000000005,284.475,0.1,300.51250000000005,1.93125,0.005282500000000001,2.9375000000000004,41.400000000000006,-123.68333330000002,HiQ_LAI_WGS84_5km_8day_2009233.regrid.nc
2009-08-29,4.562365593455892,298.9875,283.475,0.6625000000000001,265.3875,1.3675000000000002,0.0064925,2.7625,41.400000000000006,-123.68333330000002,HiQ_LAI_WGS84_5km_8day_2009241.regrid.nc
2009-09-06,4.426418081278916,299.58750000000003,283.75,2.725,244.03750000000002,1.5950000000000002,0.00562125,2.8625,41.400000000000006,-123.68333330000002,HiQ_LAI_WGS84_5km_8day_2009249.regrid.nc
2009-09-14,4.5757775113799966,299.5,284.6375,0.05,230.96250000000003,1.475,0.0065450000000000005,3.25,41.400000000000006,-123.68333330000002,HiQ_LAI_WGS84_5km_8day_2009257.regrid.nc
2009-09-22,4.319875931968982,301.92500000000007,285.8875,0.45,220.8125,2.13125,0.004880000000000001,2.85,41.400000000000006,-123.68333330000002,HiQ_LAI_WGS84_5km_8day_2009265.regrid.nc
2009-09-30,4.23982999920302,289.2125,276.9375,0.07500000000000001,198.3,0.69875,0.0043862499999999995,4.15,41.400000000000006,-123.68333330000002,HiQ_LAI_WGS84_5km_8day_2009273.regrid.nc
2009-10-08,4.0757775113799966,290.23749999999995,280.0875,26.125,155.675,0.7324999999999999,0.00527125,5.4375,41.400000000000006,-123.68333330000002,HiQ_LAI_WGS84_5km_8day_2009281.regrid.nc
2009-10-16,3.5068505211910135,289.4625,280.04999999999995,1.1875,144.3125,0.46125,0.0066500000000000005,2.575,41.400000000000006,-123.68333330000002,HiQ_LAI_WGS84_5km_8day_2009289.regrid.nc
2009-10-24,3.458811298520299,287.79999999999995,277.475,1.4125,142.2625,0.51,0.005175,3.1500000000000004,41.400000000000006,-123.68333330000002,HiQ_LAI_WGS84_5km_8day_2009297.regrid.nc
2009-11-01,3.281385960405699,288.15,277.125,10.975,127.7375,0.5662499999999999,0.004985000000000001,3.7625,41.400000000000006,-123.68333330000002,HiQ_LAI_WGS84_5km_8day_2009305.regrid.nc
2009-11-09,2.8424505938543825,283.0875,273.425,10.05,107.025,0.30625,0.00426625,3.7,41.400000000000006,-123.68333330000002,HiQ_LAI_WGS84_5km_8day_2009313.regrid.nc
2009-11-17,2.8160132651523093,282.9125,273.88750000000005,29.2625,89.11250000000001,0.2625,0.00460375,4.9375,41.400000000000006,-123.68333330000002,HiQ_LAI_WGS84_5km_8day_2009321.regrid.nc
2009-11-25,2.780065752975333,286.4625,275.3875,8.325,111.2625,0.5675000000000001,0.0038875,3.4000000000000004,41.400000000000006,-123.68333330000002,HiQ_LAI_WGS84_5km_8day_2009329.regrid.nc
2009-12-03,2.78825572901987,279.1875,267.26250000000005,0.0,104.125,0.43000000000000005,0.0018450000000000003,2.3625000000000003,41.400000000000006,-123.68333330000002,HiQ_LAI_WGS84_5km_8day_2009337.regrid.nc
2009-12-11,2.5441182407983565,281.625,273.23749999999995,18.475,62.7625,0.28125,0.0040212500000000005,4.9625,41.400000000000006,-123.68333330000002,HiQ_LAI_WGS84_5km_8day_2009345.regrid.nc
2009-12-19,2.0294251830764134,282.8,272.9125,7.775000000000001,78.3875,0.41125,0.0034375000000000005,4.4625,41.400000000000006,-123.68333330000002,HiQ_LAI_WGS84_5km_8day_2009353.regrid.nc
2009-12-27,1.6281049756460473,280.03999999999996,271.0,21.46,59.839999999999996,0.23399999999999999,0.003602000000000001,5.0200000000000005,41.400000000000006,-123.68333330000002,HiQ_LAI_WGS84_5km_8day_2009361.regrid.nc
2010-01-01,0.9996134928538645,284.6875,276.5875,8.875,66.6375,0.39125,0.004687500000000001,3.425,41.400000000000006,-123.68333330000002,HiQ_LAI_WGS84_5km_8day_2010001.regrid.nc
2010-01-09,1.1914235168093275,284.475,276.375,18.1625,69.275,0.36124999999999996,0.00477125,6.4375,41.400000000000006,-123.68333330000002,HiQ_LAI_WGS84_5km_8day_2010009.regrid.nc
2010-01-17,1.2633185411632804,278.90000000000003,272.3875,25.0625,69.025,0.17125,0.00394,7.825000000000001,41.400000000000006,-123.68333330000002,HiQ_LAI_WGS84_5km_8day_2010017.regrid.nc
2010-01-25,1.3277575361324394,281.6375,273.05,4.2875,81.22500000000001,0.27125,0.0040475,2.9750000000000005,41.400000000000006,-123.68333330000002,HiQ_LAI_WGS84_5km_8day_2010025.regrid.nc
2010-02-02,2.2463523283035833,281.54999999999995,274.0,9.149999999999999,115.66250000000001,0.19375000000000003,0.004673750000000001,4.3500000000000005,41.400000000000006,-123.68333330000002,HiQ_LAI_WGS84_5km_8day_2010033.regrid.nc
2010-02-10,2.338162352259046,284.5375,275.875,12.4375,110.97500000000001,0.325,0.005071250000000001,4.65,41.400000000000006,-123.68333330000002,HiQ_LAI_WGS84_5km_8day_2010041.regrid.nc
2010-02-18,3.0731370965192637,284.0625,273.6,10.8625,151.5625,0.3825,0.004135000000000001,3.4875000000000003,41.400000000000006,-123.68333330000002,HiQ_LAI_WGS84_5km_8day_2010049.regrid.nc
2010-02-26,2.6532220969177542,282.8125,273.2375,18.8125,150.1875,0.27875,0.0043575,4.15,41.400000000000006,-123.68333330000002,HiQ_LAI_WGS84_5km_8day_2010057.regrid.nc
2010-03-06,2.4875217823601266,280.6,270.975,19.375,165.38750000000002,0.24875000000000003,0.0037012500000000005,4.512500000000001,41.400000000000006,-123.68333330000002,HiQ_LAI_WGS84_5km_8day_2010065.regrid.nc
2010-03-14,2.4104048161266065,289.375,275.5125,3.7875,220.05,0.75,0.0038737500000000005,3.8000000000000003,41.400000000000006,-123.68333330000002,HiQ_LAI_WGS84_5km_8day_2010073.regrid.nc
2010-03-22,2.3787455455449664,284.8875,273.825,27.1875,203.22500000000002,0.42375,0.0042225000000000006,5.675000000000001,41.400000000000006,-123.68333330000002,HiQ_LAI_WGS84_5km_8day_2010081.regrid.nc
2010-03-30,2.3930520961207735,279.7625,271.475,25.675,170.91250000000002,0.21875,0.00370375,5.75,41.400000000000006,-123.68333330000002,HiQ_LAI_WGS84_5km_8day_2010089.regrid.nc
2010-04-07,2.261392825539134,284.9125,273.25,12.537500000000001,200.95000000000002,0.3975000000000001,0.0042475,3.8000000000000007,41.400000000000006,-123.68333330000002,HiQ_LAI_WGS84_5km_8day_2010097.regrid.nc
2010-04-15,2.095672690772136,289.04999999999995,274.8125,4.4,227.21250000000003,0.57875,0.00481875,4.275,41.400000000000006,-123.68333330000002,HiQ_LAI_WGS84_5km_8day_2010105.regrid.nc
2010-04-23,3.1652945599883346,287.5,274.4,23.525000000000002,239.425,0.5875,0.00426375,4.6375,41.400000000000006,-123.68333330000002,HiQ_LAI_WGS84_5km_8day_2010113.regrid.nc
2010-05-01,2.927679400867384,290.0125,274.33750000000003,0.325,310.175,0.6725,0.0043175,3.4625000000000004,41.400000000000006,-123.68333330000002,HiQ_LAI_WGS84_5km_8day_2010121.regrid.nc
2010-05-09,2.4701492421449234,292.0625,277.775,5.862500000000001,297.0375,0.7825,0.005438750000000001,2.9625,41.400000000000006,-123.68333330000002,HiQ_LAI_WGS84_5km_8day_2010129.regrid.nc
2010-05-17,3.004757299468376,285.6125,274.8375,9.787500000000001,226.6875,0.37124999999999997,0.00487,4.225,41.400000000000006,-123.68333330000002,HiQ_LAI_WGS84_5km_8day_2010137.regrid.nc
2010-05-25,2.9995744252213368,289.8625,278.45,7.1875,257.875,0.6000000000000001,0.005702500000000001,3.1375,41.400000000000006,-123.68333330000002,HiQ_LAI_WGS84_5km_8day_2010145.regrid.nc
2010-06-02,3.6865688346527388,292.15,282.0125,21.575,224.5,0.54125,0.007802500000000001,4.925000000000001,41.400000000000006,-123.68333330000002,HiQ_LAI_WGS84_5km_8day_2010153.regrid.nc
2010-06-10,3.887830154241207,295.3625,279.925,0.5375,360.525,0.955,0.0063325000000000005,4.512500000000001,41.400000000000006,-123.68333330000002,HiQ_LAI_WGS84_5km_8day_2010161.regrid.nc
2010-06-18,4.102562279595677,296.9375,282.01250000000005,0.0,354.85,1.05375,0.007015,3.225,41.400000000000006,-123.68333330000002,HiQ_LAI_WGS84_5km_8day_2010169.regrid.nc
2010-06-26,4.297785732704144,298.775,282.1875,0.0,370.63750000000005,1.2312500000000002,0.00703125,3.4000000000000004,41.400000000000006,-123.68333330000002,HiQ_LAI_WGS84_5km_8day_2010177.regrid.nc
2010-07-04,4.362752100602028,305.22499999999997,289.0625,0.0,362.2625,2.1125,0.00822875,2.9125,41.400000000000006,-123.68333330000002,HiQ_LAI_WGS84_5km_8day_2010185.regrid.nc
2010-07-12,4.775777511379997,305.29999999999995,288.6,0.0,359.375,2.1675,0.0077687500000000005,2.2875,41.400000000000006,-123.68333330000002,HiQ_LAI_WGS84_5km_8day_2010193.regrid.nc
2010-07-20,4.875777511379996,305.3375,289.82500000000005,0.0,350.0,2.17875,0.00820625,2.4000000000000004,41.400000000000006,-123.68333330000002,HiQ_LAI_WGS84_5km_8day_2010201.regrid.nc
2010-07-28,4.761084453658054,302.625,285.5625,0.0,342.6125,1.6900000000000002,0.0075325,2.2375,41.400000000000006,-123.68333330000002,HiQ_LAI_WGS84_5km_8day_2010209.regrid.nc
2010-08-05,4.62806590801352,302.23749999999995,285.2,0.0,323.1625,1.5899999999999999,0.0077887500000000005,2.6,41.400000000000006,-123.68333330000002,HiQ_LAI_WGS84_5km_8day_2010217.regrid.nc
2010-08-13,4.807823289107772,304.55,287.4125,0.0,317.80000000000007,2.055,0.0073375,2.0625,41.400000000000006,-123.68333330000002,HiQ_LAI_WGS84_5km_8day_2010225.regrid.nc
2010-08-21,4.539482559689413,302.0375,284.1,0.0,292.95000000000005,1.8987500000000002,0.0061600000000000005,3.2375,41.400000000000006,-123.68333330000002,HiQ_LAI_WGS84_5km_8day_2010233.regrid.nc
2010-08-29,4.6866079022852665,299.725,282.725,0.1125,266.8,1.38625,0.0071087500000000005,3.5500000000000003,41.400000000000006,-123.68333330000002,HiQ_LAI_WGS84_5km_8day_2010241.regrid.nc
2010-09-06,4.33860774724708,298.025,281.625,1.5625,247.45000000000002,1.2887499999999998,0.00606875,2.8500000000000005,41.400000000000006,-123.68333330000002,HiQ_LAI_WGS84_5km_8day_2010249.regrid.nc
2010-09-14,4.1238167340507115,293.75,282.5,13.987500000000002,182.33750000000003,0.6812499999999999,0.007907500000000001,3.0625,41.400000000000006,-123.68333330000002,HiQ_LAI_WGS84_5km_8day_2010257.regrid.nc
2010-09-22,4.353241917127124,300.175,284.225,0.0,225.675,1.5525000000000002,0.006488750000000001,1.95,41.400000000000006,-123.68333330000002,HiQ_LAI_WGS84_5km_8day_2010265.regrid.nc
2010-09-30,4.302562279595677,296.65,282.0625,0.0,198.3875,1.2600000000000002,0.005658750000000001,3.6375,41.400000000000006,-123.68333330000002,HiQ_LAI_WGS84_5km_8day_2010273.regrid.nc
2010-10-08,3.761431893171662,296.29999999999995,282.3125,0.0625,181.10000000000002,1.2575,0.0051675,3.2625000000000006,41.400000000000006,-123.68333330000002,HiQ_LAI_WGS84_5km_8day_2010281.regrid.nc
2010-10-16,3.597379405348638,292.275,280.1875,17.187500000000004,154.025,0.91,0.005072500000000001,3.7875,41.400000000000006,-123.68333330000002,HiQ_LAI_WGS84_5km_8day_2010289.regrid.nc
2010-10-24,3.1878692218737346,282.975,275.8125,20.65,106.72500000000001,0.18125000000000002,0.005551250000000001,5.7250000000000005,41.400000000000006,-123.68333330000002,HiQ_LAI_WGS84_5km_8day_2010297.regrid.nc
2010-11-01,2.7411303864240164,289.8375,279.0875,12.637500000000001,128.6375,0.6224999999999999,0.0057775000000000005,3.325,41.400000000000006,-123.68333330000002,HiQ_LAI_WGS84_5km_8day_2010305.regrid.nc
2010-11-09,2.6640524878230236,285.32500000000005,275.6625,7.125000000000001,112.825,0.36000000000000004,0.0050012500000000005,3.925,41.400000000000006,-123.68333330000002,HiQ_LAI_WGS84_5km_8day_2010313.regrid.nc
2010-11-17,1.8398101789936496,278.125,270.55,22.175,82.1375,0.1775,0.0036475000000000006,4.775,41.400000000000006,-123.68333330000002,HiQ_LAI_WGS84_5km_8day_2010321.regrid.nc
2010-11-25,1.6809796330501934,278.88750000000005,271.1875,22.45,76.4625,0.1875,0.0036875000000000002,4.487500000000001,41.400000000000006,-123.68333330000002,HiQ_LAI_WGS84_5km_8day_2010329.regrid.nc
2010-12-03,1.384881367499394,282.625,274.95,10.262500000000001,75.2875,0.36250000000000004,0.003976250000000001,5.5,41.400000000000006,-123.68333330000002,HiQ_LAI_WGS84_5km_8day_2010337.regrid.nc
2010-12-11,1.2381425320496757,281.9375,273.1,36.425,69.8,0.325,0.00385875,5.200000000000001,41.400000000000006,-123.68333330000002,HiQ_LAI_WGS84_5km_8day_2010345.regrid.nc
2010-12-19,1.1139002232203015,279.725,271.5125,30.1125,65.575,0.25375000000000003,0.0034712500000000004,7.737500000000001,41.400000000000006,-123.68333330000002,HiQ_LAI_WGS84_5km_8day_2010353.regrid.nc
2010-12-27,1.3554561844229807,277.82,270.0,29.220000000000006,62.4,0.21400000000000002,0.0031460000000000004,5.62,41.400000000000006,-123.68333330000002,HiQ_LAI_WGS84_5km_8day_2010361.regrid.nc
2011-01-01,2.6332878498930867,282.01250000000005,271.375,2.5500000000000003,93.5,0.42000000000000004,0.0028825,2.6625,41.400000000000006,-123.68333330000002,HiQ_LAI_WGS84_5km_8day_2011001.regrid.nc
2011-01-09,2.9332878498930866,282.82500000000005,273.725,17.462500000000002,70.5625,0.3775,0.0039275000000000004,4.612500000000001,41.400000000000006,-123.68333330000002,HiQ_LAI_WGS84_5km_8day_2011009.regrid.nc
2011-01-17,2.953589356640732,287.83750000000003,276.20000000000005,1.25,116.225,0.6675,0.0038000000000000004,3.225,41.400000000000006,-123.68333330000002,HiQ_LAI_WGS84_5km_8day_2011017.regrid.nc
2011-01-25,2.6371895843422877,286.575,274.9,1.3125,124.7625,0.6124999999999999,0.0035337500000000004,3.1500000000000004,41.400000000000006,-123.68333330000002,HiQ_LAI_WGS84_5km_8day_2011025.regrid.nc
2011-02-02,2.7160132651523092,287.28749999999997,274.7875,0.0,150.65000000000003,0.6487499999999999,0.0035425,4.1000000000000005,41.400000000000006,-123.68333330000002,HiQ_LAI_WGS84_5km_8day_2011033.regrid.nc
2011-02-10,2.309123676328768,283.8375,273.475,38.6,115.7125,0.44875,0.00366875,6.3500000000000005,41.400000000000006,-123.68333330000002,HiQ_LAI_WGS84_5km_8day_2011041.regrid.nc
2011-02-18,1.749320362468553,278.8625,269.1625,8.787500000000001,131.525,0.2325,0.00311,3.375,41.400000000000006,-123.68333330000002,HiQ_LAI_WGS84_5km_8day_2011049.regrid.nc
2011-02-26,1.4411303864240157,281.875,271.9125,17.712500000000002,133.16250000000002,0.30875,0.00373875,6.3500000000000005,41.400000000000006,-123.68333330000002,HiQ_LAI_WGS84_5km_8day_2011057.regrid.nc
2011-03-06,0.8571238313669547,284.66249999999997,274.32499999999993,30.825000000000003,129.275,0.32875,0.0047037500000000005,5.512500000000001,41.400000000000006,-123.68333330000002,HiQ_LAI_WGS84_5km_8day_2011065.regrid.nc
2011-03-14,1.4665756997861727,281.86249999999995,272.725,46.1875,138.91250000000002,0.265,0.00411,6.525,41.400000000000006,-123.68333330000002,HiQ_LAI_WGS84_5km_8day_2011073.regrid.nc
2011-03-22,1.2813661401963286,282.5625,272.79999999999995,32.475,152.7625,0.31875000000000003,0.0039250000000000005,6.325000000000001,41.400000000000006,-123.68333330000002,HiQ_LAI_WGS84_5km_8day_2011081.regrid.nc
2011-03-30,2.544001037900773,289.79999999999995,275.29999999999995,2.8875,247.2625,0.6312500000000001,0.0048087500000000005,3.6125000000000003,41.400000000000006,-123.68333330000002,HiQ_LAI_WGS84_5km_8day_2011089.regrid.nc
2011-04-07,2.529694487324966,284.54999999999995,272.07500000000005,8.600000000000001,224.50000000000003,0.41500000000000004,0.00373375,4.5625,41.400000000000006,-123.68333330000002,HiQ_LAI_WGS84_5km_8day_2011097.regrid.nc
2011-04-15,2.8518045067991746,288.0875,275.725,31.387500000000003,197.025,0.47875,0.0051,3.85,41.400000000000006,-123.68333330000002,HiQ_LAI_WGS84_5km_8day_2011105.regrid.nc
2011-04-23,2.6047572994683765,286.625,273.3125,10.3875,256.9375,0.46499999999999997,0.00426125,3.825,41.400000000000006,-123.68333330000002,HiQ_LAI_WGS84_5km_8day_2011113.regrid.nc
2011-05-01,3.27476567583071,292.76250000000005,277.6,0.4,312.725,0.88875,0.0047037500000000005,3.2750000000000004,41.400000000000006,-123.68333330000002,HiQ_LAI_WGS84_5km_8day_2011121.regrid.nc
2011-05-09,3.3375760914884225,289.8625,275.975,3.2500000000000004,287.9375,0.6275000000000001,0.00482375,3.3625000000000003,41.400000000000006,-123.68333330000002,HiQ_LAI_WGS84_5km_8day_2011129.regrid.nc
2011-05-17,3.578706477912439,291.3375,276.975,2.275,308.575,0.71125,0.00511375,3.2625,41.400000000000006,-123.68333330000002,HiQ_LAI_WGS84_5km_8day_2011137.regrid.nc
2011-05-25,3.3113385164108378,287.4125,276.88750000000005,12.850000000000001,204.2,0.5025,0.00486375,4.75,41.400000000000006,-123.68333330000002,HiQ_LAI_WGS84_5km_8day_2011145.regrid.nc
2011-06-02,3.3992269857077293,295.0,280.275,1.1,301.8375,0.9125,0.006257500000000001,3.0,41.400000000000006,-123.68333330000002,HiQ_LAI_WGS84_5km_8day_2011153.regrid.nc
2011-06-10,3.6720557103459126,296.73749999999995,281.2875,0.0,338.70000000000005,1.045,0.0065450000000000005,3.4250000000000003,41.400000000000006,-123.68333330000002,HiQ_LAI_WGS84_5km_8day_2011161.regrid.nc
2011-06-18,4.320809632253213,299.04999999999995,282.86249999999995,0.0,369.45000000000005,1.29125,0.00685625,3.4625000000000004,41.400000000000006,-123.68333330000002,HiQ_LAI_WGS84_5km_8day_2011169.regrid.nc
2011-06-26,4.527351781563146,298.5,283.5125,3.3375000000000004,320.1125,1.21,0.00727125,2.8125,41.400000000000006,-123.68333330000002,HiQ_LAI_WGS84_5km_8day_2011177.regrid.nc
2011-07-04,4.6714502021521325,302.07500000000005,285.6,0.0,363.4625,1.6075,0.007733750000000001,3.325,41.400000000000006,-123.68333330000002,HiQ_LAI_WGS84_5km_8day_2011185.regrid.nc
2011-07-12,4.6152402508600385,297.7125,282.96250000000003,2.6625,306.675,1.03,0.0076525000000000004,2.375,41.400000000000006,-123.68333330000002,HiQ_LAI_WGS84_5km_8day_2011193.regrid.nc
2011-07-20,4.879679245829197,301.625,285.02500000000003,0.0,351.475,1.52,0.0076950000000000005,2.8875,41.400000000000006,-123.68333330000002,HiQ_LAI_WGS84_5km_8day_2011201.regrid.nc
2011-07-28,4.9134317381334744,302.9,285.9,0.0,340.1875,1.69875,0.00786125,2.1500000000000004,41.400000000000006,-123.68333330000002,HiQ_LAI_WGS84_5km_8day_2011209.regrid.nc
2011-08-05,5.190123129588332,301.3625,284.4125,0.0,330.125,1.47125,0.00757875,2.625,41.400000000000006,-123.68333330000002,HiQ_LAI_WGS84_5km_8day_2011217.regrid.nc
2011-08-13,5.2823196606899305,301.6375,283.9375,0.0,314.55,1.5662500000000001,0.0070775000000000005,2.5625,41.400000000000006,-123.68333330000002,HiQ_LAI_WGS84_5km_8day_2011225.regrid.nc
2011-08-21,4.5649273002653565,303.7875,286.26250000000005,0.0,296.90000000000003,1.7837500000000002,0.008037500000000001,2.125,41.400000000000006,-123.68333330000002,HiQ_LAI_WGS84_5km_8day_2011233.regrid.nc
2011-08-29,5.1528554099809885,302.61249999999995,284.6875,0.0,285.025,1.935,0.0056387500000000005,3.3875,41.400000000000006,-123.68333330000002,HiQ_LAI_WGS84_5km_8day_2011241.regrid.nc
2011-09-06,4.633326917525614,305.0375,287.15,0.0,258.9,2.25875,0.0063100000000000005,2.4625000000000004,41.400000000000006,-123.68333330000002,HiQ_LAI_WGS84_5km_8day_2011249.regrid.nc
2011-09-14,4.59313023138583,300.6,282.92499999999995,0.0,239.1375,1.5625,0.0061475,2.5625000000000004,41.400000000000006,-123.68333330000002,HiQ_LAI_WGS84_5km_8day_2011257.regrid.nc
2011-09-22,4.557143651576325,301.025,283.98749999999995,1.2750000000000001,217.16250000000002,1.63375,0.00645125,2.9375,41.400000000000006,-123.68333330000002,HiQ_LAI_WGS84_5km_8day_2011265.regrid.nc
2011-09-30,3.8679542222722247,289.7875,279.05,21.5875,155.425,0.5425,0.006162500000000001,4.2125,41.400000000000006,-123.68333330000002,HiQ_LAI_WGS84_5km_8day_2011273.regrid.nc
2011-10-08,3.883967487424534,293.2625,280.6625,7.7125,157.7,0.725,0.006710000000000001,2.8875,41.400000000000006,-123.68333330000002,HiQ_LAI_WGS84_5km_8day_2011281.regrid.nc
2011-10-16,3.492157463469071,295.61249999999995,281.85,0.0,176.1375,1.0175,0.006275,2.5125,41.400000000000006,-123.68333330000002,HiQ_LAI_WGS84_5km_8day_2011289.regrid.nc
2011-10-24,3.1480590428800848,291.70000000000005,278.675,0.08750000000000001,161.15000000000003,0.83375,0.004765,3.55,41.400000000000006,-123.68333330000002,HiQ_LAI_WGS84_5km_8day_2011297.regrid.nc
2011-11-01,2.7921574634690707,283.9,273.1625,16.8375,110.20000000000002,0.44375,0.0036200000000000004,3.925,41.400000000000006,-123.68333330000002,HiQ_LAI_WGS84_5km_8day_2011305.regrid.nc
2011-11-09,1.9558426915691163,286.625,275.38750000000005,0.7875000000000001,125.55000000000001,0.49,0.0043825,2.925,41.400000000000006,-123.68333330000002,HiQ_LAI_WGS84_5km_8day_2011313.regrid.nc
2011-11-17,2.6015696914695488,281.425,274.04999999999995,37.41250000000001,74.5,0.175,0.00478375,6.8875,41.400000000000006,-123.68333330000002,HiQ_LAI_WGS84_5km_8day_2011321.regrid.nc
2011-11-25,3.201320207430366,286.36249999999995,275.11249999999995,2.8000000000000003,113.55000000000001,0.5262500000000001,0.004035,4.1,41.400000000000006,-123.68333330000002,HiQ_LAI_WGS84_5km_8day_2011329.regrid.nc
2011-12-03,3.146391395936111,286.5375,272.95,0.0,106.025,0.7362500000000001,0.002295,3.2875,41.400000000000006,-123.68333330000002,HiQ_LAI_WGS84_5km_8day_2011337.regrid.nc
2011-12-11,3.0679542222722245,283.95,271.2125,3.8375,100.72500000000001,0.4975,0.00296,3.7,41.400000000000006,-123.68333330000002,HiQ_LAI_WGS84_5km_8day_2011345.regrid.nc
2011-12-19,3.000347439513608,285.425,272.225,0.4625,100.42500000000001,0.6737500000000001,0.0022987500000000004,3.4375,41.400000000000006,-123.68333330000002,HiQ_LAI_WGS84_5km_8day_2011353.regrid.nc
2011-12-27,2.813372850291577,284.29999999999995,273.56000000000006,46.300000000000004,53.28000000000001,0.30599999999999994,0.004622,5.920000000000001,41.400000000000006,-123.68333330000002,HiQ_LAI_WGS84_5km_8day_2011361.regrid.nc
2012-01-01,2.4878692218737344,285.725,273.63750000000005,0.375,96.61250000000001,0.5625,0.003385,3.6625,41.400000000000006,-123.68333330000002,HiQ_LAI_WGS84_5km_8day_2012001.regrid.nc
2012-01-09,2.8679542222722247,285.1875,272.875,0.0,105.125,0.64625,0.00269375,2.725,41.400000000000006,-123.68333330000002,HiQ_LAI_WGS84_5km_8day_2012009.regrid.nc
2012-01-17,2.423777666418183,282.1,271.9125,67.125,53.22500000000001,0.2775,0.00398,8.225,41.400000000000006,-123.68333330000002,HiQ_LAI_WGS84_5km_8day_2012017.regrid.nc
2012-01-25,2.6276794008673843,285.6,274.01250000000005,20.3,103.1,0.49000000000000005,0.0038487500000000006,3.3375,41.400000000000006,-123.68333330000002,HiQ_LAI_WGS84_5km_8day_2012025.regrid.nc
2012-02-02,2.746313260671055,287.5625,275.975,1.6375000000000002,115.18750000000001,0.60375,0.0040525000000000005,3.6125,41.400000000000006,-123.68333330000002,HiQ_LAI_WGS84_5km_8day_2012033.regrid.nc
2012-02-10,2.4034761596705376,283.95000000000005,272.975,8.412500000000001,114.80000000000001,0.35,0.00413375,3.4250000000000007,41.400000000000006,-123.68333330000002,HiQ_LAI_WGS84_5km_8day_2012041.regrid.nc
2012-02-18,3.2381232846265187,285.29999999999995,273.0625,5.825000000000001,158.9375,0.4,0.00432875,3.8625000000000003,41.400000000000006,-123.68333330000002,HiQ_LAI_WGS84_5km_8day_2012049.regrid.nc
2012-02-26,2.5462741930385278,283.86249999999995,270.7625,9.975000000000001,170.78750000000002,0.435,0.00339125,4.8125,41.400000000000006,-123.68333330000002,HiQ_LAI_WGS84_5km_8day_2012057.regrid.nc
2012-03-05,2.7652945599883343,285.375,272.5625,10.0,196.175,0.52,0.00347625,5.200000000000001,41.400000000000006,-123.68333330000002,HiQ_LAI_WGS84_5km_8day_2012065.regrid.nc
2012-03-13,1.757452023457405,282.1,271.92499999999995,58.66250000000001,119.58749999999999,0.27625,0.003975,7.075000000000001,41.400000000000006,-123.68333330000002,HiQ_LAI_WGS84_5km_8day_2012073.regrid.nc
2012-03-21,1.0921183958365428,283.625,273.4125,24.950000000000003,171.125,0.33,0.0042250000000000005,6.1625,41.400000000000006,-123.68333330000002,HiQ_LAI_WGS84_5km_8day_2012081.regrid.nc
2012-03-29,1.7652945599883343,284.7625,273.8125,59.6,153.6125,0.35,0.00453875,7.112500000000001,41.400000000000006,-123.68333330000002,HiQ_LAI_WGS84_5km_8day_2012089.regrid.nc
2012-04-06,2.0107522556402144,286.4375,274.375,15.787500000000001,219.2,0.4675,0.00438875,3.575,41.400000000000006,-123.68333330000002,HiQ_LAI_WGS84_5km_8day_2012097.regrid.nc
2012-04-14,2.7688488549239274,290.575,277.7125,8.512500000000001,198.6125,0.595,0.00576,3.35,41.400000000000006,-123.68333330000002,HiQ_LAI_WGS84_5km_8day_2012105.regrid.nc
2012-04-22,3.0913844491767994,292.17499999999995,278.38750000000005,8.4625,274.925,0.6875,0.00609875,3.2750000000000004,41.400000000000006,-123.68333330000002,HiQ_LAI_WGS84_5km_8day_2012113.regrid.nc
2012-04-30,3.5047963671009037,291.3875,277.2625,12.0625,291.21250000000003,0.77875,0.004815000000000001,4.2250000000000005,41.400000000000006,-123.68333330000002,HiQ_LAI_WGS84_5km_8day_2012121.regrid.nc
2012-05-08,3.4724031498595203,297.3,280.575,0.0,359.7375,1.2675,0.00528375,3.2375000000000003,41.400000000000006,-123.68333330000002,HiQ_LAI_WGS84_5km_8day_2012129.regrid.nc
2012-05-16,3.5707355029155465,294.0875,279.6875,1.8250000000000002,324.35,0.94875,0.005421250000000001,3.2250000000000005,41.400000000000006,-123.68333330000002,HiQ_LAI_WGS84_5km_8day_2012137.regrid.nc
2012-05-24,3.8935167385319653,293.8875,278.36249999999995,1.7750000000000001,323.1125,0.8587500000000001,0.005762500000000001,3.2250000000000005,41.400000000000006,-123.68333330000002,HiQ_LAI_WGS84_5km_8day_2012145.regrid.nc
2012-06-01,4.3139591110622,293.70000000000005,280.3125,7.9125,281.8125,0.78125,0.00656125,3.0250000000000004,41.400000000000006,-123.68333330000002,HiQ_LAI_WGS84_5km_8day_2012153.regrid.nc
2012-06-09,4.521235207031877,298.425,282.1375,0.0,364.13750000000005,1.27125,0.0064125,4.225,41.400000000000006,-123.68333330000002,HiQ_LAI_WGS84_5km_8day_2012161.regrid.nc
2012-06-17,4.77148926978466,296.2875,281.42499999999995,8.1875,315.01250000000005,1.0462500000000001,0.006507500000000001,3.3625000000000003,41.400000000000006,-123.68333330000002,HiQ_LAI_WGS84_5km_8day_2012169.regrid.nc
2012-06-25,4.560737014144445,297.45000000000005,282.29999999999995,1.0375,322.925,1.045,0.00737875,2.5250000000000004,41.400000000000006,-123.68333330000002,HiQ_LAI_WGS84_5km_8day_2012177.regrid.nc
2012-07-03,5.127351781563147,302.2,285.20000000000005,0.0,364.05,1.5950000000000002,0.007732500000000001,2.8875,41.400000000000006,-123.68333330000002,HiQ_LAI_WGS84_5km_8day_2012185.regrid.nc
2012-07-11,5.029058496139648,301.9,286.025,2.7875000000000005,334.5,1.5612499999999998,0.0080925,3.1500000000000004,41.400000000000006,-123.68333330000002,HiQ_LAI_WGS84_5km_8day_2012193.regrid.nc
2012-07-19,5.2065229018867765,302.75,285.7,0.21250000000000002,347.57500000000005,1.69625,0.007621250000000001,2.7,41.400000000000006,-123.68333330000002,HiQ_LAI_WGS84_5km_8day_2012201.regrid.nc
2012-07-27,4.946699767817192,302.9125,285.0625,0.675,343.32500000000005,1.76,0.0071,3.0,41.400000000000006,-123.68333330000002,HiQ_LAI_WGS84_5km_8day_2012209.regrid.nc
2012-08-04,4.7921183958365425,304.9125,286.5875,0.0,329.175,2.17375,0.006658750000000001,2.6,41.400000000000006,-123.68333330000002,HiQ_LAI_WGS84_5km_8day_2012217.regrid.nc
2012-08-12,4.789228496936628,307.825,289.09999999999997,0.0,316.45,2.745,0.006543750000000001,2.1875,41.400000000000006,-123.68333330000002,HiQ_LAI_WGS84_5km_8day_2012225.regrid.nc
2012-08-20,5.057182719208853,303.0625,283.8375,0.0,305.96250000000003,1.90375,0.0059587500000000005,2.9375,41.400000000000006,-123.68333330000002,HiQ_LAI_WGS84_5km_8day_2012233.regrid.nc
2012-08-28,5.431640023158483,302.15,282.48749999999995,0.0,288.5375,1.8162500000000001,0.005418750000000001,2.7750000000000004,41.400000000000006,-123.68333330000002,HiQ_LAI_WGS84_5km_8day_2012241.regrid.nc
2012-09-05,4.79703196583503,303.125,284.02500000000003,0.0,263.61250000000007,2.0437499999999997,0.0051062500000000005,2.6875,41.400000000000006,-123.68333330000002,HiQ_LAI_WGS84_5km_8day_2012249.regrid.nc
2012-09-13,4.783967487424534,303.475,284.79999999999995,0.0,244.33750000000003,2.17875,0.004646250000000001,2.2375,41.400000000000006,-123.68333330000002,HiQ_LAI_WGS84_5km_8day_2012257.regrid.nc
2012-09-21,4.450640569898919,302.225,283.825,0.0,226.0625,1.945,0.0049587500000000005,3.0625,41.400000000000006,-123.68333330000002,HiQ_LAI_WGS84_5km_8day_2012265.regrid.nc
2012-09-29,4.370903009014038,302.0,284.4125,0.0,215.77500000000003,2.11875,0.004030000000000001,2.6125,41.400000000000006,-123.68333330000002,HiQ_LAI_WGS84_5km_8day_2012273.regrid.nc
2012-10-07,4.117680912096283,295.36249999999995,279.25,2.5875000000000004,183.81250000000003,1.09625,0.00494125,2.4625000000000004,41.400000000000006,-123.68333330000002,HiQ_LAI_WGS84_5km_8day_2012281.regrid.nc
2012-10-15,3.736314771899955,292.425,279.4625,33.025,148.9625,0.9137500000000001,0.005197500000000001,3.75,41.400000000000006,-123.68333330000002,HiQ_LAI_WGS84_5km_8day_2012289.regrid.nc
2012-10-23,3.351046897254425,289.01250000000005,278.425,24.837500000000002,124.275,0.54,0.0057675,3.075,41.400000000000006,-123.68333330000002,HiQ_LAI_WGS84_5km_8day_2012297.regrid.nc
2012-10-31,3.091282651026738,290.82500000000005,279.75,10.3,114.33749999999999,0.66125,0.006005,3.75,41.400000000000006,-123.68333330000002,HiQ_LAI_WGS84_5km_8day_2012305.regrid.nc
2012-11-08,1.8303979509931718,284.1875,274.6625,11.9875,90.4375,0.33875,0.0046325,3.2,41.400000000000006,-123.68333330000002,HiQ_LAI_WGS84_5km_8day_2012313.regrid.nc
2012-11-16,2.338935366551317,284.65,275.85,35.487500000000004,78.66250000000001,0.31125,0.0050825,6.449999999999999,41.400000000000006,-123.68333330000002,HiQ_LAI_WGS84_5km_8day_2012321.regrid.nc
2012-11-24,2.7006750588178456,285.7625,276.625,43.0625,83.47500000000001,0.36500000000000005,0.005231250000000001,6.7125,41.400000000000006,-123.68333330000002,HiQ_LAI_WGS84_5km_8day_2012329.regrid.nc
2012-12-02,2.837576091488423,284.5625,272.85,36.8875,78.975,0.37625000000000003,0.004083750000000001,5.3375,41.400000000000006,-123.68333330000002,HiQ_LAI_WGS84_5km_8day_2012337.regrid.nc
2012-12-10,2.992157463469071,281.5375,271.075,16.4125,66.275,0.32125000000000004,0.0034412500000000003,4.5625,41.400000000000006,-123.68333330000002,HiQ_LAI_WGS84_5km_8day_2012345.regrid.nc
2012-12-18,2.5903726136275136,279.075,270.40000000000003,42.075,59.362500000000004,0.23125,0.0033237500000000003,7.525,41.400000000000006,-123.68333330000002,HiQ_LAI_WGS84_5km_8day_2012353.regrid.nc
2012-12-26,2.581327072563801,278.8999999999999,269.0833333333333,5.883333333333334,69.06666666666666,0.25499999999999995,0.0029483333333333336,2.8333333333333335,41.400000000000006,-123.68333330000002,HiQ_LAI_WGS84_5km_8day_2012361.regrid.nc
2013-01-01,3.106464014044878,282.94999999999993,272.2375,0.05,91.5125,0.4175,0.0032512500000000007,2.5875000000000004,41.400000000000006,-123.68333330000002,HiQ_LAI_WGS84_5km_8day_2013001.regrid.nc
2013-01-09,2.938123284626518,280.35,269.1875,4.55,92.57500000000002,0.38875,0.0025325,3.7500000000000004,41.400000000000006,-123.68333330000002,HiQ_LAI_WGS84_5km_8day_2013009.regrid.nc
2013-01-17,3.0159741975197814,287.7125,275.5625,8.275,110.375,0.7925,0.0028025000000000003,2.9250000000000003,41.400000000000006,-123.68333330000002,HiQ_LAI_WGS84_5km_8day_2013017.regrid.nc
2013-01-25,2.490450748892569,283.9375,272.725,6.9125000000000005,102.8875,0.43250000000000005,0.003615,3.6125000000000003,41.400000000000006,-123.68333330000002,HiQ_LAI_WGS84_5km_8day_2013025.regrid.nc
2013-02-02,2.5982740380003406,284.3125,272.5875,5.1625000000000005,139.8125,0.4625000000000001,0.0034525000000000003,3.6000000000000005,41.400000000000006,-123.68333330000002,HiQ_LAI_WGS84_5km_8day_2013033.regrid.nc
2013-02-10,2.9476334681014214,287.20000000000005,273.98749999999995,0.0,166.95000000000002,0.5875,0.0037400000000000003,3.8875,41.400000000000006,-123.68333330000002,HiQ_LAI_WGS84_5km_8day_2013041.regrid.nc
2013-02-18,2.4822607728480315,281.8125,270.675,7.925000000000001,143.20000000000002,0.3175,0.00341625,3.8625000000000007,41.400000000000006,-123.68333330000002,HiQ_LAI_WGS84_5km_8day_2013049.regrid.nc
2013-02-26,2.611685955924445,287.1625,274.3375,6.125,154.1375,0.54375,0.0041287500000000005,3.0500000000000003,41.400000000000006,-123.68333330000002,HiQ_LAI_WGS84_5km_8day_2013057.regrid.nc
2013-03-06,2.606464014044878,287.875,273.8125,10.7875,208.8,0.6225,0.0038212500000000004,3.3,41.400000000000006,-123.68333330000002,HiQ_LAI_WGS84_5km_8day_2013065.regrid.nc
2013-03-14,2.689150361671573,286.5625,274.1375,7.625,184.97500000000002,0.4975,0.0041825000000000005,3.7,41.400000000000006,-123.68333330000002,HiQ_LAI_WGS84_5km_8day_2013073.regrid.nc
2013-03-22,2.8878301542412066,287.775,274.35,2.35,203.75,0.5625,0.00419375,2.6125,41.400000000000006,-123.68333330000002,HiQ_LAI_WGS84_5km_8day_2013081.regrid.nc
2013-03-30,3.1518826420642307,289.54999999999995,277.96250000000003,19.25,177.71250000000003,0.51625,0.005840000000000001,3.6125000000000003,41.400000000000006,-123.68333330000002,HiQ_LAI_WGS84_5km_8day_2013089.regrid.nc
2013-04-07,3.2842758593056134,288.4125,275.0375,7.450000000000001,241.925,0.54125,0.0047237500000000005,4.775,41.400000000000006,-123.68333330000002,HiQ_LAI_WGS84_5km_8day_2013097.regrid.nc
2013-04-15,3.794411371183668,290.07500000000005,274.925,1.0625,289.95,0.68125,0.004458750000000001,4.4125,41.400000000000006,-123.68333330000002,HiQ_LAI_WGS84_5km_8day_2013105.regrid.nc
2013-04-23,3.5303588833606443,295.32500000000005,278.65,0.0,332.42500000000007,1.12625,0.004580000000000001,3.8750000000000004,41.400000000000006,-123.68333330000002,HiQ_LAI_WGS84_5km_8day_2013113.regrid.nc
2013-05-01,3.938162352259046,296.85,281.225,5.0875,328.625,1.27875,0.0050875,3.9000000000000004,41.400000000000006,-123.68333330000002,HiQ_LAI_WGS84_5km_8day_2013121.regrid.nc
2013-05-09,4.043345226506085,296.4375,281.5375,1.5250000000000001,327.20000000000005,1.025,0.00664375,2.5875,41.400000000000006,-123.68333330000002,HiQ_LAI_WGS84_5km_8day_2013129.regrid.nc
2013-05-17,4.17445730394963,292.275,276.725,1.7875,321.1625,0.79,0.004995,3.3375000000000004,41.400000000000006,-123.68333330000002,HiQ_LAI_WGS84_5km_8day_2013137.regrid.nc
2013-05-25,4.203862666816673,294.2875,279.475,10.9,308.48750000000007,0.9225000000000001,0.005742500000000001,4.075000000000001,41.400000000000006,-123.68333330000002,HiQ_LAI_WGS84_5km_8day_2013145.regrid.nc
2013-06-02,4.478359038398831,303.4875,286.7,0.0,368.125,1.91375,0.007166250000000001,3.85,41.400000000000006,-123.68333330000002,HiQ_LAI_WGS84_5km_8day_2013153.regrid.nc
2013-06-10,4.102601347228205,297.5625,280.675,0.0625,369.85,1.19,0.0059275000000000005,3.325,41.400000000000006,-123.68333330000002,HiQ_LAI_WGS84_5km_8day_2013161.regrid.nc
2013-06-18,3.8856153141591374,295.35,281.6625,6.249999999999999,260.88750000000005,0.9424999999999999,0.006625000000000001,3.75,41.400000000000006,-123.68333330000002,HiQ_LAI_WGS84_5km_8day_2013169.regrid.nc
2013-06-26,4.582647279994167,305.21250000000003,288.65,4.525,331.00000000000006,1.9587500000000002,0.00939875,2.7875,41.400000000000006,-123.68333330000002,HiQ_LAI_WGS84_5km_8day_2013177.regrid.nc
2013-07-04,4.935580825240211,305.0375,287.6,0.0,361.1,2.0300000000000002,0.00797375,3.4875,41.400000000000006,-123.68333330000002,HiQ_LAI_WGS84_5km_8day_2013185.regrid.nc
2013-07-12,5.085326762487428,305.17499999999995,286.4,0.0,358.5625,2.1450000000000005,0.006933750000000001,2.6875,41.400000000000006,-123.68333330000002,HiQ_LAI_WGS84_5km_8day_2013193.regrid.nc
2013-07-20,4.970208129986822,308.9375,289.9125,0.0,331.1625,2.8725,0.007076250000000001,2.9000000000000004,41.400000000000006,-123.68333330000002,HiQ_LAI_WGS84_5km_8day_2013201.regrid.nc
2013-07-28,4.057710092137578,303.775,285.0375,0.0,324.55,1.99875,0.00628625,3.1000000000000005,41.400000000000006,-123.68333330000002,HiQ_LAI_WGS84_5km_8day_2013209.regrid.nc
2013-08-05,4.065900068182115,302.4875,285.1875,0.2625,295.3125,1.685,0.00737375,2.1,41.400000000000006,-123.68333330000002,HiQ_LAI_WGS84_5km_8day_2013217.regrid.nc
2013-08-13,3.8979458459098906,306.8375,287.63750000000005,0.0,308.26250000000005,2.4125,0.007295,2.6625000000000005,41.400000000000006,-123.68333330000002,HiQ_LAI_WGS84_5km_8day_2013225.regrid.nc
2013-08-21,4.369274429702591,302.01250000000005,285.4625,1.0375,265.6875,1.67875,0.007312500000000001,2.575,41.400000000000006,-123.68333330000002,HiQ_LAI_WGS84_5km_8day_2013233.regrid.nc
2013-08-29,4.2688879225564555,300.76250000000005,283.7125,0.0,267.125,1.34625,0.00790625,2.8375,41.400000000000006,-123.68333330000002,HiQ_LAI_WGS84_5km_8day_2013241.regrid.nc
2013-09-06,4.583967487424534,306.09999999999997,287.4125,0.0,259.475,2.4000000000000004,0.006521250000000001,3.075,41.400000000000006,-123.68333330000002,HiQ_LAI_WGS84_5km_8day_2013249.regrid.nc
2013-09-14,4.493091163753302,297.6125,282.26250000000005,12.037500000000001,215.4625,1.15875,0.006840000000000001,3.1500000000000004,41.400000000000006,-123.68333330000002,HiQ_LAI_WGS84_5km_8day_2013257.regrid.nc
2013-09-22,3.9558625117784865,291.7,280.6875,28.025000000000002,148.0125,0.5825,0.006946250000000001,4.8500000000000005,41.400000000000006,-123.68333330000002,HiQ_LAI_WGS84_5km_8day_2013265.regrid.nc
2013-09-30,4.033326917525615,291.7875,278.5875,1.9000000000000001,212.1,0.8425,0.004805,4.2125,41.400000000000006,-123.68333330000002,HiQ_LAI_WGS84_5km_8day_2013273.regrid.nc
2013-10-08,3.9294251830764138,290.82500000000005,277.03749999999997,0.05,184.01250000000002,0.76,0.0045425000000000005,4.025,41.400000000000006,-123.68333330000002,HiQ_LAI_WGS84_5km_8day_2013281.regrid.nc
2013-10-16,3.906503081677406,296.2375,280.70000000000005,0.0,181.2625,1.37,0.0038862500000000004,2.0625,41.400000000000006,-123.68333330000002,HiQ_LAI_WGS84_5km_8day_2013289.regrid.nc
2013-10-24,3.8156658256387015,291.4125,277.01250000000005,0.0,158.41250000000002,0.87625,0.00410375,2.5,41.400000000000006,-123.68333330000002,HiQ_LAI_WGS84_5km_8day_2013297.regrid.nc
2013-11-01,3.6512268306695423,287.26250000000005,276.3375,2.4375,116.7125,0.47875,0.004996250000000001,2.7750000000000004,41.400000000000006,-123.68333330000002,HiQ_LAI_WGS84_5km_8day_2013305.regrid.nc
2013-11-09,3.4783981060313587,287.6625,276.9375,3.7125000000000004,110.025,0.5725,0.00460625,2.8375000000000004,41.400000000000006,-123.68333330000002,HiQ_LAI_WGS84_5km_8day_2013313.regrid.nc
2013-11-17,3.7649861881072546,285.9625,276.1125,16.475,104.51249999999999,0.5762499999999999,0.0037687500000000004,4.8375,41.400000000000006,-123.68333330000002,HiQ_LAI_WGS84_5km_8day_2013321.regrid.nc
2013-11-25,3.747286028587814,287.67499999999995,275.9625,5.800000000000001,99.4625,0.6025,0.004132500000000001,2.7375000000000003,41.400000000000006,-123.68333330000002,HiQ_LAI_WGS84_5km_8day_2013329.regrid.nc
2013-12-03,3.302948786741813,278.2125,265.41249999999997,2.9250000000000003,99.38750000000002,0.29375,0.0022125,4.0,41.400000000000006,-123.68333330000002,HiQ_LAI_WGS84_5km_8day_2013337.regrid.nc
2013-12-11,3.1506405698989193,286.09999999999997,273.2625,0.0,102.30000000000001,0.6575000000000001,0.0028800000000000006,2.2875,41.400000000000006,-123.68333330000002,HiQ_LAI_WGS84_5km_8day_2013345.regrid.nc
2013-12-19,3.179718313461725,286.6875,273.525,0.0,96.3125,0.615,0.0033975000000000003,3.225,41.400000000000006,-123.68333330000002,HiQ_LAI_WGS84_5km_8day_2013353.regrid.nc
2013-12-27,3.069274429702591,288.36,274.94000000000005,0.0,94.38000000000002,0.8240000000000001,0.0026960000000000005,2.8,41.400000000000006,-123.68333330000002,HiQ_LAI_WGS84_5km_8day_2013361.regrid.nc
2014-01-01,3.4875217823601266,286.5625,276.275,4.275,92.4125,0.71625,0.0030612500000000006,3.2875,41.400000000000006,-123.68333330000002,HiQ_LAI_WGS84_5km_8day_2014001.regrid.nc
2014-01-09,3.641130386424016,285.32500000000005,274.57500000000005,5.4125000000000005,87.375,0.54625,0.003595,4.4375,41.400000000000006,-123.68333330000002,HiQ_LAI_WGS84_5km_8day_2014009.regrid.nc
2014-01-17,3.6074367819616366,290.54999999999995,277.54999999999995,0.0,122.03750000000001,1.05375,0.0024850000000000002,3.2624999999999997,41.400000000000006,-123.68333330000002,HiQ_LAI_WGS84_5km_8day_2014017.regrid.nc
2014-01-25,3.277077898600992,285.4125,274.975,5.85,97.025,0.5612499999999999,0.0036862500000000003,2.9125,41.400000000000006,-123.68333330000002,HiQ_LAI_WGS84_5km_8day_2014025.regrid.nc
2014-02-02,2.487908289506262,280.7125,272.55,10.8375,94.61250000000001,0.22625,0.004083750000000001,4.625,41.400000000000006,-123.68333330000002,HiQ_LAI_WGS84_5km_8day_2014033.regrid.nc
2014-02-10,2.8567962120627173,283.0125,275.95,34.3125,97.11250000000001,0.16749999999999998,0.00564125,6.15,41.400000000000006,-123.68333330000002,HiQ_LAI_WGS84_5km_8day_2014041.regrid.nc
2014-02-18,3.4852876948549,286.9625,275.0375,3.7625,147.85000000000002,0.52125,0.0044075,3.0,41.400000000000006,-123.68333330000002,HiQ_LAI_WGS84_5km_8day_2014049.regrid.nc
2014-02-26,3.320848699885741,283.82500000000005,276.92499999999995,18.2375,110.10000000000001,0.21499999999999997,0.005662500000000001,4.612500000000001,41.400000000000006,-123.68333330000002,HiQ_LAI_WGS84_5km_8day_2014057.regrid.nc
2014-03-06,3.4930911637533013,286.4625,275.625,25.262500000000003,185.1875,0.50375,0.00443125,4.7625,41.400000000000006,-123.68333330000002,HiQ_LAI_WGS84_5km_8day_2014065.regrid.nc
2014-03-14,3.6800657529753327,288.65,274.73749999999995,2.2875,236.8125,0.6737500000000001,0.0039250000000000005,3.9250000000000003,41.400000000000006,-123.68333330000002,HiQ_LAI_WGS84_5km_8day_2014073.regrid.nc
2014-03-22,3.7532419171271245,285.2125,275.51250000000005,29.562500000000004,188.60000000000002,0.48750000000000004,0.004240000000000001,5.5125,41.400000000000006,-123.68333330000002,HiQ_LAI_WGS84_5km_8day_2014081.regrid.nc
2014-03-30,3.557143651576325,285.1875,274.57499999999993,2.7875,208.425,0.40125,0.0045975,3.5125,41.400000000000006,-123.68333330000002,HiQ_LAI_WGS84_5km_8day_2014089.regrid.nc
2014-04-07,3.4770778986009923,297.3875,280.925,0.0,292.5625,1.30375,0.005085000000000001,2.6,41.400000000000006,-123.68333330000002,HiQ_LAI_WGS84_5km_8day_2014097.regrid.nc
2014-04-15,2.9787064779124384,290.7,275.98749999999995,4.2250000000000005,262.26250000000005,0.69375,0.004826250000000001,3.2250000000000005,41.400000000000006,-123.68333330000002,HiQ_LAI_WGS84_5km_8day_2014105.regrid.nc
2014-04-23,2.762654145127602,289.7375,276.55,6.750000000000001,232.02500000000003,0.73875,0.004852500000000001,4.4625,41.400000000000006,-123.68333330000002,HiQ_LAI_WGS84_5km_8day_2014113.regrid.nc
2014-05-01,2.496059197918272,291.0375,278.13750000000005,7.687500000000001,292.88750000000005,0.7224999999999999,0.005506250000000001,3.8375000000000004,41.400000000000006,-123.68333330000002,HiQ_LAI_WGS84_5km_8day_2014121.regrid.nc
2014-05-09,3.664947120474727,296.26250000000005,281.125,3.1375,327.55,1.25625,0.005512500000000001,3.075,41.400000000000006,-123.68333330000002,HiQ_LAI_WGS84_5km_8day_2014129.regrid.nc
2014-05-17,3.5104048161266066,295.425,280.9375,2.0250000000000004,311.6125,0.9525000000000001,0.006573750000000001,3.3000000000000003,41.400000000000006,-123.68333330000002,HiQ_LAI_WGS84_5km_8day_2014137.regrid.nc
2014-05-25,3.783967487424534,296.2875,280.35,0.0,375.38750000000005,1.05,0.006221250000000001,3.3375,41.400000000000006,-123.68333330000002,HiQ_LAI_WGS84_5km_8day_2014145.regrid.nc
2014-06-02,4.106503081677406,302.8125,287.375,0.0,371.9,1.8762499999999998,0.007061250000000001,4.2250000000000005,41.400000000000006,-123.68333330000002,HiQ_LAI_WGS84_5km_8day_2014153.regrid.nc
2014-06-10,4.1199149996015105,295.85,280.25,0.0,358.45000000000005,1.00875,0.006266250000000001,4.0875,41.400000000000006,-123.68333330000002,HiQ_LAI_WGS84_5km_8day_2014161.regrid.nc
2014-06-18,4.246699767817191,298.0625,282.9625,3.8875,336.95,1.1975,0.006891250000000001,2.8625000000000007,41.400000000000006,-123.68333330000002,HiQ_LAI_WGS84_5km_8day_2014169.regrid.nc
2014-06-26,4.3852876948549,300.525,284.65,1.4625,333.725,1.45,0.0077625,3.0250000000000004,41.400000000000006,-123.68333330000002,HiQ_LAI_WGS84_5km_8day_2014177.regrid.nc
2014-07-04,4.480999453259564,304.9125,290.1375,0.0,335.3,2.04125,0.00888875,2.0125,41.400000000000006,-123.68333330000002,HiQ_LAI_WGS84_5km_8day_2014185.regrid.nc
2014-07-12,4.598313105632869,305.575,289.525,0.0,339.125,2.0525,0.009138750000000001,2.7625,41.400000000000006,-123.68333330000002,HiQ_LAI_WGS84_5km_8day_2014193.regrid.nc
2014-07-20,4.337634979330321,302.5,286.15,0.9750000000000001,329.65000000000003,1.7575000000000003,0.007652500000000001,2.8875,41.400000000000006,-123.68333330000002,HiQ_LAI_WGS84_5km_8day_2014201.regrid.nc
2014-07-28,4.268013110114122,307.0375,291.6,0.0,329.4875,2.53625,0.008081250000000002,2.1500000000000004,41.400000000000006,-123.68333330000002,HiQ_LAI_WGS84_5km_8day_2014209.regrid.nc
2014-08-05,4.29703196583503,304.05,288.5625,0.0,303.90000000000003,2.04875,0.007521250000000001,2.75,41.400000000000006,-123.68333330000002,HiQ_LAI_WGS84_5km_8day_2014217.regrid.nc
2014-08-13,4.403901734449201,303.2125,287.5125,0.0,300.2875,1.8137500000000002,0.007930000000000001,2.7375000000000003,41.400000000000006,-123.68333330000002,HiQ_LAI_WGS84_5km_8day_2014225.regrid.nc
2014-08-21,4.394391550974298,303.625,287.0375,0.0,303.825,2.09375,0.006180000000000001,3.2125000000000004,41.400000000000006,-123.68333330000002,HiQ_LAI_WGS84_5km_8day_2014233.regrid.nc
2014-08-29,4.394391550974298,302.85,285.35,0.0,284.3125,1.9775,0.00573125,3.7125,41.400000000000006,-123.68333330000002,HiQ_LAI_WGS84_5km_8day_2014241.regrid.nc
2014-09-06,4.184006555057061,304.35,288.4375,0.0,261.4375,2.49,0.00460875,2.825,41.400000000000006,-123.68333330000002,HiQ_LAI_WGS84_5km_8day_2014249.regrid.nc
2014-09-14,4.4199149996015095,301.61249999999995,285.7125,2.85,219.525,1.7537500000000001,0.00653625,2.8625,41.400000000000006,-123.68333330000002,HiQ_LAI_WGS84_5km_8day_2014257.regrid.nc
2014-09-22,4.289189429304101,294.525,281.75,8.925,184.35000000000002,0.7225,0.00774,3.7375000000000003,41.400000000000006,-123.68333330000002,HiQ_LAI_WGS84_5km_8day_2014265.regrid.nc
2014-09-30,4.630706322874252,300.38750000000005,286.08750000000003,0.0,217.3625,1.895,0.00489,3.1375,41.400000000000006,-123.68333330000002,HiQ_LAI_WGS84_5km_8day_2014273.regrid.nc
2014-10-08,4.3065030816774055,295.35,282.2625,14.750000000000002,177.03750000000002,1.1425,0.00561,3.5000000000000004,41.400000000000006,-123.68333330000002,HiQ_LAI_WGS84_5km_8day_2014281.regrid.nc
2014-10-16,3.9934776708994377,289.0375,280.25,34.3,117.60000000000001,0.45125000000000004,0.00671625,4.8375,41.400000000000006,-123.68333330000002,HiQ_LAI_WGS84_5km_8day_2014289.regrid.nc
2014-10-24,3.182686347626695,287.2125,278.5625,33.2875,101.9,0.28125,0.00670875,4.3125,41.400000000000006,-123.68333330000002,HiQ_LAI_WGS84_5km_8day_2014297.regrid.nc
2014-11-01,3.1190011195266494,288.75,279.1375,1.3375000000000001,120.325,0.49874999999999997,0.005985000000000001,2.5625,41.400000000000006,-123.68333330000002,HiQ_LAI_WGS84_5km_8day_2014305.regrid.nc
2014-11-09,2.6666929026837565,286.125,277.26250000000005,9.412500000000001,116.3125,0.4425,0.004942500000000001,3.2625,41.400000000000006,-123.68333330000002,HiQ_LAI_WGS84_5km_8day_2014313.regrid.nc
2014-11-17,2.351613337815678,283.73749999999995,275.67499999999995,15.775,76.82500000000002,0.295,0.004895,4.0875,41.400000000000006,-123.68333330000002,HiQ_LAI_WGS84_5km_8day_2014321.regrid.nc
2014-11-25,2.2460830240550305,285.25,277.4125,7.612500000000001,76.0875,0.29125,0.00573375,3.95,41.400000000000006,-123.68333330000002,HiQ_LAI_WGS84_5km_8day_2014329.regrid.nc
2014-12-03,1.9789645465926111,285.05,277.0125,17.1125,58.72500000000001,0.30625,0.005401250000000001,6.275000000000001,41.400000000000006,-123.68333330000002,HiQ_LAI_WGS84_5km_8day_2014337.regrid.nc
2014-12-11,1.2767695267199124,280.36249999999995,272.925,21.4125,66.16250000000001,0.21125,0.00409125,4.7125,41.400000000000006,-123.68333330000002,HiQ_LAI_WGS84_5km_8day_2014345.regrid.nc
2014-12-19,3.0205205077952906,282.97499999999997,274.0875,41.0125,60.900000000000006,0.275,0.004615,5.3125,41.400000000000006,-123.68333330000002,HiQ_LAI_WGS84_5km_8day_2014353.regrid.nc
2014-12-27,2.85155444997378,279.64000000000004,268.65999999999997,1.3400000000000003,83.4,0.346,0.002494,3.72,41.400000000000006,-123.68333330000002,HiQ_LAI_WGS84_5km_8day_2014361.regrid.nc
2015-01-01,2.597765912494774,288.0625,277.75,0.0,95.625,0.82125,0.0032675000000000004,2.475,41.400000000000006,-123.68333330000002,HiQ_LAI_WGS84_5km_8day_2015001.regrid.nc
2015-01-09,2.4150795648680785,285.2375,276.725,9.175,78.7625,0.47250000000000003,0.004308750000000001,3.2,41.400000000000006,-123.68333330000002,HiQ_LAI_WGS84_5km_8day_2015009.regrid.nc
2015-01-17,2.9052219418795673,287.4625,277.125,9.9625,103.275,0.60875,0.00428625,3.375,41.400000000000006,-123.68333330000002,HiQ_LAI_WGS84_5km_8day_2015017.regrid.nc
2015-01-25,2.893516738531965,290.2875,278.975,3.25,113.23750000000001,0.8250000000000001,0.0042825,2.7625,41.400000000000006,-123.68333330000002,HiQ_LAI_WGS84_5km_8day_2015025.regrid.nc
2015-02-02,2.8241641735643186,284.9875,278.29999999999995,61.150000000000006,71.55000000000001,0.1625,0.006675,8.3125,41.400000000000006,-123.68333330000002,HiQ_LAI_WGS84_5km_8day_2015033.regrid.nc
2015-02-10,2.4379625986345586,290.2125,277.84999999999997,0.0,157.2,0.7887500000000001,0.00430625,2.375,41.400000000000006,-123.68333330000002,HiQ_LAI_WGS84_5km_8day_2015041.regrid.nc
2015-02-18,2.994778058120433,289.1,275.725,0.0,182.0625,0.75,0.00360625,4.1375,41.400000000000006,-123.68333330000002,HiQ_LAI_WGS84_5km_8day_2015049.regrid.nc
2015-02-26,3.5709420766465647,285.125,274.1625,4.5375,184.3625,0.45625000000000004,0.003995,3.35,41.400000000000006,-123.68333330000002,HiQ_LAI_WGS84_5km_8day_2015057.regrid.nc
2015-03-06,2.8649861881072543,290.5375,279.8375,1.3375000000000001,190.925,0.8325,0.00458625,2.7875000000000005,41.400000000000006,-123.68333330000002,HiQ_LAI_WGS84_5km_8day_2015065.regrid.nc
2015-03-14,2.9878692218737344,288.70000000000005,278.17499999999995,8.537500000000001,183.975,0.49,0.0057775,3.825,41.400000000000006,-123.68333330000002,HiQ_LAI_WGS84_5km_8day_2015073.regrid.nc
2015-03-22,3.4744963715821577,288.825,276.9625,10.212500000000002,205.23749999999998,0.60625,0.0051,3.7500000000000004,41.400000000000006,-123.68333330000002,HiQ_LAI_WGS84_5km_8day_2015081.regrid.nc
2015-03-30,3.552855409980989,285.875,273.4125,15.150000000000002,231.75,0.45875,0.00426,4.225,41.400000000000006,-123.68333330000002,HiQ_LAI_WGS84_5km_8day_2015089.regrid.nc
2015-04-07,3.6437317336522206,287.875,273.7125,6.0,248.5875,0.5275000000000001,0.00445375,3.2,41.400000000000006,-123.68333330000002,HiQ_LAI_WGS84_5km_8day_2015097.regrid.nc
2015-04-15,3.6891894293041005,296.83750000000003,280.05,0.0,316.225,1.27125,0.0050125000000000005,3.8875,41.400000000000006,-123.68333330000002,HiQ_LAI_WGS84_5km_8day_2015105.regrid.nc
2015-04-23,3.9714892697846604,293.225,276.73749999999995,0.8250000000000001,271.40000000000003,0.8487500000000001,0.00532125,3.6500000000000004,41.400000000000006,-123.68333330000002,HiQ_LAI_WGS84_5km_8day_2015113.regrid.nc
2015-05-01,4.0078232891077725,296.0125,279.25,0.0,351.5125,1.1625,0.00511125,4.050000000000001,41.400000000000006,-123.68333330000002,HiQ_LAI_WGS84_5km_8day_2015121.regrid.nc
2015-05-09,3.7048943225753295,291.1625,277.475,0.3375,317.86250000000007,0.67375,0.00548125,2.9875000000000003,41.400000000000006,-123.68333330000002,HiQ_LAI_WGS84_5km_8day_2015129.regrid.nc
2015-05-17,3.7325929708658707,292.975,280.4,0.9375000000000001,274.125,0.70875,0.006627500000000001,2.2875,41.400000000000006,-123.68333330000002,HiQ_LAI_WGS84_5km_8day_2015137.regrid.nc
2015-05-25,4.134221550177317,298.6625,283.54999999999995,1.2125000000000001,331.875,1.275,0.007038750000000001,2.3875,41.400000000000006,-123.68333330000002,HiQ_LAI_WGS84_5km_8day_2015145.regrid.nc
2015-06-02,4.141516893570151,302.11249999999995,287.01250000000005,0.0,346.70000000000005,1.75,0.008135,3.2875000000000005,41.400000000000006,-123.68333330000002,HiQ_LAI_WGS84_5km_8day_2015153.regrid.nc
2015-06-10,4.611338516410838,303.5625,287.5625,0.0,373.82500000000005,2.0062499999999996,0.006886250000000001,3.6,41.400000000000006,-123.68333330000002,HiQ_LAI_WGS84_5km_8day_2015161.regrid.nc
2015-06-18,4.6152402508600385,301.525,285.9125,0.0,361.67500000000007,1.67,0.00702,2.825,41.400000000000006,-123.68333330000002,HiQ_LAI_WGS84_5km_8day_2015169.regrid.nc
2015-06-26,4.5637639361513145,307.07499999999993,292.975,0.0,342.2875,2.435,0.009687500000000002,2.075,41.400000000000006,-123.68333330000002,HiQ_LAI_WGS84_5km_8day_2015177.regrid.nc
2015-07-04,4.820848699885741,299.3125,287.58750000000003,0.5375,301.83750000000003,1.3099999999999998,0.0088775,2.275,41.400000000000006,-123.68333330000002,HiQ_LAI_WGS84_5km_8day_2015185.regrid.nc
2015-07-12,4.793052096120774,302.9125,287.3875,0.0,342.13750000000005,1.78375,0.00795875,3.375,41.400000000000006,-123.68333330000002,HiQ_LAI_WGS84_5km_8day_2015193.regrid.nc
2015-07-20,4.863685800886258,301.5,285.0,0.0,346.125,1.5312500000000002,0.007616250000000001,3.1625,41.400000000000006,-123.68333330000002,HiQ_LAI_WGS84_5km_8day_2015201.regrid.nc
2015-07-28,4.383967487424533,305.1625,290.4375,0.0,333.8125,2.46625,0.0069125,2.575,41.400000000000006,-123.68333330000002,HiQ_LAI_WGS84_5km_8day_2015209.regrid.nc
2015-08-05,4.434994564469589,300.725,285.925,0.0,317.15000000000003,1.54125,0.00716375,3.1375,41.400000000000006,-123.68333330000002,HiQ_LAI_WGS84_5km_8day_2015217.regrid.nc
2015-08-13,4.3951453178434114,303.075,287.8375,0.0,317.6875,2.1225,0.00600875,3.0500000000000007,41.400000000000006,-123.68333330000002,HiQ_LAI_WGS84_5km_8day_2015225.regrid.nc
2015-08-21,4.423289361121986,303.44999999999993,288.3375,3.0625,277.025,2.0675,0.006573750000000001,2.5375,41.400000000000006,-123.68333330000002,HiQ_LAI_WGS84_5km_8day_2015233.regrid.nc
2015-08-29,4.270942076646565,296.325,280.525,1.6625,257.75,0.925,0.007013750000000001,4.4,41.400000000000006,-123.68333330000002,HiQ_LAI_WGS84_5km_8day_2015241.regrid.nc
2015-09-06,4.055901579411014,305.05,288.61249999999995,0.0,256.925,2.495,0.0055575,3.05,41.400000000000006,-123.68333330000002,HiQ_LAI_WGS84_5km_8day_2015249.regrid.nc
2015-09-14,4.754909564071098,295.1625,281.4625,9.012500000000001,203.925,1.0325,0.006436250000000001,3.725,41.400000000000006,-123.68333330000002,HiQ_LAI_WGS84_5km_8day_2015257.regrid.nc
2015-09-22,4.581385960405699,300.25,283.57500000000005,0.0,220.01250000000002,1.5437500000000002,0.006110000000000001,2.6125,41.400000000000006,-123.68333330000002,HiQ_LAI_WGS84_5km_8day_2015265.regrid.nc
2015-09-30,4.409490936051746,297.4875,283.4625,0.0,200.28750000000002,1.41625,0.00523875,3.2250000000000005,41.400000000000006,-123.68333330000002,HiQ_LAI_WGS84_5km_8day_2015273.regrid.nc
2015-10-08,4.32290285397585,300.275,286.375,4.5375000000000005,184.4875,1.7312500000000002,0.005822500000000001,2.5625,41.400000000000006,-123.68333330000002,HiQ_LAI_WGS84_5km_8day_2015281.regrid.nc
2015-10-16,3.549726689824059,292.9,281.525,4.075,142.25000000000003,0.8925,0.005797500000000001,2.8125,41.400000000000006,-123.68333330000002,HiQ_LAI_WGS84_5km_8day_2015289.regrid.nc
2015-10-24,3.532026530304618,290.5625,280.575,26.4375,113.3875,0.66125,0.00588375,3.5250000000000004,41.400000000000006,-123.68333330000002,HiQ_LAI_WGS84_5km_8day_2015297.regrid.nc
2015-11-01,3.1679740424815948,285.0625,275.375,15.45,118.1,0.345,0.004933750000000001,3.7875000000000005,41.400000000000006,-123.68333330000002,HiQ_LAI_WGS84_5km_8day_2015305.regrid.nc
2015-11-09,2.7787846131774945,282.7125,273.6,6.9375,114.17500000000001,0.28125,0.0044175,3.3375000000000004,41.400000000000006,-123.68333330000002,HiQ_LAI_WGS84_5km_8day_2015313.regrid.nc
2015-11-17,2.753280984759652,285.9625,276.6875,19.6375,96.4625,0.4225,0.00500875,3.45,41.400000000000006,-123.68333330000002,HiQ_LAI_WGS84_5km_8day_2015321.regrid.nc
2015-11-25,3.2726097235905387,281.11249999999995,271.3875,5.425000000000001,93.975,0.37875000000000003,0.0029475,4.300000000000001,41.400000000000006,-123.68333330000002,HiQ_LAI_WGS84_5km_8day_2015329.regrid.nc
2015-12-03,1.8866469699177937,282.8125,274.575,64.73750000000001,57.975,0.26,0.0046925000000000005,8.662500000000001,41.400000000000006,-123.68333330000002,HiQ_LAI_WGS84_5km_8day_2015337.regrid.nc
2015-12-11,1.7627521006020275,279.1875,270.6,81.55,52.7,0.19125000000000003,0.0036425000000000003,6.275,41.400000000000006,-123.68333330000002,HiQ_LAI_WGS84_5km_8day_2015345.regrid.nc
2015-12-19,1.6895368688177084,278.325,269.5625,36.6125,64.0125,0.2175,0.003172500000000001,5.7125,41.400000000000006,-123.68333330000002,HiQ_LAI_WGS84_5km_8day_2015353.regrid.nc
2015-12-27,1.6548897438617278,277.93999999999994,268.49999999999994,9.24,77.02000000000001,0.248,0.0027460000000000006,3.1399999999999997,41.400000000000006,-123.68333330000002,HiQ_LAI_WGS84_5km_8day_2015361.regrid.nc
2016-01-01,2.499266053340257,279.32500000000005,271.35,4.975,77.9375,0.22499999999999998,0.0032700000000000003,4.5375000000000005,41.400000000000006,-123.68333330000002,HiQ_LAI_WGS84_5km_8day_2016001.regrid.nc
2016-01-09,2.4564487725491095,281.1,273.7625,26.450000000000003,62.5125,0.24875,0.0040525000000000005,6.4125,41.400000000000006,-123.68333330000002,HiQ_LAI_WGS84_5km_8day_2016009.regrid.nc
2016-01-17,2.450879391155935,283.05,274.825,42.525,56.900000000000006,0.31125,0.004463750000000001,6.7125,41.400000000000006,-123.68333330000002,HiQ_LAI_WGS84_5km_8day_2016017.regrid.nc
2016-01-25,2.5368421448286798,282.82499999999993,273.9125,17.125,100.67500000000001,0.36250000000000004,0.004091250000000001,4.125,41.400000000000006,-123.68333330000002,HiQ_LAI_WGS84_5km_8day_2016025.regrid.nc
2016-02-02,2.497379405348638,287.875,276.875,4.975,114.2625,0.6312500000000001,0.00436625,3.7125000000000004,41.400000000000006,-123.68333330000002,HiQ_LAI_WGS84_5km_8day_2016033.regrid.nc
2016-02-10,2.919875931968982,289.3,278.4625,7.775,122.32500000000002,0.575,0.005593750000000001,2.8500000000000005,41.400000000000006,-123.68333330000002,HiQ_LAI_WGS84_5km_8day_2016041.regrid.nc
2016-02-26,3.3078232891077723,286.6375,277.04999999999995,17.2875,122.53750000000002,0.4125,0.00511125,5.050000000000001,41.400000000000006,-123.68333330000002,HiQ_LAI_WGS84_5km_8day_2016057.regrid.nc
2016-03-05,3.1721841488118754,283.0125,274.76250000000005,37.237500000000004,123.67500000000001,0.29125,0.00482375,7.312500000000001,41.400000000000006,-123.68333330000002,HiQ_LAI_WGS84_5km_8day_2016065.regrid.nc
2016-03-13,3.1254453133621576,288.575,276.7375,16.875,177.625,0.6575,0.00455125,4.612500000000001,41.400000000000006,-123.68333330000002,HiQ_LAI_WGS84_5km_8day_2016073.regrid.nc
2016-03-21,3.153550289008204,285.11249999999995,274.1125,10.15,189.2125,0.42125,0.0042925,4.0375,41.400000000000006,-123.68333330000002,HiQ_LAI_WGS84_5km_8day_2016081.regrid.nc
2016-03-29,3.7215826465454844,292.9625,277.5375,3.3625000000000003,273.55,0.87875,0.004762500000000001,2.75,41.400000000000006,-123.68333330000002,HiQ_LAI_WGS84_5km_8day_2016089.regrid.nc
2016-04-06,3.7055501339700174,294.51250000000005,279.625,8.887500000000001,246.275,0.99375,0.005693750000000001,2.95,41.400000000000006,-123.68333330000002,HiQ_LAI_WGS84_5km_8day_2016097.regrid.nc
2016-04-14,3.5960790181276416,294.3,280.1,12.650000000000002,277.23750000000007,1.0337500000000002,0.005483750000000001,3.375,41.400000000000006,-123.68333330000002,HiQ_LAI_WGS84_5km_8day_2016105.regrid.nc
2016-04-22,3.6081707286213796,286.875,275.9875,12.325,255.35000000000002,0.47750000000000004,0.00475125,4.112500000000001,41.400000000000006,-123.68333330000002,HiQ_LAI_WGS84_5km_8day_2016113.regrid.nc
2016-04-30,3.9735434238747698,294.0375,282.0375,0.41250000000000003,303.3875,0.84625,0.006462500000000001,3.6,41.400000000000006,-123.68333330000002,HiQ_LAI_WGS84_5km_8day_2016121.regrid.nc
2016-05-08,3.7696416894255687,296.5,281.875,0.1375,325.8,1.15625,0.00602,2.7625,41.400000000000006,-123.68333330000002,HiQ_LAI_WGS84_5km_8day_2016129.regrid.nc
2016-05-16,3.8229028539758505,291.97499999999997,279.2,1.25,313.2,0.79375,0.0057325,3.8125,41.400000000000006,-123.68333330000002,HiQ_LAI_WGS84_5km_8day_2016137.regrid.nc
2016-05-24,3.741536713779522,297.5875,282.575,0.0625,364.8875,1.24125,0.006311250000000001,3.4250000000000003,41.400000000000006,-123.68333330000002,HiQ_LAI_WGS84_5km_8day_2016145.regrid.nc
2016-06-01,3.4428371010005177,304.1625,289.775,0.0,352.98750000000007,1.9325,0.009046250000000002,2.3125,41.400000000000006,-123.68333330000002,HiQ_LAI_WGS84_5km_8day_2016153.regrid.nc
2016-06-09,3.67651145803974,292.9625,279.3625,1.2125000000000001,338.2875,0.80125,0.00608125,3.7875,41.400000000000006,-123.68333330000002,HiQ_LAI_WGS84_5km_8day_2016161.regrid.nc
2016-06-17,4.305589201602546,296.5375,282.375,0.325,359.65,1.05125,0.006815,2.8375000000000004,41.400000000000006,-123.68333330000002,HiQ_LAI_WGS84_5km_8day_2016169.regrid.nc
2016-06-25,4.286955341798874,303.8125,288.975,0.0,365.025,1.9187500000000002,0.00792375,3.6625000000000005,41.400000000000006,-123.68333330000002,HiQ_LAI_WGS84_5km_8day_2016177.regrid.nc
2016-07-03,4.3601705735831935,297.9375,285.575,9.0,317.9875,1.25875,0.007711250000000001,3.0375000000000005,41.400000000000006,-123.68333330000002,HiQ_LAI_WGS84_5km_8day_2016185.regrid.nc
2016-07-11,4.558850366152827,300.45,284.9875,0.0,354.20000000000005,1.46,0.00741375,3.225,41.400000000000006,-123.68333330000002,HiQ_LAI_WGS84_5km_8day_2016193.regrid.nc
2016-07-19,4.49611808576017,302.63750000000005,286.2125,0.0,349.6875,1.7325,0.007535,2.6125000000000003,41.400000000000006,-123.68333330000002,HiQ_LAI_WGS84_5km_8day_2016201.regrid.nc
2016-07-27,4.652019665171183,306.7875,291.0,0.0,343.725,2.59375,0.007628750000000001,2.9375,41.400000000000006,-123.68333330000002,HiQ_LAI_WGS84_5km_8day_2016209.regrid.nc
2016-08-04,4.824223061406217,301.63750000000005,286.23749999999995,0.0,329.26250000000005,1.71,0.0071,3.0,41.400000000000006,-123.68333330000002,HiQ_LAI_WGS84_5km_8day_2016217.regrid.nc
2016-08-12,4.462752100602028,308.1875,292.8625,0.0,317.01250000000005,2.94625,0.007025000000000001,2.8875,41.400000000000006,-123.68333330000002,HiQ_LAI_WGS84_5km_8day_2016225.regrid.nc
2016-08-20,4.669294249911961,305.8125,290.175,0.0,305.65,2.69625,0.0053887499999999994,2.2750000000000004,41.400000000000006,-123.68333330000002,HiQ_LAI_WGS84_5km_8day_2016233.regrid.nc
2016-08-28,4.298738680411532,297.575,282.65,0.0,269.55,1.225,0.0064150000000000006,3.375,41.400000000000006,-123.68333330000002,HiQ_LAI_WGS84_5km_8day_2016241.regrid.nc
2016-09-05,4.198738680411532,300.79999999999995,284.65,0.0,262.425,1.8062500000000001,0.0054025,3.4875000000000003,41.400000000000006,-123.68333330000002,HiQ_LAI_WGS84_5km_8day_2016249.regrid.nc
2016-09-13,4.128163863487945,299.6875,284.225,0.0,239.4125,1.61125,0.005353750000000001,2.95,41.400000000000006,-123.68333330000002,HiQ_LAI_WGS84_5km_8day_2016257.regrid.nc
2016-09-21,4.297785732704144,298.15,283.80000000000007,0.23750000000000002,208.95,1.5225,0.005835000000000001,2.8875,41.400000000000006,-123.68333330000002,HiQ_LAI_WGS84_5km_8day_2016265.regrid.nc
2016-09-29,4.1180674192424185,287.5875,277.6,17.1,158.5625,0.4475,0.005555000000000001,3.4625000000000004,41.400000000000006,-123.68333330000002,HiQ_LAI_WGS84_5km_8day_2016273.regrid.nc
2016-10-07,3.8497266898240587,293.3125,281.725,41.975,158.1125,0.8150000000000001,0.0065450000000000005,3.95,41.400000000000006,-123.68333330000002,HiQ_LAI_WGS84_5km_8day_2016281.regrid.nc
2016-10-15,2.1921965311015987,286.7125,278.16249999999997,43.962500000000006,118.31250000000001,0.39499999999999996,0.0058200000000000005,5.050000000000001,41.400000000000006,-123.68333330000002,HiQ_LAI_WGS84_5km_8day_2016289.regrid.nc
2016-10-23,2.5043080618047067,285.32500000000005,278.6375,51.099999999999994,91.60000000000001,0.2325,0.00645375,5.625,41.400000000000006,-123.68333330000002,HiQ_LAI_WGS84_5km_8day_2016297.regrid.nc
2016-10-31,1.9359475121769765,288.425,279.03749999999997,14.8625,113.275,0.46875,0.005775000000000001,3.9875000000000003,41.400000000000006,-123.68333330000002,HiQ_LAI_WGS84_5km_8day_2016305.regrid.nc
2016-11-08,2.535033632102116,290.4625,280.2,22.312500000000004,106.51250000000002,0.68875,0.005998750000000001,3.3000000000000003,41.400000000000006,-123.68333330000002,HiQ_LAI_WGS84_5km_8day_2016313.regrid.nc
2016-11-16,2.523816734050711,282.175,274.4125,40.825,76.2875,0.26375,0.004375,5.1625000000000005,41.400000000000006,-123.68333330000002,HiQ_LAI_WGS84_5km_8day_2016321.regrid.nc
2016-11-24,2.775816579012524,280.8375,273.0875,20.35,77.5375,0.25875,0.0040862500000000005,5.6000000000000005,41.400000000000006,-123.68333330000002,HiQ_LAI_WGS84_5km_8day_2016329.regrid.nc
2016-12-02,2.586646969917794,280.5875,271.225,23.962500000000002,69.61250000000001,0.285,0.0033475,4.0625,41.400000000000006,-123.68333330000002,HiQ_LAI_WGS84_5km_8day_2016337.regrid.nc
2016-12-10,2.4362949516905843,279.475,270.32500000000005,35.5,76.92500000000001,0.29874999999999996,0.0032312500000000006,3.575,41.400000000000006,-123.68333330000002,HiQ_LAI_WGS84_5km_8day_2016345.regrid.nc
2016-12-18,2.770942076646565,281.0375,270.0875,11.762500000000001,77.5875,0.38249999999999995,0.00276375,3.1875,41.400000000000006,-123.68333330000002,HiQ_LAI_WGS84_5km_8day_2016353.regrid.nc
2016-12-26,2.7016676469439744,283.15,271.1333333333334,1.0666666666666667,90.7,0.44500000000000006,0.002826666666666667,3.1500000000000004,41.400000000000006,-123.68333330000002,HiQ_LAI_WGS84_5km_8day_2016361.regrid.nc
2017-01-01,1.8293861154438855,277.2375,268.4375,41.8125,69.4875,0.19875,0.0030050000000000003,5.262500000000001,41.400000000000006,-123.68333330000002,HiQ_LAI_WGS84_5km_8day_2017001.regrid.nc
2017-01-09,2.248019975247557,282.0875,271.8625,35.212500000000006,88.525,0.44250000000000006,0.00290875,4.85,41.400000000000006,-123.68333330000002,HiQ_LAI_WGS84_5km_8day_2017009.regrid.nc
2017-01-17,1.691770956322935,279.29999999999995,271.975,50.362500000000004,69.4625,0.2475,0.00350375,7.0875,41.400000000000006,-123.68333330000002,HiQ_LAI_WGS84_5km_8day_2017017.regrid.nc
2017-01-25,2.129386115443886,285.475,274.4,0.1,109.6625,0.63375,0.00294625,2.2,41.400000000000006,-123.68333330000002,HiQ_LAI_WGS84_5km_8day_2017025.regrid.nc
2017-02-02,2.01725533731762,283.09999999999997,276.3125,61.837500000000006,66.575,0.23,0.005246250000000001,9.387500000000001,41.400000000000006,-123.68333330000002,HiQ_LAI_WGS84_5km_8day_2017033.regrid.nc
2017-02-10,1.9964066374318794,284.53749999999997,275.45000000000005,30.5375,112.68750000000001,0.43625,0.0042475,5.0375000000000005,41.400000000000006,-123.68333330000002,HiQ_LAI_WGS84_5km_8day_2017041.regrid.nc
2017-02-18,1.5921183958365428,279.2875,271.325,23.825000000000003,116.7625,0.17750000000000002,0.0038825,5.0875,41.400000000000006,-123.68333330000002,HiQ_LAI_WGS84_5km_8day_2017049.regrid.nc
2017-02-26,1.86568106713447,281.07500000000005,271.375,22.550000000000004,143.925,0.36250000000000004,0.0032187500000000003,3.8125,41.400000000000006,-123.68333330000002,HiQ_LAI_WGS84_5km_8day_2017057.regrid.nc
2017-03-06,1.6281049756460473,287.13750000000005,277.125,24.525000000000002,134.5875,0.5175,0.005052500000000001,4.5125,41.400000000000006,-123.68333330000002,HiQ_LAI_WGS84_5km_8day_2017065.regrid.nc
2017-03-14,1.9466997678171907,287.475,278.95,24.712500000000002,133.8125,0.47625,0.0055725,4.6000000000000005,41.400000000000006,-123.68333330000002,HiQ_LAI_WGS84_5km_8day_2017073.regrid.nc
2017-03-22,2.2719148445633235,283.3125,274.7,25.700000000000003,153.5125,0.3325,0.00433125,4.425000000000001,41.400000000000006,-123.68333330000002,HiQ_LAI_WGS84_5km_8day_2017081.regrid.nc
2017-03-30,3.104268994172179,289.51250000000005,276.1,4.2875,215.18750000000003,0.7,0.00434875,4.8500000000000005,41.400000000000006,-123.68333330000002,HiQ_LAI_WGS84_5km_8day_2017089.regrid.nc
2017-04-07,2.6627130329695,282.7125,273.15,24.3,174.3125,0.2925,0.004172500000000001,5.375,41.400000000000006,-123.68333330000002,HiQ_LAI_WGS84_5km_8day_2017097.regrid.nc
2017-04-15,2.518653680013042,287.70000000000005,276.325,16.025,212.51250000000002,0.5325,0.00477125,4.025,41.400000000000006,-123.68333330000002,HiQ_LAI_WGS84_5km_8day_2017105.regrid.nc
2017-04-23,2.7281049756460476,287.92499999999995,276.5375,14.375,235.60000000000002,0.54625,0.004843750000000001,4.2,41.400000000000006,-123.68333330000002,HiQ_LAI_WGS84_5km_8day_2017113.regrid.nc
2017-05-01,3.766653835051229,295.0625,279.9,0.36250000000000004,313.42500000000007,1.0362500000000001,0.005868750000000001,4.4,41.400000000000006,-123.68333330000002,HiQ_LAI_WGS84_5km_8day_2017121.regrid.nc
2017-05-09,3.9722232164444033,288.57500000000005,276.9875,9.3,274.01250000000005,0.59625,0.005126250000000001,4.2875000000000005,41.400000000000006,-123.68333330000002,HiQ_LAI_WGS84_5km_8day_2017129.regrid.nc
2017-05-17,4.140216506349155,299.3625,283.4375,0.0,370.13750000000005,1.4812500000000002,0.006350000000000001,3.1000000000000005,41.400000000000006,-123.68333330000002,HiQ_LAI_WGS84_5km_8day_2017137.regrid.nc
2017-05-25,4.185635134368508,297.0875,282.65,0.037500000000000006,339.125,1.07,0.006998750000000001,1.975,41.400000000000006,-123.68333330000002,HiQ_LAI_WGS84_5km_8day_2017145.regrid.nc
2017-06-02,4.021582646545484,294.95000000000005,282.1375,4.6375,312.0375,0.9225,0.006846250000000001,3.0,41.400000000000006,-123.68333330000002,HiQ_LAI_WGS84_5km_8day_2017153.regrid.nc
2017-06-10,3.9046164336857867,291.6875,281.6375,3.0875,293.7125,0.68375,0.0068825,3.1500000000000004,41.400000000000006,-123.68333330000002,HiQ_LAI_WGS84_5km_8day_2017161.regrid.nc
2017-06-18,4.306889588823542,305.7875,291.1625,0.0,370.0625,2.21375,0.0089775,4.0375,41.400000000000006,-123.68333330000002,HiQ_LAI_WGS84_5km_8day_2017169.regrid.nc
2017-06-26,4.443223608146653,301.825,286.4625,0.0,370.9125,1.59125,0.007942500000000002,2.8500000000000005,41.400000000000006,-123.68333330000002,HiQ_LAI_WGS84_5km_8day_2017177.regrid.nc
2017-07-04,4.641536713779522,304.26250000000005,289.075,0.0,362.05,1.98125,0.00814625,2.3500000000000005,41.400000000000006,-123.68333330000002,HiQ_LAI_WGS84_5km_8day_2017185.regrid.nc
2017-07-12,4.6575301587224605,302.5,286.775,0.0,353.15,1.685,0.00788375,2.6500000000000004,41.400000000000006,-123.68333330000002,HiQ_LAI_WGS84_5km_8day_2017193.regrid.nc
2017-07-20,4.628163863487945,304.225,288.2875,0.1625,343.0375,1.85375,0.00889375,2.8000000000000003,41.400000000000006,-123.68333330000002,HiQ_LAI_WGS84_5km_8day_2017201.regrid.nc
2017-07-28,4.813392670500947,308.02500000000003,293.3,0.0,331.98750000000007,2.7725,0.00853125,2.6375,41.400000000000006,-123.68333330000002,HiQ_LAI_WGS84_5km_8day_2017209.regrid.nc
2017-08-05,4.556249018924622,303.7625,289.225,1.05,304.4875,1.96,0.007965,2.0625,41.400000000000006,-123.68333330000002,HiQ_LAI_WGS84_5km_8day_2017217.regrid.nc
2017-08-13,4.576164018526132,302.73750000000007,288.8125,0.0,312.6,1.98375,0.0068850000000000005,3.75,41.400000000000006,-123.68333330000002,HiQ_LAI_WGS84_5km_8day_2017225.regrid.nc
2017-08-21,4.402948786741813,304.2625,290.08750000000003,0.0,299.42500000000007,2.2625,0.006925000000000001,2.25,41.400000000000006,-123.68333330000002,HiQ_LAI_WGS84_5km_8day_2017233.regrid.nc
2017-08-29,4.946758655659089,305.1625,291.35,0.0,271.58750000000003,2.59,0.006072500000000001,2.575,41.400000000000006,-123.68333330000002,HiQ_LAI_WGS84_5km_8day_2017241.regrid.nc
2017-09-06,4.234260617809845,300.4375,287.0375,2.2624999999999997,235.45,1.48,0.008140000000000001,2.4375,41.400000000000006,-123.68333330000002,HiQ_LAI_WGS84_5km_8day_2017249.regrid.nc
2017-09-14,4.3732350519936904,290.88750000000005,279.42499999999995,9.6625,195.55,0.6875,0.005786250000000001,3.7125000000000004,41.400000000000006,-123.68333330000002,HiQ_LAI_WGS84_5km_8day_2017257.regrid.nc
2017-09-22,4.646758655659089,295.475,282.0375,0.0,214.4375,1.05375,0.006217500000000001,2.8750000000000004,41.400000000000006,-123.68333330000002,HiQ_LAI_WGS84_5km_8day_2017265.regrid.nc
2017-09-30,4.564072308032394,292.25,279.1125,0.0,216.875,0.96625,0.00428125,3.875,41.400000000000006,-123.68333330000002,HiQ_LAI_WGS84_5km_8day_2017273.regrid.nc
2017-10-08,4.1523082168428935,290.175,276.9375,0.8250000000000001,192.4625,0.8512500000000001,0.0037637500000000006,4.1625000000000005,41.400000000000006,-123.68333330000002,HiQ_LAI_WGS84_5km_8day_2017281.regrid.nc
2017-10-16,3.9683605496277305,291.07500000000005,279.6625,51.35,122.875,0.7562500000000001,0.0056375,4.7875000000000005,41.400000000000006,-123.68333330000002,HiQ_LAI_WGS84_5km_8day_2017289.regrid.nc
2017-10-24,3.5869944094314015,295.82500000000005,283.2,0.0,162.6,1.3025,0.004950000000000001,2.4125,41.400000000000006,-123.68333330000002,HiQ_LAI_WGS84_5km_8day_2017297.regrid.nc
2017-11-01,2.998738680411532,283.3625,275.1125,23.612500000000004,102.45000000000002,0.35375,0.004392500000000001,3.925,41.400000000000006,-123.68333330000002,HiQ_LAI_WGS84_5km_8day_2017305.regrid.nc
2017-11-09,2.4399472021006035,282.67499999999995,276.2875,54.8875,79.92500000000001,0.26,0.00491,6.8875,41.400000000000006,-123.68333330000002,HiQ_LAI_WGS84_5km_8day_2017313.regrid.nc
2017-11-17,1.924242308829374,286.825,278.425,41.075,82.48750000000001,0.41125,0.0057775000000000005,4.775,41.400000000000006,-123.68333330000002,HiQ_LAI_WGS84_5km_8day_2017321.regrid.nc
2017-11-25,2.103026922006868,284.325,275.35,17.150000000000002,74.275,0.39,0.00441375,3.7250000000000005,41.400000000000006,-123.68333330000002,HiQ_LAI_WGS84_5km_8day_2017329.regrid.nc
2017-12-03,3.0783590383988306,288.2625,274.7875,0.7625000000000001,107.9625,0.8475,0.002605,3.5,41.400000000000006,-123.68333330000002,HiQ_LAI_WGS84_5km_8day_2017337.regrid.nc
2017-12-11,2.4281049756460473,288.125,275.1375,0.0,98.3125,0.7625,0.0031525,3.3500000000000005,41.400000000000006,-123.68333330000002,HiQ_LAI_WGS84_5km_8day_2017345.regrid.nc
2017-12-19,1.9454186280193522,282.11249999999995,272.125,10.287500000000001,65.85,0.38125,0.0033025000000000003,3.2875000000000005,41.400000000000006,-123.68333330000002,HiQ_LAI_WGS84_5km_8day_2017353.regrid.nc
2017-12-27,1.7320067100952479,285.38,275.12000000000006,5.5200000000000005,91.58,0.484,0.003996000000000001,2.62,41.400000000000006,-123.68333330000002,HiQ_LAI_WGS84_5km_8day_2017361.regrid.nc
2018-01-01,1.5359475121769766,285.2875,276.975,8.65,74.7375,0.5175000000000001,0.0041287500000000005,3.0125,41.400000000000006,-123.68333330000002,HiQ_LAI_WGS84_5km_8day_2018001.regrid.nc
2018-01-09,1.6679932899047523,285.45000000000005,276.4,12.5625,74.61250000000001,0.44375,0.00458125,4.3875,41.400000000000006,-123.68333330000002,HiQ_LAI_WGS84_5km_8day_2018009.regrid.nc
2018-01-17,1.8840065550570613,280.65,272.6625,53.125,64.23750000000001,0.22,0.0041175000000000005,6.425,41.400000000000006,-123.68333330000002,HiQ_LAI_WGS84_5km_8day_2018017.regrid.nc
2018-01-25,1.487908289506262,284.675,274.6625,16.0625,87.6,0.45375,0.00410875,4.237500000000001,41.400000000000006,-123.68333330000002,HiQ_LAI_WGS84_5km_8day_2018025.regrid.nc
2018-02-02,3.0029487867418125,291.7625,279.0625,0.0,148.15,0.825,0.004906250000000001,3.4375,41.400000000000006,-123.68333330000002,HiQ_LAI_WGS84_5km_8day_2018033.regrid.nc
2018-02-10,3.076164018526132,283.625,272.05,3.5500000000000003,148.15000000000003,0.43000000000000005,0.0033875000000000008,3.9875000000000003,41.400000000000006,-123.68333330000002,HiQ_LAI_WGS84_5km_8day_2018041.regrid.nc
2018-02-18,1.8016285793114464,276.9625,267.65,16.2,127.4375,0.16875,0.0029912500000000004,4.550000000000001,41.400000000000006,-123.68333330000002,HiQ_LAI_WGS84_5km_8day_2018049.regrid.nc
2018-02-26,1.833674357039222,279.55,269.8375,38.41250000000001,140.35000000000002,0.25750000000000006,0.0032287500000000007,5.737500000000001,41.400000000000006,-123.68333330000002,HiQ_LAI_WGS84_5km_8day_2018057.regrid.nc
2018-03-06,1.7523082168428934,287.525,276.3,28.75,150.275,0.5249999999999999,0.00473875,4.375,41.400000000000006,-123.68333330000002,HiQ_LAI_WGS84_5km_8day_2018065.regrid.nc
2018-03-14,2.6120333954380532,282.3125,272.72499999999997,30.212500000000002,153.70000000000002,0.31125,0.00396125,3.45,41.400000000000006,-123.68333330000002,HiQ_LAI_WGS84_5km_8day_2018073.regrid.nc
2018-03-22,2.457491091089933,284.75,273.6875,26.362500000000004,214.08750000000003,0.48750000000000004,0.003948750000000001,5.075,41.400000000000006,-123.68333330000002,HiQ_LAI_WGS84_5km_8day_2018081.regrid.nc
2018-03-30,2.7908180086155467,289.975,278.5625,9.5625,195.125,0.70375,0.004965000000000001,3.4125000000000005,41.400000000000006,-123.68333330000002,HiQ_LAI_WGS84_5km_8day_2018089.regrid.nc
2018-04-07,2.8748047434632378,286.0125,274.925,18.900000000000002,184.8375,0.40249999999999997,0.00488625,5.262500000000001,41.400000000000006,-123.68333330000002,HiQ_LAI_WGS84_5km_8day_2018097.regrid.nc
2018-04-15,3.404229926539651,287.175,274.475,7.35,263.52500000000003,0.545,0.0043625,3.5875000000000004,41.400000000000006,-123.68333330000002,HiQ_LAI_WGS84_5km_8day_2018105.regrid.nc
2018-04-23,3.71725533731762,291.07500000000005,279.4,3.4125000000000005,255.51250000000002,0.8437500000000001,0.0052475,3.05,41.400000000000006,-123.68333330000002,HiQ_LAI_WGS84_5km_8day_2018113.regrid.nc
2018-05-01,3.8627130329695003,295.9625,280.8,0.25,314.57500000000005,1.0275,0.0061725,2.4000000000000004,41.400000000000006,-123.68333330000002,HiQ_LAI_WGS84_5km_8day_2018121.regrid.nc
2018-05-09,3.8921574634690708,293.72499999999997,280.54999999999995,1.0000000000000002,322.05,0.8087500000000001,0.006452500000000001,3.2625,41.400000000000006,-123.68333330000002,HiQ_LAI_WGS84_5km_8day_2018129.regrid.nc
2018-05-17,4.199980752576844,295.5375,280.875,0.45000000000000007,342.1875,0.8775,0.006956250000000001,2.5375000000000005,41.400000000000006,-123.68333330000002,HiQ_LAI_WGS84_5km_8day_2018137.regrid.nc
2018-05-25,4.20817072862138,293.51250000000005,279.9375,2.375,341.6625,0.805,0.0064425,3.6875,41.400000000000006,-123.68333330000002,HiQ_LAI_WGS84_5km_8day_2018145.regrid.nc
2018-06-02,4.384373814780039,295.7375,281.25,3.7375000000000003,329.7875,0.9825,0.00670375,2.8875,41.400000000000006,-123.68333330000002,HiQ_LAI_WGS84_5km_8day_2018153.regrid.nc
2018-06-10,4.070942076646565,296.725,282.1875,0.21250000000000002,360.85,1.0625,0.00677625,3.812500000000001,41.400000000000006,-123.68333330000002,HiQ_LAI_WGS84_5km_8day_2018161.regrid.nc
2018-06-18,4.701687467153345,301.375,286.2125,0.0,367.9625,1.57375,0.00763625,2.925,41.400000000000006,-123.68333330000002,HiQ_LAI_WGS84_5km_8day_2018169.regrid.nc
2018-06-26,4.751046897254426,300.925,285.38750000000005,0.0,366.96250000000003,1.57625,0.0069975,3.95,41.400000000000006,-123.68333330000002,HiQ_LAI_WGS84_5km_8day_2018177.regrid.nc
2018-07-04,4.8601705735831935,300.8,285.5,0.0,356.025,1.49875,0.00745375,2.7750000000000004,41.400000000000006,-123.68333330000002,HiQ_LAI_WGS84_5km_8day_2018185.regrid.nc
2018-07-12,4.654640259822546,307.0,292.9,0.07500000000000001,345.26250000000005,2.57625,0.00839375,2.5125,41.400000000000006,-123.68333330000002,HiQ_LAI_WGS84_5km_8day_2018193.regrid.nc
2018-07-20,4.6251369414810775,306.1875,292.17499999999995,0.0,341.475,2.5375,0.007528750000000001,2.3375000000000004,41.400000000000006,-123.68333330000002,HiQ_LAI_WGS84_5km_8day_2018201.regrid.nc
2018-07-28,4.762791168234556,302.4375,287.575,0.0,336.13750000000005,1.855,0.007072500000000001,2.7,41.400000000000006,-123.68333330000002,HiQ_LAI_WGS84_5km_8day_2018209.regrid.nc
2018-08-05,5.005241762088938,303.175,287.9,0.0,327.8625,1.8737500000000002,0.0076025,2.475,41.400000000000006,-123.68333330000002,HiQ_LAI_WGS84_5km_8day_2018217.regrid.nc
2018-08-13,4.534647124955981,304.25,289.0375,0.0,317.38750000000005,2.2487500000000002,0.0063300000000000006,2.825,41.400000000000006,-123.68333330000002,HiQ_LAI_WGS84_5km_8day_2018225.regrid.nc
2018-08-21,4.589228496936629,301.375,286.4875,0.0,302.4,1.7850000000000001,0.006230000000000001,2.9875000000000003,41.400000000000006,-123.68333330000002,HiQ_LAI_WGS84_5km_8day_2018233.regrid.nc
2018-08-29,4.5532809847596525,302.26250000000005,286.2125,0.0,282.275,1.97375,0.00566375,3.0250000000000004,41.400000000000006,-123.68333330000002,HiQ_LAI_WGS84_5km_8day_2018241.regrid.nc
2018-09-06,4.23074539050678,297.20000000000005,281.9375,0.0,248.87500000000003,1.2137499999999999,0.00605625,3.1125,41.400000000000006,-123.68333330000002,HiQ_LAI_WGS84_5km_8day_2018249.regrid.nc
2018-09-14,4.162752100602027,296.575,280.71250000000003,0.0,244.4,1.18625,0.005430000000000001,3.2750000000000004,41.400000000000006,-123.68333330000002,HiQ_LAI_WGS84_5km_8day_2018257.regrid.nc
2018-09-22,4.241536713779523,300.3625,284.625,1.375,213.85000000000002,1.9087500000000002,0.00454625,3.2750000000000004,41.400000000000006,-123.68333330000002,HiQ_LAI_WGS84_5km_8day_2018265.regrid.nc
2018-09-30,4.141536713779521,290.45000000000005,280.3125,3.875,148.28750000000002,0.5275,0.006642500000000001,3.2125000000000004,41.400000000000006,-123.68333330000002,HiQ_LAI_WGS84_5km_8day_2018273.regrid.nc
2018-10-08,4.083053607349673,293.86249999999995,280.925,0.0,200.88750000000002,1.1875,0.00396625,3.8500000000000005,41.400000000000006,-123.68333330000002,HiQ_LAI_WGS84_5km_8day_2018281.regrid.nc
2018-10-16,3.638935366551317,296.47499999999997,283.8125,0.45,172.1125,1.5925,0.00353,2.1999999999999997,41.400000000000006,-123.68333330000002,HiQ_LAI_WGS84_5km_8day_2018289.regrid.nc
2018-10-24,3.537634979330321,289.85,279.97499999999997,10.05,123.625,0.57125,0.00613375,3.0375000000000005,41.400000000000006,-123.68333330000002,HiQ_LAI_WGS84_5km_8day_2018297.regrid.nc
2018-11-01,3.229772622590022,289.66249999999997,277.9125,0.0,141.46249999999998,0.7575000000000001,0.0043,3.4375,41.400000000000006,-123.68333330000002,HiQ_LAI_WGS84_5km_8day_2018305.regrid.nc
2018-11-09,3.1294251830764135,291.11249999999995,278.75,0.0,134.4625,1.1175,0.0025425000000000005,2.675,41.400000000000006,-123.68333330000002,HiQ_LAI_WGS84_5km_8day_2018313.regrid.nc
2018-11-17,2.809471115842376,287.275,278.275,29.512500000000003,94.95,0.63125,0.004445,4.3500000000000005,41.400000000000006,-123.68333330000002,HiQ_LAI_WGS84_5km_8day_2018321.regrid.nc
2018-11-25,2.429991623637666,282.525,274.48749999999995,18.2875,74.275,0.29125,0.004432500000000001,4.2875000000000005,41.400000000000006,-123.68333330000002,HiQ_LAI_WGS84_5km_8day_2018329.regrid.nc
2018-12-03,2.447652715524579,282.625,272.86249999999995,6.0375,87.6375,0.4275,0.0032150000000000004,3.05,41.400000000000006,-123.68333330000002,HiQ_LAI_WGS84_5km_8day_2018337.regrid.nc
2018-12-11,3.460150753373823,283.4,273.325,15.262500000000001,56.78750000000001,0.38875000000000004,0.0037437500000000005,6.15,41.400000000000006,-123.68333330000002,HiQ_LAI_WGS84_5km_8day_2018345.regrid.nc
2018-12-19,3.1979849135424185,281.4375,272.57500000000005,19.500000000000004,67.5,0.30125,0.00371125,4.300000000000001,41.400000000000006,-123.68333330000002,HiQ_LAI_WGS84_5km_8day_2018353.regrid.nc
2018-12-27,2.8529137250366743,282.56,271.5,3.6800000000000006,98.94000000000001,0.372,0.0033700000000000006,3.5200000000000005,41.400000000000006,-123.68333330000002,HiQ_LAI_WGS84_5km_8day_2018361.regrid.nc
2019-01-01,2.5372677196073425,282.07500000000005,272.725,15.075000000000001,73.4125,0.36875,0.0034975000000000006,5.25,41.400000000000006,-123.68333330000002,HiQ_LAI_WGS84_5km_8day_2019001.regrid.nc
2019-01-09,2.6598033138602153,284.15,275.9125,11.7625,77.5,0.46499999999999997,0.00390625,5.4125000000000005,41.400000000000006,-123.68333330000002,HiQ_LAI_WGS84_5km_8day_2019009.regrid.nc
2019-01-17,3.111377584043365,282.375,273.6125,49.51250000000001,71.75,0.33125000000000004,0.0039362500000000005,4.875,41.400000000000006,-123.68333330000002,HiQ_LAI_WGS84_5km_8day_2019017.regrid.nc
2019-01-25,3.8822998404805595,289.7125,278.825,3.6250000000000004,112.32500000000002,0.8500000000000001,0.0038625000000000005,2.7125000000000004,41.400000000000006,-123.68333330000002,HiQ_LAI_WGS84_5km_8day_2019025.regrid.nc
2019-02-02,1.2731761641517916,278.47499999999997,269.9,10.850000000000001,110.275,0.17500000000000002,0.0035625,3.6875,41.400000000000006,-123.68333330000002,HiQ_LAI_WGS84_5km_8day_2019033.regrid.nc
2019-02-10,1.9748047434632379,277.75,270.17499999999995,28.9125,86.575,0.10625000000000001,0.0038737500000000005,6.550000000000001,41.400000000000006,-123.68333330000002,HiQ_LAI_WGS84_5km_8day_2019041.regrid.nc
2019-02-18,1.7016285793114463,280.025,269.975,40.41250000000001,128.03750000000002,0.25125,0.00336,5.237500000000001,41.400000000000006,-123.68333330000002,HiQ_LAI_WGS84_5km_8day_2019049.regrid.nc
2019-02-26,1.8332487822605588,281.9625,272.875,14.2125,136.65,0.35375,0.00359125,2.05,41.400000000000006,-123.68333330000002,HiQ_LAI_WGS84_5km_8day_2019057.regrid.nc
2019-03-06,2.325445313362157,283.1,271.5375,6.825,177.2375,0.40750000000000003,0.00334375,2.925,41.400000000000006,-123.68333330000002,HiQ_LAI_WGS84_5km_8day_2019065.regrid.nc
2019-03-14,2.393399535634382,291.82499999999993,277.4375,0.9875,231.125,0.9287500000000001,0.004020000000000001,2.3375000000000004,41.400000000000006,-123.68333330000002,HiQ_LAI_WGS84_5km_8day_2019073.regrid.nc
2019-03-22,2.598621477513949,282.925,274.15,24.1375,164.125,0.29875,0.0043612500000000005,4.200000000000001,41.400000000000006,-123.68333330000002,HiQ_LAI_WGS84_5km_8day_2019081.regrid.nc
2019-03-30,2.930628187609196,286.55,277.75,25.700000000000003,171.9625,0.40375,0.0054625,4.2875000000000005,41.400000000000006,-123.68333330000002,HiQ_LAI_WGS84_5km_8day_2019089.regrid.nc
2019-04-07,3.2453603129636672,286.325,276.0375,37.212500000000006,195.71250000000003,0.34249999999999997,0.00551375,4.8125,41.400000000000006,-123.68333330000002,HiQ_LAI_WGS84_5km_8day_2019097.regrid.nc
2019-04-15,3.572223216444403,291.5,277.975,2.2375000000000003,258.70000000000005,0.75125,0.0055425000000000006,3.2375000000000003,41.400000000000006,-123.68333330000002,HiQ_LAI_WGS84_5km_8day_2019105.regrid.nc
2019-04-23,3.7960399504951146,296.48749999999995,281.0,0.0,323.8,1.21125,0.005280000000000001,3.7875000000000005,41.400000000000006,-123.68333330000002,HiQ_LAI_WGS84_5km_8day_2019113.regrid.nc
2019-05-01,3.9506213224757616,297.32500000000005,281.65,0.0,354.70000000000005,1.3025,0.005317500000000001,2.825,41.400000000000006,-123.68333330000002,HiQ_LAI_WGS84_5km_8day_2019121.regrid.nc
2019-05-09,4.054523056924962,294.4125,282.4625,5.625000000000001,273.76250000000005,1.105,0.0058200000000000005,2.9375000000000004,41.400000000000006,-123.68333330000002,HiQ_LAI_WGS84_5km_8day_2019129.regrid.nc
2019-05-17,4.10910442890561,288.20000000000005,277.32500000000005,11.4375,269.85,0.49125,0.0055225000000000005,4.775,41.400000000000006,-123.68333330000002,HiQ_LAI_WGS84_5km_8day_2019137.regrid.nc
2019-05-25,3.9198759319689827,295.1,281.9375,0.775,326.975,0.9225000000000001,0.0069825,3.6,41.400000000000006,-123.68333330000002,HiQ_LAI_WGS84_5km_8day_2019145.regrid.nc
2019-06-02,4.016052332784837,297.1875,282.725,0.0,362.9125,1.20125,0.0065962500000000006,3.85,41.400000000000006,-123.68333330000002,HiQ_LAI_WGS84_5km_8day_2019153.regrid.nc
2019-06-10,4.370555569500429,303.65,290.4,0.0,364.17500000000007,2.0125,0.008045,2.8375,41.400000000000006,-123.68333330000002,HiQ_LAI_WGS84_5km_8day_2019161.regrid.nc
2019-06-18,3.9405639458627633,297.725,284.88750000000005,0.0,366.70000000000005,1.2850000000000001,0.006691250000000001,4.175000000000001,41.400000000000006,-123.68333330000002,HiQ_LAI_WGS84_5km_8day_2019169.regrid.nc
2019-06-26,3.7947978783298035,294.1875,281.4625,0.375,348.95000000000005,0.7762500000000001,0.0070612500000000016,2.9000000000000004,41.400000000000006,-123.68333330000002,HiQ_LAI_WGS84_5km_8day_2019177.regrid.nc
2019-07-04,3.7399081344680756,298.825,284.7,0.0,330.01250000000005,1.1875,0.0078525,2.6500000000000004,41.400000000000006,-123.68333330000002,HiQ_LAI_WGS84_5km_8day_2019185.regrid.nc
2019-07-12,3.942450593854382,300.2625,285.79999999999995,0.0,349.225,1.24375,0.008790000000000001,2.875,41.400000000000006,-123.68333330000002,HiQ_LAI_WGS84_5km_8day_2019193.regrid.nc
2019-07-20,4.542758965735462,303.075,287.975,0.0,346.5375,1.7725,0.008176250000000001,2.7,41.400000000000006,-123.68333330000002,HiQ_LAI_WGS84_5km_8day_2019201.regrid.nc
2019-07-28,4.933346737734984,302.5,286.4375,0.0,337.275,1.5412500000000002,0.008722500000000001,2.3625,41.400000000000006,-123.68333330000002,HiQ_LAI_WGS84_5km_8day_2019209.regrid.nc
2019-08-05,5.0185755447479865,298.4375,284.35,1.75,298.86250000000007,1.09875,0.00831375,2.1375,41.400000000000006,-123.68333330000002,HiQ_LAI_WGS84_5km_8day_2019217.regrid.nc
2019-08-13,5.018962051894122,303.1625,287.3375,0.0,314.8,1.81125,0.0077225,2.9625000000000004,41.400000000000006,-123.68333330000002,HiQ_LAI_WGS84_5km_8day_2019225.regrid.nc
2019-08-21,4.405569381393175,304.775,289.95000000000005,0.7250000000000001,281.6875,2.275,0.0072787500000000005,2.4000000000000004,41.400000000000006,-123.68333330000002,HiQ_LAI_WGS84_5km_8day_2019233.regrid.nc
2019-08-29,4.5297335549574935,302.025,285.8125,0.0,275.82500000000005,1.49875,0.00841125,2.2750000000000004,41.400000000000006,-123.68333330000002,HiQ_LAI_WGS84_5km_8day_2019241.regrid.nc
2019-09-06,4.160111685741295,296.95,283.23749999999995,1.5375,239.03750000000002,1.025,0.007510000000000001,2.625,41.400000000000006,-123.68333330000002,HiQ_LAI_WGS84_5km_8day_2019249.regrid.nc
2019-09-14,4.306850521191013,292.6125,281.0,16.8375,187.7375,0.63625,0.007378750000000001,3.925,41.400000000000006,-123.68333330000002,HiQ_LAI_WGS84_5km_8day_2019257.regrid.nc
2019-09-22,4.40817072862138,293.325,281.29999999999995,3.85,191.33750000000003,0.81,0.007111250000000001,4.1625,41.400000000000006,-123.68333330000002,HiQ_LAI_WGS84_5km_8day_2019265.regrid.nc
2019-09-30,4.062752100602028,290.32500000000005,277.9125,0.5,197.8375,0.7825000000000001,0.004583750000000001,2.7125000000000004,41.400000000000006,-123.68333330000002,HiQ_LAI_WGS84_5km_8day_2019273.regrid.nc
2019-10-08,4.058850366152827,292.38750000000005,278.7625,0.0,195.01250000000002,1.04125,0.0037125000000000005,3.1500000000000004,41.400000000000006,-123.68333330000002,HiQ_LAI_WGS84_5km_8day_2019281.regrid.nc
2019-10-16,3.722902853975851,288.7,278.9375,27.9875,129.2125,0.53375,0.005698750000000001,3.9875000000000003,41.400000000000006,-123.68333330000002,HiQ_LAI_WGS84_5km_8day_2019289.regrid.nc
2019-10-24,3.582706167836065,290.5625,277.7125,0.0,168.70000000000002,1.0275,0.002915,4.25,41.400000000000006,-123.68333330000002,HiQ_LAI_WGS84_5km_8day_2019297.regrid.nc
2019-11-01,3.5082097962539076,295.8125,283.04999999999995,0.0,148.3875,1.45625,0.0036675,2.4125000000000005,41.400000000000006,-123.68333330000002,HiQ_LAI_WGS84_5km_8day_2019305.regrid.nc
2019-11-09,3.2454384482287226,292.8,281.90000000000003,2.9625000000000004,121.37500000000001,0.96,0.00519625,2.3000000000000003,41.400000000000006,-123.68333330000002,HiQ_LAI_WGS84_5km_8day_2019313.regrid.nc
2019-11-17,3.2082097962539073,288.5125,276.7125,2.6000000000000005,114.18750000000001,0.63375,0.004503750000000001,3.225,41.400000000000006,-123.68333330000002,HiQ_LAI_WGS84_5km_8day_2019321.regrid.nc
2019-11-25,2.4156658256387016,278.4875,270.5375,7.175000000000001,78.76249999999999,0.18875,0.003555,4.7875000000000005,41.400000000000006,-123.68333330000002,HiQ_LAI_WGS84_5km_8day_2019329.regrid.nc
2019-12-03,2.6303979509931716,283.65,275.6,11.8625,71.025,0.37250000000000005,0.00432875,3.6125,41.400000000000006,-123.68333330000002,HiQ_LAI_WGS84_5km_8day_2019337.regrid.nc
2019-12-11,2.3689269901889833,280.5375,273.125,19.7375,59.362500000000004,0.27625,0.0037475,4.2250000000000005,41.400000000000006,-123.68333330000002,HiQ_LAI_WGS84_5km_8day_2019345.regrid.nc
2019-12-19,3.0757775113799966,280.625,272.6625,9.937500000000002,70.7,0.2775,0.00374375,4.9625,41.400000000000006,-123.68333330000002,HiQ_LAI_WGS84_5km_8day_2019353.regrid.nc
2019-12-27,3.1012811397978384,281.9,272.34000000000003,6.380000000000001,82.60000000000001,0.33,0.003586,2.9,41.400000000000006,-123.68333330000002,HiQ_LAI_WGS84_5km_8day_2019361.regrid.nc
2020-01-01,1.4021950198726991,283.2375,273.4125,28.625,66.9625,0.3725,0.0038787500000000003,3.8000000000000003,41.400000000000006,-123.68333330000002,HiQ_LAI_WGS84_5km_8day_2020001.regrid.nc
2020-01-09,1.2871154550046207,278.4875,271.47499999999997,44.487500000000004,55.85,0.24,0.0032787500000000004,6.05,41.400000000000006,-123.68333330000002,HiQ_LAI_WGS84_5km_8day_2020009.regrid.nc
2020-01-17,1.868887922556455,282.25,274.57500000000005,23.3375,63.825,0.36625,0.0038037500000000003,5.0875,41.400000000000006,-123.68333330000002,HiQ_LAI_WGS84_5km_8day_2020017.regrid.nc
2020-01-25,2.003007674583711,285.15000000000003,276.54999999999995,32.824999999999996,73.0125,0.48375,0.004220000000000001,3.9125,41.400000000000006,-123.68333330000002,HiQ_LAI_WGS84_5km_8day_2020025.regrid.nc
2020-02-02,2.9839674874245334,282.3125,271.375,0.4375,135.05,0.345,0.0036112500000000003,4.125,41.400000000000006,-123.68333330000002,HiQ_LAI_WGS84_5km_8day_2020033.regrid.nc
2020-02-10,3.4108111434821122,286.48749999999995,274.5375,3.0125,138.5,0.5750000000000001,0.0036700000000000005,3.2875000000000005,41.400000000000006,-123.68333330000002,HiQ_LAI_WGS84_5km_8day_2020041.regrid.nc
2020-02-18,3.640216506349155,287.65,274.6875,0.2,170.35000000000002,0.6787500000000001,0.0034025,2.7625,41.400000000000006,-123.68333330000002,HiQ_LAI_WGS84_5km_8day_2020049.regrid.nc
2020-02-26,3.8094518684192185,288.875,275.1125,0.0,198.5,0.73375,0.0037375000000000004,3.475,41.400000000000006,-123.68333330000002,HiQ_LAI_WGS84_5km_8day_2020057.regrid.nc
2020-03-05,3.764033240399866,287.5625,275.13750000000005,3.9375000000000004,198.4625,0.64625,0.0038575000000000003,2.7874999999999996,41.400000000000006,-123.68333330000002,HiQ_LAI_WGS84_5km_8day_2020065.regrid.nc
2020-03-13,3.6999416849443145,282.675,271.9375,12.2375,193.875,0.39875,0.0034212500000000002,3.2875,41.400000000000006,-123.68333330000002,HiQ_LAI_WGS84_5km_8day_2020073.regrid.nc
2020-03-21,3.871836709298268,282.9125,273.0,19.962500000000002,202.95000000000002,0.4075,0.0036125000000000003,3.1875,41.400000000000006,-123.68333330000002,HiQ_LAI_WGS84_5km_8day_2020081.regrid.nc
2020-03-29,3.7116859559244455,282.4875,273.0,27.075000000000003,198.27500000000003,0.3225,0.0039050000000000005,4.75,41.400000000000006,-123.68333330000002,HiQ_LAI_WGS84_5km_8day_2020089.regrid.nc
2020-04-06,4.030706322874252,292.70000000000005,277.5625,0.0,288.07500000000005,0.9075,0.004615000000000001,3.2500000000000004,41.400000000000006,-123.68333330000002,HiQ_LAI_WGS84_5km_8day_2020097.regrid.nc
2020-04-14,3.8441182407983563,292.79999999999995,278.1375,0.037500000000000006,296.25,0.885,0.00485375,2.6,41.400000000000006,-123.68333330000002,HiQ_LAI_WGS84_5km_8day_2020105.regrid.nc
2020-04-22,3.712072463070581,293.5625,281.5,9.6,245.1875,0.79875,0.006616250000000001,2.4625000000000004,41.400000000000006,-123.68333330000002,HiQ_LAI_WGS84_5km_8day_2020113.regrid.nc
2020-04-30,2.851960777329286,292.825,277.975,3.2,282.0625,0.85875,0.005130000000000001,3.0375000000000005,41.400000000000006,-123.68333330000002,HiQ_LAI_WGS84_5km_8day_2020121.regrid.nc
2020-05-08,2.7597642462276877,291.725,281.375,10.525000000000002,234.75,0.8925,0.0058475,3.725,41.400000000000006,-123.68333330000002,HiQ_LAI_WGS84_5km_8day_2020129.regrid.nc
2020-05-16,2.7476136478920514,288.3,277.75,7.350000000000001,291.55,0.48,0.005577500000000001,3.8000000000000003,41.400000000000006,-123.68333330000002,HiQ_LAI_WGS84_5km_8day_2020137.regrid.nc
2020-05-24,4.3510078296218975,298.95,285.6,4.675,323.77500000000003,1.3199999999999998,0.00795875,2.3375000000000004,41.400000000000006,-123.68333330000002,HiQ_LAI_WGS84_5km_8day_2020145.regrid.nc
2020-06-01,3.9947588106972756,293.65000000000003,281.90000000000003,1.2750000000000001,312.0375,0.9212499999999999,0.00653125,3.025,41.400000000000006,-123.68333330000002,HiQ_LAI_WGS84_5km_8day_2020153.regrid.nc
2020-06-09,4.053589356640732,291.85,281.9875,1.5875000000000001,248.1875,0.62375,0.007252500000000001,2.7625,41.400000000000006,-123.68333330000002,HiQ_LAI_WGS84_5km_8day_2020161.regrid.nc
2020-06-17,4.00329622625542,301.45,287.6625,0.0,364.6875,1.5699999999999998,0.00839,3.1375,41.400000000000006,-123.68333330000002,HiQ_LAI_WGS84_5km_8day_2020169.regrid.nc
2020-06-25,4.651007829621898,298.38750000000005,285.11249999999995,0.0,370.0625,1.32375,0.00733375,3.8125,41.400000000000006,-123.68333330000002,HiQ_LAI_WGS84_5km_8day_2020177.regrid.nc
2020-07-03,4.649687622191531,294.8125,283.475,0.0,365.3,0.9137500000000001,0.006985,2.8625000000000003,41.400000000000006,-123.68333330000002,HiQ_LAI_WGS84_5km_8day_2020185.regrid.nc
2020-07-11,4.960170573583193,301.7375,289.1125,0.0,357.6,1.6949999999999998,0.008266250000000001,2.9625,41.400000000000006,-123.68333330000002,HiQ_LAI_WGS84_5km_8day_2020193.regrid.nc
2020-07-19,4.980065752975333,301.8375,289.8125,0.0,348.77500000000003,1.7449999999999999,0.00817,2.0125,41.400000000000006,-123.68333330000002,HiQ_LAI_WGS84_5km_8day_2020201.regrid.nc
2020-07-27,4.876164018526132,300.0625,289.0375,0.0,339.13750000000005,1.525,0.00807,2.1500000000000004,41.400000000000006,-123.68333330000002,HiQ_LAI_WGS84_5km_8day_2020209.regrid.nc
2020-08-04,4.496059197918272,299.9625,286.8625,0.0,326.9375,1.4712500000000002,0.007808750000000001,3.0125,41.400000000000006,-123.68333330000002,HiQ_LAI_WGS84_5km_8day_2020217.regrid.nc
2020-08-12,4.155862511778487,303.5,290.7125,0.0,288.1625,2.1175,0.0074675,2.2875,41.400000000000006,-123.68333330000002,HiQ_LAI_WGS84_5km_8day_2020225.regrid.nc
2020-08-20,4.4202233714825905,300.1625,288.23749999999995,0.0,275.1875,1.5525000000000002,0.00753875,2.5375,41.400000000000006,-123.68333330000002,HiQ_LAI_WGS84_5km_8day_2020233.regrid.nc
2020-08-28,4.4121115307031085,303.95,289.51250000000005,0.0,282.82500000000005,2.26375,0.006221250000000001,3.0250000000000004,41.400000000000006,-123.68333330000002,HiQ_LAI_WGS84_5km_8day_2020241.regrid.nc
2020-09-05,4.080104820607861,302.1375,290.1125,0.0,267.275,2.3637500000000005,0.00460125,2.6750000000000003,41.400000000000006,-123.68333330000002,HiQ_LAI_WGS84_5km_8day_2020249.regrid.nc
2020-09-13,3.9428371010005177,295.7125,285.02500000000003,0.1625,229.65,1.02875,0.007208750000000001,2.7750000000000004,41.400000000000006,-123.68333330000002,HiQ_LAI_WGS84_5km_8day_2020257.regrid.nc
2020-09-21,3.88825572901987,294.9875,283.5,2.8875,203.65,0.9950000000000001,0.006843750000000001,3.8125,41.400000000000006,-123.68333330000002,HiQ_LAI_WGS84_5km_8day_2020265.regrid.nc
2020-09-29,3.7882557290198706,300.9,289.225,0.0,215.91250000000002,2.08125,0.00489,2.4375,41.400000000000006,-123.68333330000002,HiQ_LAI_WGS84_5km_8day_2020273.regrid.nc
2020-10-07,3.8202624391151176,292.5875,281.6625,22.525,176.88750000000002,0.8512500000000001,0.005863750000000001,3.0250000000000004,41.400000000000006,-123.68333330000002,HiQ_LAI_WGS84_5km_8day_2020281.regrid.nc
2020-10-15,3.757530158722461,296.8875,283.3625,0.0,179.9875,1.4500000000000002,0.00463625,4.5125,41.400000000000006,-123.68333330000002,HiQ_LAI_WGS84_5km_8day_2020289.regrid.nc
2020-10-23,3.704268994172179,293.2875,280.4125,0.0,166.32500000000002,1.2750000000000001,0.0031437500000000003,3.3000000000000003,41.400000000000006,-123.68333330000002,HiQ_LAI_WGS84_5km_8day_2020297.regrid.nc
2020-10-31,3.572262284076931,292.3875,279.91249999999997,1.35,134.82500000000002,1.05125,0.00456,3.1125,41.400000000000006,-123.68333330000002,HiQ_LAI_WGS84_5km_8day_2020305.regrid.nc
2020-11-08,3.2307063228742523,282.225,273.54999999999995,31.0375,92.3625,0.30125,0.00410375,4.7,41.400000000000006,-123.68333330000002,HiQ_LAI_WGS84_5km_8day_2020313.regrid.nc
2020-11-16,3.072262284076931,283.95,274.86249999999995,18.7625,93.1,0.38,0.004311250000000001,4.75,41.400000000000006,-123.68333330000002,HiQ_LAI_WGS84_5km_8day_2020321.regrid.nc
2020-11-24,2.930706322874252,285.1,273.8125,0.625,105.25,0.5225000000000001,0.0034712500000000004,2.7375000000000003,41.400000000000006,-123.68333330000002,HiQ_LAI_WGS84_5km_8day_2020329.regrid.nc
2020-12-02,3.109471115842376,287.88750000000005,275.5875,1.05,100.0,0.7137500000000001,0.0034025,2.8625000000000003,41.400000000000006,-123.68333330000002,HiQ_LAI_WGS84_5km_8day_2020337.regrid.nc
2020-12-10,2.9189812993172795,280.4,271.9125,26.375,66.2125,0.2575,0.0036562500000000006,4.075000000000001,41.400000000000006,-123.68333330000002,HiQ_LAI_WGS84_5km_8day_2020345.regrid.nc
2020-12-18,3.0830337871403026,284.0125,273.0625,7.300000000000001,88.86250000000001,0.48125,0.0032787500000000004,4.362500000000001,41.400000000000006,-123.68333330000002,HiQ_LAI_WGS84_5km_8day_2020353.regrid.nc
2020-12-26,2.5869355215895036,281.68333333333334,271.9,17.21666666666667,84.41666666666667,0.38166666666666665,0.003111666666666667,3.733333333333334,41.400000000000006,-123.68333330000002,HiQ_LAI_WGS84_5km_8day_2020361.regrid.nc
2021-01-01,1.3640524878230238,281.6,273.8125,21.7375,59.9125,0.3025,0.003911250000000001,6.175000000000001,41.400000000000006,-123.68333330000002,HiQ_LAI_WGS84_5km_8day_2021001.regrid.nc
2021-01-09,1.2039017344492011,286.25,276.76250000000005,20.7125,79.07500000000002,0.54,0.00425125,4.0375,41.400000000000006,-123.68333330000002,HiQ_LAI_WGS84_5km_8day_2021009.regrid.nc
2021-01-17,2.237615159120951,284.1625,273.82500000000005,3.4625000000000004,90.125,0.54875,0.0031287500000000005,4.0375000000000005,41.400000000000006,-123.68333330000002,HiQ_LAI_WGS84_5km_8day_2021017.regrid.nc
2021-01-25,2.139869066835548,278.3375,272.16249999999997,38.325,77.8375,0.2225,0.0034962500000000002,6.65,41.400000000000006,-123.68333330000002,HiQ_LAI_WGS84_5km_8day_2021025.regrid.nc
2021-02-02,2.479718313461725,284.3625,273.4625,8.875,122.03750000000001,0.515,0.00326625,3.3625,41.400000000000006,-123.68333330000002,HiQ_LAI_WGS84_5km_8day_2021033.regrid.nc
2021-02-10,2.6636858008862587,281.76250000000005,273.8875,43.125,110.31250000000001,0.2975,0.0040325,4.275,41.400000000000006,-123.68333330000002,HiQ_LAI_WGS84_5km_8day_2021041.regrid.nc
2021-02-18,3.157143651576325,283.45,273.0375,14.3125,140.0625,0.42125,0.0035537500000000005,3.9250000000000003,41.400000000000006,-123.68333330000002,HiQ_LAI_WGS84_5km_8day_2021049.regrid.nc
2021-02-26,2.984940255341292,285.7625,273.475,16.6875,170.77500000000003,0.54125,0.0035625,4.3625,41.400000000000006,-123.68333330000002,HiQ_LAI_WGS84_5km_8day_2021057.regrid.nc
2021-03-06,2.8160132651523093,282.4,272.0625,12.9875,188.15000000000003,0.4125,0.0031975000000000003,3.5875000000000004,41.400000000000006,-123.68333330000002,HiQ_LAI_WGS84_5km_8day_2021065.regrid.nc
2021-03-14,2.6601116857412954,281.1,271.6625,14.1125,151.3625,0.3125,0.003435,4.9,41.400000000000006,-123.68333330000002,HiQ_LAI_WGS84_5km_8day_2021073.regrid.nc
2021-03-22,3.726418081278916,286.1375,273.4,1.8125,249.425,0.615,0.00329625,4.1,41.400000000000006,-123.68333330000002,HiQ_LAI_WGS84_5km_8day_2021081.regrid.nc
2021-03-30,3.6986605451464767,292.5625,277.6625,0.0,276.15000000000003,0.98125,0.00397875,2.8375,41.400000000000006,-123.68333330000002,HiQ_LAI_WGS84_5km_8day_2021089.regrid.nc
2021-04-07,3.985248627222372,290.525,275.38750000000005,0.0,307.26250000000005,0.8225,0.0037462500000000004,3.4750000000000005,41.400000000000006,-123.68333330000002,HiQ_LAI_WGS84_5km_8day_2021097.regrid.nc
2021-04-15,4.1627130329695,295.6125,279.725,0.0,312.83750000000003,1.18,0.0046575,3.075,41.400000000000006,-123.68333330000002,HiQ_LAI_WGS84_5km_8day_2021105.regrid.nc
2021-04-23,4.185248627222372,289.6625,277.4375,4.225,255.75000000000003,0.7637499999999999,0.00460375,3.0125,41.400000000000006,-123.68333330000002,HiQ_LAI_WGS84_5km_8day_2021113.regrid.nc
2021-05-01,4.034608057323453,291.61249999999995,278.7375,0.0,320.27500000000003,0.7262500000000001,0.0056075000000000005,3.7875,41.400000000000006,-123.68333330000002,HiQ_LAI_WGS84_5km_8day_2021121.regrid.nc
2021-05-09,4.207823289107772,297.225,283.1375,0.0,359.1,1.2774999999999999,0.005895000000000001,3.7375000000000007,41.400000000000006,-123.68333330000002,HiQ_LAI_WGS84_5km_8day_2021129.regrid.nc
2021-05-17,3.975777511379997,288.775,276.5,0.1875,329.55,0.54,0.005166250000000001,3.7500000000000004,41.400000000000006,-123.68333330000002,HiQ_LAI_WGS84_5km_8day_2021137.regrid.nc
2021-05-25,3.6904898165250968,297.2875,283.97499999999997,0.3875,361.55,1.3162500000000001,0.006551250000000001,2.7375000000000003,41.400000000000006,-123.68333330000002,HiQ_LAI_WGS84_5km_8day_2021145.regrid.nc
2021-06-02,4.244157308430884,292.3125,281.9375,0.0,346.725,0.79375,0.006760000000000001,2.9750000000000005,41.400000000000006,-123.68333330000002,HiQ_LAI_WGS84_5km_8day_2021153.regrid.nc
2021-06-10,4.465372695253389,291.8625,283.01250000000005,7.75,274.1375,0.69625,0.00719125,4.175000000000001,41.400000000000006,-123.68333330000002,HiQ_LAI_WGS84_5km_8day_2021161.regrid.nc
2021-06-18,4.613084298619867,302.42499999999995,289.9625,0.0,369.01250000000005,1.76375,0.008632500000000001,2.5500000000000003,41.400000000000006,-123.68333330000002,HiQ_LAI_WGS84_5km_8day_2021169.regrid.nc
2021-06-26,4.946372148512953,303.20000000000005,291.3125,0.0,364.46250000000003,1.82625,0.009445000000000002,2.2125000000000004,41.400000000000006,-123.68333330000002,HiQ_LAI_WGS84_5km_8day_2021177.regrid.nc
2021-07-04,4.811764091189501,303.07500000000005,290.55,0.0,364.6625,1.9700000000000002,0.00787875,2.4250000000000003,41.400000000000006,-123.68333330000002,HiQ_LAI_WGS84_5km_8day_2021185.regrid.nc
2021-07-12,5.050660390108289,301.375,288.20000000000005,0.0,356.96250000000003,1.65,0.0078225,3.0,41.400000000000006,-123.68333330000002,HiQ_LAI_WGS84_5km_8day_2021193.regrid.nc
2021-07-20,4.757491091089933,301.04999999999995,289.425,0.7000000000000001,307.1625,1.74875,0.00760125,2.9375,41.400000000000006,-123.68333330000002,HiQ_LAI_WGS84_5km_8day_2021201.regrid.nc
2021-07-28,4.729733554957493,303.83750000000003,291.7125,0.0,329.975,2.14375,0.00783875,2.0625,41.400000000000006,-123.68333330000002,HiQ_LAI_WGS84_5km_8day_2021209.regrid.nc
2021-08-05,4.491184695552312,302.5125,290.01250000000005,0.0,326.15,2.0300000000000002,0.0070075,2.75,41.400000000000006,-123.68333330000002,HiQ_LAI_WGS84_5km_8day_2021217.regrid.nc
2021-08-13,4.590548704366995,302.3,287.8125,0.0,301.6625,1.84,0.0071400000000000005,4.1125,41.400000000000006,-123.68333330000002,HiQ_LAI_WGS84_5km_8day_2021225.regrid.nc
2021-08-21,4.269274429702591,300.0,286.01250000000005,0.0,305.9125,1.73125,0.005575,3.225,41.400000000000006,-123.68333330000002,HiQ_LAI_WGS84_5km_8day_2021233.regrid.nc
2021-08-29,4.227757536132439,301.32500000000005,286.9125,0.0,286.1875,2.0475,0.004575000000000001,2.9000000000000004,41.400000000000006,-123.68333330000002,HiQ_LAI_WGS84_5km_8day_2021241.regrid.nc
2021-09-06,4.197031965835031,300.55,286.4125,0.0,237.9875,1.615,0.006848750000000001,2.6500000000000004,41.400000000000006,-123.68333330000002,HiQ_LAI_WGS84_5km_8day_2021249.regrid.nc
2021-09-14,4.302253907714597,297.3,284.1,7.3500000000000005,226.25000000000003,1.4849999999999999,0.00521,3.9625000000000004,41.400000000000006,-123.68333330000002,HiQ_LAI_WGS84_5km_8day_2021257.regrid.nc
2021-09-22,4.3012811397978385,295.3625,282.225,5.35,204.1125,1.1300000000000001,0.0060212500000000006,3.3,41.400000000000006,-123.68333330000002,HiQ_LAI_WGS84_5km_8day_2021265.regrid.nc
2021-09-30,4.305241762088938,295.17499999999995,282.75,2.0875,200.57500000000005,1.1912500000000001,0.005322500000000001,2.8125,41.400000000000006,-123.68333330000002,HiQ_LAI_WGS84_5km_8day_2021273.regrid.nc
2021-10-08,3.940255573981683,288.0625,275.725,0.275,187.35000000000002,0.59375,0.004390000000000001,3.2125000000000004,41.400000000000006,-123.68333330000002,HiQ_LAI_WGS84_5km_8day_2021281.regrid.nc
2021-10-16,3.1467388354497183,286.9375,276.9,50.05,100.8375,0.39249999999999996,0.0056325,6.025,41.400000000000006,-123.68333330000002,HiQ_LAI_WGS84_5km_8day_2021289.regrid.nc
2021-10-24,2.760150753373823,287.6625,279.1625,34.1,74.22500000000001,0.375,0.0064375000000000005,4.8375,41.400000000000006,-123.68333330000002,HiQ_LAI_WGS84_5km_8day_2021297.regrid.nc
2021-11-01,2.0117833386126582,283.8125,276.5125,34.775000000000006,79.9,0.25749999999999995,0.0054287499999999995,5.675000000000001,41.400000000000006,-123.68333330000002,HiQ_LAI_WGS84_5km_8day_2021305.regrid.nc
2021-11-09,1.7121307781262658,288.15,279.1625,6.0125,96.65,0.47125000000000006,0.0059587500000000005,3.125,41.400000000000006,-123.68333330000002,HiQ_LAI_WGS84_5km_8day_2021313.regrid.nc
2021-11-17,2.6441573084308843,286.7125,275.8625,3.0875,110.525,0.575,0.003976250000000001,3.6875000000000004,41.400000000000006,-123.68333330000002,HiQ_LAI_WGS84_5km_8day_2021321.regrid.nc
2021-11-25,2.4480590428800846,291.2625,279.95,1.0875000000000001,108.36250000000001,0.79125,0.005121250000000001,1.8250000000000002,41.400000000000006,-123.68333330000002,HiQ_LAI_WGS84_5km_8day_2021329.regrid.nc
2021-12-03,3.194797878329803,286.01250000000005,275.5125,3.175,91.76250000000002,0.56625,0.0039275000000000004,2.3875,41.400000000000006,-123.68333330000002,HiQ_LAI_WGS84_5km_8day_2021337.regrid.nc
2021-12-11,1.0320457777277756,278.98750000000007,270.525,36.3625,58.075,0.24875,0.0032050000000000004,5.925000000000001,41.400000000000006,-123.68333330000002,HiQ_LAI_WGS84_5km_8day_2021345.regrid.nc
2021-12-19,1.7346471249559805,278.8375,271.63750000000005,25.075000000000003,46.1125,0.23000000000000004,0.00349375,6.9125000000000005,41.400000000000006,-123.68333330000002,HiQ_LAI_WGS84_5km_8day_2021353.regrid.nc
2021-12-27,0.8320457777277757,277.56000000000006,268.8,7.0,67.14000000000001,0.236,0.0027860000000000003,3.7,41.400000000000006,-123.68333330000002,HiQ_LAI_WGS84_5km_8day_2021361.regrid.nc
2022-01-01,1.8783981060313586,281.17499999999995,272.78749999999997,20.375,58.324999999999996,0.32625,0.00354625,6.7,41.400000000000006,-123.68333330000002,HiQ_LAI_WGS84_5km_8day_2022001.regrid.nc
2022-01-09,2.2649861881072546,287.4,276.1125,1.4250000000000003,103.8375,0.7025,0.0034100000000000003,2.8875,41.400000000000006,-123.68333330000002,HiQ_LAI_WGS84_5km_8day_2022009.regrid.nc
2022-01-17,2.8973794053486377,288.6125,276.67499999999995,0.0,113.35000000000001,0.81125,0.0032237500000000005,3.1375,41.400000000000006,-123.68333330000002,HiQ_LAI_WGS84_5km_8day_2022017.regrid.nc
2022-01-25,3.145051941082587,286.8,274.5,1.5250000000000001,134.0375,0.7625,0.00258125,3.0625,41.400000000000006,-123.68333330000002,HiQ_LAI_WGS84_5km_8day_2022025.regrid.nc
2022-02-02,3.1852486272223723,289.8375,276.7625,0.0,146.3,0.8887500000000002,0.0033175,3.3000000000000003,41.400000000000006,-123.68333330000002,HiQ_LAI_WGS84_5km_8day_2022033.regrid.nc
2022-02-10,3.5718757769307956,290.4375,277.1875,0.675,154.88750000000002,0.8800000000000001,0.004035,3.925,41.400000000000006,-123.68333330000002,HiQ_LAI_WGS84_5km_8day_2022041.regrid.nc
2022-02-18,3.2160132651523092,282.65,270.7375,1.2500000000000002,165.3,0.42875,0.0031850000000000003,3.125,41.400000000000006,-123.68333330000002,HiQ_LAI_WGS84_5km_8day_2022049.regrid.nc
2022-02-26,3.186607902285266,284.7125,275.425,7.700000000000001,122.17500000000001,0.4075,0.004520000000000001,4.825,41.400000000000006,-123.68333330000002,HiQ_LAI_WGS84_5km_8day_2022057.regrid.nc
2022-03-06,3.4333269175256143,287.6875,274.07499999999993,6.125,194.83750000000003,0.6837500000000001,0.0033412500000000005,4.1375,41.400000000000006,-123.68333330000002,HiQ_LAI_WGS84_5km_8day_2022065.regrid.nc
2022-03-14,3.342837101000518,286.225,274.7125,9.925,151.4375,0.50875,0.004096250000000001,3.0625,41.400000000000006,-123.68333330000002,HiQ_LAI_WGS84_5km_8day_2022073.regrid.nc
2022-03-22,3.472262284076931,291.8125,279.2125,0.3125,217.20000000000005,0.7325,0.0056825,2.1625,41.400000000000006,-123.68333330000002,HiQ_LAI_WGS84_5km_8day_2022081.regrid.nc
2022-03-30,3.261431893171662,289.225,274.9375,11.562500000000002,252.025,0.6775,0.0042175,3.9375,41.400000000000006,-123.68333330000002,HiQ_LAI_WGS84_5km_8day_2022089.regrid.nc
2022-04-07,3.638896298918789,283.83750000000003,273.4875,15.625,204.70000000000002,0.4325,0.0042025000000000005,5.675000000000001,41.400000000000006,-123.68333330000002,HiQ_LAI_WGS84_5km_8day_2022097.regrid.nc
2022-04-15,2.7757775113799967,281.7875,273.55,8.137500000000001,197.025,0.2975,0.00401,4.3625,41.400000000000006,-123.68333330000002,HiQ_LAI_WGS84_5km_8day_2022105.regrid.nc
2022-04-23,2.9385097917726535,287.76250000000005,275.55,0.9125000000000001,250.97500000000002,0.5375,0.0045675,2.8375,41.400000000000006,-123.68333330000002,HiQ_LAI_WGS84_5km_8day_2022113.regrid.nc
2022-05-01,3.3441182407983563,285.5,276.2375,12.3625,243.4,0.42,0.00509125,5.362500000000001,41.400000000000006,-123.68333330000002,HiQ_LAI_WGS84_5km_8day_2022121.regrid.nc
2022-05-09,3.289150361671573,285.26250000000005,276.5875,3.7375,240.0625,0.37625000000000003,0.005175000000000001,3.4875000000000003,41.400000000000006,-123.68333330000002,HiQ_LAI_WGS84_5km_8day_2022129.regrid.nc
2022-05-17,3.5666538350512287,292.45000000000005,278.65,7.312500000000001,355.08750000000003,0.82125,0.00526125,3.8500000000000005,41.400000000000006,-123.68333330000002,HiQ_LAI_WGS84_5km_8day_2022137.regrid.nc
2022-05-25,3.451921709696758,290.7125,280.2125,5.750000000000001,277.8625,0.64875,0.0062725,3.6375,41.400000000000006,-123.68333330000002,HiQ_LAI_WGS84_5km_8day_2022145.regrid.nc
2022-06-02,3.5026013472282047,291.125,282.9,5.4624999999999995,237.9625,0.54125,0.007648750000000001,3.6750000000000003,41.400000000000006,-123.68333330000002,HiQ_LAI_WGS84_5km_8day_2022153.regrid.nc
2022-06-10,4.062365593455892,289.6375,281.5375,4.0,295.225,0.48875,0.007183750000000001,3.4625000000000004,41.400000000000006,-123.68333330000002,HiQ_LAI_WGS84_5km_8day_2022161.regrid.nc
2022-06-18,4.094411371183668,298.325,285.625,0.0,357.73750000000007,1.3475000000000001,0.0074262500000000006,3.1875,41.400000000000006,-123.68333330000002,HiQ_LAI_WGS84_5km_8day_2022169.regrid.nc
2022-06-26,4.362365593455892,296.5375,285.4375,0.23750000000000002,354.4125,1.0925,0.00755,2.9125000000000005,41.400000000000006,-123.68333330000002,HiQ_LAI_WGS84_5km_8day_2022177.regrid.nc
2022-07-04,4.250352018227209,295.8,286.07500000000005,2.2,304.2375,0.89625,0.00898375,2.275,41.400000000000006,-123.68333330000002,HiQ_LAI_WGS84_5km_8day_2022185.regrid.nc
2022-07-12,4.4437708012847486,300.6125,287.85,0.0,348.225,1.34375,0.0091175,2.175,41.400000000000006,-123.68333330000002,HiQ_LAI_WGS84_5km_8day_2022193.regrid.nc
2022-07-20,4.678456993873256,303.0625,289.875,0.0,345.48750000000007,1.90125,0.00818,2.1625,41.400000000000006,-123.68333330000002,HiQ_LAI_WGS84_5km_8day_2022201.regrid.nc
2022-07-28,4.314057066536625,305.0625,292.0875,0.0,291.21250000000003,2.00625,0.010195000000000001,1.65,41.400000000000006,-123.68333330000002,HiQ_LAI_WGS84_5km_8day_2022209.regrid.nc
2022-08-05,4.230011443847037,298.03749999999997,286.4875,0.0,320.5375,1.07375,0.008765,1.85,41.400000000000006,-123.68333330000002,HiQ_LAI_WGS84_5km_8day_2022217.regrid.nc
2022-08-13,4.777136786442891,303.1625,288.7875,0.0,302.38750000000005,1.8399999999999999,0.008300000000000002,2.4250000000000003,41.400000000000006,-123.68333330000002,HiQ_LAI_WGS84_5km_8day_2022225.regrid.nc
2022-08-21,4.6813859604056995,302.11249999999995,288.38750000000005,0.0,298.0375,1.615,0.008632500000000001,2.5250000000000004,41.400000000000006,-123.68333330000002,HiQ_LAI_WGS84_5km_8day_2022233.regrid.nc
2022-08-29,4.230397950993172,303.82500000000005,288.6625,0.0,279.38750000000005,2.02125,0.007506250000000001,2.25,41.400000000000006,-123.68333330000002,HiQ_LAI_WGS84_5km_8day_2022241.regrid.nc
2022-09-06,4.23074539050678,303.88750000000005,289.7875,0.0,229.2375,2.2862500000000003,0.007173750000000001,2.5875000000000004,41.400000000000006,-123.68333330000002,HiQ_LAI_WGS84_5km_8day_2022249.regrid.nc
2022-09-14,4.138896298918789,291.125,280.9625,1.7625,182.05,0.49625,0.007331250000000001,2.2750000000000004,41.400000000000006,-123.68333330000002,HiQ_LAI_WGS84_5km_8day_2022257.regrid.nc
2022-09-22,4.042837101000519,298.0875,284.28749999999997,0.1875,220.0125,1.3175000000000001,0.0066925000000000005,2.7,41.400000000000006,-123.68333330000002,HiQ_LAI_WGS84_5km_8day_2022265.regrid.nc
2022-09-30,4.2137791776470825,301.4625,286.35,0.0,212.28750000000002,1.78375,0.0062275,2.3,41.400000000000006,-123.68333330000002,HiQ_LAI_WGS84_5km_8day_2022273.regrid.nc
2022-10-08,4.002948786741813,303.2875,288.35,0.0,197.7625,2.31375,0.0047875,2.3625,41.400000000000006,-123.68333330000002,HiQ_LAI_WGS84_5km_8day_2022281.regrid.nc
2022-10-24,3.292157463469071,288.875,277.47499999999997,3.5625,141.7625,0.6475,0.004645000000000001,2.3625000000000003,41.400000000000006,-123.68333330000002,HiQ_LAI_WGS84_5km_8day_2022297.regrid.nc
2022-11-01,3.3454384482287223,280.8,272.85,18.700000000000003,81.75,0.15875,0.00460375,5.15,41.400000000000006,-123.68333330000002,HiQ_LAI_WGS84_5km_8day_2022305.regrid.nc
2022-11-09,2.966653835051228,284.65,273.8125,2.15,110.9375,0.5075000000000001,0.0034725000000000008,2.7125000000000004,41.400000000000006,-123.68333330000002,HiQ_LAI_WGS84_5km_8day_2022313.regrid.nc
2022-11-17,2.8039215546585714,288.875,276.5125,0.7125,116.6875,0.82375,0.0032087500000000007,2.325,41.400000000000006,-123.68333330000002,HiQ_LAI_WGS84_5km_8day_2022321.regrid.nc
2022-11-25,2.6242032411968466,282.0875,271.9,10.725,84.575,0.34750000000000003,0.0036425000000000003,4.2,41.400000000000006,-123.68333330000002,HiQ_LAI_WGS84_5km_8day_2022329.regrid.nc
2022-12-03,2.2891894293041006,278.975,270.5,22.212500000000002,60.800000000000004,0.23750000000000002,0.0032587500000000004,5.525,41.400000000000006,-123.68333330000002,HiQ_LAI_WGS84_5km_8day_2022337.regrid.nc
2022-12-11,2.037228651974815,281.4125,269.95,0.30000000000000004,91.7,0.46375,0.0022500000000000003,2.375,41.400000000000006,-123.68333330000002,HiQ_LAI_WGS84_5km_8day_2022345.regrid.nc
2022-12-19,1.7277184684999116,283.76249999999993,276.1625,28.9875,49.175000000000004,0.41875,0.004177500000000001,4.15,41.400000000000006,-123.68333330000002,HiQ_LAI_WGS84_5km_8day_2022353.regrid.nc
2022-12-27,1.2558625117784863,282.0,273.36,25.720000000000006,58.92,0.29200000000000004,0.004042,6.68,41.400000000000006,-123.68333330000002,HiQ_LAI_WGS84_5km_8day_2022361.regrid.nc
