date,LAI,tmmx,tmmn,pr,srad,vpd,sph,vs,lat,lon,source_file
2000-02-18,0.6047395991534849,287.61249999999995,273.6,2.1875,140.32500000000002,0.48125,0.004582500000000001,4.3,36.233333333333334,-84.47499996666667,HiQ_LAI_WGS84_5km_8day_2000049.regrid.nc
2000-02-26,0.8047395991534847,288.375,274.3,3.5875000000000004,152.3,0.5075000000000001,0.004635,3.7250000000000005,36.233333333333334,-84.47499996666667,HiQ_LAI_WGS84_5km_8day_2000057.regrid.nc
2000-03-05,0.8047395991534847,291.725,275.57500000000005,4.625,186.3875,0.72125,0.005075,3.4250000000000007,36.233333333333334,-84.47499996666667,HiQ_LAI_WGS84_5km_8day_2000065.regrid.nc
2000-03-13,0.9,287.4375,273.6625,8.537500000000001,162.9,0.42,0.004767500000000001,4.075,36.233333333333334,-84.47499996666667,HiQ_LAI_WGS84_5km_8day_2000073.regrid.nc
2000-03-21,0.9,291.0375,277.0875,1.5625000000000002,219.175,0.60625,0.00555625,3.7,36.233333333333334,-84.47499996666667,HiQ_LAI_WGS84_5km_8day_2000081.regrid.nc
2000-03-29,1.0047395991534847,289.15,275.9625,12.637500000000001,174.5,0.43625,0.005732500000000001,4.15,36.233333333333334,-84.47499996666667,HiQ_LAI_WGS84_5km_8day_2000089.regrid.nc
2000-04-06,1.2000000000000002,289.5625,275.8875,4.625,188.925,0.49,0.005548750000000001,4.8125,36.233333333333334,-84.47499996666667,HiQ_LAI_WGS84_5km_8day_2000097.regrid.nc
2000-04-14,1.689939175469085,292.1875,279.625,1.1,171.65,0.5249999999999999,0.0071025,3.8625000000000007,36.233333333333334,-84.47499996666667,HiQ_LAI_WGS84_5km_8day_2000105.regrid.nc
2000-04-22,2.050296632897588,288.725,277.9625,4.1625000000000005,193.83750000000003,0.47125000000000006,0.005560000000000001,3.0,36.233333333333334,-84.47499996666667,HiQ_LAI_WGS84_5km_8day_2000113.regrid.nc
2000-04-30,4.824842118887098,297.075,284.2375,1.4375000000000002,262.70000000000005,0.7150000000000001,0.009483749999999999,2.9000000000000004,36.233333333333334,-84.47499996666667,HiQ_LAI_WGS84_5km_8day_2000121.regrid.nc
2000-05-08,4.769243389940297,297.4375,283.15,1.4375,296.525,0.6825,0.009787500000000001,4.125,36.233333333333334,-84.47499996666667,HiQ_LAI_WGS84_5km_8day_2000129.regrid.nc
2000-05-16,5.080459977162116,297.9,284.82500000000005,5.4625,258.32500000000005,0.6737500000000001,0.010361250000000002,4.175000000000001,36.233333333333334,-84.47499996666667,HiQ_LAI_WGS84_5km_8day_2000137.regrid.nc
2000-05-24,5.092903127051283,297.91249999999997,286.3875,14.012500000000001,262.57500000000005,0.5549999999999999,0.011685000000000001,3.6125000000000003,36.233333333333334,-84.47499996666667,HiQ_LAI_WGS84_5km_8day_2000145.regrid.nc
2000-06-01,5.4,297.85,285.2375,0.7750000000000001,278.85,0.5725,0.01128875,2.7875,36.233333333333334,-84.47499996666667,HiQ_LAI_WGS84_5km_8day_2000153.regrid.nc
2000-06-09,5.329562588712363,301.5125,289.35,2.3875,278.70000000000005,0.74375,0.013871250000000002,3.3875,36.233333333333334,-84.47499996666667,HiQ_LAI_WGS84_5km_8day_2000161.regrid.nc
2000-06-17,5.5100416952026965,300.575,289.61249999999995,5.562500000000001,238.975,0.5950000000000001,0.014245,3.4375,36.233333333333334,-84.47499996666667,HiQ_LAI_WGS84_5km_8day_2000169.regrid.nc
2000-06-25,5.326617766458384,299.725,287.55,8.4625,253.7125,0.6325000000000001,0.012660000000000001,2.1625,36.233333333333334,-84.47499996666667,HiQ_LAI_WGS84_5km_8day_2000177.regrid.nc
2000-07-03,5.240874822575275,302.65,290.375,0.3375,280.8625,0.6699999999999999,0.0155925,3.3875,36.233333333333334,-84.47499996666667,HiQ_LAI_WGS84_5km_8day_2000185.regrid.nc
2000-07-11,4.907116002276935,301.4125,290.86249999999995,3.8500000000000005,260.875,0.6837500000000001,0.014778750000000002,2.3875,36.233333333333334,-84.47499996666667,HiQ_LAI_WGS84_5km_8day_2000193.regrid.nc
2000-07-19,4.37759167222101,299.8375,287.4,2.4000000000000004,281.9125,0.6174999999999999,0.012782500000000002,2.6625,36.233333333333334,-84.47499996666667,HiQ_LAI_WGS84_5km_8day_2000201.regrid.nc
2000-07-27,5.041475578127439,300.1,290.0375,8.2,220.41250000000002,0.55,0.014377500000000001,2.8500000000000005,36.233333333333334,-84.47499996666667,HiQ_LAI_WGS84_5km_8day_2000209.regrid.nc
2000-08-04,3.775234398425778,301.9875,291.1,3.5250000000000004,244.95000000000002,0.64,0.01566,3.2375,36.233333333333334,-84.47499996666667,HiQ_LAI_WGS84_5km_8day_2000217.regrid.nc
2000-08-12,3.394711111044205,301.6875,288.1625,0.08750000000000001,301.475,0.815,0.01319875,2.575,36.233333333333334,-84.47499996666667,HiQ_LAI_WGS84_5km_8day_2000225.regrid.nc
2000-08-20,4.685276093628474,300.11249999999995,287.6875,1.975,238.35000000000002,0.6225,0.0130475,2.8125,36.233333333333334,-84.47499996666667,HiQ_LAI_WGS84_5km_8day_2000233.regrid.nc
2000-08-28,4.401794776899505,301.57500000000005,289.65,2.9875,234.42500000000004,0.71,0.01421375,2.2625,36.233333333333334,-84.47499996666667,HiQ_LAI_WGS84_5km_8day_2000241.regrid.nc
2000-09-05,4.67331892332216,298.86249999999995,288.3125,0.425,171.1125,0.58375,0.0127075,3.1500000000000004,36.233333333333334,-84.47499996666667,HiQ_LAI_WGS84_5km_8day_2000249.regrid.nc
2000-09-13,4.89106416926054,297.54999999999995,282.52500000000003,1.1500000000000001,241.6875,0.8187500000000001,0.0088625,3.2750000000000004,36.233333333333334,-84.47499996666667,HiQ_LAI_WGS84_5km_8day_2000257.regrid.nc
2000-09-21,4.741942428382074,295.0375,282.90000000000003,5.050000000000001,178.6875,0.39375,0.010368750000000001,2.9625000000000004,36.233333333333334,-84.47499996666667,HiQ_LAI_WGS84_5km_8day_2000265.regrid.nc
2000-09-29,4.305321225377431,298.375,281.025,0.1875,218.0,0.835,0.00866875,3.1500000000000004,36.233333333333334,-84.47499996666667,HiQ_LAI_WGS84_5km_8day_2000273.regrid.nc
2000-10-07,4.0325014887315405,289.11249999999995,271.5125,0.0,191.925,0.7125,0.0035175000000000002,2.75,36.233333333333334,-84.47499996666667,HiQ_LAI_WGS84_5km_8day_2000281.regrid.nc
2000-10-15,2.110041695202697,296.6,280.75,0.21250000000000002,159.175,0.83375,0.007481250000000001,2.1750000000000003,36.233333333333334,-84.47499996666667,HiQ_LAI_WGS84_5km_8day_2000289.regrid.nc
2000-10-23,1.1538422107037323,296.775,281.61249999999995,0.36250000000000004,135.65,0.8525,0.007738750000000001,2.3375,36.233333333333334,-84.47499996666667,HiQ_LAI_WGS84_5km_8day_2000297.regrid.nc
2000-10-31,0.9147812943561814,292.6,280.5875,0.9500000000000001,108.5,0.7250000000000001,0.0063525000000000005,2.6875,36.233333333333334,-84.47499996666667,HiQ_LAI_WGS84_5km_8day_2000305.regrid.nc
2000-11-08,0.7000000000000001,285.13750000000005,273.975,9.162500000000001,109.6625,0.3025,0.005058750000000001,3.925,36.233333333333334,-84.47499996666667,HiQ_LAI_WGS84_5km_8day_2000313.regrid.nc
2000-11-16,0.6000000000000001,277.8625,267.32500000000005,2.3000000000000003,109.3625,0.24875000000000003,0.0025362500000000003,3.5875000000000004,36.233333333333334,-84.47499996666667,HiQ_LAI_WGS84_5km_8day_2000321.regrid.nc
2000-11-24,0.6000000000000001,282.5125,272.425,2.1250000000000004,98.01249999999999,0.31125,0.0038175,3.95,36.233333333333334,-84.47499996666667,HiQ_LAI_WGS84_5km_8day_2000329.regrid.nc
2000-12-02,0.5,277.04999999999995,267.175,1.2375000000000003,94.775,0.1825,0.0027825000000000003,3.0875000000000004,36.233333333333334,-84.47499996666667,HiQ_LAI_WGS84_5km_8day_2000337.regrid.nc
2000-12-10,0.5,281.4,269.48749999999995,14.712500000000002,84.5,0.22,0.0038600000000000006,4.987500000000001,36.233333333333334,-84.47499996666667,HiQ_LAI_WGS84_5km_8day_2000345.regrid.nc
2000-12-18,0.5,271.73749999999995,261.6125,0.2875,95.775,0.16625,0.0015787500000000003,3.925,36.233333333333334,-84.47499996666667,HiQ_LAI_WGS84_5km_8day_2000353.regrid.nc
2000-12-26,0.4,270.9666666666667,264.3999999999999,0.3333333333333333,59.916666666666664,0.15166666666666664,0.0017866666666666667,3.4499999999999997,36.233333333333334,-84.47499996666667,HiQ_LAI_WGS84_5km_8day_2000361.regrid.nc
2001-01-01,0.580479106490334,275.82500000000005,265.4,0.07500000000000001,99.35,0.2175,0.00220875,3.2875000000000005,36.233333333333334,-84.47499996666667,HiQ_LAI_WGS84_5km_8day_2001001.regrid.nc
2001-01-09,0.5195400228378848,279.75,268.05,0.7999999999999999,97.23750000000001,0.2675,0.00295375,2.7750000000000004,36.233333333333334,-84.47499996666667,HiQ_LAI_WGS84_5km_8day_2001009.regrid.nc
2001-01-17,0.5242796219913695,277.5625,267.175,10.725000000000001,83.86250000000001,0.17375000000000002,0.0029562500000000005,2.4499999999999997,36.233333333333334,-84.47499996666667,HiQ_LAI_WGS84_5km_8day_2001017.regrid.nc
2001-01-25,0.5242796219913695,281.2,269.8125,1.8,116.475,0.31875,0.0032125,4.6375,36.233333333333334,-84.47499996666667,HiQ_LAI_WGS84_5km_8day_2001025.regrid.nc
2001-02-02,0.6000000000000001,284.0,270.1625,2.4125,123.26249999999999,0.4725,0.0031675,4.0125,36.233333333333334,-84.47499996666667,HiQ_LAI_WGS84_5km_8day_2001033.regrid.nc
2001-02-10,0.6000000000000001,283.8125,274.20000000000005,14.725000000000001,91.825,0.22374999999999998,0.005116250000000001,3.8625000000000007,36.233333333333334,-84.47499996666667,HiQ_LAI_WGS84_5km_8day_2001041.regrid.nc
2001-02-18,0.7000000000000001,284.20000000000005,271.71250000000003,5.7250000000000005,122.9625,0.3275,0.00416125,4.1625000000000005,36.233333333333334,-84.47499996666667,HiQ_LAI_WGS84_5km_8day_2001049.regrid.nc
2001-02-26,0.7047395991534848,285.1875,273.98749999999995,2.3375000000000004,141.2625,0.43625,0.004007500000000001,3.6,36.233333333333334,-84.47499996666667,HiQ_LAI_WGS84_5km_8day_2001057.regrid.nc
2001-03-06,0.8,283.11249999999995,270.4625,1.5750000000000002,191.66250000000002,0.42625,0.003085,4.3125,36.233333333333334,-84.47499996666667,HiQ_LAI_WGS84_5km_8day_2001065.regrid.nc
2001-03-14,0.8195208935096662,283.4,273.3375,5.5375,142.55,0.35000000000000003,0.00391875,4.3,36.233333333333334,-84.47499996666667,HiQ_LAI_WGS84_5km_8day_2001073.regrid.nc
2001-03-22,0.8390609163475509,282.875,270.42499999999995,0.75,203.52499999999998,0.43875000000000003,0.002915,3.1375,36.233333333333334,-84.47499996666667,HiQ_LAI_WGS84_5km_8day_2001081.regrid.nc
2001-03-30,0.9538422107037323,289.55,278.1,1.5750000000000002,147.2375,0.50625,0.00600875,3.5625,36.233333333333334,-84.47499996666667,HiQ_LAI_WGS84_5km_8day_2001089.regrid.nc
2001-04-07,1.4242796219913696,298.6375,285.75,4.1625000000000005,205.9,1.0375,0.00890125,4.0125,36.233333333333334,-84.47499996666667,HiQ_LAI_WGS84_5km_8day_2001097.regrid.nc
2001-04-15,1.963883905906429,290.225,277.25,1.8000000000000003,208.8375,0.66875,0.0052075,4.7124999999999995,36.233333333333334,-84.47499996666667,HiQ_LAI_WGS84_5km_8day_2001105.regrid.nc
2001-04-23,2.8638839059064294,294.7875,280.21250000000003,0.65,259.475,0.8937499999999999,0.0061200000000000004,3.2875,36.233333333333334,-84.47499996666667,HiQ_LAI_WGS84_5km_8day_2001113.regrid.nc
2001-05-01,3.8077035507356833,297.27500000000003,285.4375,4.125,255.63750000000002,0.8,0.009385000000000001,2.4250000000000003,36.233333333333334,-84.47499996666667,HiQ_LAI_WGS84_5km_8day_2001121.regrid.nc
2001-05-09,4.703482267586688,296.5625,282.975,1.0125000000000002,267.125,0.6637500000000001,0.00918625,3.25,36.233333333333334,-84.47499996666667,HiQ_LAI_WGS84_5km_8day_2001129.regrid.nc
2001-05-17,4.713005646784896,296.9375,283.775,5.6375,234.83749999999998,0.6012500000000001,0.01019875,3.95,36.233333333333334,-84.47499996666667,HiQ_LAI_WGS84_5km_8day_2001137.regrid.nc
2001-05-25,4.961482451219958,295.0375,282.6,3.8125000000000004,258.77500000000003,0.54,0.009001250000000002,3.1375,36.233333333333334,-84.47499996666667,HiQ_LAI_WGS84_5km_8day_2001145.regrid.nc
2001-06-02,5.178665200262611,297.5625,285.04999999999995,5.375,211.4,0.3825,0.0122225,3.075,36.233333333333334,-84.47499996666667,HiQ_LAI_WGS84_5km_8day_2001153.regrid.nc
2001-06-10,4.842428407964926,300.95000000000005,288.11249999999995,2.575,296.42499999999995,0.7662500000000001,0.01280875,2.1625000000000005,36.233333333333334,-84.47499996666667,HiQ_LAI_WGS84_5km_8day_2001161.regrid.nc
2001-07-04,4.770961649526928,302.7125,290.67499999999995,4.425,259.0,0.7112499999999999,0.015508750000000002,2.875,36.233333333333334,-84.47499996666667,HiQ_LAI_WGS84_5km_8day_2001185.regrid.nc
2001-07-12,5.303444008930249,300.875,288.63750000000005,1.4000000000000001,292.57500000000005,0.8262499999999999,0.012588750000000001,2.725,36.233333333333334,-84.47499996666667,HiQ_LAI_WGS84_5km_8day_2001193.regrid.nc
2001-07-20,3.9337970789547763,301.225,290.925,5.3125,214.7375,0.54625,0.01553875,2.35,36.233333333333334,-84.47499996666667,HiQ_LAI_WGS84_5km_8day_2001201.regrid.nc
2001-07-28,3.949058430659009,300.26250000000005,289.98749999999995,13.3125,216.3,0.3775,0.015585000000000002,2.375,36.233333333333334,-84.47499996666667,HiQ_LAI_WGS84_5km_8day_2001209.regrid.nc
2001-08-05,4.041354879923325,301.275,291.275,4.0625,223.7125,0.49,0.01606125,2.2875,36.233333333333334,-84.47499996666667,HiQ_LAI_WGS84_5km_8day_2001217.regrid.nc
2001-08-13,4.351479014673698,300.55,289.32500000000005,0.625,259.2125,0.59375,0.0140925,2.6125,36.233333333333334,-84.47499996666667,HiQ_LAI_WGS84_5km_8day_2001225.regrid.nc
2001-08-21,4.677010045997065,301.575,289.0125,2.4625000000000004,261.5,0.69875,0.014067500000000002,2.45,36.233333333333334,-84.47499996666667,HiQ_LAI_WGS84_5km_8day_2001233.regrid.nc
2001-08-29,4.549134947971883,298.1875,288.1875,5.362500000000001,188.02500000000003,0.34125000000000005,0.013908750000000001,2.0625,36.233333333333334,-84.47499996666667,HiQ_LAI_WGS84_5km_8day_2001241.regrid.nc
2001-09-06,4.698800056417859,301.04999999999995,288.35,0.41250000000000003,231.02500000000003,0.8,0.012827500000000002,3.1375,36.233333333333334,-84.47499996666667,HiQ_LAI_WGS84_5km_8day_2001249.regrid.nc
2001-09-14,4.637260217213244,295.75,282.875,4.35,205.25,0.575,0.009277500000000001,2.7,36.233333333333334,-84.47499996666667,HiQ_LAI_WGS84_5km_8day_2001257.regrid.nc
2001-09-22,4.27573950733685,292.7375,278.9125,3.8750000000000004,211.85000000000002,0.50625,0.007463750000000002,2.95,36.233333333333334,-84.47499996666667,HiQ_LAI_WGS84_5km_8day_2001265.regrid.nc
2001-09-30,4.152546620480497,294.125,278.7625,3.5500000000000003,217.66250000000002,0.78625,0.0062075,3.75,36.233333333333334,-84.47499996666667,HiQ_LAI_WGS84_5km_8day_2001273.regrid.nc
2001-10-08,2.9443630123967632,293.675,278.83750000000003,3.2625000000000006,167.3,0.6275,0.00695,4.625,36.233333333333334,-84.47499996666667,HiQ_LAI_WGS84_5km_8day_2001281.regrid.nc
2001-10-16,2.1443821417249818,292.35,276.275,0.1875,185.925,0.7125,0.00557125,3.45,36.233333333333334,-84.47499996666667,HiQ_LAI_WGS84_5km_8day_2001289.regrid.nc
2001-10-24,1.280479106490334,289.1875,273.1625,1.9250000000000003,171.16250000000002,0.6737500000000001,0.0040575,3.9125,36.233333333333334,-84.47499996666667,HiQ_LAI_WGS84_5km_8day_2001297.regrid.nc
2001-11-01,1.0609390836524493,293.11249999999995,275.1875,0.1375,131.1375,0.8475,0.004526250000000001,3.1,36.233333333333334,-84.47499996666667,HiQ_LAI_WGS84_5km_8day_2001305.regrid.nc
2001-11-09,0.8,291.11249999999995,272.7125,0.0,139.1125,0.775,0.0036512500000000004,2.6250000000000004,36.233333333333334,-84.47499996666667,HiQ_LAI_WGS84_5km_8day_2001313.regrid.nc
2001-11-17,0.7000000000000001,289.225,273.33750000000003,9.062500000000002,107.1,0.50875,0.004942500000000001,3.6750000000000003,36.233333333333334,-84.47499996666667,HiQ_LAI_WGS84_5km_8day_2001321.regrid.nc
2001-11-25,0.7000000000000001,291.2375,278.5625,2.7750000000000004,97.70000000000002,0.48875,0.006682500000000001,3.8875,36.233333333333334,-84.47499996666667,HiQ_LAI_WGS84_5km_8day_2001329.regrid.nc
2001-12-03,0.6804599771621154,288.5875,277.5,6.487499999999999,72.275,0.44125000000000003,0.005785,2.9625000000000004,36.233333333333334,-84.47499996666667,HiQ_LAI_WGS84_5km_8day_2001337.regrid.nc
2001-12-11,0.6000000000000001,288.025,276.75,6.5125,78.8125,0.33125000000000004,0.006007500000000001,4.125,36.233333333333334,-84.47499996666667,HiQ_LAI_WGS84_5km_8day_2001345.regrid.nc
2001-12-19,0.6000000000000001,279.11249999999995,267.3125,1.9125,89.325,0.30374999999999996,0.0025362500000000003,3.6375,36.233333333333334,-84.47499996666667,HiQ_LAI_WGS84_5km_8day_2001353.regrid.nc
2001-12-27,0.5,274.54,264.41999999999996,0.0,88.92,0.252,0.001702,3.7400000000000007,36.233333333333334,-84.47499996666667,HiQ_LAI_WGS84_5km_8day_2001361.regrid.nc
2002-01-01,0.5,274.3625,263.675,2.0500000000000003,81.01250000000002,0.20875000000000002,0.0018525,3.3375000000000004,36.233333333333334,-84.47499996666667,HiQ_LAI_WGS84_5km_8day_2002001.regrid.nc
2002-01-09,0.5,282.525,269.1125,0.9625,111.5625,0.3675,0.0029637500000000002,3.9875000000000003,36.233333333333334,-84.47499996666667,HiQ_LAI_WGS84_5km_8day_2002009.regrid.nc
2002-01-25,0.5343213171940662,290.85,275.7125,1.7125000000000001,129.85,0.5875,0.00558375,4.3875,36.233333333333334,-84.47499996666667,HiQ_LAI_WGS84_5km_8day_2002025.regrid.nc
2002-02-02,0.6000000000000001,278.65,267.7625,3.0375,109.10000000000001,0.28250000000000003,0.00261625,3.1125000000000003,36.233333333333334,-84.47499996666667,HiQ_LAI_WGS84_5km_8day_2002033.regrid.nc
2002-02-10,0.6000000000000001,282.0375,270.29999999999995,0.6625,144.5,0.3775,0.00296875,3.9000000000000004,36.233333333333334,-84.47499996666667,HiQ_LAI_WGS84_5km_8day_2002041.regrid.nc
2002-02-18,0.6390609163475509,285.275,271.1,1.5750000000000002,144.10000000000002,0.47375,0.00339125,4.375,36.233333333333334,-84.47499996666667,HiQ_LAI_WGS84_5km_8day_2002049.regrid.nc
2002-02-26,0.6390609163475509,277.9375,265.52500000000003,1.2375,149.7375,0.31875,0.0020350000000000004,5.0125,36.233333333333334,-84.47499996666667,HiQ_LAI_WGS84_5km_8day_2002057.regrid.nc
2002-03-06,0.7000000000000001,286.8375,272.6125,2.1500000000000004,159.925,0.545,0.00371125,3.9875,36.233333333333334,-84.47499996666667,HiQ_LAI_WGS84_5km_8day_2002065.regrid.nc
2002-03-14,0.7000000000000001,291.6375,280.725,21.8875,142.63750000000002,0.58125,0.006745000000000001,4.55,36.233333333333334,-84.47499996666667,HiQ_LAI_WGS84_5km_8day_2002073.regrid.nc
2002-03-22,0.8242796219913695,286.4,272.0,2.6375,209.33750000000003,0.53,0.0037012500000000005,4.2625,36.233333333333334,-84.47499996666667,HiQ_LAI_WGS84_5km_8day_2002081.regrid.nc
2002-03-30,0.9390609163475508,287.5,275.225,6.75,175.125,0.5137499999999999,0.004551250000000001,3.5375000000000005,36.233333333333334,-84.47499996666667,HiQ_LAI_WGS84_5km_8day_2002089.regrid.nc
2002-04-07,1.3734013628698358,294.725,280.3375,2.1,193.0625,0.7525,0.007025000000000001,4.5375,36.233333333333334,-84.47499996666667,HiQ_LAI_WGS84_5km_8day_2002097.regrid.nc
2002-04-15,1.6976618555329865,299.79999999999995,287.0,2.1125000000000003,207.7125,1.07625,0.009772500000000002,3.6625,36.233333333333334,-84.47499996666667,HiQ_LAI_WGS84_5km_8day_2002105.regrid.nc
2002-04-23,2.5296008473688003,291.72499999999997,278.6,7.987500000000001,196.57500000000002,0.6075,0.00617375,3.975,36.233333333333334,-84.47499996666667,HiQ_LAI_WGS84_5km_8day_2002113.regrid.nc
2002-05-01,3.1515231955649377,296.0,283.5375,9.3875,226.57500000000002,0.535,0.00997625,4.262500000000001,36.233333333333334,-84.47499996666667,HiQ_LAI_WGS84_5km_8day_2002121.regrid.nc
2002-05-09,4.16334053833892,295.75,281.625,5.4125000000000005,235.85,0.58375,0.00908875,4.5,36.233333333333334,-84.47499996666667,HiQ_LAI_WGS84_5km_8day_2002129.regrid.nc
2002-05-17,4.7320405607117095,290.6,276.125,2.875,277.2375,0.5075000000000001,0.00596375,3.6625000000000005,36.233333333333334,-84.47499996666667,HiQ_LAI_WGS84_5km_8day_2002137.regrid.nc
2002-05-25,5.266279438358099,298.95,287.775,0.7875000000000001,235.70000000000002,0.7637500000000002,0.011388750000000001,2.1125000000000003,36.233333333333334,-84.47499996666667,HiQ_LAI_WGS84_5km_8day_2002145.regrid.nc
2002-06-02,5.4615398392046135,301.75,288.55,7.725,275.3,0.70875,0.014086250000000002,3.1625000000000005,36.233333333333334,-84.47499996666667,HiQ_LAI_WGS84_5km_8day_2002153.regrid.nc
2002-06-10,5.26626030902988,298.9875,286.4125,1.625,271.45000000000005,0.6799999999999999,0.0115825,2.8875,36.233333333333334,-84.47499996666667,HiQ_LAI_WGS84_5km_8day_2002161.regrid.nc
2002-06-18,5.353861340031951,300.9875,287.32500000000005,1.4000000000000001,267.75,0.875,0.011905,2.3750000000000004,36.233333333333334,-84.47499996666667,HiQ_LAI_WGS84_5km_8day_2002169.regrid.nc
2002-06-26,5.168016827272948,301.65,290.925,6.575000000000001,223.66250000000002,0.7175,0.014712500000000002,2.3,36.233333333333334,-84.47499996666667,HiQ_LAI_WGS84_5km_8day_2002177.regrid.nc
2002-07-04,5.158581809857218,303.325,290.9125,3.825,257.5375,0.7525,0.015828750000000003,2.6500000000000004,36.233333333333334,-84.47499996666667,HiQ_LAI_WGS84_5km_8day_2002185.regrid.nc
2002-07-12,4.716620252146926,300.175,289.45000000000005,8.3625,215.77500000000003,0.48125,0.01471625,2.3000000000000003,36.233333333333334,-84.47499996666667,HiQ_LAI_WGS84_5km_8day_2002193.regrid.nc
2002-07-20,5.321353929065609,302.57499999999993,291.20000000000005,2.3500000000000005,242.27500000000003,0.66625,0.01585375,2.1500000000000004,36.233333333333334,-84.47499996666667,HiQ_LAI_WGS84_5km_8day_2002201.regrid.nc
2002-07-28,5.318933345050919,303.875,291.6875,2.2750000000000004,260.57500000000005,0.8712500000000001,0.01582,2.75,36.233333333333334,-84.47499996666667,HiQ_LAI_WGS84_5km_8day_2002209.regrid.nc
2002-08-05,5.209498327635188,302.63750000000005,287.275,0.05,307.98750000000007,0.9525,0.012682500000000001,2.5500000000000003,36.233333333333334,-84.47499996666667,HiQ_LAI_WGS84_5km_8day_2002217.regrid.nc
2002-08-13,4.509599896511083,302.025,290.20000000000005,4.4625,208.0125,0.7424999999999999,0.014552500000000003,2.8500000000000005,36.233333333333334,-84.47499996666667,HiQ_LAI_WGS84_5km_8day_2002225.regrid.nc
2002-08-21,4.487095922091,302.2,289.7125,2.5375000000000005,224.55,0.7875,0.0143275,2.6125000000000003,36.233333333333334,-84.47499996666667,HiQ_LAI_WGS84_5km_8day_2002233.regrid.nc
2002-08-29,4.575196139769341,301.5125,289.58750000000003,1.4375000000000002,214.6125,0.8724999999999999,0.0130925,2.1625,36.233333333333334,-84.47499996666667,HiQ_LAI_WGS84_5km_8day_2002241.regrid.nc
2002-09-06,5.082855509613784,302.6625,287.3875,0.6875,245.70000000000002,1.1600000000000001,0.01136875,2.7249999999999996,36.233333333333334,-84.47499996666667,HiQ_LAI_WGS84_5km_8day_2002249.regrid.nc
2002-09-14,3.47334397488518,299.4375,288.7875,11.0125,168.3625,0.5675,0.013331250000000001,3.0875000000000004,36.233333333333334,-84.47499996666667,HiQ_LAI_WGS84_5km_8day_2002257.regrid.nc
2002-09-22,3.902376403123451,295.6125,284.2375,9.2125,154.60000000000002,0.36250000000000004,0.01091125,3.9875000000000003,36.233333333333334,-84.47499996666667,HiQ_LAI_WGS84_5km_8day_2002265.regrid.nc
2002-09-30,4.488157605662996,297.025,287.225,2.625,155.60000000000002,0.5275,0.0116325,3.075,36.233333333333334,-84.47499996666667,HiQ_LAI_WGS84_5km_8day_2002273.regrid.nc
2002-10-08,2.741999816366729,292.875,283.9,4.6875,124.3375,0.31000000000000005,0.00984875,2.3625000000000003,36.233333333333334,-84.47499996666667,HiQ_LAI_WGS84_5km_8day_2002281.regrid.nc
2002-10-16,2.4153629205801277,288.2875,279.8375,0.8625,132.32500000000002,0.30500000000000005,0.006888750000000001,2.825,36.233333333333334,-84.47499996666667,HiQ_LAI_WGS84_5km_8day_2002289.regrid.nc
2002-10-24,1.9005816262239459,288.5875,279.85,4.9625,96.22500000000001,0.15375,0.008055,2.6375,36.233333333333334,-84.47499996666667,HiQ_LAI_WGS84_5km_8day_2002297.regrid.nc
2002-11-01,1.0952604008465152,284.38750000000005,274.3375,6.375000000000001,106.375,0.3125,0.004588750000000001,3.3750000000000004,36.233333333333334,-84.47499996666667,HiQ_LAI_WGS84_5km_8day_2002305.regrid.nc
2002-11-09,0.7952604008465154,285.83750000000003,277.15,9.950000000000001,95.45,0.29625,0.00571375,4.4125000000000005,36.233333333333334,-84.47499996666667,HiQ_LAI_WGS84_5km_8day_2002313.regrid.nc
2002-11-17,0.7000000000000001,283.3,272.5875,2.1625000000000005,102.775,0.3,0.004203750000000001,3.9375,36.233333333333334,-84.47499996666667,HiQ_LAI_WGS84_5km_8day_2002321.regrid.nc
2002-11-25,0.6000000000000001,279.1125,268.9375,1.0125000000000002,102.625,0.265,0.00291375,4.45,36.233333333333334,-84.47499996666667,HiQ_LAI_WGS84_5km_8day_2002329.regrid.nc
2002-12-03,0.6000000000000001,276.8125,267.98749999999995,10.5625,85.025,0.19625,0.0027487500000000003,2.9125000000000005,36.233333333333334,-84.47499996666667,HiQ_LAI_WGS84_5km_8day_2002337.regrid.nc
2002-12-11,0.5804599771621154,282.48750000000007,273.4125,4.2375,82.0375,0.26375000000000004,0.00424125,3.9000000000000004,36.233333333333334,-84.47499996666667,HiQ_LAI_WGS84_5km_8day_2002345.regrid.nc
2002-12-19,0.5,280.9625,271.33750000000003,6.175000000000001,73.6625,0.26125,0.003615,5.125,36.233333333333334,-84.47499996666667,HiQ_LAI_WGS84_5km_8day_2002353.regrid.nc
2002-12-27,0.5,282.74,272.04,0.12000000000000002,96.56000000000002,0.278,0.004114000000000001,4.16,36.233333333333334,-84.47499996666667,HiQ_LAI_WGS84_5km_8day_2002361.regrid.nc
2003-01-01,0.6000000000000001,281.32500000000005,270.275,1.3625,91.35,0.33749999999999997,0.0031950000000000004,4.1875,36.233333333333334,-84.47499996666667,HiQ_LAI_WGS84_5km_8day_2003001.regrid.nc
2003-01-09,0.6000000000000001,276.325,265.0625,0.6375000000000001,106.1875,0.29624999999999996,0.0018012500000000003,3.7,36.233333333333334,-84.47499996666667,HiQ_LAI_WGS84_5km_8day_2003009.regrid.nc
2003-01-17,0.5,271.875,261.175,1.9375,105.7125,0.16125,0.0016537500000000003,4.7625,36.233333333333334,-84.47499996666667,HiQ_LAI_WGS84_5km_8day_2003017.regrid.nc
2003-01-25,0.5,277.04999999999995,267.175,4.275,96.5625,0.23249999999999998,0.0025537500000000005,3.7875,36.233333333333334,-84.47499996666667,HiQ_LAI_WGS84_5km_8day_2003025.regrid.nc
2003-02-02,0.5242796219913695,278.725,267.8,3.825,120.36250000000001,0.255,0.0029625,4.0375000000000005,36.233333333333334,-84.47499996666667,HiQ_LAI_WGS84_5km_8day_2003033.regrid.nc
2003-02-10,0.6000000000000001,278.9125,270.55,21.762500000000003,90.8375,0.165,0.0037812500000000003,4.425,36.233333333333334,-84.47499996666667,HiQ_LAI_WGS84_5km_8day_2003041.regrid.nc
2003-02-18,0.6047395991534849,281.0,272.5375,8.100000000000001,103.2125,0.2125,0.0042075,4.0625,36.233333333333334,-84.47499996666667,HiQ_LAI_WGS84_5km_8day_2003049.regrid.nc
2003-02-26,0.7000000000000001,284.32500000000005,273.1625,1.9125,145.15000000000003,0.31,0.00462625,3.2624999999999997,36.233333333333334,-84.47499996666667,HiQ_LAI_WGS84_5km_8day_2003057.regrid.nc
2003-03-06,0.7047395991534848,287.7875,273.04999999999995,1.35,204.65000000000003,0.47750000000000004,0.00455875,3.475,36.233333333333334,-84.47499996666667,HiQ_LAI_WGS84_5km_8day_2003065.regrid.nc
2003-03-14,0.8,291.0625,279.975,1.9625000000000001,149.8125,0.46499999999999997,0.0069700000000000005,3.0000000000000004,36.233333333333334,-84.47499996666667,HiQ_LAI_WGS84_5km_8day_2003073.regrid.nc
2003-03-22,0.9,290.01250000000005,277.13750000000005,2.6875000000000004,191.08750000000003,0.575,0.00532625,3.5875000000000004,36.233333333333334,-84.47499996666667,HiQ_LAI_WGS84_5km_8day_2003081.regrid.nc
2003-03-30,1.2461577892962679,289.6125,276.525,6.0125,204.375,0.5462499999999999,0.005585,5.550000000000001,36.233333333333334,-84.47499996666667,HiQ_LAI_WGS84_5km_8day_2003089.regrid.nc
2003-04-07,1.7632963574476814,291.0,279.3,11.012500000000001,181.91250000000002,0.59875,0.006135,3.3125,36.233333333333334,-84.47499996666667,HiQ_LAI_WGS84_5km_8day_2003097.regrid.nc
2003-04-15,2.182836380285566,295.05,282.8125,4.800000000000001,222.8375,0.71875,0.00802125,4.2,36.233333333333334,-84.47499996666667,HiQ_LAI_WGS84_5km_8day_2003105.regrid.nc
2003-04-23,4.017240137027309,294.2375,281.925,3.4250000000000007,220.3,0.73,0.007416250000000001,3.125,36.233333333333334,-84.47499996666667,HiQ_LAI_WGS84_5km_8day_2003113.regrid.nc
2003-05-01,4.075796895321505,296.6,286.3375,15.4875,236.2375,0.53375,0.010976250000000002,3.825,36.233333333333334,-84.47499996666667,HiQ_LAI_WGS84_5km_8day_2003121.regrid.nc
2003-05-09,4.682874638942004,295.5875,283.725,4.75,253.25,0.5050000000000001,0.010110000000000001,4.637500000000001,36.233333333333334,-84.47499996666667,HiQ_LAI_WGS84_5km_8day_2003129.regrid.nc
2003-05-17,4.968598453496893,294.79999999999995,285.725,7.275,194.32500000000005,0.43000000000000005,0.010455,2.7125,36.233333333333334,-84.47499996666667,HiQ_LAI_WGS84_5km_8day_2003137.regrid.nc
2003-05-25,5.107659369844445,293.475,282.29999999999995,1.4500000000000002,257.45000000000005,0.4725,0.00855875,3.775,36.233333333333334,-84.47499996666667,HiQ_LAI_WGS84_5km_8day_2003145.regrid.nc
2003-06-02,5.0437372052815785,295.72499999999997,283.625,8.375,241.2125,0.41500000000000004,0.010471250000000001,3.325,36.233333333333334,-84.47499996666667,HiQ_LAI_WGS84_5km_8day_2003153.regrid.nc
2003-06-10,4.9319007331793765,299.20000000000005,288.63750000000005,11.037500000000001,226.8375,0.5375000000000001,0.013268750000000001,3.2750000000000004,36.233333333333334,-84.47499996666667,HiQ_LAI_WGS84_5km_8day_2003161.regrid.nc
2003-06-18,5.272800607317672,298.1875,286.1875,2.9000000000000004,277.0625,0.62,0.011467500000000002,2.1500000000000004,36.233333333333334,-84.47499996666667,HiQ_LAI_WGS84_5km_8day_2003169.regrid.nc
2003-06-26,4.403595476033812,299.225,289.375,4.0625,237.05,0.5362500000000001,0.01363625,2.325,36.233333333333334,-84.47499996666667,HiQ_LAI_WGS84_5km_8day_2003177.regrid.nc
2003-07-04,4.37044333352244,300.475,290.23749999999995,5.9,262.925,0.42375,0.015481250000000002,3.8500000000000005,36.233333333333334,-84.47499996666667,HiQ_LAI_WGS84_5km_8day_2003185.regrid.nc
2003-07-12,4.8970551777460205,300.9125,290.075,1.9500000000000002,266.125,0.535,0.015036250000000001,2.5625,36.233333333333334,-84.47499996666667,HiQ_LAI_WGS84_5km_8day_2003193.regrid.nc
2003-07-20,4.6703991526312,300.09999999999997,288.6125,3.7625,291.925,0.5225,0.014122500000000001,3.1125,36.233333333333334,-84.47499996666667,HiQ_LAI_WGS84_5km_8day_2003201.regrid.nc
2003-07-28,3.844407193288002,300.2875,289.75,9.2375,230.6,0.43374999999999997,0.015127500000000002,2.825,36.233333333333334,-84.47499996666667,HiQ_LAI_WGS84_5km_8day_2003209.regrid.nc
2003-08-05,4.017706987281943,299.475,288.92499999999995,2.875,220.26250000000002,0.47375000000000006,0.013983750000000001,1.9125,36.233333333333334,-84.47499996666667,HiQ_LAI_WGS84_5km_8day_2003217.regrid.nc
2003-08-13,4.322427457107209,302.05,290.2875,4.1625,245.12500000000003,0.5675,0.01575125,1.9375,36.233333333333334,-84.47499996666667,HiQ_LAI_WGS84_5km_8day_2003225.regrid.nc
2003-08-21,4.580440847833897,302.6625,290.79999999999995,2.5625,253.07500000000002,0.6475,0.015895000000000003,2.3625000000000003,36.233333333333334,-84.47499996666667,HiQ_LAI_WGS84_5km_8day_2003233.regrid.nc
2003-08-29,4.514762165027963,300.1,289.86249999999995,14.962500000000002,195.58750000000003,0.49875,0.014651250000000001,3.2500000000000004,36.233333333333334,-84.47499996666667,HiQ_LAI_WGS84_5km_8day_2003241.regrid.nc
2003-09-06,4.122446586435427,298.0375,286.575,0.3,233.21250000000003,0.6475,0.011106250000000002,1.7125000000000001,36.233333333333334,-84.47499996666667,HiQ_LAI_WGS84_5km_8day_2003249.regrid.nc
2003-09-14,4.949077559987227,297.1,283.59999999999997,0.675,218.05,0.5075000000000001,0.010603750000000002,3.0250000000000004,36.233333333333334,-84.47499996666667,HiQ_LAI_WGS84_5km_8day_2003257.regrid.nc
2003-09-22,4.517176826807852,294.52500000000003,281.96250000000003,12.650000000000002,194.675,0.41875,0.009638750000000001,3.3500000000000005,36.233333333333334,-84.47499996666667,HiQ_LAI_WGS84_5km_8day_2003265.regrid.nc
2003-09-30,4.783398877181294,291.5375,277.5,0.2625,201.15000000000003,0.52875,0.0063637500000000005,2.6,36.233333333333334,-84.47499996666667,HiQ_LAI_WGS84_5km_8day_2003273.regrid.nc
2003-10-08,2.988157605662997,294.59999999999997,282.5125,2.6375,139.51250000000002,0.5175,0.008965,2.8875,36.233333333333334,-84.47499996666667,HiQ_LAI_WGS84_5km_8day_2003281.regrid.nc
2003-10-16,2.05145988534548,292.48749999999995,277.35,0.05,174.6375,0.61875,0.00611125,2.95,36.233333333333334,-84.47499996666667,HiQ_LAI_WGS84_5km_8day_2003289.regrid.nc
2003-10-24,1.4561994844989645,292.1,277.4625,2.65,158.7375,0.54375,0.006488750000000001,3.5875000000000004,36.233333333333334,-84.47499996666667,HiQ_LAI_WGS84_5km_8day_2003297.regrid.nc
2003-11-01,0.9609390836524492,292.425,281.0625,4.275,122.05000000000001,0.6175,0.0070237500000000005,2.8125,36.233333333333334,-84.47499996666667,HiQ_LAI_WGS84_5km_8day_2003305.regrid.nc
2003-11-09,0.8757203780086306,286.7,275.3375,4.625,97.65,0.45875,0.00472,4.075,36.233333333333334,-84.47499996666667,HiQ_LAI_WGS84_5km_8day_2003313.regrid.nc
2003-11-17,0.6047395991534849,289.975,276.85,6.875,106.375,0.47,0.0059775,4.0125,36.233333333333334,-84.47499996666667,HiQ_LAI_WGS84_5km_8day_2003321.regrid.nc
2003-11-25,0.6000000000000001,281.6875,269.725,2.5000000000000004,95.975,0.31875,0.0032212500000000006,4.375000000000001,36.233333333333334,-84.47499996666667,HiQ_LAI_WGS84_5km_8day_2003329.regrid.nc
2003-12-03,0.5804599771621154,281.1625,270.88750000000005,5.775,72.775,0.25,0.0036150000000000006,4.0125,36.233333333333334,-84.47499996666667,HiQ_LAI_WGS84_5km_8day_2003337.regrid.nc
2003-12-11,0.6000000000000001,279.1875,269.1625,3.8375000000000004,81.625,0.235,0.00305125,4.2875000000000005,36.233333333333334,-84.47499996666667,HiQ_LAI_WGS84_5km_8day_2003345.regrid.nc
2003-12-19,0.6000000000000001,277.55,267.6625,3.1875,92.78750000000001,0.22625,0.00269875,4.0,36.233333333333334,-84.47499996666667,HiQ_LAI_WGS84_5km_8day_2003353.regrid.nc
2003-12-27,0.6000000000000001,283.06000000000006,271.14,3.8400000000000007,108.68000000000002,0.40800000000000003,0.0031420000000000003,3.66,36.233333333333334,-84.47499996666667,HiQ_LAI_WGS84_5km_8day_2003361.regrid.nc
2004-01-01,0.5,283.9,271.8375,4.475,88.85000000000001,0.4475,0.0040212500000000005,4.8125,36.233333333333334,-84.47499996666667,HiQ_LAI_WGS84_5km_8day_2004001.regrid.nc
2004-01-09,0.6000000000000001,278.45000000000005,266.725,0.7250000000000001,108.275,0.28875000000000006,0.00237375,3.7750000000000004,36.233333333333334,-84.47499996666667,HiQ_LAI_WGS84_5km_8day_2004009.regrid.nc
2004-01-17,0.6000000000000001,277.3375,265.79999999999995,3.575,102.26250000000002,0.28,0.002095,3.8875,36.233333333333334,-84.47499996666667,HiQ_LAI_WGS84_5km_8day_2004017.regrid.nc
2004-01-25,0.6000000000000001,277.7625,264.725,4.0375000000000005,113.7625,0.25875000000000004,0.0023075000000000005,4.487500000000001,36.233333333333334,-84.47499996666667,HiQ_LAI_WGS84_5km_8day_2004025.regrid.nc
2004-02-02,0.5047395991534847,279.525,269.525,15.000000000000002,86.8875,0.22625,0.00325375,4.612500000000001,36.233333333333334,-84.47499996666667,HiQ_LAI_WGS84_5km_8day_2004033.regrid.nc
2004-02-10,0.42426049266315086,279.86249999999995,270.5875,1.65,95.18750000000001,0.26875000000000004,0.0031500000000000005,2.6625000000000005,36.233333333333334,-84.47499996666667,HiQ_LAI_WGS84_5km_8day_2004041.regrid.nc
2004-02-18,0.6000000000000001,284.2875,271.7625,0.6375000000000001,147.1375,0.37125,0.0037825000000000003,4.0875,36.233333333333334,-84.47499996666667,HiQ_LAI_WGS84_5km_8day_2004049.regrid.nc
2004-02-26,0.7000000000000001,286.4625,274.0125,3.4125000000000005,127.63750000000002,0.5062500000000001,0.004230000000000001,3.825,36.233333333333334,-84.47499996666667,HiQ_LAI_WGS84_5km_8day_2004057.regrid.nc
2004-03-05,0.7242796219913695,285.9,274.6375,8.100000000000001,176.2375,0.52125,0.004016250000000001,4.9125000000000005,36.233333333333334,-84.47499996666667,HiQ_LAI_WGS84_5km_8day_2004065.regrid.nc
2004-03-13,0.8047395991534847,288.075,275.36249999999995,5.5,161.1875,0.53375,0.00456375,3.8500000000000005,36.233333333333334,-84.47499996666667,HiQ_LAI_WGS84_5km_8day_2004073.regrid.nc
2004-03-21,0.8804599771621153,289.82500000000005,275.73749999999995,0.0,190.3,0.73875,0.004345,3.9625,36.233333333333334,-84.47499996666667,HiQ_LAI_WGS84_5km_8day_2004081.regrid.nc
2004-03-29,0.9242796219913694,286.0875,275.73749999999995,3.9750000000000005,175.775,0.52,0.0040862500000000005,4.225,36.233333333333334,-84.47499996666667,HiQ_LAI_WGS84_5km_8day_2004089.regrid.nc
2004-04-06,1.1,290.17499999999995,277.5,7.1625,157.2875,0.62125,0.0051225,3.1875,36.233333333333334,-84.47499996666667,HiQ_LAI_WGS84_5km_8day_2004097.regrid.nc
2004-04-14,1.924260492663151,294.4625,279.61250000000007,0.6625000000000001,231.7,0.8800000000000001,0.00596625,4.1625000000000005,36.233333333333334,-84.47499996666667,HiQ_LAI_WGS84_5km_8day_2004105.regrid.nc
2004-04-22,2.438498419451824,295.70000000000005,281.9375,4.762500000000001,233.85000000000002,0.9237500000000001,0.006915,4.0,36.233333333333334,-84.47499996666667,HiQ_LAI_WGS84_5km_8day_2004113.regrid.nc
2004-04-30,4.437241087885026,293.9,279.375,4.7875000000000005,240.25,0.58375,0.007737500000000001,3.4625000000000004,36.233333333333334,-84.47499996666667,HiQ_LAI_WGS84_5km_8day_2004121.regrid.nc
2004-05-08,4.153273791573203,298.8625,287.4125,2.4125,237.77500000000003,0.82125,0.010790000000000001,3.1375,36.233333333333334,-84.47499996666667,HiQ_LAI_WGS84_5km_8day_2004129.regrid.nc
2004-05-16,4.1550936200357285,299.3125,287.425,3.2375000000000003,241.72500000000002,0.6950000000000001,0.01192,3.4125,36.233333333333334,-84.47499996666667,HiQ_LAI_WGS84_5km_8day_2004137.regrid.nc
2004-05-24,3.7527554755687147,300.07500000000005,289.0625,10.85,246.375,0.6925,0.013007500000000002,5.137500000000001,36.233333333333334,-84.47499996666667,HiQ_LAI_WGS84_5km_8day_2004145.regrid.nc
2004-06-01,4.7147812943561815,297.8125,286.025,5.1000000000000005,267.9375,0.57125,0.01135,2.3375000000000004,36.233333333333334,-84.47499996666667,HiQ_LAI_WGS84_5km_8day_2004153.regrid.nc
2004-06-09,4.101750596008266,300.625,291.225,6.662500000000001,215.3625,0.57125,0.0150725,2.6875,36.233333333333334,-84.47499996666667,HiQ_LAI_WGS84_5km_8day_2004161.regrid.nc
2004-06-17,4.9065475831464065,299.35,288.9875,4.3375,224.55,0.45,0.014121250000000002,2.75,36.233333333333334,-84.47499996666667,HiQ_LAI_WGS84_5km_8day_2004169.regrid.nc
2004-06-25,4.6241971824436945,297.5625,288.17499999999995,6.025,214.2375,0.41874999999999996,0.01284875,1.8375,36.233333333333334,-84.47499996666667,HiQ_LAI_WGS84_5km_8day_2004177.regrid.nc
2004-07-03,4.607039484964061,301.4,290.3625,4.8875,269.96250000000003,0.625,0.0149125,3.0,36.233333333333334,-84.47499996666667,HiQ_LAI_WGS84_5km_8day_2004185.regrid.nc
2004-07-11,4.438441031467168,300.025,289.1625,5.175000000000001,257.6875,0.5262500000000001,0.01416,2.9250000000000003,36.233333333333334,-84.47499996666667,HiQ_LAI_WGS84_5km_8day_2004193.regrid.nc
2004-07-19,5.280459977162116,300.9375,289.4,5.2875,275.9,0.6174999999999999,0.01427625,2.25,36.233333333333334,-84.47499996666667,HiQ_LAI_WGS84_5km_8day_2004201.regrid.nc
2004-07-27,5.300000000000001,300.65,289.29999999999995,3.9000000000000004,267.475,0.56,0.014425,2.7125000000000004,36.233333333333334,-84.47499996666667,HiQ_LAI_WGS84_5km_8day_2004209.regrid.nc
2004-08-04,4.6414432417058045,298.275,285.90000000000003,2.8625000000000003,272.45000000000005,0.5687500000000001,0.01171875,2.775,36.233333333333334,-84.47499996666667,HiQ_LAI_WGS84_5km_8day_2004217.regrid.nc
2004-08-12,4.322465715763647,297.1375,284.65,2.4250000000000003,264.425,0.5,0.01117625,2.875,36.233333333333334,-84.47499996666667,HiQ_LAI_WGS84_5km_8day_2004225.regrid.nc
2004-08-20,2.759737777446494,299.275,289.1625,7.0375000000000005,207.41250000000002,0.48374999999999996,0.013900000000000003,2.7375000000000003,36.233333333333334,-84.47499996666667,HiQ_LAI_WGS84_5km_8day_2004233.regrid.nc
2004-08-28,3.0472887053225244,299.1375,289.4375,3.075,203.3625,0.5275000000000001,0.01361375,2.2,36.233333333333334,-84.47499996666667,HiQ_LAI_WGS84_5km_8day_2004241.regrid.nc
2004-09-05,4.941980687038511,298.025,287.725,7.237500000000001,200.4375,0.485,0.0127025,3.3500000000000005,36.233333333333334,-84.47499996666667,HiQ_LAI_WGS84_5km_8day_2004249.regrid.nc
2004-09-13,4.781022474057844,296.0125,283.42499999999995,17.375,206.37500000000003,0.43875,0.010503750000000001,3.8875,36.233333333333334,-84.47499996666667,HiQ_LAI_WGS84_5km_8day_2004257.regrid.nc
2004-09-21,4.875739507336849,297.5,284.25,0.0,217.58750000000003,0.57125,0.01064625,2.875,36.233333333333334,-84.47499996666667,HiQ_LAI_WGS84_5km_8day_2004265.regrid.nc
2004-09-29,4.26626030902988,294.8,282.11249999999995,0.225,217.8125,0.63375,0.008140000000000001,2.45,36.233333333333334,-84.47499996666667,HiQ_LAI_WGS84_5km_8day_2004273.regrid.nc
2004-10-07,2.9615398392046135,293.51250000000005,282.51250000000005,4.15,152.55,0.43875000000000003,0.008882500000000002,3.0875000000000004,36.233333333333334,-84.47499996666667,HiQ_LAI_WGS84_5km_8day_2004281.regrid.nc
2004-10-15,2.190559060349468,291.8625,279.775,5.862500000000001,158.31250000000003,0.41000000000000003,0.0079275,4.0,36.233333333333334,-84.47499996666667,HiQ_LAI_WGS84_5km_8day_2004289.regrid.nc
2004-10-23,1.5757586366650678,295.575,285.48749999999995,2.5,139.35000000000002,0.49875,0.0103475,3.5875000000000004,36.233333333333334,-84.47499996666667,HiQ_LAI_WGS84_5km_8day_2004297.regrid.nc
2004-10-31,1.1414181901427831,292.075,280.54999999999995,6.7,113.1875,0.49624999999999997,0.007676250000000001,4.1625,36.233333333333334,-84.47499996666667,HiQ_LAI_WGS84_5km_8day_2004305.regrid.nc
2004-11-08,0.941418190142783,286.45,273.8375,5.762500000000001,121.1125,0.4325,0.0043075000000000006,3.6125,36.233333333333334,-84.47499996666667,HiQ_LAI_WGS84_5km_8day_2004313.regrid.nc
2004-11-16,0.6047395991534849,288.025,280.86249999999995,2.025,54.73750000000001,0.33125,0.00689,1.6875,36.233333333333334,-84.47499996666667,HiQ_LAI_WGS84_5km_8day_2004321.regrid.nc
2004-11-24,0.6000000000000001,285.2875,274.125,14.9375,92.32500000000002,0.36625,0.0045675,4.7125,36.233333333333334,-84.47499996666667,HiQ_LAI_WGS84_5km_8day_2004329.regrid.nc
2004-12-02,0.5390609163475509,285.35,274.225,17.475,95.5,0.36125,0.004642500000000001,3.8625000000000003,36.233333333333334,-84.47499996666667,HiQ_LAI_WGS84_5km_8day_2004337.regrid.nc
2004-12-10,0.5242796219913695,278.1625,268.91249999999997,3.6375,84.35000000000001,0.25375,0.0028100000000000004,4.2125,36.233333333333334,-84.47499996666667,HiQ_LAI_WGS84_5km_8day_2004345.regrid.nc
2004-12-18,0.6000000000000001,277.15000000000003,264.55,3.1625000000000005,82.525,0.25375000000000003,0.00218125,4.6375,36.233333333333334,-84.47499996666667,HiQ_LAI_WGS84_5km_8day_2004353.regrid.nc
2004-12-26,0.6000000000000001,280.8333333333333,270.84999999999997,0.08333333333333333,76.16666666666667,0.2683333333333333,0.003693333333333333,3.966666666666667,36.233333333333334,-84.47499996666667,HiQ_LAI_WGS84_5km_8day_2004361.regrid.nc
2005-01-01,0.5047395991534847,288.0,279.125,5.737500000000001,63.87500000000001,0.42000000000000004,0.006005,4.5,36.233333333333334,-84.47499996666667,HiQ_LAI_WGS84_5km_8day_2005001.regrid.nc
2005-01-09,0.5047395991534847,285.54999999999995,274.11249999999995,7.9125,100.95,0.42000000000000004,0.00449375,4.65,36.233333333333334,-84.47499996666667,HiQ_LAI_WGS84_5km_8day_2005009.regrid.nc
2005-01-17,0.5047395991534847,275.0625,263.5625,0.0,101.125,0.2525,0.0017862500000000003,4.7875000000000005,36.233333333333334,-84.47499996666667,HiQ_LAI_WGS84_5km_8day_2005017.regrid.nc
2005-01-25,0.5047395991534847,279.0625,269.65,3.225,89.80000000000001,0.29375,0.0027637500000000006,3.4250000000000003,36.233333333333334,-84.47499996666667,HiQ_LAI_WGS84_5km_8day_2005025.regrid.nc
2005-02-02,0.5242796219913695,283.375,272.3875,2.7750000000000004,95.0125,0.31,0.00411625,3.05,36.233333333333334,-84.47499996666667,HiQ_LAI_WGS84_5km_8day_2005033.regrid.nc
2005-02-10,0.6047395991534849,283.1,271.6375,4.275,111.36250000000001,0.31625000000000003,0.0039562500000000006,4.675,36.233333333333334,-84.47499996666667,HiQ_LAI_WGS84_5km_8day_2005041.regrid.nc
2005-02-18,0.6438005155010357,283.0125,272.2,5.8125,116.12500000000001,0.30125,0.004065000000000001,3.1875000000000004,36.233333333333334,-84.47499996666667,HiQ_LAI_WGS84_5km_8day_2005049.regrid.nc
2005-02-26,0.739060916347551,281.51250000000005,268.9125,2.575,151.78750000000002,0.35375,0.0028850000000000004,4.3,36.233333333333334,-84.47499996666667,HiQ_LAI_WGS84_5km_8day_2005057.regrid.nc
2005-03-06,0.8047395991534847,283.75,270.4125,1.8375,158.825,0.39,0.0033812500000000006,5.050000000000001,36.233333333333334,-84.47499996666667,HiQ_LAI_WGS84_5km_8day_2005065.regrid.nc
2005-03-14,0.8047395991534847,282.92499999999995,271.0,1.6749999999999998,153.70000000000002,0.36875,0.0033362500000000007,3.825,36.233333333333334,-84.47499996666667,HiQ_LAI_WGS84_5km_8day_2005073.regrid.nc
2005-03-22,0.9047395991534847,290.47499999999997,276.725,5.8,165.0125,0.5487500000000001,0.0055425000000000006,3.375,36.233333333333334,-84.47499996666667,HiQ_LAI_WGS84_5km_8day_2005081.regrid.nc
2005-03-30,0.9852187056438186,291.7625,277.45,7.0625,183.26250000000002,0.6799999999999999,0.0055475,4.7125,36.233333333333334,-84.47499996666667,HiQ_LAI_WGS84_5km_8day_2005089.regrid.nc
2005-04-07,1.2000000000000002,293.72499999999997,281.775,5.15,197.58750000000003,0.70625,0.00711375,2.9625,36.233333333333334,-84.47499996666667,HiQ_LAI_WGS84_5km_8day_2005097.regrid.nc
2005-04-15,1.5680801374924052,295.0125,280.20000000000005,1.7625000000000002,240.96250000000003,0.8812500000000001,0.0061975,3.1750000000000003,36.233333333333334,-84.47499996666667,HiQ_LAI_WGS84_5km_8day_2005105.regrid.nc
2005-04-23,2.1828614318485866,287.38750000000005,274.57500000000005,7.675000000000001,158.9125,0.39375000000000004,0.0051425,5.4375,36.233333333333334,-84.47499996666667,HiQ_LAI_WGS84_5km_8day_2005113.regrid.nc
2005-05-01,3.0970802293090407,290.15,275.73749999999995,0.5625,266.725,0.535,0.005466250000000001,2.6500000000000004,36.233333333333334,-84.47499996666667,HiQ_LAI_WGS84_5km_8day_2005121.regrid.nc
2005-05-09,3.787581901673853,297.5375,283.3125,1.9875,285.45000000000005,0.80375,0.009052500000000002,2.8,36.233333333333334,-84.47499996666667,HiQ_LAI_WGS84_5km_8day_2005129.regrid.nc
2005-05-17,4.29762359687655,296.575,281.92499999999995,7.7875000000000005,287.0375,0.6937500000000001,0.00869875,3.4125000000000005,36.233333333333334,-84.47499996666667,HiQ_LAI_WGS84_5km_8day_2005137.regrid.nc
2005-05-25,4.870942520198709,295.6375,281.9375,0.6625000000000001,273.8375,0.7025,0.0081325,3.075,36.233333333333334,-84.47499996666667,HiQ_LAI_WGS84_5km_8day_2005145.regrid.nc
2005-06-02,4.839585154586842,300.51250000000005,289.44999999999993,3.0125,242.025,0.675,0.0137125,2.5,36.233333333333334,-84.47499996666667,HiQ_LAI_WGS84_5km_8day_2005153.regrid.nc
2005-06-10,5.110041695202697,299.875,287.8625,3.3125000000000004,257.5,0.635,0.012970000000000002,3.4375,36.233333333333334,-84.47499996666667,HiQ_LAI_WGS84_5km_8day_2005161.regrid.nc
2005-06-18,5.13908004567577,300.0375,287.4375,0.9500000000000001,283.125,0.84375,0.011558750000000001,2.225,36.233333333333334,-84.47499996666667,HiQ_LAI_WGS84_5km_8day_2005169.regrid.nc
2005-06-26,4.904739599153485,301.125,290.9875,5.6625000000000005,211.10000000000002,0.68125,0.01461625,2.0875,36.233333333333334,-84.47499996666667,HiQ_LAI_WGS84_5km_8day_2005177.regrid.nc
2005-07-04,4.860395716084941,300.025,289.97499999999997,2.575,240.9375,0.53375,0.014472500000000001,3.2375000000000003,36.233333333333334,-84.47499996666667,HiQ_LAI_WGS84_5km_8day_2005185.regrid.nc
2005-07-12,4.396511810178512,299.6125,290.4125,11.925,206.63750000000002,0.3325,0.015645000000000003,3.6375,36.233333333333334,-84.47499996666667,HiQ_LAI_WGS84_5km_8day_2005193.regrid.nc
2005-07-20,4.695222142190078,303.76250000000005,293.5875,1.875,295.7375,0.7525,0.017345,2.2,36.233333333333334,-84.47499996666667,HiQ_LAI_WGS84_5km_8day_2005201.regrid.nc
2005-07-28,4.8023572737952325,302.5125,291.1375,0.8125000000000002,278.5375,0.7925,0.014988750000000002,1.75,36.233333333333334,-84.47499996666667,HiQ_LAI_WGS84_5km_8day_2005209.regrid.nc
2005-08-05,4.958537628965978,301.72499999999997,290.35,4.137500000000001,243.01250000000005,0.70875,0.01475125,1.6500000000000001,36.233333333333334,-84.47499996666667,HiQ_LAI_WGS84_5km_8day_2005217.regrid.nc
2005-08-13,5.102357273795232,303.2875,291.65,5.4750000000000005,226.03750000000002,0.68875,0.0164775,2.375,36.233333333333334,-84.47499996666667,HiQ_LAI_WGS84_5km_8day_2005225.regrid.nc
2005-08-21,4.737266139448046,302.11249999999995,290.5875,0.3875,223.38750000000002,0.745,0.014770000000000002,2.4250000000000003,36.233333333333334,-84.47499996666667,HiQ_LAI_WGS84_5km_8day_2005233.regrid.nc
2005-08-29,5.058038442289709,300.3625,286.5,1.1125,237.9625,0.79,0.011796250000000001,3.7,36.233333333333334,-84.47499996666667,HiQ_LAI_WGS84_5km_8day_2005241.regrid.nc
2005-09-06,5.179916609594606,300.91249999999997,284.6,0.0,262.98750000000007,1.00125,0.01012625,1.8250000000000002,36.233333333333334,-84.47499996666667,HiQ_LAI_WGS84_5km_8day_2005249.regrid.nc
2005-09-14,5.205302096049213,301.6125,287.125,3.7250000000000005,222.575,0.8975,0.01210375,1.825,36.233333333333334,-84.47499996666667,HiQ_LAI_WGS84_5km_8day_2005257.regrid.nc
2005-09-22,4.458581809857217,299.95,286.1125,3.9125,194.7625,0.76125,0.011735,3.65,36.233333333333334,-84.47499996666667,HiQ_LAI_WGS84_5km_8day_2005265.regrid.nc
2005-09-30,4.358581809857217,297.9125,283.775,2.1875,187.05,0.6637500000000001,0.010301250000000001,2.7625,36.233333333333334,-84.47499996666667,HiQ_LAI_WGS84_5km_8day_2005273.regrid.nc
2005-10-08,3.824842118887097,295.83750000000003,281.875,0.65,201.52500000000003,0.6425000000000001,0.008588750000000001,2.9875000000000003,36.233333333333334,-84.47499996666667,HiQ_LAI_WGS84_5km_8day_2005281.regrid.nc
2005-10-16,3.2058645929449394,293.45000000000005,278.55,1.275,164.625,0.6837500000000001,0.006645,3.1375,36.233333333333334,-84.47499996666667,HiQ_LAI_WGS84_5km_8day_2005289.regrid.nc
2005-10-24,2.737221958556807,284.7625,273.0875,0.0625,138.925,0.405,0.00394625,3.3375000000000004,36.233333333333334,-84.47499996666667,HiQ_LAI_WGS84_5km_8day_2005297.regrid.nc
2005-11-01,1.9615015805481764,293.4875,278.5625,0.5375000000000001,125.8125,0.7737499999999999,0.005805,3.9875000000000007,36.233333333333334,-84.47499996666667,HiQ_LAI_WGS84_5km_8day_2005305.regrid.nc
2005-11-09,1.4905208016930307,290.725,276.86249999999995,7.3125,105.85,0.6287499999999999,0.00539125,4.700000000000001,36.233333333333334,-84.47499996666667,HiQ_LAI_WGS84_5km_8day_2005313.regrid.nc
2005-11-17,0.7147812943561815,280.9375,268.625,2.7375000000000003,97.23750000000001,0.355,0.0027025,4.0125,36.233333333333334,-84.47499996666667,HiQ_LAI_WGS84_5km_8day_2005321.regrid.nc
2005-11-25,0.7000000000000001,283.425,270.4125,5.237500000000001,103.67500000000001,0.39749999999999996,0.0034825000000000004,4.4375,36.233333333333334,-84.47499996666667,HiQ_LAI_WGS84_5km_8day_2005329.regrid.nc
2005-12-03,0.6047395991534849,278.0,267.8625,3.5875,87.0125,0.205,0.0028962500000000004,4.125,36.233333333333334,-84.47499996666667,HiQ_LAI_WGS84_5km_8day_2005337.regrid.nc
2005-12-11,0.5242796219913695,277.975,269.75,3.7125000000000004,69.3125,0.22,0.0029612500000000003,3.825,36.233333333333334,-84.47499996666667,HiQ_LAI_WGS84_5km_8day_2005345.regrid.nc
2005-12-19,0.6000000000000001,278.625,266.9625,2.2625,103.48750000000001,0.23000000000000004,0.00282875,3.6125000000000003,36.233333333333334,-84.47499996666667,HiQ_LAI_WGS84_5km_8day_2005353.regrid.nc
2005-12-27,0.5047395991534847,283.46,271.96,1.4400000000000002,92.9,0.25599999999999995,0.004344000000000001,4.62,36.233333333333334,-84.47499996666667,HiQ_LAI_WGS84_5km_8day_2005361.regrid.nc
2006-01-01,0.5047395991534847,284.0375,271.475,1.2875,98.5875,0.3775,0.0038425000000000004,5.0375000000000005,36.233333333333334,-84.47499996666667,HiQ_LAI_WGS84_5km_8day_2006001.regrid.nc
2006-01-09,0.5047395991534847,284.7125,272.975,3.0875000000000004,96.775,0.38375000000000004,0.00419375,4.9750000000000005,36.233333333333334,-84.47499996666667,HiQ_LAI_WGS84_5km_8day_2006009.regrid.nc
2006-01-17,0.5390609163475509,284.32500000000005,273.15,14.4875,84.65,0.31125,0.00436875,5.275,36.233333333333334,-84.47499996666667,HiQ_LAI_WGS84_5km_8day_2006017.regrid.nc
2006-01-25,0.5852187056438187,283.25,270.61249999999995,1.7125000000000001,128.3,0.42000000000000004,0.00313875,4.4375,36.233333333333334,-84.47499996666667,HiQ_LAI_WGS84_5km_8day_2006025.regrid.nc
2006-02-02,0.5390609163475509,279.7625,269.01250000000005,3.475,101.92500000000001,0.3,0.002895,3.7874999999999996,36.233333333333334,-84.47499996666667,HiQ_LAI_WGS84_5km_8day_2006033.regrid.nc
2006-02-10,0.6047395991534849,280.55,268.7875,3.0375000000000005,120.0875,0.29875,0.00307375,4.800000000000001,36.233333333333334,-84.47499996666667,HiQ_LAI_WGS84_5km_8day_2006041.regrid.nc
2006-02-18,0.6047395991534849,280.23749999999995,268.82500000000005,3.1375,121.7125,0.28625,0.0031650000000000003,2.825,36.233333333333334,-84.47499996666667,HiQ_LAI_WGS84_5km_8day_2006049.regrid.nc
2006-02-26,0.7047395991534848,285.11249999999995,271.0375,0.42500000000000004,175.7625,0.4975,0.00345,4.675000000000001,36.233333333333334,-84.47499996666667,HiQ_LAI_WGS84_5km_8day_2006057.regrid.nc
2006-03-06,0.7047395991534848,292.1625,278.82500000000005,6.125,190.26250000000002,0.7949999999999999,0.005407500000000001,6.225,36.233333333333334,-84.47499996666667,HiQ_LAI_WGS84_5km_8day_2006065.regrid.nc
2006-03-14,0.8047395991534847,285.11249999999995,271.70000000000005,3.3625000000000003,180.6625,0.52875,0.0030325000000000005,4.3375,36.233333333333334,-84.47499996666667,HiQ_LAI_WGS84_5km_8day_2006073.regrid.nc
2006-03-22,0.9047395991534847,282.125,272.1625,1.0375,155.1125,0.40625000000000006,0.00313875,3.3500000000000005,36.233333333333334,-84.47499996666667,HiQ_LAI_WGS84_5km_8day_2006081.regrid.nc
2006-03-30,0.9438005155010356,292.36249999999995,277.925,5.2625,210.55,0.7075,0.0056812500000000005,4.6625,36.233333333333334,-84.47499996666667,HiQ_LAI_WGS84_5km_8day_2006089.regrid.nc
2006-04-07,1.4633405383389204,294.5625,278.67499999999995,7.6125,240.175,0.8125000000000001,0.006307500000000001,4.475,36.233333333333334,-84.47499996666667,HiQ_LAI_WGS84_5km_8day_2006097.regrid.nc
2006-04-15,1.814218797460454,297.92499999999995,285.875,9.8,208.07500000000002,0.93,0.008990000000000001,3.875000000000001,36.233333333333334,-84.47499996666667,HiQ_LAI_WGS84_5km_8day_2006105.regrid.nc
2006-04-23,3.4734013628698355,293.925,281.1625,3.9625000000000004,217.08750000000003,0.7637499999999999,0.006717500000000001,4.050000000000001,36.233333333333334,-84.47499996666667,HiQ_LAI_WGS84_5km_8day_2006113.regrid.nc
2006-05-01,3.173363104213399,293.86249999999995,281.85,3.7375,236.25,0.5387500000000001,0.00822875,2.7,36.233333333333334,-84.47499996666667,HiQ_LAI_WGS84_5km_8day_2006121.regrid.nc
2006-05-09,4.034321317194067,291.125,278.4125,2.875,243.10000000000002,0.44375,0.0069525,4.4625,36.233333333333334,-84.47499996666667,HiQ_LAI_WGS84_5km_8day_2006129.regrid.nc
2006-05-17,4.765659553477716,294.75,281.1875,3.6500000000000004,266.40000000000003,0.64125,0.0079025,3.3000000000000003,36.233333333333334,-84.47499996666667,HiQ_LAI_WGS84_5km_8day_2006137.regrid.nc
2006-05-25,5.181041603386062,302.0375,290.67499999999995,6.875,279.3,1.05875,0.012740000000000001,2.525,36.233333333333334,-84.47499996666667,HiQ_LAI_WGS84_5km_8day_2006145.regrid.nc
2006-06-02,5.234321317194066,297.4125,284.0125,3.5125000000000006,275.5,0.66875,0.0098525,3.1500000000000004,36.233333333333334,-84.47499996666667,HiQ_LAI_WGS84_5km_8day_2006153.regrid.nc
2006-06-10,5.275720378008631,299.97499999999997,285.29999999999995,1.2875,298.4125,0.7225,0.0114975,3.2375000000000003,36.233333333333334,-84.47499996666667,HiQ_LAI_WGS84_5km_8day_2006161.regrid.nc
2006-06-18,5.329581718040582,301.625,289.2875,5.487500000000001,243.2,0.87375,0.01310375,2.5125,36.233333333333334,-84.47499996666667,HiQ_LAI_WGS84_5km_8day_2006169.regrid.nc
2006-06-26,5.375720378008631,301.4875,288.6125,1.6500000000000001,280.025,0.97,0.01212875,2.25,36.233333333333334,-84.47499996666667,HiQ_LAI_WGS84_5km_8day_2006177.regrid.nc
2006-07-04,5.460919954324231,300.26250000000005,287.825,2.25,255.55,0.69875,0.01279125,3.175,36.233333333333334,-84.47499996666667,HiQ_LAI_WGS84_5km_8day_2006185.regrid.nc
2006-07-12,5.531919862507595,303.5125,291.4375,3.0250000000000004,277.9,0.92625,0.01504625,2.7875,36.233333333333334,-84.47499996666667,HiQ_LAI_WGS84_5km_8day_2006193.regrid.nc
2006-07-20,5.172737297098214,302.1875,289.575,3.725,267.7875,0.8150000000000001,0.014045000000000002,3.1125,36.233333333333334,-84.47499996666667,HiQ_LAI_WGS84_5km_8day_2006201.regrid.nc
2006-07-28,4.675701248680412,303.20000000000005,292.1,7.25,244.95000000000002,0.79375,0.01593125,2.7250000000000005,36.233333333333334,-84.47499996666667,HiQ_LAI_WGS84_5km_8day_2006209.regrid.nc
2006-08-05,4.568080137492405,302.675,291.9125,5.3625,229.7625,0.76875,0.015655000000000002,2.2375,36.233333333333334,-84.47499996666667,HiQ_LAI_WGS84_5km_8day_2006217.regrid.nc
2006-08-13,4.27281973664589,302.375,290.45,3.5875000000000004,246.91250000000002,0.7462500000000001,0.01488625,2.7250000000000005,36.233333333333334,-84.47499996666667,HiQ_LAI_WGS84_5km_8day_2006225.regrid.nc
2006-08-21,5.326617766458384,302.0,290.475,2.7375,240.8,0.7737499999999999,0.01444625,2.475,36.233333333333334,-84.47499996666667,HiQ_LAI_WGS84_5km_8day_2006233.regrid.nc
2006-08-29,4.272226470850715,298.2375,287.3625,6.4125,203.58750000000003,0.40375,0.0131825,2.45,36.233333333333334,-84.47499996666667,HiQ_LAI_WGS84_5km_8day_2006241.regrid.nc
2006-09-06,4.169268441503318,297.125,287.2875,1.4875000000000003,175.7125,0.52125,0.0116675,2.5625,36.233333333333334,-84.47499996666667,HiQ_LAI_WGS84_5km_8day_2006249.regrid.nc
2006-09-14,4.6840497358594995,295.85,282.71250000000003,2.3375,229.53750000000002,0.6012500000000001,0.009217500000000002,3.1,36.233333333333334,-84.47499996666667,HiQ_LAI_WGS84_5km_8day_2006257.regrid.nc
2006-09-22,4.227825199797515,293.15,282.4375,12.05,175.71250000000003,0.35875,0.00930375,4.3,36.233333333333334,-84.47499996666667,HiQ_LAI_WGS84_5km_8day_2006265.regrid.nc
2006-09-30,3.854442966255897,296.11249999999995,281.475,2.9125,219.01250000000002,0.7987500000000001,0.00785375,3.4125000000000005,36.233333333333334,-84.47499996666667,HiQ_LAI_WGS84_5km_8day_2006273.regrid.nc
2006-10-08,4.022421534872407,291.025,276.9,0.8500000000000001,186.05,0.5974999999999999,0.00594625,3.0250000000000004,36.233333333333334,-84.47499996666667,HiQ_LAI_WGS84_5km_8day_2006281.regrid.nc
2006-10-16,2.0639221645628663,288.66249999999997,277.35,3.5125,127.5875,0.365,0.006483750000000001,4.1125,36.233333333333334,-84.47499996666667,HiQ_LAI_WGS84_5km_8day_2006289.regrid.nc
2006-10-24,1.3538613400319508,287.55,274.6,5.5125,131.5125,0.44625,0.00494125,4.050000000000001,36.233333333333334,-84.47499996666667,HiQ_LAI_WGS84_5km_8day_2006297.regrid.nc
2006-11-01,0.9147812943561814,285.6625,273.54999999999995,6.2625,108.575,0.4025,0.004436250000000001,3.3500000000000005,36.233333333333334,-84.47499996666667,HiQ_LAI_WGS84_5km_8day_2006305.regrid.nc
2006-11-09,0.7000000000000001,288.5375,275.77500000000003,6.1000000000000005,100.5125,0.43875,0.0054912500000000005,4.0,36.233333333333334,-84.47499996666667,HiQ_LAI_WGS84_5km_8day_2006313.regrid.nc
2006-11-17,0.6047395991534849,282.75,271.1875,0.36250000000000004,113.35,0.385,0.0032812500000000003,3.5875000000000004,36.233333333333334,-84.47499996666667,HiQ_LAI_WGS84_5km_8day_2006321.regrid.nc
2006-11-25,0.6047395991534849,288.975,275.5,1.7750000000000001,106.9,0.5675,0.0048400000000000006,4.1875,36.233333333333334,-84.47499996666667,HiQ_LAI_WGS84_5km_8day_2006329.regrid.nc
2006-12-03,0.6000000000000001,277.83750000000003,263.625,0.0,111.66250000000001,0.34625,0.0016137500000000002,3.1875,36.233333333333334,-84.47499996666667,HiQ_LAI_WGS84_5km_8day_2006337.regrid.nc
2006-12-11,0.6047395991534849,289.15,274.54999999999995,0.75,103.7375,0.59125,0.004345,3.5625,36.233333333333334,-84.47499996666667,HiQ_LAI_WGS84_5km_8day_2006345.regrid.nc
2006-12-19,0.6000000000000001,285.4625,274.57500000000005,3.8875,65.3,0.35875,0.00468625,3.7,36.233333333333334,-84.47499996666667,HiQ_LAI_WGS84_5km_8day_2006353.regrid.nc
2006-12-27,0.6000000000000001,285.21999999999997,272.6,4.2,91.46,0.32599999999999996,0.004638000000000001,3.4200000000000004,36.233333333333334,-84.47499996666667,HiQ_LAI_WGS84_5km_8day_2006361.regrid.nc
2007-01-01,0.5047395991534847,285.5625,274.4125,5.700000000000001,94.01250000000002,0.36625,0.00474875,4.4875,36.233333333333334,-84.47499996666667,HiQ_LAI_WGS84_5km_8day_2007001.regrid.nc
2007-01-09,0.5,283.0375,273.05,2.6875,79.2875,0.36,0.0040637500000000005,5.4,36.233333333333334,-84.47499996666667,HiQ_LAI_WGS84_5km_8day_2007009.regrid.nc
2007-01-17,0.5047395991534847,277.35,268.625,4.575,103.125,0.25375000000000003,0.0025025000000000004,3.5875000000000004,36.233333333333334,-84.47499996666667,HiQ_LAI_WGS84_5km_8day_2007017.regrid.nc
2007-01-25,0.6000000000000001,275.95,263.775,0.08750000000000001,117.07500000000002,0.26125,0.00180875,4.3375,36.233333333333334,-84.47499996666667,HiQ_LAI_WGS84_5km_8day_2007025.regrid.nc
2007-02-02,0.5438005155010356,274.275,264.125,0.2625,96.65,0.23875000000000002,0.0016512500000000002,3.8625000000000003,36.233333333333334,-84.47499996666667,HiQ_LAI_WGS84_5km_8day_2007033.regrid.nc
2007-02-10,0.6047395991534849,277.1,264.5625,1.9000000000000004,106.875,0.31375,0.0017837500000000002,3.5500000000000007,36.233333333333334,-84.47499996666667,HiQ_LAI_WGS84_5km_8day_2007041.regrid.nc
2007-02-18,0.6438005155010357,285.275,270.5125,3.6000000000000005,140.8,0.53,0.0031912500000000005,5.45,36.233333333333334,-84.47499996666667,HiQ_LAI_WGS84_5km_8day_2007049.regrid.nc
2007-02-26,0.8,285.1,270.70000000000005,6.375,172.0625,0.54,0.0029175,4.875,36.233333333333334,-84.47499996666667,HiQ_LAI_WGS84_5km_8day_2007057.regrid.nc
2007-03-06,0.8047395991534847,290.6625,274.15,0.05,200.9875,0.7925,0.0037500000000000003,3.5875000000000004,36.233333333333334,-84.47499996666667,HiQ_LAI_WGS84_5km_8day_2007065.regrid.nc
2007-03-14,0.8047395991534847,289.0375,275.5375,4.4625,172.20000000000002,0.645,0.004707500000000001,4.3,36.233333333333334,-84.47499996666667,HiQ_LAI_WGS84_5km_8day_2007073.regrid.nc
2007-03-22,0.8242604926631509,298.4,284.45000000000005,0.825,207.4,1.1925,0.007200000000000001,3.325,36.233333333333334,-84.47499996666667,HiQ_LAI_WGS84_5km_8day_2007081.regrid.nc
2007-03-30,0.9804599771621153,292.35,278.75,4.4875,211.3375,0.80375,0.005956250000000001,4.9375,36.233333333333334,-84.47499996666667,HiQ_LAI_WGS84_5km_8day_2007089.regrid.nc
2007-04-07,1.0952412715182969,284.2625,272.025,7.6000000000000005,177.55,0.45375,0.0034575000000000005,4.112500000000001,36.233333333333334,-84.47499996666667,HiQ_LAI_WGS84_5km_8day_2007097.regrid.nc
2007-04-15,1.4047395991534848,290.5,276.425,0.4375,213.03750000000002,0.73,0.0043950000000000005,3.6875000000000004,36.233333333333334,-84.47499996666667,HiQ_LAI_WGS84_5km_8day_2007105.regrid.nc
2007-04-23,2.1390417870193326,295.925,282.05,2.125,212.1875,0.9237500000000001,0.0069099999999999995,4.237500000000001,36.233333333333334,-84.47499996666667,HiQ_LAI_WGS84_5km_8day_2007113.regrid.nc
2007-05-01,2.9952412715182968,298.0125,283.15,7.9875,262.425,0.94875,0.008285,2.9250000000000003,36.233333333333334,-84.47499996666667,HiQ_LAI_WGS84_5km_8day_2007121.regrid.nc
2007-05-09,4.083341489196638,299.0875,284.4375,2.2,270.95000000000005,0.9287500000000001,0.009396250000000002,3.2625,36.233333333333334,-84.47499996666667,HiQ_LAI_WGS84_5km_8day_2007129.regrid.nc
2007-05-17,4.970418281959419,296.8,279.82500000000005,0.0,328.5,1.0237500000000002,0.00634,2.6500000000000004,36.233333333333334,-84.47499996666667,HiQ_LAI_WGS84_5km_8day_2007137.regrid.nc
2007-05-25,4.797642726204768,301.75,285.84999999999997,0.6000000000000001,312.33750000000003,1.3175,0.00904125,2.1375,36.233333333333334,-84.47499996666667,HiQ_LAI_WGS84_5km_8day_2007145.regrid.nc
2007-06-02,4.658581809857218,300.85,286.775,2.7750000000000004,275.42500000000007,0.8675,0.01165625,3.7125000000000004,36.233333333333334,-84.47499996666667,HiQ_LAI_WGS84_5km_8day_2007153.regrid.nc
2007-06-10,4.800587548458749,300.7125,284.88750000000005,0.9750000000000001,290.9125,0.96375,0.01033,2.7125000000000004,36.233333333333334,-84.47499996666667,HiQ_LAI_WGS84_5km_8day_2007161.regrid.nc
2007-06-18,4.914800423684401,302.3875,287.6875,4.8375,275.13750000000005,1.14375,0.011307500000000002,2.2750000000000004,36.233333333333334,-84.47499996666667,HiQ_LAI_WGS84_5km_8day_2007169.regrid.nc
2007-06-26,4.639022657691115,301.9875,289.625,6.137499999999999,245.9875,0.96875,0.01283625,2.3000000000000003,36.233333333333334,-84.47499996666667,HiQ_LAI_WGS84_5km_8day_2007177.regrid.nc
2007-07-04,4.212404891232731,302.04999999999995,290.225,3.8625000000000003,283.4875,0.8450000000000001,0.01393625,3.175,36.233333333333334,-84.47499996666667,HiQ_LAI_WGS84_5km_8day_2007185.regrid.nc
2007-07-12,4.795304581737755,300.95,288.5125,3.1250000000000004,255.95,0.71875,0.013345000000000001,3.2,36.233333333333334,-84.47499996666667,HiQ_LAI_WGS84_5km_8day_2007193.regrid.nc
2007-07-20,4.882880561176806,299.875,287.2125,6.3500000000000005,249.63750000000002,0.7100000000000001,0.012155000000000001,3.15,36.233333333333334,-84.47499996666667,HiQ_LAI_WGS84_5km_8day_2007201.regrid.nc
2007-07-28,4.531382417174889,302.01250000000005,290.32500000000005,6.824999999999999,253.16250000000002,0.6687500000000001,0.015083750000000002,2.075,36.233333333333334,-84.47499996666667,HiQ_LAI_WGS84_5km_8day_2007209.regrid.nc
2007-08-05,4.758581809857217,305.4,291.5875,0.0,288.225,1.13375,0.015383750000000002,3.0375,36.233333333333334,-84.47499996666667,HiQ_LAI_WGS84_5km_8day_2007217.regrid.nc
2007-08-13,5.078102703366883,306.3625,290.2125,0.3125,301.61249999999995,1.665,0.012247500000000001,3.1625,36.233333333333334,-84.47499996666667,HiQ_LAI_WGS84_5km_8day_2007225.regrid.nc
2007-08-21,4.633196323402612,306.225,291.73749999999995,2.1125000000000003,265.85,1.5075000000000003,0.013760000000000001,2.6875,36.233333333333334,-84.47499996666667,HiQ_LAI_WGS84_5km_8day_2007233.regrid.nc
2007-08-29,4.776990916668845,303.85,289.2875,1.2750000000000001,238.025,1.195,0.012695,2.3875,36.233333333333334,-84.47499996666667,HiQ_LAI_WGS84_5km_8day_2007241.regrid.nc
2007-09-06,4.873401362869837,301.58750000000003,287.88750000000005,3.9250000000000003,206.45000000000002,1.1262500000000002,0.011106250000000002,3.1,36.233333333333334,-84.47499996666667,HiQ_LAI_WGS84_5km_8day_2007249.regrid.nc
2007-09-14,5.260958212980668,297.15,281.82500000000005,3.2,218.18750000000003,0.71875,0.008973749999999999,2.5375,36.233333333333334,-84.47499996666667,HiQ_LAI_WGS84_5km_8day_2007257.regrid.nc
2007-09-22,5.051440756017262,301.05,286.725,0.1625,200.7375,1.0412499999999998,0.01085875,2.5375,36.233333333333334,-84.47499996666667,HiQ_LAI_WGS84_5km_8day_2007265.regrid.nc
2007-09-30,4.8757586366650685,300.73749999999995,284.3375,0.5125,212.85,1.20125,0.008730000000000002,2.6875,36.233333333333334,-84.47499996666667,HiQ_LAI_WGS84_5km_8day_2007273.regrid.nc
2007-10-08,4.546758544848433,295.15,280.0375,0.6375000000000001,192.175,0.8975,0.0065137500000000004,3.0625,36.233333333333334,-84.47499996666667,HiQ_LAI_WGS84_5km_8day_2007281.regrid.nc
2007-10-16,3.631938991835814,295.23749999999995,282.925,8.6125,139.55,0.60875,0.00897875,4.5375,36.233333333333334,-84.47499996666667,HiQ_LAI_WGS84_5km_8day_2007289.regrid.nc
2007-10-24,2.771019037511583,289.75,276.575,0.6625000000000001,142.525,0.4525,0.0059825,3.4125000000000005,36.233333333333334,-84.47499996666667,HiQ_LAI_WGS84_5km_8day_2007297.regrid.nc
2007-11-01,1.9958228977422425,286.5,271.95000000000005,0.0,135.47500000000002,0.5387500000000001,0.00353125,3.8125000000000004,36.233333333333334,-84.47499996666667,HiQ_LAI_WGS84_5km_8day_2007305.regrid.nc
2007-11-09,1.188182657226017,287.1,273.9125,3.1,112.73750000000001,0.495,0.0044262500000000005,4.4625,36.233333333333334,-84.47499996666667,HiQ_LAI_WGS84_5km_8day_2007313.regrid.nc
2007-11-17,0.8852187056438185,286.8125,274.15,5.3125,110.36250000000001,0.41750000000000004,0.004982500000000001,4.125,36.233333333333334,-84.47499996666667,HiQ_LAI_WGS84_5km_8day_2007321.regrid.nc
2007-11-25,0.7000000000000001,283.76250000000005,271.95000000000005,8.625000000000002,85.125,0.35500000000000004,0.0037925,4.175000000000001,36.233333333333334,-84.47499996666667,HiQ_LAI_WGS84_5km_8day_2007329.regrid.nc
2007-12-03,0.6000000000000001,283.9,273.42499999999995,0.47500000000000003,76.2625,0.30875,0.0047,4.0375,36.233333333333334,-84.47499996666667,HiQ_LAI_WGS84_5km_8day_2007337.regrid.nc
2007-12-11,0.5047395991534847,283.9375,273.0625,4.8500000000000005,74.0625,0.2975,0.0048675,4.025,36.233333333333334,-84.47499996666667,HiQ_LAI_WGS84_5km_8day_2007345.regrid.nc
2007-12-19,0.5047395991534847,283.6625,271.88750000000005,6.3125,89.78750000000001,0.31625000000000003,0.004013750000000001,3.75,36.233333333333334,-84.47499996666667,HiQ_LAI_WGS84_5km_8day_2007353.regrid.nc
2007-12-27,0.5047395991534847,282.42,273.9,0.6799999999999999,80.28,0.298,0.0040420000000000005,3.3200000000000003,36.233333333333334,-84.47499996666667,HiQ_LAI_WGS84_5km_8day_2007361.regrid.nc
2008-01-01,0.5852187056438187,280.4375,268.9375,1.6250000000000002,86.07500000000002,0.37625000000000003,0.00309375,5.5875,36.233333333333334,-84.47499996666667,HiQ_LAI_WGS84_5km_8day_2008001.regrid.nc
2008-01-09,0.5852187056438187,281.825,270.92499999999995,4.625000000000001,103.3125,0.37124999999999997,0.0032025000000000005,3.6500000000000004,36.233333333333334,-84.47499996666667,HiQ_LAI_WGS84_5km_8day_2008009.regrid.nc
2008-01-17,0.5,274.325,264.475,1.9125,103.0,0.21625,0.0019112500000000002,3.3875,36.233333333333334,-84.47499996666667,HiQ_LAI_WGS84_5km_8day_2008017.regrid.nc
2008-01-25,0.5047395991534847,279.57500000000005,266.9375,3.7375000000000003,106.38750000000002,0.32625000000000004,0.0023887500000000002,4.5125,36.233333333333334,-84.47499996666667,HiQ_LAI_WGS84_5km_8day_2008025.regrid.nc
2008-02-02,0.6000000000000001,285.92499999999995,273.46250000000003,5.775,120.5625,0.40625,0.004486250000000001,4.800000000000001,36.233333333333334,-84.47499996666667,HiQ_LAI_WGS84_5km_8day_2008033.regrid.nc
2008-02-10,0.6000000000000001,282.8375,269.675,3.7375,111.5,0.39125,0.0031437500000000003,4.375,36.233333333333334,-84.47499996666667,HiQ_LAI_WGS84_5km_8day_2008041.regrid.nc
2008-02-18,0.6195208935096663,281.88750000000005,271.58750000000003,1.2000000000000002,96.3375,0.33999999999999997,0.00332875,4.225,36.233333333333334,-84.47499996666667,HiQ_LAI_WGS84_5km_8day_2008049.regrid.nc
2008-02-26,0.7047395991534848,283.775,271.08750000000003,7.475,140.9375,0.41375000000000006,0.0036612500000000004,6.0,36.233333333333334,-84.47499996666667,HiQ_LAI_WGS84_5km_8day_2008057.regrid.nc
2008-03-05,0.7195208935096662,283.4,269.46250000000003,4.15,175.0625,0.41375,0.0031037500000000006,3.1875,36.233333333333334,-84.47499996666667,HiQ_LAI_WGS84_5km_8day_2008065.regrid.nc
2008-03-13,0.7047395991534848,288.375,275.025,7.950000000000001,161.9,0.47250000000000003,0.0049975,5.275,36.233333333333334,-84.47499996666667,HiQ_LAI_WGS84_5km_8day_2008073.regrid.nc
2008-03-21,0.8047395991534847,286.1,274.15000000000003,0.5625,187.6875,0.5125,0.004002500000000001,4.75,36.233333333333334,-84.47499996666667,HiQ_LAI_WGS84_5km_8day_2008081.regrid.nc
2008-03-29,0.7438005155010357,289.7125,279.28749999999997,9.6125,145.0625,0.42125,0.00660875,4.6625,36.233333333333334,-84.47499996666667,HiQ_LAI_WGS84_5km_8day_2008089.regrid.nc
2008-04-06,1.0851995763156,292.9375,280.625,2.3125000000000004,195.25,0.69125,0.006856250000000001,4.7625,36.233333333333334,-84.47499996666667,HiQ_LAI_WGS84_5km_8day_2008097.regrid.nc
2008-04-14,1.2656978121341527,289.65,276.625,1.5875000000000001,229.0,0.65375,0.00469125,3.0625,36.233333333333334,-84.47499996666667,HiQ_LAI_WGS84_5km_8day_2008105.regrid.nc
2008-04-22,1.6952604008465153,293.4875,280.75,4.2875000000000005,215.5625,0.69625,0.007063750000000001,3.0625,36.233333333333334,-84.47499996666667,HiQ_LAI_WGS84_5km_8day_2008113.regrid.nc
2008-04-30,3.789977434125522,294.6875,280.01250000000005,1.1625,275.0125,0.815,0.00643,4.3125,36.233333333333334,-84.47499996666667,HiQ_LAI_WGS84_5km_8day_2008121.regrid.nc
2008-05-08,4.021878167304898,293.875,281.29999999999995,9.175,235.70000000000005,0.61875,0.0076325,4.5875,36.233333333333334,-84.47499996666667,HiQ_LAI_WGS84_5km_8day_2008129.regrid.nc
2008-05-16,4.419540022837885,294.75,280.1,0.5875,290.375,0.73,0.00709,4.375,36.233333333333334,-84.47499996666667,HiQ_LAI_WGS84_5km_8day_2008137.regrid.nc
2008-05-24,4.8609390836524495,298.88750000000005,285.88750000000005,4.9375,240.97500000000002,0.81375,0.010416250000000002,3.4625000000000004,36.233333333333334,-84.47499996666667,HiQ_LAI_WGS84_5km_8day_2008145.regrid.nc
2008-06-01,5.046157789296268,302.575,289.2375,3.0125,282.9875,1.0012500000000002,0.01300625,3.9875000000000003,36.233333333333334,-84.47499996666667,HiQ_LAI_WGS84_5km_8day_2008153.regrid.nc
2008-06-09,4.96335966766714,301.9125,289.07500000000005,3.275,268.725,1.00875,0.012306250000000001,2.7750000000000004,36.233333333333334,-84.47499996666667,HiQ_LAI_WGS84_5km_8day_2008161.regrid.nc
2008-06-17,4.819540022837885,299.3625,284.9,0.1125,293.5375,1.0562500000000001,0.008821250000000001,2.2250000000000005,36.233333333333334,-84.47499996666667,HiQ_LAI_WGS84_5km_8day_2008169.regrid.nc
2008-06-25,4.575783688228088,300.26250000000005,286.17499999999995,5.062500000000001,260.65,0.93,0.010745000000000001,4.2125,36.233333333333334,-84.47499996666667,HiQ_LAI_WGS84_5km_8day_2008177.regrid.nc
2008-07-03,4.415445360127804,300.9125,289.01250000000005,8.7375,250.875,0.7625,0.013201250000000001,3.0,36.233333333333334,-84.47499996666667,HiQ_LAI_WGS84_5km_8day_2008185.regrid.nc
2008-07-11,4.965741993025393,302.13750000000005,288.0,3.475,305.05000000000007,0.9837500000000001,0.012255000000000002,2.1625,36.233333333333334,-84.47499996666667,HiQ_LAI_WGS84_5km_8day_2008193.regrid.nc
2008-07-19,4.9680801374924055,301.7125,288.98749999999995,6.1125,250.33750000000003,0.8987499999999999,0.012973750000000001,2.5125,36.233333333333334,-84.47499996666667,HiQ_LAI_WGS84_5km_8day_2008201.regrid.nc
2008-07-27,5.231938991835814,302.8375,290.6875,3.6000000000000005,257.1875,0.8325,0.014752500000000002,2.6625,36.233333333333334,-84.47499996666667,HiQ_LAI_WGS84_5km_8day_2008209.regrid.nc
2008-08-04,5.024298751319588,301.5625,287.78749999999997,1.125,312.20000000000005,0.98875,0.011830000000000002,2.7125000000000004,36.233333333333334,-84.47499996666667,HiQ_LAI_WGS84_5km_8day_2008217.regrid.nc
2008-08-12,4.953298843136224,300.6875,286.7,0.0,285.55000000000007,1.0699999999999998,0.01017125,2.2625,36.233333333333334,-84.47499996666667,HiQ_LAI_WGS84_5km_8day_2008225.regrid.nc
2008-08-20,4.776883630456523,300.66249999999997,287.475,7.575,230.8375,0.96625,0.011553750000000002,2.8750000000000004,36.233333333333334,-84.47499996666667,HiQ_LAI_WGS84_5km_8day_2008233.regrid.nc
2008-08-28,4.778703458919048,301.7875,289.1375,0.36250000000000004,257.275,0.9750000000000001,0.012483750000000002,2.2,36.233333333333334,-84.47499996666667,HiQ_LAI_WGS84_5km_8day_2008241.regrid.nc
2008-09-05,4.820121649061831,300.8375,288.4375,2.3875,224.4375,0.74,0.013036250000000001,2.8125,36.233333333333334,-84.47499996666667,HiQ_LAI_WGS84_5km_8day_2008249.regrid.nc
2008-09-13,4.959182565409382,298.225,285.40000000000003,0.8250000000000001,216.2625,0.6737500000000001,0.010823750000000002,3.7500000000000004,36.233333333333334,-84.47499996666667,HiQ_LAI_WGS84_5km_8day_2008257.regrid.nc
2008-09-21,5.049140870206685,296.6125,282.7125,0.0625,205.01250000000002,0.8287500000000001,0.00815625,3.225,36.233333333333334,-84.47499996666667,HiQ_LAI_WGS84_5km_8day_2008265.regrid.nc
2008-09-29,4.900600755552166,295.6,279.8875,0.0,221.07500000000002,0.9637500000000001,0.006018750000000001,2.3375000000000004,36.233333333333334,-84.47499996666667,HiQ_LAI_WGS84_5km_8day_2008273.regrid.nc
2008-10-07,4.376883630456522,297.73749999999995,282.88750000000005,2.575,175.4375,0.80875,0.008906250000000001,3.1500000000000004,36.233333333333334,-84.47499996666667,HiQ_LAI_WGS84_5km_8day_2008281.regrid.nc
2008-10-15,3.763897112999846,292.0625,277.0,0.275,166.07500000000002,0.6912499999999999,0.005676250000000001,3.4250000000000003,36.233333333333334,-84.47499996666667,HiQ_LAI_WGS84_5km_8day_2008289.regrid.nc
2008-10-23,2.6101182125155713,286.0875,271.7875,2.5,154.125,0.4825,0.0037862499999999997,4.1,36.233333333333334,-84.47499996666667,HiQ_LAI_WGS84_5km_8day_2008297.regrid.nc
2008-10-31,1.634378705178722,292.375,277.01250000000005,1.3125,139.225,0.80125,0.004753750000000001,2.6625000000000005,36.233333333333334,-84.47499996666667,HiQ_LAI_WGS84_5km_8day_2008305.regrid.nc
2008-11-08,1.3710190375115832,285.85,274.3,9.225,99.925,0.355,0.0048675,4.0375,36.233333333333334,-84.47499996666667,HiQ_LAI_WGS84_5km_8day_2008313.regrid.nc
2008-11-16,0.7195400228378848,277.01250000000005,266.125,0.1125,106.3875,0.275,0.0020862500000000004,4.0875,36.233333333333334,-84.47499996666667,HiQ_LAI_WGS84_5km_8day_2008321.regrid.nc
2008-11-24,0.6047395991534849,280.55,270.5,4.8375,74.675,0.23875,0.0035462500000000004,4.225,36.233333333333334,-84.47499996666667,HiQ_LAI_WGS84_5km_8day_2008329.regrid.nc
2008-12-02,0.6000000000000001,278.55,267.17499999999995,3.375,94.95,0.28500000000000003,0.00253875,4.225,36.233333333333334,-84.47499996666667,HiQ_LAI_WGS84_5km_8day_2008337.regrid.nc
2008-12-10,0.5047395991534847,282.275,272.7125,21.5375,59.737500000000004,0.20625000000000002,0.004645,4.487500000000001,36.233333333333334,-84.47499996666667,HiQ_LAI_WGS84_5km_8day_2008345.regrid.nc
2008-12-18,0.5047395991534847,281.4,270.05,4.9,71.9,0.23500000000000001,0.004201250000000001,5.125,36.233333333333334,-84.47499996666667,HiQ_LAI_WGS84_5km_8day_2008353.regrid.nc
2008-12-26,0.5047395991534847,285.21666666666664,272.28333333333336,2.5500000000000003,101.03333333333335,0.42,0.004008333333333333,5.166666666666667,36.233333333333334,-84.47499996666667,HiQ_LAI_WGS84_5km_8day_2008361.regrid.nc
2009-01-01,0.5047395991534847,283.5875,272.5875,11.424999999999999,77.51250000000002,0.3075,0.00435,4.475,36.233333333333334,-84.47499996666667,HiQ_LAI_WGS84_5km_8day_2009001.regrid.nc
2009-01-09,0.40947919830696944,275.6625,264.75,2.4250000000000003,93.0875,0.24750000000000003,0.0020875,4.0625,36.233333333333334,-84.47499996666667,HiQ_LAI_WGS84_5km_8day_2009009.regrid.nc
2009-01-17,0.5047395991534847,275.01250000000005,264.6375,0.1875,93.6875,0.20875,0.00214125,4.7125,36.233333333333334,-84.47499996666667,HiQ_LAI_WGS84_5km_8day_2009017.regrid.nc
2009-01-25,0.5,279.88750000000005,267.9625,6.3375,101.65,0.28625,0.00284,3.8375000000000004,36.233333333333334,-84.47499996666667,HiQ_LAI_WGS84_5km_8day_2009025.regrid.nc
2009-02-02,0.5047395991534847,281.0125,268.225,0.8125,103.875,0.38250000000000006,0.00302875,4.575,36.233333333333334,-84.47499996666667,HiQ_LAI_WGS84_5km_8day_2009033.regrid.nc
2009-02-10,0.5047395991534847,284.7625,273.2125,1.85,111.625,0.49375,0.00354375,4.862500000000001,36.233333333333334,-84.47499996666667,HiQ_LAI_WGS84_5km_8day_2009041.regrid.nc
2009-02-18,0.6000000000000001,280.275,266.5625,4.2125,136.26250000000002,0.3725,0.0022900000000000004,4.625,36.233333333333334,-84.47499996666667,HiQ_LAI_WGS84_5km_8day_2009049.regrid.nc
2009-02-26,0.5390609163475509,281.0875,269.2875,3.3375000000000004,140.6125,0.35125000000000006,0.0031850000000000003,5.3125,36.233333333333334,-84.47499996666667,HiQ_LAI_WGS84_5km_8day_2009057.regrid.nc
2009-03-06,0.6047395991534849,289.29999999999995,276.92499999999995,2.8500000000000005,155.63750000000002,0.5662499999999999,0.005411250000000001,5.0875,36.233333333333334,-84.47499996666667,HiQ_LAI_WGS84_5km_8day_2009065.regrid.nc
2009-03-14,0.6438005155010357,287.19999999999993,275.825,7.0625,161.6625,0.47624999999999995,0.0047150000000000004,2.8500000000000005,36.233333333333334,-84.47499996666667,HiQ_LAI_WGS84_5km_8day_2009073.regrid.nc
2009-03-22,0.8047395991534847,289.725,279.6875,9.5,141.175,0.56875,0.0057625,4.5875,36.233333333333334,-84.47499996666667,HiQ_LAI_WGS84_5km_8day_2009081.regrid.nc
2009-03-30,0.8242796219913695,289.92499999999995,275.8375,4.8125,190.1875,0.5875,0.005048750000000001,4.75,36.233333333333334,-84.47499996666667,HiQ_LAI_WGS84_5km_8day_2009089.regrid.nc
2009-04-07,0.9242796219913694,288.48749999999995,275.70000000000005,7.125,191.15,0.53125,0.00490875,5.0625,36.233333333333334,-84.47499996666667,HiQ_LAI_WGS84_5km_8day_2009097.regrid.nc
2009-04-15,1.231357365611868,289.65,278.1,4.5875,212.52500000000003,0.6212500000000001,0.00500875,3.9875000000000003,36.233333333333334,-84.47499996666667,HiQ_LAI_WGS84_5km_8day_2009105.regrid.nc
2009-04-23,1.4656786828059338,297.75,285.0375,0.15000000000000002,228.75,1.0975000000000001,0.00760375,3.9750000000000005,36.233333333333334,-84.47499996666667,HiQ_LAI_WGS84_5km_8day_2009113.regrid.nc
2009-05-01,2.292296449264317,294.1,284.3125,21.55,172.53750000000002,0.39875,0.009912500000000001,4.0625,36.233333333333334,-84.47499996666667,HiQ_LAI_WGS84_5km_8day_2009121.regrid.nc
2009-05-09,3.145576163072322,294.88750000000005,284.36249999999995,4.925000000000001,219.2125,0.54125,0.00949875,3.75,36.233333333333334,-84.47499996666667,HiQ_LAI_WGS84_5km_8day_2009129.regrid.nc
2009-05-17,4.326623688693186,295.33750000000003,281.66249999999997,1.5625000000000002,287.7375,0.69375,0.00829125,3.3750000000000004,36.233333333333334,-84.47499996666667,HiQ_LAI_WGS84_5km_8day_2009137.regrid.nc
2009-05-25,5.180479106490335,298.7125,287.70000000000005,3.7,240.9125,0.7262500000000001,0.011465,2.9250000000000003,36.233333333333334,-84.47499996666667,HiQ_LAI_WGS84_5km_8day_2009145.regrid.nc
2009-06-02,5.146176918624487,299.75,287.1875,7.4125000000000005,254.45000000000005,0.78,0.01177125,2.475,36.233333333333334,-84.47499996666667,HiQ_LAI_WGS84_5km_8day_2009153.regrid.nc
2009-06-10,4.4876392896585084,298.825,288.8625,12.05,183.33750000000003,0.44125,0.013770000000000001,2.55,36.233333333333334,-84.47499996666667,HiQ_LAI_WGS84_5km_8day_2009161.regrid.nc
2009-06-18,5.575739507336849,302.525,290.2125,4.525,280.4375,0.78375,0.01470125,2.7875000000000005,36.233333333333334,-84.47499996666667,HiQ_LAI_WGS84_5km_8day_2009169.regrid.nc
2009-06-26,5.095260400846516,299.7875,287.88750000000005,1.5500000000000003,279.51250000000005,0.73375,0.0123525,3.2625,36.233333333333334,-84.47499996666667,HiQ_LAI_WGS84_5km_8day_2009177.regrid.nc
2009-07-04,4.9052829667209945,299.3375,288.625,3.9125000000000005,262.25,0.64,0.012726250000000001,2.5875,36.233333333333334,-84.47499996666667,HiQ_LAI_WGS84_5km_8day_2009185.regrid.nc
2009-07-12,4.519520893509666,299.2875,287.70000000000005,8.9625,272.2375,0.575,0.013062500000000001,3.0500000000000003,36.233333333333334,-84.47499996666667,HiQ_LAI_WGS84_5km_8day_2009193.regrid.nc
2009-07-20,3.991070091495341,299.375,288.07500000000005,6.2125,245.78750000000002,0.65875,0.01247375,2.55,36.233333333333334,-84.47499996666667,HiQ_LAI_WGS84_5km_8day_2009201.regrid.nc
2009-07-28,4.020569369988246,300.4125,289.825,8.7375,243.65,0.59625,0.014215,2.8125,36.233333333333334,-84.47499996666667,HiQ_LAI_WGS84_5km_8day_2009209.regrid.nc
2009-08-05,4.378160091351539,300.7,289.5875,3.5625000000000004,251.62500000000003,0.58625,0.0144075,1.8750000000000002,36.233333333333334,-84.47499996666667,HiQ_LAI_WGS84_5km_8day_2009217.regrid.nc
2009-08-13,4.290520801693031,300.9625,290.15,5.300000000000001,214.66250000000002,0.6000000000000001,0.014696250000000001,2.9875,36.233333333333334,-84.47499996666667,HiQ_LAI_WGS84_5km_8day_2009225.regrid.nc
2009-08-21,4.968074215257603,298.29999999999995,288.0625,1.6125,206.9,0.38999999999999996,0.01355,2.825,36.233333333333334,-84.47499996666667,HiQ_LAI_WGS84_5km_8day_2009233.regrid.nc
2009-08-29,4.134340446522285,296.9625,286.9625,1.0375,219.9375,0.48250000000000004,0.01170125,2.7125000000000004,36.233333333333334,-84.47499996666667,HiQ_LAI_WGS84_5km_8day_2009241.regrid.nc
2009-09-06,4.138997606128093,297.4625,288.075,2.1375,197.76250000000002,0.4675,0.0124375,2.2,36.233333333333334,-84.47499996666667,HiQ_LAI_WGS84_5km_8day_2009249.regrid.nc
2009-09-14,3.9029830809104173,296.8125,289.0375,12.912500000000001,149.175,0.31375,0.013518750000000001,3.1,36.233333333333334,-84.47499996666667,HiQ_LAI_WGS84_5km_8day_2009257.regrid.nc
2009-09-22,4.541412267907981,295.0125,286.57500000000005,9.7875,160.66250000000002,0.30125,0.012098750000000002,3.1999999999999997,36.233333333333334,-84.47499996666667,HiQ_LAI_WGS84_5km_8day_2009265.regrid.nc
2009-09-30,3.5952736079399323,291.57500000000005,280.1375,2.975,183.2375,0.42375000000000007,0.007503750000000001,3.4375,36.233333333333334,-84.47499996666667,HiQ_LAI_WGS84_5km_8day_2009273.regrid.nc
2009-10-08,3.127237651338766,291.5625,282.76250000000005,10.4875,120.62500000000001,0.29875,0.0091225,3.5875000000000004,36.233333333333334,-84.47499996666667,HiQ_LAI_WGS84_5km_8day_2009281.regrid.nc
2009-10-16,1.9852187056438186,286.8,276.0375,1.3125,142.45000000000002,0.34375,0.00562375,3.2125000000000004,36.233333333333334,-84.47499996666667,HiQ_LAI_WGS84_5km_8day_2009289.regrid.nc
2009-10-24,1.3899583047973034,289.7875,277.4,5.7625,134.3375,0.33125000000000004,0.006928750000000001,3.6625,36.233333333333334,-84.47499996666667,HiQ_LAI_WGS84_5km_8day_2009297.regrid.nc
2009-11-01,1.0094791983069693,288.3,273.5125,0.0,148.16250000000002,0.53,0.00430375,3.075,36.233333333333334,-84.47499996666667,HiQ_LAI_WGS84_5km_8day_2009305.regrid.nc
2009-11-09,0.8,289.85,277.32500000000005,3.0125,119.7125,0.51875,0.00564125,3.1875,36.233333333333334,-84.47499996666667,HiQ_LAI_WGS84_5km_8day_2009313.regrid.nc
2009-11-17,0.6195208935096663,286.76250000000005,276.0125,1.2875,98.20000000000002,0.34375,0.0053825,2.5999999999999996,36.233333333333334,-84.47499996666667,HiQ_LAI_WGS84_5km_8day_2009321.regrid.nc
2009-11-25,0.6000000000000001,284.05,272.225,5.875,91.275,0.3275,0.0040575,4.2125,36.233333333333334,-84.47499996666667,HiQ_LAI_WGS84_5km_8day_2009329.regrid.nc
2009-12-03,0.5195208935096661,278.425,269.55,9.600000000000001,84.45000000000002,0.20875000000000002,0.00324375,4.4125,36.233333333333334,-84.47499996666667,HiQ_LAI_WGS84_5km_8day_2009337.regrid.nc
2009-12-11,0.5195208935096661,280.5625,269.82500000000005,8.5125,88.48750000000001,0.2825,0.0032787500000000004,3.3625,36.233333333333334,-84.47499996666667,HiQ_LAI_WGS84_5km_8day_2009345.regrid.nc
2009-12-19,0.5195208935096661,279.42499999999995,271.35,3.7750000000000004,77.1375,0.23125,0.003455,4.0125,36.233333333333334,-84.47499996666667,HiQ_LAI_WGS84_5km_8day_2009353.regrid.nc
2009-12-27,0.5390609163475509,276.36,268.94,3.34,83.20000000000002,0.176,0.002892,4.720000000000001,36.233333333333334,-84.47499996666667,HiQ_LAI_WGS84_5km_8day_2009361.regrid.nc
2010-01-01,0.5195208935096661,268.65,259.86249999999995,0.08750000000000001,83.4,0.11375,0.0014387500000000001,3.8500000000000005,36.233333333333334,-84.47499996666667,HiQ_LAI_WGS84_5km_8day_2010001.regrid.nc
2010-01-09,0.5047395991534847,275.975,263.5,3.2375000000000003,98.875,0.25375,0.00208125,2.975,36.233333333333334,-84.47499996666667,HiQ_LAI_WGS84_5km_8day_2010009.regrid.nc
2010-01-17,0.5,284.45000000000005,276.5375,13.825000000000003,75.2875,0.29375,0.00507125,4.000000000000001,36.233333333333334,-84.47499996666667,HiQ_LAI_WGS84_5km_8day_2010017.regrid.nc
2010-01-25,0.40473959915348473,275.36249999999995,265.17499999999995,6.1000000000000005,81.9375,0.19,0.0023125000000000003,4.0875,36.233333333333334,-84.47499996666667,HiQ_LAI_WGS84_5km_8day_2010025.regrid.nc
2010-02-02,0.40473959915348473,275.67499999999995,269.2875,6.5375000000000005,78.63749999999999,0.1625,0.002875,3.575,36.233333333333334,-84.47499996666667,HiQ_LAI_WGS84_5km_8day_2010033.regrid.nc
2010-02-10,0.40473959915348473,271.63750000000005,265.175,0.8375,97.725,0.12875,0.00205375,4.5125,36.233333333333334,-84.47499996666667,HiQ_LAI_WGS84_5km_8day_2010041.regrid.nc
2010-02-18,0.48519957631559996,280.25,268.3875,1.4375,126.675,0.31375,0.00288625,3.3375000000000004,36.233333333333334,-84.47499996666667,HiQ_LAI_WGS84_5km_8day_2010049.regrid.nc
2010-02-26,0.6000000000000001,276.38749999999993,268.45000000000005,0.23750000000000002,152.5,0.23375,0.0024775,3.975,36.233333333333334,-84.47499996666667,HiQ_LAI_WGS84_5km_8day_2010057.regrid.nc
2010-03-06,0.6047395991534849,286.925,273.775,3.125,165.65,0.45625,0.0044825,3.5375,36.233333333333334,-84.47499996666667,HiQ_LAI_WGS84_5km_8day_2010065.regrid.nc
2010-03-14,0.7047395991534848,285.3125,274.6375,2.4875,148.28750000000002,0.42000000000000004,0.004410000000000001,3.3375,36.233333333333334,-84.47499996666667,HiQ_LAI_WGS84_5km_8day_2010073.regrid.nc
2010-03-22,0.8047395991534847,285.5375,274.13750000000005,4.5125,162.2375,0.385,0.0046187500000000005,4.55,36.233333333333334,-84.47499996666667,HiQ_LAI_WGS84_5km_8day_2010081.regrid.nc
2010-03-30,0.9633405383389203,297.6875,279.2,0.05,236.72500000000002,1.11625,0.006260000000000001,3.7375000000000003,36.233333333333334,-84.47499996666667,HiQ_LAI_WGS84_5km_8day_2010089.regrid.nc
2010-04-07,1.3585626805289985,295.61249999999995,277.5875,1.9625000000000001,230.42499999999998,1.0375,0.005293750000000001,2.925,36.233333333333334,-84.47499996666667,HiQ_LAI_WGS84_5km_8day_2010097.regrid.nc
2010-04-15,1.924260492663151,293.3375,278.02500000000003,1.7875,225.20000000000002,0.8325,0.005496250000000001,3.2125000000000004,36.233333333333334,-84.47499996666667,HiQ_LAI_WGS84_5km_8day_2010105.regrid.nc
2010-04-23,2.597642726204768,292.7,281.425,9.375,215.1125,0.715,0.0068325,5.0625,36.233333333333334,-84.47499996666667,HiQ_LAI_WGS84_5km_8day_2010113.regrid.nc
2010-05-01,4.537241087885025,297.9625,283.20000000000005,13.1375,280.725,0.6225,0.01050875,4.7125,36.233333333333334,-84.47499996666667,HiQ_LAI_WGS84_5km_8day_2010121.regrid.nc
2010-05-09,4.497560286657093,295.7625,283.73749999999995,4.3125,241.01250000000002,0.49874999999999997,0.010381250000000002,3.7375000000000003,36.233333333333334,-84.47499996666667,HiQ_LAI_WGS84_5km_8day_2010129.regrid.nc
2010-05-17,4.6332154527308305,296.6625,284.51250000000005,3.2875,260.0375,0.54625,0.010545,2.9125000000000005,36.233333333333334,-84.47499996666667,HiQ_LAI_WGS84_5km_8day_2010137.regrid.nc
2010-05-25,4.735553597197844,300.0625,287.6125,3.2625,249.97500000000002,0.8037500000000001,0.011750000000000002,2.3375,36.233333333333334,-84.47499996666667,HiQ_LAI_WGS84_5km_8day_2010145.regrid.nc
2010-06-02,4.721878167304899,299.88750000000005,288.125,4.812500000000001,239.9875,0.49250000000000005,0.013933750000000002,3.5250000000000004,36.233333333333334,-84.47499996666667,HiQ_LAI_WGS84_5km_8day_2010153.regrid.nc
2010-06-10,4.955656116931456,302.4375,291.0625,2.6750000000000003,225.375,0.605,0.016123750000000003,3.0500000000000007,36.233333333333334,-84.47499996666667,HiQ_LAI_WGS84_5km_8day_2010161.regrid.nc
2010-06-18,5.226617766458384,303.5375,290.225,2.7375000000000003,269.8625,0.75875,0.015625,2.1875,36.233333333333334,-84.47499996666667,HiQ_LAI_WGS84_5km_8day_2010169.regrid.nc
2010-06-26,4.90947919830697,301.9625,288.875,2.8125,293.5375,0.665,0.014575000000000001,3.3625000000000003,36.233333333333334,-84.47499996666667,HiQ_LAI_WGS84_5km_8day_2010177.regrid.nc
2010-07-04,5.053842210703733,303.975,289.82500000000005,6.4,304.86250000000007,0.875,0.0151,2.0,36.233333333333334,-84.47499996666667,HiQ_LAI_WGS84_5km_8day_2010185.regrid.nc
2010-07-12,4.7018712942123795,302.1375,291.4,18.7,230.8625,0.5475000000000001,0.0164175,3.0625,36.233333333333334,-84.47499996666667,HiQ_LAI_WGS84_5km_8day_2010193.regrid.nc
2010-07-20,4.607640240516226,303.775,292.625,1.7125000000000001,259.95000000000005,0.6875,0.017295,2.8625000000000003,36.233333333333334,-84.47499996666667,HiQ_LAI_WGS84_5km_8day_2010201.regrid.nc
2010-07-28,4.712398968997929,303.45000000000005,292.70000000000005,6.4875,249.76250000000002,0.62875,0.017480000000000002,2.4875,36.233333333333334,-84.47499996666667,HiQ_LAI_WGS84_5km_8day_2010209.regrid.nc
2010-08-05,4.704739599153484,304.0375,291.475,4.2,238.65,0.7362500000000001,0.016741250000000003,1.9125,36.233333333333334,-84.47499996666667,HiQ_LAI_WGS84_5km_8day_2010217.regrid.nc
2010-08-13,4.926636895786602,302.55,292.275,13.2625,213.75,0.5925,0.016917500000000002,2.325,36.233333333333334,-84.47499996666667,HiQ_LAI_WGS84_5km_8day_2010225.regrid.nc
2010-08-21,4.840855693247056,301.04999999999995,288.05000000000007,6.25,273.8625,0.5375000000000001,0.01437125,2.8625000000000003,36.233333333333334,-84.47499996666667,HiQ_LAI_WGS84_5km_8day_2010233.regrid.nc
2010-08-29,5.141418190142783,300.9,284.85,0.8625,261.2375,0.85375,0.011376250000000001,2.125,36.233333333333334,-84.47499996666667,HiQ_LAI_WGS84_5km_8day_2010241.regrid.nc
2010-09-06,5.05145988534548,299.2125,285.09999999999997,10.0625,198.575,0.70875,0.011143750000000001,2.4625,36.233333333333334,-84.47499996666667,HiQ_LAI_WGS84_5km_8day_2010249.regrid.nc
2010-09-14,4.96626030902988,301.4625,285.6875,1.2750000000000001,231.88750000000002,0.8975,0.011541250000000001,2.5875000000000004,36.233333333333334,-84.47499996666667,HiQ_LAI_WGS84_5km_8day_2010257.regrid.nc
2010-09-22,4.65145988534548,296.59999999999997,284.95,1.6500000000000001,198.90000000000003,0.5712499999999999,0.010812500000000001,3.025,36.233333333333334,-84.47499996666667,HiQ_LAI_WGS84_5km_8day_2010265.regrid.nc
2010-09-30,4.247282783087723,291.9375,276.675,0.0,193.75,0.60375,0.005992500000000001,3.7625,36.233333333333334,-84.47499996666667,HiQ_LAI_WGS84_5km_8day_2010273.regrid.nc
2010-10-08,3.588138476334778,296.1,278.20000000000005,0.7875000000000001,201.96250000000003,0.9137500000000001,0.006300000000000001,2.25,36.233333333333334,-84.47499996666667,HiQ_LAI_WGS84_5km_8day_2010281.regrid.nc
2010-10-16,2.500581626223946,294.9,275.25,0.21250000000000002,191.8125,0.91625,0.00492125,2.6500000000000004,36.233333333333334,-84.47499996666667,HiQ_LAI_WGS84_5km_8day_2010289.regrid.nc
2010-10-24,1.8467202861919951,293.9125,278.1,7.2125,165.37500000000003,0.7,0.006597500000000001,4.6375,36.233333333333334,-84.47499996666667,HiQ_LAI_WGS84_5km_8day_2010297.regrid.nc
2010-11-01,0.9952604008465153,285.9875,272.90000000000003,3.05,114.25000000000001,0.46749999999999997,0.0040550000000000004,2.9875000000000003,36.233333333333334,-84.47499996666667,HiQ_LAI_WGS84_5km_8day_2010305.regrid.nc
2010-11-09,0.7047395991534848,290.25,274.5,6.387500000000001,113.0875,0.5974999999999999,0.00494875,2.6,36.233333333333334,-84.47499996666667,HiQ_LAI_WGS84_5km_8day_2010313.regrid.nc
2010-11-17,0.6047395991534849,288.8,275.875,2.6625,95.0875,0.41000000000000003,0.005678750000000001,3.8875,36.233333333333334,-84.47499996666667,HiQ_LAI_WGS84_5km_8day_2010321.regrid.nc
2010-11-25,0.6000000000000001,281.875,269.2875,22.312500000000004,92.91250000000001,0.22875,0.00405,4.800000000000001,36.233333333333334,-84.47499996666667,HiQ_LAI_WGS84_5km_8day_2010329.regrid.nc
2010-12-03,0.5047395991534847,275.4,265.4875,1.0250000000000001,97.225,0.24125000000000002,0.00206375,3.8125000000000004,36.233333333333334,-84.47499996666667,HiQ_LAI_WGS84_5km_8day_2010337.regrid.nc
2010-12-11,0.4804599771621153,273.125,264.9125,3.5,60.112500000000004,0.16,0.0022312500000000006,4.45,36.233333333333334,-84.47499996666667,HiQ_LAI_WGS84_5km_8day_2010345.regrid.nc
2010-12-19,0.5,274.70000000000005,267.725,1.0125000000000002,70.575,0.16125,0.0026,3.4250000000000003,36.233333333333334,-84.47499996666667,HiQ_LAI_WGS84_5km_8day_2010353.regrid.nc
2010-12-27,0.5,278.66,266.88,12.56,89.67999999999999,0.254,0.0030860000000000006,3.96,36.233333333333334,-84.47499996666667,HiQ_LAI_WGS84_5km_8day_2010361.regrid.nc
2011-01-01,0.40473959915348473,277.8,267.5625,8.912500000000001,83.8375,0.2425,0.00273625,4.0875,36.233333333333334,-84.47499996666667,HiQ_LAI_WGS84_5km_8day_2011001.regrid.nc
2011-01-09,0.40473959915348473,272.9,264.15,0.7125000000000001,79.8625,0.1725,0.00188875,3.7375000000000003,36.233333333333334,-84.47499996666667,HiQ_LAI_WGS84_5km_8day_2011009.regrid.nc
2011-01-17,0.41952089350966615,276.7625,267.05,1.1375000000000002,95.0375,0.23,0.0024425000000000002,2.9000000000000004,36.233333333333334,-84.47499996666667,HiQ_LAI_WGS84_5km_8day_2011017.regrid.nc
2011-01-25,0.5047395991534847,282.65,270.7625,3.0250000000000004,99.4375,0.35500000000000004,0.0035199999999999997,3.5875000000000004,36.233333333333334,-84.47499996666667,HiQ_LAI_WGS84_5km_8day_2011025.regrid.nc
2011-02-02,0.5195208935096661,278.6,267.075,0.725,102.7875,0.255,0.0026175,4.1875,36.233333333333334,-84.47499996666667,HiQ_LAI_WGS84_5km_8day_2011033.regrid.nc
2011-02-10,0.6000000000000001,283.1375,268.63750000000005,0.0,150.75,0.44375,0.0028400000000000005,4.512500000000001,36.233333333333334,-84.47499996666667,HiQ_LAI_WGS84_5km_8day_2011041.regrid.nc
2011-02-18,0.6195208935096663,287.9,274.575,8.55,110.16250000000001,0.45375,0.0048775,5.325000000000001,36.233333333333334,-84.47499996666667,HiQ_LAI_WGS84_5km_8day_2011049.regrid.nc
2011-02-26,0.7047395991534848,288.7625,273.8375,13.137500000000001,146.525,0.49125,0.004765,5.050000000000001,36.233333333333334,-84.47499996666667,HiQ_LAI_WGS84_5km_8day_2011057.regrid.nc
2011-03-06,0.8,285.91249999999997,272.15,8.350000000000001,157.075,0.41625,0.004105000000000001,4.8125,36.233333333333334,-84.47499996666667,HiQ_LAI_WGS84_5km_8day_2011065.regrid.nc
2011-03-14,0.7438005155010357,291.9375,277.5625,1.3375000000000001,183.0875,0.655,0.005785,4.45,36.233333333333334,-84.47499996666667,HiQ_LAI_WGS84_5km_8day_2011073.regrid.nc
2011-03-22,0.8438005155010355,287.375,275.2875,3.9625000000000004,165.88750000000002,0.47375,0.00489625,4.025,36.233333333333334,-84.47499996666667,HiQ_LAI_WGS84_5km_8day_2011081.regrid.nc
2011-03-30,1.0047395991534847,288.5125,273.625,10.2125,189.55,0.55,0.004557500000000001,5.4,36.233333333333334,-84.47499996666667,HiQ_LAI_WGS84_5km_8day_2011089.regrid.nc
2011-04-07,1.2438005155010359,296.17499999999995,280.9625,3.8625000000000003,220.53750000000002,0.8812500000000001,0.007407500000000001,4.675000000000001,36.233333333333334,-84.47499996666667,HiQ_LAI_WGS84_5km_8day_2011097.regrid.nc
2011-04-15,1.558581809857217,294.7,279.11249999999995,11.225,213.4875,0.77,0.006717500000000001,5.525,36.233333333333334,-84.47499996666667,HiQ_LAI_WGS84_5km_8day_2011105.regrid.nc
2011-04-23,3.697642726204768,297.1,284.025,10.174999999999999,226.55,0.8775000000000001,0.008516250000000001,5.862500000000001,36.233333333333334,-84.47499996666667,HiQ_LAI_WGS84_5km_8day_2011113.regrid.nc
2011-05-01,3.5669551437009503,293.6625,278.5,7.1,245.6375,0.54375,0.007585,3.8000000000000003,36.233333333333334,-84.47499996666667,HiQ_LAI_WGS84_5km_8day_2011121.regrid.nc
2011-05-09,4.080523287381573,296.35,283.725,3.5375000000000005,227.03750000000002,0.5725,0.0103825,3.35,36.233333333333334,-84.47499996666667,HiQ_LAI_WGS84_5km_8day_2011129.regrid.nc
2011-05-17,4.536703642552319,295.375,282.8875,3.7250000000000005,207.53750000000002,0.58125,0.009575,3.2,36.233333333333334,-84.47499996666667,HiQ_LAI_WGS84_5km_8day_2011137.regrid.nc
2011-05-25,5.190021615016761,301.9,288.175,4.9,305.71250000000003,0.9675,0.012413750000000001,2.9625000000000004,36.233333333333334,-84.47499996666667,HiQ_LAI_WGS84_5km_8day_2011145.regrid.nc
2011-06-02,5.368080137492406,303.20000000000005,289.58750000000003,1.1125,290.82500000000005,0.85125,0.014505,2.3500000000000005,36.233333333333334,-84.47499996666667,HiQ_LAI_WGS84_5km_8day_2011153.regrid.nc
2011-06-10,5.280498235818553,300.4875,287.05,4.675000000000001,260.51250000000005,0.635,0.013042500000000002,2.45,36.233333333333334,-84.47499996666667,HiQ_LAI_WGS84_5km_8day_2011161.regrid.nc
2011-06-18,5.189977434125522,300.6,288.5875,15.95,235.025,0.48625,0.014610000000000001,4.275,36.233333333333334,-84.47499996666667,HiQ_LAI_WGS84_5km_8day_2011169.regrid.nc
2011-06-26,5.295260400846516,302.125,288.29999999999995,2.7875000000000005,296.3625,0.7262500000000001,0.014042500000000001,2.4625,36.233333333333334,-84.47499996666667,HiQ_LAI_WGS84_5km_8day_2011177.regrid.nc
2011-07-04,4.607077743620499,303.0125,291.63750000000005,2.5,268.6,0.73,0.01598625,1.8875,36.233333333333334,-84.47499996666667,HiQ_LAI_WGS84_5km_8day_2011185.regrid.nc
2011-07-12,4.521903218867919,302.2375,290.97499999999997,8.8125,239.78750000000002,0.55875,0.01628875,2.3125,36.233333333333334,-84.47499996666667,HiQ_LAI_WGS84_5km_8day_2011193.regrid.nc
2011-07-20,4.61722100769909,303.825,292.88750000000005,3.55,243.76250000000005,0.64375,0.017758750000000004,1.925,36.233333333333334,-84.47499996666667,HiQ_LAI_WGS84_5km_8day_2011201.regrid.nc
2011-07-28,4.978121832695102,304.2125,291.7375,3.4625000000000004,275.3,0.8062500000000001,0.0165475,2.325,36.233333333333334,-84.47499996666667,HiQ_LAI_WGS84_5km_8day_2011209.regrid.nc
2011-08-05,4.499456632432492,303.3625,289.9625,1.1375000000000002,287.25,0.74,0.015540000000000002,2.8,36.233333333333334,-84.47499996666667,HiQ_LAI_WGS84_5km_8day_2011217.regrid.nc
2011-08-13,4.675157881112904,301.975,287.70000000000005,2.05,288.425,0.80625,0.013187500000000001,2.3000000000000003,36.233333333333334,-84.47499996666667,HiQ_LAI_WGS84_5km_8day_2011225.regrid.nc
2011-08-21,4.843819644829255,302.225,287.375,0.1125,289.325,0.80375,0.013268750000000001,3.0625,36.233333333333334,-84.47499996666667,HiQ_LAI_WGS84_5km_8day_2011233.regrid.nc
2011-08-29,5.115382049908346,302.4125,288.4375,20.425,234.2375,0.8474999999999999,0.0138425,2.4875000000000007,36.233333333333334,-84.47499996666667,HiQ_LAI_WGS84_5km_8day_2011241.regrid.nc
2011-09-06,5.124861248215316,295.375,283.5625,3.375,172.4375,0.43375,0.01021625,2.6750000000000003,36.233333333333334,-84.47499996666667,HiQ_LAI_WGS84_5km_8day_2011249.regrid.nc
2011-09-14,4.920121649061831,295.7875,283.51250000000005,4.1625000000000005,165.38750000000002,0.45125000000000004,0.010377500000000001,2.6625,36.233333333333334,-84.47499996666667,HiQ_LAI_WGS84_5km_8day_2011257.regrid.nc
2011-09-22,4.32012164906183,296.3625,283.225,4.3375,194.6375,0.485,0.010251250000000002,2.7875,36.233333333333334,-84.47499996666667,HiQ_LAI_WGS84_5km_8day_2011265.regrid.nc
2011-09-30,3.7633787969953576,292.3625,277.4125,0.0,220.3625,0.605,0.00638,3.0125,36.233333333333334,-84.47499996666667,HiQ_LAI_WGS84_5km_8day_2011273.regrid.nc
2011-10-08,2.939661671899716,293.1625,280.35,3.7875,166.97500000000002,0.55875,0.0074375000000000005,3.4750000000000005,36.233333333333334,-84.47499996666667,HiQ_LAI_WGS84_5km_8day_2011281.regrid.nc
2011-10-16,2.2005624968957274,290.525,275.65,4.987500000000001,158.26250000000002,0.5725,0.0056725000000000005,3.8375000000000004,36.233333333333334,-84.47499996666667,HiQ_LAI_WGS84_5km_8day_2011289.regrid.nc
2011-10-24,1.3952604008465155,288.9125,275.1,2.9125,143.775,0.495,0.00517625,3.6375,36.233333333333334,-84.47499996666667,HiQ_LAI_WGS84_5km_8day_2011297.regrid.nc
2011-11-01,1.0390609163475508,289.1875,275.025,2.575,128.775,0.56,0.00464375,3.1000000000000005,36.233333333333334,-84.47499996666667,HiQ_LAI_WGS84_5km_8day_2011305.regrid.nc
2011-11-09,0.7000000000000001,288.625,275.75,8.187500000000002,99.7625,0.45125000000000004,0.00553625,5.4125000000000005,36.233333333333334,-84.47499996666667,HiQ_LAI_WGS84_5km_8day_2011313.regrid.nc
2011-11-17,0.7047395991534848,287.6125,275.4625,5.875000000000001,106.725,0.40125000000000005,0.00550625,4.487500000000001,36.233333333333334,-84.47499996666667,HiQ_LAI_WGS84_5km_8day_2011321.regrid.nc
2011-11-25,0.6047395991534849,285.0125,273.4625,18.0125,85.26250000000002,0.345,0.0046387500000000005,3.6000000000000005,36.233333333333334,-84.47499996666667,HiQ_LAI_WGS84_5km_8day_2011329.regrid.nc
2011-12-03,0.6000000000000001,284.425,272.5625,4.5,89.65,0.33375,0.004412500000000001,3.7500000000000004,36.233333333333334,-84.47499996666667,HiQ_LAI_WGS84_5km_8day_2011337.regrid.nc
2011-12-11,0.6047395991534849,284.1375,273.15,3.0625,82.1,0.30874999999999997,0.0045312500000000006,3.0625,36.233333333333334,-84.47499996666667,HiQ_LAI_WGS84_5km_8day_2011345.regrid.nc
2011-12-19,0.5047395991534847,285.35,273.9125,6.25,87.05000000000001,0.3075,0.0049050000000000005,3.5625,36.233333333333334,-84.47499996666667,HiQ_LAI_WGS84_5km_8day_2011353.regrid.nc
2011-12-27,0.5047395991534847,282.28000000000003,271.64,4.44,89.28,0.266,0.003902,5.220000000000001,36.233333333333334,-84.47499996666667,HiQ_LAI_WGS84_5km_8day_2011361.regrid.nc
2012-01-01,0.5047395991534847,280.4875,268.8875,0.8125,92.67500000000001,0.33249999999999996,0.00293625,4.625,36.233333333333334,-84.47499996666667,HiQ_LAI_WGS84_5km_8day_2012001.regrid.nc
2012-01-09,0.5047395991534847,281.1,270.2375,6.5375000000000005,79.5125,0.28375,0.0035675000000000004,4.6875,36.233333333333334,-84.47499996666667,HiQ_LAI_WGS84_5km_8day_2012009.regrid.nc
2012-01-17,0.5047395991534847,284.17499999999995,271.86249999999995,8.9875,96.975,0.31375,0.0042650000000000006,4.7875000000000005,36.233333333333334,-84.47499996666667,HiQ_LAI_WGS84_5km_8day_2012017.regrid.nc
2012-01-25,0.5390609163475509,284.98749999999995,273.01250000000005,8.95,106.0,0.43625,0.0037912500000000003,4.325,36.233333333333334,-84.47499996666667,HiQ_LAI_WGS84_5km_8day_2012025.regrid.nc
2012-02-02,0.5390609163475509,284.33750000000003,273.1,2.35,120.0875,0.31000000000000005,0.00441125,2.9875,36.233333333333334,-84.47499996666667,HiQ_LAI_WGS84_5km_8day_2012033.regrid.nc
2012-02-10,0.6000000000000001,280.8875,268.86249999999995,1.5750000000000002,112.2,0.30874999999999997,0.0030925,3.7625,36.233333333333334,-84.47499996666667,HiQ_LAI_WGS84_5km_8day_2012041.regrid.nc
2012-02-18,0.6047395991534849,285.7625,272.5625,5.262499999999999,123.05000000000001,0.38749999999999996,0.004427500000000001,5.4625,36.233333333333334,-84.47499996666667,HiQ_LAI_WGS84_5km_8day_2012049.regrid.nc
2012-02-26,0.7047395991534848,287.7875,272.625,2.8125,175.35000000000002,0.535,0.004143750000000001,4.4375,36.233333333333334,-84.47499996666667,HiQ_LAI_WGS84_5km_8day_2012057.regrid.nc
2012-03-05,0.739060916347551,287.1,272.7875,4.7250000000000005,174.57500000000002,0.5125,0.00404,5.3125,36.233333333333334,-84.47499996666667,HiQ_LAI_WGS84_5km_8day_2012065.regrid.nc
2012-03-13,0.9047395991534847,297.4,284.7375,9.275,176.75,0.9662499999999998,0.008074999999999999,3.1750000000000003,36.233333333333334,-84.47499996666667,HiQ_LAI_WGS84_5km_8day_2012073.regrid.nc
2012-03-21,1.2929031270512832,294.9875,280.7875,5.4125000000000005,212.08750000000003,0.8087500000000001,0.0068925,3.875,36.233333333333334,-84.47499996666667,HiQ_LAI_WGS84_5km_8day_2012081.regrid.nc
2012-03-29,1.6781027033668834,297.7375,284.4,4.2125,187.76250000000002,0.8875,0.0087925,3.0500000000000003,36.233333333333334,-84.47499996666667,HiQ_LAI_WGS84_5km_8day_2012089.regrid.nc
2012-04-06,3.036703642552319,289.55,274.2125,0.0,237.1875,0.6525,0.0041125,3.5125,36.233333333333334,-84.47499996666667,HiQ_LAI_WGS84_5km_8day_2012097.regrid.nc
2012-04-14,3.1881252692413615,293.875,281.1625,1.7375000000000003,183.3125,0.68,0.0072925,4.15,36.233333333333334,-84.47499996666667,HiQ_LAI_WGS84_5km_8day_2012105.regrid.nc
2012-04-22,3.8082086596467546,293.7625,279.525,2.6875,232.675,0.76,0.006718750000000001,4.9125000000000005,36.233333333333334,-84.47499996666667,HiQ_LAI_WGS84_5km_8day_2012113.regrid.nc
2012-04-30,4.217726116610161,301.0125,287.5625,1.8625000000000003,271.5875,0.90125,0.011778750000000001,3.1500000000000004,36.233333333333334,-84.47499996666667,HiQ_LAI_WGS84_5km_8day_2012121.regrid.nc
2012-05-08,4.634883814089794,294.375,281.6875,7.887500000000001,224.08750000000003,0.51375,0.008675,2.9250000000000003,36.233333333333334,-84.47499996666667,HiQ_LAI_WGS84_5km_8day_2012129.regrid.nc
2012-05-16,4.953861340031951,298.3375,285.44999999999993,4.562500000000001,272.9125,0.7887500000000001,0.010042500000000001,1.9375,36.233333333333334,-84.47499996666667,HiQ_LAI_WGS84_5km_8day_2012137.regrid.nc
2012-05-24,5.1349029434180125,302.1,287.61249999999995,2.0125,311.0625,1.0187499999999998,0.01192375,2.45,36.233333333333334,-84.47499996666667,HiQ_LAI_WGS84_5km_8day_2012145.regrid.nc
2012-06-01,5.181041603386062,296.725,281.7875,2.6624999999999996,298.475,0.5650000000000001,0.00957375,3.2,36.233333333333334,-84.47499996666667,HiQ_LAI_WGS84_5km_8day_2012153.regrid.nc
2012-06-09,5.170980778855146,299.8375,286.4,1.4875,256.1625,0.67875,0.012091250000000001,2.85,36.233333333333334,-84.47499996666667,HiQ_LAI_WGS84_5km_8day_2012161.regrid.nc
2012-06-17,5.23665946166108,302.475,288.51250000000005,0.9750000000000001,305.5375,1.0025,0.01254125,2.3,36.233333333333334,-84.47499996666667,HiQ_LAI_WGS84_5km_8day_2012169.regrid.nc
2012-06-25,5.46621612813864,304.58750000000003,288.1625,2.8125000000000004,324.8125,1.2962500000000001,0.01266125,2.9250000000000003,36.233333333333334,-84.47499996666667,HiQ_LAI_WGS84_5km_8day_2012177.regrid.nc
2012-07-03,4.973338052650378,304.9875,292.175,5.6375,277.15,1.02375,0.016041250000000003,2.2,36.233333333333334,-84.47499996666667,HiQ_LAI_WGS84_5km_8day_2012185.regrid.nc
2012-07-11,4.524817067324077,301.42499999999995,290.075,10.0125,219.53750000000002,0.62375,0.014881250000000002,2.5250000000000004,36.233333333333334,-84.47499996666667,HiQ_LAI_WGS84_5km_8day_2012193.regrid.nc
2012-07-19,4.297573493750509,304.71250000000003,291.20000000000005,7.6875,288.225,0.8512500000000001,0.01642375,3.2250000000000005,36.233333333333334,-84.47499996666667,HiQ_LAI_WGS84_5km_8day_2012201.regrid.nc
2012-07-27,5.060958212980668,304.11249999999995,290.275,3.875,286.13750000000005,0.86625,0.0154175,2.6125000000000003,36.233333333333334,-84.47499996666667,HiQ_LAI_WGS84_5km_8day_2012209.regrid.nc
2012-08-04,5.056218613827183,302.15000000000003,289.275,7.262499999999999,240.14999999999998,0.6925000000000001,0.014685,2.9875000000000003,36.233333333333334,-84.47499996666667,HiQ_LAI_WGS84_5km_8day_2012217.regrid.nc
2012-08-12,5.009498327635188,300.4125,286.3375,0.9125000000000001,274.2875,0.7650000000000001,0.01187375,2.6375,36.233333333333334,-84.47499996666667,HiQ_LAI_WGS84_5km_8day_2012225.regrid.nc
2012-08-20,4.858038442289709,301.35,286.15,0.0,303.26250000000005,1.03375,0.010717500000000001,1.725,36.233333333333334,-84.47499996666667,HiQ_LAI_WGS84_5km_8day_2012233.regrid.nc
2012-08-28,4.799418373776055,303.20000000000005,290.6,3.2875000000000005,224.95000000000005,0.9437500000000001,0.014355000000000001,3.075,36.233333333333334,-84.47499996666667,HiQ_LAI_WGS84_5km_8day_2012241.regrid.nc
2012-09-05,4.894717033279007,300.29999999999995,286.1875,1.9375000000000002,218.91250000000002,0.8674999999999999,0.011401250000000002,2.3125,36.233333333333334,-84.47499996666667,HiQ_LAI_WGS84_5km_8day_2012249.regrid.nc
2012-09-13,4.8390609163475515,297.83750000000003,283.9125,18.9125,200.7625,0.7,0.009925,3.0250000000000004,36.233333333333334,-84.47499996666667,HiQ_LAI_WGS84_5km_8day_2012257.regrid.nc
2012-09-21,4.458600939185436,297.42499999999995,280.625,0.625,223.07500000000002,0.8475000000000001,0.00803875,3.3500000000000005,36.233333333333334,-84.47499996666667,HiQ_LAI_WGS84_5km_8day_2012265.regrid.nc
2012-09-29,3.578684329590829,296.1125,282.0125,3.4125,182.63750000000002,0.6,0.009093750000000001,2.95,36.233333333333334,-84.47499996666667,HiQ_LAI_WGS84_5km_8day_2012273.regrid.nc
2012-10-07,2.649121740878466,291.1,276.95,4.625,151.0625,0.5287499999999999,0.0061625000000000004,3.2,36.233333333333334,-84.47499996666667,HiQ_LAI_WGS84_5km_8day_2012281.regrid.nc
2012-10-15,1.9591443067529444,293.1375,277.7125,1.1625,179.125,0.67625,0.006090000000000001,3.7125,36.233333333333334,-84.47499996666667,HiQ_LAI_WGS84_5km_8day_2012289.regrid.nc
2012-10-23,1.3591251774247257,289.4125,277.6375,0.7375,126.21250000000002,0.555,0.005935000000000001,4.3875,36.233333333333334,-84.47499996666667,HiQ_LAI_WGS84_5km_8day_2012297.regrid.nc
2012-10-31,1.0147812943561814,285.6875,271.8375,0.7875000000000001,124.70000000000002,0.475,0.003595,3.3500000000000005,36.233333333333334,-84.47499996666667,HiQ_LAI_WGS84_5km_8day_2012305.regrid.nc
2012-11-08,0.8195208935096662,287.4375,271.8625,2.875,128.05,0.56125,0.00368875,3.4125000000000005,36.233333333333334,-84.47499996666667,HiQ_LAI_WGS84_5km_8day_2012313.regrid.nc
2012-11-16,0.7195208935096662,287.7,273.425,0.0,116.57500000000002,0.5975,0.0036637500000000003,2.5375,36.233333333333334,-84.47499996666667,HiQ_LAI_WGS84_5km_8day_2012321.regrid.nc
2012-11-24,0.6390609163475509,284.375,270.52500000000003,1.6375000000000002,107.86250000000001,0.45000000000000007,0.0032575000000000004,2.8875,36.233333333333334,-84.47499996666667,HiQ_LAI_WGS84_5km_8day_2012329.regrid.nc
2012-12-02,0.6047395991534849,291.625,280.85,0.21250000000000002,78.6,0.59375,0.006627500000000001,4.487500000000001,36.233333333333334,-84.47499996666667,HiQ_LAI_WGS84_5km_8day_2012337.regrid.nc
2012-12-10,0.6000000000000001,285.4625,273.45,9.025,85.975,0.35375,0.00458625,4.112500000000001,36.233333333333334,-84.47499996666667,HiQ_LAI_WGS84_5km_8day_2012345.regrid.nc
2012-12-18,0.5804599771621154,282.1375,270.54999999999995,7.775,83.4375,0.28875,0.0037187500000000003,4.95,36.233333333333334,-84.47499996666667,HiQ_LAI_WGS84_5km_8day_2012353.regrid.nc
2012-12-26,0.5,278.8333333333333,268.1,1.9500000000000002,70.7,0.21166666666666667,0.002996666666666667,4.316666666666667,36.233333333333334,-84.47499996666667,HiQ_LAI_WGS84_5km_8day_2012361.regrid.nc
2013-01-01,0.5047395991534847,279.9625,268.7375,2.2375000000000003,102.7,0.30125,0.0027912500000000003,2.9,36.233333333333334,-84.47499996666667,HiQ_LAI_WGS84_5km_8day_2013001.regrid.nc
2013-01-09,0.5290000918166355,287.475,278.975,12.725000000000001,53.10000000000001,0.39,0.006215,4.325000000000001,36.233333333333334,-84.47499996666667,HiQ_LAI_WGS84_5km_8day_2013009.regrid.nc
2013-01-17,0.6094791983069695,277.925,266.4625,0.6375000000000001,112.475,0.275,0.0023787500000000002,4.025,36.233333333333334,-84.47499996666667,HiQ_LAI_WGS84_5km_8day_2013017.regrid.nc
2013-01-25,0.5485401146545203,280.775,269.1625,8.887500000000001,93.575,0.28500000000000003,0.0034825000000000004,5.1625000000000005,36.233333333333334,-84.47499996666667,HiQ_LAI_WGS84_5km_8day_2013025.regrid.nc
2013-02-02,0.5438005155010356,281.3125,268.4875,1.025,104.48750000000001,0.29500000000000004,0.0031525000000000004,3.525,36.233333333333334,-84.47499996666667,HiQ_LAI_WGS84_5km_8day_2013033.regrid.nc
2013-02-10,0.6047395991534849,282.01249999999993,269.8625,2.2,119.60000000000001,0.33375,0.0032725000000000002,4.574999999999999,36.233333333333334,-84.47499996666667,HiQ_LAI_WGS84_5km_8day_2013041.regrid.nc
2013-02-18,0.7047395991534848,283.98749999999995,269.525,3.5875,156.35000000000002,0.41374999999999995,0.0031937500000000004,4.45,36.233333333333334,-84.47499996666667,HiQ_LAI_WGS84_5km_8day_2013049.regrid.nc
2013-02-26,0.7047395991534848,279.20000000000005,269.5875,6.9125,89.375,0.25125,0.0031550000000000003,4.7,36.233333333333334,-84.47499996666667,HiQ_LAI_WGS84_5km_8day_2013057.regrid.nc
2013-03-06,0.7047395991534848,282.475,269.61249999999995,3.3750000000000004,151.45000000000002,0.36375,0.0032025000000000005,4.95,36.233333333333334,-84.47499996666667,HiQ_LAI_WGS84_5km_8day_2013065.regrid.nc
2013-03-14,0.7438005155010357,285.85,273.15,4.4125000000000005,198.05,0.50125,0.004038750000000001,4.612500000000001,36.233333333333334,-84.47499996666667,HiQ_LAI_WGS84_5km_8day_2013073.regrid.nc
2013-03-22,0.8242796219913695,281.4875,270.425,4.8375,138.3125,0.36875,0.0030025,3.975,36.233333333333334,-84.47499996666667,HiQ_LAI_WGS84_5km_8day_2013081.regrid.nc
2013-03-30,0.9242796219913694,287.625,273.45000000000005,3.8375000000000004,202.2,0.535,0.0041025,3.375,36.233333333333334,-84.47499996666667,HiQ_LAI_WGS84_5km_8day_2013089.regrid.nc
2013-04-07,1.0438005155010357,295.3375,280.32500000000005,4.4,221.4375,0.87875,0.00665875,4.3125,36.233333333333334,-84.47499996666667,HiQ_LAI_WGS84_5km_8day_2013097.regrid.nc
2013-04-15,1.4242796219913696,294.20000000000005,279.3125,6.3875,224.8,0.7462500000000001,0.0070025,4.387499999999999,36.233333333333334,-84.47499996666667,HiQ_LAI_WGS84_5km_8day_2013105.regrid.nc
2013-04-23,1.8538422107037322,292.65,277.8875,9.8875,211.6875,0.6525000000000001,0.006155000000000001,3.6125000000000003,36.233333333333334,-84.47499996666667,HiQ_LAI_WGS84_5km_8day_2013113.regrid.nc
2013-05-01,2.1438196448292546,291.6625,279.57500000000005,12.075,205.50000000000003,0.44125000000000003,0.007455000000000001,3.4625000000000004,36.233333333333334,-84.47499996666667,HiQ_LAI_WGS84_5km_8day_2013121.regrid.nc
2013-05-09,4.785762073211329,294.25,279.625,3.4250000000000003,273.6625,0.58125,0.0078425,3.9875,36.233333333333334,-84.47499996666667,HiQ_LAI_WGS84_5km_8day_2013129.regrid.nc
2013-05-17,4.61532466192369,298.0375,285.375,4.3500000000000005,254.7375,0.5987500000000001,0.011308750000000001,3.5125,36.233333333333334,-84.47499996666667,HiQ_LAI_WGS84_5km_8day_2013137.regrid.nc
2013-05-25,4.68762016033029,299.11249999999995,284.61249999999995,0.55,288.61250000000007,0.8500000000000001,0.01013375,3.7875000000000005,36.233333333333334,-84.47499996666667,HiQ_LAI_WGS84_5km_8day_2013145.regrid.nc
2013-06-02,4.6479776177587935,299.6375,287.9875,9.4,236.07500000000002,0.5275000000000001,0.01339125,2.7875,36.233333333333334,-84.47499996666667,HiQ_LAI_WGS84_5km_8day_2013153.regrid.nc
2013-06-10,4.882337193609297,300.76250000000005,287.125,4.987500000000001,264.225,0.54625,0.0138,3.8750000000000004,36.233333333333334,-84.47499996666667,HiQ_LAI_WGS84_5km_8day_2013161.regrid.nc
2013-06-18,4.782861431848587,300.67500000000007,288.4,3.95,256.4,0.6725,0.0133325,2.1500000000000004,36.233333333333334,-84.47499996666667,HiQ_LAI_WGS84_5km_8day_2013169.regrid.nc
2013-06-26,4.343838774157473,300.4625,289.4375,6.5375,250.51250000000002,0.58875,0.01412125,3.5125,36.233333333333334,-84.47499996666667,HiQ_LAI_WGS84_5km_8day_2013177.regrid.nc
2013-07-04,3.7818762655894638,299.7125,288.975,21.750000000000004,232.70000000000002,0.38375,0.014848750000000003,3.0875000000000004,36.233333333333334,-84.47499996666667,HiQ_LAI_WGS84_5km_8day_2013185.regrid.nc
2013-07-12,4.317808556157837,302.05,289.875,0.7125,270.3,0.625,0.015270000000000002,2.5250000000000004,36.233333333333334,-84.47499996666667,HiQ_LAI_WGS84_5km_8day_2013193.regrid.nc
2013-07-20,4.527199392682329,300.42499999999995,288.5625,6.3125,246.8375,0.395,0.015067500000000001,3.0125,36.233333333333334,-84.47499996666667,HiQ_LAI_WGS84_5km_8day_2013201.regrid.nc
2013-07-28,4.591102427916977,300.23749999999995,286.61249999999995,0.7750000000000001,283.475,0.61625,0.012813750000000002,2.5125,36.233333333333334,-84.47499996666667,HiQ_LAI_WGS84_5km_8day_2013209.regrid.nc
2013-08-05,4.354385578271241,299.38750000000005,288.575,6.85,198.6125,0.36875,0.014502500000000002,2.875,36.233333333333334,-84.47499996666667,HiQ_LAI_WGS84_5km_8day_2013217.regrid.nc
2013-08-13,4.403564707134363,298.0,285.25,4.5625,230.6875,0.3675,0.012557500000000001,2.5999999999999996,36.233333333333334,-84.47499996666667,HiQ_LAI_WGS84_5km_8day_2013225.regrid.nc
2013-08-21,4.668118396148842,301.3625,287.65,0.5375,266.675,0.5925,0.014093750000000002,2.1,36.233333333333334,-84.47499996666667,HiQ_LAI_WGS84_5km_8day_2013233.regrid.nc
2013-08-29,4.702963951582199,301.7375,289.1125,3.7625,226.40000000000003,0.545,0.015246250000000003,3.1500000000000004,36.233333333333334,-84.47499996666667,HiQ_LAI_WGS84_5km_8day_2013241.regrid.nc
2013-09-06,4.860919954324231,300.675,287.86249999999995,0.575,228.22500000000002,0.66625,0.013250000000000001,2.2125,36.233333333333334,-84.47499996666667,HiQ_LAI_WGS84_5km_8day_2013249.regrid.nc
2013-09-14,4.490545853256052,297.03749999999997,284.3875,5.737500000000001,183.1875,0.46875,0.011092500000000002,3.0375000000000005,36.233333333333334,-84.47499996666667,HiQ_LAI_WGS84_5km_8day_2013257.regrid.nc
2013-09-22,4.256205406733766,295.95000000000005,282.7,1.2000000000000002,210.16250000000002,0.51,0.00971375,2.625,36.233333333333334,-84.47499996666667,HiQ_LAI_WGS84_5km_8day_2013265.regrid.nc
2013-09-30,4.022446586435428,297.36249999999995,284.54999999999995,3.3125,188.6125,0.61125,0.010488750000000002,2.7,36.233333333333334,-84.47499996666667,HiQ_LAI_WGS84_5km_8day_2013273.regrid.nc
2013-10-08,3.956218613827183,295.55,281.8,0.0,189.4,0.6625,0.008275000000000001,2.625,36.233333333333334,-84.47499996666667,HiQ_LAI_WGS84_5km_8day_2013281.regrid.nc
2013-10-16,3.6438579034856913,289.1625,277.07500000000005,1.9500000000000002,135.8,0.3125,0.00670875,2.6375,36.233333333333334,-84.47499996666667,HiQ_LAI_WGS84_5km_8day_2013289.regrid.nc
2013-10-24,2.8023955324516696,289.375,277.2125,0.7250000000000001,117.93750000000001,0.4625,0.0061925,3.575,36.233333333333334,-84.47499996666667,HiQ_LAI_WGS84_5km_8day_2013297.regrid.nc
2013-11-01,1.7295817180405815,288.275,274.525,2.9625000000000004,132.0,0.45125000000000004,0.005022500000000001,3.9,36.233333333333334,-84.47499996666667,HiQ_LAI_WGS84_5km_8day_2013305.regrid.nc
2013-11-09,1.0704374112876371,285.0625,270.21250000000003,0.5,116.7875,0.4575,0.0034225,3.825,36.233333333333334,-84.47499996666667,HiQ_LAI_WGS84_5km_8day_2013313.regrid.nc
2013-11-17,0.7195208935096662,284.975,272.525,3.2125,98.66250000000001,0.29000000000000004,0.00499375,4.75,36.233333333333334,-84.47499996666667,HiQ_LAI_WGS84_5km_8day_2013321.regrid.nc
2013-11-25,0.6195208935096663,279.15,267.6625,7.074999999999999,89.1375,0.28625,0.00267375,3.125,36.233333333333334,-84.47499996666667,HiQ_LAI_WGS84_5km_8day_2013329.regrid.nc
2013-12-03,0.6195208935096663,284.4875,274.25,10.6875,71.2875,0.23,0.0055675,4.1,36.233333333333334,-84.47499996666667,HiQ_LAI_WGS84_5km_8day_2013337.regrid.nc
2013-12-11,0.6195208935096663,279.6875,268.125,1.1125,95.97500000000001,0.28625,0.0027325,3.5625,36.233333333333334,-84.47499996666667,HiQ_LAI_WGS84_5km_8day_2013345.regrid.nc
2013-12-19,0.6047395991534849,283.7625,271.48749999999995,6.325,84.88750000000002,0.325,0.0044,4.775,36.233333333333334,-84.47499996666667,HiQ_LAI_WGS84_5km_8day_2013353.regrid.nc
2013-12-27,0.6047395991534849,280.52,270.82000000000005,5.5,90.53999999999999,0.31599999999999995,0.003026,2.3,36.233333333333334,-84.47499996666667,HiQ_LAI_WGS84_5km_8day_2013361.regrid.nc
2014-01-01,0.6047395991534849,274.0,259.7625,1.8750000000000002,97.17500000000001,0.21375,0.0019062500000000004,4.825,36.233333333333334,-84.47499996666667,HiQ_LAI_WGS84_5km_8day_2014001.regrid.nc
2014-01-09,0.5047395991534847,281.875,270.05,7.0125,86.86250000000001,0.31875,0.003365,4.325,36.233333333333334,-84.47499996666667,HiQ_LAI_WGS84_5km_8day_2014009.regrid.nc
2014-01-17,0.5390609163475509,274.4375,261.13750000000005,0.1125,103.76250000000002,0.25,0.0016524999999999999,4.9375,36.233333333333334,-84.47499996666667,HiQ_LAI_WGS84_5km_8day_2014017.regrid.nc
2014-01-25,0.5195208935096661,276.075,261.3875,0.525,110.5625,0.31250000000000006,0.0016250000000000001,4.8875,36.233333333333334,-84.47499996666667,HiQ_LAI_WGS84_5km_8day_2014025.regrid.nc
2014-02-02,0.5438005155010356,277.5375,269.875,7.7125,83.2125,0.16625,0.0034387500000000004,3.8,36.233333333333334,-84.47499996666667,HiQ_LAI_WGS84_5km_8day_2014033.regrid.nc
2014-02-10,0.5438005155010356,278.9875,267.475,2.8125,108.41250000000001,0.31,0.0024575,4.237500000000001,36.233333333333334,-84.47499996666667,HiQ_LAI_WGS84_5km_8day_2014041.regrid.nc
2014-02-18,0.6390609163475509,287.45,272.07500000000005,6.637500000000001,165.06250000000003,0.52375,0.00405125,4.5,36.233333333333334,-84.47499996666667,HiQ_LAI_WGS84_5km_8day_2014049.regrid.nc
2014-02-26,0.7047395991534848,279.7125,267.1875,5.3625,154.775,0.35875,0.00256,3.825,36.233333333333334,-84.47499996666667,HiQ_LAI_WGS84_5km_8day_2014057.regrid.nc
2014-03-06,0.739060916347551,288.6,271.3125,0.65,189.28750000000002,0.56375,0.0040575,4.025,36.233333333333334,-84.47499996666667,HiQ_LAI_WGS84_5km_8day_2014065.regrid.nc
2014-03-14,0.8047395991534847,285.7875,272.5125,2.4250000000000003,180.575,0.4625,0.0038800000000000006,4.0875,36.233333333333334,-84.47499996666667,HiQ_LAI_WGS84_5km_8day_2014073.regrid.nc
2014-03-22,0.8047395991534847,284.7375,271.41249999999997,4.2125,170.0875,0.47375,0.0034637500000000002,4.1625,36.233333333333334,-84.47499996666667,HiQ_LAI_WGS84_5km_8day_2014081.regrid.nc
2014-03-30,0.8390609163475509,292.63750000000005,276.95000000000005,6.687500000000001,229.4625,0.7625,0.005458750000000001,4.425000000000001,36.233333333333334,-84.47499996666667,HiQ_LAI_WGS84_5km_8day_2014089.regrid.nc
2014-04-07,1.0438005155010357,293.1625,279.025,3.2875000000000005,222.3125,0.7150000000000001,0.0063212500000000005,5.175,36.233333333333334,-84.47499996666667,HiQ_LAI_WGS84_5km_8day_2014097.regrid.nc
2014-04-15,1.2851995763156001,291.1375,275.95,1.025,226.6125,0.7675000000000001,0.00476875,3.7,36.233333333333334,-84.47499996666667,HiQ_LAI_WGS84_5km_8day_2014105.regrid.nc
2014-04-23,1.5485401146545203,295.54999999999995,281.275,11.15,237.41250000000002,0.8387500000000001,0.00719125,4.525,36.233333333333334,-84.47499996666667,HiQ_LAI_WGS84_5km_8day_2014113.regrid.nc
2014-05-01,3.4580384422897086,297.6125,280.4375,0.0,288.875,0.99875,0.00728375,4.1625000000000005,36.233333333333334,-84.47499996666667,HiQ_LAI_WGS84_5km_8day_2014121.regrid.nc
2014-05-09,3.272800607317671,295.88750000000005,283.75,5.5125,241.5625,0.595,0.010218750000000002,4.0875,36.233333333333334,-84.47499996666667,HiQ_LAI_WGS84_5km_8day_2014129.regrid.nc
2014-05-17,3.8148254752474204,296.4625,282.3125,1.1500000000000001,288.86250000000007,0.7575000000000001,0.0085425,3.6500000000000004,36.233333333333334,-84.47499996666667,HiQ_LAI_WGS84_5km_8day_2014137.regrid.nc
2014-05-25,4.382842302520368,299.76250000000005,287.38750000000005,1.7375000000000003,226.02499999999998,0.7675000000000001,0.011728750000000001,2.6125000000000003,36.233333333333334,-84.47499996666667,HiQ_LAI_WGS84_5km_8day_2014145.regrid.nc
2014-06-02,4.792883997723065,298.71250000000003,287.775,0.9375,260.4625,0.43,0.013383750000000002,3.2625,36.233333333333334,-84.47499996666667,HiQ_LAI_WGS84_5km_8day_2014153.regrid.nc
2014-06-10,5.034403756741743,299.7125,287.6625,6.2625,240.9125,0.63125,0.012782500000000002,3.075,36.233333333333334,-84.47499996666667,HiQ_LAI_WGS84_5km_8day_2014161.regrid.nc
2014-06-18,4.941500629690459,302.075,289.8125,4.75,254.125,0.8125,0.013960000000000002,2.85,36.233333333333334,-84.47499996666667,HiQ_LAI_WGS84_5km_8day_2014169.regrid.nc
2014-06-26,5.160977342308887,300.7,289.85,2.9625000000000004,251.4875,0.6525000000000001,0.014060000000000001,2.85,36.233333333333334,-84.47499996666667,HiQ_LAI_WGS84_5km_8day_2014177.regrid.nc
2014-07-04,5.085218705643818,300.8375,287.51250000000005,3.7375,325.1625,0.8025,0.012356250000000001,3.0375000000000005,36.233333333333334,-84.47499996666667,HiQ_LAI_WGS84_5km_8day_2014185.regrid.nc
2014-07-12,4.685256964300256,298.45000000000005,287.35,7.4625,255.90000000000003,0.6312500000000001,0.01211,3.075,36.233333333333334,-84.47499996666667,HiQ_LAI_WGS84_5km_8day_2014193.regrid.nc
2014-07-20,5.1053212253774305,300.8375,289.15000000000003,5.5625,284.95000000000005,0.5800000000000001,0.014353750000000002,3.1875,36.233333333333334,-84.47499996666667,HiQ_LAI_WGS84_5km_8day_2014201.regrid.nc
2014-07-28,5.439016735456312,298.52500000000003,285.5625,0.30000000000000004,303.98750000000007,0.6587500000000001,0.01107375,2.4125,36.233333333333334,-84.47499996666667,HiQ_LAI_WGS84_5km_8day_2014209.regrid.nc
2014-08-05,4.566177869482204,300.4,289.7125,4.750000000000001,244.5625,0.7275,0.01332125,2.8625,36.233333333333334,-84.47499996666667,HiQ_LAI_WGS84_5km_8day_2014217.regrid.nc
2014-08-13,4.164490583693396,299.175,287.6625,3.95,276.75,0.665,0.0122,2.8625000000000003,36.233333333333334,-84.47499996666667,HiQ_LAI_WGS84_5km_8day_2014225.regrid.nc
2014-08-21,3.868137525477061,302.35,290.25,0.8625,270.05,0.925,0.013642500000000002,2.5,36.233333333333334,-84.47499996666667,HiQ_LAI_WGS84_5km_8day_2014233.regrid.nc
2014-08-29,4.117840892579473,301.225,290.5,12.600000000000001,201.425,0.76625,0.013933750000000002,3.0250000000000004,36.233333333333334,-84.47499996666667,HiQ_LAI_WGS84_5km_8day_2014241.regrid.nc
2014-09-06,4.358690663591727,298.3,289.225,1.6875,193.5625,0.52375,0.01338,2.9250000000000003,36.233333333333334,-84.47499996666667,HiQ_LAI_WGS84_5km_8day_2014249.regrid.nc
2014-09-14,4.721935555289555,296.8625,284.5125,0.37500000000000006,211.13750000000002,0.615,0.010037500000000001,2.75,36.233333333333334,-84.47499996666667,HiQ_LAI_WGS84_5km_8day_2014257.regrid.nc
2014-09-22,4.589472325214451,296.88750000000005,282.8125,0.05,201.4375,0.7362500000000001,0.008843750000000001,2.775,36.233333333333334,-84.47499996666667,HiQ_LAI_WGS84_5km_8day_2014265.regrid.nc
2014-09-30,4.408891649848222,294.4125,280.5125,8.925,183.2625,0.72625,0.007381250000000001,4.3875,36.233333333333334,-84.47499996666667,HiQ_LAI_WGS84_5km_8day_2014273.regrid.nc
2014-10-08,3.375752714430266,293.5125,285.175,15.2375,140.75,0.50125,0.009312500000000001,4.2375,36.233333333333334,-84.47499996666667,HiQ_LAI_WGS84_5km_8day_2014281.regrid.nc
2014-10-16,2.5023955324516693,289.6625,277.57500000000005,0.0,166.02500000000003,0.46625,0.0059275000000000005,3.7750000000000004,36.233333333333334,-84.47499996666667,HiQ_LAI_WGS84_5km_8day_2014289.regrid.nc
2014-10-24,1.695279530174734,291.82500000000005,277.075,2.6375,158.8625,0.6325000000000001,0.005926250000000001,3.0,36.233333333333334,-84.47499996666667,HiQ_LAI_WGS84_5km_8day_2014297.regrid.nc
2014-11-01,1.1757203780086307,285.4375,274.0875,4.9750000000000005,118.075,0.51375,0.0037650000000000006,4.275,36.233333333333334,-84.47499996666667,HiQ_LAI_WGS84_5km_8day_2014305.regrid.nc
2014-11-09,0.9047395991534847,281.525,270.5625,5.925,111.5625,0.3975,0.0032787500000000004,3.5875000000000004,36.233333333333334,-84.47499996666667,HiQ_LAI_WGS84_5km_8day_2014313.regrid.nc
2014-11-17,0.7000000000000001,282.26250000000005,269.4125,3.075,105.05000000000001,0.40750000000000003,0.0031287500000000005,5.25,36.233333333333334,-84.47499996666667,HiQ_LAI_WGS84_5km_8day_2014321.regrid.nc
2014-11-25,0.6047395991534849,283.2625,274.0625,3.7125000000000004,97.42500000000001,0.37,0.00407875,4.275,36.233333333333334,-84.47499996666667,HiQ_LAI_WGS84_5km_8day_2014329.regrid.nc
2014-12-03,0.5047395991534847,282.32500000000005,275.4375,4.775,69.48750000000001,0.19,0.005143750000000001,4.25,36.233333333333334,-84.47499996666667,HiQ_LAI_WGS84_5km_8day_2014337.regrid.nc
2014-12-11,0.5,279.625,269.35,0.8875000000000001,98.17500000000001,0.24875,0.0031062500000000005,2.7125000000000004,36.233333333333334,-84.47499996666667,HiQ_LAI_WGS84_5km_8day_2014345.regrid.nc
2014-12-19,0.5195208935096661,282.6,272.63750000000005,7.0,77.4375,0.24625000000000002,0.00441375,3.5000000000000004,36.233333333333334,-84.47499996666667,HiQ_LAI_WGS84_5km_8day_2014353.regrid.nc
2014-12-27,0.30000000000000004,278.82000000000005,272.15999999999997,3.8200000000000003,49.74,0.194,0.0038699999999999997,3.22,36.233333333333334,-84.47499996666667,HiQ_LAI_WGS84_5km_8day_2014361.regrid.nc
2015-01-01,0.6000000000000001,277.3,266.8125,5.0875,89.125,0.2525,0.0028625,4.525,36.233333333333334,-84.47499996666667,HiQ_LAI_WGS84_5km_8day_2015001.regrid.nc
2015-01-09,0.6000000000000001,275.63750000000005,266.57500000000005,4.3500000000000005,81.9625,0.22625,0.0022487500000000003,3.025,36.233333333333334,-84.47499996666667,HiQ_LAI_WGS84_5km_8day_2015009.regrid.nc
2015-01-17,0.6047395991534849,282.67499999999995,269.9875,2.875,110.0625,0.37625000000000003,0.0031712500000000005,3.95,36.233333333333334,-84.47499996666667,HiQ_LAI_WGS84_5km_8day_2015017.regrid.nc
2015-01-25,0.5242604926631509,279.3,268.46250000000003,3.4125000000000005,95.4375,0.30125,0.002705,4.3,36.233333333333334,-84.47499996666667,HiQ_LAI_WGS84_5km_8day_2015025.regrid.nc
2015-02-02,0.5438005155010356,281.175,267.975,0.1875,125.0625,0.35375,0.0030175,4.65,36.233333333333334,-84.47499996666667,HiQ_LAI_WGS84_5km_8day_2015033.regrid.nc
2015-02-10,0.5047395991534847,273.91249999999997,263.1625,3.9875,116.30000000000001,0.19,0.0019737500000000002,4.4375,36.233333333333334,-84.47499996666667,HiQ_LAI_WGS84_5km_8day_2015041.regrid.nc
2015-02-18,0.5094791983069694,271.82500000000005,261.55,7.2875000000000005,106.92500000000001,0.1325,0.0019525000000000002,4.9,36.233333333333334,-84.47499996666667,HiQ_LAI_WGS84_5km_8day_2015049.regrid.nc
2015-02-26,0.494697903950788,279.4125,269.01250000000005,10.475,101.75,0.22875,0.0034262500000000005,4.4,36.233333333333334,-84.47499996666667,HiQ_LAI_WGS84_5km_8day_2015057.regrid.nc
2015-03-06,0.6047395991534849,286.28749999999997,275.0875,5.2125,135.6,0.455,0.00472125,3.525,36.233333333333334,-84.47499996666667,HiQ_LAI_WGS84_5km_8day_2015065.regrid.nc
2015-03-14,0.7195208935096662,288.4875,276.475,1.6500000000000004,159.1,0.485,0.00539125,3.3375000000000004,36.233333333333334,-84.47499996666667,HiQ_LAI_WGS84_5km_8day_2015073.regrid.nc
2015-03-22,0.8242604926631509,289.4,274.6375,1.975,216.3625,0.62625,0.00479625,3.9625000000000004,36.233333333333334,-84.47499996666667,HiQ_LAI_WGS84_5km_8day_2015081.regrid.nc
2015-03-30,1.0047395991534847,292.0625,277.11249999999995,4.425,214.4375,0.71125,0.00540875,5.175000000000001,36.233333333333334,-84.47499996666667,HiQ_LAI_WGS84_5km_8day_2015089.regrid.nc
2015-04-07,1.3142187974604542,295.35,283.075,8.037500000000001,208.3125,0.7225,0.00833625,4.2875,36.233333333333334,-84.47499996666667,HiQ_LAI_WGS84_5km_8day_2015097.regrid.nc
2015-04-15,1.7751578811129032,292.7625,281.88750000000005,6.375,205.60000000000002,0.5475,0.0077462500000000005,4.275,36.233333333333334,-84.47499996666667,HiQ_LAI_WGS84_5km_8day_2015105.regrid.nc
2015-04-23,2.2094791983069695,291.25,276.7625,1.6375000000000002,228.88750000000002,0.62625,0.005455000000000001,3.725,36.233333333333334,-84.47499996666667,HiQ_LAI_WGS84_5km_8day_2015113.regrid.nc
2015-05-01,3.4398322683314957,298.1875,281.75,0.0,308.0625,0.94875,0.008175,2.45,36.233333333333334,-84.47499996666667,HiQ_LAI_WGS84_5km_8day_2015121.regrid.nc
2015-05-09,4.540874822575274,299.125,286.08750000000003,2.1625,280.2375,0.9137500000000001,0.01006125,3.4875000000000003,36.233333333333334,-84.47499996666667,HiQ_LAI_WGS84_5km_8day_2015129.regrid.nc
2015-05-17,4.636096964765352,296.7875,284.075,2.2625,277.55,0.7212500000000001,0.009715000000000001,3.3625,36.233333333333334,-84.47499996666667,HiQ_LAI_WGS84_5km_8day_2015137.regrid.nc
2015-05-25,4.7822738833898395,298.9125,288.54999999999995,3.6875,253.8625,0.7275,0.01183,3.6500000000000004,36.233333333333334,-84.47499996666667,HiQ_LAI_WGS84_5km_8day_2015145.regrid.nc
2015-06-02,5.041399060814564,299.5375,287.175,4.8125,282.13750000000005,0.65625,0.012337500000000001,3.075,36.233333333333334,-84.47499996666667,HiQ_LAI_WGS84_5km_8day_2015153.regrid.nc
2015-06-10,4.82427962199137,303.325,290.75,2.3,294.95000000000005,1.02,0.013982500000000002,2.725,36.233333333333334,-84.47499996666667,HiQ_LAI_WGS84_5km_8day_2015161.regrid.nc
2015-06-18,5.002357273795233,302.70000000000005,291.3625,3.2250000000000005,280.8125,0.7000000000000001,0.015842500000000002,3.225,36.233333333333334,-84.47499996666667,HiQ_LAI_WGS84_5km_8day_2015169.regrid.nc
2015-06-26,4.702357273795233,298.3375,288.36249999999995,13.1875,242.9125,0.43375,0.01359625,3.9875000000000007,36.233333333333334,-84.47499996666667,HiQ_LAI_WGS84_5km_8day_2015177.regrid.nc
2015-07-04,4.7941294848202585,300.8,290.9625,10.762500000000001,281.925,0.59625,0.014988750000000002,3.7875000000000005,36.233333333333334,-84.47499996666667,HiQ_LAI_WGS84_5km_8day_2015185.regrid.nc
2015-07-12,4.691791340353246,301.8375,291.625,10.775,286.1,0.51125,0.01670125,2.85,36.233333333333334,-84.47499996666667,HiQ_LAI_WGS84_5km_8day_2015193.regrid.nc
2015-07-20,4.4408748225752745,301.8125,291.2,5.3500000000000005,280.85,0.5825,0.015885,2.275,36.233333333333334,-84.47499996666667,HiQ_LAI_WGS84_5km_8day_2015201.regrid.nc
2015-07-28,4.877534284236354,303.0875,289.11249999999995,0.0,316.92500000000007,0.7762500000000001,0.014776250000000001,2.325,36.233333333333334,-84.47499996666667,HiQ_LAI_WGS84_5km_8day_2015209.regrid.nc
2015-08-05,4.414212875225653,300.70000000000005,289.8125,4.0625,272.5875,0.58125,0.014542500000000002,2.5375,36.233333333333334,-84.47499996666667,HiQ_LAI_WGS84_5km_8day_2015217.regrid.nc
2015-08-13,3.848040927978251,298.63750000000005,289.625,8.9625,231.02500000000003,0.5437500000000001,0.013410000000000002,2.4000000000000004,36.233333333333334,-84.47499996666667,HiQ_LAI_WGS84_5km_8day_2015225.regrid.nc
2015-08-21,4.555617858275019,299.26250000000005,286.05,0.28750000000000003,278.1,0.7225,0.0113025,2.7875,36.233333333333334,-84.47499996666667,HiQ_LAI_WGS84_5km_8day_2015233.regrid.nc
2015-08-29,4.785180446987383,302.1,289.20000000000005,0.15000000000000002,266.925,0.89125,0.01326625,2.2375000000000003,36.233333333333334,-84.47499996666667,HiQ_LAI_WGS84_5km_8day_2015241.regrid.nc
2015-09-06,3.850865052028117,298.13749999999993,286.52500000000003,5.5,220.8,0.595,0.0118775,2.1750000000000003,36.233333333333334,-84.47499996666667,HiQ_LAI_WGS84_5km_8day_2015249.regrid.nc
2015-09-14,4.651440756017261,297.4625,282.9,0.05,248.26250000000002,0.7237500000000001,0.00924375,2.1875,36.233333333333334,-84.47499996666667,HiQ_LAI_WGS84_5km_8day_2015257.regrid.nc
2015-09-22,3.8638265179217735,296.6375,286.725,4.0375000000000005,163.65,0.56875,0.01102125,2.9375,36.233333333333334,-84.47499996666667,HiQ_LAI_WGS84_5km_8day_2015265.regrid.nc
2015-09-30,4.11239896899793,294.025,284.26250000000005,6.4625,163.01250000000002,0.53125,0.009300000000000001,3.9125,36.233333333333334,-84.47499996666667,HiQ_LAI_WGS84_5km_8day_2015273.regrid.nc
2015-10-08,4.068579324168676,295.0,280.9,1.2750000000000001,194.675,0.66875,0.007841250000000001,3.2875,36.233333333333334,-84.47499996666667,HiQ_LAI_WGS84_5km_8day_2015281.regrid.nc
2015-10-16,3.6029389000191783,292.13750000000005,274.575,0.0,197.16250000000002,0.675,0.005187500000000001,2.8375000000000004,36.233333333333334,-84.47499996666667,HiQ_LAI_WGS84_5km_8day_2015289.regrid.nc
2015-10-24,1.6757203780086307,290.0875,280.4375,2.2625,99.625,0.35750000000000004,0.007461250000000002,4.225,36.233333333333334,-84.47499996666667,HiQ_LAI_WGS84_5km_8day_2015297.regrid.nc
2015-11-01,1.1952604008465155,291.6875,283.7875,2.6375,107.5125,0.4625,0.00852,3.5000000000000004,36.233333333333334,-84.47499996666667,HiQ_LAI_WGS84_5km_8day_2015305.regrid.nc
2015-11-09,0.7000000000000001,287.9875,273.575,1.1125,117.65,0.5025,0.0044075,3.2125000000000004,36.233333333333334,-84.47499996666667,HiQ_LAI_WGS84_5km_8day_2015313.regrid.nc
2015-11-17,0.6047395991534849,286.36250000000007,272.4,4.8625,114.61250000000001,0.43374999999999997,0.004396250000000001,4.3125,36.233333333333334,-84.47499996666667,HiQ_LAI_WGS84_5km_8day_2015321.regrid.nc
2015-11-25,0.6000000000000001,288.1375,279.7,17.1,75.9,0.37,0.006710000000000001,3.625,36.233333333333334,-84.47499996666667,HiQ_LAI_WGS84_5km_8day_2015329.regrid.nc
2015-12-03,0.6000000000000001,285.25,271.3125,0.0,106.375,0.36375,0.004070000000000001,3.1625,36.233333333333334,-84.47499996666667,HiQ_LAI_WGS84_5km_8day_2015337.regrid.nc
2015-12-11,0.5390609163475509,288.32500000000005,277.0625,6.2250000000000005,96.3375,0.35375,0.006525000000000001,4.7250000000000005,36.233333333333334,-84.47499996666667,HiQ_LAI_WGS84_5km_8day_2015345.regrid.nc
2015-12-19,0.5242796219913695,288.1625,280.2125,11.475,81.95,0.42375,0.00672,4.775,36.233333333333334,-84.47499996666667,HiQ_LAI_WGS84_5km_8day_2015353.regrid.nc
2015-12-27,0.5242796219913695,288.06,278.73999999999995,7.06,86.60000000000001,0.308,0.0074280000000000014,4.38,36.233333333333334,-84.47499996666667,HiQ_LAI_WGS84_5km_8day_2015361.regrid.nc
2016-01-01,0.6000000000000001,280.0625,267.66249999999997,0.9,109.5875,0.27875,0.0025537500000000005,3.3,36.233333333333334,-84.47499996666667,HiQ_LAI_WGS84_5km_8day_2016001.regrid.nc
2016-01-09,0.6000000000000001,277.9875,266.0875,2.3000000000000003,94.325,0.26625,0.00284375,4.237500000000001,36.233333333333334,-84.47499996666667,HiQ_LAI_WGS84_5km_8day_2016009.regrid.nc
2016-01-17,0.5195208935096661,271.7125,262.0625,6.425000000000001,95.625,0.1175,0.0019362500000000003,3.8,36.233333333333334,-84.47499996666667,HiQ_LAI_WGS84_5km_8day_2016017.regrid.nc
2016-01-25,0.6000000000000001,283.3,271.1875,4.9,110.30000000000001,0.29500000000000004,0.0036862500000000003,4.25,36.233333333333334,-84.47499996666667,HiQ_LAI_WGS84_5km_8day_2016025.regrid.nc
2016-02-02,0.6000000000000001,281.4125,268.5875,6.1625000000000005,116.72500000000001,0.44,0.0033175000000000006,4.6375,36.233333333333334,-84.47499996666667,HiQ_LAI_WGS84_5km_8day_2016033.regrid.nc
2016-02-10,0.5438005155010356,274.3,267.025,10.6625,94.8125,0.15,0.002255,3.625,36.233333333333334,-84.47499996666667,HiQ_LAI_WGS84_5km_8day_2016041.regrid.nc
2016-02-26,0.624260492663151,283.2875,270.63750000000005,2.7,165.8625,0.3375,0.0037050000000000004,3.8500000000000005,36.233333333333334,-84.47499996666667,HiQ_LAI_WGS84_5km_8day_2016057.regrid.nc
2016-03-05,0.7047395991534848,292.57500000000005,279.675,0.7124999999999999,185.65,0.6212500000000001,0.006351250000000001,4.3500000000000005,36.233333333333334,-84.47499996666667,HiQ_LAI_WGS84_5km_8day_2016065.regrid.nc
2016-03-13,0.724260492663151,290.5875,276.3625,1.6375,178.5,0.71,0.0054125,4.25,36.233333333333334,-84.47499996666667,HiQ_LAI_WGS84_5km_8day_2016073.regrid.nc
2016-03-21,0.8047395991534847,289.70000000000005,275.75,2.8875,229.875,0.49624999999999997,0.005447500000000001,4.95,36.233333333333334,-84.47499996666667,HiQ_LAI_WGS84_5km_8day_2016081.regrid.nc
2016-03-29,0.9047395991534847,290.9,276.975,6.025,223.6125,0.6775,0.0049787500000000005,5.075,36.233333333333334,-84.47499996666667,HiQ_LAI_WGS84_5km_8day_2016089.regrid.nc
2016-04-06,1.1290192211448542,288.17499999999995,275.40000000000003,3.05,205.38750000000002,0.5325,0.00443625,5.375,36.233333333333334,-84.47499996666667,HiQ_LAI_WGS84_5km_8day_2016097.regrid.nc
2016-04-14,1.6094983276351882,297.5,282.0375,1.1125,244.7,1.19375,0.0058737500000000005,2.7875,36.233333333333334,-84.47499996666667,HiQ_LAI_WGS84_5km_8day_2016105.regrid.nc
2016-04-22,2.6242987513195883,297.675,283.26249999999993,2.6,244.6125,0.8462500000000001,0.00837875,3.7125000000000004,36.233333333333334,-84.47499996666667,HiQ_LAI_WGS84_5km_8day_2016113.regrid.nc
2016-04-30,3.309542508526427,292.625,281.875,5.9,240.75000000000003,0.5075000000000001,0.008235000000000001,4.0125,36.233333333333334,-84.47499996666667,HiQ_LAI_WGS84_5km_8day_2016121.regrid.nc
2016-05-08,4.287581901673853,295.8375,282.92499999999995,3.725,255.65000000000003,0.7424999999999999,0.00905125,4.050000000000001,36.233333333333334,-84.47499996666667,HiQ_LAI_WGS84_5km_8day_2016129.regrid.nc
2016-05-16,5.12133479973739,293.7625,281.875,1.9875,236.53750000000002,0.48125,0.008182500000000002,2.95,36.233333333333334,-84.47499996666667,HiQ_LAI_WGS84_5km_8day_2016137.regrid.nc
2016-05-24,5.494717033279007,300.6875,287.65,0.875,288.0,0.8525,0.011290000000000001,2.5,36.233333333333334,-84.47499996666667,HiQ_LAI_WGS84_5km_8day_2016145.regrid.nc
2016-06-01,5.404739599153485,299.7375,286.90000000000003,5.325000000000001,255.13750000000002,0.76,0.012305,2.7875000000000005,36.233333333333334,-84.47499996666667,HiQ_LAI_WGS84_5km_8day_2016153.regrid.nc
2016-06-09,5.726636895786602,303.08750000000003,289.075,0.0,301.6875,0.8975,0.013317500000000001,2.7625,36.233333333333334,-84.47499996666667,HiQ_LAI_WGS84_5km_8day_2016161.regrid.nc
2016-06-17,5.633714639407101,301.9375,289.61249999999995,2.9375,288.7625,0.81625,0.014025000000000001,3.7375000000000003,36.233333333333334,-84.47499996666667,HiQ_LAI_WGS84_5km_8day_2016169.regrid.nc
2016-06-25,5.275720378008631,302.13750000000005,288.725,0.47500000000000003,299.1125,0.7925,0.013435,2.1375,36.233333333333334,-84.47499996666667,HiQ_LAI_WGS84_5km_8day_2016177.regrid.nc
2016-07-03,5.453817159140712,302.225,291.125,5.3500000000000005,281.0125,0.6312500000000001,0.015883750000000002,4.2250000000000005,36.233333333333334,-84.47499996666667,HiQ_LAI_WGS84_5km_8day_2016185.regrid.nc
2016-07-11,5.312393046763127,302.36249999999995,290.7375,6.775,281.7625,0.66625,0.01529625,2.6625000000000005,36.233333333333334,-84.47499996666667,HiQ_LAI_WGS84_5km_8day_2016193.regrid.nc
2016-07-19,4.8905781896776865,304.625,292.475,4.2250000000000005,298.575,0.9662499999999999,0.0160175,1.6,36.233333333333334,-84.47499996666667,HiQ_LAI_WGS84_5km_8day_2016201.regrid.nc
2016-07-27,4.409415888087512,302.26250000000005,291.65000000000003,5.7875000000000005,240.43750000000003,0.7150000000000001,0.01576125,2.625,36.233333333333334,-84.47499996666667,HiQ_LAI_WGS84_5km_8day_2016209.regrid.nc
2016-08-04,3.989357549245139,302.92499999999995,292.2375,6.125000000000001,236.27500000000003,0.8500000000000001,0.015380000000000001,2.7625,36.233333333333334,-84.47499996666667,HiQ_LAI_WGS84_5km_8day_2016217.regrid.nc
2016-08-12,3.882318064281078,302.375,291.82500000000005,1.4875,252.85000000000002,0.77125,0.015371250000000001,2.85,36.233333333333334,-84.47499996666667,HiQ_LAI_WGS84_5km_8day_2016225.regrid.nc
2016-08-20,4.16334053833892,301.92499999999995,289.3625,2.5,264.0625,0.7525000000000001,0.01419125,2.5625,36.233333333333334,-84.47499996666667,HiQ_LAI_WGS84_5km_8day_2016233.regrid.nc
2016-08-28,4.614218797460454,302.2125,288.4125,1.425,267.73749999999995,0.98,0.01289125,2.7,36.233333333333334,-84.47499996666667,HiQ_LAI_WGS84_5km_8day_2016241.regrid.nc
2016-09-05,5.058620068513655,302.9125,286.875,0.1625,259.0875,1.0699999999999998,0.011957500000000001,2.9250000000000003,36.233333333333334,-84.47499996666667,HiQ_LAI_WGS84_5km_8day_2016249.regrid.nc
2016-09-13,5.236697720317517,301.16249999999997,288.0875,5.3125,214.0,0.8875,0.012395,2.7500000000000004,36.233333333333334,-84.47499996666667,HiQ_LAI_WGS84_5km_8day_2016257.regrid.nc
2016-09-21,5.263858854343409,300.825,284.6125,0.3125,231.5875,1.0225,0.01055,2.5125,36.233333333333334,-84.47499996666667,HiQ_LAI_WGS84_5km_8day_2016265.regrid.nc
2016-09-29,4.898180171537475,295.85,281.4125,0.0,175.8125,0.73375,0.007753749999999999,2.7625,36.233333333333334,-84.47499996666667,HiQ_LAI_WGS84_5km_8day_2016273.regrid.nc
2016-10-07,4.26626030902988,296.2875,280.2,0.037500000000000006,197.7375,0.97625,0.006320000000000001,3.6375,36.233333333333334,-84.47499996666667,HiQ_LAI_WGS84_5km_8day_2016281.regrid.nc
2016-10-15,3.3934597017122083,296.5,282.1625,1.8125000000000002,182.3625,0.92375,0.008310000000000001,4.275,36.233333333333334,-84.47499996666667,HiQ_LAI_WGS84_5km_8day_2016289.regrid.nc
2016-10-23,2.502938900019178,296.1,278.48749999999995,0.0,171.775,0.8975,0.0058962500000000004,3.5125,36.233333333333334,-84.47499996666667,HiQ_LAI_WGS84_5km_8day_2016297.regrid.nc
2016-10-31,1.9419806870385103,295.3375,279.375,0.0625,142.3,1.02875,0.0058175,3.0375000000000005,36.233333333333334,-84.47499996666667,HiQ_LAI_WGS84_5km_8day_2016305.regrid.nc
2016-11-08,1.0804791064903339,288.6625,271.8875,0.1625,131.8625,0.5987500000000001,0.0036962500000000008,2.9375,36.233333333333334,-84.47499996666667,HiQ_LAI_WGS84_5km_8day_2016313.regrid.nc
2016-11-16,0.8390609163475509,287.8,271.9625,0.6000000000000001,127.63750000000002,0.6725000000000001,0.0031375000000000005,3.7625,36.233333333333334,-84.47499996666667,HiQ_LAI_WGS84_5km_8day_2016321.regrid.nc
2016-11-24,0.7195208935096662,286.575,273.85,17.962500000000002,106.35000000000001,0.44875,0.004941250000000001,4.487500000000001,36.233333333333334,-84.47499996666667,HiQ_LAI_WGS84_5km_8day_2016329.regrid.nc
2016-12-02,0.6195208935096663,280.275,271.28749999999997,8.125,85.4625,0.28625,0.0035062500000000007,3.6,36.233333333333334,-84.47499996666667,HiQ_LAI_WGS84_5km_8day_2016337.regrid.nc
2016-12-10,0.6047395991534849,280.4,268.61249999999995,5.4625,89.36250000000001,0.2525,0.003275,4.6375,36.233333333333334,-84.47499996666667,HiQ_LAI_WGS84_5km_8day_2016345.regrid.nc
2016-12-18,0.6047395991534849,281.9,271.85,4.325,81.92500000000001,0.22875,0.0040175,3.925,36.233333333333334,-84.47499996666667,HiQ_LAI_WGS84_5km_8day_2016353.regrid.nc
2016-12-26,0.6000000000000001,283.9833333333333,272.45,5.833333333333333,88.2,0.45,0.004301666666666666,5.416666666666667,36.233333333333334,-84.47499996666667,HiQ_LAI_WGS84_5km_8day_2016361.regrid.nc
2017-01-01,0.4242796219913695,277.025,267.7,3.6125000000000003,81.275,0.17875,0.0034937500000000003,3.5625,36.233333333333334,-84.47499996666667,HiQ_LAI_WGS84_5km_8day_2017001.regrid.nc
2017-01-09,0.4852187056438186,286.5,277.875,3.4000000000000004,77.7125,0.41000000000000003,0.0053875,4.9,36.233333333333334,-84.47499996666667,HiQ_LAI_WGS84_5km_8day_2017009.regrid.nc
2017-01-17,0.40473959915348473,286.2125,277.4125,8.325000000000001,79.65,0.28125,0.00590125,3.8625000000000007,36.233333333333334,-84.47499996666667,HiQ_LAI_WGS84_5km_8day_2017017.regrid.nc
2017-01-25,0.46567868280593383,281.1625,269.95,0.6875,111.075,0.33125000000000004,0.00315875,5.1125,36.233333333333334,-84.47499996666667,HiQ_LAI_WGS84_5km_8day_2017025.regrid.nc
2017-02-02,0.5047395991534847,282.65,270.1375,2.3875,110.6125,0.31375,0.0037662500000000005,4.7875,36.233333333333334,-84.47499996666667,HiQ_LAI_WGS84_5km_8day_2017033.regrid.nc
2017-02-10,0.5804599771621154,286.775,272.65,1.4500000000000002,134.2375,0.57625,0.0036125000000000007,4.5875,36.233333333333334,-84.47499996666667,HiQ_LAI_WGS84_5km_8day_2017041.regrid.nc
2017-02-18,0.6047395991534849,290.35,277.525,3.3,133.51250000000002,0.5325,0.0060750000000000005,3.7,36.233333333333334,-84.47499996666667,HiQ_LAI_WGS84_5km_8day_2017049.regrid.nc
2017-02-26,0.739060916347551,285.8125,272.175,4.5875,170.75,0.47875,0.0037512500000000002,4.5625,36.233333333333334,-84.47499996666667,HiQ_LAI_WGS84_5km_8day_2017057.regrid.nc
2017-03-06,0.739060916347551,285.55000000000007,272.5125,6.787500000000001,149.35000000000002,0.51375,0.00357125,4.512500000000001,36.233333333333334,-84.47499996666667,HiQ_LAI_WGS84_5km_8day_2017065.regrid.nc
2017-03-14,0.7438005155010357,284.525,270.225,3.1375,189.88750000000002,0.47750000000000004,0.0035450000000000004,4.3375,36.233333333333334,-84.47499996666667,HiQ_LAI_WGS84_5km_8day_2017073.regrid.nc
2017-03-22,0.8242604926631509,292.1875,280.5,5.8125,216.53750000000002,0.7075,0.00620125,4.9,36.233333333333334,-84.47499996666667,HiQ_LAI_WGS84_5km_8day_2017081.regrid.nc
2017-03-30,0.9047395991534847,291.71250000000003,279.3875,7.012500000000001,193.4,0.5925,0.006691250000000001,5.525,36.233333333333334,-84.47499996666667,HiQ_LAI_WGS84_5km_8day_2017089.regrid.nc
2017-04-07,1.1994183737760542,295.9,279.29999999999995,0.1875,249.375,1.0862500000000002,0.0054025,3.6375,36.233333333333334,-84.47499996666667,HiQ_LAI_WGS84_5km_8day_2017097.regrid.nc
2017-04-15,1.748559243982739,295.92499999999995,286.4625,17.5625,187.4625,0.8675,0.008535000000000001,3.8249999999999997,36.233333333333334,-84.47499996666667,HiQ_LAI_WGS84_5km_8day_2017105.regrid.nc
2017-04-23,2.548559243982739,296.175,284.75,8.925,215.3,0.74375,0.00923125,4.35,36.233333333333334,-84.47499996666667,HiQ_LAI_WGS84_5km_8day_2017113.regrid.nc
2017-05-01,4.1922581906078795,291.225,278.4375,8.775,239.8,0.5275000000000001,0.006508750000000001,4.737500000000001,36.233333333333334,-84.47499996666667,HiQ_LAI_WGS84_5km_8day_2017121.regrid.nc
2017-05-09,4.458486163216124,298.5375,284.175,1.6875,299.275,0.7825000000000001,0.009971250000000001,3.325,36.233333333333334,-84.47499996666667,HiQ_LAI_WGS84_5km_8day_2017129.regrid.nc
2017-05-17,5.097579415985311,297.975,287.0625,4.6625,256.5625,0.6900000000000001,0.0112425,3.5250000000000004,36.233333333333334,-84.47499996666667,HiQ_LAI_WGS84_5km_8day_2017137.regrid.nc
2017-05-25,5.234238877646391,297.20000000000005,285.59999999999997,6.2625,263.59999999999997,0.6225,0.010561250000000001,3.5125,36.233333333333334,-84.47499996666667,HiQ_LAI_WGS84_5km_8day_2017145.regrid.nc
2017-06-02,5.5490010426743535,297.275,284.75,2.8625,264.3375,0.52375,0.011000000000000001,2.6,36.233333333333334,-84.47499996666667,HiQ_LAI_WGS84_5km_8day_2017153.regrid.nc
2017-06-10,5.042663677239977,300.875,289.4625,3.4749999999999996,280.51250000000005,0.6200000000000001,0.01421625,2.35,36.233333333333334,-84.47499996666667,HiQ_LAI_WGS84_5km_8day_2017161.regrid.nc
2017-06-18,4.962733860551954,298.86249999999995,288.29999999999995,6.550000000000001,250.0625,0.59625,0.012668750000000001,3.7875,36.233333333333334,-84.47499996666667,HiQ_LAI_WGS84_5km_8day_2017169.regrid.nc
2017-06-26,5.33903586478453,299.3125,287.79999999999995,5.7125,248.4875,0.7112499999999999,0.012045,2.5500000000000003,36.233333333333334,-84.47499996666667,HiQ_LAI_WGS84_5km_8day_2017177.regrid.nc
2017-07-04,5.3023572737952325,300.85,289.2125,5.1625000000000005,268.7875,0.53,0.014712500000000002,2.8875,36.233333333333334,-84.47499996666667,HiQ_LAI_WGS84_5km_8day_2017185.regrid.nc
2017-07-12,4.3775534135645735,302.23750000000007,289.9625,0.6875,288.525,0.68125,0.015011250000000002,2.25,36.233333333333334,-84.47499996666667,HiQ_LAI_WGS84_5km_8day_2017193.regrid.nc
2017-07-20,4.509536586291626,303.45,291.775,3.8875,293.75,0.6775,0.01675625,2.7750000000000004,36.233333333333334,-84.47499996666667,HiQ_LAI_WGS84_5km_8day_2017201.regrid.nc
2017-07-28,4.814825475247421,299.75,287.0,6.6000000000000005,276.82500000000005,0.5725,0.0128775,2.725,36.233333333333334,-84.47499996666667,HiQ_LAI_WGS84_5km_8day_2017209.regrid.nc
2017-08-05,4.829019221144855,299.075,288.775,7.9125000000000005,226.82500000000002,0.61125,0.012812500000000001,2.4750000000000005,36.233333333333334,-84.47499996666667,HiQ_LAI_WGS84_5km_8day_2017217.regrid.nc
2017-08-13,4.7141996681322365,301.6,290.875,2.1,266.25,0.6625,0.015033750000000002,2.45,36.233333333333334,-84.47499996666667,HiQ_LAI_WGS84_5km_8day_2017225.regrid.nc
2017-08-21,4.617144490386216,299.46250000000003,287.0625,0.5,274.63750000000005,0.6799999999999999,0.01214125,3.0875000000000004,36.233333333333334,-84.47499996666667,HiQ_LAI_WGS84_5km_8day_2017233.regrid.nc
2017-08-29,5.06093908365245,296.225,285.65,7.8125,187.4,0.4325,0.01140375,3.25,36.233333333333334,-84.47499996666667,HiQ_LAI_WGS84_5km_8day_2017241.regrid.nc
2017-09-06,5.05851849963776,293.275,282.4125,1.65,197.6875,0.5425,0.008081250000000002,4.300000000000001,36.233333333333334,-84.47499996666667,HiQ_LAI_WGS84_5km_8day_2017249.regrid.nc
2017-09-14,4.934258006974609,299.4,286.6625,2.0500000000000003,209.7375,0.6799999999999999,0.011841250000000001,1.8125,36.233333333333334,-84.47499996666667,HiQ_LAI_WGS84_5km_8day_2017257.regrid.nc
2017-09-22,4.759100125861705,300.6375,286.0625,0.0,228.66250000000002,0.8512500000000001,0.01138125,2.6500000000000004,36.233333333333334,-84.47499996666667,HiQ_LAI_WGS84_5km_8day_2017265.regrid.nc
2017-09-30,4.427180263354111,297.975,281.625,1.25,214.88750000000002,0.9625,0.00766375,2.975,36.233333333333334,-84.47499996666667,HiQ_LAI_WGS84_5km_8day_2017273.regrid.nc
2017-10-08,3.9206650166293397,298.3125,286.275,6.4625,169.3625,0.67875,0.011143750000000001,3.3000000000000003,36.233333333333334,-84.47499996666667,HiQ_LAI_WGS84_5km_8day_2017281.regrid.nc
2017-10-16,3.4029197706909593,293.275,278.0625,5.275,183.28750000000002,0.7,0.00613125,3.125,36.233333333333334,-84.47499996666667,HiQ_LAI_WGS84_5km_8day_2017289.regrid.nc
2017-10-24,2.26626030902988,285.8125,273.23749999999995,3.2750000000000004,144.9125,0.3825,0.0045375,3.825,36.233333333333334,-84.47499996666667,HiQ_LAI_WGS84_5km_8day_2017297.regrid.nc
2017-11-01,1.6396042839150597,290.825,284.05,9.3875,107.72500000000001,0.48375,0.008042500000000001,4.4125000000000005,36.233333333333334,-84.47499996666667,HiQ_LAI_WGS84_5km_8day_2017305.regrid.nc
2017-11-09,1.1218781673048985,284.475,273.41249999999997,0.17500000000000002,130.375,0.345,0.00423875,3.3,36.233333333333334,-84.47499996666667,HiQ_LAI_WGS84_5km_8day_2017313.regrid.nc
2017-11-17,0.7000000000000001,285.525,270.6125,1.6375000000000002,127.15,0.43000000000000005,0.0037250000000000004,4.325,36.233333333333334,-84.47499996666667,HiQ_LAI_WGS84_5km_8day_2017321.regrid.nc
2017-11-25,0.6047395991534849,288.0875,272.45,0.35000000000000003,105.17500000000001,0.49125,0.0042987500000000005,2.5125,36.233333333333334,-84.47499996666667,HiQ_LAI_WGS84_5km_8day_2017329.regrid.nc
2017-12-03,0.6000000000000001,281.2,269.9625,1.975,92.775,0.3400000000000001,0.00321,4.025,36.233333333333334,-84.47499996666667,HiQ_LAI_WGS84_5km_8day_2017337.regrid.nc
2017-12-11,0.6000000000000001,279.9125,269.0,0.225,94.37500000000001,0.31499999999999995,0.0027912500000000003,4.0875,36.233333333333334,-84.47499996666667,HiQ_LAI_WGS84_5km_8day_2017345.regrid.nc
2017-12-19,0.5242796219913695,282.925,273.9375,8.0375,82.36250000000001,0.24,0.004937500000000001,4.5625,36.233333333333334,-84.47499996666667,HiQ_LAI_WGS84_5km_8day_2017353.regrid.nc
2017-12-27,0.5195400228378848,275.84,264.93999999999994,0.0,99.74000000000001,0.29,0.001668,3.6,36.233333333333334,-84.47499996666667,HiQ_LAI_WGS84_5km_8day_2017361.regrid.nc
2018-01-01,0.40473959915348473,270.8875,259.2125,1.175,88.2625,0.21875,0.00111,3.4625000000000004,36.233333333333334,-84.47499996666667,HiQ_LAI_WGS84_5km_8day_2018001.regrid.nc
2018-01-09,0.4804599771621153,279.1125,267.32500000000005,2.0,84.28750000000001,0.24,0.0035325000000000005,4.0625,36.233333333333334,-84.47499996666667,HiQ_LAI_WGS84_5km_8day_2018009.regrid.nc
2018-01-17,0.5,280.5625,269.225,0.625,103.4375,0.4125,0.0028125000000000003,4.2375,36.233333333333334,-84.47499996666667,HiQ_LAI_WGS84_5km_8day_2018017.regrid.nc
2018-01-25,0.40473959915348473,282.6375,269.85,4.487500000000001,101.73750000000001,0.3675,0.003195,4.2,36.233333333333334,-84.47499996666667,HiQ_LAI_WGS84_5km_8day_2018025.regrid.nc
2018-02-02,0.5,280.15,268.375,9.850000000000001,106.45,0.29375,0.0029050000000000005,3.6500000000000004,36.233333333333334,-84.47499996666667,HiQ_LAI_WGS84_5km_8day_2018033.regrid.nc
2018-02-10,0.5195208935096661,286.9625,277.7875,17.212500000000002,76.80000000000001,0.275,0.00655625,4.937500000000001,36.233333333333334,-84.47499996666667,HiQ_LAI_WGS84_5km_8day_2018041.regrid.nc
2018-02-18,0.6047395991534849,292.9625,282.775,7.175000000000001,129.03750000000002,0.55125,0.008226250000000001,4.8125,36.233333333333334,-84.47499996666667,HiQ_LAI_WGS84_5km_8day_2018049.regrid.nc
2018-02-26,0.624260492663151,285.6,273.42499999999995,7.125,144.97500000000002,0.41625,0.00413,4.1375,36.233333333333334,-84.47499996666667,HiQ_LAI_WGS84_5km_8day_2018057.regrid.nc
2018-03-06,0.7047395991534848,281.325,270.1,3.0875000000000004,155.35,0.2975,0.0033925000000000005,4.300000000000001,36.233333333333334,-84.47499996666667,HiQ_LAI_WGS84_5km_8day_2018065.regrid.nc
2018-03-14,0.7094791983069695,286.875,274.075,3.3375000000000004,183.175,0.51,0.004381250000000001,4.5625,36.233333333333334,-84.47499996666667,HiQ_LAI_WGS84_5km_8day_2018073.regrid.nc
2018-03-22,0.724260492663151,286.175,277.36249999999995,6.0375,171.32500000000002,0.39,0.0053950000000000005,4.875,36.233333333333334,-84.47499996666667,HiQ_LAI_WGS84_5km_8day_2018081.regrid.nc
2018-03-30,0.8242604926631509,288.525,275.23749999999995,4.425000000000001,185.85000000000002,0.4525,0.005347500000000001,4.0375000000000005,36.233333333333334,-84.47499996666667,HiQ_LAI_WGS84_5km_8day_2018089.regrid.nc
2018-04-07,1.0899583047973034,288.92499999999995,276.54999999999995,5.6125,206.8625,0.65625,0.00500625,4.1875,36.233333333333334,-84.47499996666667,HiQ_LAI_WGS84_5km_8day_2018097.regrid.nc
2018-04-15,1.1,289.32500000000005,275.025,4.825,206.7375,0.58125,0.00496125,5.275,36.233333333333334,-84.47499996666667,HiQ_LAI_WGS84_5km_8day_2018105.regrid.nc
2018-04-23,1.911817342773983,290.525,278.7625,7.625000000000001,198.17499999999998,0.5862499999999999,0.005837500000000001,3.325,36.233333333333334,-84.47499996666667,HiQ_LAI_WGS84_5km_8day_2018113.regrid.nc
2018-05-01,2.548559243982739,298.0625,283.80000000000007,0.65,280.15,0.7725,0.00951625,3.3625000000000003,36.233333333333334,-84.47499996666667,HiQ_LAI_WGS84_5km_8day_2018121.regrid.nc
2018-05-09,4.202804994721648,301.1125,286.67500000000007,1.275,282.85,0.88625,0.011682500000000002,3.15,36.233333333333334,-84.47499996666667,HiQ_LAI_WGS84_5km_8day_2018129.regrid.nc
2018-05-17,4.097036048417802,300.2875,288.51250000000005,5.2,262.85,0.7937500000000001,0.012307500000000002,2.7375000000000003,36.233333333333334,-84.47499996666667,HiQ_LAI_WGS84_5km_8day_2018137.regrid.nc
2018-05-25,4.531338236283649,299.525,289.95000000000005,11.125,218.31250000000003,0.675,0.01310875,3.6750000000000003,36.233333333333334,-84.47499996666667,HiQ_LAI_WGS84_5km_8day_2018145.regrid.nc
2018-06-02,5.287601031002072,300.9625,286.40000000000003,0.4,300.4375,0.8275000000000001,0.011858750000000001,2.2625,36.233333333333334,-84.47499996666667,HiQ_LAI_WGS84_5km_8day_2018153.regrid.nc
2018-06-10,5.1047395991534845,302.0,289.70000000000005,4.65,281.07500000000005,0.7350000000000001,0.014390000000000002,2.6375,36.233333333333334,-84.47499996666667,HiQ_LAI_WGS84_5km_8day_2018161.regrid.nc
2018-06-18,5.2514216266890426,301.3625,291.3125,6.0875,244.91250000000002,0.69875,0.014828750000000002,3.725,36.233333333333334,-84.47499996666667,HiQ_LAI_WGS84_5km_8day_2018169.regrid.nc
2018-06-26,5.059245670730466,301.29999999999995,291.5875,14.262500000000001,264.975,0.5125,0.01630875,2.8875,36.233333333333334,-84.47499996666667,HiQ_LAI_WGS84_5km_8day_2018177.regrid.nc
2018-07-04,5.228412543357888,302.7375,290.6375,3.575,303.3125,0.65625,0.015850000000000003,2.4875000000000003,36.233333333333334,-84.47499996666667,HiQ_LAI_WGS84_5km_8day_2018185.regrid.nc
2018-07-12,5.098849954645526,302.35,290.0875,5.3125,299.51250000000005,0.63375,0.015467500000000002,2.3500000000000005,36.233333333333334,-84.47499996666667,HiQ_LAI_WGS84_5km_8day_2018193.regrid.nc
2018-07-20,4.875720378008631,299.9375,288.32500000000005,8.9875,263.76250000000005,0.475,0.014090000000000002,2.6500000000000004,36.233333333333334,-84.47499996666667,HiQ_LAI_WGS84_5km_8day_2018201.regrid.nc
2018-07-28,4.631338236283649,299.8,289.1,1.5,269.38750000000005,0.56625,0.01374375,2.2875000000000005,36.233333333333334,-84.47499996666667,HiQ_LAI_WGS84_5km_8day_2018209.regrid.nc
2018-08-05,4.792252268373078,301.1125,290.1875,5.4125,260.1,0.5875,0.014873750000000002,2.625,36.233333333333334,-84.47499996666667,HiQ_LAI_WGS84_5km_8day_2018217.regrid.nc
2018-08-13,4.672775555754651,300.4,290.8125,1.9625,238.91250000000002,0.65625,0.01417125,3.05,36.233333333333334,-84.47499996666667,HiQ_LAI_WGS84_5km_8day_2018225.regrid.nc
2018-08-21,4.741360802158129,300.05,288.25,1.4875,270.9625,0.64375,0.013145,2.8375000000000004,36.233333333333334,-84.47499996666667,HiQ_LAI_WGS84_5km_8day_2018233.regrid.nc
2018-08-29,4.470418281959419,302.5625,290.9625,2.65,243.4,0.8575,0.01449125,2.3125,36.233333333333334,-84.47499996666667,HiQ_LAI_WGS84_5km_8day_2018241.regrid.nc
2018-09-06,4.321903218867919,300.775,289.9625,4.65,212.25,0.6612500000000001,0.014148750000000002,2.1750000000000003,36.233333333333334,-84.47499996666667,HiQ_LAI_WGS84_5km_8day_2018249.regrid.nc
2018-09-14,4.9757203780086305,300.75,290.9,2.0375,180.65000000000003,0.76625,0.013863750000000001,3.1000000000000005,36.233333333333334,-84.47499996666667,HiQ_LAI_WGS84_5km_8day_2018257.regrid.nc
2018-09-22,4.304574720058133,296.05,288.2375,17.887500000000003,142.9875,0.30625,0.01286875,2.8125,36.233333333333334,-84.47499996666667,HiQ_LAI_WGS84_5km_8day_2018265.regrid.nc
2018-09-30,4.307601981859788,300.15,289.0,0.625,197.5625,0.8300000000000001,0.012158750000000001,2.4875000000000003,36.233333333333334,-84.47499996666667,HiQ_LAI_WGS84_5km_8day_2018273.regrid.nc
2018-10-08,4.237202829228588,294.5125,283.7375,3.2875000000000005,163.15,0.59625,0.009065,3.5875000000000004,36.233333333333334,-84.47499996666667,HiQ_LAI_WGS84_5km_8day_2018281.regrid.nc
2018-10-16,3.539041787019332,289.2125,275.0875,1.3624999999999998,171.07500000000002,0.4650000000000001,0.005308750000000001,3.45,36.233333333333334,-84.47499996666667,HiQ_LAI_WGS84_5km_8day_2018289.regrid.nc
2018-10-24,2.727161134025892,287.775,276.7375,2.6500000000000004,125.86250000000001,0.39,0.005655,4.125,36.233333333333334,-84.47499996666667,HiQ_LAI_WGS84_5km_8day_2018297.regrid.nc
2018-11-01,1.7999808706717815,287.1875,277.625,8.8375,115.775,0.35375,0.005900000000000001,4.737500000000001,36.233333333333334,-84.47499996666667,HiQ_LAI_WGS84_5km_8day_2018305.regrid.nc
2018-11-09,1.2000000000000002,279.95000000000005,271.2875,10.5,79.92500000000001,0.21250000000000002,0.00367375,3.9000000000000004,36.233333333333334,-84.47499996666667,HiQ_LAI_WGS84_5km_8day_2018313.regrid.nc
2018-11-17,0.8,284.4,272.45,1.4875,112.7625,0.3325,0.00418375,3.3000000000000003,36.233333333333334,-84.47499996666667,HiQ_LAI_WGS84_5km_8day_2018321.regrid.nc
2018-11-25,0.6000000000000001,281.9375,272.875,5.5875,82.0625,0.31125,0.0042137500000000005,5.275,36.233333333333334,-84.47499996666667,HiQ_LAI_WGS84_5km_8day_2018329.regrid.nc
2018-12-03,0.5804599771621154,276.875,269.525,5.0874999999999995,70.825,0.17625000000000002,0.0030487500000000002,3.5875000000000004,36.233333333333334,-84.47499996666667,HiQ_LAI_WGS84_5km_8day_2018337.regrid.nc
2018-12-11,0.5047395991534847,282.83750000000003,273.4,1.95,83.55000000000001,0.3175,0.004005,3.375,36.233333333333334,-84.47499996666667,HiQ_LAI_WGS84_5km_8day_2018345.regrid.nc
2018-12-19,0.5,280.8125,271.9125,5.3875,78.11250000000001,0.25625,0.0036412500000000004,3.1625,36.233333333333334,-84.47499996666667,HiQ_LAI_WGS84_5km_8day_2018353.regrid.nc
2018-12-27,0.4,285.06000000000006,275.38,17.92,76.24,0.264,0.005464000000000001,3.660000000000001,36.233333333333334,-84.47499996666667,HiQ_LAI_WGS84_5km_8day_2018361.regrid.nc
2019-01-01,0.5047395991534847,286.4,275.525,5.612500000000001,97.15,0.3925,0.00493,4.1375,36.233333333333334,-84.47499996666667,HiQ_LAI_WGS84_5km_8day_2019001.regrid.nc
2019-01-09,0.5047395991534847,276.9625,269.2375,1.5750000000000002,89.3125,0.2375,0.0026412500000000004,3.325,36.233333333333334,-84.47499996666667,HiQ_LAI_WGS84_5km_8day_2019009.regrid.nc
2019-01-17,0.5242796219913695,277.8,267.88750000000005,13.075000000000001,93.25,0.1625,0.00335875,5.1625,36.233333333333334,-84.47499996666667,HiQ_LAI_WGS84_5km_8day_2019017.regrid.nc
2019-01-25,0.5,276.73749999999995,265.825,0.125,110.375,0.29250000000000004,0.00204125,3.825,36.233333333333334,-84.47499996666667,HiQ_LAI_WGS84_5km_8day_2019025.regrid.nc
2019-02-02,0.5,287.475,275.4625,11.8625,126.8125,0.42125,0.00552125,4.175000000000001,36.233333333333334,-84.47499996666667,HiQ_LAI_WGS84_5km_8day_2019033.regrid.nc
2019-02-10,0.5047395991534847,283.95000000000005,274.02500000000003,12.45,95.4625,0.3075,0.00443625,5.075,36.233333333333334,-84.47499996666667,HiQ_LAI_WGS84_5km_8day_2019041.regrid.nc
2019-02-18,0.6047395991534849,283.5625,274.5125,22.125,123.55,0.21499999999999997,0.005078750000000001,5.0375,36.233333333333334,-84.47499996666667,HiQ_LAI_WGS84_5km_8day_2019049.regrid.nc
2019-02-26,0.5242604926631509,281.5375,271.45,4.0125,148.325,0.24750000000000003,0.004221250000000001,3.325,36.233333333333334,-84.47499996666667,HiQ_LAI_WGS84_5km_8day_2019057.regrid.nc
2019-03-06,0.6047395991534849,285.125,274.3875,6.5125,168.175,0.51,0.00383875,4.112500000000001,36.233333333333334,-84.47499996666667,HiQ_LAI_WGS84_5km_8day_2019065.regrid.nc
2019-03-14,0.7851995763156001,286.325,271.86249999999995,0.8625,208.275,0.49749999999999994,0.00369625,4.4125000000000005,36.233333333333334,-84.47499996666667,HiQ_LAI_WGS84_5km_8day_2019073.regrid.nc
2019-03-22,0.8094791983069695,289.61249999999995,274.625,1.1125,224.2625,0.645,0.0042787500000000004,3.8375000000000004,36.233333333333334,-84.47499996666667,HiQ_LAI_WGS84_5km_8day_2019081.regrid.nc
2019-03-30,1.0047395991534847,289.59999999999997,275.5625,3.1875,220.47500000000002,0.58875,0.00503375,3.8125000000000004,36.233333333333334,-84.47499996666667,HiQ_LAI_WGS84_5km_8day_2019089.regrid.nc
2019-04-07,1.4751578811129034,295.6625,282.4875,10.450000000000001,198.5625,0.7312500000000001,0.008171250000000001,4.875,36.233333333333334,-84.47499996666667,HiQ_LAI_WGS84_5km_8day_2019097.regrid.nc
2019-04-15,1.924260492663151,292.4375,279.1625,5.9,223.02499999999998,0.7375,0.006076250000000001,4.075,36.233333333333334,-84.47499996666667,HiQ_LAI_WGS84_5km_8day_2019105.regrid.nc
2019-04-23,3.172756426426432,296.5125,282.5625,0.9,247.6125,0.865,0.007836250000000001,4.675000000000001,36.233333333333334,-84.47499996666667,HiQ_LAI_WGS84_5km_8day_2019113.regrid.nc
2019-05-01,3.7733631042133986,297.0625,285.15,4.6000000000000005,264.9875,0.5962500000000001,0.01054875,3.325,36.233333333333334,-84.47499996666667,HiQ_LAI_WGS84_5km_8day_2019121.regrid.nc
2019-05-09,4.482842302520368,293.9,282.98749999999995,9.1375,271.63750000000005,0.4525,0.00928375,3.3875,36.233333333333334,-84.47499996666667,HiQ_LAI_WGS84_5km_8day_2019129.regrid.nc
2019-05-17,5.112360710341492,301.5125,287.3875,0.05,314.6125,0.9237500000000001,0.01195125,3.7750000000000004,36.233333333333334,-84.47499996666667,HiQ_LAI_WGS84_5km_8day_2019137.regrid.nc
2019-05-25,5.422402405544188,301.70000000000005,288.525,0.2375,300.5375,0.88375,0.01281875,3.675,36.233333333333334,-84.47499996666667,HiQ_LAI_WGS84_5km_8day_2019145.regrid.nc
2019-06-02,5.547244524431286,298.5875,288.8875,11.6625,228.41250000000002,0.5825,0.012780000000000001,3.4875000000000007,36.233333333333334,-84.47499996666667,HiQ_LAI_WGS84_5km_8day_2019153.regrid.nc
2019-06-10,5.570961649526928,297.525,286.1375,2.9625,267.13750000000005,0.5975,0.01127875,3.7125000000000004,36.233333333333334,-84.47499996666667,HiQ_LAI_WGS84_5km_8day_2019161.regrid.nc
2019-06-18,4.989186952813358,299.1625,289.7375,15.4875,245.675,0.39125000000000004,0.014650000000000002,3.9125000000000005,36.233333333333334,-84.47499996666667,HiQ_LAI_WGS84_5km_8day_2019169.regrid.nc
2019-06-26,4.944343883068544,302.6375,290.0125,1.6875,303.51250000000005,0.815,0.014425,1.9500000000000002,36.233333333333334,-84.47499996666667,HiQ_LAI_WGS84_5km_8day_2019177.regrid.nc
2019-07-04,4.563928086797668,302.575,291.65,7.85,269.7375,0.6412500000000001,0.016226250000000005,1.75,36.233333333333334,-84.47499996666667,HiQ_LAI_WGS84_5km_8day_2019185.regrid.nc
2019-07-12,4.536703642552319,302.0625,292.175,2.95,272.07500000000005,0.615,0.01624625,3.2250000000000005,36.233333333333334,-84.47499996666667,HiQ_LAI_WGS84_5km_8day_2019193.regrid.nc
2019-07-20,4.63375882029834,300.175,288.0375,7.1625,292.2875,0.61875,0.01334375,2.9375,36.233333333333334,-84.47499996666667,HiQ_LAI_WGS84_5km_8day_2019201.regrid.nc
2019-07-28,4.4781468842581225,301.20000000000005,289.575,2.6,281.5625,0.73,0.01374375,1.8250000000000002,36.233333333333334,-84.47499996666667,HiQ_LAI_WGS84_5km_8day_2019209.regrid.nc
2019-08-05,4.599980870671782,301.775,289.8375,0.3375,278.125,0.595,0.015158750000000002,2.3625,36.233333333333334,-84.47499996666667,HiQ_LAI_WGS84_5km_8day_2019217.regrid.nc
2019-08-13,4.917182749042653,303.4375,290.32500000000005,1.9500000000000002,294.225,0.8325000000000001,0.015118750000000002,2.0125,36.233333333333334,-84.47499996666667,HiQ_LAI_WGS84_5km_8day_2019225.regrid.nc
2019-08-21,4.920064261077176,299.5375,290.1625,6.25,227.88750000000002,0.45125000000000004,0.014826250000000001,2.9875,36.233333333333334,-84.47499996666667,HiQ_LAI_WGS84_5km_8day_2019233.regrid.nc
2019-08-29,5.2586009391854365,301.8125,287.45000000000005,0.0,279.6,0.8200000000000001,0.012879999999999999,1.9625000000000001,36.233333333333334,-84.47499996666667,HiQ_LAI_WGS84_5km_8day_2019241.regrid.nc
2019-09-06,5.114781294356182,303.5,288.8125,0.21250000000000002,258.95,1.0775000000000001,0.013055,1.9875000000000003,36.233333333333334,-84.47499996666667,HiQ_LAI_WGS84_5km_8day_2019249.regrid.nc
2019-09-14,5.085762073211328,302.925,287.575,0.0,218.35000000000002,1.05125,0.012262499999999999,2.5875000000000004,36.233333333333334,-84.47499996666667,HiQ_LAI_WGS84_5km_8day_2019257.regrid.nc
2019-09-22,4.812942336565438,301.86249999999995,287.275,0.28750000000000003,203.02500000000003,1.06125,0.01135125,2.9875,36.233333333333334,-84.47499996666667,HiQ_LAI_WGS84_5km_8day_2019265.regrid.nc
2019-09-30,4.432463230075104,301.675,287.8625,1.6875,199.9875,1.1687500000000002,0.01102375,3.1750000000000003,36.233333333333334,-84.47499996666667,HiQ_LAI_WGS84_5km_8day_2019273.regrid.nc
2019-10-08,4.169122691736184,294.3,279.875,2.45,193.5125,0.615,0.007703750000000001,2.7625,36.233333333333334,-84.47499996666667,HiQ_LAI_WGS84_5km_8day_2019281.regrid.nc
2019-10-16,3.090520801693031,290.5,277.29999999999995,8.375,180.5,0.4925,0.00608,3.5250000000000004,36.233333333333334,-84.47499996666667,HiQ_LAI_WGS84_5km_8day_2019289.regrid.nc
2019-10-24,2.324842118887097,292.1875,280.1125,10.600000000000001,124.9,0.45,0.0076625,3.7125,36.233333333333334,-84.47499996666667,HiQ_LAI_WGS84_5km_8day_2019297.regrid.nc
2019-11-01,1.870980778855146,284.875,271.5125,2.0,136.0625,0.425,0.0036550000000000003,2.825,36.233333333333334,-84.47499996666667,HiQ_LAI_WGS84_5km_8day_2019305.regrid.nc
2019-11-09,1.2000000000000002,282.55,268.6375,1.55,135.26250000000002,0.42000000000000004,0.0028525000000000004,4.0,36.233333333333334,-84.47499996666667,HiQ_LAI_WGS84_5km_8day_2019313.regrid.nc
2019-11-17,0.8047395991534847,285.575,274.4375,5.95,92.525,0.3425,0.004790000000000001,3.3375000000000004,36.233333333333334,-84.47499996666667,HiQ_LAI_WGS84_5km_8day_2019321.regrid.nc
2019-11-25,0.6851995763156,284.7375,273.6,11.4125,87.825,0.335,0.0045312500000000006,4.8125,36.233333333333334,-84.47499996666667,HiQ_LAI_WGS84_5km_8day_2019329.regrid.nc
2019-12-03,0.6047395991534849,283.6,272.5,3.2625,81.2,0.29625,0.0042787500000000004,3.9125000000000005,36.233333333333334,-84.47499996666667,HiQ_LAI_WGS84_5km_8day_2019337.regrid.nc
2019-12-11,0.6000000000000001,281.38750000000005,271.54999999999995,5.050000000000001,81.0625,0.23875000000000002,0.00412125,4.0,36.233333333333334,-84.47499996666667,HiQ_LAI_WGS84_5km_8day_2019345.regrid.nc
2019-12-19,0.6000000000000001,286.025,273.475,1.6,90.325,0.4725,0.004083750000000001,2.8125,36.233333333333334,-84.47499996666667,HiQ_LAI_WGS84_5km_8day_2019353.regrid.nc
2019-12-27,0.5,287.2,277.16,9.040000000000001,88.52000000000001,0.294,0.006240000000000001,4.42,36.233333333333334,-84.47499996666667,HiQ_LAI_WGS84_5km_8day_2019361.regrid.nc
2020-01-01,0.5195208935096661,282.725,272.3625,11.137500000000001,90.075,0.34,0.0036275000000000005,3.9250000000000003,36.233333333333334,-84.47499996666667,HiQ_LAI_WGS84_5km_8day_2020001.regrid.nc
2020-01-09,0.5,288.025,277.2875,8.25,93.7,0.35375,0.006078750000000001,5.0625,36.233333333333334,-84.47499996666667,HiQ_LAI_WGS84_5km_8day_2020009.regrid.nc
2020-01-17,0.5,277.04999999999995,267.275,5.575,82.6375,0.24250000000000002,0.002555,4.775,36.233333333333334,-84.47499996666667,HiQ_LAI_WGS84_5km_8day_2020017.regrid.nc
2020-01-25,0.5,279.97499999999997,271.95,0.9125000000000001,84.7125,0.22625,0.0036375,2.7750000000000004,36.233333333333334,-84.47499996666667,HiQ_LAI_WGS84_5km_8day_2020025.regrid.nc
2020-02-02,0.4852187056438186,285.125,274.025,20.1625,84.23750000000001,0.37625000000000003,0.0049050000000000005,5.237500000000001,36.233333333333334,-84.47499996666667,HiQ_LAI_WGS84_5km_8day_2020033.regrid.nc
2020-02-10,0.5047395991534847,283.9625,271.6625,11.775,95.65,0.32125000000000004,0.0042762500000000005,3.85,36.233333333333334,-84.47499996666667,HiQ_LAI_WGS84_5km_8day_2020041.regrid.nc
2020-02-18,0.5047395991534847,282.76250000000005,270.9375,5.3500000000000005,123.4,0.29875,0.00387,4.4625,36.233333333333334,-84.47499996666667,HiQ_LAI_WGS84_5km_8day_2020049.regrid.nc
2020-02-26,0.5047395991534847,283.15,271.88750000000005,7.075,139.13750000000002,0.36625,0.0037612500000000003,4.737500000000001,36.233333333333334,-84.47499996666667,HiQ_LAI_WGS84_5km_8day_2020057.regrid.nc
2020-03-05,0.6047395991534849,287.75,276.6,1.8625000000000003,174.85000000000002,0.515,0.004943750000000001,4.6875,36.233333333333334,-84.47499996666667,HiQ_LAI_WGS84_5km_8day_2020065.regrid.nc
2020-03-13,0.6485401146545204,288.1375,280.2,7.65,146.7375,0.33,0.007165,4.1625000000000005,36.233333333333334,-84.47499996666667,HiQ_LAI_WGS84_5km_8day_2020073.regrid.nc
2020-03-21,0.7290192211448542,291.3125,280.8125,8.7125,201.53750000000002,0.5762499999999999,0.0072725,3.8500000000000005,36.233333333333334,-84.47499996666667,HiQ_LAI_WGS84_5km_8day_2020081.regrid.nc
2020-03-29,0.9094791983069694,290.525,277.85,2.4000000000000004,192.4625,0.6925,0.00517875,3.5500000000000003,36.233333333333334,-84.47499996666667,HiQ_LAI_WGS84_5km_8day_2020089.regrid.nc
2020-04-06,1.2047204698252663,292.16249999999997,279.3375,13.300000000000002,208.4625,0.64125,0.00656375,4.825000000000001,36.233333333333334,-84.47499996666667,HiQ_LAI_WGS84_5km_8day_2020097.regrid.nc
2020-04-14,1.5390417870193323,288.9125,275.2,4.8375,238.7,0.63625,0.00419875,3.7750000000000004,36.233333333333334,-84.47499996666667,HiQ_LAI_WGS84_5km_8day_2020105.regrid.nc
2020-04-22,1.9851804469873815,290.6,279.95,11.912500000000001,185.675,0.58625,0.00609375,4.75,36.233333333333334,-84.47499996666667,HiQ_LAI_WGS84_5km_8day_2020113.regrid.nc
2020-04-30,3.4122400121373784,293.1875,280.1,1.4625,266.9125,0.63125,0.007331250000000001,4.325000000000001,36.233333333333334,-84.47499996666667,HiQ_LAI_WGS84_5km_8day_2020121.regrid.nc
2020-05-08,3.605302096049212,290.35,278.125,2.9250000000000003,249.8125,0.5687500000000001,0.00604125,3.6125000000000003,36.233333333333334,-84.47499996666667,HiQ_LAI_WGS84_5km_8day_2020129.regrid.nc
2020-05-16,4.307601981859788,296.2625,286.2875,9.6625,224.83750000000003,0.6275,0.0103075,2.7750000000000004,36.233333333333334,-84.47499996666667,HiQ_LAI_WGS84_5km_8day_2020137.regrid.nc
2020-05-24,4.905302096049212,298.4125,287.0625,4.0125,253.16250000000002,0.72875,0.01106625,2.9875000000000003,36.233333333333334,-84.47499996666667,HiQ_LAI_WGS84_5km_8day_2020145.regrid.nc
2020-06-01,4.951421626689043,301.5625,289.51249999999993,1.2875,293.3,0.8300000000000001,0.013401250000000002,3.125,36.233333333333334,-84.47499996666667,HiQ_LAI_WGS84_5km_8day_2020153.regrid.nc
2020-06-09,5.087556850110833,298.3625,285.725,0.4625,273.5625,0.6975,0.010927500000000001,3.8125,36.233333333333334,-84.47499996666667,HiQ_LAI_WGS84_5km_8day_2020161.regrid.nc
2020-06-17,5.197598545313529,298.57500000000005,288.3125,5.1875,236.03750000000002,0.6487499999999999,0.01213375,2.8000000000000003,36.233333333333334,-84.47499996666667,HiQ_LAI_WGS84_5km_8day_2020169.regrid.nc
2020-06-25,4.305914491172606,300.15,290.13750000000005,5.1375,263.3125,0.595,0.014176250000000001,3.1750000000000003,36.233333333333334,-84.47499996666667,HiQ_LAI_WGS84_5km_8day_2020177.regrid.nc
2020-07-03,4.487537720782614,303.275,290.8625,2.575,307.775,0.8200000000000001,0.015268750000000001,1.5625,36.233333333333334,-84.47499996666667,HiQ_LAI_WGS84_5km_8day_2020185.regrid.nc
2020-07-11,4.7348072967769195,303.575,290.7125,0.25,332.2875,0.7862500000000001,0.01576125,2.45,36.233333333333334,-84.47499996666667,HiQ_LAI_WGS84_5km_8day_2020193.regrid.nc
2020-07-19,4.538479290123606,303.3875,291.95,11.262500000000003,263.15000000000003,0.83625,0.015765,2.025,36.233333333333334,-84.47499996666667,HiQ_LAI_WGS84_5km_8day_2020201.regrid.nc
2020-07-27,4.087556850110833,301.63749999999993,291.075,12.137500000000001,255.07500000000002,0.68625,0.015037500000000002,3.075,36.233333333333334,-84.47499996666667,HiQ_LAI_WGS84_5km_8day_2020209.regrid.nc
2020-08-04,4.797579415985311,301.0625,289.23749999999995,5.925000000000001,275.88750000000005,0.6575000000000001,0.014033750000000001,1.5750000000000002,36.233333333333334,-84.47499996666667,HiQ_LAI_WGS84_5km_8day_2020217.regrid.nc
2020-08-12,4.611880652993441,300.63750000000005,289.8625,2.7250000000000005,247.47500000000002,0.60375,0.014337500000000001,1.875,36.233333333333334,-84.47499996666667,HiQ_LAI_WGS84_5km_8day_2020225.regrid.nc
2020-08-20,3.4039550400761227,300.54999999999995,290.6375,2.6875000000000004,233.27500000000003,0.6275000000000001,0.014405000000000001,2.2125,36.233333333333334,-84.47499996666667,HiQ_LAI_WGS84_5km_8day_2020233.regrid.nc
2020-08-28,3.215349713486711,301.45000000000005,292.375,5.4750000000000005,229.52500000000003,0.7475,0.0150625,3.9750000000000005,36.233333333333334,-84.47499996666667,HiQ_LAI_WGS84_5km_8day_2020241.regrid.nc
2020-09-05,5.201775647571287,302.07499999999993,289.45,0.65,255.67500000000004,1.1675,0.011595000000000001,2.4625000000000004,36.233333333333334,-84.47499996666667,HiQ_LAI_WGS84_5km_8day_2020249.regrid.nc
2020-09-13,4.56146332189174,297.7125,287.0625,1.7375,206.3,0.7025,0.01098,3.6375,36.233333333333334,-84.47499996666667,HiQ_LAI_WGS84_5km_8day_2020257.regrid.nc
2020-09-21,4.74666289820734,294.5375,285.3375,5.4750000000000005,181.125,0.6637500000000001,0.008852500000000001,2.7125000000000004,36.233333333333334,-84.47499996666667,HiQ_LAI_WGS84_5km_8day_2020265.regrid.nc
2020-09-29,4.92475967933942,291.8125,278.2,0.1125,198.95,0.57875,0.00617875,2.875,36.233333333333334,-84.47499996666667,HiQ_LAI_WGS84_5km_8day_2020273.regrid.nc
2020-10-07,3.954366448943023,295.225,283.9625,5.075,165.47500000000002,0.5962500000000001,0.009212500000000002,3.1625,36.233333333333334,-84.47499996666667,HiQ_LAI_WGS84_5km_8day_2020281.regrid.nc
2020-10-15,2.83665946166108,293.36249999999995,280.1125,0.41250000000000003,185.3125,0.5375000000000001,0.007827500000000001,3.1875,36.233333333333334,-84.47499996666667,HiQ_LAI_WGS84_5km_8day_2020289.regrid.nc
2020-10-23,2.156180355170746,292.0375,282.4375,11.900000000000002,130.25,0.2575,0.0096725,3.1,36.233333333333334,-84.47499996666667,HiQ_LAI_WGS84_5km_8day_2020297.regrid.nc
2020-10-31,1.2905016723648122,289.825,274.01249999999993,0.037500000000000006,151.5875,0.62125,0.004486250000000001,3.1875,36.233333333333334,-84.47499996666667,HiQ_LAI_WGS84_5km_8day_2020305.regrid.nc
2020-11-08,0.8195208935096662,292.625,278.4875,10.0875,117.6375,0.585,0.006775000000000001,3.875,36.233333333333334,-84.47499996666667,HiQ_LAI_WGS84_5km_8day_2020313.regrid.nc
2020-11-16,0.7000000000000001,286.7125,272.8,0.9,126.72500000000001,0.5025000000000001,0.0038887500000000007,3.575,36.233333333333334,-84.47499996666667,HiQ_LAI_WGS84_5km_8day_2020321.regrid.nc
2020-11-24,0.6047395991534849,282.65000000000003,272.3625,4.45,92.1375,0.22,0.00468375,4.275,36.233333333333334,-84.47499996666667,HiQ_LAI_WGS84_5km_8day_2020329.regrid.nc
2020-12-02,0.6047395991534849,280.125,269.0875,2.65,91.57500000000002,0.245,0.00328875,2.925,36.233333333333334,-84.47499996666667,HiQ_LAI_WGS84_5km_8day_2020337.regrid.nc
2020-12-10,0.6000000000000001,282.1875,272.20000000000005,6.0625,85.42500000000001,0.265,0.0042075,3.5,36.233333333333334,-84.47499996666667,HiQ_LAI_WGS84_5km_8day_2020345.regrid.nc
2020-12-18,0.6000000000000001,279.1875,269.325,5.3125,85.36250000000001,0.2625,0.0031175,4.625,36.233333333333334,-84.47499996666667,HiQ_LAI_WGS84_5km_8day_2020353.regrid.nc
2020-12-26,0.6047395991534849,283.18333333333334,270.76666666666665,0.5666666666666668,88.86666666666667,0.33499999999999996,0.003673333333333334,4.116666666666666,36.233333333333334,-84.47499996666667,HiQ_LAI_WGS84_5km_8day_2020361.regrid.nc
2021-01-01,0.6047395991534849,279.5375,271.2875,1.7125000000000004,87.76249999999999,0.19375000000000003,0.0038562500000000007,3.7625,36.233333333333334,-84.47499996666667,HiQ_LAI_WGS84_5km_8day_2021001.regrid.nc
2021-01-09,0.6000000000000001,276.5375,268.2875,1.1125,104.23750000000001,0.22625,0.0025375000000000007,3.1625,36.233333333333334,-84.47499996666667,HiQ_LAI_WGS84_5km_8day_2021009.regrid.nc
2021-01-17,0.5804599771621154,279.475,270.0,3.0250000000000004,86.325,0.30374999999999996,0.0027775000000000005,3.825,36.233333333333334,-84.47499996666667,HiQ_LAI_WGS84_5km_8day_2021017.regrid.nc
2021-01-25,0.6047395991534849,279.95,269.9625,5.225,93.075,0.24750000000000003,0.0034862500000000006,4.7625,36.233333333333334,-84.47499996666667,HiQ_LAI_WGS84_5km_8day_2021025.regrid.nc
2021-02-02,0.6047395991534849,278.1625,268.3125,2.3125,111.42500000000001,0.22999999999999998,0.0028375000000000006,3.5250000000000004,36.233333333333334,-84.47499996666667,HiQ_LAI_WGS84_5km_8day_2021033.regrid.nc
2021-02-10,0.6047395991534849,275.3,267.79999999999995,6.612500000000001,67.9375,0.1,0.0033525000000000004,3.2125000000000004,36.233333333333334,-84.47499996666667,HiQ_LAI_WGS84_5km_8day_2021041.regrid.nc
2021-02-18,0.6047395991534849,283.0625,269.275,1.6375000000000002,145.9875,0.425,0.0031600000000000005,3.825,36.233333333333334,-84.47499996666667,HiQ_LAI_WGS84_5km_8day_2021049.regrid.nc
2021-02-26,0.6390609163475509,286.3375,274.35,7.525,152.40000000000003,0.41250000000000003,0.0047225,4.0375,36.233333333333334,-84.47499996666667,HiQ_LAI_WGS84_5km_8day_2021057.regrid.nc
2021-03-06,0.7195208935096662,289.67499999999995,275.5375,1.1125,177.77500000000003,0.7250000000000001,0.0041875,3.7250000000000005,36.233333333333334,-84.47499996666667,HiQ_LAI_WGS84_5km_8day_2021065.regrid.nc
2021-03-14,0.8047395991534847,289.6875,276.925,8.4,165.57500000000002,0.5625,0.00527125,4.550000000000001,36.233333333333334,-84.47499996666667,HiQ_LAI_WGS84_5km_8day_2021073.regrid.nc
2021-03-22,0.8242604926631509,291.925,278.95,21.6,187.875,0.61625,0.0062787500000000005,3.9875000000000003,36.233333333333334,-84.47499996666667,HiQ_LAI_WGS84_5km_8day_2021081.regrid.nc
2021-03-30,0.9851995763156,289.2125,274.125,5.825000000000001,223.1125,0.64875,0.004430000000000001,3.9,36.233333333333334,-84.47499996666667,HiQ_LAI_WGS84_5km_8day_2021089.regrid.nc
2021-04-07,1.1946787746225696,294.0125,280.8125,3.125,205.55,0.7275,0.0068112500000000005,3.9000000000000004,36.233333333333334,-84.47499996666667,HiQ_LAI_WGS84_5km_8day_2021097.regrid.nc
2021-04-15,1.5390417870193323,287.125,273.5,0.975,204.62500000000003,0.44625000000000004,0.004516250000000001,3.0125,36.233333333333334,-84.47499996666667,HiQ_LAI_WGS84_5km_8day_2021105.regrid.nc
2021-04-23,2.2094791983069695,292.5875,280.6625,6.425000000000001,213.525,0.6187499999999999,0.007190000000000001,4.2375,36.233333333333334,-84.47499996666667,HiQ_LAI_WGS84_5km_8day_2021113.regrid.nc
2021-05-01,3.7999808706717815,292.025,280.3875,3.3625000000000003,245.72500000000002,0.4675,0.00766,4.0625,36.233333333333334,-84.47499996666667,HiQ_LAI_WGS84_5km_8day_2021121.regrid.nc
2021-05-09,3.8467453377550154,291.55,277.95,4.725,266.65000000000003,0.475,0.006888750000000001,3.7625,36.233333333333334,-84.47499996666667,HiQ_LAI_WGS84_5km_8day_2021129.regrid.nc
2021-05-17,4.717706987281943,299.0625,284.525,0.0,297.01250000000005,0.825,0.01002125,2.5375,36.233333333333334,-84.47499996666667,HiQ_LAI_WGS84_5km_8day_2021137.regrid.nc
2021-05-25,4.982842302520368,296.1625,283.76250000000005,7.0375000000000005,273.88750000000005,0.5725,0.010125000000000002,3.125,36.233333333333334,-84.47499996666667,HiQ_LAI_WGS84_5km_8day_2021145.regrid.nc
2021-06-02,4.897080229309042,297.775,288.96250000000003,8.8125,220.07500000000002,0.42875,0.013322500000000001,3.0625,36.233333333333334,-84.47499996666667,HiQ_LAI_WGS84_5km_8day_2021153.regrid.nc
2021-06-10,5.160919954324231,299.8125,287.7625,5.1375,276.15000000000003,0.615,0.012971250000000002,2.5125,36.233333333333334,-84.47499996666667,HiQ_LAI_WGS84_5km_8day_2021161.regrid.nc
2021-06-18,5.155656116931456,299.7375,287.0625,2.0375,301.0,0.5912499999999999,0.01283875,3.7,36.233333333333334,-84.47499996666667,HiQ_LAI_WGS84_5km_8day_2021169.regrid.nc
2021-06-26,4.795260400846516,300.51250000000005,289.0625,5.1375,276.9625,0.6712499999999999,0.013558750000000001,3.05,36.233333333333334,-84.47499996666667,HiQ_LAI_WGS84_5km_8day_2021177.regrid.nc
2021-07-04,5.11187473075864,300.65,290.6875,8.575000000000001,276.975,0.6375,0.01443875,2.9625000000000004,36.233333333333334,-84.47499996666667,HiQ_LAI_WGS84_5km_8day_2021185.regrid.nc
2021-07-12,4.741942428382074,300.125,290.75,3.5250000000000004,253.07500000000002,0.58875,0.0144,3.325,36.233333333333334,-84.47499996666667,HiQ_LAI_WGS84_5km_8day_2021193.regrid.nc
2021-07-20,5.144305624412107,301.90000000000003,289.34999999999997,0.9750000000000001,295.52500000000003,0.59625,0.01506625,1.9500000000000002,36.233333333333334,-84.47499996666667,HiQ_LAI_WGS84_5km_8day_2021201.regrid.nc
2021-07-28,5.025245658922273,300.85,288.825,3.825,300.05,0.58375,0.0142575,2.325,36.233333333333334,-84.47499996666667,HiQ_LAI_WGS84_5km_8day_2021209.regrid.nc
2021-08-05,3.933777949626558,301.76250000000005,290.84999999999997,3.7625,281.525,0.8237500000000001,0.01409875,2.475,36.233333333333334,-84.47499996666667,HiQ_LAI_WGS84_5km_8day_2021217.regrid.nc
2021-08-13,3.566974273029169,300.3375,291.475,8.9875,210.60000000000002,0.5750000000000001,0.015020000000000002,2.0875000000000004,36.233333333333334,-84.47499996666667,HiQ_LAI_WGS84_5km_8day_2021225.regrid.nc
2021-08-21,3.9675176405966783,302.975,291.5375,1.2875,263.88750000000005,0.7887500000000001,0.01552,1.5875,36.233333333333334,-84.47499996666667,HiQ_LAI_WGS84_5km_8day_2021233.regrid.nc
2021-08-29,3.496435292865637,298.4125,288.6375,8.125,215.8625,0.58125,0.012606250000000001,2.7125000000000004,36.233333333333334,-84.47499996666667,HiQ_LAI_WGS84_5km_8day_2021241.regrid.nc
2021-09-06,4.550455589758139,298.775,285.575,0.0,259.96250000000003,0.6425000000000001,0.0113325,2.4625000000000004,36.233333333333334,-84.47499996666667,HiQ_LAI_WGS84_5km_8day_2021249.regrid.nc
2021-09-14,3.6308964375920354,297.475,289.5,11.625000000000002,166.1375,0.44375,0.013188750000000003,2.3,36.233333333333334,-84.47499996666667,HiQ_LAI_WGS84_5km_8day_2021257.regrid.nc
2021-09-22,4.863334616104119,294.75,281.875,3.225,216.875,0.5275,0.008845,2.4000000000000004,36.233333333333334,-84.47499996666667,HiQ_LAI_WGS84_5km_8day_2021265.regrid.nc
2021-09-30,3.058581809857217,296.48749999999995,288.2625,5.7250000000000005,166.41250000000002,0.64625,0.010830000000000001,2.9125000000000005,36.233333333333334,-84.47499996666667,HiQ_LAI_WGS84_5km_8day_2021273.regrid.nc
2021-10-08,3.6585818098572167,297.4125,287.79999999999995,1.4375,193.75,0.6287500000000001,0.011285000000000002,2.35,36.233333333333334,-84.47499996666667,HiQ_LAI_WGS84_5km_8day_2021281.regrid.nc
2021-10-16,3.2023190151387952,291.1,277.6625,0.275,188.66250000000002,0.48500000000000004,0.006426250000000001,2.825,36.233333333333334,-84.47499996666667,HiQ_LAI_WGS84_5km_8day_2021289.regrid.nc
2021-10-24,2.7076211111880073,288.275,279.54999999999995,6.65,121.07499999999999,0.39,0.006427500000000001,4.0375000000000005,36.233333333333334,-84.47499996666667,HiQ_LAI_WGS84_5km_8day_2021297.regrid.nc
2021-11-01,1.7195208935096662,285.3625,273.0,0.05,138.3625,0.47625,0.00372,2.6875,36.233333333333334,-84.47499996666667,HiQ_LAI_WGS84_5km_8day_2021305.regrid.nc
2021-11-09,1.0195208935096662,286.9875,273.7875,2.1750000000000003,125.6875,0.45375000000000004,0.00462625,3.7875,36.233333333333334,-84.47499996666667,HiQ_LAI_WGS84_5km_8day_2021313.regrid.nc
2021-11-17,0.9,283.65,271.275,2.35,111.3125,0.36750000000000005,0.00377375,3.9124999999999996,36.233333333333334,-84.47499996666667,HiQ_LAI_WGS84_5km_8day_2021321.regrid.nc
2021-11-25,0.6047395991534849,283.8,270.3875,0.8125,108.13750000000002,0.38875,0.0035062500000000003,3.75,36.233333333333334,-84.47499996666667,HiQ_LAI_WGS84_5km_8day_2021329.regrid.nc
2021-12-03,0.6047395991534849,286.1875,274.0,2.45,83.2,0.34750000000000003,0.005065,4.025,36.233333333333334,-84.47499996666667,HiQ_LAI_WGS84_5km_8day_2021337.regrid.nc
2021-12-11,0.6047395991534849,287.85,274.875,7.8375,89.82500000000002,0.38625,0.00545625,4.125,36.233333333333334,-84.47499996666667,HiQ_LAI_WGS84_5km_8day_2021345.regrid.nc
2021-12-19,0.5804599771621154,283.77500000000003,273.525,0.0,105.125,0.3575,0.0043412500000000005,4.05,36.233333333333334,-84.47499996666667,HiQ_LAI_WGS84_5km_8day_2021353.regrid.nc
2021-12-27,0.30473959915348475,289.62,283.02,9.32,73.60000000000001,0.33399999999999996,0.007986,4.2,36.233333333333334,-84.47499996666667,HiQ_LAI_WGS84_5km_8day_2021361.regrid.nc
2022-01-01,0.5,279.8125,267.5625,9.975,97.78750000000001,0.24,0.00358625,4.6375,36.233333333333334,-84.47499996666667,HiQ_LAI_WGS84_5km_8day_2022001.regrid.nc
2022-01-09,0.5047395991534847,278.9,268.325,8.162500000000001,90.1625,0.26875000000000004,0.0027512500000000002,3.7625,36.233333333333334,-84.47499996666667,HiQ_LAI_WGS84_5km_8day_2022009.regrid.nc
2022-01-17,0.6000000000000001,275.2375,265.82500000000005,3.1375,100.9625,0.2075,0.0023012500000000003,3.9750000000000005,36.233333333333334,-84.47499996666667,HiQ_LAI_WGS84_5km_8day_2022017.regrid.nc
2022-01-25,0.6000000000000001,277.4,264.6,1.0875000000000001,119.60000000000001,0.28,0.00214625,3.45,36.233333333333334,-84.47499996666667,HiQ_LAI_WGS84_5km_8day_2022025.regrid.nc
2022-02-02,0.6047395991534849,281.475,268.5,7.575000000000001,114.3125,0.30625,0.003255,3.8000000000000003,36.233333333333334,-84.47499996666667,HiQ_LAI_WGS84_5km_8day_2022033.regrid.nc
2022-02-10,0.6047395991534849,284.7625,269.9,2.7750000000000004,135.3,0.425,0.0035650000000000005,5.0875,36.233333333333334,-84.47499996666667,HiQ_LAI_WGS84_5km_8day_2022041.regrid.nc
2022-02-18,0.624260492663151,283.225,272.01250000000005,19.3125,136.75,0.215,0.00485625,4.4875,36.233333333333334,-84.47499996666667,HiQ_LAI_WGS84_5km_8day_2022049.regrid.nc
2022-02-26,0.7047395991534848,289.26250000000005,273.6,1.5375,168.47500000000002,0.655,0.0043175,3.4125,36.233333333333334,-84.47499996666667,HiQ_LAI_WGS84_5km_8day_2022057.regrid.nc
2022-03-06,0.724260492663151,285.0375,270.975,7.0,163.5375,0.37,0.00457,4.575,36.233333333333334,-84.47499996666667,HiQ_LAI_WGS84_5km_8day_2022065.regrid.nc
2022-03-14,0.8047395991534847,289.8625,274.975,1.8875000000000002,199.25,0.56625,0.0049625,3.725,36.233333333333334,-84.47499996666667,HiQ_LAI_WGS84_5km_8day_2022073.regrid.nc
2022-03-22,0.9,287.15,273.4625,2.4125,203.32500000000002,0.5725,0.00394875,4.9,36.233333333333334,-84.47499996666667,HiQ_LAI_WGS84_5km_8day_2022081.regrid.nc
2022-03-30,0.9047395991534847,290.04999999999995,275.525,3.8375,202.41250000000002,0.545,0.005376250000000001,4.7875,36.233333333333334,-84.47499996666667,HiQ_LAI_WGS84_5km_8day_2022089.regrid.nc
2022-04-07,1.1751578811129035,288.375,275.6875,8.5875,181.58750000000003,0.47375000000000006,0.00547625,4.9375,36.233333333333334,-84.47499996666667,HiQ_LAI_WGS84_5km_8day_2022097.regrid.nc
2022-04-15,1.7508782591215337,291.22499999999997,278.20000000000005,4.175000000000001,226.8,0.64625,0.00582125,4.025,36.233333333333334,-84.47499996666667,HiQ_LAI_WGS84_5km_8day_2022105.regrid.nc
2022-04-23,2.1556369876032373,295.325,281.575,3.7875,239.57500000000002,0.8125,0.00734875,3.8625000000000003,36.233333333333334,-84.47499996666667,HiQ_LAI_WGS84_5km_8day_2022113.regrid.nc
2022-05-01,4.043718075953359,295.125,281.95000000000005,7.5625,243.3,0.4425,0.009662500000000001,4.05,36.233333333333334,-84.47499996666667,HiQ_LAI_WGS84_5km_8day_2022121.regrid.nc
2022-05-09,4.857406712939722,298.6,284.125,1.075,294.56250000000006,0.73875,0.010132500000000001,2.6125,36.233333333333334,-84.47499996666667,HiQ_LAI_WGS84_5km_8day_2022129.regrid.nc
2022-05-17,4.838454238560585,298.59999999999997,287.1,2.8875,274.5,0.7025,0.01149,3.9375,36.233333333333334,-84.47499996666667,HiQ_LAI_WGS84_5km_8day_2022137.regrid.nc
2022-05-25,5.216556941927468,298.475,286.75,3.0375,292.05000000000007,0.68125,0.011446250000000002,3.425,36.233333333333334,-84.47499996666667,HiQ_LAI_WGS84_5km_8day_2022145.regrid.nc
2022-06-02,4.999980870671782,299.0,286.1625,3.6750000000000003,262.38750000000005,0.52125,0.012433750000000002,3.7,36.233333333333334,-84.47499996666667,HiQ_LAI_WGS84_5km_8day_2022153.regrid.nc
2022-06-10,5.180479106490335,302.875,290.45000000000005,0.9625,287.675,0.74375,0.015585,2.725,36.233333333333334,-84.47499996666667,HiQ_LAI_WGS84_5km_8day_2022161.regrid.nc
2022-06-18,5.195260400846516,302.8,287.375,0.1625,314.6625,1.00875,0.012516250000000001,2.8125,36.233333333333334,-84.47499996666667,HiQ_LAI_WGS84_5km_8day_2022169.regrid.nc
2022-06-26,5.3763402628890145,301.95,289.4375,4.450000000000001,268.51250000000005,0.7762500000000001,0.01400125,2.5375,36.233333333333334,-84.47499996666667,HiQ_LAI_WGS84_5km_8day_2022177.regrid.nc
2022-07-04,5.283980503405239,302.79999999999995,291.7375,17.025000000000002,277.25,0.62375,0.016607500000000004,2.375,36.233333333333334,-84.47499996666667,HiQ_LAI_WGS84_5km_8day_2022185.regrid.nc
2022-07-12,5.13960428391506,301.7125,289.9875,6.0625,279.7375,0.5800000000000001,0.015288750000000002,2.975,36.233333333333334,-84.47499996666667,HiQ_LAI_WGS84_5km_8day_2022193.regrid.nc
2022-07-20,5.201042554243779,302.70000000000005,292.275,6.4625,281.35,0.5775,0.01701375,3.7,36.233333333333334,-84.47499996666667,HiQ_LAI_WGS84_5km_8day_2022201.regrid.nc
2022-07-28,4.154456173349313,300.875,291.8125,8.2125,237.77500000000003,0.46749999999999997,0.01618375,3.1000000000000005,36.233333333333334,-84.47499996666667,HiQ_LAI_WGS84_5km_8day_2022209.regrid.nc
2022-08-05,4.310041695202697,300.95,290.67499999999995,3.6000000000000005,232.7125,0.5887500000000001,0.01500125,2.3125,36.233333333333334,-84.47499996666667,HiQ_LAI_WGS84_5km_8day_2022217.regrid.nc
2022-08-13,4.046182840859289,299.625,288.5375,0.225,259.875,0.63,0.012943750000000002,2.4125,36.233333333333334,-84.47499996666667,HiQ_LAI_WGS84_5km_8day_2022225.regrid.nc
2022-08-21,4.026080321125677,301.0,289.23750000000007,4.7250000000000005,259.0,0.635,0.01413375,1.95,36.233333333333334,-84.47499996666667,HiQ_LAI_WGS84_5km_8day_2022233.regrid.nc
2022-08-29,4.968061008164186,300.01250000000005,289.38750000000005,10.650000000000002,218.37500000000003,0.64375,0.013518750000000001,2.6875,36.233333333333334,-84.47499996666667,HiQ_LAI_WGS84_5km_8day_2022241.regrid.nc
2022-09-06,5.043800515501036,297.75,286.76250000000005,3.1875,213.26250000000002,0.52125,0.011946250000000002,2.7875,36.233333333333334,-84.47499996666667,HiQ_LAI_WGS84_5km_8day_2022249.regrid.nc
2022-09-14,5.097118487965478,299.9375,286.4125,0.0,245.41250000000002,0.7225,0.011876250000000001,2.3375000000000004,36.233333333333334,-84.47499996666667,HiQ_LAI_WGS84_5km_8day_2022257.regrid.nc
2022-09-22,4.736722771880538,294.175,279.5625,1.3375000000000001,213.2625,0.61875,0.007361250000000001,4.262500000000001,36.233333333333334,-84.47499996666667,HiQ_LAI_WGS84_5km_8day_2022265.regrid.nc
2022-09-30,3.988163527897799,293.175,278.61249999999995,0.0,217.77500000000003,0.72,0.006010000000000001,3.4749999999999996,36.233333333333334,-84.47499996666667,HiQ_LAI_WGS84_5km_8day_2022273.regrid.nc
2022-10-08,3.149121740878466,292.6625,277.0375,1.3125,205.70000000000002,0.6837500000000001,0.005745,3.8125,36.233333333333334,-84.47499996666667,HiQ_LAI_WGS84_5km_8day_2022281.regrid.nc
2022-10-24,1.8508591297933155,291.5625,279.4375,2.2750000000000004,146.6625,0.5487500000000001,0.006667500000000001,3.7125000000000004,36.233333333333334,-84.47499996666667,HiQ_LAI_WGS84_5km_8day_2022297.regrid.nc
2022-11-01,0.9195208935096661,294.1125,283.0,0.925,118.17500000000001,0.71375,0.007501250000000001,3.35,36.233333333333334,-84.47499996666667,HiQ_LAI_WGS84_5km_8day_2022305.regrid.nc
2022-11-09,0.8242796219913695,283.8125,273.5375,7.300000000000001,99.9375,0.385,0.004355,3.2625,36.233333333333334,-84.47499996666667,HiQ_LAI_WGS84_5km_8day_2022313.regrid.nc
2022-11-17,0.6047395991534849,282.7,268.2875,0.125,125.2125,0.49,0.0024125,2.75,36.233333333333334,-84.47499996666667,HiQ_LAI_WGS84_5km_8day_2022321.regrid.nc
2022-11-25,0.6000000000000001,285.4125,273.22499999999997,8.0,97.3125,0.32375,0.004711250000000001,4.375,36.233333333333334,-84.47499996666667,HiQ_LAI_WGS84_5km_8day_2022329.regrid.nc
2022-12-03,0.5047395991534847,285.325,276.85,12.150000000000002,65.5375,0.17,0.006360000000000001,3.2375000000000007,36.233333333333334,-84.47499996666667,HiQ_LAI_WGS84_5km_8day_2022337.regrid.nc
2022-12-11,0.5047395991534847,281.125,271.88750000000005,9.8375,93.8375,0.1825,0.0042825,4.325,36.233333333333334,-84.47499996666667,HiQ_LAI_WGS84_5km_8day_2022345.regrid.nc
2022-12-19,0.5390609163475509,272.9,261.125,1.0250000000000001,85.7,0.19375000000000003,0.00204,4.175,36.233333333333334,-84.47499996666667,HiQ_LAI_WGS84_5km_8day_2022353.regrid.nc
2022-12-27,0.5047395991534847,285.8,273.5,0.78,91.96000000000001,0.43000000000000005,0.004274,4.140000000000001,36.233333333333334,-84.47499996666667,HiQ_LAI_WGS84_5km_8day_2022361.regrid.nc
