date,LAI,tmmx,tmmn,pr,srad,vpd,sph,vs,lat,lon
2000-02-18,0.30000000000000004,294.52500000000003,278.325,1.5875,172.27500000000003,0.87625,0.005783750000000001,5.4125,33.775000000000006,-99.51666663333334
2000-02-26,0.3536860031775852,293.53749999999997,278.2125,0.9750000000000001,199.22500000000002,0.9900000000000001,0.00434625,5.125,33.775000000000006,-99.51666663333334
2000-03-05,0.40692179124937683,294.325,278.15,0.45,215.375,0.9025,0.005497500000000001,5.512499999999999,33.775000000000006,-99.51666663333334
2000-03-13,0.4536860031775852,293.02500000000003,276.13750000000005,0.28750000000000003,198.18750000000003,0.7362500000000001,0.00556375,4.975,33.775000000000006,-99.51666663333334
2000-03-21,0.4536860031775852,297.65,283.8625,11.174999999999999,200.9125,0.9725000000000001,0.0079675,4.2125,33.775000000000006,-99.51666663333334
2000-03-29,0.5069217912493769,292.45,278.9375,2.1250000000000004,215.56250000000003,0.7124999999999999,0.005996250000000001,4.65,33.775000000000006,-99.51666663333334
2000-04-06,0.5596573141144162,296.275,281.15,1.2750000000000001,231.2125,1.0125000000000002,0.006571250000000001,4.9750000000000005,33.775000000000006,-99.51666663333334
2000-04-14,0.606921791249377,301.61249999999995,285.275,1.05,271.375,1.4475,0.008108750000000001,4.6000000000000005,33.775000000000006,-99.51666663333334
2000-04-22,0.7069217912493769,300.975,285.8375,2.225,269.27500000000003,1.3425000000000002,0.0081475,4.6625,33.775000000000006,-99.51666663333334
2000-04-30,0.7128931021862079,301.3375,288.05,1.7000000000000002,266.75,1.13625,0.01141875,4.5,33.775000000000006,-99.51666663333334
2000-05-08,0.7059713109368311,305.225,287.8,0.08750000000000001,310.45000000000005,1.875,0.009456250000000001,6.012499999999999,33.775000000000006,-99.51666663333334
2000-05-16,0.6596573141144162,306.9875,291.03749999999997,1.5875000000000001,296.0375,2.3337499999999998,0.009575000000000002,5.437500000000001,33.775000000000006,-99.51666663333334
2000-05-24,0.605971310936831,310.4875,294.775,3.5375000000000005,317.79999999999995,2.5100000000000002,0.013015,5.075,33.775000000000006,-99.51666663333334
2000-06-01,0.5596573141144162,302.11249999999995,291.2,7.4375,253.5,1.125,0.012556250000000001,3.9125000000000005,33.775000000000006,-99.51666663333334
2000-06-09,0.5527355228650395,306.3375,292.8375,0.35000000000000003,295.95000000000005,1.4525000000000001,0.01441375,6.075,33.775000000000006,-99.51666663333334
2000-06-17,0.505971310936831,304.70000000000005,294.18750000000006,7.9375,254.38750000000002,1.23,0.015367500000000001,4.762500000000001,33.775000000000006,-99.51666663333334
2000-06-25,0.605971310936831,304.58750000000003,295.45,4.25,247.45000000000002,1.13625,0.016305000000000004,4.112500000000001,33.775000000000006,-99.51666663333334
2000-07-03,0.5656286250512472,309.8375,294.75,0.0,340.38750000000005,2.1525,0.0143025,4.9750000000000005,33.775000000000006,-99.51666663333334
2000-07-11,0.646313996822415,312.08750000000003,297.675,0.9625,324.55,2.90375,0.013765,3.3000000000000003,33.775000000000006,-99.51666663333334
2000-07-19,,311.0,295.18749999999994,0.0,304.05,2.7862500000000003,0.011926250000000001,3.8625000000000003,33.775000000000006,-99.51666663333334
2000-07-27,,310.7625,295.24999999999994,0.037500000000000006,311.26250000000005,2.8024999999999998,0.011618750000000002,3.500000000000001,33.775000000000006,-99.51666663333334
2000-08-04,,313.06249999999994,297.55,0.0,304.34999999999997,3.27375,0.012497500000000002,4.95,33.775000000000006,-99.51666663333334
2000-08-12,,313.02500000000003,297.0875,0.0,297.8,3.4750000000000005,0.010896250000000001,3.9749999999999996,33.775000000000006,-99.51666663333334
2000-08-20,,312.225,296.175,0.0,287.85,3.1475,0.011515,4.4,33.775000000000006,-99.51666663333334
2000-08-28,0.4527355228650394,313.53749999999997,296.62500000000006,0.0,273.95000000000005,3.65125,0.010155,4.3500000000000005,33.775000000000006,-99.51666663333334
2000-09-05,0.4527355228650394,311.90000000000003,294.07500000000005,0.41250000000000003,260.05,2.955,0.011437500000000001,4.4624999999999995,33.775000000000006,-99.51666663333334
2000-09-13,0.4,308.1,289.9375,0.0,252.01250000000002,2.48625,0.00837,4.4750000000000005,33.775000000000006,-99.51666663333334
2000-09-21,0.4,301.34999999999997,284.05,0.2625,222.98750000000004,1.43625,0.008177500000000002,4.5,33.775000000000006,-99.51666663333334
2000-09-29,0.4,305.575,287.75,0.1375,214.05,2.3187499999999996,0.007072500000000001,5.9625,33.775000000000006,-99.51666663333334
2000-10-07,0.35965731411441615,292.95,281.1375,2.3625,158.5,0.89375,0.006095000000000001,5.050000000000001,33.775000000000006,-99.51666663333334
2000-10-15,0.35965731411441615,297.55,288.4125,5.762499999999999,152.15,0.7637499999999999,0.010503750000000001,3.225,33.775000000000006,-99.51666663333334
2000-10-23,0.35965731411441615,297.475,289.0,7.9875,136.75,0.6150000000000001,0.011666250000000003,4.75,33.775000000000006,-99.51666663333334
2000-10-31,0.40692179124937683,292.0625,282.0375,7.262500000000001,109.61249999999998,0.52,0.007792500000000001,4.3500000000000005,33.775000000000006,-99.51666663333334
2000-11-08,0.40692179124937683,284.2,271.43749999999994,1.5625000000000002,125.36250000000001,0.33,0.00396,3.925,33.775000000000006,-99.51666663333334
2000-11-16,0.40692179124937683,284.53749999999997,272.8625,3.6625,118.9625,0.3475,0.0041912500000000005,3.3,33.775000000000006,-99.51666663333334
2000-11-24,0.366579105363793,286.8875,274.58750000000003,1.2,121.275,0.44125000000000003,0.0044150000000000005,3.7375,33.775000000000006,-99.51666663333334
2000-12-02,0.366579105363793,284.3125,273.3125,0.0,117.60000000000001,0.37250000000000005,0.00397375,3.5125,33.775000000000006,-99.51666663333334
2000-12-10,0.3069217912493769,279.675,268.0625,1.0625,117.30000000000001,0.28625,0.0030175,3.9000000000000004,33.775000000000006,-99.51666663333334
2000-12-18,0.3069217912493769,280.58750000000003,269.675,0.3125,113.62500000000001,0.335,0.00276625,4.4125000000000005,33.775000000000006,-99.51666663333334
2000-12-26,0.20692179124937682,275.9,268.34999999999997,2.0833333333333335,87.05,0.15333333333333335,0.0028300000000000005,3.4,33.775000000000006,-99.51666663333334
2001-01-01,0.3069217912493769,283.0625,269.7,0.0,121.87500000000001,0.34625,0.0034525000000000003,3.3625,33.775000000000006,-99.51666663333334
2001-01-09,0.3069217912493769,285.7875,274.25,2.9625,104.8875,0.3987500000000001,0.00434875,3.8875000000000006,33.775000000000006,-99.51666663333334
2001-01-17,0.31384358249875366,281.1,270.4875,0.525,105.6375,0.23624999999999996,0.0036412500000000004,3.2125000000000004,33.775000000000006,-99.51666663333334
2001-01-25,0.366579105363793,283.375,271.95,2.8375000000000004,108.12500000000001,0.34125,0.0037575000000000004,3.95,33.775000000000006,-99.51666663333334
2001-02-02,0.366579105363793,289.4,273.0875,1.2875,156.7,0.55125,0.0045737500000000006,4.625,33.775000000000006,-99.51666663333334
2001-02-10,0.366579105363793,284.875,272.4,2.7,143.51250000000002,0.3025,0.004801250000000001,3.6250000000000004,33.775000000000006,-99.51666663333334
2001-02-18,0.466579105363793,289.02500000000003,274.90000000000003,1.375,165.38750000000002,0.47875,0.00515375,4.7625,33.775000000000006,-99.51666663333334
2001-02-26,0.5138435824987536,286.54999999999995,274.95,2.6374999999999997,144.8375,0.3925,0.00490375,2.925,33.775000000000006,-99.51666663333334
2001-03-06,0.566579105363793,290.9625,278.6,5.375,186.97500000000002,0.5675,0.005878750000000001,3.8249999999999997,33.775000000000006,-99.51666663333334
2001-03-14,0.6665791053637931,288.375,276.25,0.7125000000000001,196.425,0.5512499999999999,0.00477,4.312500000000001,33.775000000000006,-99.51666663333334
2001-03-22,0.7257862043724157,286.5875,277.22499999999997,3.1125000000000003,150.97500000000002,0.435,0.0052175,3.6250000000000004,33.775000000000006,-99.51666663333334
2001-03-30,0.8327079956217924,300.025,284.7125,0.0,231.85000000000002,1.0050000000000001,0.00996,4.6,33.775000000000006,-99.51666663333334
2001-04-07,0.9854435184868318,300.025,285.1875,1.0250000000000001,255.91250000000002,1.08875,0.009257500000000002,5.1625,33.775000000000006,-99.51666663333334
2001-04-15,1.253235788071792,297.03749999999997,283.875,0.037500000000000006,225.75,0.905,0.008545,6.6375,33.775000000000006,-99.51666663333334
2001-04-23,1.0721002011948304,298.175,282.5125,0.0,285.33750000000003,1.1812500000000001,0.006486250000000001,4.4625,33.775000000000006,-99.51666663333334
2001-05-01,1.0248357240598698,301.125,288.15000000000003,5.6000000000000005,267.77500000000003,1.0274999999999999,0.011186250000000002,5.225,33.775000000000006,-99.51666663333334
2001-05-09,1.011942621873662,304.175,289.3125,0.23750000000000002,302.0625,1.3612499999999998,0.011685000000000001,4.9625,33.775000000000006,-99.51666663333334
2001-05-17,0.8188644131230388,303.5125,289.3,1.8000000000000003,291.5,1.5225000000000002,0.010447500000000002,4.15,33.775000000000006,-99.51666663333334
2001-05-25,0.8119426218736621,303.45,291.32500000000005,3.337500000000001,289.9,1.2175000000000002,0.012952500000000002,4.4,33.775000000000006,-99.51666663333334
2001-06-02,0.7527355228650393,307.925,293.9125,0.0,311.2375,1.6325000000000003,0.015313750000000001,5.45,33.775000000000006,-99.51666663333334
2001-06-10,0.7059713109368311,310.125,293.925,0.0,320.50000000000006,2.33375,0.013132500000000002,5.5875,33.775000000000006,-99.51666663333334
2001-07-04,0.6527355228650393,312.78749999999997,296.7,0.0,341.5250000000001,3.1175,0.012655000000000001,4.175,33.775000000000006,-99.51666663333334
2001-07-12,0.605971310936831,313.8,298.425,0.08750000000000001,321.82500000000005,3.1325,0.014865000000000001,4.75,33.775000000000006,-99.51666663333334
2001-07-20,0.6000000000000001,313.65,298.2125,0.3875,319.725,3.2824999999999998,0.013573750000000002,4.275,33.775000000000006,-99.51666663333334
2001-07-28,0.6000000000000001,312.45,297.0625,0.1875,301.6,2.92125,0.013752500000000003,4.55,33.775000000000006,-99.51666663333334
2001-08-05,0.5596573141144162,311.125,296.725,0.9375000000000001,251.75,2.7587500000000005,0.01304125,3.1625,33.775000000000006,-99.51666663333334
2001-08-13,0.5596573141144162,308.27500000000003,295.475,4.5875,236.77500000000003,1.7987499999999998,0.015350000000000003,3.1875000000000004,33.775000000000006,-99.51666663333334
2001-08-21,0.5596573141144162,308.94999999999993,295.34999999999997,0.8625,248.62500000000003,2.0625,0.014345000000000002,4.2625,33.775000000000006,-99.51666663333334
2001-08-29,0.5527355228650395,304.75,291.95,3.5500000000000003,212.025,1.20375,0.014275000000000001,3.1625,33.775000000000006,-99.51666663333334
2001-09-06,0.5527355228650395,305.3,289.8,0.0,243.85000000000002,1.585,0.011541250000000001,4.1375,33.775000000000006,-99.51666663333334
2001-09-14,0.5527355228650395,305.23749999999995,291.85,2.6875,203.88750000000002,1.3725,0.0134675,3.825,33.775000000000006,-99.51666663333334
2001-09-22,0.505971310936831,300.7625,284.325,0.3125,236.17500000000004,1.22875,0.008561250000000001,3.6875000000000004,33.775000000000006,-99.51666663333334
2001-09-30,0.5,299.375,282.8625,0.0,206.90000000000003,1.1937499999999999,0.007447500000000001,4.1,33.775000000000006,-99.51666663333334
2001-10-08,0.5,299.725,284.54999999999995,1.4375,194.7375,1.1625,0.008247500000000001,4.7250000000000005,33.775000000000006,-99.51666663333334
2001-10-16,0.4596573141144161,300.4625,282.1375,0.0,192.5875,1.31,0.007311250000000001,4.300000000000001,33.775000000000006,-99.51666663333334
2001-10-24,0.4596573141144161,297.0375,281.0,0.0,170.2875,1.1825,0.0054175000000000004,4.8625,33.775000000000006,-99.51666663333334
2001-11-01,0.40692179124937683,298.475,285.4875,0.8,135.0,1.07875,0.008205,3.9000000000000004,33.775000000000006,-99.51666663333334
2001-11-09,0.35965731411441615,294.75,283.87500000000006,9.3125,111.225,0.6925000000000001,0.008118750000000001,3.9125000000000005,33.775000000000006,-99.51666663333334
2001-11-17,0.3069217912493769,291.0875,278.5875,1.8250000000000002,119.10000000000001,0.60375,0.005840000000000001,4.45,33.775000000000006,-99.51666663333334
2001-11-25,0.3069217912493769,285.22499999999997,273.05,0.4,99.8375,0.5187499999999999,0.0036899999999999997,4.975,33.775000000000006,-99.51666663333334
2001-12-03,0.31384358249875366,291.5875,277.9625,0.0,127.98749999999998,0.7649999999999999,0.005045000000000001,4.6000000000000005,33.775000000000006,-99.51666663333334
2001-12-11,0.366579105363793,287.7875,274.28749999999997,1.7000000000000002,104.66250000000001,0.49250000000000005,0.004416250000000001,4.1125,33.775000000000006,-99.51666663333334
2001-12-19,0.37255041630062397,284.675,271.8,0.0,119.35000000000002,0.5337500000000001,0.0028474999999999998,3.8,33.775000000000006,-99.51666663333334
2001-12-27,0.31384358249875366,279.84,270.32,0.0,102.24000000000001,0.366,0.0026299999999999995,3.14,33.775000000000006,-99.51666663333334
2002-01-01,0.366579105363793,282.825,270.6875,1.0125000000000002,100.92500000000001,0.42500000000000004,0.0030487500000000002,3.35,33.775000000000006,-99.51666663333334
2002-01-09,0.360607794426962,289.7375,274.675,0.0,128.9,0.79125,0.0032675,4.2625,33.775000000000006,-99.51666663333334
2002-01-25,0.360607794426962,290.0625,272.725,2.025,134.13750000000002,0.74,0.0038962500000000004,4.175000000000001,33.775000000000006,-99.51666663333334
2002-02-02,0.40692179124937683,284.29999999999995,272.425,2.7875,121.6,0.41250000000000003,0.0036125000000000003,3.5625,33.775000000000006,-99.51666663333334
2002-02-10,0.41384358249875364,287.76250000000005,271.425,0.0,179.35,0.70125,0.0026950000000000003,4.7875000000000005,33.775000000000006,-99.51666663333334
2002-02-18,0.41384358249875364,293.58750000000003,276.0375,0.5750000000000001,176.78750000000002,1.00375,0.003960000000000001,5.0375000000000005,33.775000000000006,-99.51666663333334
2002-02-26,0.41981489343558465,284.3375,266.4,0.0,204.53750000000002,0.5887500000000001,0.0020025,5.487500000000001,33.775000000000006,-99.51666663333334
2002-03-06,0.460607794426962,295.02500000000003,275.9,0.15000000000000002,215.57500000000005,1.155,0.0039137500000000006,5.45,33.775000000000006,-99.51666663333334
2002-03-14,0.460607794426962,291.375,278.525,5.775,173.375,0.7662500000000001,0.0050825,4.750000000000001,33.775000000000006,-99.51666663333334
2002-03-22,0.466579105363793,293.075,275.5,0.9500000000000001,233.25,0.9087500000000001,0.004716250000000001,4.8875,33.775000000000006,-99.51666663333334
2002-03-30,0.566579105363793,289.725,279.1375,2.2625,205.45000000000002,0.56375,0.005745000000000001,5.375000000000001,33.775000000000006,-99.51666663333334
2002-04-07,0.6665791053637931,297.15,284.5125,4.675,233.78750000000002,0.7325,0.0093675,4.050000000000001,33.775000000000006,-99.51666663333334
2002-04-15,0.7193146282288323,301.9,289.21250000000003,1.0125,245.05,1.2212500000000002,0.0109125,5.825,33.775000000000006,-99.51666663333334
2002-04-23,0.8596573141144161,299.8875,286.52500000000003,6.775,244.7625,1.2149999999999999,0.00919375,4.762500000000001,33.775000000000006,-99.51666663333334
2002-05-01,0.8720501510938716,303.45000000000005,288.6625,0.0,281.08750000000003,1.42875,0.010736250000000001,5.65,33.775000000000006,-99.51666663333334
2002-05-09,0.9596573141144161,301.05,285.375,0.1,293.8625,1.1837499999999999,0.009520000000000002,6.100000000000001,33.775000000000006,-99.51666663333334
2002-05-17,0.9930782087506231,300.0625,285.72499999999997,1.7625000000000002,304.4125,1.1262500000000002,0.009210000000000001,6.300000000000001,33.775000000000006,-99.51666663333334
2002-05-25,0.9527355228650394,303.125,290.72499999999997,2.9625000000000004,279.52500000000003,1.2275,0.01229875,3.6000000000000005,33.775000000000006,-99.51666663333334
2002-06-02,0.8990495196874542,305.75,293.2,6.1125,295.8,1.37625,0.0145875,5.250000000000001,33.775000000000006,-99.51666663333334
2002-06-10,0.8990495196874542,304.7125,293.425,4.237500000000001,273.9,1.2862500000000001,0.01442625,5.275,33.775000000000006,-99.51666663333334
2002-06-18,0.8990495196874542,306.83750000000003,293.3875,0.1375,300.6625,1.7075,0.013486250000000002,5.075,33.775000000000006,-99.51666663333334
2002-06-26,0.9123928369794555,304.27500000000003,293.62499999999994,6.35,249.90000000000003,1.22875,0.014682500000000001,4.325,33.775000000000006,-99.51666663333334
2002-07-04,0.9596573141144161,304.3125,295.025,7.1625000000000005,248.7,1.08125,0.016393750000000002,2.6875,33.775000000000006,-99.51666663333334
2002-07-12,0.9596573141144161,307.175,294.7375,0.475,310.2,1.4800000000000002,0.015933750000000003,4.0625,33.775000000000006,-99.51666663333334
2002-07-20,0.9656286250512471,310.75,295.79999999999995,0.0,324.175,2.3350000000000004,0.01471,4.9624999999999995,33.775000000000006,-99.51666663333334
2002-07-28,1.0527355228650395,308.3375,296.0625,6.8625,286.6375,1.7925,0.015775,4.475,33.775000000000006,-99.51666663333334
2002-08-05,1.0527355228650395,308.29999999999995,295.59999999999997,0.15000000000000002,278.3125,1.9525000000000001,0.014452500000000002,3.7125,33.775000000000006,-99.51666663333334
2002-08-13,1.0463139968224149,309.275,294.7875,1.35,281.15000000000003,1.8599999999999999,0.01565375,5.9125000000000005,33.775000000000006,-99.51666663333334
2002-08-21,0.9587068338018703,311.04999999999995,295.95,0.0,281.9375,2.3925,0.01476875,4.6,33.775000000000006,-99.51666663333334
2002-08-29,0.9587068338018703,308.4625,293.8375,1.4875,248.71250000000003,2.005,0.013406250000000001,3.5625,33.775000000000006,-99.51666663333334
2002-09-06,0.9527355228650394,304.53749999999997,292.0625,0.9500000000000001,192.42500000000004,1.3425,0.013438750000000001,3.3875,33.775000000000006,-99.51666663333334
2002-09-14,0.8527355228650394,305.5625,289.28749999999997,3.1875000000000004,222.10000000000002,1.585,0.0116825,4.775,33.775000000000006,-99.51666663333334
2002-09-22,0.805971310936831,303.47499999999997,287.2625,0.0,229.25000000000006,1.6500000000000001,0.00872375,3.375,33.775000000000006,-99.51666663333334
2002-09-30,0.7527355228650393,301.3375,288.775,0.5625,186.3375,1.2799999999999998,0.010121250000000002,4.6000000000000005,33.775000000000006,-99.51666663333334
2002-10-08,0.7059713109368311,292.95,283.41249999999997,5.6000000000000005,166.38750000000002,0.50875,0.008396250000000001,3.35,33.775000000000006,-99.51666663333334
2002-10-16,0.7000000000000002,292.625,281.35,2.9875,149.875,0.40625,0.008243750000000001,3.75,33.775000000000006,-99.51666663333334
2002-10-24,0.618864413123039,285.9375,280.02500000000003,8.125,111.875,0.11375,0.00730625,3.325,33.775000000000006,-99.51666663333334
2002-11-01,0.605971310936831,288.72499999999997,276.6625,2.475,104.73750000000001,0.5050000000000001,0.005367500000000001,4.1000000000000005,33.775000000000006,-99.51666663333334
2002-11-09,0.5596573141144162,292.27500000000003,278.9625,0.08750000000000001,135.1875,0.77375,0.005327500000000001,4.2625,33.775000000000006,-99.51666663333334
2002-11-17,0.5128931021862078,293.59999999999997,277.2375,0.0,135.7625,0.88,0.0047025,4.25,33.775000000000006,-99.51666663333334
2002-11-25,0.466579105363793,287.1875,272.5625,0.0,117.72500000000001,0.6475,0.0031975000000000003,4.4625,33.775000000000006,-99.51666663333334
2002-12-03,0.466579105363793,282.15000000000003,272.26250000000005,5.5875,84.9,0.16250000000000003,0.00459625,3.6250000000000004,33.775000000000006,-99.51666663333334
2002-12-11,0.466579105363793,290.0875,275.6875,0.0,122.11250000000001,0.6525,0.00456125,4.375,33.775000000000006,-99.51666663333334
2002-12-19,0.41384358249875364,282.475,271.09999999999997,3.3125,97.87500000000001,0.32125000000000004,0.0035375000000000003,4.125,33.775000000000006,-99.51666663333334
2002-12-27,0.41384358249875364,288.08000000000004,274.02,0.0,116.96,0.516,0.004326,4.26,33.775000000000006,-99.51666663333334
2003-01-01,0.40692179124937683,288.2125,272.6625,0.0,121.68750000000001,0.5625,0.0038975000000000004,3.9375,33.775000000000006,-99.51666663333334
2003-01-09,0.40692179124937683,283.90000000000003,270.85,0.5,114.33750000000002,0.3625,0.0035687500000000003,4.200000000000001,33.775000000000006,-99.51666663333334
2003-01-17,0.366579105363793,281.86249999999995,267.84999999999997,0.0,121.1125,0.44125000000000003,0.0025075,3.8499999999999996,33.775000000000006,-99.51666663333334
2003-01-25,0.40692179124937683,288.55,272.1875,0.0,146.90000000000003,0.5575000000000001,0.00411125,4.425000000000001,33.775000000000006,-99.51666663333334
2003-02-02,0.3735008966131698,284.45000000000005,271.1875,0.375,136.525,0.4762500000000001,0.00343625,4.6000000000000005,33.775000000000006,-99.51666663333334
2003-02-10,0.460607794426962,289.6125,274.34999999999997,0.2875,159.95000000000002,0.6025,0.00467125,4.4875,33.775000000000006,-99.51666663333334
2003-02-18,0.460607794426962,282.9125,272.2,1.5,124.6875,0.33,0.0041075,4.0,33.775000000000006,-99.51666663333334
2003-02-26,0.4735008966131698,285.3,270.12499999999994,0.0625,176.5625,0.38875000000000004,0.0039975,3.6625000000000005,33.775000000000006,-99.51666663333334
2003-03-06,0.566579105363793,295.375,276.3125,0.0,213.51250000000002,0.94,0.0054975,3.8000000000000003,33.775000000000006,-99.51666663333334
2003-03-14,0.5735008966131698,294.4625,280.4875,0.8125,172.6625,0.8624999999999998,0.0063375,4.362500000000001,33.775000000000006,-99.51666663333334
2003-03-22,0.7138435824987537,293.5625,276.975,0.8500000000000001,211.40000000000003,0.9275,0.004996250000000001,5.175,33.775000000000006,-99.51666663333334
2003-03-30,0.6804226878625467,299.1625,281.2125,0.5125000000000001,255.17499999999998,1.39625,0.00577375,5.2125,33.775000000000006,-99.51666663333334
2003-04-07,0.7207653737481305,297.71250000000003,279.8,0.0,270.07500000000005,1.2237500000000001,0.005801250000000001,4.5375000000000005,33.775000000000006,-99.51666663333334
2003-04-15,0.7198148934355847,299.0,284.8,2.3125,242.78750000000002,1.3,0.007177500000000001,5.3,33.775000000000006,-99.51666663333334
2003-04-23,0.8128931021862078,303.36249999999995,285.45000000000005,2.1750000000000003,269.57500000000005,1.6124999999999998,0.0083575,4.9750000000000005,33.775000000000006,-99.51666663333334
2003-05-01,0.8188644131230388,305.28749999999997,288.08750000000003,1.8125,303.70000000000005,1.82,0.00931875,4.8375,33.775000000000006,-99.51666663333334
2003-05-09,0.905971310936831,304.925,288.9625,1.4125000000000003,296.425,1.7025,0.010413750000000001,4.9375,33.775000000000006,-99.51666663333334
2003-05-17,0.8527355228650394,302.05,287.3875,4.1625000000000005,257.8,1.05,0.011801250000000001,4.3999999999999995,33.775000000000006,-99.51666663333334
2003-05-25,0.8990495196874542,303.675,290.525,4.1125,288.7625,1.5175,0.011231250000000002,4.0125,33.775000000000006,-99.51666663333334
2003-06-02,0.905971310936831,302.0125,289.7875,10.0625,296.975,0.9975,0.012572500000000004,4.5,33.775000000000006,-99.51666663333334
2003-06-10,0.8587068338018704,304.72499999999997,292.2125,3.2875000000000005,287.6375,1.3112500000000002,0.013711250000000001,3.5375,33.775000000000006,-99.51666663333334
2003-06-18,0.905971310936831,307.22499999999997,293.5875,1.5125000000000002,305.15000000000003,1.50125,0.015365,5.325000000000001,33.775000000000006,-99.51666663333334
2003-06-26,0.8596573141144161,305.81250000000006,292.975,2.5125,309.1625,1.44875,0.01417,3.2875,33.775000000000006,-99.51666663333334
2003-07-04,0.7656286250512472,308.3375,294.75,0.0625,325.7625,1.7362499999999998,0.015477500000000002,5.000000000000001,33.775000000000006,-99.51666663333334
2003-07-12,0.6656286250512473,311.8875,296.0625,0.0,338.72499999999997,2.8375,0.013038750000000002,4.35,33.775000000000006,-99.51666663333334
2003-07-20,0.6527355228650393,311.7125,296.4875,0.0,325.375,2.9887499999999996,0.012126250000000002,4.5125,33.775000000000006,-99.51666663333334
2003-07-28,0.5656286250512472,312.41249999999997,296.4625,0.0,310.475,3.1287499999999997,0.012035,3.9625,33.775000000000006,-99.51666663333334
2003-08-05,0.5596573141144162,311.82500000000005,296.38750000000005,0.28750000000000003,291.625,2.9562500000000003,0.012748750000000001,3.6125000000000007,33.775000000000006,-99.51666663333334
2003-08-13,0.5596573141144162,309.01250000000005,294.21250000000003,0.3375,277.11250000000007,2.21625,0.013021250000000002,3.8999999999999995,33.775000000000006,-99.51666663333334
2003-08-21,0.5596573141144162,310.40000000000003,295.78749999999997,0.6500000000000001,272.8875,2.39875,0.013905000000000002,3.7375000000000007,33.775000000000006,-99.51666663333334
2003-08-29,0.6064215260426246,303.2125,293.20000000000005,5.425000000000001,212.18750000000003,1.05125,0.014585,3.5375,33.775000000000006,-99.51666663333334
2003-09-06,0.6596573141144162,303.9125,289.9375,4.0125,229.83749999999998,1.40625,0.01156625,4.600000000000001,33.775000000000006,-99.51666663333334
2003-09-14,0.6536860031775853,301.09999999999997,288.4375,0.48750000000000004,216.25000000000003,1.1462500000000002,0.010621250000000002,4.775,33.775000000000006,-99.51666663333334
2003-09-22,0.6596573141144162,302.675,289.41249999999997,0.0625,210.51250000000002,1.4137499999999998,0.010343750000000002,3.9625000000000004,33.775000000000006,-99.51666663333334
2003-09-30,0.6467642119282084,299.375,285.32500000000005,0.2625,191.70000000000002,0.9412499999999999,0.00954375,3.8749999999999996,33.775000000000006,-99.51666663333334
2003-10-08,0.6467642119282084,301.0625,287.0125,0.2,189.8375,1.1375,0.010082500000000001,4.375,33.775000000000006,-99.51666663333334
2003-10-16,0.5596573141144162,303.84999999999997,284.8875,0.0,194.46250000000003,1.9587500000000002,0.0063175,3.5500000000000003,33.775000000000006,-99.51666663333334
2003-10-24,0.5467642119282083,298.4375,281.4375,0.0,175.1125,1.40375,0.00531625,4.8875,33.775000000000006,-99.51666663333334
2003-11-01,0.4596573141144161,292.86249999999995,282.75,3.1375,113.4625,0.7749999999999999,0.007567500000000001,4.612500000000001,33.775000000000006,-99.51666663333334
2003-11-09,0.4,292.325,281.01249999999993,0.35000000000000003,106.30000000000001,0.72,0.0064125,4.3,33.775000000000006,-99.51666663333334
2003-11-17,0.4,292.125,276.425,0.36250000000000004,129.9625,0.9187500000000001,0.0041087499999999996,5.387500000000001,33.775000000000006,-99.51666663333334
2003-11-25,0.35965731411441615,289.27500000000003,273.275,0.0,125.36250000000001,0.7412500000000001,0.0033712500000000005,5.025,33.775000000000006,-99.51666663333334
2003-12-03,0.3536860031775852,289.175,272.95,0.0,124.87500000000001,0.7487500000000001,0.003365,4.675,33.775000000000006,-99.51666663333334
2003-12-11,0.3536860031775852,286.85,269.9375,0.125,123.4,0.69,0.002415,4.45,33.775000000000006,-99.51666663333334
2003-12-19,0.30000000000000004,291.2875,274.1625,0.0,129.4,0.8162499999999999,0.0036575000000000006,5.0125,33.775000000000006,-99.51666663333334
2003-12-27,0.30000000000000004,288.80000000000007,273.76000000000005,0.0,129.32,0.8460000000000001,0.0026240000000000005,4.92,33.775000000000006,-99.51666663333334
2004-01-01,0.30000000000000004,287.5625,270.9125,0.0,114.61250000000001,0.6275000000000001,0.0039675000000000005,4.825,33.775000000000006,-99.51666663333334
2004-01-09,0.30000000000000004,289.5375,275.375,3.6125000000000003,101.825,0.5487500000000001,0.00487375,3.1375,33.775000000000006,-99.51666663333334
2004-01-17,0.25965731411441617,285.13750000000005,272.26250000000005,2.0625,100.8125,0.3325,0.0044075,3.9,33.775000000000006,-99.51666663333334
2004-01-25,0.25965731411441617,286.4125,270.66249999999997,0.1,135.61249999999998,0.46625,0.0037400000000000003,4.762500000000001,33.775000000000006,-99.51666663333334
2004-02-02,0.25965731411441617,282.9,270.72499999999997,0.36250000000000004,145.0625,0.31875000000000003,0.003543750000000001,4.1625000000000005,33.775000000000006,-99.51666663333334
2004-02-10,0.26657910536379303,279.96250000000003,270.0125,1.7750000000000004,118.325,0.25,0.0033025,3.0,33.775000000000006,-99.51666663333334
2004-02-18,0.3133433172920013,289.41249999999997,276.70000000000005,5.7375,154.9,0.57375,0.005041250000000001,5.250000000000001,33.775000000000006,-99.51666663333334
2004-02-26,0.360607794426962,289.0125,277.08750000000003,7.525,158.53750000000002,0.46625000000000005,0.00556625,5.1875,33.775000000000006,-99.51666663333334
2004-03-05,0.360607794426962,291.3125,278.925,0.8750000000000001,197.7125,0.7812500000000001,0.00476,4.0875,33.775000000000006,-99.51666663333334
2004-03-13,0.460607794426962,296.9625,281.9625,0.9750000000000001,201.57500000000002,0.9275,0.00772875,4.1625000000000005,33.775000000000006,-99.51666663333334
2004-03-21,0.566579105363793,296.825,284.34999999999997,0.2625,195.50000000000003,0.87,0.008453750000000001,6.8500000000000005,33.775000000000006,-99.51666663333334
2004-03-29,0.6138435824987538,295.5,281.2,1.5625,220.125,0.9775,0.00597125,3.525,33.775000000000006,-99.51666663333334
2004-04-06,0.7198148934355847,292.6,281.67500000000007,2.8,219.95000000000002,0.6725000000000001,0.0067950000000000016,4.2,33.775000000000006,-99.51666663333334
2004-04-14,0.9128931021862078,302.2375,285.8125,0.225,263.85,1.33625,0.0092375,6.175000000000001,33.775000000000006,-99.51666663333334
2004-04-22,0.8198148934355847,299.7125,285.1625,4.325,259.0125,1.0475,0.009026250000000001,4.4,33.775000000000006,-99.51666663333334
2004-04-30,1.0,299.6125,284.46250000000003,0.23750000000000002,292.4125,1.0599999999999998,0.009087500000000002,5.05,33.775000000000006,-99.51666663333334
2004-05-08,0.8656286250512472,301.6375,287.725,2.0125,291.57500000000005,0.9375,0.01218375,5.6875,33.775000000000006,-99.51666663333334
2004-05-16,0.8463139968224149,307.26250000000005,291.325,0.0,314.87500000000006,1.7887500000000003,0.012580000000000003,6.675000000000001,33.775000000000006,-99.51666663333334
2004-05-24,0.7656286250512472,308.2125,292.80000000000007,0.6125,295.9875,2.41875,0.010170000000000002,4.9875,33.775000000000006,-99.51666663333334
2004-06-01,0.7587068338018703,305.86249999999995,292.05,6.95,302.23750000000007,1.49875,0.013532500000000001,5.112500000000001,33.775000000000006,-99.51666663333334
2004-06-09,0.8527355228650394,306.7625,292.75,3.3375000000000004,301.125,1.325,0.01575,5.775,33.775000000000006,-99.51666663333334
2004-06-17,0.8656286250512472,304.6875,293.18749999999994,3.0125,296.77500000000003,1.3312499999999998,0.014011250000000001,4.1625000000000005,33.775000000000006,-99.51666663333334
2004-06-25,0.8587068338018704,304.075,292.96250000000003,3.875,270.20000000000005,1.17,0.014560000000000002,3.85,33.775000000000006,-99.51666663333334
2004-07-03,0.9,309.73749999999995,295.15,0.30000000000000004,329.275,1.96625,0.015605,5.525,33.775000000000006,-99.51666663333334
2004-07-11,0.8587068338018704,309.825,295.33750000000003,0.2625,332.36250000000007,2.44625,0.012812500000000001,3.95,33.775000000000006,-99.51666663333334
2004-07-19,0.8587068338018704,306.57499999999993,293.98749999999995,2.5875000000000004,259.26250000000005,1.88625,0.013000000000000001,3.7,33.775000000000006,-99.51666663333334
2004-07-27,0.8587068338018704,305.525,293.025,9.950000000000001,271.9375,1.23875,0.015533750000000002,3.0875000000000004,33.775000000000006,-99.51666663333334
2004-08-04,0.9527355228650394,305.9875,294.4125,2.2125000000000004,282.65,1.4224999999999999,0.01511875,3.6,33.775000000000006,-99.51666663333334
2004-08-12,0.9527355228650394,303.5875,291.36249999999995,3.1500000000000004,241.2125,1.2775,0.012510000000000004,3.7375,33.775000000000006,-99.51666663333334
2004-08-20,0.9587068338018703,307.375,293.4625,1.8375000000000001,272.8500000000001,1.47875,0.015748750000000002,5.3,33.775000000000006,-99.51666663333334
2004-08-28,0.9596573141144161,304.3125,291.11249999999995,1.1625,270.07500000000005,1.3525,0.012553750000000002,3.7000000000000006,33.775000000000006,-99.51666663333334
2004-09-05,0.9527355228650394,304.45,288.175,0.11250000000000002,258.05,1.6600000000000001,0.0096925,4.0875,33.775000000000006,-99.51666663333334
2004-09-13,0.8527355228650394,308.28749999999997,292.90000000000003,0.0,241.125,1.85,0.01376875,5.262499999999999,33.775000000000006,-99.51666663333334
2004-09-21,0.8064215260426245,303.03749999999997,290.975,0.25,205.78750000000002,1.3375000000000001,0.011536250000000001,3.8375,33.775000000000006,-99.51666663333334
2004-09-29,0.7527355228650393,298.725,286.6375,5.600000000000001,184.38750000000002,0.7662500000000001,0.01064625,3.5625,33.775000000000006,-99.51666663333334
2004-10-07,0.7000000000000002,295.65,284.97499999999997,3.7,166.50000000000003,0.54625,0.00995875,3.9875,33.775000000000006,-99.51666663333334
2004-10-15,0.6527355228650393,300.2625,283.9,0.775,179.47500000000002,1.2225,0.008185,4.5125,33.775000000000006,-99.51666663333334
2004-10-23,0.5596573141144162,300.0625,286.425,1.2125000000000001,164.0625,0.9137500000000001,0.010585,4.687500000000001,33.775000000000006,-99.51666663333334
2004-10-31,0.4596573141144161,290.9875,279.71250000000003,8.3,114.22500000000001,0.57875,0.0063025,4.0,33.775000000000006,-99.51666663333334
2004-11-08,0.40597131093683103,287.95,280.33750000000003,10.3125,83.5875,0.335,0.0067725,4.7124999999999995,33.775000000000006,-99.51666663333334
2004-11-16,0.35965731411441615,290.6375,282.4,6.700000000000001,100.1125,0.2575,0.00854,3.0999999999999996,33.775000000000006,-99.51666663333334
2004-11-24,0.35965731411441615,286.66249999999997,274.375,0.1375,124.01250000000002,0.41875,0.004541250000000001,5.250000000000001,33.775000000000006,-99.51666663333334
2004-12-02,0.31289310218620786,290.9125,275.2,1.4500000000000002,125.15,0.7125,0.0044075,4.2125,33.775000000000006,-99.51666663333334
2004-12-10,0.31981489343558467,287.23749999999995,272.3125,0.0,130.51250000000002,0.6162500000000001,0.0032937500000000007,3.8000000000000007,33.775000000000006,-99.51666663333334
2004-12-18,0.31384358249875366,282.41249999999997,268.8625,0.21250000000000002,120.68750000000001,0.45000000000000007,0.0027700000000000003,4.575000000000001,33.775000000000006,-99.51666663333334
2004-12-26,0.3069217912493769,290.8,275.6666666666667,0.0,127.88333333333334,0.515,0.005746666666666667,4.883333333333334,33.775000000000006,-99.51666663333334
2005-01-01,0.3069217912493769,287.9,274.3625,2.9750000000000005,104.85000000000001,0.4,0.005748750000000001,3.9375,33.775000000000006,-99.51666663333334
2005-01-09,0.3069217912493769,286.1,273.025,0.0,124.03750000000001,0.50875,0.0041800000000000006,4.4625,33.775000000000006,-99.51666663333334
2005-01-17,0.31384358249875366,285.4625,269.8125,0.0,131.41250000000002,0.52,0.0032150000000000004,3.8000000000000003,33.775000000000006,-99.51666663333334
2005-01-25,0.31384358249875366,282.55000000000007,272.775,2.9375000000000004,107.05000000000001,0.33,0.00383,3.7875000000000005,33.775000000000006,-99.51666663333334
2005-02-02,0.360607794426962,284.3875,273.03749999999997,1.8125000000000002,143.6875,0.28375,0.00449,3.5375,33.775000000000006,-99.51666663333334
2005-02-10,0.41384358249875364,289.46250000000003,277.2375,0.037500000000000006,144.45,0.67125,0.00464375,4.6625000000000005,33.775000000000006,-99.51666663333334
2005-02-18,0.460607794426962,289.4375,278.05,1.3000000000000003,159.925,0.5437500000000001,0.005515,4.15,33.775000000000006,-99.51666663333334
2005-02-26,0.4735008966131698,289.8875,276.9625,2.1000000000000005,187.52499999999998,0.5275000000000001,0.00545,2.725,33.775000000000006,-99.51666663333334
2005-03-06,0.5606077944269621,293.475,277.75,0.8625,211.9875,0.9012500000000001,0.0047475,4.6,33.775000000000006,-99.51666663333334
2005-03-14,0.6138435824987538,289.71250000000003,275.51250000000005,0.45000000000000007,192.925,0.6575000000000001,0.004512500000000001,4.487500000000001,33.775000000000006,-99.51666663333334
2005-03-22,0.6198148934355847,292.66249999999997,277.3,1.3750000000000002,198.5875,0.8175000000000001,0.0051025,5.012500000000001,33.775000000000006,-99.51666663333334
2005-03-30,0.6735008966131699,296.1,280.1875,0.0,242.67500000000004,1.1475,0.005166250000000001,6.125000000000001,33.775000000000006,-99.51666663333334
2005-04-07,0.8069217912493769,297.95,281.33750000000003,0.0,271.4125,1.26875,0.005521250000000001,4.575,33.775000000000006,-99.51666663333334
2005-04-15,0.866579105363793,301.575,285.3375,0.5,272.4375,1.3175000000000001,0.00877,5.425,33.775000000000006,-99.51666663333334
2005-04-23,0.8656286250512472,295.95000000000005,280.12500000000006,0.5125000000000001,261.45,1.1475000000000002,0.005170000000000001,4.362500000000001,33.775000000000006,-99.51666663333334
2005-05-01,0.905971310936831,292.925,282.5,2.4625000000000004,200.1875,0.5575,0.0082225,4.875,33.775000000000006,-99.51666663333334
2005-05-09,0.8656286250512472,301.76250000000005,288.7875,1.6750000000000003,286.70000000000005,1.19,0.011026250000000001,5.2250000000000005,33.775000000000006,-99.51666663333334
2005-05-17,0.8656286250512472,307.97499999999997,292.2875,0.0,315.675,2.06875,0.0118975,4.4875,33.775000000000006,-99.51666663333334
2005-05-25,0.8587068338018704,301.325,290.7,2.5875,269.875,1.0287499999999998,0.012201250000000004,3.6500000000000004,33.775000000000006,-99.51666663333334
2005-06-02,0.8587068338018704,307.3125,293.4375,4.5625,307.5125,1.4625000000000001,0.015598750000000002,5.4375,33.775000000000006,-99.51666663333334
2005-06-10,0.8123928369794555,307.2,293.825,3.125,308.85,1.67375,0.014250000000000002,5.3375,33.775000000000006,-99.51666663333334
2005-06-18,0.7656286250512472,308.29999999999995,293.0,0.0,322.425,2.185,0.011678750000000002,4.375,33.775000000000006,-99.51666663333334
2005-06-26,0.7527355228650393,310.68749999999994,294.77500000000003,0.7250000000000001,326.725,2.6725000000000003,0.01203125,4.7125,33.775000000000006,-99.51666663333334
2005-07-04,0.7536860031775852,307.55,293.74999999999994,4.5,312.40000000000003,1.675,0.0146375,3.7125000000000004,33.775000000000006,-99.51666663333334
2005-07-12,0.7527355228650393,308.675,295.775,0.9000000000000001,302.9375,1.99625,0.01465375,3.6750000000000003,33.775000000000006,-99.51666663333334
2005-07-20,0.7527355228650393,309.7,294.66249999999997,4.987500000000001,297.5375,2.3150000000000004,0.01356875,4.925,33.775000000000006,-99.51666663333334
2005-07-28,0.7527355228650393,308.00000000000006,293.0875,0.08750000000000001,318.2375,2.1262499999999998,0.01196125,2.7624999999999997,33.775000000000006,-99.51666663333334
2005-08-05,0.8064215260426245,306.36249999999995,294.0375,1.125,244.7875,1.4512500000000002,0.014985,3.7125000000000004,33.775000000000006,-99.51666663333334
2005-08-13,0.8467642119282084,305.13750000000005,294.1875,19.6875,233.85000000000002,0.9724999999999999,0.0172325,4.1375,33.775000000000006,-99.51666663333334
2005-08-21,0.8527355228650394,308.6875,294.6375,0.425,276.0625,1.78,0.015458750000000002,3.6375,33.775000000000006,-99.51666663333334
2005-08-29,0.8656286250512472,306.79999999999995,292.5,0.0,257.3125,1.9125,0.011721250000000003,3.1750000000000007,33.775000000000006,-99.51666663333334
2005-09-06,0.9,306.85,290.6625,0.47500000000000003,247.3125,1.7662499999999999,0.01194625,4.6625000000000005,33.775000000000006,-99.51666663333334
2005-09-14,0.805971310936831,306.925,291.81249999999994,5.175000000000001,240.4375,1.59375,0.01375,4.2625,33.775000000000006,-99.51666663333334
2005-09-22,0.8,306.325,290.4625,0.0,233.0125,1.82375,0.011398750000000001,3.9125000000000005,33.775000000000006,-99.51666663333334
2005-09-30,0.7990495196874542,301.775,287.8125,6.8125,169.75000000000003,1.25,0.0110275,5.3375,33.775000000000006,-99.51666663333334
2005-10-08,0.7059713109368311,298.0,285.225,1.6,186.9,1.00125,0.00826125,3.0000000000000004,33.775000000000006,-99.51666663333334
2005-10-16,0.7059713109368311,298.96250000000003,285.23749999999995,0.3,174.10000000000002,1.1824999999999997,0.0082375,3.8000000000000003,33.775000000000006,-99.51666663333334
2005-10-24,0.7000000000000002,293.775,279.0625,0.9500000000000001,161.45000000000002,0.7775000000000001,0.0059812500000000005,3.9375000000000004,33.775000000000006,-99.51666663333334
2005-11-01,0.606921791249377,300.7375,280.8,0.0,154.675,1.48375,0.0059475000000000005,5.1000000000000005,33.775000000000006,-99.51666663333334
2005-11-09,0.5128931021862078,294.16249999999997,276.7875,0.0,144.775,0.9625,0.00489875,4.5125,33.775000000000006,-99.51666663333334
2005-11-17,0.466579105363793,291.6875,273.65,0.0,133.1125,0.9475,0.00304,3.2375000000000003,33.775000000000006,-99.51666663333334
2005-11-25,0.460607794426962,289.95,272.58750000000003,0.0,131.9,0.7837500000000001,0.0033525,4.850000000000001,33.775000000000006,-99.51666663333334
2005-12-03,0.366579105363793,282.175,264.48749999999995,0.0,132.375,0.5350000000000001,0.00196625,4.499999999999999,33.775000000000006,-99.51666663333334
2005-12-11,0.360607794426962,285.6375,272.3,0.07500000000000001,98.65,0.57125,0.0029300000000000003,3.8625000000000003,33.775000000000006,-99.51666663333334
2005-12-19,0.360607794426962,289.16249999999997,273.025,0.1875,109.63750000000002,0.7262500000000001,0.00353,4.1625,33.775000000000006,-99.51666663333334
2005-12-27,0.3536860031775852,292.88,277.5,0.0,130.38000000000002,1.116,0.0029940000000000006,4.5,33.775000000000006,-99.51666663333334
2006-01-01,0.3069217912493769,294.75,275.55,0.0,124.02499999999999,1.26,0.0027512500000000002,4.7375,33.775000000000006,-99.51666663333334
2006-01-09,0.3069217912493769,292.35,273.075,0.0,129.1625,1.0387499999999998,0.0027062500000000003,5.362500000000001,33.775000000000006,-99.51666663333334
2006-01-17,0.3536860031775852,289.97499999999997,272.13750000000005,0.0,131.15000000000003,0.8199999999999998,0.00288875,4.15,33.775000000000006,-99.51666663333334
2006-01-25,0.3069217912493769,292.3,275.175,0.9500000000000001,139.05,0.9025000000000001,0.0036400000000000004,4.625,33.775000000000006,-99.51666663333334
2006-02-02,0.3069217912493769,290.0,273.9,0.325,164.77500000000003,0.8525,0.0029112499999999998,3.85,33.775000000000006,-99.51666663333334
2006-02-10,0.3069217912493769,288.09999999999997,271.1125,0.0,173.75000000000003,0.925,0.0019737500000000002,5.6375,33.775000000000006,-99.51666663333334
2006-02-18,0.3536860031775852,283.84999999999997,270.7,1.5375,141.03750000000002,0.4025,0.0036387499999999996,3.8375,33.775000000000006,-99.51666663333334
2006-02-26,0.3536860031775852,297.7625,279.9125,0.037500000000000006,185.05,1.39125,0.004776250000000001,5.125,33.775000000000006,-99.51666663333334
2006-03-06,0.366579105363793,299.0125,283.23750000000007,0.6000000000000001,214.30000000000004,1.60375,0.004752500000000001,5.15,33.775000000000006,-99.51666663333334
2006-03-14,0.366579105363793,289.15,276.325,5.337500000000001,182.78750000000002,0.70125,0.0040775,5.0,33.775000000000006,-99.51666663333334
2006-03-22,0.41334331729200136,290.7375,276.525,0.5875,206.175,0.745,0.0048087500000000005,4.7625,33.775000000000006,-99.51666663333334
2006-03-30,0.4596573141144161,300.65,285.425,0.5375,245.425,1.39625,0.007655000000000001,5.2250000000000005,33.775000000000006,-99.51666663333334
2006-04-07,0.5596573141144162,301.96250000000003,283.4875,0.0,259.725,1.5725,0.0072175,6.0874999999999995,33.775000000000006,-99.51666663333334
2006-04-15,0.6596573141144162,304.7125,286.6875,1.7375,264.025,2.27625,0.005895000000000001,4.825,33.775000000000006,-99.51666663333334
2006-04-23,0.6656286250512473,301.09999999999997,284.95,2.8000000000000003,250.16250000000002,1.3924999999999998,0.0082225,5.375,33.775000000000006,-99.51666663333334
2006-05-01,0.7527355228650393,301.43749999999994,288.25,5.4,253.61250000000004,0.9962500000000001,0.011825,5.137500000000001,33.775000000000006,-99.51666663333334
2006-05-09,0.7656286250512472,300.5125,285.98749999999995,0.17500000000000002,314.71250000000003,1.43125,0.00760125,4.4,33.775000000000006,-99.51666663333334
2006-05-17,0.805971310936831,309.125,290.38750000000005,0.0,317.88750000000005,2.65,0.00868875,4.6875,33.775000000000006,-99.51666663333334
2006-05-25,0.8,308.90000000000003,294.98749999999995,4.1625,308.45,2.2625,0.012971250000000002,5.2875,33.775000000000006,-99.51666663333334
2006-06-02,0.7596573141144162,309.375,292.2125,0.0,317.3625,2.60125,0.009961250000000001,3.9875,33.775000000000006,-99.51666663333334
2006-06-10,0.7527355228650393,311.46250000000003,294.2125,0.7000000000000001,318.2625,2.93,0.010956250000000004,5.6000000000000005,33.775000000000006,-99.51666663333334
2006-06-18,0.7123928369794555,308.2875,294.31250000000006,2.9625,304.6125,2.00625,0.013571250000000002,4.275000000000001,33.775000000000006,-99.51666663333334
2006-06-26,0.7527355228650393,307.40000000000003,292.5,0.05,325.925,2.375,0.009453750000000002,3.6875000000000004,33.775000000000006,-99.51666663333334
2006-07-04,0.7527355228650393,309.2125,294.77500000000003,1.6625,311.5625,2.26,0.01310625,4.3125,33.775000000000006,-99.51666663333334
2006-07-12,0.7064215260426245,313.95,298.15,0.3125,333.65,3.60125,0.011877500000000001,4.275,33.775000000000006,-99.51666663333334
2006-07-20,0.6527355228650393,311.79999999999995,296.11250000000007,0.0,331.07500000000005,3.075,0.011501250000000003,4.1625,33.775000000000006,-99.51666663333334
2006-07-28,0.6064215260426246,312.1375,297.8125,0.45,306.59999999999997,2.9225000000000003,0.013723750000000003,5.762500000000001,33.775000000000006,-99.51666663333334
2006-08-05,0.6064215260426246,312.46250000000003,296.76250000000005,0.575,282.4125,3.075,0.012530000000000001,3.9875,33.775000000000006,-99.51666663333334
2006-08-13,0.5596573141144162,310.975,296.77500000000003,1.5625000000000002,269.975,2.6862500000000002,0.013313750000000003,3.5875000000000004,33.775000000000006,-99.51666663333334
2006-08-21,0.5596573141144162,310.12500000000006,296.5875,4.125,251.51250000000002,2.2600000000000002,0.015026250000000003,3.1125000000000003,33.775000000000006,-99.51666663333334
2006-08-29,0.6064215260426246,302.08750000000003,289.7875,6.3625,203.38750000000002,1.11375,0.012290000000000002,3.45,33.775000000000006,-99.51666663333334
2006-09-06,0.6064215260426246,302.4875,289.5875,1.2625000000000002,224.125,1.4187500000000002,0.010150000000000001,2.9875,33.775000000000006,-99.51666663333334
2006-09-14,0.6123928369794556,303.8375,288.63750000000005,2.3625000000000003,237.22500000000002,1.5725,0.01003625,5.6499999999999995,33.775000000000006,-99.51666663333334
2006-09-22,0.5596573141144162,301.55,285.63750000000005,0.225,231.67499999999998,1.695,0.006581250000000001,4.1000000000000005,33.775000000000006,-99.51666663333334
2006-09-30,0.5596573141144162,305.95000000000005,289.8125,0.0,213.82500000000002,1.89,0.009981250000000002,4.35,33.775000000000006,-99.51666663333334
2006-10-08,0.5596573141144162,296.9125000000001,284.125,17.0625,176.81249999999997,0.85875,0.008335,3.6375,33.775000000000006,-99.51666663333334
2006-10-16,0.5596573141144162,293.275,280.32500000000005,2.2625,187.425,0.6975,0.0066125,4.2125,33.775000000000006,-99.51666663333334
2006-10-24,0.4596573141144161,296.0,281.35,0.30000000000000004,169.4375,0.9950000000000001,0.00629125,5.4625,33.775000000000006,-99.51666663333334
2006-11-01,0.4596573141144161,292.975,278.88750000000005,1.8125,131.41250000000002,0.8300000000000001,0.00562125,3.7625,33.775000000000006,-99.51666663333334
2006-11-09,0.4596573141144161,292.25,276.8,0.0,144.64999999999998,0.8375,0.00462625,4.9750000000000005,33.775000000000006,-99.51666663333334
2006-11-17,0.366579105363793,292.68750000000006,276.1375,0.0,138.1875,0.86875,0.00430125,3.7125,33.775000000000006,-99.51666663333334
2006-11-25,0.366579105363793,288.48749999999995,275.275,1.2625,111.66250000000001,0.5650000000000001,0.005651250000000001,5.175,33.775000000000006,-99.51666663333334
2006-12-03,0.366579105363793,282.775,268.8,0.1,128.275,0.3425,0.00323125,4.65,33.775000000000006,-99.51666663333334
2006-12-11,0.4009504803125459,292.5625,277.40000000000003,0.15000000000000002,125.125,0.8599999999999999,0.0044875,4.15,33.775000000000006,-99.51666663333334
2006-12-19,0.366579105363793,284.96250000000003,273.1625,4.300000000000001,118.5,0.40625,0.0038412499999999996,3.8625000000000007,33.775000000000006,-99.51666663333334
2006-12-27,0.3536860031775852,289.9,277.24,1.78,115.8,0.608,0.005032,5.180000000000001,33.775000000000006,-99.51666663333334
2007-01-01,0.3069217912493769,285.8,272.6875,0.2,119.50000000000001,0.49125,0.0035662500000000004,3.6875,33.775000000000006,-99.51666663333334
2007-01-09,0.3069217912493769,281.7,271.0,1.625,98.025,0.3025,0.0038675000000000003,4.8875,33.775000000000006,-99.51666663333334
2007-01-17,0.3069217912493769,277.40000000000003,268.9625,3.35,100.5875,0.14750000000000002,0.0031625000000000004,3.05,33.775000000000006,-99.51666663333334
2007-01-25,0.3069217912493769,281.04999999999995,270.3125,0.1625,116.56250000000001,0.28,0.00325,3.7625000000000006,33.775000000000006,-99.51666663333334
2007-02-02,0.31384358249875366,283.73749999999995,269.8125,0.0,150.275,0.36875,0.0035600000000000002,3.4625,33.775000000000006,-99.51666663333334
2007-02-10,0.31384358249875366,283.15,269.75,0.6875000000000001,138.06250000000003,0.39624999999999994,0.0034450000000000006,4.7625,33.775000000000006,-99.51666663333334
2007-02-18,0.40692179124937683,294.0625,276.2625,0.1125,191.2125,1.00875,0.004105,5.374999999999999,33.775000000000006,-99.51666663333334
2007-02-26,0.5,290.57500000000005,274.5125,0.0,210.3625,1.0112500000000002,0.0024650000000000006,4.2250000000000005,33.775000000000006,-99.51666663333334
2007-03-06,0.466579105363793,294.95,280.3125,5.575,189.4375,0.9650000000000001,0.00558375,3.8,33.775000000000006,-99.51666663333334
2007-03-14,0.5198148934355846,298.0,282.95,0.0,228.62500000000003,1.01125,0.007762500000000001,4.8375,33.775000000000006,-99.51666663333334
2007-03-22,0.6128931021862078,298.93749999999994,286.92499999999995,3.1375,197.96250000000003,0.9750000000000001,0.009555000000000001,4.8999999999999995,33.775000000000006,-99.51666663333334
2007-03-30,0.8198148934355847,293.55,280.81249999999994,2.6125000000000003,212.1,0.8387500000000001,0.006311250000000001,4.5875,33.775000000000006,-99.51666663333334
2007-04-07,0.8133933673929602,289.0625,277.5625,1.8125000000000002,195.26250000000002,0.6712499999999999,0.0047950000000000015,4.75,33.775000000000006,-99.51666663333334
2007-04-15,0.9656286250512471,297.3,282.31250000000006,1.3,260.65000000000003,0.9250000000000002,0.00775375,4.9875,33.775000000000006,-99.51666663333334
2007-04-23,0.9656286250512471,299.80000000000007,285.77500000000003,2.85,256.9875,1.2125000000000001,0.008436250000000001,4.550000000000001,33.775000000000006,-99.51666663333334
2007-05-01,0.9592070990086227,301.4,290.16249999999997,5.862500000000001,253.53750000000002,0.9275,0.012805,4.2125,33.775000000000006,-99.51666663333334
2007-05-09,1.0522853077592458,299.0125,288.0375,4.0375000000000005,258.61249999999995,0.87375,0.01069,3.1625000000000005,33.775000000000006,-99.51666663333334
2007-05-17,0.9522853077592458,298.5625,287.93750000000006,3.9375,237.90000000000003,0.7775000000000001,0.011219999999999999,4.987500000000001,33.775000000000006,-99.51666663333334
2007-05-25,0.8582566186960768,301.6125,289.7625,4.5375000000000005,280.0375,0.84125,0.01315625,4.1000000000000005,33.775000000000006,-99.51666663333334
2007-06-02,0.9522853077592458,304.075,290.7875,3.1125000000000003,313.25000000000006,1.3375,0.012402500000000002,4.25,33.775000000000006,-99.51666663333334
2007-06-10,0.9040703503117393,303.9,293.17499999999995,3.3125,255.05000000000004,1.21,0.014101250000000001,3.7,33.775000000000006,-99.51666663333334
2007-06-18,0.9179139328104929,305.1625,293.6375,8.3,262.975,1.1025,0.01602625,4.125000000000001,33.775000000000006,-99.51666663333334
2007-06-26,0.9109921415611162,301.6875,292.225,9.4625,214.76250000000002,0.6575,0.01555375,2.9,33.775000000000006,-99.51666663333334
2007-07-04,1.011942621873662,306.22499999999997,293.7625,0.65,303.325,1.24875,0.01613625,3.4125,33.775000000000006,-99.51666663333334
2007-07-12,0.977571246924909,306.375,293.275,2.325,317.8125,1.45375,0.014625000000000003,3.625,33.775000000000006,-99.51666663333334
2007-07-20,1.011942621873662,306.04999999999995,293.21250000000003,1.0125000000000002,311.08750000000003,1.3800000000000001,0.014747500000000002,3.6875000000000004,33.775000000000006,-99.51666663333334
2007-07-28,0.9587068338018703,305.95,295.575,2.3000000000000003,248.36249999999995,1.3350000000000002,0.016137500000000003,3.25,33.775000000000006,-99.51666663333334
2007-08-05,0.9587068338018703,310.4375,295.37499999999994,0.0,304.6625,2.17,0.015210000000000001,4.9750000000000005,33.775000000000006,-99.51666663333334
2007-08-13,0.9587068338018703,307.66249999999997,295.9375,8.4875,250.6875,1.7875,0.015315000000000002,4.2875000000000005,33.775000000000006,-99.51666663333334
2007-08-21,0.9990495196874541,308.3,294.75,0.07500000000000001,281.35,1.6949999999999998,0.015584999999999998,5.250000000000001,33.775000000000006,-99.51666663333334
2007-08-29,0.9990495196874541,305.375,292.8375,1.125,244.4625,1.435,0.0136375,3.1750000000000003,33.775000000000006,-99.51666663333334
2007-09-06,0.8990495196874542,304.51250000000005,292.325,5.15,229.82500000000005,1.3674999999999997,0.013500000000000002,3.850000000000001,33.775000000000006,-99.51666663333334
2007-09-14,0.8930782087506233,305.5625,291.53749999999997,0.7,236.1125,1.39375,0.0134975,4.687500000000001,33.775000000000006,-99.51666663333334
2007-09-22,0.805971310936831,305.15,291.2375,0.3875,223.87500000000003,1.4475,0.0126475,4.025,33.775000000000006,-99.51666663333334
2007-09-30,0.7527355228650393,306.59999999999997,290.975,0.037500000000000006,212.3375,1.6800000000000002,0.012346250000000001,4.7124999999999995,33.775000000000006,-99.51666663333334
2007-10-08,0.7000000000000002,302.67499999999995,286.725,0.0,196.22500000000002,1.5137500000000002,0.008651250000000001,4.4125,33.775000000000006,-99.51666663333334
2007-10-16,0.6527355228650393,299.65,281.75,0.9625,183.01250000000002,1.5312500000000002,0.00550625,6.062500000000001,33.775000000000006,-99.51666663333334
2007-10-24,0.6000000000000001,295.7,278.0375,0.0,182.2125,1.1,0.0045725,3.8499999999999996,33.775000000000006,-99.51666663333334
2007-11-01,0.5,294.7625,277.875,0.0,149.5375,0.9750000000000001,0.0050887499999999995,3.6750000000000003,33.775000000000006,-99.51666663333334
2007-11-09,0.4128931021862078,297.525,281.2625,0.0,141.1375,1.1075000000000002,0.006667500000000001,4.525,33.775000000000006,-99.51666663333334
2007-11-17,0.4,290.93749999999994,277.3,0.0,107.85000000000001,0.9262500000000001,0.0046437499999999994,4.0625,33.775000000000006,-99.51666663333334
2007-11-25,0.4,288.5,274.76250000000005,0.8750000000000001,106.9625,0.5675,0.004645,4.175000000000001,33.775000000000006,-99.51666663333334
2007-12-03,0.35965731411441615,287.225,273.97499999999997,0.15000000000000002,116.9375,0.55375,0.0040637500000000005,3.8875000000000006,33.775000000000006,-99.51666663333334
2007-12-11,0.30000000000000004,282.16249999999997,269.5,3.925,98.36250000000001,0.28,0.0035337500000000004,3.9750000000000005,33.775000000000006,-99.51666663333334
2007-12-19,0.30000000000000004,285.96250000000003,270.73749999999995,0.25,116.075,0.5462499999999999,0.00307625,4.4750000000000005,33.775000000000006,-99.51666663333334
2007-12-27,0.30000000000000004,281.47999999999996,268.43999999999994,0.0,132.70000000000002,0.374,0.00253,3.9,33.775000000000006,-99.51666663333334
2008-01-01,0.30000000000000004,288.575,271.91249999999997,0.0,121.2,0.705,0.0035824999999999997,5.237500000000001,33.775000000000006,-99.51666663333334
2008-01-09,0.30000000000000004,287.325,271.96250000000003,0.0,119.47500000000002,0.65375,0.0028300000000000005,4.025,33.775000000000006,-99.51666663333334
2008-01-17,0.30000000000000004,280.83750000000003,265.3375,0.0,116.80000000000001,0.35250000000000004,0.0023025000000000003,3.9375,33.775000000000006,-99.51666663333334
2008-01-25,0.30000000000000004,289.575,271.7,0.1125,134.9375,0.795,0.00301,5.9125,33.775000000000006,-99.51666663333334
2008-02-02,0.3467642119282084,291.0375,271.575,0.0,161.88750000000002,0.90125,0.0028125000000000003,4.574999999999999,33.775000000000006,-99.51666663333334
2008-02-10,0.35965731411441615,289.46250000000003,273.36249999999995,2.0500000000000003,151.72500000000002,0.69625,0.0038937500000000005,4.6875,33.775000000000006,-99.51666663333334
2008-02-18,0.4,291.275,272.775,0.0,183.91250000000002,0.75875,0.0040437500000000005,4.1625,33.775000000000006,-99.51666663333334
2008-02-26,0.40692179124937683,293.4125,274.7375,0.48750000000000004,187.21250000000003,1.0125,0.0038562500000000007,5.512500000000001,33.775000000000006,-99.51666663333334
2008-03-05,0.4536860031775852,289.23749999999995,272.50000000000006,0.17500000000000002,199.425,0.7875,0.00315625,4.7125,33.775000000000006,-99.51666663333334
2008-03-13,0.460607794426962,295.91249999999997,278.97499999999997,4.950000000000001,206.6125,1.06125,0.005297500000000001,5.312500000000001,33.775000000000006,-99.51666663333334
2008-03-21,0.566579105363793,295.70000000000005,278.4,0.08750000000000001,223.13750000000002,1.1775000000000002,0.0047975000000000005,5.8999999999999995,33.775000000000006,-99.51666663333334
2008-03-29,0.6138435824987538,297.6125,281.61249999999995,0.0,226.32500000000002,1.1475,0.006693750000000001,5.15,33.775000000000006,-99.51666663333334
2008-04-06,0.7069217912493769,295.0875,281.33750000000003,7.637500000000001,248.5,1.0525,0.00554875,4.925000000000001,33.775000000000006,-99.51666663333334
2008-04-14,0.7665791053637929,300.6125,280.6,0.0,276.825,1.46375,0.006017500000000001,5.837500000000001,33.775000000000006,-99.51666663333334
2008-04-22,0.7262364194782092,300.8,283.8,1.0875000000000001,267.0,1.4562499999999998,0.00723125,5.250000000000001,33.775000000000006,-99.51666663333334
2008-04-30,0.7665791053637929,300.9,285.125,8.962500000000002,288.61249999999995,1.50625,0.007242500000000001,5.575,33.775000000000006,-99.51666663333334
2008-05-08,0.772550416300624,300.23749999999995,285.2,0.5625,290.575,1.24875,0.008390000000000002,4.95,33.775000000000006,-99.51666663333334
2008-05-16,0.8128931021862078,306.2625,288.475,0.0,312.58750000000003,2.21125,0.00811,4.925,33.775000000000006,-99.51666663333334
2008-05-24,0.805971310936831,309.04999999999995,294.35,2.8375000000000004,314.62500000000006,2.16875,0.0132775,5.8125,33.775000000000006,-99.51666663333334
2008-06-01,0.8,310.7375,294.77500000000003,1.1500000000000001,318.4125000000001,2.5575000000000006,0.012820000000000002,8.250000000000002,33.775000000000006,-99.51666663333334
2008-06-09,0.7596573141144162,310.1625,294.8375,1.475,309.525,2.4175,0.013136250000000002,5.875000000000001,33.775000000000006,-99.51666663333334
2008-06-17,0.7193146282288323,307.225,293.59999999999997,2.4750000000000005,310.6875,1.9124999999999999,0.01266625,3.8875000000000006,33.775000000000006,-99.51666663333334
2008-06-25,0.6656286250512473,307.8125,293.98749999999995,1.7500000000000002,314.8,2.1025000000000005,0.01225125,5.1625000000000005,33.775000000000006,-99.51666663333334
2008-07-03,0.6596573141144162,308.34999999999997,294.925,0.3125,317.1000000000001,2.1087500000000006,0.0131,5.1000000000000005,33.775000000000006,-99.51666663333334
2008-07-11,0.6527355228650393,308.625,295.0875,1.1500000000000001,294.36250000000007,2.085,0.013815000000000003,4.5125,33.775000000000006,-99.51666663333334
2008-07-19,0.6123928369794556,311.0125,295.32499999999993,0.0,332.3,2.8025,0.01179,4.325,33.775000000000006,-99.51666663333334
2008-07-27,0.5596573141144162,312.05,297.35,1.6250000000000002,310.6625,2.925,0.013422500000000002,4.25,33.775000000000006,-99.51666663333334
2008-08-04,0.5596573141144162,310.3875,296.51250000000005,1.125,274.0625,2.55875,0.01347125,3.9000000000000004,33.775000000000006,-99.51666663333334
2008-08-12,0.5596573141144162,304.45,292.75,5.3875,238.25000000000006,1.3774999999999997,0.013527500000000001,3.6125000000000003,33.775000000000006,-99.51666663333334
2008-08-20,0.5596573141144162,306.8,292.3125,0.17500000000000002,275.6875,1.4699999999999998,0.014641250000000001,3.6750000000000007,33.775000000000006,-99.51666663333334
2008-08-28,0.5596573141144162,305.8375,292.7375,0.9875,227.75,1.5375,0.013613750000000003,4.362500000000001,33.775000000000006,-99.51666663333334
2008-09-05,0.5193146282288323,302.6875,290.1125,7.0625,187.35,1.0925,0.012935,3.6500000000000004,33.775000000000006,-99.51666663333334
2008-09-13,0.5596573141144162,300.58750000000003,286.4,0.07500000000000001,239.0,1.1925,0.0091225,3.1375000000000006,33.775000000000006,-99.51666663333334
2008-09-21,0.5596573141144162,303.8875,288.5875,0.0,236.88750000000005,1.5037500000000001,0.010202500000000001,3.2125000000000004,33.775000000000006,-99.51666663333334
2008-09-29,0.46562862505124714,303.375,287.0875,2.875,212.51250000000005,1.7625000000000002,0.007718750000000001,4.075,33.775000000000006,-99.51666663333334
2008-10-07,0.505971310936831,301.6125,286.6375,6.675000000000001,182.8875,1.25125,0.009533750000000002,4.949999999999999,33.775000000000006,-99.51666663333334
2008-10-15,0.46562862505124714,295.7625,282.275,0.0,168.85000000000002,0.9037499999999999,0.006935000000000001,3.7000000000000006,33.775000000000006,-99.51666663333334
2008-10-23,0.4596573141144161,294.1125,277.17499999999995,0.0,182.4625,1.0474999999999999,0.00408,3.7250000000000005,33.775000000000006,-99.51666663333334
2008-10-31,0.4128931021862078,298.8,282.96250000000003,0.0,155.22500000000002,1.2125000000000001,0.00693125,4.1375,33.775000000000006,-99.51666663333334
2008-11-08,0.4,293.58750000000003,277.5125,0.05,143.55,0.95625,0.004508750000000001,4.3375,33.775000000000006,-99.51666663333334
2008-11-16,0.35965731411441615,290.5375,272.525,0.0,139.975,0.8125,0.0033612500000000005,4.550000000000001,33.775000000000006,-99.51666663333334
2008-11-24,0.3069217912493769,289.2,275.7625,0.125,118.25,0.7925,0.0033025000000000003,4.0125,33.775000000000006,-99.51666663333334
2008-12-02,0.3069217912493769,286.66249999999997,270.3875,0.2625,121.3,0.65,0.0027925000000000003,5.350000000000001,33.775000000000006,-99.51666663333334
2008-12-10,0.3069217912493769,285.8875,269.85,0.0,125.5875,0.61375,0.00277625,4.7375,33.775000000000006,-99.51666663333334
2008-12-18,0.30000000000000004,286.3375,271.7375,0.0,118.20000000000002,0.6237499999999999,0.00330875,4.8375,33.775000000000006,-99.51666663333334
2008-12-26,0.30000000000000004,290.3833333333333,273.45000000000005,0.18333333333333335,132.83333333333334,0.86,0.0030850000000000005,4.883333333333334,33.775000000000006,-99.51666663333334
2009-01-01,0.3069217912493769,289.325,270.75000000000006,0.0,121.45,0.8500000000000001,0.0025275000000000002,4.525,33.775000000000006,-99.51666663333334
2009-01-09,0.3069217912493769,286.25,268.8375,0.0,123.92500000000001,0.6825,0.00224375,4.5,33.775000000000006,-99.51666663333334
2009-01-17,0.3069217912493769,291.725,273.3,0.0,139.0625,1.07125,0.0024275000000000004,4.525,33.775000000000006,-99.51666663333334
2009-01-25,0.3069217912493769,284.11249999999995,267.2625,0.6625000000000001,131.775,0.49624999999999997,0.0026362499999999997,4.487500000000001,33.775000000000006,-99.51666663333334
2009-02-02,0.3069217912493769,292.7125,274.9,0.8125,159.65,0.81625,0.00464125,5.674999999999999,33.775000000000006,-99.51666663333334
2009-02-10,0.3069217912493769,290.90000000000003,274.63750000000005,0.2625,156.22500000000002,0.8462500000000001,0.003765,5.112500000000001,33.775000000000006,-99.51666663333334
2009-02-18,0.3536860031775852,292.925,274.4875,0.0,195.28750000000002,1.1475,0.00270375,4.5,33.775000000000006,-99.51666663333334
2009-02-26,0.3536860031775852,294.48749999999995,275.03749999999997,0.0,209.72500000000002,1.28625,0.0033037500000000003,5.300000000000001,33.775000000000006,-99.51666663333334
2009-03-06,0.3536860031775852,293.88750000000005,282.5,1.0875,146.25,1.2250000000000003,0.005158750000000001,5.250000000000001,33.775000000000006,-99.51666663333334
2009-03-14,0.3536860031775852,297.0375,280.5125,0.47500000000000003,213.1375,1.11625,0.0061575,4.575,33.775000000000006,-99.51666663333334
2009-03-22,0.4,295.53749999999997,278.8375,0.05,225.3,1.08625,0.00526375,6.612500000000001,33.775000000000006,-99.51666663333334
2009-03-30,0.4,295.6875,277.8,0.35000000000000003,261.8875,1.45125,0.002725,6.575000000000001,33.775000000000006,-99.51666663333334
2009-04-07,0.4,298.1875,279.3,3.4500000000000006,263.05,1.5475,0.0037125000000000005,5.137499999999999,33.775000000000006,-99.51666663333334
2009-04-15,0.4596573141144161,300.0625,283.425,1.05,247.02500000000003,1.55125,0.00595,5.2125,33.775000000000006,-99.51666663333334
2009-04-23,0.4596573141144161,303.40000000000003,289.2125,8.875,233.87500000000003,1.4025,0.01098875,6.65,33.775000000000006,-99.51666663333334
2009-05-01,0.5596573141144162,298.875,286.975,0.5375000000000001,247.3625,0.68125,0.01229375,4.3125,33.775000000000006,-99.51666663333334
2009-05-09,0.6596573141144162,301.625,288.8125,3.8125000000000004,236.48750000000004,1.1624999999999999,0.01146375,6.075,33.775000000000006,-99.51666663333334
2009-05-17,0.7596573141144162,299.875,285.36249999999995,3.275,301.8625,1.18125,0.00846625,3.6750000000000003,33.775000000000006,-99.51666663333334
2009-05-25,0.805971310936831,303.7625,289.375,2.4000000000000004,318.41249999999997,1.74625,0.008883750000000001,3.5125,33.775000000000006,-99.51666663333334
2009-06-02,0.8527355228650394,304.65000000000003,290.27500000000003,5.2625,295.425,1.45,0.01226,5.1625000000000005,33.775000000000006,-99.51666663333334
2009-06-10,0.8990495196874542,309.18750000000006,294.6,4.2124999999999995,309.93750000000006,2.03125,0.014328750000000001,4.775,33.775000000000006,-99.51666663333334
2009-06-18,0.8587068338018704,309.25000000000006,296.63750000000005,0.30000000000000004,315.475,2.25,0.014071250000000002,4.7875000000000005,33.775000000000006,-99.51666663333334
2009-06-26,0.805971310936831,309.3,295.75,0.48750000000000004,326.625,2.5,0.012055000000000001,3.3250000000000006,33.775000000000006,-99.51666663333334
2009-07-04,0.7656286250512472,310.18750000000006,295.3125,3.5625,329.56250000000006,2.5025,0.013121250000000001,4.6125,33.775000000000006,-99.51666663333334
2009-07-12,0.7527355228650393,310.0625,295.31249999999994,1.0750000000000002,335.075,2.6024999999999996,0.012070000000000003,4.4375,33.775000000000006,-99.51666663333334
2009-07-20,0.7123928369794555,308.025,294.1875,1.1875,299.81250000000006,2.1025,0.012610000000000001,3.7375,33.775000000000006,-99.51666663333334
2009-07-28,0.6527355228650393,308.93750000000006,294.975,4.612500000000001,305.55000000000007,1.9300000000000002,0.015028750000000004,3.5125,33.775000000000006,-99.51666663333334
2009-08-05,0.6527355228650393,311.075,296.4875,0.1375,303.8375,2.6062499999999997,0.013736250000000002,4.8,33.775000000000006,-99.51666663333334
2009-08-13,0.6064215260426246,310.4375,296.0,0.525,284.5375,2.3675,0.0143075,5.7375,33.775000000000006,-99.51666663333334
2009-08-21,0.5596573141144162,309.575,294.0125,1.2625000000000002,280.825,2.4775000000000005,0.011725000000000003,3.7375000000000007,33.775000000000006,-99.51666663333334
2009-08-29,0.5527355228650395,305.575,291.425,0.875,250.15000000000003,1.7925,0.011118750000000002,3.5500000000000003,33.775000000000006,-99.51666663333334
2009-09-06,0.5467642119282083,304.075,294.0125,10.8,186.22500000000002,1.37875,0.013726250000000002,3.975,33.775000000000006,-99.51666663333334
2009-09-14,0.5064215260426246,301.17499999999995,289.65,0.325,180.9875,0.85375,0.012858750000000002,4.5625,33.775000000000006,-99.51666663333334
2009-09-22,0.5527355228650395,299.61249999999995,285.05,1.225,196.91250000000002,1.4475000000000002,0.006815000000000001,4.0375000000000005,33.775000000000006,-99.51666663333334
2009-09-30,0.5527355228650395,297.73750000000007,284.95,0.8125,174.0,1.0862500000000002,0.007966250000000001,4.737500000000001,33.775000000000006,-99.51666663333334
2009-10-08,0.5596573141144162,293.85,283.1125,4.225,179.55,0.42124999999999996,0.0096475,4.4625,33.775000000000006,-99.51666663333334
2009-10-16,0.505971310936831,292.8,280.675,3.3125,167.25000000000003,0.5525000000000001,0.00750375,5.0375,33.775000000000006,-99.51666663333334
2009-10-24,0.46562862505124714,291.225,277.95,2.0375,167.91250000000002,0.5950000000000001,0.005785,4.925,33.775000000000006,-99.51666663333334
2009-11-01,0.5128931021862078,296.8,280.51249999999993,0.0,155.12500000000003,0.9450000000000001,0.006651250000000001,4.075,33.775000000000006,-99.51666663333334
2009-11-09,0.5,295.8875,282.32499999999993,0.0,136.71250000000003,0.7725,0.0079,3.8375000000000004,33.775000000000006,-99.51666663333334
2009-11-17,0.40692179124937683,290.61249999999995,275.45,0.0,139.4625,0.7075,0.00426375,3.3000000000000007,33.775000000000006,-99.51666663333334
2009-11-25,0.40692179124937683,288.1125,274.71250000000003,2.0125,117.51250000000002,0.62875,0.0039037500000000005,4.0,33.775000000000006,-99.51666663333334
2009-12-03,0.366579105363793,280.0375,267.3875,0.1625,115.125,0.33375,0.0025425,4.300000000000001,33.775000000000006,-99.51666663333334
2009-12-11,0.31289310218620786,286.82500000000005,270.9125,0.0,126.2,0.5275,0.00358625,3.9749999999999996,33.775000000000006,-99.51666663333334
2009-12-19,0.3536860031775852,285.0375,271.23749999999995,2.3625,112.725,0.44500000000000006,0.003650000000000001,4.0,33.775000000000006,-99.51666663333334
2009-12-27,0.3069217912493769,278.03999999999996,267.9,0.66,97.06000000000002,0.13,0.003298,3.1800000000000006,33.775000000000006,-99.51666663333334
2010-01-01,0.3069217912493769,278.425,266.175,0.0,120.375,0.265,0.0025387500000000006,3.9875000000000003,33.775000000000006,-99.51666663333334
2010-01-09,0.3069217912493769,285.4625,270.7,0.0,118.71249999999999,0.42500000000000004,0.0037650000000000006,3.2375000000000007,33.775000000000006,-99.51666663333334
2010-01-17,0.3069217912493769,291.8,275.28749999999997,0.5625,116.88749999999999,0.80875,0.00423,4.5375000000000005,33.775000000000006,-99.51666663333334
2010-01-25,0.3069217912493769,280.1625,270.4625,6.9,120.0,0.29125,0.0034737500000000003,4.0875,33.775000000000006,-99.51666663333334
2010-02-02,0.3069217912493769,279.18750000000006,272.1,3.3125,119.375,0.17875,0.0037662500000000005,3.4625,33.775000000000006,-99.51666663333334
2010-02-10,0.3069217912493769,281.74999999999994,269.87500000000006,0.7625000000000001,142.9125,0.38500000000000006,0.0027975000000000005,3.125,33.775000000000006,-99.51666663333334
2010-02-18,0.3536860031775852,284.79999999999995,273.025,1.1125,162.1875,0.38750000000000007,0.0042987500000000005,4.0625,33.775000000000006,-99.51666663333334
2010-02-26,0.40692179124937683,288.2625,274.7625,3.0125,179.7,0.5549999999999999,0.00437375,4.65,33.775000000000006,-99.51666663333334
2010-03-06,0.4596573141144161,291.9125,278.8125,0.6625000000000001,182.05,0.7875000000000001,0.005043750000000001,4.8125,33.775000000000006,-99.51666663333334
2010-03-14,0.5069217912493769,288.55,274.43750000000006,2.25,187.37500000000003,0.55375,0.004545,5.1125,33.775000000000006,-99.51666663333334
2010-03-22,0.566579105363793,295.3125,276.8125,0.0,230.1625,1.0687499999999999,0.00445125,5.500000000000001,33.775000000000006,-99.51666663333334
2010-03-30,0.6601575793211686,302.7875,283.4875,0.25,259.5,1.6537499999999998,0.007155,6.362500000000001,33.775000000000006,-99.51666663333334
2010-04-07,0.6725504163006241,297.775,281.90000000000003,0.0,261.4125,1.01,0.0073475,5.237500000000001,33.775000000000006,-99.51666663333334
2010-04-15,0.7257862043724157,291.8375,284.16249999999997,18.675,187.26250000000002,0.28875000000000006,0.00954875,5.112500000000001,33.775000000000006,-99.51666663333334
2010-04-23,0.9188644131230388,298.1375,283.4375,0.5375,286.375,1.2175,0.0066475,6.1375,33.775000000000006,-99.51666663333334
2010-05-01,0.9317575153092466,299.6625,283.2125,0.2625,260.6375,1.4412500000000001,0.00632375,4.800000000000001,33.775000000000006,-99.51666663333334
2010-05-09,1.0188644131230387,298.9,286.775,7.025,260.58750000000003,0.8312499999999999,0.01095,4.487500000000001,33.775000000000006,-99.51666663333334
2010-05-17,1.1119426218736619,303.17499999999995,290.5375,0.07500000000000001,307.2125000000001,1.05375,0.013370000000000002,5.4875,33.775000000000006,-99.51666663333334
2010-05-25,1.1119426218736619,306.4875,291.925,5.2875000000000005,307.6000000000001,1.68625,0.012716250000000004,3.7375,33.775000000000006,-99.51666663333334
2010-06-02,1.0990495196874541,308.95,294.1875,0.25,306.4,1.9787500000000002,0.0142525,4.2375,33.775000000000006,-99.51666663333334
2010-06-10,1.0059713109368311,308.225,296.0,2.7625,307.675,1.7349999999999999,0.01604,6.3375,33.775000000000006,-99.51666663333334
2010-06-18,0.9656286250512471,310.1125,296.1875,0.0,311.57500000000005,2.41,0.013727500000000002,4.65,33.775000000000006,-99.51666663333334
2010-06-26,0.9587068338018703,305.575,294.7249999999999,6.300000000000001,242.05,1.42875,0.01491,4.6375,33.775000000000006,-99.51666663333334
2010-07-04,0.9119426218736619,304.22499999999997,295.4375,9.225,235.1375,0.9275,0.01722125,3.8375000000000004,33.775000000000006,-99.51666663333334
2010-07-12,0.9656286250512471,308.875,296.4875,0.0,330.3375,1.84875,0.01621625,4.362500000000001,33.775000000000006,-99.51666663333334
2010-07-20,0.9656286250512471,308.4625,295.3625,0.225,315.125,1.8775000000000002,0.014974999999999999,4.6125,33.775000000000006,-99.51666663333334
2010-07-28,0.9587068338018703,310.775,295.925,2.4250000000000003,299.075,2.5387500000000003,0.013664999999999998,4.362500000000001,33.775000000000006,-99.51666663333334
2010-08-05,0.905971310936831,311.72499999999997,297.025,2.4875,273.85,2.5275,0.015325000000000002,3.2125000000000004,33.775000000000006,-99.51666663333334
2010-08-13,0.8527355228650394,311.1625,296.88750000000005,2.575,273.875,2.3575,0.01569375,3.9000000000000004,33.775000000000006,-99.51666663333334
2010-08-21,0.8527355228650394,309.40000000000003,293.72499999999997,0.0,273.825,2.5424999999999995,0.011248750000000002,3.825,33.775000000000006,-99.51666663333334
2010-08-29,0.8527355228650394,308.2375,292.0875,10.9875,258.9375,2.0987500000000003,0.012101250000000001,4.912500000000001,33.775000000000006,-99.51666663333334
2010-09-06,0.8587068338018704,305.9625,293.9375,4.9,210.4625,1.4,0.01510125,4.3500000000000005,33.775000000000006,-99.51666663333334
2010-09-14,0.9,306.67499999999995,293.63749999999993,3.0500000000000003,241.72500000000002,1.63375,0.013965,4.4625,33.775000000000006,-99.51666663333334
2010-09-22,0.8587068338018704,302.16249999999997,288.75,0.30000000000000004,222.775,1.22125,0.01106375,4.0,33.775000000000006,-99.51666663333334
2010-09-30,0.8463139968224149,300.1875,283.79999999999995,0.0,214.825,1.51125,0.00613625,3.4625000000000004,33.775000000000006,-99.51666663333334
2010-10-08,0.805971310936831,302.0375,283.78749999999997,0.21250000000000002,194.04999999999998,1.72625,0.005931250000000002,3.675,33.775000000000006,-99.51666663333334
2010-10-16,0.7059713109368311,300.1625,285.8375,4.275,175.53750000000002,1.3025,0.008020000000000001,4.237500000000001,33.775000000000006,-99.51666663333334
2010-10-24,0.7000000000000002,299.3625,280.625,0.0,183.81250000000003,1.6287500000000001,0.00414875,4.5,33.775000000000006,-99.51666663333334
2010-11-01,0.606921791249377,295.1375,278.025,0.0,157.3875,1.1725,0.003863750000000001,5.112500000000001,33.775000000000006,-99.51666663333334
2010-11-09,0.5606077944269621,293.02500000000003,277.8,0.9125000000000001,133.47500000000002,0.80625,0.0052787500000000005,4.025,33.775000000000006,-99.51666663333334
2010-11-17,0.4735008966131698,295.66249999999997,277.0625,0.0,137.25,1.1324999999999998,0.00453625,5.1,33.775000000000006,-99.51666663333334
2010-11-25,0.460607794426962,288.475,271.13749999999993,0.0,134.5875,0.8575,0.0019737500000000002,4.5375000000000005,33.775000000000006,-99.51666663333334
2010-12-03,0.40692179124937683,288.625,271.35,0.0,132.55,0.81125,0.0025675,3.7875,33.775000000000006,-99.51666663333334
2010-12-11,0.3735008966131698,287.7125,271.03749999999997,0.0,120.73750000000001,0.8224999999999999,0.00217,4.0,33.775000000000006,-99.51666663333334
2010-12-19,0.366579105363793,286.5125,272.4125,0.275,117.75000000000003,0.685,0.0031625000000000004,4.15,33.775000000000006,-99.51666663333334
2010-12-27,0.3735008966131698,288.34,274.2,0.0,127.9,0.808,0.003012,5.36,33.775000000000006,-99.51666663333334
2011-01-01,0.366579105363793,287.1625,270.0875,0.0625,126.90000000000002,0.7462500000000001,0.00209875,3.1125000000000003,33.775000000000006,-99.51666663333334
2011-01-09,0.40692179124937683,282.475,267.9625,0.0,118.31250000000001,0.4325,0.0025625,3.5500000000000003,33.775000000000006,-99.51666663333334
2011-01-17,0.41384358249875364,287.225,269.7625,0.0,133.1,0.5862499999999999,0.0031525,4.4125,33.775000000000006,-99.51666663333334
2011-01-25,0.3735008966131698,288.6125,271.625,0.30000000000000004,141.4625,0.8800000000000001,0.0023750000000000004,4.6000000000000005,33.775000000000006,-99.51666663333334
2011-02-02,0.3735008966131698,275.02500000000003,264.13750000000005,1.0875000000000001,132.13750000000002,0.20124999999999998,0.00226625,4.862500000000001,33.775000000000006,-99.51666663333334
2011-02-10,0.4,291.65,272.1,0.0,181.56250000000003,1.05125,0.0031225000000000003,3.8875,33.775000000000006,-99.51666663333334
2011-02-18,0.40692179124937683,295.475,278.85,0.36250000000000004,184.58750000000003,1.0125,0.005695000000000001,4.4125000000000005,33.775000000000006,-99.51666663333334
2011-02-26,0.4536860031775852,296.5375,277.15000000000003,0.0,206.07500000000002,1.3412500000000003,0.0036225,5.1375,33.775000000000006,-99.51666663333334
2011-03-06,0.460607794426962,296.25,276.675,0.0,221.6625,1.36375,0.00310875,4.5375000000000005,33.775000000000006,-99.51666663333334
2011-03-14,0.460607794426962,301.6875,282.79999999999995,0.0,220.85000000000002,1.6675000000000002,0.0064675,5.525,33.775000000000006,-99.51666663333334
2011-03-22,0.4536860031775852,297.775,280.2,0.1,224.9625,1.4475,0.0043525000000000005,5.075,33.775000000000006,-99.51666663333334
2011-03-30,0.4596573141144161,302.1,280.2125,0.0,248.52499999999998,2.11125,0.0037075000000000003,5.737500000000002,33.775000000000006,-99.51666663333334
2011-04-07,0.5536860031775852,305.9375,286.6,0.0,268.16249999999997,2.64375,0.00444,5.6000000000000005,33.775000000000006,-99.51666663333334
2011-04-15,0.5536860031775852,305.03749999999997,285.325,0.125,275.3,2.51625,0.00463125,6.025,33.775000000000006,-99.51666663333334
2011-04-23,0.5596573141144162,303.15000000000003,285.62500000000006,0.0,272.9125,1.9349999999999998,0.006175000000000001,5.1875,33.775000000000006,-99.51666663333334
2011-05-01,0.5128931021862078,300.3125,281.26250000000005,1.5000000000000002,266.4625,1.86,0.004785,5.625000000000001,33.775000000000006,-99.51666663333334
2011-05-09,0.5596573141144162,303.26250000000005,286.33750000000003,0.0,308.3,2.1325000000000003,0.00594625,5.35,33.775000000000006,-99.51666663333334
2011-05-17,0.5656286250512472,307.92499999999995,288.975,3.2,318.77500000000003,2.51375,0.0078375,5.537500000000001,33.775000000000006,-99.51666663333334
2011-05-25,0.6000000000000001,310.8625,293.04999999999995,0.0,321.425,3.17625,0.008903750000000002,6.437500000000001,33.775000000000006,-99.51666663333334
2011-06-02,0.5596573141144162,312.17499999999995,294.4625,0.0,321.90000000000003,3.50875,0.008295000000000002,5.975,33.775000000000006,-99.51666663333334
2011-06-10,0.5527355228650395,314.525,296.63749999999993,0.525,321.4625,3.86875,0.010183750000000002,6.5125,33.775000000000006,-99.51666663333334
2011-06-18,0.505971310936831,314.16249999999997,296.08750000000003,0.0,324.52500000000003,3.99,0.0087825,6.575,33.775000000000006,-99.51666663333334
2011-06-26,0.5527355228650395,313.97499999999997,298.175,0.1625,306.9,3.73125,0.011210000000000001,5.35,33.775000000000006,-99.51666663333334
2011-07-04,0.5527355228650395,314.5875,298.325,0.1375,337.375,4.09875,0.009737500000000001,3.9250000000000007,33.775000000000006,-99.51666663333334
2011-07-12,0.5,313.85,298.86249999999995,0.0,323.3125,3.6287499999999997,0.01206125,3.9375000000000004,33.775000000000006,-99.51666663333334
2011-07-20,0.5,314.55,299.225,0.0,328.975,3.79,0.012151250000000002,4.4,33.775000000000006,-99.51666663333334
2011-07-28,0.4596573141144161,314.53749999999997,298.9625,0.0,316.18750000000006,3.8712500000000003,0.01148625,3.8875000000000006,33.775000000000006,-99.51666663333334
2011-08-05,0.4596573141144161,315.75,298.475,0.0,302.46250000000003,4.04375,0.011768750000000001,4.05,33.775000000000006,-99.51666663333334
2011-08-13,0.5,313.26249999999993,296.8375,0.675,287.9125,3.2725000000000004,0.01234375,4.2250000000000005,33.775000000000006,-99.51666663333334
2011-08-21,0.5,314.375,298.03749999999997,0.0,277.3625,3.83125,0.010938750000000002,3.5250000000000004,33.775000000000006,-99.51666663333334
2011-08-29,0.4596573141144161,310.6875,295.2375,0.0,244.95000000000002,3.30625,0.00902,5.237500000000001,33.775000000000006,-99.51666663333334
2011-09-06,0.4596573141144161,307.35,289.5,0.0,249.8,2.9450000000000003,0.0048925,3.0625,33.775000000000006,-99.51666663333334
2011-09-14,0.4596573141144161,305.6875,289.38750000000005,1.3875,228.5125,2.0162500000000003,0.00914125,4.4625,33.775000000000006,-99.51666663333334
2011-09-22,0.44676421192820837,305.55,287.2125,0.55,232.03750000000002,2.0774999999999997,0.007921250000000001,3.8625000000000003,33.775000000000006,-99.51666663333334
2011-09-30,0.4596573141144161,304.2875,286.4875,0.525,215.65000000000003,2.09375,0.006226250000000001,5.2875,33.775000000000006,-99.51666663333334
2011-10-08,0.4128931021862078,299.86249999999995,286.0125,8.3125,177.10000000000002,1.055,0.00943625,3.7875,33.775000000000006,-99.51666663333334
2011-10-16,0.4596573141144161,298.8125,281.4875,0.0,194.57500000000002,1.24625,0.00655875,4.3375,33.775000000000006,-99.51666663333334
2011-10-24,0.4596573141144161,294.425,279.5625,2.6375,163.1,0.9537499999999999,0.005758750000000001,4.487500000000001,33.775000000000006,-99.51666663333334
2011-11-01,0.4596573141144161,295.4375,278.4375,2.875,151.0,0.9112500000000001,0.006096250000000001,5.187500000000001,33.775000000000006,-99.51666663333334
2011-11-09,0.4128931021862078,294.6,278.5625,0.0,141.9875,1.1187500000000001,0.004325,5.050000000000001,33.775000000000006,-99.51666663333334
2011-11-17,0.4,292.36249999999995,277.1875,0.36250000000000004,131.225,0.7375,0.0053100000000000005,4.4125,33.775000000000006,-99.51666663333334
2011-11-25,0.35965731411441615,287.6875,273.35,0.41250000000000003,111.47500000000002,0.57625,0.0037950000000000006,4.6,33.775000000000006,-99.51666663333334
2011-12-03,0.35965731411441615,281.7,269.45,2.475,104.92500000000001,0.3,0.0034275000000000004,3.8750000000000004,33.775000000000006,-99.51666663333334
2011-12-11,0.3069217912493769,287.775,276.3,0.9125000000000001,91.27499999999999,0.48000000000000004,0.00498375,4.2125,33.775000000000006,-99.51666663333334
2011-12-19,0.31289310218620786,283.1125,273.77500000000003,1.5875000000000001,83.15,0.29500000000000004,0.004186250000000001,3.775,33.775000000000006,-99.51666663333334
2011-12-27,0.4,290.54,273.1,0.0,131.45999999999998,0.7779999999999999,0.0035320000000000004,3.6799999999999997,33.775000000000006,-99.51666663333334
2012-01-01,0.40692179124937683,288.9125,272.3875,0.0,125.7375,0.7175,0.0030800000000000003,4.2,33.775000000000006,-99.51666663333334
2012-01-09,0.366579105363793,288.6875,272.925,1.15,127.07500000000002,0.75,0.003095,5.0875,33.775000000000006,-99.51666663333334
2012-01-17,0.40692179124937683,290.90000000000003,272.4,0.525,135.775,0.81125,0.003385000000000001,4.45,33.775000000000006,-99.51666663333334
2012-01-25,0.4541862683843375,290.8875,274.4875,0.8375,136.21250000000003,0.7375,0.00415125,4.725,33.775000000000006,-99.51666663333334
2012-02-02,0.5069217912493769,286.725,274.4375,0.4,133.55,0.49,0.0043212500000000004,4.362500000000001,33.775000000000006,-99.51666663333334
2012-02-10,0.466579105363793,284.84999999999997,272.70000000000005,0.7375,142.28750000000002,0.44375,0.00380875,4.0875,33.775000000000006,-99.51666663333334
2012-02-18,0.4735008966131698,291.5125,275.45,0.5,178.5,0.88375,0.00370875,4.975,33.775000000000006,-99.51666663333334
2012-02-26,0.5606077944269621,294.0625,276.3625,0.0,190.675,1.1087500000000001,0.0036475000000000006,4.625,33.775000000000006,-99.51666663333334
2012-03-05,0.566579105363793,293.775,278.38749999999993,2.5875000000000004,163.38750000000002,1.0275,0.004678750000000001,5.9375,33.775000000000006,-99.51666663333334
2012-03-13,0.6665791053637931,301.4375,286.525,3.1000000000000005,213.91250000000002,1.34125,0.0090525,5.9,33.775000000000006,-99.51666663333334
2012-03-21,0.7069217912493769,299.23749999999995,282.85,0.1625,215.87500000000003,1.2625,0.007293750000000001,3.8625,33.775000000000006,-99.51666663333334
2012-03-29,0.7069217912493769,302.84999999999997,286.2125,1.25,248.1125,1.6099999999999999,0.00830375,3.8875,33.775000000000006,-99.51666663333334
2012-04-06,0.7532357880717917,302.97499999999997,286.9125,0.0,251.38750000000005,1.3337500000000002,0.010082500000000001,5.0625,33.775000000000006,-99.51666663333334
2012-04-14,0.6596573141144162,301.1,284.375,2.5250000000000004,276.83750000000003,1.5150000000000001,0.00707,5.862500000000001,33.775000000000006,-99.51666663333334
2012-04-22,0.605971310936831,307.075,287.3125,0.11250000000000002,273.1375,2.44625,0.00716375,4.362500000000001,33.775000000000006,-99.51666663333334
2012-04-30,0.6000000000000001,310.1,291.775,0.037500000000000006,300.2625,2.7312499999999993,0.00980375,6.075,33.775000000000006,-99.51666663333334
2012-05-08,0.5596573141144162,298.56250000000006,287.15,2.6375,245.1625,1.2175,0.007898750000000001,3.5375000000000005,33.775000000000006,-99.51666663333334
2012-05-16,0.5596573141144162,307.5625,289.47499999999997,0.0,312.46250000000003,2.3912500000000003,0.008342500000000001,5.112500000000001,33.775000000000006,-99.51666663333334
2012-05-24,0.6000000000000001,310.92499999999995,293.9875,3.75,315.90000000000003,2.90875,0.010570000000000003,5.762499999999999,33.775000000000006,-99.51666663333334
2012-06-01,0.6128931021862078,307.325,292.05,1.8,271.3125,2.00875,0.0118125,4.1625,33.775000000000006,-99.51666663333334
2012-06-09,0.6596573141144162,309.79999999999995,294.0,7.625,304.0375,2.2512499999999998,0.01352625,5.3500000000000005,33.775000000000006,-99.51666663333334
2012-06-17,0.6596573141144162,309.425,294.1,0.037500000000000006,313.83750000000003,2.1212500000000003,0.013756250000000001,5.5625,33.775000000000006,-99.51666663333334
2012-06-25,0.6596573141144162,313.2,296.375,0.0,326.67500000000007,3.49625,0.010672500000000001,4.1625000000000005,33.775000000000006,-99.51666663333334
2012-07-03,0.6527355228650393,310.725,297.5,2.1875,300.7875,2.89625,0.012215,4.45,33.775000000000006,-99.51666663333334
2012-07-11,0.6123928369794556,310.7625,295.35,0.125,314.1,2.6699999999999995,0.012373750000000001,3.8125,33.775000000000006,-99.51666663333334
2012-07-19,0.5128931021862078,313.5375,297.7125,0.7375,318.075,3.545,0.011497499999999999,4.2625,33.775000000000006,-99.51666663333334
2012-07-27,0.5467642119282083,314.9625,298.04999999999995,0.07500000000000001,314.0875,4.055000000000001,0.010420000000000002,3.7500000000000004,33.775000000000006,-99.51666663333334
2012-08-04,0.5123928369794555,313.65000000000003,297.16249999999997,0.0,303.7,3.7012500000000004,0.01042875,3.6625,33.775000000000006,-99.51666663333334
2012-08-12,0.5467642119282083,311.11249999999995,294.425,1.5625,268.45000000000005,2.83875,0.01132375,3.8874999999999997,33.775000000000006,-99.51666663333334
2012-08-20,0.4596573141144161,306.95,293.0625,5.55,252.8625,1.7300000000000002,0.013573750000000002,4.512499999999999,33.775000000000006,-99.51666663333334
2012-08-28,0.4596573141144161,311.0625,294.20000000000005,0.21250000000000002,272.4875,2.8375000000000004,0.0112275,3.6249999999999996,33.775000000000006,-99.51666663333334
2012-09-05,0.4596573141144161,309.6875,291.5625,0.85,257.71250000000003,2.98125,0.00798625,4.0375000000000005,33.775000000000006,-99.51666663333334
2012-09-13,0.4596573141144161,301.42499999999995,286.7,3.4875,195.4,1.30125,0.009430000000000001,4.1125,33.775000000000006,-99.51666663333334
2012-09-21,0.4596573141144161,307.11249999999995,290.4125,2.9,215.20000000000002,2.1125,0.009973750000000002,4.4125000000000005,33.775000000000006,-99.51666663333334
2012-09-29,0.4596573141144161,296.9625,285.6875,5.0,176.99999999999997,0.8225,0.00919125,4.6,33.775000000000006,-99.51666663333334
2012-10-07,0.5,298.5125,283.7875,0.1125,178.56250000000003,1.13375,0.0082775,4.45,33.775000000000006,-99.51666663333334
2012-10-15,0.5,302.12500000000006,285.3625,0.9750000000000001,188.65,1.65375,0.00719,4.5875,33.775000000000006,-99.51666663333334
2012-10-23,0.5,294.65000000000003,279.175,0.0,176.775,0.8875,0.00676625,4.5875,33.775000000000006,-99.51666663333334
2012-10-31,0.4596573141144161,299.49999999999994,282.9375,0.0,156.475,1.50875,0.005395000000000001,3.400000000000001,33.775000000000006,-99.51666663333334
2012-11-08,0.4,295.1625,277.75,0.30000000000000004,145.3,1.1075000000000002,0.005030000000000001,4.9875,33.775000000000006,-99.51666663333334
2012-11-16,0.4,295.93749999999994,279.8,0.0,134.4,1.0787500000000003,0.0053525,3.9,33.775000000000006,-99.51666663333334
2012-11-24,0.35965731411441615,294.0625,275.63750000000005,0.0,132.175,1.00875,0.004237500000000001,4.475,33.775000000000006,-99.51666663333334
2012-12-02,0.3069217912493769,295.15,278.425,0.0,131.7,1.07375,0.004837500000000001,4.175,33.775000000000006,-99.51666663333334
2012-12-10,0.3069217912493769,289.6125,272.4875,0.8125,127.67500000000001,0.8537500000000001,0.0028400000000000005,4.825,33.775000000000006,-99.51666663333334
2012-12-18,0.3069217912493769,289.575,272.53749999999997,0.0,118.9875,0.9875,0.0020950000000000005,5.237500000000001,33.775000000000006,-99.51666663333334
2012-12-26,0.3069217912493769,279.1166666666667,265.23333333333335,0.4000000000000001,120.28333333333335,0.295,0.00244,3.933333333333333,33.775000000000006,-99.51666663333334
2013-01-01,0.3069217912493769,283.05,269.67499999999995,0.0,106.16250000000001,0.4075,0.00286875,2.9000000000000004,33.775000000000006,-99.51666663333334
2013-01-09,0.3069217912493769,282.95,270.95,2.8875,91.35000000000001,0.36750000000000005,0.0036312500000000004,4.325,33.775000000000006,-99.51666663333334
2013-01-17,0.3069217912493769,290.0375,273.35,0.0,139.03750000000002,0.71625,0.0037125,3.2625,33.775000000000006,-99.51666663333334
2013-01-25,0.3069217912493769,291.8,275.9875,0.08750000000000001,137.875,0.79125,0.0048725,4.7875000000000005,33.775000000000006,-99.51666663333334
2013-02-02,0.3069217912493769,292.725,276.5625,0.0,155.05,0.8575,0.004453750000000001,4.3125,33.775000000000006,-99.51666663333334
2013-02-10,0.31384358249875366,287.525,273.3375,2.4875000000000003,146.6,0.67,0.0031949999999999995,4.1625000000000005,33.775000000000006,-99.51666663333334
2013-02-18,0.366579105363793,286.575,272.2875,4.1625,154.32500000000002,0.5062500000000001,0.00372375,5.2250000000000005,33.775000000000006,-99.51666663333334
2013-02-26,0.3794722075500008,289.575,273.2625,0.0,206.21250000000003,0.8625,0.0029262500000000005,4.762500000000001,33.775000000000006,-99.51666663333334
2013-03-06,0.3735008966131698,292.125,275.32500000000005,0.0,202.3875,0.9125,0.003780000000000001,4.875,33.775000000000006,-99.51666663333334
2013-03-14,0.46752958567633884,297.0625,278.875,0.0,230.9625,1.27875,0.004566250000000001,4.625000000000001,33.775000000000006,-99.51666663333334
2013-03-22,0.46752958567633884,291.96250000000003,274.98749999999995,0.7375,221.8125,0.88,0.00420375,4.7250000000000005,33.775000000000006,-99.51666663333334
2013-03-30,0.4735008966131698,294.3875,280.5,2.1750000000000003,209.48750000000004,0.93875,0.00617875,4.737500000000001,33.775000000000006,-99.51666663333334
2013-04-07,0.5198148934355846,299.25,280.175,2.925,238.04999999999998,1.3275000000000001,0.0066575,5.4125000000000005,33.775000000000006,-99.51666663333334
2013-04-15,0.566579105363793,300.0125,280.3875,0.42500000000000004,268.21250000000003,1.445,0.0060637500000000006,5.7625,33.775000000000006,-99.51666663333334
2013-04-23,0.6000000000000001,300.76250000000005,281.575,0.0,263.58750000000003,1.69625,0.00553,5.35,33.775000000000006,-99.51666663333334
2013-05-01,0.5596573141144162,298.3375,280.2625,0.0625,280.825,1.4275000000000002,0.005347500000000001,5.237500000000001,33.775000000000006,-99.51666663333334
2013-05-09,0.5596573141144162,304.2,286.725,0.9875,302.275,1.9175000000000002,0.007350000000000001,4.6375,33.775000000000006,-99.51666663333334
2013-05-17,0.5596573141144162,308.5125,290.0875,1.4375,299.88750000000005,2.41375,0.009802500000000002,5.2125,33.775000000000006,-99.51666663333334
2013-05-25,0.5596573141144162,309.175,293.2375,0.5875,307.375,2.34375,0.0118125,7.574999999999999,33.775000000000006,-99.51666663333334
2013-06-02,0.5596573141144162,306.325,289.875,4.3,307.8875,2.0774999999999997,0.009622500000000003,4.7625,33.775000000000006,-99.51666663333334
2013-06-10,0.6000000000000001,309.76250000000005,294.55,1.9375000000000002,303.53749999999997,2.3825,0.012685000000000002,4.487500000000001,33.775000000000006,-99.51666663333334
2013-06-18,0.6000000000000001,309.65,294.025,4.0,307.68750000000006,2.2925,0.013022500000000001,6.287500000000001,33.775000000000006,-99.51666663333334
2013-06-26,0.5596573141144162,310.34999999999997,294.4875,0.0,329.65000000000003,3.1275000000000004,0.009145000000000002,4.025,33.775000000000006,-99.51666663333334
2013-07-04,0.5596573141144162,311.77500000000003,294.91249999999997,0.9625,338.46250000000003,3.2325000000000004,0.009835,4.4375,33.775000000000006,-99.51666663333334
2013-07-12,0.6000000000000001,305.71250000000003,294.45,9.200000000000001,240.91250000000002,1.7137500000000003,0.013526250000000002,3.1625,33.775000000000006,-99.51666663333334
2013-07-20,0.605971310936831,309.1375,295.1,1.3625,315.7375,1.875,0.015577500000000001,4.1875,33.775000000000006,-99.51666663333334
2013-07-28,0.6596573141144162,310.1375,294.6125,0.0,302.52500000000003,2.165,0.014612500000000004,3.95,33.775000000000006,-99.51666663333334
2013-08-05,0.7000000000000002,311.12500000000006,295.125,0.8750000000000001,292.4,2.36,0.01469875,3.8250000000000006,33.775000000000006,-99.51666663333334
2013-08-13,0.6596573141144162,307.4625,292.775,2.875,272.21250000000003,1.7075,0.013845000000000001,3.7125000000000004,33.775000000000006,-99.51666663333334
2013-08-21,0.6930782087506233,309.46250000000003,293.57500000000005,0.0,276.375,2.1975,0.013137500000000003,4.0,33.775000000000006,-99.51666663333334
2013-08-29,0.6000000000000001,311.3,294.15,0.0,271.5625,2.9250000000000003,0.010827500000000002,3.6625000000000005,33.775000000000006,-99.51666663333334
2013-09-06,0.6000000000000001,308.47499999999997,294.25000000000006,0.1375,227.175,2.3512500000000003,0.01149875,3.6750000000000003,33.775000000000006,-99.51666663333334
2013-09-14,0.5527355228650395,304.7625,292.9,4.8875,193.2125,1.5100000000000002,0.012847500000000001,3.8125000000000004,33.775000000000006,-99.51666663333334
2013-09-22,0.5930782087506232,304.375,287.275,2.7125,225.725,1.7037499999999999,0.00911,4.275,33.775000000000006,-99.51666663333334
2013-09-30,0.5527355228650395,304.43749999999994,286.925,0.0,210.12500000000003,1.80625,0.008653750000000002,4.5625,33.775000000000006,-99.51666663333334
2013-10-08,0.5930782087506232,302.34999999999997,286.61249999999995,1.6125,182.25,1.4925,0.008641250000000001,5.1000000000000005,33.775000000000006,-99.51666663333334
2013-10-16,0.5527355228650395,295.92499999999995,278.375,0.0,167.36250000000004,1.0975000000000001,0.004965000000000001,3.85,33.775000000000006,-99.51666663333334
2013-10-24,0.5,298.625,283.8125,1.4874999999999998,159.0,1.015,0.00846,4.5875,33.775000000000006,-99.51666663333334
2013-11-01,0.5,295.1625,279.2625,0.21250000000000002,147.075,1.08375,0.0047475,4.775,33.775000000000006,-99.51666663333334
2013-11-09,0.4,293.9625,276.02500000000003,0.0625,131.71249999999998,0.95875,0.0047175,4.7125,33.775000000000006,-99.51666663333334
2013-11-17,0.35965731411441615,290.57500000000005,277.0875,0.4625,94.75000000000001,0.87125,0.00467125,5.487500000000001,33.775000000000006,-99.51666663333334
2013-11-25,0.3536860031775852,288.875,272.7625,0.0,128.4875,0.7274999999999999,0.00334875,3.7125,33.775000000000006,-99.51666663333334
2013-12-03,0.30000000000000004,280.75,266.87499999999994,2.2375,102.8375,0.4775000000000001,0.0025225000000000004,4.4875,33.775000000000006,-99.51666663333334
2013-12-11,0.3069217912493769,288.04999999999995,270.775,0.30000000000000004,127.7125,0.675,0.0031512500000000004,4.137499999999999,33.775000000000006,-99.51666663333334
2013-12-19,0.30000000000000004,284.88750000000005,272.0125,1.5250000000000001,108.75000000000001,0.36500000000000005,0.0042475,3.9875000000000003,33.775000000000006,-99.51666663333334
2013-12-27,0.30000000000000004,284.14,269.32,0.0,114.96000000000001,0.418,0.00313,3.7800000000000002,33.775000000000006,-99.51666663333334
2014-01-01,0.3069217912493769,284.15,267.2625,0.0,126.325,0.53625,0.00242625,5.35,33.775000000000006,-99.51666663333334
2014-01-09,0.3069217912493769,290.90000000000003,273.7625,0.0,122.7875,0.925,0.0029087500000000003,4.5625,33.775000000000006,-99.51666663333334
2014-01-17,0.30000000000000004,287.33750000000003,268.8,0.0,138.58750000000003,0.82375,0.0019325,4.4,33.775000000000006,-99.51666663333334
2014-01-25,0.30000000000000004,285.075,268.18749999999994,0.5375,136.5875,0.6475,0.00229375,4.5125,33.775000000000006,-99.51666663333334
2014-02-02,0.25965731411441617,273.61249999999995,265.275,0.575,102.47500000000001,0.11875000000000001,0.00255375,3.8999999999999995,33.775000000000006,-99.51666663333334
2014-02-10,0.3069217912493769,287.175,271.57500000000005,0.0,161.95,0.745,0.0031112500000000003,4.2,33.775000000000006,-99.51666663333334
2014-02-18,0.3536860031775852,291.77500000000003,274.3375,0.0,176.91250000000002,0.9425,0.00369125,4.35,33.775000000000006,-99.51666663333334
2014-02-26,0.3536860031775852,283.875,267.3125,0.05,182.32500000000002,0.6099999999999999,0.0026024999999999998,4.800000000000001,33.775000000000006,-99.51666663333334
2014-03-06,0.360607794426962,293.96250000000003,273.8,0.0,204.22500000000002,1.115,0.00347,5.2875000000000005,33.775000000000006,-99.51666663333334
2014-03-14,0.3536860031775852,294.8875,276.41249999999997,1.4125,216.15000000000003,1.2237500000000001,0.0034075000000000004,5.325,33.775000000000006,-99.51666663333334
2014-03-22,0.360607794426962,292.73749999999995,276.7,0.75,218.79999999999998,0.98875,0.0038875000000000003,5.675000000000001,33.775000000000006,-99.51666663333334
2014-03-30,0.40692179124937683,297.7875,280.7,0.5375,219.63750000000002,1.41125,0.0050325000000000005,5.062500000000001,33.775000000000006,-99.51666663333334
2014-04-07,0.40692179124937683,301.3375,280.8625,0.6000000000000001,245.10000000000002,1.815,0.0050862500000000005,5.675000000000001,33.775000000000006,-99.51666663333334
2014-04-15,0.4536860031775852,297.24999999999994,282.925,1.0,223.325,1.2149999999999999,0.006072500000000001,4.437500000000001,33.775000000000006,-99.51666663333334
2014-04-23,0.4596573141144161,301.1375,284.01250000000005,1.475,275.73750000000007,1.7850000000000001,0.00543625,6.7625,33.775000000000006,-99.51666663333334
2014-05-01,0.5,307.1875,286.9125,2.0125,310.93750000000006,2.94,0.0042762500000000005,5.525,33.775000000000006,-99.51666663333334
2014-05-09,0.5,302.925,284.5375,0.325,292.48750000000007,2.0075,0.005630000000000001,5.7625,33.775000000000006,-99.51666663333334
2014-05-17,0.5,304.7875,291.1875,6.112500000000001,277.1875,2.0187500000000003,0.00927125,5.812500000000002,33.775000000000006,-99.51666663333334
2014-05-25,0.5463139968224149,303.93749999999994,291.0875,0.675,287.975,1.3912499999999999,0.01212,3.9000000000000004,33.775000000000006,-99.51666663333334
2014-06-02,0.6000000000000001,307.79999999999995,293.58750000000003,8.1375,312.81250000000006,2.0737500000000004,0.012678750000000003,5.137499999999999,33.775000000000006,-99.51666663333334
2014-06-10,0.605971310936831,306.45,294.05000000000007,0.375,310.25000000000006,1.94375,0.0121075,5.950000000000001,33.775000000000006,-99.51666663333334
2014-06-18,0.605971310936831,306.075,293.54999999999995,4.5625,275.2,1.5375,0.013990000000000002,4.7,33.775000000000006,-99.51666663333334
2014-06-26,0.6527355228650393,307.04999999999995,295.7125,2.1875,291.56250000000006,1.95625,0.013477500000000003,6.562500000000001,33.775000000000006,-99.51666663333334
2014-07-04,0.7000000000000002,309.2125,295.8,0.05,336.46250000000003,2.6212500000000003,0.01123,4.3875,33.775000000000006,-99.51666663333334
2014-07-12,0.6527355228650393,305.325,292.96250000000003,7.7875000000000005,289.3125,1.8074999999999997,0.01172375,4.237500000000001,33.775000000000006,-99.51666663333334
2014-07-20,0.6930782087506233,310.8625,296.15,0.0,333.0625,2.6125000000000003,0.013300000000000003,3.9000000000000004,33.775000000000006,-99.51666663333334
2014-07-28,0.6930782087506233,305.16249999999997,292.57500000000005,0.575,284.63750000000005,1.695,0.0117825,4.0125,33.775000000000006,-99.51666663333334
2014-08-05,0.6000000000000001,310.52500000000003,295.65000000000003,1.95,286.925,2.7787500000000005,0.011662500000000001,3.4375000000000004,33.775000000000006,-99.51666663333334
2014-08-13,0.5930782087506232,310.925,295.3875,0.25,283.5375,2.86625,0.011351250000000002,4.0875,33.775000000000006,-99.51666663333334
2014-08-21,0.5527355228650395,312.09999999999997,296.2375,4.8375,277.375,3.0925000000000002,0.011775,5.0375000000000005,33.775000000000006,-99.51666663333334
2014-08-29,0.5930782087506232,308.875,295.2,0.65,264.75,2.2362499999999996,0.013137500000000002,5.25,33.775000000000006,-99.51666663333334
2014-09-06,0.505971310936831,300.3875,290.27500000000003,3.4250000000000003,182.86250000000004,1.1350000000000002,0.011798750000000002,5.275,33.775000000000006,-99.51666663333334
2014-09-14,0.5,303.675,292.775,2.1,180.9875,1.2787500000000003,0.0133075,2.825,33.775000000000006,-99.51666663333334
2014-09-22,0.505971310936831,303.3875,288.85,0.0,210.925,1.58625,0.009352500000000001,3.0375,33.775000000000006,-99.51666663333334
2014-09-30,0.5,304.95,287.2125,0.0,218.80000000000004,1.9775,0.0081075,4.1625000000000005,33.775000000000006,-99.51666663333334
2014-10-08,0.5,300.2625,284.8375,2.3625,178.7875,1.3800000000000001,0.007713750000000001,5.1000000000000005,33.775000000000006,-99.51666663333334
2014-10-16,0.5,301.0375,286.4,0.15000000000000002,178.35000000000002,1.4449999999999998,0.00781625,3.8125000000000004,33.775000000000006,-99.51666663333334
2014-10-24,0.4930782087506232,301.16249999999997,283.75,0.0,177.0,1.58125,0.006747500000000001,4.4125000000000005,33.775000000000006,-99.51666663333334
2014-11-01,0.4,292.2,279.7,3.6375,128.53750000000002,0.7825,0.005452500000000001,4.5125,33.775000000000006,-99.51666663333334
2014-11-09,0.4,283.9375,271.3,0.11250000000000002,116.225,0.6212500000000001,0.0030525,5.7124999999999995,33.775000000000006,-99.51666663333334
2014-11-17,0.31289310218620786,288.825,274.075,2.9875000000000003,130.775,0.605,0.0042250000000000005,3.9375,33.775000000000006,-99.51666663333334
2014-11-25,0.31289310218620786,289.225,272.9125,0.0,131.7375,0.80375,0.003355,5.1625000000000005,33.775000000000006,-99.51666663333334
2014-12-03,0.26657910536379303,288.3375,278.0375,0.0,112.85,0.3525,0.0061062500000000006,3.175,33.775000000000006,-99.51666663333334
2014-12-11,0.26657910536379303,288.2375,279.45,0.42500000000000004,117.25000000000001,0.49,0.005775000000000001,3.9375,33.775000000000006,-99.51666663333334
2014-12-19,0.26657910536379303,286.2625,276.32499999999993,0.0,98.17500000000001,0.52,0.004082500000000001,4.675,33.775000000000006,-99.51666663333334
2014-12-27,0.26657910536379303,277.76,267.34000000000003,0.9800000000000001,52.67999999999999,0.23800000000000004,0.00267,4.42,33.775000000000006,-99.51666663333334
2015-01-01,0.3069217912493769,278.05,267.5,2.1,106.57499999999999,0.245,0.0026200000000000004,3.5625,33.775000000000006,-99.51666663333334
2015-01-09,0.3069217912493769,280.88750000000005,270.975,0.0,95.30000000000001,0.42625,0.0026000000000000003,3.675,33.775000000000006,-99.51666663333334
2015-01-17,0.26657910536379303,289.6875,273.15,2.0,121.8375,0.7450000000000001,0.0036062500000000005,4.3500000000000005,33.775000000000006,-99.51666663333334
2015-01-25,0.2735008966131698,290.90000000000003,275.4375,1.7125000000000001,121.28750000000002,0.8200000000000001,0.00428125,4.425,33.775000000000006,-99.51666663333334
2015-02-02,0.31384358249875366,290.2125,272.47499999999997,0.0,160.22500000000002,0.78875,0.00394375,4.425000000000001,33.775000000000006,-99.51666663333334
2015-02-10,0.4009504803125459,290.375,272.6375,0.0,155.925,0.71,0.004293750000000001,4.575,33.775000000000006,-99.51666663333334
2015-02-18,0.3675295856763388,285.31250000000006,271.175,0.48750000000000004,153.65000000000003,0.5175000000000001,0.00355875,4.1625000000000005,33.775000000000006,-99.51666663333334
2015-02-26,0.3675295856763388,276.8,268.525,1.225,120.97500000000001,0.17875000000000002,0.003235,4.5,33.775000000000006,-99.51666663333334
2015-03-06,0.3735008966131698,291.59999999999997,276.55,1.8375000000000001,194.38750000000002,0.6937500000000001,0.005150000000000001,3.075,33.775000000000006,-99.51666663333334
2015-03-14,0.41384358249875364,293.4875,280.975,2.7125000000000004,171.9875,0.7474999999999999,0.006451250000000001,3.7500000000000004,33.775000000000006,-99.51666663333334
2015-03-22,0.5138435824987536,299.31249999999994,280.52500000000003,0.0,246.77500000000003,1.2750000000000001,0.0064287500000000004,4.3500000000000005,33.775000000000006,-99.51666663333334
2015-03-30,0.6193146282288324,299.6125,284.03749999999997,0.125,238.3875,1.3337499999999998,0.007395000000000001,4.987500000000001,33.775000000000006,-99.51666663333334
2015-04-07,0.6596573141144162,297.81250000000006,284.71250000000003,2.5875000000000004,223.2125,0.9675,0.008852500000000001,5.949999999999999,33.775000000000006,-99.51666663333334
2015-04-15,0.7128931021862079,298.0375,283.625,1.05,248.86250000000004,0.9862500000000002,0.008002500000000003,4.075,33.775000000000006,-99.51666663333334
2015-04-23,0.805971310936831,297.22499999999997,283.1875,4.825000000000001,243.15,0.94,0.0078075,4.9,33.775000000000006,-99.51666663333334
2015-05-01,0.8463139968224149,300.27500000000003,287.8875,11.887500000000003,265.7875,0.865,0.011463750000000002,5.400000000000001,33.775000000000006,-99.51666663333334
2015-05-09,0.8990495196874542,299.2375,287.325,11.075000000000001,274.0375,0.6725,0.011912500000000001,4.75,33.775000000000006,-99.51666663333334
2015-05-17,0.9463139968224148,298.575,287.6125,8.35,241.02500000000003,0.78875,0.011628750000000002,4.8125,33.775000000000006,-99.51666663333334
2015-05-25,0.9119426218736619,301.65000000000003,288.5625,7.6125,298.16249999999997,0.7137500000000001,0.013601250000000002,3.9250000000000003,33.775000000000006,-99.51666663333334
2015-06-02,1.011942621873662,307.0875,293.7375,0.0,310.675,1.5587499999999999,0.01481,4.325,33.775000000000006,-99.51666663333334
2015-06-10,1.011942621873662,305.13750000000005,293.975,8.6875,276.96250000000003,1.1150000000000002,0.0161875,4.7375,33.775000000000006,-99.51666663333334
2015-06-18,1.0646781447387013,307.825,295.3125,1.1500000000000001,320.00000000000006,1.7062500000000003,0.015363750000000002,4.875000000000001,33.775000000000006,-99.51666663333334
2015-06-26,1.0646781447387013,307.9875,294.6,0.6625000000000001,316.175,1.7800000000000002,0.014731250000000001,3.6875000000000004,33.775000000000006,-99.51666663333334
2015-07-04,1.011942621873662,305.6,294.9375,6.6000000000000005,300.7875,1.2675,0.016352500000000002,4.7124999999999995,33.775000000000006,-99.51666663333334
2015-07-12,1.0646781447387013,310.3875,296.09999999999997,0.0,339.2375,2.2775000000000003,0.014845000000000002,4.7125,33.775000000000006,-99.51666663333334
2015-07-20,1.0587068338018704,311.05,297.02500000000003,1.2875,327.4125,2.3425000000000002,0.01565,4.0125,33.775000000000006,-99.51666663333334
2015-07-28,0.9656286250512471,308.88750000000005,296.02500000000003,3.6125000000000003,284.975,2.0225,0.01502375,3.8875,33.775000000000006,-99.51666663333334
2015-08-05,0.9587068338018703,312.17500000000007,296.6875,0.0,304.6875,2.6837500000000003,0.014758750000000003,4.225,33.775000000000006,-99.51666663333334
2015-08-13,0.9123928369794555,307.375,292.73749999999995,0.2,263.55,1.85125,0.01331,4.0125,33.775000000000006,-99.51666663333334
2015-08-21,0.8587068338018704,309.325,294.1625,0.0,283.76250000000005,1.8550000000000002,0.01541875,4.2125,33.775000000000006,-99.51666663333334
2015-08-29,0.8527355228650394,309.6625,294.05,0.0,266.3875,2.3887500000000004,0.01230625,3.900000000000001,33.775000000000006,-99.51666663333334
2015-09-06,0.7587068338018703,308.2125,293.5625,1.1,246.95000000000005,2.19625,0.012053750000000002,4.1125,33.775000000000006,-99.51666663333334
2015-09-14,0.7587068338018703,306.36249999999995,292.6,0.825,234.9375,1.86,0.01206125,5.712500000000001,33.775000000000006,-99.51666663333334
2015-09-22,0.7050208306242852,306.07500000000005,290.65000000000003,0.0,210.95,1.9825000000000002,0.00986625,3.2250000000000005,33.775000000000006,-99.51666663333334
2015-09-30,0.6527355228650393,300.4125,286.11249999999995,0.525,190.15000000000003,1.385,0.0078000000000000005,3.525,33.775000000000006,-99.51666663333334
2015-10-08,0.605971310936831,305.275,286.11249999999995,0.5,194.9375,1.9899999999999998,0.00777,4.2875000000000005,33.775000000000006,-99.51666663333334
2015-10-16,0.5587068338018704,299.51250000000005,286.3625,6.050000000000001,173.00000000000003,1.30375,0.0077825,4.437500000000001,33.775000000000006,-99.51666663333334
2015-10-24,0.5527355228650395,294.5,280.99999999999994,3.2500000000000004,167.50000000000003,0.71375,0.0072250000000000005,3.6875,33.775000000000006,-99.51666663333334
2015-11-01,0.505971310936831,296.825,280.61249999999995,0.42500000000000004,152.15,0.8900000000000001,0.00722625,4.025,33.775000000000006,-99.51666663333334
2015-11-09,0.4596573141144161,294.1875,279.5625,2.1125,135.6625,0.7475,0.006452500000000001,4.875000000000001,33.775000000000006,-99.51666663333334
2015-11-17,0.4128931021862078,290.9625,274.4375,0.0,137.175,0.66125,0.00465125,5.300000000000001,33.775000000000006,-99.51666663333334
2015-11-25,0.366579105363793,284.7875,274.925,6.9375,92.5,0.29,0.0058025,4.25,33.775000000000006,-99.51666663333334
2015-12-03,0.366579105363793,292.6375,275.05,0.0,133.51250000000002,0.7962499999999999,0.00449875,3.8125,33.775000000000006,-99.51666663333334
2015-12-11,0.360607794426962,289.56250000000006,273.54999999999995,0.7875000000000001,125.68750000000001,0.61,0.00458625,4.4375,33.775000000000006,-99.51666663333334
2015-12-19,0.31384358249875366,291.88750000000005,275.0125,8.700000000000001,117.62500000000001,0.6575,0.00502875,5.0375000000000005,33.775000000000006,-99.51666663333334
2015-12-27,0.260607794426962,276.98,270.56000000000006,2.0200000000000005,87.10000000000001,0.11600000000000002,0.0034720000000000003,5.6,33.775000000000006,-99.51666663333334
2016-01-01,0.3069217912493769,282.7,272.5,1.0125000000000002,104.31250000000001,0.30125,0.0039000000000000007,3.6500000000000004,33.775000000000006,-99.51666663333334
2016-01-09,0.3536860031775852,284.67499999999995,271.5,0.47500000000000003,104.825,0.48500000000000004,0.00327625,3.9375000000000004,33.775000000000006,-99.51666663333334
2016-01-17,0.31384358249875366,285.25,270.0,0.0,135.16250000000002,0.40874999999999995,0.003597500000000001,4.3125,33.775000000000006,-99.51666663333334
2016-01-25,0.360607794426962,292.65,272.7875,0.0,144.05,0.9337500000000001,0.0037362500000000004,4.3999999999999995,33.775000000000006,-99.51666663333334
2016-02-02,0.366579105363793,287.67499999999995,271.45,0.0,169.15,0.7212500000000001,0.0024375,4.25,33.775000000000006,-99.51666663333334
2016-02-10,0.41384358249875364,294.5,275.125,0.0,177.61249999999998,0.9325,0.00417625,4.175000000000001,33.775000000000006,-99.51666663333334
2016-02-26,0.5138435824987536,295.86249999999995,277.8,0.0,207.2,1.05375,0.00465125,4.775,33.775000000000006,-99.51666663333334
2016-03-05,0.566579105363793,295.0625,284.8625,2.0,179.1625,0.7812500000000001,0.00786,4.5375000000000005,33.775000000000006,-99.51666663333334
2016-03-13,0.6138435824987538,293.925,277.65,0.0,206.42500000000004,1.0575,0.0047625,4.487500000000001,33.775000000000006,-99.51666663333334
2016-03-21,0.6665791053637931,296.1375,277.0,0.17500000000000002,248.95,1.0187500000000003,0.0046700000000000005,6.075000000000001,33.775000000000006,-99.51666663333334
2016-03-29,0.6665791053637931,298.17499999999995,281.05,0.0,245.66250000000005,1.44875,0.005430000000000001,4.800000000000001,33.775000000000006,-99.51666663333334
2016-04-06,0.7128931021862079,296.5875,282.9,3.0375000000000005,226.9375,0.9012500000000001,0.00708875,4.8,33.775000000000006,-99.51666663333334
2016-04-14,0.7596573141144162,295.23749999999995,285.43750000000006,9.175,239.10000000000002,0.51625,0.009993750000000001,4.4,33.775000000000006,-99.51666663333334
2016-04-22,0.8188644131230388,302.11250000000007,286.1,2.3000000000000003,283.475,1.3725,0.0089425,4.737500000000001,33.775000000000006,-99.51666663333334
2016-04-30,0.9119426218736619,299.2625,283.875,0.7125000000000001,288.65000000000003,1.17375,0.00727,4.2625,33.775000000000006,-99.51666663333334
2016-05-08,0.9522853077592458,302.0,287.95000000000005,0.5375,268.7875,1.42625,0.009573749999999999,5.500000000000001,33.775000000000006,-99.51666663333334
2016-05-16,0.9179139328104929,298.66249999999997,288.7,5.9750000000000005,271.6375,0.4375,0.01308375,5.175000000000001,33.775000000000006,-99.51666663333334
2016-05-24,1.011942621873662,305.06250000000006,292.3375,7.675,309.20000000000005,1.3800000000000001,0.014123750000000001,4.95,33.775000000000006,-99.51666663333334
2016-06-01,1.0522853077592458,303.0375,291.3375,2.075,281.6875,1.3262500000000002,0.011950000000000002,3.5250000000000004,33.775000000000006,-99.51666663333334
2016-06-09,1.045363516509869,307.32500000000005,295.25000000000006,1.425,300.7,1.3825,0.01658625,4.862500000000001,33.775000000000006,-99.51666663333334
2016-06-17,0.9587068338018703,309.02500000000003,295.45000000000005,1.0375,316.75,1.9087500000000002,0.015501250000000005,4.612500000000001,33.775000000000006,-99.51666663333334
2016-06-25,0.8990495196874542,308.6125,295.375,4.6375,305.70000000000005,1.84,0.015148750000000002,4.15,33.775000000000006,-99.51666663333334
2016-07-03,0.8930782087506233,310.5,296.51250000000005,0.5875,333.375,2.0650000000000004,0.01674875,5.4875,33.775000000000006,-99.51666663333334
2016-07-11,0.805971310936831,310.86249999999995,296.4,2.675,334.33750000000003,2.32625,0.015255000000000001,6.15,33.775000000000006,-99.51666663333334
2016-07-19,0.805971310936831,311.29999999999995,296.95,0.0,318.5375,2.5237499999999997,0.01481375,4.050000000000001,33.775000000000006,-99.51666663333334
2016-07-27,0.7587068338018703,311.4875,297.23749999999995,0.0625,312.43750000000006,2.8687500000000004,0.013445000000000002,4.3999999999999995,33.775000000000006,-99.51666663333334
2016-08-04,0.7059713109368311,311.12499999999994,297.525,0.7750000000000001,288.625,2.65625,0.013838750000000004,3.9,33.775000000000006,-99.51666663333334
2016-08-12,0.7059713109368311,305.375,292.57500000000005,1.7375000000000003,268.725,1.37375,0.013942500000000002,4.4625,33.775000000000006,-99.51666663333334
2016-08-20,0.7000000000000002,305.8625,292.2,2.825,265.75,1.29375,0.014796250000000002,4.6,33.775000000000006,-99.51666663333334
2016-08-28,0.7000000000000002,305.45,294.4875,1.225,206.8625,1.36875,0.015058750000000001,3.325,33.775000000000006,-99.51666663333334
2016-09-05,0.7000000000000002,306.7375,293.6125,5.1000000000000005,254.18750000000006,1.7274999999999998,0.013580000000000002,5.875000000000001,33.775000000000006,-99.51666663333334
2016-09-13,0.7000000000000002,305.125,293.1625,7.750000000000001,216.7625,1.19,0.015326250000000001,3.1,33.775000000000006,-99.51666663333334
2016-09-21,0.7000000000000002,302.75,290.1625,5.325,216.05,1.34125,0.012140000000000001,4.1000000000000005,33.775000000000006,-99.51666663333334
2016-09-29,0.7000000000000002,302.4875,286.8875,2.375,218.7125,1.3074999999999999,0.00981625,4.3375,33.775000000000006,-99.51666663333334
2016-10-07,0.7000000000000002,297.1,284.9,2.0875,178.5,0.7750000000000001,0.009157500000000002,4.175000000000001,33.775000000000006,-99.51666663333334
2016-10-15,0.7000000000000002,301.84999999999997,286.58750000000003,2.9000000000000004,192.77500000000003,1.385,0.0098175,4.9,33.775000000000006,-99.51666663333334
2016-10-23,0.6128931021862078,301.375,287.5875,0.0,172.4375,1.1,0.010475,3.8125,33.775000000000006,-99.51666663333334
2016-10-31,0.6000000000000001,296.45,287.7875,4.637499999999999,127.53750000000002,0.7012500000000002,0.010393750000000002,3.8125,33.775000000000006,-99.51666663333334
2016-11-08,0.5596573141144162,294.48749999999995,281.7375,0.0,121.73750000000001,0.81375,0.00706,3.5875,33.775000000000006,-99.51666663333334
2016-11-16,0.5069217912493769,294.22499999999997,277.8875,0.0,137.5,0.9737500000000001,0.00514125,5.0249999999999995,33.775000000000006,-99.51666663333334
2016-11-24,0.41384358249875364,291.1,277.2125,0.0,119.4625,0.7250000000000001,0.00470875,4.3999999999999995,33.775000000000006,-99.51666663333334
2016-12-02,0.40692179124937683,281.15000000000003,273.0,3.575,88.2875,0.25875000000000004,0.004065000000000001,3.687500000000001,33.775000000000006,-99.51666663333334
2016-12-10,0.40692179124937683,286.875,270.58750000000003,0.0,122.8125,0.55,0.00403375,5.2749999999999995,33.775000000000006,-99.51666663333334
2016-12-18,0.35965731411441615,286.96250000000003,271.97499999999997,0.0,114.98750000000001,0.5475,0.00406875,4.1625,33.775000000000006,-99.51666663333334
2016-12-26,0.35965731411441615,289.6666666666667,273.8833333333334,0.0,127.68333333333334,0.7316666666666666,0.0034316666666666666,4.166666666666667,33.775000000000006,-99.51666663333334
2017-01-01,0.3069217912493769,280.9375,268.3,0.30000000000000004,109.72500000000001,0.42374999999999996,0.0026662500000000002,4.275,33.775000000000006,-99.51666663333334
2017-01-09,0.3069217912493769,286.6,274.8875,3.25,103.61250000000001,0.51875,0.00506125,4.675000000000001,33.775000000000006,-99.51666663333334
2017-01-17,0.3069217912493769,292.0625,277.04999999999995,1.075,125.8625,0.8300000000000001,0.004522500000000001,4.85,33.775000000000006,-99.51666663333334
2017-01-25,0.3536860031775852,289.3125,272.3875,0.0,147.275,0.8574999999999999,0.0026800000000000005,3.7625,33.775000000000006,-99.51666663333334
2017-02-02,0.31384358249875366,290.5,274.8125,0.0,164.8375,0.785,0.0041925,4.475,33.775000000000006,-99.51666663333334
2017-02-10,0.40692179124937683,293.0,278.5625,2.7125,146.01250000000002,1.0374999999999999,0.0048525,5.112500000000001,33.775000000000006,-99.51666663333334
2017-02-18,0.4536860031775852,296.28749999999997,278.27500000000003,1.1375,190.8625,1.15625,0.0052899999999999996,4.0625,33.775000000000006,-99.51666663333334
2017-02-26,0.466579105363793,294.725,278.11249999999995,0.0,201.75,1.0975000000000001,0.00437625,4.800000000000001,33.775000000000006,-99.51666663333334
2017-03-06,0.5069217912493769,293.6,279.2,0.05,197.95000000000002,0.8575,0.005852500000000001,4.925,33.775000000000006,-99.51666663333334
2017-03-14,0.6000000000000001,301.6625,283.325,0.0,218.0625,1.44625,0.007838750000000002,4.7875,33.775000000000006,-99.51666663333334
2017-03-22,0.6596573141144162,297.61249999999995,282.7125,13.325,226.08749999999998,1.08,0.006975000000000001,6.0125,33.775000000000006,-99.51666663333334
2017-03-30,0.7527355228650393,295.1125,280.5125,0.8,227.25000000000003,0.8799999999999999,0.006428750000000001,4.4750000000000005,33.775000000000006,-99.51666663333334
2017-04-07,0.805971310936831,299.475,285.7125,3.0375,246.4875,1.195,0.0083125,5.6499999999999995,33.775000000000006,-99.51666663333334
2017-04-15,0.8656286250512472,299.5,286.7375,0.375,264.875,0.8,0.01115625,5.2625,33.775000000000006,-99.51666663333334
2017-04-23,0.9458137316156625,297.09999999999997,281.0875,1.2500000000000002,252.96250000000003,1.1725,0.00657375,5.8375,33.775000000000006,-99.51666663333334
2017-05-01,0.9930782087506231,301.6375,283.6375,0.0,308.2875,1.6225,0.006541250000000001,4.525,33.775000000000006,-99.51666663333334
2017-05-09,0.939392205573038,303.5125,288.34999999999997,5.737500000000001,307.11250000000007,1.6475,0.009195,5.25,33.775000000000006,-99.51666663333334
2017-05-17,0.8990495196874542,300.375,287.375,4.325,281.66249999999997,1.32,0.008652500000000002,4.7749999999999995,33.775000000000006,-99.51666663333334
2017-05-25,0.8990495196874542,307.1125,290.86249999999995,1.225,302.1875,2.3000000000000003,0.00914,4.325,33.775000000000006,-99.51666663333334
2017-06-02,0.9463139968224148,303.6125,292.73750000000007,4.074999999999999,264.7375,1.2775,0.01322875,3.7375000000000003,33.775000000000006,-99.51666663333334
2017-06-10,0.905971310936831,308.92499999999995,295.6125,0.30000000000000004,319.7625,2.0025,0.014793750000000001,6.487500000000001,33.775000000000006,-99.51666663333334
2017-06-18,0.8990495196874542,306.3625,293.1,1.1625,303.53749999999997,1.7500000000000002,0.01293375,4.112500000000001,33.775000000000006,-99.51666663333334
2017-06-26,0.8587068338018704,307.925,294.2125,3.125,313.425,1.67375,0.015237500000000001,4.7,33.775000000000006,-99.51666663333334
2017-07-04,0.8527355228650394,308.4375,294.1375,0.8875000000000001,329.35,1.7750000000000001,0.01498375,3.2625,33.775000000000006,-99.51666663333334
2017-07-12,0.805971310936831,309.73749999999995,295.8625,0.1625,326.13750000000005,2.2375000000000003,0.01426,3.6250000000000004,33.775000000000006,-99.51666663333334
2017-07-20,0.7527355228650393,311.7375,297.225,1.1875,326.62500000000006,2.8262500000000004,0.013546250000000001,3.5875000000000004,33.775000000000006,-99.51666663333334
2017-07-28,0.7527355228650393,306.96250000000003,294.675,0.75,271.7,1.9074999999999998,0.013312500000000001,3.0,33.775000000000006,-99.51666663333334
2017-08-05,0.7527355228650393,307.43750000000006,294.7,2.8,250.55,1.58125,0.0157425,3.8000000000000007,33.775000000000006,-99.51666663333334
2017-08-13,0.8,307.8625,295.00000000000006,5.2250000000000005,271.17500000000007,1.4425000000000001,0.016988750000000004,3.7875,33.775000000000006,-99.51666663333334
2017-08-21,0.8527355228650394,305.00000000000006,294.12499999999994,5.8375,250.3125,1.1749999999999998,0.015682500000000002,3.6500000000000004,33.775000000000006,-99.51666663333334
2017-08-29,0.8527355228650394,305.77500000000003,290.325,0.0,273.475,1.71625,0.011255000000000001,3.8500000000000005,33.775000000000006,-99.51666663333334
2017-09-06,0.805971310936831,304.7625,286.525,0.0,257.2875,1.9312500000000001,0.007545000000000001,3.1750000000000003,33.775000000000006,-99.51666663333334
2017-09-14,0.7527355228650393,309.95,294.11249999999995,0.11250000000000002,238.96250000000003,2.45875,0.0122875,5.125,33.775000000000006,-99.51666663333334
2017-09-22,0.7059713109368311,298.45,291.8375,13.775000000000002,135.03750000000002,0.8125,0.012782500000000002,4.6625000000000005,33.775000000000006,-99.51666663333334
2017-09-30,0.7000000000000002,302.27500000000003,290.4625,0.275,173.02500000000003,1.07125,0.0125625,4.0625,33.775000000000006,-99.51666663333334
2017-10-08,0.7000000000000002,300.05,283.5,0.05,203.33750000000003,1.165,0.00852375,4.862500000000001,33.775000000000006,-99.51666663333334
2017-10-16,0.7000000000000002,299.72499999999997,281.9625,2.0375,192.75000000000003,1.25,0.0070237500000000005,4.325,33.775000000000006,-99.51666663333334
2017-10-24,0.6930782087506233,293.40000000000003,276.6375,0.1625,163.0,1.1087500000000003,0.0037037500000000004,4.9125000000000005,33.775000000000006,-99.51666663333334
2017-11-01,0.6000000000000001,296.5,280.02500000000003,0.28750000000000003,137.60000000000002,1.1937499999999999,0.0060412500000000015,4.4625,33.775000000000006,-99.51666663333334
2017-11-09,0.5,291.6125,281.9375,0.0625,127.97500000000002,0.46625000000000005,0.007703750000000001,4.3375,33.775000000000006,-99.51666663333334
2017-11-17,0.4536860031775852,294.84999999999997,275.9,0.0,135.7875,1.11375,0.0041225,4.487500000000001,33.775000000000006,-99.51666663333334
2017-11-25,0.4,294.825,277.5625,0.0,127.57500000000002,0.8562500000000002,0.0056325,3.875,33.775000000000006,-99.51666663333334
2017-12-03,0.3069217912493769,289.25,272.9,0.0,112.4375,0.80125,0.0034550000000000006,4.0375000000000005,33.775000000000006,-99.51666663333334
2017-12-11,0.3069217912493769,289.73749999999995,272.575,0.037500000000000006,130.1625,0.765,0.0031900000000000006,3.825,33.775000000000006,-99.51666663333334
2017-12-19,0.3069217912493769,283.3875,271.625,0.1,107.37500000000001,0.33875000000000005,0.00396375,4.0875,33.775000000000006,-99.51666663333334
2017-12-27,0.30000000000000004,278.98,270.3,0.0,112.3,0.32599999999999996,0.0027240000000000003,4.0600000000000005,33.775000000000006,-99.51666663333334
2018-01-01,0.3069217912493769,283.6,266.73749999999995,0.0,115.3375,0.5,0.0026662500000000007,3.0625,33.775000000000006,-99.51666663333334
2018-01-09,0.3069217912493769,284.28749999999997,267.4,0.375,122.76250000000002,0.5825,0.0024975,4.7749999999999995,33.775000000000006,-99.51666663333334
2018-01-17,0.3069217912493769,289.525,269.2375,0.0,140.26250000000002,0.8587499999999999,0.0024312500000000003,5.0625,33.775000000000006,-99.51666663333334
2018-01-25,0.3069217912493769,291.65,271.7375,0.1875,149.81250000000003,0.92625,0.0029675000000000005,5.1125,33.775000000000006,-99.51666663333334
2018-02-02,0.3069217912493769,287.36250000000007,267.75000000000006,0.0,156.0,0.6362500000000001,0.00283,4.125000000000001,33.775000000000006,-99.51666663333334
2018-02-10,0.3069217912493769,287.54999999999995,271.9625,0.08750000000000001,146.8,0.635,0.004061250000000001,4.7125,33.775000000000006,-99.51666663333334
2018-02-18,0.3536860031775852,288.525,274.7375,3.5250000000000004,142.6125,0.6025,0.00518625,5.0125,33.775000000000006,-99.51666663333334
2018-02-26,0.35965731411441615,295.0,278.3625,0.1125,185.42500000000004,0.88375,0.00579375,4.4875,33.775000000000006,-99.51666663333334
2018-03-06,0.4,293.78749999999997,275.5,0.0,217.04999999999998,1.155,0.0031675000000000006,3.9124999999999996,33.775000000000006,-99.51666663333334
2018-03-14,0.4536860031775852,296.03749999999997,278.3625,0.0625,218.875,1.30625,0.00371375,5.362500000000001,33.775000000000006,-99.51666663333334
2018-03-22,0.41334331729200136,298.57500000000005,284.075,1.7500000000000002,215.825,1.1425,0.00790875,4.575,33.775000000000006,-99.51666663333334
2018-03-30,0.4536860031775852,294.8625,276.5875,0.0,239.1875,0.8387500000000001,0.0061475,5.375,33.775000000000006,-99.51666663333334
2018-04-07,0.4536860031775852,296.525,278.1,0.0,251.78750000000002,1.3475000000000001,0.0047125,6.3875,33.775000000000006,-99.51666663333334
2018-04-15,0.5,297.7,279.575,0.1,264.63750000000005,1.5250000000000001,0.00391,5.612500000000001,33.775000000000006,-99.51666663333334
2018-04-23,0.5467642119282083,299.55000000000007,282.625,1.5750000000000002,267.5,1.38375,0.006307500000000001,4.5375,33.775000000000006,-99.51666663333334
2018-05-01,0.6000000000000001,305.28749999999997,288.88750000000005,3.0875000000000004,294.58750000000003,2.07875,0.00814625,5.0875,33.775000000000006,-99.51666663333334
2018-05-09,0.6596573141144162,306.84999999999997,291.5125,0.5,303.725,1.98625,0.01090875,6.0375,33.775000000000006,-99.51666663333334
2018-05-17,0.7059713109368311,305.5875,291.63750000000005,5.7,298.2125,1.6462500000000002,0.01219125,4.4125000000000005,33.775000000000006,-99.51666663333334
2018-05-25,0.7596573141144162,311.22499999999997,295.69999999999993,0.125,321.05000000000007,2.8075000000000006,0.01230125,4.512500000000001,33.775000000000006,-99.51666663333334
2018-06-02,0.7596573141144162,308.9375,294.02500000000003,1.9250000000000003,306.83750000000003,2.3512500000000003,0.011952500000000001,4.7,33.775000000000006,-99.51666663333334
2018-06-10,0.7059713109368311,309.525,296.825,0.0,315.725,2.555,0.012513749999999999,5.7875000000000005,33.775000000000006,-99.51666663333334
2018-06-18,0.7059713109368311,309.375,294.84999999999997,0.0,307.6125,2.2525,0.013303750000000001,4.6,33.775000000000006,-99.51666663333334
2018-06-26,0.6930782087506233,311.775,297.3125,0.7750000000000001,319.21250000000003,3.04,0.012375,5.5,33.775000000000006,-99.51666663333334
2018-07-04,0.6527355228650393,309.7375,295.2,0.8500000000000001,291.875,2.24,0.013912500000000001,3.6750000000000003,33.775000000000006,-99.51666663333334
2018-07-12,0.605971310936831,312.4375,297.0375,1.2625,320.88750000000005,3.1812500000000004,0.012176250000000001,3.8375000000000004,33.775000000000006,-99.51666663333334
2018-07-20,0.605971310936831,312.5,296.0625,0.225,322.575,3.57375,0.0094,4.112500000000001,33.775000000000006,-99.51666663333334
2018-07-28,0.6000000000000001,308.90000000000003,294.1,2.0875,306.5375,2.40125,0.011778750000000001,3.7750000000000004,33.775000000000006,-99.51666663333334
2018-08-05,0.5596573141144162,308.4375,294.6,2.5625,262.65000000000003,2.0637499999999998,0.013525000000000002,3.5875000000000004,33.775000000000006,-99.51666663333334
2018-08-13,0.6000000000000001,307.6125,294.8125,3.7375000000000003,263.7875,1.6900000000000002,0.015255,3.7750000000000004,33.775000000000006,-99.51666663333334
2018-08-21,0.6000000000000001,311.15,296.7625,0.1,281.75,2.72875,0.013275000000000002,5.4625,33.775000000000006,-99.51666663333334
2018-08-29,0.6000000000000001,307.62500000000006,295.9125,1.4125,227.425,2.0225,0.014006250000000001,4.15,33.775000000000006,-99.51666663333334
2018-09-06,0.6000000000000001,301.0375,292.375,7.300000000000001,204.6875,0.8362499999999999,0.01396875,3.5500000000000003,33.775000000000006,-99.51666663333334
2018-09-14,0.6000000000000001,304.6375,293.77500000000003,10.950000000000001,200.05,1.2725,0.014713750000000001,4.4,33.775000000000006,-99.51666663333334
2018-09-22,0.6527355228650393,299.47499999999997,288.0125,4.075,197.35000000000002,0.73,0.012092499999999999,4.0875,33.775000000000006,-99.51666663333334
2018-09-30,0.6527355228650393,302.8625,292.5,5.7625,197.95000000000002,1.00875,0.0142,5.325,33.775000000000006,-99.51666663333334
2018-10-08,0.7000000000000002,291.7250000000001,282.075,10.75,136.6125,0.3,0.00897125,4.9625,33.775000000000006,-99.51666663333334
2018-10-16,0.6527355228650393,290.8375,281.83750000000003,4.6625,104.80000000000001,0.52,0.0069137500000000015,3.0374999999999996,33.775000000000006,-99.51666663333334
2018-10-24,0.605971310936831,294.76250000000005,283.25,5.125,145.9875,0.6512499999999999,0.008521250000000001,3.5875000000000004,33.775000000000006,-99.51666663333334
2018-11-01,0.5596573141144162,292.0625,280.28749999999997,0.05,133.4,0.65625,0.00627125,4.2875000000000005,33.775000000000006,-99.51666663333334
2018-11-09,0.5128931021862078,286.20000000000005,271.9375,1.25,133.45,0.50625,0.0037400000000000003,4.200000000000001,33.775000000000006,-99.51666663333334
2018-11-17,0.4596573141144161,289.58750000000003,274.4625,0.0,130.87499999999997,0.60375,0.004631250000000001,3.9499999999999997,33.775000000000006,-99.51666663333334
2018-11-25,0.40597131093683103,291.7375,275.76250000000005,0.0,126.03750000000001,0.83375,0.00428125,4.5875,33.775000000000006,-99.51666663333334
2018-12-03,0.4,281.225,270.84999999999997,3.2875,95.85000000000001,0.23500000000000001,0.0037287500000000003,3.8375000000000004,33.775000000000006,-99.51666663333334
2018-12-11,0.35965731411441615,286.475,274.6375,0.7875000000000001,110.7875,0.44000000000000006,0.0043212500000000004,4.7875,33.775000000000006,-99.51666663333334
2018-12-19,0.35965731411441615,288.8875,275.1875,2.4250000000000003,120.19999999999999,0.47625,0.005,4.312500000000001,33.775000000000006,-99.51666663333334
2018-12-27,0.35965731411441615,280.2,272.74000000000007,0.4,90.86000000000001,0.262,0.003542000000000001,3.4200000000000004,33.775000000000006,-99.51666663333334
2019-01-01,0.3536860031775852,284.4125,273.5875,1.25,98.51250000000002,0.45375,0.004105,4.050000000000001,33.775000000000006,-99.51666663333334
2019-01-09,0.35965731411441615,284.7875,275.22499999999997,0.9500000000000001,105.28750000000001,0.355,0.00458625,3.9625000000000004,33.775000000000006,-99.51666663333334
2019-01-17,0.35965731411441615,287.27500000000003,271.40000000000003,0.037500000000000006,131.9,0.52,0.0038175000000000006,5.312500000000001,33.775000000000006,-99.51666663333334
2019-01-25,0.35965731411441615,286.48749999999995,271.375,0.0,142.28750000000002,0.4925,0.0037087500000000002,3.6375,33.775000000000006,-99.51666663333334
2019-02-02,0.35965731411441615,288.7,274.9375,0.0,137.32500000000002,0.51375,0.0056175,4.625,33.775000000000006,-99.51666663333334
2019-02-10,0.35965731411441615,287.9375,273.58750000000003,0.05,165.57500000000002,0.535,0.0043375,4.9625,33.775000000000006,-99.51666663333334
2019-02-18,0.4596573141144161,285.475,272.8,0.1875,160.32500000000002,0.4975,0.003655,4.6625000000000005,33.775000000000006,-99.51666663333334
2019-02-26,0.4128931021862078,279.525,268.975,0.0625,167.875,0.20124999999999998,0.0037450000000000005,4.4375,33.775000000000006,-99.51666663333334
2019-03-06,0.4596573141144161,290.6,278.175,5.575,183.1125,0.61875,0.005630000000000001,6.075000000000001,33.775000000000006,-99.51666663333334
2019-03-14,0.5596573141144162,291.78749999999997,275.8875,0.0,227.6125,0.86875,0.0038225000000000004,3.1875000000000004,33.775000000000006,-99.51666663333334
2019-03-22,0.6596573141144162,297.21250000000003,281.25,0.0,231.35000000000002,0.8987499999999999,0.0074424999999999995,4.675000000000001,33.775000000000006,-99.51666663333334
2019-03-30,0.8,293.475,279.0375,2.0125,228.3625,0.7025,0.0067287499999999995,4.75,33.775000000000006,-99.51666663333334
2019-04-07,0.8656286250512472,295.3875,281.1875,10.450000000000001,243.76250000000002,0.9937500000000001,0.006740000000000001,5.35,33.775000000000006,-99.51666663333334
2019-04-15,1.146313996822415,299.1875,284.85,0.47500000000000003,268.375,1.08625,0.008498750000000001,5.675,33.775000000000006,-99.51666663333334
2019-04-23,1.105971310936831,298.125,286.525,2.2625,252.75000000000006,0.8025,0.010187500000000002,4.6125,33.775000000000006,-99.51666663333334
2019-05-01,0.9651784099454537,298.53749999999997,287.4875,9.225,286.18750000000006,0.435,0.013130000000000001,4.750000000000001,33.775000000000006,-99.51666663333334
2019-05-09,1.1119426218736619,297.21250000000003,284.8,4.800000000000001,267.85,0.7725,0.009715,4.112500000000001,33.775000000000006,-99.51666663333334
2019-05-17,1.011942621873662,302.67499999999995,289.6875,14.7375,309.875,0.9987499999999999,0.013036250000000001,6.800000000000001,33.775000000000006,-99.51666663333334
2019-05-25,1.105020830624285,303.475,292.15000000000003,8.4,287.95000000000005,1.12375,0.013855000000000001,4.9125000000000005,33.775000000000006,-99.51666663333334
2019-06-02,1.0646781447387013,303.725,291.9125,3.0625,291.6875,0.8537499999999999,0.015562500000000003,3.7249999999999996,33.775000000000006,-99.51666663333334
2019-06-10,1.146313996822415,303.8,290.25,6.7625,302.7125000000001,1.30375,0.0121875,4.6000000000000005,33.775000000000006,-99.51666663333334
2019-06-18,1.117913932810493,307.63750000000005,294.2,0.5625,315.47499999999997,1.4887500000000002,0.0161825,5.0375000000000005,33.775000000000006,-99.51666663333334
2019-06-26,1.1990495196874544,308.13749999999993,294.8125,0.037500000000000006,326.2375,1.73875,0.015220000000000001,4.3125,33.775000000000006,-99.51666663333334
2019-07-04,1.117913932810493,308.35,295.1375,3.375,318.375,1.4875,0.01728875,3.8125000000000004,33.775000000000006,-99.51666663333334
2019-07-12,1.1119426218736619,309.65,295.70000000000005,0.0,335.76250000000005,2.0625,0.0153075,4.550000000000001,33.775000000000006,-99.51666663333334
2019-07-20,1.0587068338018704,307.73749999999995,292.3,0.0,334.4875,2.1125,0.011455,4.125000000000001,33.775000000000006,-99.51666663333334
2019-07-28,0.9990495196874541,310.96250000000003,295.625,0.0,300.46250000000003,2.47375,0.014035,3.7875,33.775000000000006,-99.51666663333334
2019-08-05,0.9123928369794555,312.91249999999997,297.7375,0.2,302.51250000000005,3.09,0.013593750000000002,3.6625,33.775000000000006,-99.51666663333334
2019-08-13,0.8587068338018704,312.2875,296.90000000000003,0.9125000000000001,288.075,2.8825000000000003,0.01376625,4.275,33.775000000000006,-99.51666663333334
2019-08-21,0.8587068338018704,309.36250000000007,295.575,2.15,255.6125,2.08,0.0150475,4.0625,33.775000000000006,-99.51666663333334
2019-08-29,0.7656286250512472,309.1875,293.58750000000003,2.8375000000000004,270.3125,2.25375,0.01249625,3.7250000000000005,33.775000000000006,-99.51666663333334
2019-09-06,0.7467642119282084,308.92499999999995,294.68750000000006,1.3,248.75,2.395,0.011918750000000002,5.300000000000001,33.775000000000006,-99.51666663333334
2019-09-14,0.7587068338018703,307.125,293.90000000000003,4.4750000000000005,234.41250000000002,1.83125,0.0132625,4.2,33.775000000000006,-99.51666663333334
2019-09-22,0.711942621873662,307.05,295.6125,4.45,210.6875,1.6950000000000003,0.01487875,4.887500000000001,33.775000000000006,-99.51666663333334
2019-09-30,0.6656286250512473,303.8875,289.6125,0.0,202.525,1.40375,0.0117275,4.8,33.775000000000006,-99.51666663333334
2019-10-08,0.6596573141144162,300.05,280.6625,0.037500000000000006,201.65,1.34,0.00678,5.2875,33.775000000000006,-99.51666663333334
2019-10-16,0.6596573141144162,299.8125,280.175,0.0,196.32500000000005,1.56875,0.00468,4.0375000000000005,33.775000000000006,-99.51666663333334
2019-10-24,0.5596573141144162,284.8125,273.6,0.45,125.58750000000002,0.40875,0.00422375,5.525000000000001,33.775000000000006,-99.51666663333334
2019-11-01,0.5,290.52500000000003,275.8125,4.1375,123.90000000000002,0.66625,0.0050625,3.875,33.775000000000006,-99.51666663333334
2019-11-09,0.4596573141144161,288.6375,271.9875,0.0,136.9,0.6212500000000001,0.00410625,4.4125000000000005,33.775000000000006,-99.51666663333334
2019-11-17,0.30597131093683105,292.05,276.875,0.8500000000000001,125.70000000000002,0.69625,0.0058737500000000005,4.125,33.775000000000006,-99.51666663333334
2019-11-25,0.3069217912493769,287.1125,274.375,1.9000000000000001,118.525,0.52625,0.00420375,4.4625,33.775000000000006,-99.51666663333334
2019-12-03,0.3069217912493769,290.8,275.26249999999993,0.0,120.72500000000001,0.73,0.00437125,4.312500000000001,33.775000000000006,-99.51666663333334
2019-12-11,0.3069217912493769,286.125,271.325,0.0,128.8375,0.48749999999999993,0.00354625,3.8375,33.775000000000006,-99.51666663333334
2019-12-19,0.3069217912493769,291.7,273.52500000000003,0.0,126.73750000000001,0.8125,0.0038962499999999995,3.6875000000000004,33.775000000000006,-99.51666663333334
2019-12-27,0.3069217912493769,287.12,274.46000000000004,1.1800000000000002,105.74000000000001,0.466,0.004388,4.44,33.775000000000006,-99.51666663333334
2020-01-01,0.30000000000000004,289.5625,272.825,0.0,123.17500000000001,0.695,0.0035050000000000003,4.5875,33.775000000000006,-99.51666663333334
2020-01-09,0.3069217912493769,290.4375,274.28749999999997,5.9375,114.23750000000001,0.6562500000000001,0.00482125,4.7250000000000005,33.775000000000006,-99.51666663333334
2020-01-17,0.3069217912493769,286.275,273.22499999999997,1.175,117.3375,0.4575,0.003932499999999999,3.6125000000000003,33.775000000000006,-99.51666663333334
2020-01-25,0.3069217912493769,287.7875,273.4875,0.5875,130.5375,0.5225,0.0043837500000000005,3.5875,33.775000000000006,-99.51666663333334
2020-02-02,0.3536860031775852,286.8625,270.66249999999997,1.6625,138.97500000000002,0.61625,0.00366875,4.5875,33.775000000000006,-99.51666663333334
2020-02-10,0.4,285.2625,273.6625,2.7375000000000003,142.375,0.41750000000000004,0.00427,3.9125000000000005,33.775000000000006,-99.51666663333334
2020-02-18,0.4536860031775852,286.96250000000003,274.21250000000003,0.125,146.925,0.5037499999999999,0.0041400000000000005,5.3125,33.775000000000006,-99.51666663333334
2020-02-26,0.4536860031775852,291.9875,276.6375,1.3125,185.13750000000002,1.0,0.0036087500000000004,3.9375,33.775000000000006,-99.51666663333334
2020-03-05,0.4596573141144161,295.925,280.4625,1.2875,197.775,0.9625000000000001,0.006308750000000001,4.5,33.775000000000006,-99.51666663333334
2020-03-13,0.466579105363793,289.6375,280.8625,15.3625,168.375,0.275,0.008235000000000001,4.9125000000000005,33.775000000000006,-99.51666663333334
2020-03-21,0.5596573141144162,297.40000000000003,282.5125,0.4375,224.8,1.09125,0.007336250000000002,4.0125,33.775000000000006,-99.51666663333334
2020-03-29,0.566579105363793,291.4875,279.4625,1.1125,185.31250000000003,0.51125,0.00711,4.9750000000000005,33.775000000000006,-99.51666663333334
2020-04-06,0.7128931021862079,296.6625,282.22499999999997,0.9,231.475,1.0237500000000002,0.007263750000000001,5.1875,33.775000000000006,-99.51666663333334
2020-04-14,0.7596573141144162,293.65,278.7125,0.0,241.26250000000005,0.68875,0.006821250000000001,4.425000000000001,33.775000000000006,-99.51666663333334
2020-04-22,0.8,302.6,284.95,0.0,285.82500000000005,1.60375,0.007562500000000001,4.862500000000001,33.775000000000006,-99.51666663333334
2020-04-30,0.805971310936831,307.02500000000003,287.85,0.0,300.5625,2.195,0.0089275,5.4625,33.775000000000006,-99.51666663333334
2020-05-08,0.805971310936831,301.1375,285.375,6.1000000000000005,305.0375,1.1725,0.00981875,5.4125,33.775000000000006,-99.51666663333334
2020-05-16,0.8527355228650394,304.75,290.7875,5.237500000000001,307.65000000000003,1.2925000000000002,0.013376250000000001,4.7250000000000005,33.775000000000006,-99.51666663333334
2020-05-24,0.8527355228650394,303.325,289.1,3.4875000000000003,310.45000000000005,1.4125,0.0106175,4.0875,33.775000000000006,-99.51666663333334
2020-06-01,0.8,308.53749999999997,294.575,0.5750000000000001,309.025,2.00625,0.013908750000000001,4.2625,33.775000000000006,-99.51666663333334
2020-06-09,0.7000000000000002,307.5,290.3875,0.0,330.125,2.56125,0.00746125,4.725,33.775000000000006,-99.51666663333334
2020-06-17,0.7000000000000002,306.91249999999997,293.6,5.25,303.45,1.7174999999999998,0.013685000000000001,5.125,33.775000000000006,-99.51666663333334
2020-06-25,0.7000000000000002,309.5375,295.825,0.1875,322.35,2.13625,0.014753750000000003,5.4624999999999995,33.775000000000006,-99.51666663333334
2020-07-03,0.7000000000000002,309.00000000000006,295.7375,1.8875000000000002,319.33750000000003,1.93875,0.01543375,3.6375,33.775000000000006,-99.51666663333334
2020-07-11,0.606921791249377,313.2,297.325,0.0,335.88750000000005,3.4837499999999997,0.011300000000000001,4.8375,33.775000000000006,-99.51666663333334
2020-07-19,0.6000000000000001,308.7625,296.1625,0.75,296.125,2.0062499999999996,0.014866250000000003,3.9625000000000004,33.775000000000006,-99.51666663333334
2020-07-27,0.6000000000000001,308.3875,294.05,0.9750000000000001,300.35,2.03125,0.013415000000000002,3.4875000000000007,33.775000000000006,-99.51666663333334
2020-08-04,0.6000000000000001,310.8125,296.19999999999993,0.0,299.95000000000005,2.7375,0.012555,5.337500000000001,33.775000000000006,-99.51666663333334
2020-08-12,0.6000000000000001,311.975,294.82499999999993,2.3000000000000003,292.5875,2.93375,0.012168750000000002,3.7000000000000006,33.775000000000006,-99.51666663333334
2020-08-20,0.6000000000000001,308.85,292.0375,0.775,284.4125,2.33125,0.010908750000000002,3.125,33.775000000000006,-99.51666663333334
2020-08-28,0.6000000000000001,308.4375,294.15,5.0874999999999995,250.5125,1.92375,0.014457500000000002,3.9625000000000004,33.775000000000006,-99.51666663333334
2020-09-05,0.6000000000000001,299.825,288.0125,14.325,196.4375,0.9850000000000002,0.011951250000000002,4.7125,33.775000000000006,-99.51666663333334
2020-09-13,0.6596573141144162,301.575,288.65000000000003,0.0,228.275,0.9725,0.01188625,3.1125000000000003,33.775000000000006,-99.51666663333334
2020-09-21,0.7000000000000002,302.0375,287.20000000000005,0.0,236.53750000000002,1.1824999999999999,0.010645,4.275,33.775000000000006,-99.51666663333334
2020-09-29,0.7000000000000002,301.825,282.7875,0.0,222.89999999999998,1.605,0.00631375,3.85,33.775000000000006,-99.51666663333334
2020-10-07,0.7000000000000002,305.825,285.625,0.0,208.1625,1.9537499999999999,0.008336250000000002,4.0125,33.775000000000006,-99.51666663333334
2020-10-15,0.6000000000000001,299.0125,282.4,2.75,185.26250000000002,1.05875,0.008182500000000002,5.2250000000000005,33.775000000000006,-99.51666663333334
2020-10-23,0.6000000000000001,283.53749999999997,273.7875,5.65,129.275,0.30500000000000005,0.004648750000000001,5.387500000000001,33.775000000000006,-99.51666663333334
2020-10-31,0.5069217912493769,297.45000000000005,279.75,0.0,156.9,1.0724999999999998,0.0060750000000000005,3.8875,33.775000000000006,-99.51666663333334
2020-11-08,0.5,295.2625,279.125,0.0,136.62500000000003,0.96875,0.00579375,4.425000000000001,33.775000000000006,-99.51666663333334
2020-11-16,0.4596573141144161,294.1875,279.5,0.0,120.9375,0.8637499999999999,0.005883750000000001,4.6000000000000005,33.775000000000006,-99.51666663333334
2020-11-24,0.4596573141144161,289.30000000000007,274.525,2.725,116.88749999999999,0.725,0.00388125,4.487500000000001,33.775000000000006,-99.51666663333334
2020-12-02,0.5,288.4125,272.8125,0.0,118.45,0.745,0.00310125,3.5250000000000004,33.775000000000006,-99.51666663333334
2020-12-10,0.40692179124937683,284.825,271.1625,0.5874999999999999,111.1875,0.4675,0.0035100000000000005,3.825,33.775000000000006,-99.51666663333334
2020-12-18,0.4,290.075,272.35,0.0,127.3875,0.7625000000000001,0.00327375,4.3625,33.775000000000006,-99.51666663333334
2020-12-26,0.35965731411441615,287.1333333333334,275.3333333333333,5.216666666666668,105.28333333333335,0.6383333333333333,0.00393,5.916666666666667,33.775000000000006,-99.51666663333334
2021-01-01,0.3536860031775852,284.975,272.45,0.1125,122.01250000000002,0.44250000000000006,0.0036050000000000006,3.750000000000001,33.775000000000006,-99.51666663333334
2021-01-09,0.3536860031775852,283.3125,270.6,2.4000000000000004,125.825,0.47874999999999995,0.0026887500000000006,3.9,33.775000000000006,-99.51666663333334
2021-01-17,0.3069217912493769,285.18749999999994,275.925,3.5250000000000004,95.35000000000002,0.35375000000000006,0.004825,4.075,33.775000000000006,-99.51666663333334
2021-01-25,0.35965731411441615,286.525,271.4,0.0,144.05,0.48374999999999996,0.003775,4.4875,33.775000000000006,-99.51666663333334
2021-02-02,0.3536860031775852,287.2875,272.175,0.0,166.7375,0.62375,0.0036862500000000003,4.2875000000000005,33.775000000000006,-99.51666663333334
2021-02-10,0.35965731411441615,267.29999999999995,259.52500000000003,0.775,113.13750000000002,0.07875000000000001,0.00157625,5.3374999999999995,33.775000000000006,-99.51666663333334
2021-02-18,0.366579105363793,286.625,268.81250000000006,0.0,176.9875,0.63125,0.0032175000000000003,4.4,33.775000000000006,-99.51666663333334
2021-02-26,0.4536860031775852,292.0875,275.825,0.0,172.3125,0.74875,0.00485875,4.55,33.775000000000006,-99.51666663333334
2021-03-06,0.5069217912493769,296.5,282.7125,0.9375,207.93750000000003,0.8612500000000002,0.007808750000000001,5.8125,33.775000000000006,-99.51666663333334
2021-03-14,0.606921791249377,293.1375,277.925,0.0,222.35000000000002,0.9575,0.00441,5.5625,33.775000000000006,-99.51666663333334
2021-03-22,0.606921791249377,294.7625,279.3625,2.1375,230.5,1.0250000000000001,0.005045,5.425,33.775000000000006,-99.51666663333334
2021-03-30,0.7000000000000002,296.45,280.375,0.0,248.7875,1.06,0.006041250000000001,5.862499999999999,33.775000000000006,-99.51666663333334
2021-04-07,0.7000000000000002,296.45,279.7125,4.1875,236.1125,1.2050000000000003,0.0051675,4.9750000000000005,33.775000000000006,-99.51666663333334
2021-04-15,0.7128931021862079,288.6375,277.15000000000003,1.8125,201.11250000000004,0.565,0.004835000000000001,4.6375,33.775000000000006,-99.51666663333334
2021-04-23,0.805971310936831,299.45,286.05,5.0375,218.1,1.0137500000000002,0.009570000000000002,5.112500000000001,33.775000000000006,-99.51666663333334
2021-05-01,0.8527355228650394,300.45000000000005,286.1,0.0,288.9875,1.12625,0.00949375,4.8875,33.775000000000006,-99.51666663333334
2021-05-09,0.905971310936831,295.90000000000003,285.275,8.850000000000001,244.91250000000002,0.66,0.00955625,5.3999999999999995,33.775000000000006,-99.51666663333334
2021-05-17,0.905971310936831,300.9375,290.02500000000003,5.637500000000001,290.63750000000005,0.7000000000000001,0.013688750000000001,4.775,33.775000000000006,-99.51666663333334
2021-05-25,0.905971310936831,300.8625,290.4875,5.075,285.1,0.75,0.01368,4.65,33.775000000000006,-99.51666663333334
2021-06-02,1.039392205573038,303.99999999999994,291.66249999999997,6.825,304.5375,0.9575,0.015101250000000002,3.6125000000000003,33.775000000000006,-99.51666663333334
2021-06-10,1.0715999359880781,308.25,294.4625,2.6125000000000003,313.58750000000003,1.69,0.015467500000000002,3.500000000000001,33.775000000000006,-99.51666663333334
2021-06-18,1.146313996822415,307.0375,293.9375,0.0625,311.8125,1.6825,0.014531250000000002,5.125,33.775000000000006,-99.51666663333334
2021-06-26,1.065628625051247,303.56249999999994,294.225,11.825000000000001,231.4625,0.8512500000000002,0.01653,3.2,33.775000000000006,-99.51666663333334
2021-07-04,1.0715999359880781,305.3375,293.9625,3.475,305.175,1.09,0.016325,3.4250000000000003,33.775000000000006,-99.51666663333334
2021-07-12,1.1188644131230387,306.1,294.3125,1.6125000000000003,308.6125,1.3162500000000001,0.0157375,4.112500000000001,33.775000000000006,-99.51666663333334
2021-07-20,1.065628625051247,307.85,295.0875,0.0,316.85,1.82125,0.014687500000000001,3.1374999999999997,33.775000000000006,-99.51666663333334
2021-07-28,1.0527355228650395,307.175,294.375,6.0,294.925,1.7237500000000001,0.014400000000000003,3.3375000000000004,33.775000000000006,-99.51666663333334
2021-08-05,1.0059713109368311,309.95,296.8375,0.65,288.54999999999995,2.2887500000000003,0.014760000000000002,5.3875,33.775000000000006,-99.51666663333334
2021-08-13,0.9587068338018703,306.2625,294.59999999999997,11.825000000000001,240.37500000000006,1.31875,0.016175000000000002,3.9250000000000003,33.775000000000006,-99.51666663333334
2021-08-21,0.9527355228650394,309.475,294.85,0.0,286.8125,2.11125,0.0142325,4.437500000000001,33.775000000000006,-99.51666663333334
2021-08-29,0.8527355228650394,309.5125,295.51250000000005,1.125,251.01250000000002,2.1700000000000004,0.014382500000000001,3.375,33.775000000000006,-99.51666663333334
2021-09-06,0.7527355228650393,308.8875,291.27500000000003,0.55,254.4125,2.41125,0.010105000000000001,4.2375,33.775000000000006,-99.51666663333334
2021-09-14,0.7000000000000002,307.98749999999995,291.4625,0.0,245.25000000000003,2.19,0.01092875,4.325,33.775000000000006,-99.51666663333334
2021-09-22,0.6527355228650393,306.13750000000005,287.5875,0.0,231.37500000000003,2.3075,0.0068225000000000004,3.85,33.775000000000006,-99.51666663333334
2021-09-30,0.605971310936831,303.15000000000003,287.62500000000006,1.8375000000000001,207.475,1.52,0.0093075,3.1375,33.775000000000006,-99.51666663333334
2021-10-08,0.6000000000000001,303.68750000000006,286.41249999999997,1.8875000000000002,192.15000000000003,1.7262500000000003,0.0086075,5.5375000000000005,33.775000000000006,-99.51666663333334
2021-10-16,0.5527355228650395,300.48750000000007,284.025,0.0,187.57500000000002,1.3687500000000001,0.0073525000000000005,4.3500000000000005,33.775000000000006,-99.51666663333334
2021-10-24,0.5,299.45,282.325,3.2875,179.67499999999998,1.4425,0.005917500000000001,5.487500000000001,33.775000000000006,-99.51666663333334
2021-11-01,0.40597131093683103,291.70000000000005,279.28749999999997,0.25,123.55000000000001,0.70125,0.005945000000000001,4.1375,33.775000000000006,-99.51666663333334
2021-11-09,0.35965731411441615,297.09999999999997,279.18749999999994,0.0,143.2875,1.2025000000000001,0.00526,3.9,33.775000000000006,-99.51666663333334
2021-11-17,0.3536860031775852,293.5875,275.8625,0.0,133.7125,0.9924999999999999,0.003955000000000001,5.075,33.775000000000006,-99.51666663333334
2021-11-25,0.30000000000000004,294.225,275.625,0.0,124.7875,1.0675000000000003,0.0038287499999999997,4.0,33.775000000000006,-99.51666663333334
2021-12-03,0.30000000000000004,293.67500000000007,275.8375,0.0,128.22500000000002,1.015,0.004367500000000001,4.862500000000001,33.775000000000006,-99.51666663333334
2021-12-11,0.30000000000000004,292.7875,275.975,0.0,126.42500000000001,0.8850000000000001,0.004615,5.137500000000001,33.775000000000006,-99.51666663333334
2021-12-19,0.30000000000000004,295.2875,275.05,0.0,127.26250000000002,1.25625,0.0036537500000000007,4.3375,33.775000000000006,-99.51666663333334
2021-12-27,0.30000000000000004,295.12,279.88,0.5800000000000001,113.55999999999999,1.178,0.004122000000000001,4.18,33.775000000000006,-99.51666663333334
2022-01-01,0.30000000000000004,285.1875,267.7125,0.17500000000000002,122.97500000000001,0.60875,0.0025462500000000003,4.8999999999999995,33.775000000000006,-99.51666663333334
2022-01-09,0.30000000000000004,288.57500000000005,269.22499999999997,0.0,113.4625,0.835,0.0021325000000000003,4.625,33.775000000000006,-99.51666663333334
2022-01-17,0.30000000000000004,285.96250000000003,267.9375,0.0,116.4375,0.7250000000000001,0.0020412500000000005,4.1375,33.775000000000006,-99.51666663333334
2022-01-25,0.30000000000000004,287.175,270.58750000000003,1.25,132.025,0.69,0.0028612500000000005,3.9000000000000004,33.775000000000006,-99.51666663333334
2022-02-02,0.30000000000000004,282.8125,267.2625,1.2375,144.51250000000002,0.5525,0.0023312500000000004,4.8500000000000005,33.775000000000006,-99.51666663333334
2022-02-10,0.30000000000000004,291.95,273.5,1.4000000000000001,163.60000000000002,0.995,0.0033025000000000003,5.3375,33.775000000000006,-99.51666663333334
2022-02-18,0.3536860031775852,283.775,268.6875,0.9375000000000001,175.8,0.635,0.00260625,4.949999999999999,33.775000000000006,-99.51666663333334
2022-02-26,0.3536860031775852,294.4625,274.75,0.0,185.25,1.155,0.0037812500000000003,3.9,33.775000000000006,-99.51666663333334
2022-03-06,0.4,285.15,269.6875,0.0,199.16250000000002,0.61125,0.0023987500000000007,4.9125000000000005,33.775000000000006,-99.51666663333334
2022-03-14,0.4,297.63750000000005,277.16249999999997,1.3,218.16250000000002,1.4062499999999998,0.0037625000000000002,5.800000000000001,33.775000000000006,-99.51666663333334
2022-03-22,0.44676421192820837,298.2,277.225,0.55,231.43750000000003,1.5337500000000002,0.00396625,4.7875,33.775000000000006,-99.51666663333334
2022-03-30,0.4596573141144161,298.175,280.71250000000003,2.5375,235.41250000000005,1.3375,0.005513750000000001,4.875,33.775000000000006,-99.51666663333334
2022-04-07,0.5,300.7125,281.01250000000005,0.0,273.225,1.8825,0.0038962500000000004,5.675,33.775000000000006,-99.51666663333334
2022-04-15,0.5,301.6,285.45000000000005,0.25,265.8,1.7049999999999998,0.0071937500000000005,6.7875000000000005,33.775000000000006,-99.51666663333334
2022-04-23,0.5536860031775852,300.38750000000005,284.125,0.2,255.4875,1.4125,0.00740875,6.125000000000001,33.775000000000006,-99.51666663333334
2022-05-01,0.5536860031775852,305.1125,286.31250000000006,0.9125000000000001,296.0625,1.9175,0.008863750000000002,5.400000000000001,33.775000000000006,-99.51666663333334
2022-05-09,0.5596573141144162,310.65000000000003,292.76250000000005,3.0875000000000004,314.2375,2.7925000000000004,0.01039,5.6625,33.775000000000006,-99.51666663333334
2022-05-17,0.6000000000000001,303.91249999999997,289.58750000000003,6.175000000000001,269.6625,2.16875,0.008198750000000001,5.8500000000000005,33.775000000000006,-99.51666663333334
2022-05-25,0.6000000000000001,307.225,290.96250000000003,2.45,302.975,2.13875,0.010885,6.375,33.775000000000006,-99.51666663333334
2022-06-02,0.6596573141144162,304.81250000000006,293.40000000000003,2.725,295.125,1.2625,0.014865000000000001,4.0,33.775000000000006,-99.51666663333334
2022-06-10,0.6596573141144162,312.825,296.76250000000005,0.0,312.45000000000005,3.2887500000000003,0.01173625,6.0375000000000005,33.775000000000006,-99.51666663333334
2022-06-18,0.7000000000000002,312.0625,297.13750000000005,0.2,318.25000000000006,3.3200000000000003,0.010754999999999999,3.7750000000000004,33.775000000000006,-99.51666663333334
2022-06-26,0.6527355228650393,308.9375,293.41249999999997,0.3125,310.775,2.40125,0.0114125,4.1625000000000005,33.775000000000006,-99.51666663333334
2022-07-04,0.6000000000000001,313.77500000000003,296.7125,1.75,338.83750000000003,3.35625,0.012486250000000003,4.0875,33.775000000000006,-99.51666663333334
2022-07-12,0.5128931021862078,314.51250000000005,296.45,0.05,337.1625,3.7262500000000003,0.01100875,3.6125000000000007,33.775000000000006,-99.51666663333334
2022-07-20,0.5527355228650395,311.88750000000005,298.43749999999994,3.1625,308.30000000000007,3.1975000000000002,0.012286249999999999,4.637500000000001,33.775000000000006,-99.51666663333334
2022-07-28,0.505971310936831,313.125,299.31249999999994,0.5,304.7,3.495,0.0123325,4.3375,33.775000000000006,-99.51666663333334
2022-08-05,0.5,311.96250000000003,297.2375,1.8000000000000003,286.2375,2.9899999999999998,0.012885,3.5375,33.775000000000006,-99.51666663333334
2022-08-13,0.5527355228650395,309.9875,294.95,3.0375,273.85,2.3074999999999997,0.013686249999999999,3.375,33.775000000000006,-99.51666663333334
2022-08-21,0.5596573141144162,305.75,294.6375,5.562500000000001,234.4375,1.27375,0.01622875,3.4500000000000006,33.775000000000006,-99.51666663333334
2022-08-29,0.5596573141144162,306.70000000000005,294.2875,1.5125000000000002,232.625,1.45875,0.01544,2.9375,33.775000000000006,-99.51666663333334
2022-09-06,0.5596573141144162,306.0625,291.0125,0.0,253.6375,1.7962500000000001,0.01129625,3.3499999999999996,33.775000000000006,-99.51666663333334
2022-09-14,0.6000000000000001,308.75000000000006,294.67499999999995,0.0,245.4375,2.1312500000000005,0.01328625,4.725,33.775000000000006,-99.51666663333334
2022-09-22,0.505971310936831,307.3375,288.75,0.0,236.775,2.37,0.00788,3.4125,33.775000000000006,-99.51666663333334
2022-09-30,0.4596573141144161,303.6625,285.4375,0.037500000000000006,200.9125,2.0475,0.0055975,2.7625,33.775000000000006,-99.51666663333334
2022-10-08,0.4596573141144161,299.3125,285.3,1.4000000000000001,172.88750000000002,1.2825,0.007675000000000001,3.6625,33.775000000000006,-99.51666663333334
2022-10-24,0.40597131093683103,294.425,281.7375,6.4375,146.33749999999998,0.7925000000000001,0.0067575000000000005,4.2,33.775000000000006,-99.51666663333334
2022-11-01,0.44034268588558384,298.5,283.7625,0.47500000000000003,147.1875,1.0062499999999999,0.008283750000000001,4.875,33.775000000000006,-99.51666663333334
2022-11-09,0.4,288.78749999999997,275.175,0.35000000000000003,113.73750000000001,0.5725,0.0052337500000000006,4.325,33.775000000000006,-99.51666663333334
2022-11-17,0.35965731411441615,286.9,274.8125,0.0,118.8625,0.5275,0.0041425,3.7625000000000006,33.775000000000006,-99.51666663333334
2022-11-25,0.3069217912493769,288.17499999999995,275.55,4.525,107.1,0.5662499999999999,0.00465375,4.525,33.775000000000006,-99.51666663333334
2022-12-03,0.3069217912493769,288.8,279.875,3.7750000000000004,104.15,0.32249999999999995,0.00742875,3.1625,33.775000000000006,-99.51666663333334
2022-12-11,0.3472644771349608,285.3875,273.7375,1.55,124.00000000000003,0.4,0.00427625,4.000000000000001,33.775000000000006,-99.51666663333334
2022-12-19,0.3069217912493769,278.85,266.5625,0.0,115.5125,0.33125,0.0025825,4.2,33.775000000000006,-99.51666663333334
2022-12-27,0.3069217912493769,292.84000000000003,275.58,0.0,125.68000000000002,0.9280000000000002,0.003992000000000001,5.040000000000001,33.775000000000006,-99.51666663333334
