date,LAI,tmmx,tmmn,pr,srad,vpd,sph,vs,lat,lon
2000-02-18,0.15977777194389453,281.1125,271.775,0.55,107.61250000000001,0.25625000000000003,0.0035937500000000006,2.7375,46.94166666666667,-119.55833330000002
2000-02-26,0.19955534058245505,283.29999999999995,274.375,2.1500000000000004,84.275,0.16874999999999998,0.005090000000000001,2.8875,46.94166666666667,-119.55833330000002
2000-03-05,0.32022202475077155,284.3125,272.875,0.23750000000000002,140.93750000000003,0.34125000000000005,0.00401375,3.1125000000000003,46.94166666666667,-119.55833330000002
2000-03-13,0.3597777719438946,283.9375,272.4,1.3125,142.4875,0.34375,0.0038150000000000007,4.75,46.94166666666667,-119.55833330000002
2000-03-21,0.5,287.3125,274.36249999999995,0.037500000000000006,189.32500000000005,0.54375,0.003855,4.0,46.94166666666667,-119.55833330000002
2000-03-29,0.7000000000000001,290.70000000000005,276.0875,0.0,223.71249999999998,0.7949999999999999,0.0038962500000000004,3.8125000000000004,46.94166666666667,-119.55833330000002
2000-04-06,0.8063219069143895,293.07500000000005,277.6,1.6,226.725,0.9262499999999999,0.00446,2.9125000000000005,46.94166666666667,-119.55833330000002
2000-04-14,1.0867663630266007,293.575,279.2124999999999,0.28750000000000003,226.52500000000003,0.8037500000000001,0.005640000000000001,3.4750000000000005,46.94166666666667,-119.55833330000002
2000-04-22,1.1002218214454378,290.8125,275.5125,0.0,264.5625,0.7975,0.0038862500000000004,5.2375,46.94166666666667,-119.55833330000002
2000-04-30,1.340444049501543,292.575,279.26250000000005,0.65,268.52500000000003,0.9112500000000001,0.004597500000000001,3.9000000000000004,46.94166666666667,-119.55833330000002
2000-05-08,1.286988184472038,292.82500000000005,278.9875,0.0,251.8375,0.93625,0.00455875,4.9125000000000005,46.94166666666667,-119.55833330000002
2000-05-16,1.3204438461962091,298.38749999999993,282.09999999999997,0.1125,324.5375,1.33125,0.005529999999999999,4.525,46.94166666666667,-119.55833330000002
2000-05-24,1.2599995933893322,294.20000000000005,280.84999999999997,1.7000000000000002,264.0875,0.9824999999999999,0.005170000000000001,4.375,46.94166666666667,-119.55833330000002
2000-06-01,1.3002218214454377,299.09999999999997,283.77500000000003,0.4625,282.825,1.3399999999999999,0.006515000000000001,3.75,46.94166666666667,-119.55833330000002
2000-06-09,1.2917553082150253,296.4875,280.65,0.8625,290.925,1.0474999999999999,0.00605625,5.125000000000001,46.94166666666667,-119.55833330000002
2000-06-17,1.6789663306591707,301.71250000000003,284.7375,0.0,341.2125,1.7550000000000001,0.005756250000000001,4.0875,46.94166666666667,-119.55833330000002
2000-06-25,1.644844188072017,303.9875,286.15,0.0,358.33750000000003,2.1525,0.00575375,3.6875000000000004,46.94166666666667,-119.55833330000002
2000-07-03,1.6913883230425122,299.125,282.9375,1.0250000000000001,306.2875,1.2799999999999998,0.006725,3.0625,46.94166666666667,-119.55833330000002
2000-07-11,1.7658778574128466,304.57500000000005,285.87500000000006,0.0,334.825,2.1375,0.005960000000000001,3.5875000000000004,46.94166666666667,-119.55833330000002
2000-07-19,1.8928664484955529,305.9875,287.8625,0.0,327.0,2.27375,0.007023750000000001,3.75,46.94166666666667,-119.55833330000002
2000-07-27,1.746544134970495,307.5875,289.0875,0.0,311.07500000000005,2.4125,0.008087500000000001,3.3750000000000004,46.94166666666667,-119.55833330000002
2000-08-04,1.3195555438877893,306.36249999999995,287.925,0.0,294.45,2.27375,0.007300000000000001,3.7500000000000004,46.94166666666667,-119.55833330000002
2000-08-12,1.4785216712416256,300.90000000000003,283.0,0.0,288.00000000000006,1.61125,0.005645,3.7875000000000005,46.94166666666667,-119.55833330000002
2000-08-20,1.6796328115221533,302.3625,284.8875,0.0,271.1125,1.795,0.0064475,3.3625000000000003,46.94166666666667,-119.55833330000002
2000-08-28,1.4589661273538368,296.16249999999997,280.975,0.3875,215.025,0.98375,0.006335000000000001,3.337500000000001,46.94166666666667,-119.55833330000002
2000-09-05,1.4860998821636182,296.21250000000003,280.4625,0.2625,194.2125,0.95625,0.006463750000000001,4.325,46.94166666666667,-119.55833330000002
2000-09-13,1.1808114412847242,301.5,285.3,0.1125,193.82500000000002,1.525,0.007431250000000001,3.675,46.94166666666667,-119.55833330000002
2000-09-21,1.2597777719438947,293.9125,276.925,0.41250000000000003,182.11250000000004,1.1325,0.00364375,3.2375000000000003,46.94166666666667,-119.55833330000002
2000-09-29,1.0002218214454377,291.1125,278.2625,0.0,152.675,0.68625,0.0052675000000000005,3.9624999999999995,46.94166666666667,-119.55833330000002
2000-10-07,0.7134554584188371,291.2625,276.59999999999997,0.0,133.9875,0.62375,0.005232500000000001,2.6875,46.94166666666667,-119.55833330000002
2000-10-15,0.7460994755529501,289.52500000000003,276.775,1.0750000000000002,117.66250000000001,0.5950000000000001,0.004868750000000001,4.262500000000001,46.94166666666667,-119.55833330000002
2000-10-23,0.5799997966946662,287.32500000000005,274.1375,0.28750000000000003,112.5,0.39875,0.004741250000000001,2.3125,46.94166666666667,-119.55833330000002
2000-10-31,0.5397775686385606,285.6125,274.92500000000007,0.037500000000000006,80.925,0.46125,0.0039175,2.8750000000000004,46.94166666666667,-119.55833330000002
2000-11-08,0.5063219069143896,275.75,268.4625,2.2625,75.325,0.12375000000000003,0.0030700000000000002,2.6250000000000004,46.94166666666667,-119.55833330000002
2000-11-16,0.4597777719438945,272.3375,264.375,0.28750000000000003,72.4375,0.036250000000000004,0.0026400000000000004,1.2750000000000001,46.94166666666667,-119.55833330000002
2000-11-24,0.2988888597194725,274.725,269.0,0.325,56.050000000000004,0.0475,0.0034075000000000004,2.4375,46.94166666666667,-119.55833330000002
2000-12-02,0.27977797524922854,273.7375,268.5625,0.08750000000000001,61.65,0.07,0.0030025,1.5625000000000002,46.94166666666667,-119.55833330000002
2000-12-10,0.139555747193123,271.4125,265.5125,0.6625000000000001,48.837500000000006,0.06875,0.00241875,3.8500000000000005,46.94166666666667,-119.55833330000002
2000-12-18,0.1797779752492285,272.8375,268.1625,1.2375000000000003,50.7375,0.048749999999999995,0.002965,1.8875000000000002,46.94166666666667,-119.55833330000002
2000-12-26,0.03955574719312299,273.2666666666667,269.06666666666666,0.0,45.01666666666666,0.041666666666666664,0.0031400000000000004,1.7166666666666668,46.94166666666667,-119.55833330000002
2001-01-01,0.05977777194389451,275.9375,270.71250000000003,0.0,55.12500000000001,0.0925,0.0034425000000000002,2.2125,46.94166666666667,-119.55833330000002
2001-01-09,0.05977777194389451,275.6625,270.7625,0.45,53.837500000000006,0.0725,0.0035400000000000006,1.7875000000000003,46.94166666666667,-119.55833330000002
2001-01-17,0.05977777194389451,274.42499999999995,268.1375,0.5375,64.125,0.060000000000000005,0.00312875,2.0125,46.94166666666667,-119.55833330000002
2001-01-25,0.1263221102197235,274.275,267.15,0.1875,78.48750000000001,0.065,0.00298625,2.6500000000000004,46.94166666666667,-119.55833330000002
2001-02-02,0.139555747193123,277.275,268.5625,0.575,83.7,0.15750000000000003,0.003095,3.0625000000000004,46.94166666666667,-119.55833330000002
2001-02-10,0.15977777194389453,276.5875,268.7625,0.6125,95.12500000000001,0.12875,0.00308375,2.6625,46.94166666666667,-119.55833330000002
2001-02-18,0.23955574719312303,279.3875,270.4125,0.05,119.82500000000002,0.1875,0.003445,1.9000000000000001,46.94166666666667,-119.55833330000002
2001-02-26,0.2597777719438945,281.71250000000003,270.0625,0.1,147.2125,0.31375000000000003,0.0031425000000000003,2.7625,46.94166666666667,-119.55833330000002
2001-03-06,0.2597777719438945,287.875,273.2375,0.3125,171.78750000000002,0.4937500000000001,0.0041937499999999996,3.8625,46.94166666666667,-119.55833330000002
2001-03-14,0.3465441349704951,285.8,273.9125,0.9375000000000001,174.55,0.4437500000000001,0.003945000000000001,3.2250000000000005,46.94166666666667,-119.55833330000002
2001-03-22,0.439555747193123,288.77500000000003,275.125,1.5875000000000001,179.4875,0.615,0.004105000000000001,4.2375,46.94166666666667,-119.55833330000002
2001-03-30,0.5458776541075125,286.05,274.2375,0.125,187.73750000000004,0.5125,0.0036175,3.5,46.94166666666667,-119.55833330000002
2001-04-07,0.6854334013006356,285.575,272.38750000000005,1.1875,202.1125,0.47874999999999995,0.0034300000000000003,4.3,46.94166666666667,-119.55833330000002
2001-04-15,0.865211376549864,290.86249999999995,276.81250000000006,0.037500000000000006,240.35000000000002,0.7937500000000001,0.00402875,3.9375000000000004,46.94166666666667,-119.55833330000002
2001-04-23,1.085211579855198,294.16249999999997,279.9375,0.625,213.58750000000003,0.935,0.005653750000000001,4.15,46.94166666666667,-119.55833330000002
2001-05-01,1.326100288774286,293.5,277.1125,0.0,292.6625,1.045,0.0038137500000000003,4.487500000000001,46.94166666666667,-119.55833330000002
2001-05-09,1.1854334013006356,295.77500000000003,279.51250000000005,0.4125,262.4125,1.1362500000000002,0.00497125,4.7125,46.94166666666667,-119.55833330000002
2001-05-17,1.420000203305334,299.625,280.52500000000003,0.0,332.58750000000003,1.59625,0.00504875,3.2875000000000005,46.94166666666667,-119.55833330000002
2001-05-25,1.2654331979953017,300.975,283.1875,0.08750000000000001,327.9375,1.725,0.005410000000000002,3.9,46.94166666666667,-119.55833330000002
2001-06-02,1.3589661273538367,295.0875,281.09999999999997,0.8125,274.725,0.9875,0.00579375,3.9625000000000004,46.94166666666667,-119.55833330000002
2001-06-10,1.3388892663301406,295.25,280.47499999999997,0.1625,293.30000000000007,1.0875000000000001,0.0050175,4.2625,46.94166666666667,-119.55833330000002
2001-07-04,1.7589661273538366,307.03749999999997,289.5,0.0,338.0,2.5687500000000005,0.00679875,3.1875,46.94166666666667,-119.55833330000002
2001-07-12,1.4795551372771212,300.725,284.275,0.1125,320.85,1.53375,0.006697500000000001,4.075,46.94166666666667,-119.55833330000002
2001-07-20,1.7258774508021788,303.6875,286.5125,0.0,321.92500000000007,1.8125,0.00741375,3.4500000000000006,46.94166666666667,-119.55833330000002
2001-07-28,1.6124219923833416,300.01249999999993,284.125,0.1375,272.3,1.3100000000000003,0.007345,4.2625,46.94166666666667,-119.55833330000002
2001-08-05,1.6336774831696088,307.4125,288.725,0.0,299.92499999999995,2.4075,0.007755,3.3375000000000004,46.94166666666667,-119.55833330000002
2001-08-13,1.5063219069143898,306.8875,288.625,0.0,288.1125,2.55375,0.00695125,3.5000000000000004,46.94166666666667,-119.55833330000002
2001-08-21,1.4134554584188372,301.27500000000003,284.22499999999997,0.41250000000000003,238.175,1.405,0.007790000000000002,3.4250000000000003,46.94166666666667,-119.55833330000002
2001-08-29,1.2466892986975708,301.5625,285.1125,0.0,241.7375,1.6025,0.006898750000000001,4.050000000000001,46.94166666666667,-119.55833330000002
2001-09-06,1.2265439316651612,301.0375,281.9875,0.0,227.10000000000002,1.6700000000000004,0.005265000000000001,3.1500000000000004,46.94166666666667,-119.55833330000002
2001-09-14,1.1211103270591916,301.05,284.3125,0.0,204.96250000000003,1.6437500000000003,0.006098750000000001,2.7375000000000003,46.94166666666667,-119.55833330000002
2001-09-22,1.1265439316651613,299.0125,280.525,0.3125,174.6375,1.3625,0.005846250000000001,3.1375000000000006,46.94166666666667,-119.55833330000002
2001-09-30,1.1333104979970958,294.8875,279.525,0.0,165.0375,1.22,0.0038475000000000002,3.325,46.94166666666667,-119.55833330000002
2001-10-08,0.9806662775576487,288.725,276.0249999999999,0.07500000000000001,116.17500000000001,0.55875,0.00455625,4.9,46.94166666666667,-119.55833330000002
2001-10-16,0.673011408917294,287.87500000000006,275.15,0.225,97.7125,0.5,0.004465000000000001,5.112500000000001,46.94166666666667,-119.55833330000002
2001-10-24,0.6799997966946661,285.9875,275.3,1.3125000000000002,75.35000000000001,0.37875000000000003,0.004775000000000001,3.6,46.94166666666667,-119.55833330000002
2001-11-01,0.6597777719438946,284.8375,274.5875,0.0,80.575,0.34750000000000003,0.004431250000000001,2.4250000000000003,46.94166666666667,-119.55833330000002
2001-11-09,0.519555543887789,285.5,275.975,1.3875,56.47500000000001,0.34750000000000003,0.0048625000000000005,3.725,46.94166666666667,-119.55833330000002
2001-11-17,0.5263221102197235,281.3125,273.3625,2.0,53.76250000000001,0.10125,0.004888750000000001,4.1875,46.94166666666667,-119.55833330000002
2001-11-25,0.5,277.78749999999997,271.1125,3.3625000000000003,47.7375,0.13624999999999998,0.00367375,4.262500000000001,46.94166666666667,-119.55833330000002
2001-12-03,0.49933351913701757,278.025,271.1125,0.8875,52.625,0.13625,0.0036162500000000005,3.675,46.94166666666667,-119.55833330000002
2001-12-11,0.49933351913701757,278.34999999999997,271.6375,0.725,43.1375,0.17125,0.0035412500000000006,5.375,46.94166666666667,-119.55833330000002
2001-12-19,0.9402222280561056,274.7875,268.92499999999995,0.08750000000000001,54.087500000000006,0.09875,0.00303375,2.3499999999999996,46.94166666666667,-119.55833330000002
2001-12-27,0.23911108777557805,273.21999999999997,267.46,0.4800000000000001,52.239999999999995,0.046,0.0029500000000000004,2.04,46.94166666666667,-119.55833330000002
2002-01-01,0.47301140891729404,276.625,270.7875,1.2625,41.3625,0.075,0.0036750000000000003,2.825,46.94166666666667,-119.55833330000002
2002-01-09,0.27301140891729403,279.53749999999997,271.59999999999997,0.11250000000000002,49.4125,0.20125000000000004,0.003536250000000001,2.6624999999999996,46.94166666666667,-119.55833330000002
2002-01-25,0.22632211021972354,279.58750000000003,271.0125,0.0,62.2625,0.25375,0.0031950000000000004,3.962500000000001,46.94166666666667,-119.55833330000002
2002-02-02,0.2597777719438945,277.5125,268.3,1.4,68.27499999999999,0.12375000000000001,0.003275,2.975,46.94166666666667,-119.55833330000002
2002-02-10,0.31323363697339957,281.6875,269.75,0.0,105.075,0.35750000000000004,0.0028000000000000004,2.4750000000000005,46.94166666666667,-119.55833330000002
2002-02-18,0.30000000000000004,285.1875,274.0625,0.21250000000000002,88.1,0.4175,0.00409125,4.600000000000001,46.94166666666667,-119.55833330000002
2002-02-26,0.30000000000000004,282.1125,269.2875,0.0,137.70000000000002,0.4675,0.0022275000000000003,2.9625,46.94166666666667,-119.55833330000002
2002-03-06,0.2993335191370175,282.4875,271.4875,0.21250000000000002,128.08750000000003,0.345,0.0034025,5.1375,46.94166666666667,-119.55833330000002
2002-03-14,0.30000000000000004,280.775,270.4375,0.0,118.7875,0.31750000000000006,0.00297875,4.8375,46.94166666666667,-119.55833330000002
2002-03-22,0.439555747193123,286.2375,272.5125,0.07500000000000001,186.4875,0.48875,0.003703750000000001,3.9624999999999995,46.94166666666667,-119.55833330000002
2002-03-30,0.6124219923833416,289.8,275.75,0.0,217.10000000000002,0.7600000000000001,0.0036387500000000005,3.7875,46.94166666666667,-119.55833330000002
2002-04-07,0.7782998497961882,290.675,277.65,0.35,190.7375,0.66625,0.004937500000000001,5.262500000000001,46.94166666666667,-119.55833330000002
2002-04-15,0.9465441349704952,289.72499999999997,274.22499999999997,0.08750000000000001,249.28750000000002,0.7337500000000001,0.0035450000000000004,4.1,46.94166666666667,-119.55833330000002
2002-04-23,1.2589661273538366,291.28749999999997,276.1875,0.8875000000000001,261.925,0.87375,0.0036987500000000006,2.9625000000000004,46.94166666666667,-119.55833330000002
2002-05-01,1.2724215857726737,289.075,274.8375,0.0625,266.275,0.7500000000000001,0.0034112500000000002,5.1625,46.94166666666667,-119.55833330000002
2002-05-09,1.4528660418848847,294.01250000000005,278.46250000000003,0.0,303.30000000000007,1.11,0.0038212500000000004,3.2875000000000005,46.94166666666667,-119.55833330000002
2002-05-17,1.4467659564159328,294.675,281.5625,0.43750000000000006,283.1875,1.0125,0.00543375,3.7125,46.94166666666667,-119.55833330000002
2002-05-25,1.4067655498052647,297.25000000000006,282.55,0.6125,262.1,1.11375,0.006296250000000001,3.7625000000000006,46.94166666666667,-119.55833330000002
2002-06-02,1.2738997112257144,295.9625,280.1,0.5,315.7125,1.07,0.0054800000000000005,4.55,46.94166666666667,-119.55833330000002
2002-06-10,1.4264672739467992,301.8,285.7375,0.6625,322.38750000000005,1.71875,0.0066275,3.4125,46.94166666666667,-119.55833330000002
2002-06-18,1.5064670706414653,302.3625,285.22499999999997,0.037500000000000006,342.8125,1.8224999999999998,0.006336250000000001,3.3249999999999993,46.94166666666667,-119.55833330000002
2002-06-26,1.8404440495015433,301.075,285.7875,0.9875,319.3625,1.65375,0.006722500000000001,4.5,46.94166666666667,-119.55833330000002
2002-07-04,1.6924217890780078,304.2375,285.775,0.5875,327.65,2.0475,0.006975,3.5625000000000004,46.94166666666667,-119.55833330000002
2002-07-12,1.8723449280543116,308.1125,290.5375,0.0,328.52500000000003,2.6837500000000003,0.007570000000000001,3.6500000000000004,46.94166666666667,-119.55833330000002
2002-07-20,1.931610551098618,306.9875,289.0875,0.0,326.42500000000007,2.4625000000000004,0.007207500000000002,3.9250000000000003,46.94166666666667,-119.55833330000002
2002-07-28,2.0262454525013616,300.75,283.9,0.0,314.45000000000005,1.59625,0.005883750000000001,4.449999999999999,46.94166666666667,-119.55833330000002
2002-08-05,1.819478886169427,301.675,283.34999999999997,0.08750000000000001,296.6,1.68625,0.00597375,3.325,46.94166666666667,-119.55833330000002
2002-08-13,1.7046219600159118,304.0375,286.675,0.0,285.83750000000003,2.0999999999999996,0.0061075,3.6875,46.94166666666667,-119.55833330000002
2002-08-21,1.8239556824582632,304.18749999999994,287.2625,0.0,259.0625,1.8325,0.00800875,2.9625000000000004,46.94166666666667,-119.55833330000002
2002-08-29,1.6317557148256934,300.8,284.4875,0.0,249.46250000000003,1.5237500000000002,0.006882500000000001,3.7125000000000004,46.94166666666667,-119.55833330000002
2002-09-06,1.5658778574128467,300.825,282.7625,0.0,222.97500000000002,1.7025000000000001,0.005393750000000001,2.6625000000000005,46.94166666666667,-119.55833330000002
2002-09-14,1.3056554260514073,297.7625,280.775,0.0,191.3,1.27875,0.005541250000000001,4.125,46.94166666666667,-119.55833330000002
2002-09-22,1.1660996788582842,296.22499999999997,279.7375,0.08750000000000001,176.35000000000002,1.1824999999999999,0.00468375,3.3000000000000003,46.94166666666667,-119.55833330000002
2002-09-30,1.0460994755529502,292.375,276.52500000000003,0.15000000000000002,145.8125,0.6737500000000001,0.0054825,3.3000000000000007,46.94166666666667,-119.55833330000002
2002-10-08,1.0265439316651612,291.0875,274.20000000000005,0.0,159.85,0.86625,0.00328625,3.1874999999999996,46.94166666666667,-119.55833330000002
2002-10-16,0.8869881844720381,292.36249999999995,276.13749999999993,0.0,136.20000000000002,0.7850000000000001,0.00465125,2.7375000000000003,46.94166666666667,-119.55833330000002
2002-10-24,0.7799997966946661,282.475,266.42499999999995,0.07500000000000001,114.88750000000002,0.47375,0.0021075000000000004,3.3625000000000003,46.94166666666667,-119.55833330000002
2002-11-01,0.5730114089172942,279.9875,268.34999999999997,0.9375,84.8875,0.30374999999999996,0.0027849999999999997,1.8875000000000002,46.94166666666667,-119.55833330000002
2002-11-09,0.5265439316651612,284.9125,275.15,0.4625,60.03750000000001,0.32,0.00464625,4.0375000000000005,46.94166666666667,-119.55833330000002
2002-11-17,0.39323343366806557,285.5375,275.2875,0.1,63.562500000000014,0.30874999999999997,0.005013750000000001,3.6500000000000004,46.94166666666667,-119.55833330000002
2002-11-25,0.3597777719438946,277.325,268.1875,0.0,67.65,0.1775,0.0028625,1.4000000000000001,46.94166666666667,-119.55833330000002
2002-12-03,0.2988888597194725,276.4875,270.5625,0.2,53.0125,0.09375,0.0035175000000000002,1.9500000000000002,46.94166666666667,-119.55833330000002
2002-12-11,0.8402222280561057,279.5625,275.575,2.6875000000000004,38.675,0.08374999999999999,0.005005000000000001,3.6750000000000003,46.94166666666667,-119.55833330000002
2002-12-19,0.4591112910809121,276.7875,272.9,0.125,37.887499999999996,0.1375,0.003585,2.8375000000000004,46.94166666666667,-119.55833330000002
2002-12-27,0.519555543887789,278.53999999999996,274.76,6.040000000000001,43.38000000000001,0.06999999999999999,0.004656,3.3800000000000003,46.94166666666667,-119.55833330000002
2003-01-01,0.2993335191370175,278.8125,273.2625,1.6625,49.362500000000004,0.105,0.00428125,2.7750000000000004,46.94166666666667,-119.55833330000002
2003-01-09,0.4067665663319346,275.875,271.03749999999997,1.6125,49.17500000000001,0.11875000000000001,0.0033200000000000005,2.2,46.94166666666667,-119.55833330000002
2003-01-17,0.17933331583168355,275.4625,270.8,2.5749999999999997,56.3125,0.06875,0.0035175000000000007,1.7000000000000002,46.94166666666667,-119.55833330000002
2003-01-25,0.20000000000000004,282.72499999999997,275.7125,1.375,54.825,0.155,0.005237500000000001,3.0750000000000006,46.94166666666667,-119.55833330000002
2003-02-02,0.22632211021972354,280.53749999999997,270.04999999999995,0.0,98.07500000000002,0.27625,0.0030925,2.5500000000000003,46.94166666666667,-119.55833330000002
2003-02-10,0.30000000000000004,283.26250000000005,272.2125,1.3375,103.30000000000001,0.2725,0.00408,3.0875000000000004,46.94166666666667,-119.55833330000002
2003-02-18,0.30000000000000004,281.08750000000003,270.475,0.0625,107.13750000000002,0.31625000000000003,0.0031512500000000004,4.5375000000000005,46.94166666666667,-119.55833330000002
2003-02-26,0.32022202475077155,282.9125,270.475,0.0,117.31250000000001,0.40750000000000003,0.0029112499999999998,3.375,46.94166666666667,-119.55833330000002
2003-03-06,0.359111291080912,287.4375,275.83750000000003,0.4375,105.98750000000001,0.49250000000000005,0.0045775,5.95,46.94166666666667,-119.55833330000002
2003-03-14,0.439555747193123,288.0625,275.84999999999997,0.225,157.2625,0.5775,0.004177500000000001,4.3375,46.94166666666667,-119.55833330000002
2003-03-22,0.6658778574128467,287.1875,274.9,0.3875,178.9375,0.5925,0.00361375,4.3500000000000005,46.94166666666667,-119.55833330000002
2003-03-30,0.7519777395764646,287.06249999999994,275.16249999999997,0.2625,189.3625,0.59875,0.0037062500000000003,4.7125,46.94166666666667,-119.55833330000002
2003-04-07,0.951311258713482,291.2875,278.2625,1.7625000000000002,214.81250000000003,0.7424999999999999,0.004847500000000001,4.362500000000001,46.94166666666667,-119.55833330000002
2003-04-15,1.3107220454848636,290.75,277.03749999999997,0.625,222.95,0.7075,0.00465875,3.275,46.94166666666667,-119.55833330000002
2003-04-23,1.3913883230425121,289.7125,276.475,0.8749999999999999,232.8125,0.58,0.0048525,3.2625,46.94166666666667,-119.55833330000002
2003-05-01,1.4263221102197237,290.8125,277.34999999999997,0.0,264.825,0.7862499999999999,0.00417875,4.075,46.94166666666667,-119.55833330000002
2003-05-09,1.7843999352651403,293.3125,278.5625,0.0,290.7875,0.98125,0.004355000000000001,4.1875,46.94166666666667,-119.55833330000002
2003-05-17,1.3855100590189977,294.625,279.8125,0.2,254.975,1.085,0.005102500000000001,3.1625000000000005,46.94166666666667,-119.55833330000002
2003-05-25,1.3928664484955526,300.33750000000003,284.5125,0.0,278.625,1.5,0.006475000000000001,4.000000000000001,46.94166666666667,-119.55833330000002
2003-06-02,1.5130884732463241,302.95,284.54999999999995,0.0,363.4375,1.9000000000000001,0.00588,3.3625000000000003,46.94166666666667,-119.55833330000002
2003-06-10,1.985954718436543,300.8625,284.3,0.0,346.6625,1.6400000000000001,0.00590625,3.5875000000000004,46.94166666666667,-119.55833330000002
2003-06-18,1.8441777072090346,298.96250000000003,283.025,0.0,322.56250000000006,1.4912500000000002,0.0054675,4.5375000000000005,46.94166666666667,-119.55833330000002
2003-06-26,1.817855596989311,303.4125,284.70000000000005,0.0,339.2125000000001,1.97875,0.00601375,4.050000000000001,46.94166666666667,-119.55833330000002
2003-07-04,1.6841004395746706,304.875,285.2,0.0,336.6375,2.055,0.0067425,3.7874999999999996,46.94166666666667,-119.55833330000002
2003-07-12,1.7653565402769398,306.2375,287.125,0.0,335.6125,2.36625,0.0065525,3.8375000000000004,46.94166666666667,-119.55833330000002
2003-07-20,1.7259459568108921,309.0375,289.4125,0.0,326.26250000000005,2.9587499999999998,0.00613625,3.2874999999999996,46.94166666666667,-119.55833330000002
2003-07-28,1.7994786828640932,307.9125,289.7625,0.125,277.6,2.75625,0.006892500000000001,3.0625000000000004,46.94166666666667,-119.55833330000002
2003-08-05,1.9336008254512467,304.3125,287.87499999999994,0.4,296.4125,1.895,0.007915000000000002,3.6875000000000004,46.94166666666667,-119.55833330000002
2003-08-13,1.7214006545133427,305.625,286.58750000000003,0.0,286.0375,2.225,0.00660125,3.6,46.94166666666667,-119.55833330000002
2003-08-21,1.6669113234483424,302.4875,285.475,0.17500000000000002,263.225,1.6887500000000002,0.007092500000000001,3.775,46.94166666666667,-119.55833330000002
2003-08-29,1.613310294691762,307.175,288.3125,0.0,253.03750000000002,2.6887499999999998,0.00565625,3.1375,46.94166666666667,-119.55833330000002
2003-09-06,1.4460994755529504,297.65000000000003,282.3375,0.36250000000000004,175.83750000000003,1.1375000000000002,0.006870000000000001,4.575,46.94166666666667,-119.55833330000002
2003-09-14,1.3863217036090558,295.7,279.325,0.0,198.925,1.06875,0.00507,3.6750000000000003,46.94166666666667,-119.55833330000002
2003-09-22,1.2258774508021788,301.2125,283.6875,0.0,194.53750000000002,1.6587500000000002,0.005650000000000001,3.7625,46.94166666666667,-119.55833330000002
2003-09-30,0.9991883554099422,299.61249999999995,282.7375,0.0,164.27499999999998,1.6137500000000002,0.004690000000000001,3.625000000000001,46.94166666666667,-119.55833330000002
2003-10-08,0.9660996788582842,288.59999999999997,275.9125,0.0,105.9625,0.515,0.00477875,4.825,46.94166666666667,-119.55833330000002
2003-10-16,0.8326440171341131,294.6875,280.6125,0.275,110.7375,0.7475,0.007148750000000001,5.674999999999999,46.94166666666667,-119.55833330000002
2003-10-24,0.7458776541075126,287.2625,273.6875,0.037500000000000006,107.6875,0.70625,0.0031350000000000006,5.3625,46.94166666666667,-119.55833330000002
2003-11-01,0.6597777719438946,278.125,266.725,0.0,78.375,0.34875,0.00181625,2.8625000000000003,46.94166666666667,-119.55833330000002
2003-11-09,0.5465441349704951,284.0875,272.325,0.1375,69.25,0.41000000000000003,0.0034587500000000005,4.15,46.94166666666667,-119.55833330000002
2003-11-17,0.41955554388778904,278.72499999999997,268.6875,0.425,60.32500000000002,0.25625,0.0031187500000000004,5.5875,46.94166666666667,-119.55833330000002
2003-11-25,0.3597777719438946,278.53749999999997,270.4125,0.875,48.075,0.13125,0.0037025,3.65,46.94166666666667,-119.55833330000002
2003-12-03,0.3465441349704951,277.3375,270.9375,1.1,50.08750000000001,0.11124999999999999,0.0036337500000000007,3.425,46.94166666666667,-119.55833330000002
2003-12-11,0.20565542605140702,274.4375,269.3375,0.9375000000000001,48.67500000000001,0.045000000000000005,0.0033750000000000004,3.1125000000000003,46.94166666666667,-119.55833330000002
2003-12-19,0.22632211021972354,275.6125,269.7125,0.7750000000000001,51.475,0.0675,0.00343375,2.6,46.94166666666667,-119.55833330000002
2003-12-27,0.086099882163618,271.78000000000003,266.65999999999997,0.32,44.36,0.042,0.002742,2.9200000000000004,46.94166666666667,-119.55833330000002
2004-01-01,0.0,269.625,263.1375,1.8,43.65,0.09125,0.0020125000000000004,3.1000000000000005,46.94166666666667,-119.55833330000002
2004-01-09,0.03955574719312299,274.3625,269.4,0.37500000000000006,57.712500000000006,0.08750000000000001,0.0030575000000000003,1.875,46.94166666666667,-119.55833330000002
2004-01-17,0.05977777194389451,273.9,269.175,0.2625,60.475,0.09374999999999999,0.00292,1.8000000000000003,46.94166666666667,-119.55833330000002
2004-01-25,0.05977777194389451,276.2375,270.925,0.1875,63.6625,0.11500000000000002,0.0034012500000000006,4.7250000000000005,46.94166666666667,-119.55833330000002
2004-02-02,0.1263221102197235,277.0875,270.46250000000003,0.21250000000000002,72.10000000000001,0.10250000000000001,0.0035512499999999997,2.8,46.94166666666667,-119.55833330000002
2004-02-10,0.20000000000000004,277.55,269.625,1.3625,88.76249999999999,0.09125000000000001,0.00361,2.7500000000000004,46.94166666666667,-119.55833330000002
2004-02-18,0.20000000000000004,282.1125,272.04999999999995,1.0625,108.96250000000002,0.21625,0.0041287500000000005,3.2875,46.94166666666667,-119.55833330000002
2004-02-26,0.28609988216361804,283.32500000000005,272.125,0.3375,119.575,0.30374999999999996,0.00388125,3.0875000000000004,46.94166666666667,-119.55833330000002
2004-03-05,0.3465441349704951,289.46250000000003,274.34999999999997,0.0,155.40000000000003,0.6375000000000001,0.0041425,3.975,46.94166666666667,-119.55833330000002
2004-03-13,0.439555747193123,289.55,274.9125,0.0,171.40000000000003,0.7262500000000001,0.0036350000000000006,4.874999999999999,46.94166666666667,-119.55833330000002
2004-03-21,0.59219996763257,290.125,276.425,0.7125,188.78750000000002,0.73125,0.00405625,4.3875,46.94166666666667,-119.55833330000002
2004-03-29,0.7519777395764646,291.16249999999997,275.1625,0.05,206.7375,0.7550000000000001,0.0042000000000000015,3.6750000000000003,46.94166666666667,-119.55833330000002
2004-04-06,1.0046219600159116,295.6625,278.1375,0.07500000000000001,250.8375,1.0725,0.00479375,2.8375000000000004,46.94166666666667,-119.55833330000002
2004-04-14,1.2116103477932836,289.9,274.81249999999994,1.1,201.8625,0.6112500000000001,0.0044225,3.8999999999999995,46.94166666666667,-119.55833330000002
2004-04-22,1.5518325758493892,295.575,277.2125,0.0,282.0375,1.1175,0.00432875,3.8,46.94166666666667,-119.55833330000002
2004-04-30,1.6379324580130072,297.1125,281.91249999999997,0.0,299.125,1.29875,0.00497375,3.7250000000000005,46.94166666666667,-119.55833330000002
2004-05-08,1.7582996464908542,293.5,279.0375,0.775,271.28749999999997,0.88125,0.0050525,3.3125,46.94166666666667,-119.55833330000002
2004-05-16,1.7721997643272362,294.8125,281.3375,2.3875,253.38750000000002,0.845,0.006542500000000001,3.3250000000000006,46.94166666666667,-119.55833330000002
2004-05-24,1.4738997112257144,293.575,280.13749999999993,0.125,249.77499999999998,0.8150000000000001,0.005742499999999999,4.762499999999999,46.94166666666667,-119.55833330000002
2004-06-01,1.7065437283598273,298.2125,282.11249999999995,0.5375000000000001,296.59999999999997,1.29125,0.0060725,3.7375000000000003,46.94166666666667,-119.55833330000002
2004-06-09,1.978666834968701,296.0125,280.5375,0.8125,312.76250000000005,1.0325,0.005673750000000001,4.3875,46.94166666666667,-119.55833330000002
2004-06-17,2.0260226145292544,305.72499999999997,287.7125,0.0,355.41249999999997,2.4225,0.006012500000000001,3.4250000000000007,46.94166666666667,-119.55833330000002
2004-06-25,1.9453563369716058,306.03749999999997,288.9625,0.07500000000000001,350.26250000000005,2.2425,0.00759125,3.4000000000000004,46.94166666666667,-119.55833330000002
2004-07-03,1.7314562191352236,300.95000000000005,284.71250000000003,0.0,335.7125000000001,1.49,0.006951250000000001,4.575,46.94166666666667,-119.55833330000002
2004-07-11,1.8058005897784826,308.275,289.6,0.0,320.7375,2.71625,0.00722375,3.5875,46.94166666666667,-119.55833330000002
2004-07-19,1.8597777719438948,306.4375,289.3875,0.5375,323.1625,2.34875,0.007533750000000001,4.1375,46.94166666666667,-119.55833330000002
2004-07-27,1.8597777719438948,307.43750000000006,289.6125,0.0,313.73749999999995,2.5925000000000002,0.0068425,3.3625,46.94166666666667,-119.55833330000002
2004-08-04,1.7995553405824554,303.07500000000005,286.275,0.8125000000000001,276.0375,1.63875,0.008378750000000003,3.5250000000000004,46.94166666666667,-119.55833330000002
2004-08-12,1.6862450458906937,310.52500000000003,293.2375,0.0,280.5375,3.1049999999999995,0.0083425,2.8875,46.94166666666667,-119.55833330000002
2004-08-20,1.8387441026030653,298.68749999999994,285.075,1.0,225.30000000000004,0.9349999999999999,0.0094775,5.3375,46.94166666666667,-119.55833330000002
2004-08-28,1.7526442204394472,300.9,284.21250000000003,0.0,238.875,1.5037500000000001,0.006928750000000001,4.187500000000001,46.94166666666667,-119.55833330000002
2004-09-05,1.4326440171341133,298.5125,283.775,0.125,212.1875,1.3675,0.00582,3.8625000000000003,46.94166666666667,-119.55833330000002
2004-09-13,1.303955479152929,291.925,278.76250000000005,0.37500000000000006,138.1375,0.5775,0.006191250000000001,4.950000000000001,46.94166666666667,-119.55833330000002
2004-09-21,1.2580778250454168,299.0375,282.825,0.0,175.6375,1.28625,0.006521250000000001,2.4625000000000004,46.94166666666667,-119.55833330000002
2004-09-29,1.1528660418848846,297.15,282.225,0.0625,171.66250000000002,1.2425,0.0054150000000000005,3.0250000000000004,46.94166666666667,-119.55833330000002
2004-10-07,1.0185987355706556,293.85,279.4,0.675,140.775,0.7925,0.005885,3.3375,46.94166666666667,-119.55833330000002
2004-10-15,1.0119773329657966,288.33750000000003,278.4375,1.6250000000000002,87.42500000000001,0.36875,0.006137500000000001,4.900000000000001,46.94166666666667,-119.55833330000002
2004-10-23,1.0521995610219022,286.1375,273.1375,0.0,118.6125,0.44,0.003943750000000001,4.8375,46.94166666666667,-119.55833330000002
2004-10-31,0.9458776541075126,283.55,272.66249999999997,0.07500000000000001,82.8625,0.38625,0.0035200000000000006,3.275,46.94166666666667,-119.55833330000002
2004-11-08,0.8319775362711306,283.23749999999995,273.1,0.17500000000000002,70.03750000000001,0.26,0.004282500000000001,1.9125000000000003,46.94166666666667,-119.55833330000002
2004-11-16,0.7985218745469597,280.875,270.8375,0.175,63.225,0.22999999999999998,0.003577500000000001,3.1625000000000005,46.94166666666667,-119.55833330000002
2004-11-24,0.6063219069143896,279.825,270.7125,0.21250000000000002,55.97500000000001,0.205,0.0036,3.5250000000000004,46.94166666666667,-119.55833330000002
2004-12-02,0.6119773329657966,276.125,269.9125,0.9500000000000001,47.337500000000006,0.06,0.0036075,3.2250000000000005,46.94166666666667,-119.55833330000002
2004-12-10,0.9526442204394472,280.82500000000005,273.29999999999995,0.0,48.5,0.21125,0.0040349999999999995,3.7375,46.94166666666667,-119.55833330000002
2004-12-18,0.9000000000000001,277.43750000000006,269.925,0.0,55.1,0.16625,0.0031587500000000005,2.675,46.94166666666667,-119.55833330000002
2004-12-26,0.6786668349687011,276.81666666666666,271.0833333333333,1.2166666666666666,47.333333333333336,0.10166666666666667,0.0036466666666666665,2.65,46.94166666666667,-119.55833330000002
2005-01-01,0.05977777194389451,271.34999999999997,265.5875,1.0625000000000002,44.6,0.05875,0.0024787500000000005,3.6500000000000004,46.94166666666667,-119.55833330000002
2005-01-09,0.11955554388778902,270.32500000000005,263.875,0.42500000000000004,45.2625,0.0625,0.0021975000000000002,3.3000000000000003,46.94166666666667,-119.55833330000002
2005-01-17,0.16609967885828403,277.15,270.675,0.3375,55.8625,0.155,0.0033537500000000004,2.0875000000000004,46.94166666666667,-119.55833330000002
2005-01-25,0.2597777719438945,282.22499999999997,271.675,0.125,67.82499999999999,0.28374999999999995,0.003695,2.45,46.94166666666667,-119.55833330000002
2005-02-02,0.30000000000000004,284.0125,270.4,0.0,87.51250000000002,0.44125,0.00307375,3.1125,46.94166666666667,-119.55833330000002
2005-02-10,0.3597777719438946,280.4,267.41249999999997,0.0,113.0,0.315,0.00255625,2.85,46.94166666666667,-119.55833330000002
2005-02-18,0.33345566172417107,280.9375,266.525,0.0,136.06250000000003,0.31625000000000003,0.00275625,1.9000000000000001,46.94166666666667,-119.55833330000002
2005-02-26,0.39933351913701753,288.77500000000003,272.72499999999997,0.0,145.625,0.5775,0.00390875,2.5500000000000003,46.94166666666667,-119.55833330000002
2005-03-06,0.4000000000000001,292.67499999999995,276.20000000000005,0.0,172.4,0.89,0.004103750000000001,3.4250000000000007,46.94166666666667,-119.55833330000002
2005-03-14,0.5263221102197235,287.67499999999995,273.3375,0.7000000000000001,164.175,0.6487499999999999,0.00320125,4.775,46.94166666666667,-119.55833330000002
2005-03-22,0.6124219923833416,284.7625,273.0125,0.6125,107.86250000000001,0.44249999999999995,0.0035662500000000004,5.612500000000001,46.94166666666667,-119.55833330000002
2005-03-30,0.7993335191370176,287.95,274.5375,0.25,176.6625,0.57625,0.003962500000000001,4.1125,46.94166666666667,-119.55833330000002
2005-04-07,1.09219996763257,288.46250000000003,274.95,0.5125000000000001,222.91250000000002,0.6912499999999999,0.0034862499999999998,4.324999999999999,46.94166666666667,-119.55833330000002
2005-04-15,1.1915334867695877,291.97499999999997,276.2875,0.125,236.55,0.89625,0.0038450000000000003,4.175000000000001,46.94166666666667,-119.55833330000002
2005-04-23,1.5054336046059698,295.41249999999997,280.0125,0.21250000000000002,253.11250000000004,1.1,0.0050475,3.5,46.94166666666667,-119.55833330000002
2005-05-01,1.5249891484937586,294.375,281.05,0.7625,237.2375,0.84125,0.006185,2.9375,46.94166666666667,-119.55833330000002
2005-05-09,1.6994786828640933,296.4875,283.3625,2.7500000000000004,262.70000000000005,0.9375,0.00728375,3.5375,46.94166666666667,-119.55833330000002
2005-05-17,1.5872785119261892,293.2,279.475,0.4625000000000001,279.77500000000003,0.87125,0.005052500000000001,4.3375,46.94166666666667,-119.55833330000002
2005-05-25,1.733600825451247,301.5125,285.0375,0.0,330.0125,1.8524999999999998,0.0054,4.6000000000000005,46.94166666666667,-119.55833330000002
2005-06-02,1.6933785973951414,295.925,280.675,0.5750000000000001,308.0,1.08375,0.0053725000000000005,4.2875,46.94166666666667,-119.55833330000002
2005-06-10,1.8791114943862464,297.08750000000003,282.5,0.0,311.0375,1.2325000000000002,0.005497500000000001,4.225,46.94166666666667,-119.55833330000002
2005-06-18,1.7596326082168194,302.975,285.8875,0.0,359.61250000000007,1.97125,0.005817500000000001,3.6500000000000004,46.94166666666667,-119.55833330000002
2005-06-26,1.7063219069143896,300.6875,284.45,0.375,304.3625,1.40625,0.007257500000000001,3.7250000000000005,46.94166666666667,-119.55833330000002
2005-07-04,1.7119773329657968,301.38749999999993,285.4625,0.37500000000000006,294.15000000000003,1.4825000000000002,0.00763375,4.65,46.94166666666667,-119.55833330000002
2005-07-12,1.7389659240485027,304.975,287.2625,0.0,337.8125,2.1325000000000003,0.00684125,3.5625,46.94166666666667,-119.55833330000002
2005-07-20,1.865954515131209,306.675,287.47499999999997,0.30000000000000004,322.88750000000005,2.58,0.00553,3.4875,46.94166666666667,-119.55833330000002
2005-07-28,1.985954718436543,307.375,287.82500000000005,0.0,317.83750000000003,2.7462500000000003,0.00530625,3.7625,46.94166666666667,-119.55833330000002
2005-08-05,1.9194103801607139,307.375,287.6875,0.0,305.875,2.655,0.00581,3.325,46.94166666666667,-119.55833330000002
2005-08-13,1.8326440171341132,304.125,286.5375,0.21250000000000002,269.8625,2.0075000000000003,0.00675125,2.9000000000000004,46.94166666666667,-119.55833330000002
2005-08-21,1.5188890630248069,304.2875,285.7,0.0,273.7375,2.115,0.0059575,3.45,46.94166666666667,-119.55833330000002
2005-08-29,1.3925669528050832,299.41249999999997,282.9375,0.0,240.2125,1.40625,0.006015,3.5500000000000003,46.94166666666667,-119.55833330000002
2005-09-06,1.4256556293567413,298.2875,282.55,0.0,212.1125,1.40625,0.005302500000000001,3.2375000000000003,46.94166666666667,-119.55833330000002
2005-09-14,1.3000000000000003,296.575,280.85,0.0625,203.25,1.1525,0.0052987500000000005,3.2375000000000003,46.94166666666667,-119.55833330000002
2005-09-22,1.1263221102197236,295.625,279.6625,0.0,177.08750000000003,1.21375,0.0042225000000000006,3.3875,46.94166666666667,-119.55833330000002
2005-09-30,0.991755308215025,289.93750000000006,279.15,2.7125,136.075,0.465,0.0063412500000000005,3.2375000000000003,46.94166666666667,-119.55833330000002
2005-10-08,0.9860998821636181,291.35,279.45000000000005,0.0,127.97500000000002,0.6175,0.005850000000000001,3.1625000000000005,46.94166666666667,-119.55833330000002
2005-10-16,0.8860998821636181,291.575,278.9625,0.3375,113.63750000000002,0.54,0.006332500000000001,3.2875,46.94166666666667,-119.55833330000002
2005-10-24,0.8458776541075126,287.41249999999997,276.17499999999995,0.875,93.97500000000002,0.37625,0.005412500000000001,3.6000000000000005,46.94166666666667,-119.55833330000002
2005-11-01,0.7056554260514071,281.8125,274.2375,1.8375000000000004,72.41250000000001,0.18,0.0045875,4.7124999999999995,46.94166666666667,-119.55833330000002
2005-11-09,0.7465441349704951,280.5375,273.28749999999997,0.7875000000000001,67.3125,0.2625,0.0036112500000000003,3.7125000000000004,46.94166666666667,-119.55833330000002
2005-11-17,0.5597777719438946,278.28749999999997,270.28749999999997,0.2625,73.9375,0.10500000000000001,0.00374875,1.6750000000000003,46.94166666666667,-119.55833330000002
2005-11-25,0.41888906302480655,274.7625,269.4125,1.35,44.375,0.09375,0.00315875,3.4250000000000003,46.94166666666667,-119.55833330000002
2005-12-03,0.359111291080912,271.5125,264.8125,0.0,60.97500000000001,0.09624999999999999,0.002205,2.225,46.94166666666667,-119.55833330000002
2005-12-11,0.5791114943862461,268.1375,260.275,0.0,62.975,0.07375000000000001,0.00161375,2.7874999999999996,46.94166666666667,-119.55833330000002
2005-12-19,0.378666834968701,275.9375,270.9125,2.0375,37.325,0.11000000000000001,0.00343,2.6625,46.94166666666667,-119.55833330000002
2005-12-27,0.5388892663301406,278.64000000000004,273.85999999999996,5.340000000000001,38.239999999999995,0.09599999999999999,0.004324000000000001,2.68,46.94166666666667,-119.55833330000002
2006-01-01,0.3597777719438946,278.8,272.975,1.8750000000000002,41.650000000000006,0.10250000000000001,0.0042225000000000006,3.125,46.94166666666667,-119.55833330000002
2006-01-09,0.30000000000000004,279.59999999999997,273.6375,1.975,43.7875,0.13875,0.00431375,5.012499999999999,46.94166666666667,-119.55833330000002
2006-01-17,0.2597777719438945,278.33750000000003,271.31250000000006,0.05,58.300000000000004,0.11750000000000001,0.0037850000000000006,2.9625000000000004,46.94166666666667,-119.55833330000002
2006-01-25,0.30000000000000004,280.05,271.71250000000003,1.8500000000000003,65.67500000000001,0.21375,0.0036300000000000004,6.125000000000001,46.94166666666667,-119.55833330000002
2006-02-02,0.30000000000000004,283.03749999999997,272.47499999999997,0.2875,89.2,0.41375,0.0031462499999999997,4.0125,46.94166666666667,-119.55833330000002
2006-02-10,0.30000000000000004,278.125,267.475,0.0,97.8875,0.36124999999999996,0.0018799999999999997,4.4375,46.94166666666667,-119.55833330000002
2006-02-18,0.30000000000000004,277.29999999999995,265.75,0.0,121.60000000000001,0.28625,0.00213,4.2250000000000005,46.94166666666667,-119.55833330000002
2006-02-26,0.3465441349704951,285.84999999999997,273.40000000000003,1.25,127.7,0.47875,0.0036475000000000006,3.8249999999999997,46.94166666666667,-119.55833330000002
2006-03-06,0.3597777719438946,281.625,269.8125,0.2,144.65,0.2975,0.0032400000000000007,4.800000000000001,46.94166666666667,-119.55833330000002
2006-03-14,0.4000000000000001,284.5,273.15,0.725,155.1875,0.42625,0.0035625000000000006,3.4375,46.94166666666667,-119.55833330000002
2006-03-22,0.4597777719438945,288.3625,275.7,0.0,166.8625,0.605,0.0041062500000000005,3.6875,46.94166666666667,-119.55833330000002
2006-03-30,0.5860998821636181,288.54999999999995,275.91249999999997,0.8125000000000001,184.51250000000002,0.5012500000000001,0.004815000000000001,3.7875000000000005,46.94166666666667,-119.55833330000002
2006-04-07,0.7921999676325701,288.93749999999994,277.2125,1.5875,192.93750000000003,0.525,0.00503625,4.4125000000000005,46.94166666666667,-119.55833330000002
2006-04-15,1.0185220778522937,289.5375,274.875,0.0,253.96249999999998,0.74125,0.0035900000000000003,4.3125,46.94166666666667,-119.55833330000002
2006-04-23,1.2587443059083991,293.36249999999995,278.0375,0.3125,268.4,0.9774999999999999,0.00432,4.2625,46.94166666666667,-119.55833330000002
2006-05-01,1.4594107867713817,291.5625,276.2,0.0,298.65000000000003,0.94125,0.0033212500000000004,4.7875,46.94166666666667,-119.55833330000002
2006-05-09,1.4269885910827063,298.325,279.325,0.0,316.6875,1.5225,0.00438125,3.3999999999999995,46.94166666666667,-119.55833330000002
2006-05-17,1.4394105834660478,300.11250000000007,286.4375,1.625,263.13750000000005,1.52625,0.0073999999999999995,3.7125,46.94166666666667,-119.55833330000002
2006-05-25,1.546322313525058,295.53749999999997,280.62499999999994,0.8625,270.05,1.0675,0.0055850000000000006,3.7375000000000003,46.94166666666667,-119.55833330000002
2006-06-02,1.5319775362711305,297.23750000000007,283.2125,2.675,283.05,0.9012500000000001,0.0079775,3.0625,46.94166666666667,-119.55833330000002
2006-06-10,1.5397775686385609,297.425,282.8875,1.225,298.125,0.9325000000000001,0.007737500000000001,4.1000000000000005,46.94166666666667,-119.55833330000002
2006-06-18,1.846022817834588,300.7,283.15,0.0,372.0875,1.6612500000000001,0.0053975,3.1999999999999997,46.94166666666667,-119.55833330000002
2006-06-26,1.9453563369716058,307.55,289.325,0.05,347.6375,2.4962500000000003,0.007600000000000001,3.225,46.94166666666667,-119.55833330000002
2006-07-04,2.0710119663283466,305.825,288.68750000000006,0.1,335.8125,2.2112499999999997,0.0076124999999999995,3.325,46.94166666666667,-119.55833330000002
2006-07-12,2.1710119663283467,303.3125,285.2625,0.037500000000000006,334.875,1.9162500000000002,0.00612375,4.050000000000001,46.94166666666667,-119.55833330000002
2006-07-20,2.211379358111528,310.58750000000003,290.8625,0.0,312.7875,3.12875,0.007340000000000001,3.525,46.94166666666667,-119.55833330000002
2006-07-28,2.086612031063207,301.25,283.0125,0.0,318.00000000000006,1.6212499999999999,0.005868750000000001,3.9875000000000007,46.94166666666667,-119.55833330000002
2006-08-05,2.2051341089155008,304.52500000000003,286.6125,0.0,291.02500000000003,2.0462500000000006,0.0069225,3.375000000000001,46.94166666666667,-119.55833330000002
2006-08-13,1.8195555438877893,305.54999999999995,286.5625,0.0,289.88750000000005,2.2449999999999997,0.006315,2.3000000000000003,46.94166666666667,-119.55833330000002
2006-08-21,1.778666834968701,305.225,286.4125,0.0,272.95,2.2725,0.006083750000000001,3.35,46.94166666666667,-119.55833330000002
2006-08-29,1.6582996464908544,303.03749999999997,283.1125,0.0,251.45000000000002,2.02,0.00534,3.9125,46.94166666666667,-119.55833330000002
2006-09-06,1.7589661273538366,302.7,285.125,0.0,229.6125,1.94625,0.00571125,3.1875,46.94166666666667,-119.55833330000002
2006-09-14,1.606176743187314,291.75,276.4625,0.7750000000000001,170.75,0.47374999999999995,0.00640375,3.9000000000000004,46.94166666666667,-119.55833330000002
2006-09-22,1.5261769464926482,298.925,281.28749999999997,0.0,191.56250000000003,1.24625,0.00636875,2.1750000000000003,46.94166666666667,-119.55833330000002
2006-09-30,1.1855100590189978,294.925,280.4625,0.1,157.0625,1.0262499999999999,0.005215000000000001,3.2125,46.94166666666667,-119.55833330000002
2006-10-08,0.9730880666356562,292.1625,277.1375,0.9125,132.1625,0.8762500000000001,0.004146250000000001,2.6750000000000003,46.94166666666667,-119.55833330000002
2006-10-16,0.9528660418848847,288.0125,274.925,0.2875,116.95000000000002,0.365,0.00530875,3.3375000000000004,46.94166666666667,-119.55833330000002
2006-10-24,0.9194103801607136,285.23749999999995,270.5375,0.0,118.31250000000001,0.4175,0.0036700000000000005,4.0375,46.94166666666667,-119.55833330000002
2006-11-01,0.6924217890780076,284.4375,274.48750000000007,0.9875,60.22500000000001,0.28375000000000006,0.004937500000000001,5.1375,46.94166666666667,-119.55833330000002
2006-11-09,0.6326440171341131,281.45,272.34999999999997,0.6875,63.699999999999996,0.2975,0.0034575000000000005,5.937500000000001,46.94166666666667,-119.55833330000002
2006-11-17,0.5124219923833415,281.52500000000003,272.175,0.325,57.72500000000001,0.31999999999999995,0.00334,4.775,46.94166666666667,-119.55833330000002
2006-11-25,0.44587765410751257,273.625,267.1,0.42500000000000004,50.3875,0.12875,0.00247125,3.35,46.94166666666667,-119.55833330000002
2006-12-03,0.391755308215025,273.875,267.4125,0.3875,53.31250000000001,0.07625000000000001,0.0028775000000000003,1.9500000000000002,46.94166666666667,-119.55833330000002
2006-12-11,0.8061000854689521,276.125,269.0625,3.1625,49.975,0.1325,0.00311875,5.0249999999999995,46.94166666666667,-119.55833330000002
2006-12-19,0.5263221102197235,273.22499999999997,267.425,1.5125000000000002,49.20000000000001,0.06125,0.0028687499999999998,2.0875000000000004,46.94166666666667,-119.55833330000002
2006-12-27,0.2793333158316835,272.34000000000003,265.96,0.3,57.26000000000001,0.078,0.0025399999999999997,2.7,46.94166666666667,-119.55833330000002
2007-01-01,0.28609988216361804,276.625,269.425,0.4,39.550000000000004,0.14875000000000002,0.0030812500000000002,5.237500000000001,46.94166666666667,-119.55833330000002
2007-01-09,0.28609988216361804,272.6125,263.5625,0.0,57.425000000000004,0.15500000000000003,0.0020137500000000003,3.1125000000000007,46.94166666666667,-119.55833330000002
2007-01-17,0.32632211021972357,273.8375,266.5125,0.3125,54.775,0.0975,0.0026275000000000005,2.2625,46.94166666666667,-119.55833330000002
2007-01-25,0.22632211021972354,273.96250000000003,266.425,0.0,83.31250000000001,0.11125,0.0025425,1.6625,46.94166666666667,-119.55833330000002
2007-02-02,0.18609988216361803,276.775,270.5375,0.525,73.23750000000001,0.10375,0.0035162500000000003,1.5875000000000004,46.94166666666667,-119.55833330000002
2007-02-10,0.22632211021972354,281.4125,273.4375,0.625,90.2125,0.20125000000000004,0.00429,2.7250000000000005,46.94166666666667,-119.55833330000002
2007-02-18,0.23955574719312303,280.91249999999997,272.82500000000005,1.2875,100.325,0.24875000000000003,0.00375625,4.5874999999999995,46.94166666666667,-119.55833330000002
2007-02-26,0.2458776541075125,280.4375,270.29999999999995,0.225,118.65000000000002,0.24750000000000003,0.0032887500000000004,2.775,46.94166666666667,-119.55833330000002
2007-03-06,0.38609988216361807,287.8125,274.95,0.0,135.775,0.47875,0.00461375,4.4125000000000005,46.94166666666667,-119.55833330000002
2007-03-14,0.46587785741284654,288.9625,275.13750000000005,0.1625,169.0125,0.655,0.003985000000000001,4.1000000000000005,46.94166666666667,-119.55833330000002
2007-03-22,0.5930116122226281,288.34999999999997,275.0875,1.6625,155.05,0.55125,0.0043175,4.0375000000000005,46.94166666666667,-119.55833330000002
2007-03-30,0.7658778574128465,288.11249999999995,274.3125,0.08750000000000001,190.46250000000003,0.64375,0.003662500000000001,3.587500000000001,46.94166666666667,-119.55833330000002
2007-04-07,0.9054336046059696,289.59999999999997,275.9875,0.6625000000000001,198.875,0.6562499999999999,0.004315,4.7625,46.94166666666667,-119.55833330000002
2007-04-15,1.151755918131027,289.57499999999993,274.825,0.0,240.06250000000003,0.7212500000000001,0.00362625,3.5500000000000003,46.94166666666667,-119.55833330000002
2007-04-23,1.2186672415793693,293.90000000000003,278.21250000000003,0.0,260.4875,0.9650000000000001,0.00455875,4.175000000000001,46.94166666666667,-119.55833330000002
2007-05-01,1.4658778574128468,294.0,277.70000000000005,0.5,271.725,1.02,0.004581250000000001,3.9875,46.94166666666667,-119.55833330000002
2007-05-09,1.4334556617241712,298.8375,281.4375,0.0,316.1625,1.5325000000000002,0.0044375000000000005,3.2,46.94166666666667,-119.55833330000002
2007-05-17,1.5334556617241712,296.33750000000003,279.525,0.625,309.43750000000006,1.1712500000000001,0.0048200000000000005,4.2250000000000005,46.94166666666667,-119.55833330000002
2007-05-25,1.5327891808611889,300.98749999999995,283.325,0.0,339.42499999999995,1.7400000000000002,0.0051475,2.95,46.94166666666667,-119.55833330000002
2007-06-02,1.6252109699391961,299.18750000000006,284.2,1.0125,270.07500000000005,1.4175000000000002,0.006843750000000001,4.2875000000000005,46.94166666666667,-119.55833330000002
2007-06-10,1.8188890630248065,295.7375,280.975,0.037500000000000006,318.68750000000006,1.0474999999999999,0.005528750000000001,4.725,46.94166666666667,-119.55833330000002
2007-06-18,1.8127889775558548,299.325,282.975,0.0,360.65000000000003,1.5087500000000003,0.00540875,4.1125,46.94166666666667,-119.55833330000002
2007-06-26,1.8571118484919649,302.0875,284.85,0.5125000000000001,324.07500000000005,1.7737500000000002,0.006015000000000001,3.6625000000000005,46.94166666666667,-119.55833330000002
2007-07-04,2.0832121372662504,308.05,288.775,0.0,345.1,2.6125000000000003,0.00714125,3.6125000000000007,46.94166666666667,-119.55833330000002
2007-07-12,1.9438782115185653,307.46250000000003,291.27500000000003,0.38750000000000007,301.1000000000001,2.5725000000000002,0.007961250000000001,3.7625,46.94166666666667,-119.55833330000002
2007-07-20,2.186245045890694,305.475,289.15000000000003,0.0,308.0625,2.19875,0.007536250000000001,3.7624999999999997,46.94166666666667,-119.55833330000002
2007-07-28,2.358889469635475,305.225,286.58750000000003,0.0,320.8,2.34125,0.00544125,3.7125,46.94166666666667,-119.55833330000002
2007-08-05,2.197778735965615,302.74999999999994,285.1375,0.0,305.40000000000003,1.7299999999999998,0.006805,3.9125000000000005,46.94166666666667,-119.55833330000002
2007-08-13,2.110422549794394,301.46250000000003,285.52500000000003,0.375,239.91250000000002,1.7325000000000002,0.00695625,3.5625,46.94166666666667,-119.55833330000002
2007-08-21,2.2046219600159116,301.1,284.45,0.0,269.775,1.5037500000000001,0.006892500000000001,2.9625000000000004,46.94166666666667,-119.55833330000002
2007-08-29,1.8382227854671582,304.06250000000006,287.91249999999997,0.1,239.71250000000003,1.9475000000000002,0.00744125,3.6625000000000005,46.94166666666667,-119.55833330000002
2007-09-06,1.8256556293567412,300.3875,282.7875,0.0,234.92500000000004,1.7249999999999999,0.00454625,3.5125,46.94166666666667,-119.55833330000002
2007-09-14,1.3654331979953016,296.8375,280.2875,0.0,201.17499999999998,1.16625,0.0053725000000000005,4.2,46.94166666666667,-119.55833330000002
2007-09-22,1.2930882699409902,293.90000000000003,277.77500000000003,0.28750000000000003,187.62500000000006,0.90625,0.00492625,4.3375,46.94166666666667,-119.55833330000002
2007-09-30,1.0799997966946662,288.58750000000003,276.4624999999999,0.8750000000000001,134.775,0.4575,0.005253750000000001,4.7625,46.94166666666667,-119.55833330000002
2007-10-08,0.9258774508021786,292.34999999999997,278.4875,0.05,126.17500000000001,0.7137499999999999,0.00554,2.9125000000000005,46.94166666666667,-119.55833330000002
2007-10-16,0.8458776541075126,288.225,275.40000000000003,0.675,108.55000000000003,0.41000000000000003,0.0053375,4.300000000000001,46.94166666666667,-119.55833330000002
2007-10-24,0.8063219069143895,286.45,272.425,0.0,119.0125,0.5425,0.0034587500000000005,2.95,46.94166666666667,-119.55833330000002
2007-11-01,0.6660996788582841,286.6375,274.25,0.0,83.55000000000001,0.5187499999999999,0.0038,2.5875000000000004,46.94166666666667,-119.55833330000002
2007-11-09,0.519555543887789,285.0875,273.8125,0.6625000000000001,68.4125,0.41125,0.0039975,5.0,46.94166666666667,-119.55833330000002
2007-11-17,0.48609988216361805,276.775,269.03749999999997,1.9500000000000002,60.0375,0.08625000000000001,0.00362875,2.0500000000000003,46.94166666666667,-119.55833330000002
2007-11-25,0.3654331979953015,272.55,264.9875,0.21250000000000002,50.15,0.01375,0.00290375,3.1750000000000003,46.94166666666667,-119.55833330000002
2007-12-03,0.3597777719438946,278.5125,269.7,0.28750000000000003,52.6375,0.16749999999999998,0.0034675,3.975,46.94166666666667,-119.55833330000002
2007-12-11,0.42632211021972355,274.225,267.16249999999997,0.1125,52.64999999999999,0.06,0.002975,2.825,46.94166666666667,-119.55833330000002
2007-12-19,0.8263221102197236,276.375,269.0875,0.5750000000000001,43.6,0.13625,0.0030725000000000006,4.4625,46.94166666666667,-119.55833330000002
2007-12-27,0.305655426051407,273.86,267.34000000000003,1.28,54.36,0.076,0.0028520000000000004,4.92,46.94166666666667,-119.55833330000002
2008-01-01,0.020222024750771516,275.325,266.2625,0.7000000000000001,45.025,0.11624999999999999,0.00274625,3.3875000000000006,46.94166666666667,-119.55833330000002
2008-01-09,0.020222024750771516,273.77500000000003,265.925,0.4625,55.82500000000001,0.08375,0.00264625,3.4375,46.94166666666667,-119.55833330000002
2008-01-17,0.05977777194389451,269.8125,260.35,0.0,63.95,0.07500000000000001,0.0018425,3.1374999999999997,46.94166666666667,-119.55833330000002
2008-01-25,0.04654413497049501,272.73749999999995,262.9625,0.7375,68.825,0.0875,0.0023037500000000002,3.9125000000000005,46.94166666666667,-119.55833330000002
2008-02-02,0.11955554388778902,276.2875,268.1375,0.55,78.28750000000001,0.10875,0.00313625,4.9125000000000005,46.94166666666667,-119.55833330000002
2008-02-10,0.22632211021972354,282.3,272.8,0.0,90.9,0.31375,0.00362625,3.8250000000000006,46.94166666666667,-119.55833330000002
2008-02-18,0.30000000000000004,281.59999999999997,271.56249999999994,0.0625,114.325,0.2725,0.0035637500000000005,2.1625,46.94166666666667,-119.55833330000002
2008-02-26,0.32632211021972357,285.0875,272.50000000000006,0.0,120.9375,0.39625,0.0038525,4.0625,46.94166666666667,-119.55833330000002
2008-03-05,0.38609988216361807,286.5125,272.9375,0.125,155.3375,0.49875,0.0036875000000000002,3.2625,46.94166666666667,-119.55833330000002
2008-03-13,0.46587785741284654,284.025,271.6875,0.1875,140.95,0.37125,0.0035587500000000003,3.975,46.94166666666667,-119.55833330000002
2008-03-21,0.5263221102197235,283.7,271.2375,0.1375,182.625,0.48749999999999993,0.00268375,4.9375,46.94166666666667,-119.55833330000002
2008-03-29,0.5791114943862461,284.5625,270.48749999999995,0.2375,212.38750000000002,0.5062500000000001,0.002755,3.9125,46.94166666666667,-119.55833330000002
2008-04-06,0.7185220778522936,289.7125,274.38749999999993,0.07500000000000001,228.775,0.7562500000000001,0.0036762500000000007,3.900000000000001,46.94166666666667,-119.55833330000002
2008-04-14,0.8789663306591706,286.16249999999997,271.27500000000003,0.125,228.45000000000005,0.5837500000000001,0.0029024999999999997,4.9625,46.94166666666667,-119.55833330000002
2008-04-22,1.0185220778522937,290.4375,275.1875,0.07500000000000001,260.6125,0.8300000000000001,0.0035150000000000003,4.675000000000001,46.94166666666667,-119.55833330000002
2008-04-30,1.2981548893744468,293.09999999999997,278.46250000000003,0.0,288.57500000000005,1.03875,0.003907500000000001,3.7875000000000005,46.94166666666667,-119.55833330000002
2008-05-08,1.4724992600177058,293.4625,278.5,0.0,255.78750000000002,0.965,0.00462125,4.225,46.94166666666667,-119.55833330000002
2008-05-16,1.3859547184365426,300.6,284.8625,0.30000000000000004,279.2,1.7125000000000001,0.00600875,4.775,46.94166666666667,-119.55833330000002
2008-05-24,1.5998548362729248,299.45,284.02500000000003,0.275,303.6625,1.42,0.0060912499999999994,2.65,46.94166666666667,-119.55833330000002
2008-06-01,1.4659545151312088,293.25,279.8125,0.4625,266.7875,0.8387500000000001,0.005535,5.2375,46.94166666666667,-119.55833330000002
2008-06-09,1.6263987679380856,297.32500000000005,281.03749999999997,0.125,323.475,1.3075,0.00504875,4.550000000000001,46.94166666666667,-119.55833330000002
2008-06-17,1.5987436959923973,301.3125,284.5125,0.037500000000000006,333.86249999999995,1.81,0.005208750000000001,3.875,46.94166666666667,-119.55833330000002
2008-06-25,1.8458776541075126,307.8375,289.4375,0.0,356.33750000000003,2.7587499999999996,0.00661375,3.0,46.94166666666667,-119.55833330000002
2008-07-03,1.8458776541075126,303.8500000000001,287.00000000000006,0.1625,326.12500000000006,1.9025,0.007290000000000001,4.5375,46.94166666666667,-119.55833330000002
2008-07-11,1.6522680670306158,303.875,285.6375,0.0,331.63750000000005,2.1837500000000003,0.00500375,3.6125000000000003,46.94166666666667,-119.55833330000002
2008-07-19,1.6586666316633671,304.2,286.65,0.0,330.1875,2.09375,0.006195000000000001,3.3,46.94166666666667,-119.55833330000002
2008-07-27,1.6994101768553795,300.41249999999997,283.48749999999995,0.0,306.9375,1.4725000000000001,0.0062787500000000005,4.5249999999999995,46.94166666666667,-119.55833330000002
2008-08-04,1.6859547184365429,304.96250000000003,287.1625,0.1875,291.0,2.2325,0.00651,3.8375000000000004,46.94166666666667,-119.55833330000002
2008-08-12,1.8728662451902187,307.91249999999997,290.33750000000003,0.1375,267.6625,2.7175000000000002,0.007367500000000001,3.6625,46.94166666666667,-119.55833330000002
2008-08-20,1.5934552551135033,297.6875,282.79999999999995,0.2,213.2375,1.06875,0.007128750000000002,4.6375,46.94166666666667,-119.55833330000002
2008-08-28,1.6458776541075124,297.8125,280.55,0.0,248.225,1.21625,0.005678750000000001,3.8625000000000003,46.94166666666667,-119.55833330000002
2008-09-05,1.6397775686385607,300.2875,282.325,0.0,231.4875,1.5587499999999999,0.00530625,3.4250000000000003,46.94166666666667,-119.55833330000002
2008-09-13,1.572866245190219,303.1625,284.1875,0.0,200.35,2.0475000000000003,0.0050425,2.6875,46.94166666666667,-119.55833330000002
2008-09-21,1.2924217890780076,295.3,278.975,0.0,189.9875,0.92,0.005735,4.025,46.94166666666667,-119.55833330000002
2008-09-29,1.1124219923833416,295.85,281.4125,0.6875,132.76250000000002,0.99875,0.00632375,3.6875000000000004,46.94166666666667,-119.55833330000002
2008-10-07,1.005655426051407,287.425,273.41249999999997,0.0,147.04999999999998,0.6425000000000001,0.0032312500000000006,4.5874999999999995,46.94166666666667,-119.55833330000002
2008-10-15,1.0124219923833415,288.8125,275.4,0.0,119.55,0.6112500000000001,0.00419875,3.1999999999999997,46.94166666666667,-119.55833330000002
2008-10-23,0.8458776541075126,288.775,273.775,0.0,120.575,0.74875,0.002975,2.5124999999999997,46.94166666666667,-119.55833330000002
2008-10-31,0.6854334013006356,283.5375,275.15000000000003,1.4125,57.462500000000006,0.20249999999999999,0.005071250000000001,3.1625,46.94166666666667,-119.55833330000002
2008-11-08,0.5597777719438946,284.15,276.0,0.7375,58.45,0.23500000000000001,0.005189999999999999,3.7875,46.94166666666667,-119.55833330000002
2008-11-16,0.44587765410751257,282.7125,273.2625,0.0,67.3875,0.3325,0.0037137500000000005,3.5500000000000003,46.94166666666667,-119.55833330000002
2008-11-24,0.44587765410751257,278.875,269.94999999999993,0.037500000000000006,60.8875,0.135,0.0036862500000000003,2.25,46.94166666666667,-119.55833330000002
2008-12-02,0.4597777719438945,278.9,269.9625,0.275,52.475,0.27875,0.0028025,2.8625,46.94166666666667,-119.55833330000002
2008-12-10,0.7534558650295051,270.9,261.9625,0.275,46.4375,0.13375,0.00195625,4.325,46.94166666666667,-119.55833330000002
2008-12-18,0.31955554388778906,265.7375,258.26250000000005,0.5750000000000001,42.237500000000004,0.037500000000000006,0.001525,2.5375,46.94166666666667,-119.55833330000002
2008-12-26,0.15911129108091202,272.06666666666666,265.40000000000003,1.5,49.116666666666674,0.07500000000000001,0.0024700000000000004,4.533333333333334,46.94166666666667,-119.55833330000002
2009-01-01,0.15977777194389453,275.2875,268.475,1.7750000000000001,44.650000000000006,0.12,0.0030900000000000003,4.300000000000001,46.94166666666667,-119.55833330000002
2009-01-09,0.36654433827582905,277.92499999999995,271.1,0.17500000000000002,62.324999999999996,0.19,0.0032737500000000006,2.6999999999999997,46.94166666666667,-119.55833330000002
2009-01-17,0.17933331583168355,271.45,264.475,0.0,71.25,0.07625,0.0022550000000000005,1.6625,46.94166666666667,-119.55833330000002
2009-01-25,0.22632211021972354,274.2375,266.1125,0.0,70.8875,0.15375,0.0023575,3.3000000000000003,46.94166666666667,-119.55833330000002
2009-02-02,0.20000000000000004,278.425,269.9,0.175,98.4125,0.16625,0.00332625,2.1750000000000003,46.94166666666667,-119.55833330000002
2009-02-10,0.2597777719438945,275.67499999999995,268.8875,0.225,78.9125,0.09,0.00318125,2.725,46.94166666666667,-119.55833330000002
2009-02-18,0.30000000000000004,281.46250000000003,271.7375,1.3625,104.78750000000002,0.22624999999999998,0.00385,3.4125,46.94166666666667,-119.55833330000002
2009-02-26,0.2597777719438945,282.925,272.3,1.675,130.81250000000003,0.34750000000000003,0.0036000000000000003,3.9625000000000004,46.94166666666667,-119.55833330000002
2009-03-06,0.30000000000000004,277.2375,267.1875,0.0,158.925,0.27749999999999997,0.00215,3.475,46.94166666666667,-119.55833330000002
2009-03-14,0.30000000000000004,285.3125,273.175,0.16250000000000003,137.18750000000003,0.47,0.0035812500000000002,4.875,46.94166666666667,-119.55833330000002
2009-03-22,0.439555747193123,284.875,273.975,0.5,187.07500000000002,0.5475,0.0030200000000000005,5.3125,46.94166666666667,-119.55833330000002
2009-03-30,0.4597777719438945,286.38750000000005,272.525,0.15000000000000002,188.20000000000005,0.5487500000000001,0.00340375,4.437500000000001,46.94166666666667,-119.55833330000002
2009-04-07,0.6658778574128467,289.7375,276.0875,0.07500000000000001,217.2125,0.7137500000000001,0.0040437500000000005,4.1875,46.94166666666667,-119.55833330000002
2009-04-15,0.9061000854689522,294.3875,278.45,0.0,257.9875,1.18875,0.0036650000000000003,3.475,46.94166666666667,-119.55833330000002
2009-04-23,1.0728662451902187,287.85,274.4375,0.5125,222.86250000000004,0.6437499999999999,0.003455,4.15,46.94166666666667,-119.55833330000002
2009-05-01,1.1799997966946663,291.0375,276.0375,0.65,255.16250000000002,0.6325,0.00495125,4.775,46.94166666666667,-119.55833330000002
2009-05-09,1.3132336369733997,293.275,277.7625,0.25,291.575,0.9500000000000001,0.0044062500000000004,4.3500000000000005,46.94166666666667,-119.55833330000002
2009-05-17,1.6735327260532014,299.4125,281.7125,0.0,349.11250000000007,1.61625,0.0045025,3.8375000000000004,46.94166666666667,-119.55833330000002
2009-05-25,1.665954515131209,303.0625,285.06250000000006,0.0,351.02500000000003,2.07375,0.0050012500000000005,3.4625000000000004,46.94166666666667,-119.55833330000002
2009-06-02,1.5187438992977311,300.6125,285.0125,0.65,358.225,1.5237500000000002,0.0065725,3.95,46.94166666666667,-119.55833330000002
2009-06-10,1.8318323725440553,300.475,286.6375,0.0625,338.8625,1.475,0.00719875,3.0000000000000004,46.94166666666667,-119.55833330000002
2009-06-18,1.8187438992977312,297.82500000000005,283.3875,0.0,335.25,1.3062500000000001,0.005806250000000001,4.574999999999999,46.94166666666667,-119.55833330000002
2009-06-26,1.9521995610219023,302.8625,284.025,0.0,369.04999999999995,2.16,0.00395125,3.3,46.94166666666667,-119.55833330000002
2009-07-04,1.8516782438859951,302.975,285.125,0.0,344.1625,1.9612500000000002,0.005872500000000001,4.2375,46.94166666666667,-119.55833330000002
2009-07-12,1.8988122020011107,305.65,288.375,0.1,327.09999999999997,2.31,0.006712500000000001,3.6125,46.94166666666667,-119.55833330000002
2009-07-20,1.8127123198374926,307.1875,289.275,0.0,315.625,2.38,0.0078475,3.325,46.94166666666667,-119.55833330000002
2009-07-28,2.086245045890694,309.8,291.75,0.0,315.6375,3.0387500000000003,0.007331250000000001,3.6625,46.94166666666667,-119.55833330000002
2009-08-05,1.7849887418830905,301.86249999999995,286.6125,0.125,268.3625,1.4512500000000002,0.008392500000000002,4.3125,46.94166666666667,-119.55833330000002
2009-08-13,1.8863217036090556,302.5875,286.0875,0.0,281.08750000000003,1.795,0.007241249999999999,3.4750000000000005,46.94166666666667,-119.55833330000002
2009-08-21,1.8530878633303223,302.975,285.425,0.0,276.52500000000003,2.06875,0.00506875,3.8125,46.94166666666667,-119.55833330000002
2009-08-29,1.612643813828779,302.2,286.5875,0.5750000000000001,233.08750000000003,1.5812499999999998,0.00792875,3.2,46.94166666666667,-119.55833330000002
2009-09-06,1.3658778574128467,299.37499999999994,281.675,0.0,215.2875,1.4362499999999998,0.0058175,3.7875,46.94166666666667,-119.55833330000002
2009-09-14,1.5729429029085806,298.8875,282.75,0.0,206.03750000000002,1.2837499999999997,0.00641625,3.4875,46.94166666666667,-119.55833330000002
2009-09-22,1.286988184472038,298.6375,281.2625,0.0,193.00000000000003,1.53375,0.00460375,3.875,46.94166666666667,-119.55833330000002
2009-09-30,1.0448441880720172,289.2875,276.5375,0.125,157.275,0.7500000000000002,0.0036399999999999996,5.262500000000001,46.94166666666667,-119.55833330000002
2009-10-08,0.8659545151312086,284.4375,273.65,1.0125000000000002,119.1375,0.52,0.0031712500000000005,3.7000000000000006,46.94166666666667,-119.55833330000002
2009-10-16,0.7724215857726736,289.92499999999995,279.4375,0.4375,97.35000000000002,0.4875,0.00626125,3.1125,46.94166666666667,-119.55833330000002
2009-10-24,0.6860998821636182,285.225,274.4125,0.7000000000000001,97.12500000000001,0.39249999999999996,0.00428375,4.6375,46.94166666666667,-119.55833330000002
2009-11-01,0.6465441349704951,283.6125,272.3375,0.1125,86.02500000000002,0.31500000000000006,0.0038837500000000005,4.225,46.94166666666667,-119.55833330000002
2009-11-09,0.5799997966946662,280.7625,270.75,0.0625,63.0125,0.22625,0.0036250000000000006,4.2125,46.94166666666667,-119.55833330000002
2009-11-17,0.48609988216361805,281.65000000000003,272.59999999999997,0.48750000000000004,46.4,0.27999999999999997,0.0037087500000000002,5.7125,46.94166666666667,-119.55833330000002
2009-11-25,0.3799997966946661,280.1875,270.9,0.7375,63.1,0.18375,0.0037525,2.6750000000000003,46.94166666666667,-119.55833330000002
2009-12-03,0.39933351913701753,268.1875,259.8,0.0,62.287499999999994,0.1375,0.0012612500000000002,3.8000000000000003,46.94166666666667,-119.55833330000002
2009-12-11,0.46654433827582903,272.375,265.52500000000003,0.8500000000000001,44.050000000000004,0.1025,0.0024275,2.0625,46.94166666666667,-119.55833330000002
2009-12-19,0.7665443382758291,275.5,268.20000000000005,0.575,50.45,0.14125000000000004,0.0028475000000000006,2.7375000000000003,46.94166666666667,-119.55833330000002
2009-12-27,0.2793333158316835,272.08000000000004,265.88,0.86,46.16000000000001,0.08800000000000001,0.002404,1.9000000000000004,46.94166666666667,-119.55833330000002
2010-01-01,0.12022202475077154,275.3,269.825,1.8875000000000002,42.8875,0.095,0.00324875,3.2875000000000005,46.94166666666667,-119.55833330000002
2010-01-09,0.07999979669466602,278.05,273.3,0.825,42.075,0.1175,0.004045,2.5124999999999997,46.94166666666667,-119.55833330000002
2010-01-17,0.18676636302660055,281.0875,272.925,1.05,61.875,0.19125000000000003,0.0042337500000000005,3.6125000000000007,46.94166666666667,-119.55833330000002
2010-01-25,0.14654413497049504,279.67499999999995,273.625,0.2,59.525000000000006,0.125,0.004320000000000001,2.025,46.94166666666667,-119.55833330000002
2010-02-02,0.20000000000000004,280.78749999999997,275.325,0.42500000000000004,76.15,0.21000000000000002,0.004292500000000001,2.35,46.94166666666667,-119.55833330000002
2010-02-10,0.20000000000000004,282.6875,273.85,0.8500000000000001,85.01249999999999,0.20375,0.00458125,2.825,46.94166666666667,-119.55833330000002
2010-02-18,0.30000000000000004,283.91249999999997,270.95000000000005,0.0,114.31250000000001,0.47125000000000006,0.00283875,3.2,46.94166666666667,-119.55833330000002
2010-02-26,0.32022202475077155,286.5,274.5125,1.625,138.4875,0.41500000000000004,0.004478750000000001,2.6500000000000004,46.94166666666667,-119.55833330000002
2010-03-06,0.4000000000000001,285.11249999999995,271.6875,0.3125,150.925,0.4675,0.0033075000000000005,4.275,46.94166666666667,-119.55833330000002
2010-03-14,0.4597777719438945,288.05,272.9625,0.23750000000000002,188.2375,0.6725,0.0030975,3.6875,46.94166666666667,-119.55833330000002
2010-03-22,0.6000000000000001,288.61249999999995,274.4375,0.1375,184.55,0.6187499999999999,0.0038375,5.0625,46.94166666666667,-119.55833330000002
2010-03-30,0.6597777719438946,285.5,272.5625,0.6375000000000001,202.2125,0.52375,0.0031550000000000003,5.675000000000001,46.94166666666667,-119.55833330000002
2010-04-07,0.7799997966946661,287.575,274.6375,0.42500000000000004,230.18750000000006,0.6225,0.0035775,4.9375,46.94166666666667,-119.55833330000002
2010-04-15,0.9465441349704952,295.375,279.575,0.0,246.13750000000005,1.0625,0.0049925,3.7874999999999996,46.94166666666667,-119.55833330000002
2010-04-23,1.1667661597212668,290.61249999999995,278.175,0.15000000000000002,237.01250000000005,0.8425,0.0038462500000000003,5.762500000000001,46.94166666666667,-119.55833330000002
2010-05-01,1.2265439316651612,288.8875,274.4125,0.0,257.775,0.70875,0.0034024999999999997,5.112500000000001,46.94166666666667,-119.55833330000002
2010-05-09,1.4874328438895832,297.2,279.35,0.0,319.4125,1.3325,0.00443375,2.9000000000000004,46.94166666666667,-119.55833330000002
2010-05-17,1.2867663630266006,291.95,277.6625,1.2875,274.07500000000005,0.8049999999999999,0.0046925,4.65,46.94166666666667,-119.55833330000002
2010-05-25,1.2724215857726737,292.91249999999997,281.33750000000003,3.0875000000000004,224.28750000000002,0.73375,0.00620125,4.25,46.94166666666667,-119.55833330000002
2010-06-02,1.3134554584188374,294.1625,281.3125,2.1,256.4375,0.70875,0.00694375,3.8125000000000004,46.94166666666667,-119.55833330000002
2010-06-10,1.5860998821636183,296.375,281.275,0.0,282.3125,1.1025,0.005786250000000001,4.0375,46.94166666666667,-119.55833330000002
2010-06-18,1.514267103008895,299.6875,284.51250000000005,0.325,287.21250000000003,1.2899999999999998,0.0073625,3.2375,46.94166666666667,-119.55833330000002
2010-06-26,1.8983767108198843,299.47499999999997,283.16249999999997,0.0,327.46250000000003,1.4675,0.0057374999999999995,4.200000000000001,46.94166666666667,-119.55833330000002
2010-07-04,2.1114651840662084,304.8875,285.95,0.0,341.76250000000005,2.1525,0.00647625,3.925,46.94166666666667,-119.55833330000002
2010-07-12,1.747500943287629,302.98749999999995,284.63750000000005,0.0,342.75,1.9287500000000002,0.005702500000000001,4.025,46.94166666666667,-119.55833330000002
2010-07-20,2.0396324049114853,306.45000000000005,287.02500000000003,0.0,332.58750000000003,2.4725,0.005798750000000001,3.075,46.94166666666667,-119.55833330000002
2010-07-28,2.358966127353837,304.775,287.86249999999995,0.9000000000000001,302.675,1.9537499999999999,0.007898750000000001,2.9875,46.94166666666667,-119.55833330000002
2010-08-05,2.0139767755547444,303.53749999999997,287.3375,0.0,286.6125,1.665,0.008645,3.7,46.94166666666667,-119.55833330000002
2010-08-13,1.8535325227478676,305.95,286.725,0.0,291.15000000000003,2.3875,0.005828750000000001,4.0125,46.94166666666667,-119.55833330000002
2010-08-21,1.7521229033035404,300.24999999999994,282.65000000000003,0.0,273.01250000000005,1.6287500000000001,0.005135000000000001,4.0,46.94166666666667,-119.55833330000002
2010-08-29,1.8918319659333873,297.1625,281.97499999999997,0.15000000000000002,223.50000000000003,1.175,0.00589,4.0625,46.94166666666667,-119.55833330000002
2010-09-06,1.8320541939894925,295.7875,281.675,0.225,201.9,0.94,0.006477500000000001,3.1625,46.94166666666667,-119.55833330000002
2010-09-14,1.4793333158316837,296.3125,283.81250000000006,1.8625000000000003,155.75,0.69375,0.008882500000000002,3.6750000000000003,46.94166666666667,-119.55833330000002
2010-09-22,1.4248439847666832,297.3125,281.6,0.1125,173.175,0.8362499999999999,0.0081075,3.4125,46.94166666666667,-119.55833330000002
2010-09-30,1.3187438992977312,296.5375,281.45000000000005,0.0,150.72500000000002,0.9625,0.00677,2.9000000000000004,46.94166666666667,-119.55833330000002
2010-10-08,1.2196322016061512,290.775,277.475,0.4375,121.93750000000001,0.5162500000000001,0.005911250000000001,3.1999999999999997,46.94166666666667,-119.55833330000002
2010-10-16,1.0335323194425332,289.8875,274.28749999999997,0.8125,129.275,0.6837500000000001,0.0039250000000000005,2.175,46.94166666666667,-119.55833330000002
2010-10-24,0.9196322016061512,284.7375,277.1125,1.1875,77.675,0.25,0.00541125,4.3500000000000005,46.94166666666667,-119.55833330000002
2010-11-01,0.9000766577183621,287.3125,275.7625,0.55,78.15,0.39625000000000005,0.005065,3.4999999999999996,46.94166666666667,-119.55833330000002
2010-11-09,0.7798546329675906,281.975,273.1125,0.6000000000000001,60.712500000000006,0.20625,0.004367500000000001,4.0875,46.94166666666667,-119.55833330000002
2010-11-17,0.6396324049114851,273.33750000000003,265.425,0.1625,54.775000000000006,0.11875,0.00296875,3.7500000000000004,46.94166666666667,-119.55833330000002
2010-11-25,0.40506560290678656,270.5125,264.9624999999999,1.1,49.275000000000006,0.0,0.0030475000000000007,1.875,46.94166666666667,-119.55833330000002
2010-12-03,0.24654413497049504,274.4,267.875,0.675,55.087500000000006,0.06875,0.0030525,3.3625000000000003,46.94166666666667,-119.55833330000002
2010-12-11,0.17286624519021854,276.1125,269.15,2.0875,47.375,0.049999999999999996,0.0037075000000000007,4.3375,46.94166666666667,-119.55833330000002
2010-12-19,0.086099882163618,275.15000000000003,269.67499999999995,1.1125,49.725,0.08625,0.00322875,2.9125,46.94166666666667,-119.55833330000002
2010-12-27,0.086099882163618,273.68,265.46000000000004,1.9600000000000002,55.54,0.136,0.0024700000000000004,4.0200000000000005,46.94166666666667,-119.55833330000002
2011-01-01,0.086099882163618,269.41249999999997,262.1625,0.25,50.875,0.0575,0.00210375,1.85,46.94166666666667,-119.55833330000002
2011-01-09,0.16609967885828403,275.825,269.0875,1.525,42.225,0.11375,0.0032537500000000006,4.3,46.94166666666667,-119.55833330000002
2011-01-17,0.30000000000000004,278.525,271.7875,0.125,54.262499999999996,0.15624999999999997,0.00369375,4.1625000000000005,46.94166666666667,-119.55833330000002
2011-01-25,0.24654413497049504,279.91249999999997,271.8125,0.17500000000000002,64.45,0.21625,0.0036825000000000004,3.2125000000000004,46.94166666666667,-119.55833330000002
2011-02-02,0.30000000000000004,278.875,270.11249999999995,0.0,70.375,0.29750000000000004,0.00271,3.4250000000000003,46.94166666666667,-119.55833330000002
2011-02-10,0.2597777719438945,283.0375,271.63750000000005,0.225,96.28750000000001,0.37,0.0034600000000000004,4.575,46.94166666666667,-119.55833330000002
2011-02-18,0.32632211021972357,276.75,266.825,0.05,99.72500000000001,0.23875000000000005,0.0023975000000000003,4.95,46.94166666666667,-119.55833330000002
2011-02-26,0.2597777719438945,280.15,267.9125,0.42500000000000004,106.93750000000001,0.24875000000000003,0.00310375,4.737500000000001,46.94166666666667,-119.55833330000002
2011-03-06,0.30000000000000004,284.65,271.9375,1.85,141.9375,0.385,0.0037137500000000005,4.6,46.94166666666667,-119.55833330000002
2011-03-14,0.38609988216361807,285.575,273.05,0.675,156.98750000000004,0.39375000000000004,0.004065000000000001,4.7125,46.94166666666667,-119.55833330000002
2011-03-22,0.5,286.3125,273.45,0.275,189.62500000000003,0.46375000000000005,0.0038912500000000006,4.4875,46.94166666666667,-119.55833330000002
2011-03-30,0.6263221102197236,287.4875,275.675,0.25,165.6625,0.46,0.004753749999999999,6.487500000000001,46.94166666666667,-119.55833330000002
2011-04-07,0.752644220439447,286.2375,271.8,0.1875,206.48750000000004,0.5112500000000001,0.0033550000000000003,4.625,46.94166666666667,-119.55833330000002
2011-04-15,0.9526442204394472,286.125,271.90000000000003,0.275,239.4625,0.50375,0.00343375,4.15,46.94166666666667,-119.55833330000002
2011-04-23,1.1124219923833416,288.6125,272.7125,0.5,264.37500000000006,0.6074999999999999,0.003652500000000001,5.199999999999999,46.94166666666667,-119.55833330000002
2011-05-01,1.3124219923833418,289.8125,275.775,0.525,244.9,0.66,0.004265,4.062500000000001,46.94166666666667,-119.55833330000002
2011-05-09,1.5326440171341134,295.15000000000003,278.375,2.525,276.9375,0.93125,0.00550625,4.8125,46.94166666666667,-119.55833330000002
2011-05-17,1.7735327260532012,294.6875,278.7,0.08750000000000001,318.5,0.9737500000000001,0.0050100000000000006,3.2375,46.94166666666667,-119.55833330000002
2011-05-25,1.753532522747867,293.15,278.6625,2.0625,289.7,0.8125,0.0052825,4.3125,46.94166666666667,-119.55833330000002
2011-06-02,1.6538995079203804,296.48749999999995,280.58750000000003,0.5750000000000001,295.57500000000005,0.9875,0.006451250000000001,3.9125,46.94166666666667,-119.55833330000002
2011-06-10,1.7067655498052645,296.9875,280.4875,0.1625,339.8125,1.0325,0.006226250000000001,4.500000000000001,46.94166666666667,-119.55833330000002
2011-06-18,1.9267657531105988,298.775,282.3625,0.0,328.07500000000005,1.2537500000000001,0.00650125,4.3,46.94166666666667,-119.55833330000002
2011-06-26,1.8528660418848848,300.90000000000003,283.84999999999997,0.0,339.7,1.5362500000000001,0.006455000000000001,4.125,46.94166666666667,-119.55833330000002
2011-07-04,1.986321703609056,302.3,284.05,0.0,340.15000000000003,1.8487500000000001,0.0055725,3.3125,46.94166666666667,-119.55833330000002
2011-07-12,1.8585214679362916,300.5,285.25,0.05,287.76250000000005,1.3074999999999999,0.00795375,3.725,46.94166666666667,-119.55833330000002
2011-07-20,2.0396324049114853,301.425,283.66249999999997,0.75,306.62500000000006,1.5262499999999999,0.006866250000000001,4.175000000000001,46.94166666666667,-119.55833330000002
2011-07-28,1.9667661597212667,304.6375,286.5,0.0,316.9625,2.02,0.0068625000000000005,3.1125000000000007,46.94166666666667,-119.55833330000002
2011-08-05,2.2997096725458492,303.65,284.46250000000003,0.0,304.9625,1.7225000000000004,0.0073124999999999996,3.5875000000000004,46.94166666666667,-119.55833330000002
2011-08-13,2.0588209636267614,302.65000000000003,284.0,0.0,289.0625,1.8475000000000001,0.00564,3.55,46.94166666666667,-119.55833330000002
2011-08-21,1.7591879487992743,307.7625,288.97499999999997,0.0,271.675,2.57125,0.007038750000000002,3.2375000000000007,46.94166666666667,-119.55833330000002
2011-08-29,1.6611107336698598,301.25,282.5,0.0,248.96250000000003,1.72,0.0052925,3.5250000000000004,46.94166666666667,-119.55833330000002
2011-09-06,1.7268434273556306,308.3125,287.1625,0.0,233.0625,3.02,0.0041,3.225,46.94166666666667,-119.55833330000002
2011-09-14,1.4185987355706557,298.475,281.0125,0.0,189.51250000000002,1.28,0.0058025,3.875,46.94166666666667,-119.55833330000002
2011-09-22,1.3192652164336383,299.8875,282.5375,0.0,165.37500000000003,1.5462500000000001,0.0058075,4.8875,46.94166666666667,-119.55833330000002
2011-09-30,1.1783765075145503,294.11249999999995,280.7875,1.175,135.89999999999998,0.9025000000000001,0.005986250000000001,3.7125000000000004,46.94166666666667,-119.55833330000002
2011-10-08,1.1246988210396076,289.1,277.0,0.3875,117.4625,0.4275,0.00568,3.475,46.94166666666667,-119.55833330000002
2011-10-16,1.1990431916828668,291.075,276.6,0.07500000000000001,120.66250000000002,0.49250000000000005,0.0059325,3.0375000000000005,46.94166666666667,-119.55833330000002
2011-10-24,0.9859547184365427,285.825,272.175,0.0,103.58749999999999,0.42,0.0038562500000000007,3.475,46.94166666666667,-119.55833330000002
2011-11-01,0.9596326082168192,282.3625,270.45,0.05,86.9625,0.40124999999999994,0.002821250000000001,3.0250000000000004,46.94166666666667,-119.55833330000002
2011-11-09,0.7528660418848846,283.1625,271.02500000000003,0.11250000000000002,76.55,0.42,0.00299875,5.2125,46.94166666666667,-119.55833330000002
2011-11-17,0.5799997966946662,279.2875,271.09999999999997,0.36250000000000004,50.85000000000001,0.19625,0.00365875,5.1625000000000005,46.94166666666667,-119.55833330000002
2011-11-25,0.5667661597212665,281.3,271.66249999999997,0.0,61.425000000000004,0.3275,0.0031737500000000004,3.9875,46.94166666666667,-119.55833330000002
2011-12-03,0.5660996788582842,274.925,266.6,0.0,64.75000000000001,0.1625,0.002435,1.9375,46.94166666666667,-119.55833330000002
2011-12-11,0.9408887089190882,274.04999999999995,267.075,0.05,49.53750000000001,0.08375,0.00281125,1.7625000000000002,46.94166666666667,-119.55833330000002
2011-12-19,0.8937547508039726,274.4375,267.3625,0.1,49.275,0.11374999999999999,0.002705,2.6500000000000004,46.94166666666667,-119.55833330000002
2011-12-27,0.5856552227460731,281.14,273.38,0.78,45.800000000000004,0.202,0.004206,5.48,46.94166666666667,-119.55833330000002
2012-01-01,0.20632190691438954,280.225,271.325,0.0,52.37500000000001,0.27625,0.0032100000000000006,3.6999999999999997,46.94166666666667,-119.55833330000002
2012-01-09,0.30000000000000004,276.7,267.375,0.0625,60.93750000000001,0.27125,0.00214125,2.95,46.94166666666667,-119.55833330000002
2012-01-17,0.20632190691438954,274.5,267.9875,1.9500000000000002,51.0,0.09250000000000003,0.00291375,3.9125000000000005,46.94166666666667,-119.55833330000002
2012-01-25,0.24654413497049504,277.9875,270.6125,0.30000000000000004,67.86250000000001,0.1625,0.0034137500000000006,4.2875000000000005,46.94166666666667,-119.55833330000002
2012-02-02,0.30000000000000004,279.15000000000003,269.625,0.11250000000000002,84.30000000000001,0.21375,0.003135,3.2625,46.94166666666667,-119.55833330000002
2012-02-10,0.2597777719438945,281.0375,272.27500000000003,1.1,70.20000000000002,0.23249999999999998,0.003775,2.2,46.94166666666667,-119.55833330000002
2012-02-18,0.2597777719438945,282.6625,273.0125,0.42499999999999993,93.1125,0.35250000000000004,0.0035262500000000007,6.074999999999999,46.94166666666667,-119.55833330000002
2012-02-26,0.30000000000000004,282.20000000000005,269.3125,0.4,124.8625,0.325,0.00320125,4.6499999999999995,46.94166666666667,-119.55833330000002
2012-03-05,0.3465441349704951,285.725,271.21250000000003,0.21250000000000002,159.425,0.55,0.0029387500000000004,5.3125,46.94166666666667,-119.55833330000002
2012-03-13,0.4000000000000001,284.47499999999997,272.4625,0.3125,155.1125,0.41375,0.0035662500000000004,6.2,46.94166666666667,-119.55833330000002
2012-03-21,0.41955554388778904,286.8625,273.0625,1.1625,187.0625,0.505,0.0037925000000000003,4.05,46.94166666666667,-119.55833330000002
2012-03-29,0.5867663630266007,286.3625,274.525,1.4250000000000003,163.325,0.44000000000000006,0.00429125,5.300000000000001,46.94166666666667,-119.55833330000002
2012-04-06,0.7465441349704951,291.07500000000005,275.6875,0.1375,231.5875,0.8612500000000001,0.0036112500000000007,3.7375000000000003,46.94166666666667,-119.55833330000002
2012-04-14,0.9867663630266006,290.95,276.03749999999997,0.47500000000000003,222.90000000000003,0.72375,0.00441625,4.1000000000000005,46.94166666666667,-119.55833330000002
2012-04-22,1.2472106158334777,296.6875,280.6,1.425,276.3,1.1275,0.005883750000000001,4.0875,46.94166666666667,-119.55833330000002
2012-04-30,1.3202220247507717,289.59999999999997,275.59999999999997,0.1625,252.3,0.65625,0.0042137500000000005,5.000000000000001,46.94166666666667,-119.55833330000002
2012-05-08,1.65331070130243,298.1625,279.92499999999995,0.0,343.4125,1.6337500000000003,0.00351875,2.8750000000000004,46.94166666666667,-119.55833330000002
2012-05-16,1.4613325551152971,294.8375,280.5625,0.36250000000000004,266.5625,1.12,0.004582500000000001,4.55,46.94166666666667,-119.55833330000002
2012-05-24,1.3406658709469808,295.70000000000005,279.8375,0.0,279.5125,1.1687500000000002,0.00453875,4.862500000000001,46.94166666666667,-119.55833330000002
2012-06-01,1.4858770441915108,293.4,280.1875,2.5375000000000005,224.0375,0.6612500000000001,0.006791250000000001,4.575,46.94166666666667,-119.55833330000002
2012-06-09,1.7721997643272362,298.07499999999993,280.9875,0.0,317.7,1.27125,0.00552875,4.675,46.94166666666667,-119.55833330000002
2012-06-17,1.8715332834642535,298.32500000000005,282.35,0.41250000000000003,301.13750000000005,1.25375,0.006255,4.8500000000000005,46.94166666666667,-119.55833330000002
2012-06-25,2.0791881521046083,300.0125,283.8,2.575,290.7875,1.325,0.007155,4.0625,46.94166666666667,-119.55833330000002
2012-07-03,2.0066888920869026,305.4875,286.8625,0.0,341.01250000000005,2.24625,0.007128750000000001,3.525,46.94166666666667,-119.55833330000002
2012-07-11,2.1184444036072616,307.51250000000005,290.5625,0.7625,327.08750000000003,2.215,0.009693750000000001,2.9375,46.94166666666667,-119.55833330000002
2012-07-19,2.3044767962888364,304.6625,287.5,2.0875000000000004,314.96250000000003,1.94625,0.007991250000000002,3.3000000000000003,46.94166666666667,-119.55833330000002
2012-07-27,2.4791881521046086,304.54999999999995,286.32500000000005,0.0,318.38749999999993,1.98,0.0069812500000000005,3.5625,46.94166666666667,-119.55833330000002
2012-08-04,2.2846217567105778,308.6,289.0625,0.0,300.875,2.66125,0.007495,3.1875,46.94166666666667,-119.55833330000002
2012-08-12,2.2698333365657755,308.75,289.72499999999997,0.0,289.025,2.7787499999999996,0.00710375,3.0875000000000004,46.94166666666667,-119.55833330000002
2012-08-20,2.243511226346052,302.93750000000006,283.775,0.0,276.57500000000005,1.8575000000000002,0.00602,4.112500000000001,46.94166666666667,-119.55833330000002
2012-08-28,2.1380776217400825,300.225,281.7625,0.0,257.38750000000005,1.5325000000000002,0.005340000000000001,3.3375,46.94166666666667,-119.55833330000002
2012-09-05,1.5405892132286185,300.225,282.725,0.0,234.57500000000002,1.7425,0.004601250000000001,3.3875000000000006,46.94166666666667,-119.55833330000002
2012-09-13,1.4528660418848847,304.3625,283.725,0.0,214.18750000000003,2.37,0.00368,2.7750000000000004,46.94166666666667,-119.55833330000002
2012-09-21,1.3330110023066262,301.05,282.7625,0.0,181.7375,1.6249999999999998,0.005655,2.5375000000000005,46.94166666666667,-119.55833330000002
2012-09-29,1.2599995933893322,294.4875,277.65000000000003,0.0,178.825,1.1725,0.0038237500000000008,3.9875000000000003,46.94166666666667,-119.55833330000002
2012-10-07,1.1667661597212668,295.5625,278.34999999999997,0.1125,138.56250000000003,1.10125,0.004483750000000001,2.95,46.94166666666667,-119.55833330000002
2012-10-15,1.0806662775576488,289.1,276.18749999999994,1.575,119.92500000000001,0.555,0.004880000000000001,5.450000000000001,46.94166666666667,-119.55833330000002
2012-10-23,0.8002218214454376,285.03749999999997,273.9375,1.8750000000000002,85.06250000000001,0.17125,0.005645000000000001,3.3750000000000004,46.94166666666667,-119.55833330000002
2012-10-31,0.5863217036090556,290.1375,280.5,0.1625,74.7,0.40625,0.0069575,3.675,46.94166666666667,-119.55833330000002
2012-11-08,0.6528660418848846,281.3125,273.1375,1.8375000000000001,55.4375,0.25875000000000004,0.0038137500000000007,2.2625,46.94166666666667,-119.55833330000002
2012-11-16,0.6465441349704951,282.27500000000003,274.35,1.6375,47.175,0.15375,0.004889999999999999,4.45,46.94166666666667,-119.55833330000002
2012-11-24,0.5465441349704951,280.45000000000005,272.11250000000007,0.5750000000000001,60.3625,0.18625000000000003,0.0040375,3.0125,46.94166666666667,-119.55833330000002
2012-12-02,0.5930882699409901,281.725,274.15,1.775,45.287499999999994,0.25875000000000004,0.0040975,5.312500000000001,46.94166666666667,-119.55833330000002
2012-12-10,0.7002218214454377,279.225,271.3375,2.225,47.737500000000004,0.18249999999999997,0.0035675000000000004,4.0,46.94166666666667,-119.55833330000002
2012-12-18,0.9604442528068771,276.3125,270.2875,1.2000000000000002,44.725,0.125,0.0032725000000000002,4.137500000000001,46.94166666666667,-119.55833330000002
2012-12-26,0.27955513727712106,273.35,267.7,0.35000000000000003,48.75,0.03833333333333333,0.0030650000000000004,1.7000000000000004,46.94166666666667,-119.55833330000002
2013-01-01,0.11955554388778902,273.2125,266.65,0.8250000000000001,48.225,0.08374999999999999,0.00266875,2.4125000000000005,46.94166666666667,-119.55833330000002
2013-01-09,0.30000000000000004,274.35,266.825,0.0,62.33749999999999,0.135,0.0025925,3.2375000000000003,46.94166666666667,-119.55833330000002
2013-01-17,0.2597777719438945,271.1375,262.975,0.037500000000000006,74.06250000000001,0.05625,0.0022425000000000006,1.6500000000000004,46.94166666666667,-119.55833330000002
2013-01-25,0.30000000000000004,277.9875,270.775,0.037500000000000006,67.53750000000001,0.12875,0.0036100000000000004,3.1375,46.94166666666667,-119.55833330000002
2013-02-02,0.32632211021972357,281.25,271.38750000000005,0.0,94.8375,0.23125,0.003700000000000001,2.9000000000000004,46.94166666666667,-119.55833330000002
2013-02-10,0.32632211021972357,282.33750000000003,271.6875,0.0,100.1625,0.3275,0.003405,3.15,46.94166666666667,-119.55833330000002
2013-02-18,0.3597777719438946,281.875,271.1,0.1625,93.65,0.36625,0.002955,4.362500000000001,46.94166666666667,-119.55833330000002
2013-02-26,0.3597777719438946,285.66249999999997,271.97499999999997,0.37500000000000006,124.1625,0.46875,0.0035525000000000005,4.300000000000001,46.94166666666667,-119.55833330000002
2013-03-06,0.4597777719438945,286.7,274.325,1.4125,141.0375,0.48874999999999996,0.00405125,3.4625,46.94166666666667,-119.55833330000002
2013-03-14,0.5597777719438946,287.225,273.7625,0.25,169.53750000000002,0.57125,0.0037175000000000003,6.0625,46.94166666666667,-119.55833330000002
2013-03-22,0.672199764327236,286.525,273.2,0.0,184.21250000000003,0.6050000000000001,0.00320125,2.65,46.94166666666667,-119.55833330000002
2013-03-30,0.9124219923833417,292.8125,278.8125,0.17500000000000002,204.53750000000002,0.82625,0.005085,4.025,46.94166666666667,-119.55833330000002
2013-04-07,1.1255104656296657,287.4,274.7375,0.5625,196.16250000000002,0.5425,0.0039825,5.0625,46.94166666666667,-119.55833330000002
2013-04-15,1.2728662451902188,287.875,274.0,0.1125,224.32500000000005,0.60375,0.00364625,4.4125,46.94166666666667,-119.55833330000002
2013-04-23,1.4667661597212667,292.96250000000003,276.4125,0.0,275.71250000000003,1.05375,0.0034487500000000004,5.0,46.94166666666667,-119.55833330000002
2013-05-01,1.8724992600177057,298.875,279.925,0.0,331.1,1.6300000000000001,0.0038075,3.575,46.94166666666667,-119.55833330000002
2013-05-09,1.5863217036090558,300.59999999999997,284.4875,0.0,303.6875,1.8062500000000001,0.0050475,3.8625000000000003,46.94166666666667,-119.55833330000002
2013-05-17,1.6316872088169798,293.4375,279.5125,1.6750000000000003,256.52500000000003,0.8862500000000001,0.0052162499999999995,3.6375,46.94166666666667,-119.55833330000002
2013-05-25,1.3473557795605533,293.57499999999993,278.7375,1.1875,258.05,0.79375,0.005617500000000001,3.4750000000000005,46.94166666666667,-119.55833330000002
2013-06-02,1.6178555969893111,301.68749999999994,284.3,0.0,357.8125,1.68375,0.0061487500000000014,3.8750000000000004,46.94166666666667,-119.55833330000002
2013-06-10,1.5049889451884246,299.3125,281.675,0.0625,346.79999999999995,1.535,0.0049375,3.8125000000000004,46.94166666666667,-119.55833330000002
2013-06-18,1.3917542916883552,295.5,283.2125,3.9750000000000005,233.0,0.87375,0.007170000000000001,3.7375000000000007,46.94166666666667,-119.55833330000002
2013-06-26,2.184766920437653,307.7125,290.3125,0.1125,313.07500000000005,2.35125,0.009474999999999999,3.4375,46.94166666666667,-119.55833330000002
2013-07-04,2.0256556293567414,304.66249999999997,287.2,0.0,346.57500000000005,2.0825000000000005,0.0067825,3.5375,46.94166666666667,-119.55833330000002
2013-07-12,2.026244435974692,305.16249999999997,285.91249999999997,0.0,323.8625,2.375,0.005121250000000001,3.3875,46.94166666666667,-119.55833330000002
2013-07-20,2.39308826994099,308.875,288.87500000000006,0.0,336.71250000000003,3.0825,0.004891250000000001,3.3500000000000005,46.94166666666667,-119.55833330000002
2013-07-28,2.152866041884885,304.8125,287.6875,0.9375000000000001,272.4125,2.0725,0.00720375,3.2125000000000004,46.94166666666667,-119.55833330000002
2013-08-05,2.299854836272925,307.75,289.4625,0.1125,285.925,2.44625,0.00804,2.7750000000000004,46.94166666666667,-119.55833330000002
2013-08-13,1.805655426051407,305.8125,288.15,0.0,272.15000000000003,2.12875,0.007859999999999999,3.375,46.94166666666667,-119.55833330000002
2013-08-21,1.9920548039054948,303.525,286.8625,0.4,241.77500000000003,1.8375000000000001,0.00735,3.325,46.94166666666667,-119.55833330000002
2013-08-29,1.9794876477950778,305.925,288.3625,0.125,234.425,2.0125,0.008681250000000001,3.7125000000000004,46.94166666666667,-119.55833330000002
2013-09-06,1.9662540108216784,303.7125,286.7,0.9,201.63750000000002,1.59125,0.009240000000000002,2.9625000000000004,46.94166666666667,-119.55833330000002
2013-09-14,1.6394872411844097,300.1125,284.3625,1.0375,196.00000000000003,1.3887499999999997,0.007333750000000002,4.125,46.94166666666667,-119.55833330000002
2013-09-22,1.3590427850721987,291.15,278.375,0.7000000000000001,117.53750000000001,0.46875,0.006597500000000001,5.3500000000000005,46.94166666666667,-119.55833330000002
2013-09-30,0.9589661273538367,290.65,276.45,0.1125,152.3625,0.65875,0.00474,4.2250000000000005,46.94166666666667,-119.55833330000002
2013-10-08,0.9457324903804372,288.3625,275.88750000000005,0.05,136.41250000000002,0.585,0.004200000000000001,2.6125,46.94166666666667,-119.55833330000002
2013-10-16,0.8404440495015432,291.40000000000003,276.125,0.0,139.45,0.7275,0.004505,1.6,46.94166666666667,-119.55833330000002
2013-10-24,0.8798546329675906,286.725,272.9125,0.037500000000000006,109.48750000000001,0.4675,0.004132500000000001,3.7750000000000004,46.94166666666667,-119.55833330000002
2013-11-01,0.79308826994099,284.1375,275.1,1.5625,66.60000000000001,0.38625000000000004,0.0040212500000000005,4.425000000000001,46.94166666666667,-119.55833330000002
2013-11-09,0.6528660418848846,284.65,274.6625,0.05,64.7,0.35250000000000004,0.004315,3.7750000000000004,46.94166666666667,-119.55833330000002
2013-11-17,0.5667661597212665,277.9875,267.40000000000003,0.037500000000000006,60.70000000000001,0.28125,0.0025175,3.900000000000001,46.94166666666667,-119.55833330000002
2013-11-25,0.4528660418848846,279.025,269.875,0.1875,56.1625,0.24375,0.00305125,2.8000000000000003,46.94166666666667,-119.55833330000002
2013-12-03,0.4660996788582841,268.48749999999995,260.525,0.0,48.5625,0.11624999999999999,0.00145125,3.7249999999999996,46.94166666666667,-119.55833330000002
2013-12-11,0.5263221102197235,277.1125,269.21250000000003,0.0,54.362500000000004,0.13375,0.0032175000000000003,2.2625,46.94166666666667,-119.55833330000002
2013-12-19,0.7402222280561056,276.125,269.425,0.1875,45.62500000000001,0.11125,0.00322375,2.5875000000000004,46.94166666666667,-119.55833330000002
2013-12-27,0.5258774508021786,276.56,269.14,0.16,47.6,0.11400000000000002,0.003232,2.4400000000000004,46.94166666666667,-119.55833330000002
2014-01-01,0.2993335191370175,276.11249999999995,267.025,0.23750000000000002,48.525000000000006,0.145,0.002825,2.5125,46.94166666666667,-119.55833330000002
2014-01-09,0.22632211021972354,283.34999999999997,272.675,0.08750000000000001,53.587500000000006,0.32125000000000004,0.00392,6.1,46.94166666666667,-119.55833330000002
2014-01-17,0.14587765410751252,273.3625,270.12499999999994,0.0,72.2125,0.07375,0.00309,1.7750000000000001,46.94166666666667,-119.55833330000002
2014-01-25,0.15977777194389453,273.9125,268.875,0.9500000000000001,61.050000000000004,0.04625,0.00328,2.1625,46.94166666666667,-119.55833330000002
2014-02-02,0.20000000000000004,269.175,261.7125,0.35,61.97500000000001,0.06374999999999999,0.00196875,4.3875,46.94166666666667,-119.55833330000002
2014-02-10,0.20000000000000004,281.1375,271.1625,1.7250000000000003,87.82499999999999,0.2725,0.0035875000000000004,5.05,46.94166666666667,-119.55833330000002
2014-02-18,0.20000000000000004,279.225,271.77500000000003,0.275,84.4,0.27749999999999997,0.00307375,4.987500000000001,46.94166666666667,-119.55833330000002
2014-02-26,0.2597777719438945,279.27500000000003,269.9,1.7125,76.6125,0.27875000000000005,0.0031337500000000007,3.9875000000000003,46.94166666666667,-119.55833330000002
2014-03-06,0.32632211021972357,288.4625,274.725,0.0625,148.125,0.5125000000000001,0.004508750000000001,4.5125,46.94166666666667,-119.55833330000002
2014-03-14,0.3597777719438946,287.8125,273.625,0.08750000000000001,161.91250000000002,0.6762500000000001,0.003131250000000001,5.225,46.94166666666667,-119.55833330000002
2014-03-22,0.44587765410751257,287.7,273.66249999999997,0.8625,177.075,0.6275000000000001,0.0034012500000000006,4.0875,46.94166666666667,-119.55833330000002
2014-03-30,0.5860998821636181,289.7,274.5125,0.0,216.2375,0.7262500000000001,0.003585,4.6875,46.94166666666667,-119.55833330000002
2014-04-07,0.786099882163618,293.0125,275.5875,0.0,270.7375,1.0225,0.0033175,3.9375000000000004,46.94166666666667,-119.55833330000002
2014-04-15,0.9860998821636181,289.83750000000003,277.13750000000005,1.0875000000000001,212.1,0.72875,0.0040875,4.9624999999999995,46.94166666666667,-119.55833330000002
2014-04-23,1.2124219923833417,291.05,276.59999999999997,0.5875000000000001,239.125,0.8625,0.0037337499999999997,5.0,46.94166666666667,-119.55833330000002
2014-05-01,1.225655629356741,295.65,280.0625,0.6875,268.06250000000006,1.21,0.0044025,4.675000000000001,46.94166666666667,-119.55833330000002
2014-05-09,1.3528660418848848,297.275,279.7125,0.0,315.3375,1.36375,0.004418750000000001,3.2750000000000004,46.94166666666667,-119.55833330000002
2014-05-17,1.3995553405824552,298.8875,282.175,0.037500000000000006,309.38750000000005,1.43,0.005240000000000001,3.4625000000000004,46.94166666666667,-119.55833330000002
2014-05-25,1.4799997966946663,297.7375,280.8375,0.1,335.4375,1.4162500000000002,0.00436875,3.8625000000000003,46.94166666666667,-119.55833330000002
2014-06-02,1.6397775686385607,301.5375,284.525,0.0,364.45,1.84125,0.00498,3.6625,46.94166666666667,-119.55833330000002
2014-06-10,1.5988888597194726,296.0125,282.425,0.7500000000000001,271.45000000000005,1.22125,0.005107500000000001,4.762500000000001,46.94166666666667,-119.55833330000002
2014-06-18,1.6924217890780078,300.96250000000003,283.175,0.0,343.5375,1.6937500000000003,0.00524375,3.3750000000000004,46.94166666666667,-119.55833330000002
2014-06-26,1.6847669204376532,302.225,285.975,0.125,291.7,1.7224999999999997,0.006853750000000001,4.3875,46.94166666666667,-119.55833330000002
2014-07-04,1.8374111408771003,307.3,289.2125,0.0,335.8625,2.6825000000000006,0.006032500000000001,3.4125000000000005,46.94166666666667,-119.55833330000002
2014-07-12,1.8326440171341132,309.7375,290.55,0.0,332.81250000000006,3.09625,0.00639125,4.125,46.94166666666667,-119.55833330000002
2014-07-20,2.010055564621881,301.59999999999997,284.5125,0.41250000000000003,273.71250000000003,1.6,0.00671625,4.05,46.94166666666667,-119.55833330000002
2014-07-28,2.364921049095713,310.3375,290.4875,0.0,310.86250000000007,3.31125,0.005593750000000001,3.3375,46.94166666666667,-119.55833330000002
2014-08-05,2.1181540761531106,307.38750000000005,288.3875,0.15000000000000002,297.6,2.6,0.0063700000000000015,3.5999999999999996,46.94166666666667,-119.55833330000002
2014-08-13,2.32536530190259,302.7875,288.725,1.2375,255.35000000000002,1.4375,0.009940000000000003,3.0625,46.94166666666667,-119.55833330000002
2014-08-21,1.9389659240485027,302.25,286.1125,0.0,255.4125,1.5575,0.0078575,3.1875,46.94166666666667,-119.55833330000002
2014-08-29,2.0588209636267614,299.36249999999995,283.1375,0.0,241.55,1.3050000000000002,0.006561249999999999,4.5249999999999995,46.94166666666667,-119.55833330000002
2014-09-06,1.7246988210396077,299.025,280.325,0.0,234.375,1.6099999999999999,0.00393875,4.0625,46.94166666666667,-119.55833330000002
2014-09-14,1.711465184066208,301.9,283.625,0.0,193.08749999999998,1.79125,0.005366250000000001,3.1125000000000003,46.94166666666667,-119.55833330000002
2014-09-22,1.3852882375735602,296.0375,283.8,0.6125,148.35000000000002,0.8525,0.007886250000000001,3.6,46.94166666666667,-119.55833330000002
2014-09-30,1.3396324049114852,297.0375,280.2625,0.0,171.18750000000003,1.1900000000000002,0.005381250000000001,3.425,46.94166666666667,-119.55833330000002
2014-10-08,1.2389659240485027,294.40000000000003,280.0625,0.35000000000000003,131.4,0.9325000000000001,0.00543625,4.1875,46.94166666666667,-119.55833330000002
2014-10-16,1.1728662451902188,289.97499999999997,279.325,1.25,95.36250000000001,0.3625,0.0068825000000000015,4.1,46.94166666666667,-119.55833330000002
2014-10-24,1.072199764327236,285.77500000000003,278.1875,1.2375,76.1125,0.21125000000000002,0.006273750000000001,3.675,46.94166666666667,-119.55833330000002
2014-11-01,1.0124219923833415,287.725,277.66249999999997,0.4,69.17500000000001,0.42750000000000005,0.005361250000000001,3.8625000000000003,46.94166666666667,-119.55833330000002
2014-11-09,0.9860998821636181,277.1875,265.85,0.0,81.16250000000001,0.3275,0.0019075000000000003,4.95,46.94166666666667,-119.55833330000002
2014-11-17,0.7326440171341131,276.5375,268.02500000000003,1.0250000000000001,55.58750000000002,0.16125,0.0029300000000000003,3.0999999999999996,46.94166666666667,-119.55833330000002
2014-11-25,0.532644017134113,276.9875,267.33750000000003,0.625,47.5875,0.09125,0.0044225,4.962500000000001,46.94166666666667,-119.55833330000002
2014-12-03,0.5721997643272361,277.4875,272.15000000000003,1.3000000000000003,37.1,0.14250000000000002,0.0036625000000000004,2.4875000000000003,46.94166666666667,-119.55833330000002
2014-12-11,0.9263221102197237,279.17499999999995,273.2375,0.675,43.7375,0.14625,0.004130000000000001,2.975,46.94166666666667,-119.55833330000002
2014-12-19,0.8665443382758291,281.4625,273.00000000000006,1.5375,39.4125,0.21000000000000002,0.00414625,3.8374999999999995,46.94166666666667,-119.55833330000002
2014-12-27,0.6258774508021786,273.91999999999996,265.64,0.3,33.68,0.134,0.0025840000000000004,4.260000000000001,46.94166666666667,-119.55833330000002
2015-01-01,0.41955554388778904,274.1625,267.3125,0.375,44.1875,0.08875,0.00290625,1.8375000000000004,46.94166666666667,-119.55833330000002
2015-01-09,0.2597777719438945,275.875,271.5125,0.5,49.8875,0.12875,0.0033050000000000006,1.7000000000000002,46.94166666666667,-119.55833330000002
2015-01-17,0.30000000000000004,277.82500000000005,271.5125,1.8875,51.18750000000001,0.15125000000000002,0.0035787500000000003,2.6375,46.94166666666667,-119.55833330000002
2015-01-25,0.2597777719438945,277.07500000000005,273.56250000000006,0.1,73.25,0.06874999999999999,0.0042450000000000005,1.9500000000000002,46.94166666666667,-119.55833330000002
2015-02-02,0.2458776541075125,282.55,276.325,1.5125,52.85,0.205,0.0050662500000000004,3.2125000000000004,46.94166666666667,-119.55833330000002
2015-02-10,0.30000000000000004,286.4375,274.75,0.0,101.96249999999999,0.3862500000000001,0.004633750000000001,2.7125000000000004,46.94166666666667,-119.55833330000002
2015-02-18,0.33955574719312304,284.4375,270.775,0.0,126.05000000000001,0.50375,0.0027450000000000005,2.875,46.94166666666667,-119.55833330000002
2015-02-26,0.3597777719438946,284.0875,270.2625,0.21250000000000002,140.8375,0.52125,0.0024975000000000006,3.1499999999999995,46.94166666666667,-119.55833330000002
2015-03-06,0.439555747193123,292.43750000000006,274.4125,0.0,170.06250000000003,0.8674999999999999,0.00382,2.4,46.94166666666667,-119.55833330000002
2015-03-14,0.5519777395764646,289.0125,276.27500000000003,1.3625,157.66250000000002,0.52,0.0050175,4.1875,46.94166666666667,-119.55833330000002
2015-03-22,0.8324221956886756,290.23749999999995,277.3875,1.2500000000000002,157.7125,0.6512500000000001,0.00485125,4.0125,46.94166666666667,-119.55833330000002
2015-03-30,0.9519777395764647,287.6375,273.71250000000003,0.8,214.07500000000005,0.62125,0.003428750000000001,3.725,46.94166666666667,-119.55833330000002
2015-04-07,1.1850664161281226,288.84999999999997,274.70000000000005,0.0,197.88750000000002,0.66375,0.0036762500000000003,4.8500000000000005,46.94166666666667,-119.55833330000002
2015-04-15,1.491832982460057,294.925,275.82500000000005,0.0,291.15,1.19125,0.0032862500000000005,2.7375,46.94166666666667,-119.55833330000002
2015-04-23,1.4782998497961881,292.6625,275.9625,0.037500000000000006,261.7625,0.9412499999999999,0.00384875,4.1125,46.94166666666667,-119.55833330000002
2015-05-01,1.6046219600159117,295.65000000000003,277.325,0.0,328.225,1.26875,0.0034012500000000006,3.8000000000000003,46.94166666666667,-119.55833330000002
2015-05-09,1.5319775362711305,295.0625,281.0625,2.7875,286.7625,1.1025,0.0051062500000000005,3.2375,46.94166666666667,-119.55833330000002
2015-05-17,1.5473557795605533,299.875,284.6375,0.6500000000000001,295.225,1.3787500000000001,0.00684,3.0125,46.94166666666667,-119.55833330000002
2015-05-25,1.686099882163618,301.6125,285.81250000000006,0.275,330.1375,1.705,0.006391250000000001,2.5625,46.94166666666667,-119.55833330000002
2015-06-02,1.766544338275829,303.9625,287.45,0.0,311.675,2.15875,0.0063975,3.1875000000000004,46.94166666666667,-119.55833330000002
2015-06-10,1.6789663306591707,303.4875,285.45,0.0,367.3125,2.1950000000000003,0.00467125,3.9875000000000003,46.94166666666667,-119.55833330000002
2015-06-18,1.65212290330354,303.025,287.01250000000005,0.0,346.02500000000003,2.185,0.004752500000000001,3.625,46.94166666666667,-119.55833330000002
2015-06-26,1.5211103270591917,311.78749999999997,293.51250000000005,0.0,348.65000000000003,3.5225,0.007315,3.1250000000000004,46.94166666666667,-119.55833330000002
2015-07-04,1.6404440495015433,309.22499999999997,291.7375,0.0,321.3125,3.0025,0.007025000000000001,3.6125000000000003,46.94166666666667,-119.55833330000002
2015-07-12,1.8197007076148646,304.525,288.65,0.0,329.4875,2.22125,0.006283750000000001,3.825,46.94166666666667,-119.55833330000002
2015-07-20,1.9715332834642538,302.5,286.29999999999995,0.125,320.2375,1.8675000000000002,0.00627,4.75,46.94166666666667,-119.55833330000002
2015-07-28,1.746544134970495,308.2375,287.91249999999997,0.0,304.4125,3.0512500000000005,0.00434,3.1125000000000003,46.94166666666667,-119.55833330000002
2015-08-05,2.083066973539175,305.09999999999997,287.15,0.0,297.625,2.21625,0.006463750000000001,3.55,46.94166666666667,-119.55833330000002
2015-08-13,2.0908670059066052,305.05,287.3125,0.0,290.4125,2.2,0.00654375,3.3375000000000004,46.94166666666667,-119.55833330000002
2015-08-21,1.9713881197371783,303.175,285.5875,0.0,259.725,2.12125,0.0048725,3.7625,46.94166666666667,-119.55833330000002
2015-08-29,1.6379324580130072,296.5,282.61249999999995,0.5,217.0,1.085,0.006132500000000001,5.1625,46.94166666666667,-119.55833330000002
2015-09-06,1.4324988534070378,300.55,283.025,0.08750000000000001,210.4125,1.5575,0.00597375,2.95,46.94166666666667,-119.55833330000002
2015-09-14,1.273088066635656,294.96250000000003,280.125,0.2625,175.1375,0.9625,0.005657500000000001,3.775000000000001,46.94166666666667,-119.55833330000002
2015-09-22,0.9665443382758291,296.725,278.1,0.0,188.04999999999998,1.2325000000000002,0.004266250000000001,3.1625,46.94166666666667,-119.55833330000002
2015-09-30,1.0272104125281438,296.4875,279.92499999999995,0.15000000000000002,157.01250000000002,1.2249999999999999,0.0046525,3.125,46.94166666666667,-119.55833330000002
2015-10-08,0.9667661597212667,295.45000000000005,280.2125,0.0,138.9125,0.8787499999999999,0.006282500000000001,4.0125,46.94166666666667,-119.55833330000002
2015-10-16,0.9202220247507716,292.4625,277.5125,0.125,123.0,0.7124999999999999,0.005361250000000001,2.725,46.94166666666667,-119.55833330000002
2015-10-24,0.7530112056119601,289.125,277.875,0.9125000000000001,77.725,0.43000000000000005,0.00591875,3.9625000000000004,46.94166666666667,-119.55833330000002
2015-11-01,0.8334556617241712,284.8125,273.6875,0.4,71.6875,0.32749999999999996,0.004398750000000001,3.9250000000000003,46.94166666666667,-119.55833330000002
2015-11-09,0.7202220247507716,284.2375,273.4625,0.25,61.53750000000001,0.33624999999999994,0.004271250000000001,5.3875,46.94166666666667,-119.55833330000002
2015-11-17,0.7000000000000001,279.32500000000005,268.92499999999995,0.9750000000000001,59.425000000000004,0.24750000000000003,0.0030925,3.5625000000000004,46.94166666666667,-119.55833330000002
2015-11-25,0.4793333158316836,272.26250000000005,265.0,0.41250000000000003,66.05000000000001,0.11375,0.00224125,2.7249999999999996,46.94166666666667,-119.55833330000002
2015-12-03,0.5,280.6875,273.5,4.4375,37.675000000000004,0.13,0.004622500000000001,4.300000000000001,46.94166666666667,-119.55833330000002
2015-12-11,0.6802992923851356,277.98749999999995,270.8625,1.7000000000000002,50.300000000000004,0.12625,0.0036675,3.5750000000000006,46.94166666666667,-119.55833330000002
2015-12-19,0.22587745080217853,272.91249999999997,265.825,1.0750000000000002,48.23750000000001,0.008749999999999999,0.00321,3.6625,46.94166666666667,-119.55833330000002
2015-12-27,0.11955554388778902,270.73999999999995,262.56,0.32,48.500000000000014,0.016,0.002624,1.48,46.94166666666667,-119.55833330000002
2016-01-01,0.073011408917294,270.75000000000006,265.65,0.8875,48.03750000000001,0.06625,0.002415,2.0500000000000003,46.94166666666667,-119.55833330000002
2016-01-09,0.13278918086118852,275.8875,271.73749999999995,1.375,47.675000000000004,0.17375000000000004,0.0029975,2.0,46.94166666666667,-119.55833330000002
2016-01-17,0.23955574719312303,278.4,272.8,2.65,50.75,0.12250000000000001,0.003996250000000001,2.7125000000000004,46.94166666666667,-119.55833330000002
2016-01-25,0.30000000000000004,279.4,271.7625,0.5,52.5625,0.17875,0.00378125,2.5375,46.94166666666667,-119.55833330000002
2016-02-02,0.30000000000000004,279.725,270.925,0.275,86.21249999999999,0.17125,0.0037462500000000004,2.6625000000000005,46.94166666666667,-119.55833330000002
2016-02-10,0.259111291080912,284.5625,276.4375,0.475,66.125,0.2325,0.0052975,3.1875000000000004,46.94166666666667,-119.55833330000002
2016-02-26,0.3797779752492285,286.84999999999997,275.4625,0.7250000000000001,117.4625,0.45875000000000005,0.00426375,4.25,46.94166666666667,-119.55833330000002
2016-03-05,0.4597777719438945,285.575,274.9,2.5750000000000006,140.51250000000002,0.38375000000000004,0.004628750000000001,4.862500000000001,46.94166666666667,-119.55833330000002
2016-03-13,0.6395557471931231,285.77500000000003,274.025,0.75,168.3125,0.50625,0.0033975,4.4875,46.94166666666667,-119.55833330000002
2016-03-21,0.8054336046059696,287.275,275.775,0.42500000000000004,163.1,0.5675,0.004102500000000001,4.950000000000001,46.94166666666667,-119.55833330000002
2016-03-29,1.0054336046059698,293.2625,278.17499999999995,0.28750000000000003,229.56250000000003,0.93375,0.00434625,3.4875000000000003,46.94166666666667,-119.55833330000002
2016-04-06,1.3649895551044267,295.73749999999995,279.87500000000006,0.1875,253.91250000000002,1.1025000000000003,0.005115,3.4000000000000004,46.94166666666667,-119.55833330000002
2016-04-14,1.4984452168285978,296.75,280.2875,0.2625,276.83750000000003,1.1724999999999999,0.00532,2.95,46.94166666666667,-119.55833330000002
2016-04-22,1.738146127748796,292.93749999999994,279.1625,0.5625,239.23749999999998,0.91,0.004787500000000001,3.7624999999999997,46.94166666666667,-119.55833330000002
2016-04-30,1.897778735965615,299.21250000000003,284.3125,0.05,309.3,1.4000000000000001,0.00627,3.3125000000000004,46.94166666666667,-119.55833330000002
2016-05-08,1.7785901772503392,295.9,282.15000000000003,0.43750000000000006,276.625,1.1175,0.0054375000000000005,4.5125,46.94166666666667,-119.55833330000002
2016-05-16,1.7855785650277114,295.6625,281.925,0.775,274.40000000000003,1.0537500000000002,0.00593125,4.4625,46.94166666666667,-119.55833330000002
2016-05-24,1.8599229356709701,296.8875,281.15,0.0,318.82500000000005,1.225,0.00514125,3.5875,46.94166666666667,-119.55833330000002
2016-06-01,1.6667661597212668,305.075,287.68750000000006,0.0,332.4625,2.2325,0.006648750000000001,3.575,46.94166666666667,-119.55833330000002
2016-06-09,1.6876546653350208,295.35,280.25,0.9125000000000001,329.51250000000005,1.1237500000000002,0.00485625,4.7625,46.94166666666667,-119.55833330000002
2016-06-17,1.6463989712434195,297.85,283.09999999999997,1.175,305.33750000000003,1.3,0.005648750000000001,4.2875000000000005,46.94166666666667,-119.55833330000002
2016-06-25,1.653087863330322,305.3,287.40000000000003,0.0,353.25,2.15875,0.006821250000000001,3.2,46.94166666666667,-119.55833330000002
2016-07-03,1.7800764544130283,298.9,285.1875,0.41250000000000003,295.95000000000005,1.2437500000000001,0.0072162500000000004,4.812500000000001,46.94166666666667,-119.55833330000002
2016-07-11,2.020298682469134,300.65000000000003,285.625,0.43750000000000006,309.45,1.46,0.007083750000000001,3.5749999999999997,46.94166666666667,-119.55833330000002
2016-07-19,2.1192652164336385,303.93750000000006,287.38750000000005,0.30000000000000004,323.90000000000003,1.9325,0.0071625000000000005,3.2875,46.94166666666667,-119.55833330000002
2016-07-27,2.0122768286562662,305.1625,287.875,0.0,319.08750000000003,2.2375,0.006995,3.6625000000000005,46.94166666666667,-119.55833330000002
2016-08-04,1.9474324372789154,301.65,285.17499999999995,0.0,274.3375,1.585,0.00711375,2.9375,46.94166666666667,-119.55833330000002
2016-08-12,1.9580093190367032,306.98749999999995,288.8125,0.0,289.3875,2.5137499999999995,0.006887500000000001,3.2500000000000004,46.94166666666667,-119.55833330000002
2016-08-20,1.972054600600161,303.3,286.25,0.0,274.45000000000005,2.01125,0.00553125,3.6875000000000004,46.94166666666667,-119.55833330000002
2016-08-28,1.6985218745469595,298.91249999999997,283.23749999999995,0.07500000000000001,236.2,1.40125,0.00602625,3.575,46.94166666666667,-119.55833330000002
2016-09-05,1.5660996788582844,297.1625,281.75,0.05,220.41250000000005,1.21375,0.0057437500000000015,3.9750000000000005,46.94166666666667,-119.55833330000002
2016-09-13,1.4265439316651611,297.26250000000005,281.125,0.0,187.65,1.2025,0.005358750000000001,3.675,46.94166666666667,-119.55833330000002
2016-09-21,1.3202220247507717,296.7375,281.8625,0.0,173.4375,1.1087500000000001,0.005778750000000001,3.1625,46.94166666666667,-119.55833330000002
2016-09-29,1.0397775686385606,292.88749999999993,279.6125,0.15000000000000002,134.11249999999998,0.88625,0.004853750000000001,3.55,46.94166666666667,-119.55833330000002
2016-10-07,0.9667661597212667,288.225,279.0,3.725,123.58750000000003,0.36124999999999996,0.00620875,4.5375000000000005,46.94166666666667,-119.55833330000002
2016-10-15,0.759111291080912,286.92499999999995,278.4375,1.8250000000000002,97.42500000000001,0.24750000000000003,0.006541250000000002,4.5125,46.94166666666667,-119.55833330000002
2016-10-23,0.7052107666338621,285.5875,279.125,1.9125,85.10000000000001,0.17750000000000002,0.006627500000000001,2.6750000000000003,46.94166666666667,-119.55833330000002
2016-10-31,0.8730114089172941,288.04999999999995,278.625,0.48750000000000004,75.7,0.47125000000000006,0.00537625,3.5,46.94166666666667,-119.55833330000002
2016-11-08,0.8597777719438946,288.0125,278.65,0.9750000000000001,60.2875,0.43,0.005796250000000001,3.5250000000000004,46.94166666666667,-119.55833330000002
2016-11-16,0.7334556617241711,280.0625,273.08750000000003,0.35000000000000003,58.55000000000001,0.13375000000000004,0.0042775,3.5125000000000006,46.94166666666667,-119.55833330000002
2016-11-24,0.673011408917294,282.8125,274.33750000000003,0.2625,50.650000000000006,0.3075,0.0041725,4.5875,46.94166666666667,-119.55833330000002
2016-12-02,0.5064670706414651,274.54999999999995,267.85,0.5,41.0,0.14,0.0028362500000000007,4.0375000000000005,46.94166666666667,-119.55833330000002
2016-12-10,0.326022614529254,267.98749999999995,260.425,0.15000000000000002,40.587500000000006,0.01,0.0024912499999999995,3.1750000000000007,46.94166666666667,-119.55833330000002
2016-12-18,0.28624504589069355,273.08750000000003,264.575,0.41250000000000003,51.7,0.0925,0.0026187500000000004,2.975,46.94166666666667,-119.55833330000002
2016-12-26,0.19933351913701752,275.1499999999999,265.3833333333334,0.6833333333333332,56.30000000000001,0.10833333333333334,0.00282,3.366666666666667,46.94166666666667,-119.55833330000002
2017-01-01,0.026322110219723496,266.90000000000003,259.9375,0.4125,48.9375,0.07,0.0015512500000000001,4.862500000000001,46.94166666666667,-119.55833330000002
2017-01-09,0.04654413497049501,265.15,258.1875,0.1125,63.27500000000001,0.04,0.0015212500000000005,2.5500000000000003,46.94166666666667,-119.55833330000002
2017-01-17,0.0,274.5875,268.51250000000005,2.0,56.800000000000004,0.105,0.0029462500000000005,2.2750000000000004,46.94166666666667,-119.55833330000002
2017-01-25,0.0,273.95,269.67499999999995,0.15000000000000002,76.0625,0.175,0.0025050000000000003,2.3000000000000003,46.94166666666667,-119.55833330000002
2017-02-02,0.0,272.4875,264.3,1.7625000000000002,77.92500000000001,0.045,0.0027837499999999998,3.9250000000000007,46.94166666666667,-119.55833330000002
2017-02-10,0.073011408917294,276.8,268.2875,1.6125000000000003,97.725,0.15875,0.002965,2.6500000000000004,46.94166666666667,-119.55833330000002
2017-02-18,0.17301140891729402,277.725,270.225,1.375,96.55,0.15874999999999997,0.0033112500000000004,2.6,46.94166666666667,-119.55833330000002
2017-02-26,0.31323363697339957,280.225,272.05,0.28750000000000003,130.0,0.2325,0.0036025,3.925,46.94166666666667,-119.55833330000002
2017-03-06,0.37301140891729406,283.025,274.6375,1.4000000000000001,113.90000000000002,0.25375,0.00460375,3.6375,46.94166666666667,-119.55833330000002
2017-03-14,0.47301140891729404,285.7625,275.2125,0.5625,127.7375,0.375,0.00465625,3.9625,46.94166666666667,-119.55833330000002
2017-03-22,0.6000000000000001,285.65,276.01249999999993,1.6500000000000001,153.525,0.35500000000000004,0.0048025,3.5875,46.94166666666667,-119.55833330000002
2017-03-30,0.7000000000000001,288.775,276.3375,0.7375,203.425,0.615,0.00425375,3.3250000000000006,46.94166666666667,-119.55833330000002
2017-04-07,0.8860998821636181,287.13750000000005,275.33750000000003,2.575,219.9875,0.4675,0.00445125,5.0,46.94166666666667,-119.55833330000002
2017-04-15,1.2124219923833417,290.65000000000003,276.83750000000003,0.5125,236.07500000000002,0.665,0.004732500000000001,3.7375,46.94166666666667,-119.55833330000002
2017-04-23,1.3450660095174547,289.82500000000005,277.225,0.0,240.175,0.6375,0.0046300000000000004,4.5,46.94166666666667,-119.55833330000002
2017-05-01,1.5789663306591706,293.66249999999997,279.09999999999997,0.36250000000000004,274.425,0.8225000000000001,0.0058325,3.2875000000000005,46.94166666666667,-119.55833330000002
2017-05-09,1.5589661273538367,292.0375,278.38750000000005,1.025,276.6625000000001,0.81,0.004863750000000001,3.9125000000000005,46.94166666666667,-119.55833330000002
2017-05-17,1.7859547184365427,298.6125,282.6375,0.0,319.8625,1.35375,0.00591125,3.2,46.94166666666667,-119.55833330000002
2017-05-25,1.5994101768553797,300.875,284.4375,0.3375,320.775,1.5525,0.006785000000000001,3.0124999999999997,46.94166666666667,-119.55833330000002
2017-06-02,1.526398767938086,299.07500000000005,282.7,0.0,324.375,1.2712500000000002,0.0067,3.8125000000000004,46.94166666666667,-119.55833330000002
2017-06-10,1.6589661273538368,295.9875,281.675,0.625,285.9375,1.0175,0.006010000000000001,4.5375,46.94166666666667,-119.55833330000002
2017-06-18,1.972054600600161,303.875,285.875,0.0,344.96250000000003,1.8887500000000002,0.006995000000000001,3.2250000000000005,46.94166666666667,-119.55833330000002
2017-06-26,1.9852882375735603,305.1125,287.2875,0.0,352.6,1.9825000000000002,0.00781125,3.2375000000000007,46.94166666666667,-119.55833330000002
2017-07-04,2.024177503903701,306.75,287.92499999999995,0.0,340.0625,2.3400000000000003,0.0073437500000000005,3.2375000000000007,46.94166666666667,-119.55833330000002
2017-07-12,1.91204583897451,304.33750000000003,286.275,0.0,338.8375000000001,2.0599999999999996,0.006327500000000001,3.0875000000000004,46.94166666666667,-119.55833330000002
2017-07-20,2.4239556824582635,305.175,287.525,0.0,329.25000000000006,2.2087499999999998,0.006566250000000001,3.3375,46.94166666666667,-119.55833330000002
2017-07-28,2.370644981155834,308.125,289.33750000000003,0.0,319.6375,2.7550000000000003,0.00639375,3.1250000000000004,46.94166666666667,-119.55833330000002
2017-08-05,2.0250658062121207,308.325,290.52500000000003,0.0,299.4875,2.79,0.006801250000000001,2.3,46.94166666666667,-119.55833330000002
2017-08-13,1.9036651516987781,302.1625,285.5875,0.05,279.375,1.655,0.0069575,3.5875000000000004,46.94166666666667,-119.55833330000002
2017-08-21,1.7998456680366064,303.7625,286.0875,0.0,270.84999999999997,2.0387500000000003,0.005967500000000001,2.7875,46.94166666666667,-119.55833330000002
2017-08-29,1.8523447247489777,306.2625,287.88750000000005,0.0,250.21250000000003,2.49375,0.00574,3.3625000000000003,46.94166666666667,-119.55833330000002
2017-09-06,1.8708668026012711,302.075,285.75,0.0,217.5625,1.7075,0.006662500000000001,3.325,46.94166666666667,-119.55833330000002
2017-09-14,1.4771887095156606,292.38750000000005,279.3875,0.32499999999999996,177.81250000000003,0.8375000000000002,0.004951250000000001,3.9125,46.94166666666667,-119.55833330000002
2017-09-22,1.3582996464908543,296.03749999999997,281.3,0.0,167.21250000000003,1.0325000000000002,0.005911250000000001,2.3875,46.94166666666667,-119.55833330000002
2017-09-30,0.8736778897802767,292.475,277.8875,0.0,164.85,0.9500000000000002,0.0038900000000000002,4.4375,46.94166666666667,-119.55833330000002
2017-10-08,1.0055102623243317,286.9,274.18749999999994,0.2625,132.3,0.56625,0.0036025000000000002,3.5625000000000004,46.94166666666667,-119.55833330000002
2017-10-16,0.9791881521046082,289.3125,277.2875,2.2125000000000004,93.46250000000002,0.52375,0.00524375,5.675000000000001,46.94166666666667,-119.55833330000002
2017-10-24,0.9130884732463241,288.9125,274.50000000000006,0.0,122.0625,0.5125,0.004641250000000001,3.3125000000000004,46.94166666666667,-119.55833330000002
2017-11-01,0.7063219069143897,279.125,270.59999999999997,1.0625,55.487500000000004,0.1975,0.00358,3.6375,46.94166666666667,-119.55833330000002
2017-11-09,0.6258774508021786,281.625,275.7,1.4375,46.95,0.2475,0.0043775,3.8125,46.94166666666667,-119.55833330000002
2017-11-17,0.5860998821636181,283.1875,273.77500000000003,1.7500000000000002,47.325,0.195,0.00496,4.625,46.94166666666667,-119.55833330000002
2017-11-25,0.519555543887789,278.9375,273.3,0.5875000000000001,46.62500000000001,0.1275,0.00415625,3.5000000000000004,46.94166666666667,-119.55833330000002
2017-12-03,0.48713334819911364,275.78749999999997,269.575,0.0,65.3,0.1875,0.0027212500000000006,1.8625000000000003,46.94166666666667,-119.55833330000002
2017-12-11,0.5063219069143896,274.4875,271.7,0.45000000000000007,47.6375,0.19250000000000003,0.0027562500000000005,2.375,46.94166666666667,-119.55833330000002
2017-12-19,0.8066214026048592,271.6375,265.9875,0.7,40.425000000000004,0.03,0.0028312500000000004,3.2,46.94166666666667,-119.55833330000002
2017-12-27,0.45918794879927405,274.17999999999995,268.05999999999995,1.2200000000000002,45.6,0.07999999999999999,0.0030600000000000002,2.32,46.94166666666667,-119.55833330000002
2018-01-01,0.29323343366806554,272.91249999999997,270.15,0.5750000000000001,48.85,0.07875,0.00302,1.8875,46.94166666666667,-119.55833330000002
2018-01-09,0.31323363697339957,278.875,273.4875,2.1250000000000004,48.087500000000006,0.13625,0.00422875,3.2500000000000004,46.94166666666667,-119.55833330000002
2018-01-17,0.2597777719438945,280.425,273.1,1.5375,47.725,0.18000000000000002,0.0040675,3.85,46.94166666666667,-119.55833330000002
2018-01-25,0.23345566172417104,281.61249999999995,273.84999999999997,1.1,55.712500000000006,0.2575,0.003976250000000001,4.5375,46.94166666666667,-119.55833330000002
2018-02-02,0.2597777719438945,287.15,276.05,0.0,71.47500000000001,0.41625,0.00498375,5.000000000000001,46.94166666666667,-119.55833330000002
2018-02-10,0.3465441349704951,280.6875,270.0375,0.5625,90.0875,0.35375,0.0027112500000000006,4.325,46.94166666666667,-119.55833330000002
2018-02-18,0.3465441349704951,275.45,265.33750000000003,0.0,92.6,0.22875,0.0020162500000000002,4.875,46.94166666666667,-119.55833330000002
2018-02-26,0.3465441349704951,282.2375,271.625,0.6000000000000001,136.79999999999998,0.355,0.00319125,3.5875000000000004,46.94166666666667,-119.55833330000002
2018-03-06,0.38609988216361807,286.175,272.5875,0.2625,153.3,0.5,0.0036087500000000004,3.9375000000000004,46.94166666666667,-119.55833330000002
2018-03-14,0.48609988216361805,286.6375,273.425,0.275,184.05,0.52125,0.0036175,3.325,46.94166666666667,-119.55833330000002
2018-03-22,0.538744102603065,286.11249999999995,274.4625,0.225,162.825,0.545,0.0035325000000000005,4.8,46.94166666666667,-119.55833330000002
2018-03-30,0.7387441026030651,285.8625,276.2875,0.7875000000000001,166.525,0.47125,0.00421625,3.8000000000000003,46.94166666666667,-119.55833330000002
2018-04-07,0.8915334867695875,288.7125,277.925,1.7375000000000003,178.1375,0.5325,0.005035000000000001,5.7250000000000005,46.94166666666667,-119.55833330000002
2018-04-15,1.1,289.4,276.625,0.35000000000000003,241.475,0.725,0.0038662500000000003,4.6375,46.94166666666667,-119.55833330000002
2018-04-23,1.5587443059083992,295.91249999999997,279.0,0.65,281.4375,1.15125,0.004719999999999999,3.6000000000000005,46.94166666666667,-119.55833330000002
2018-05-01,1.6595559504984574,298.025,283.375,1.05,290.1125,1.2262499999999998,0.006328750000000001,2.825,46.94166666666667,-119.55833330000002
2018-05-09,1.9122001709379042,299.575,284.65000000000003,0.7250000000000001,310.62500000000006,1.495,0.006166250000000001,3.425,46.94166666666667,-119.55833330000002
2018-05-17,1.8185220778522937,300.275,285.4125,0.21250000000000002,318.475,1.3887500000000002,0.007470000000000001,3.0749999999999997,46.94166666666667,-119.55833330000002
2018-05-25,1.4986670382740352,298.1875,281.3875,0.0,333.225,1.33125,0.00531375,3.4375000000000004,46.94166666666667,-119.55833330000002
2018-06-02,1.524843984766683,298.725,282.3,0.5625,327.06250000000006,1.3675,0.00564375,3.625,46.94166666666667,-119.55833330000002
2018-06-10,1.6263221102197238,297.37500000000006,281.9375,0.275,338.63750000000005,1.26125,0.005405000000000001,4.65,46.94166666666667,-119.55833330000002
2018-06-18,1.686099882163618,302.56250000000006,286.9875,0.0,330.98750000000007,1.6812500000000001,0.00760625,3.9875,46.94166666666667,-119.55833330000002
2018-06-26,1.627210412528144,299.1125,283.6625,0.0,335.925,1.4600000000000002,0.005530000000000001,4.4750000000000005,46.94166666666667,-119.55833330000002
2018-07-04,1.8707216388741956,303.85,286.6125,0.0,335.325,1.9475,0.006805000000000001,3.8500000000000005,46.94166666666667,-119.55833330000002
2018-07-12,1.9319775362711307,307.96250000000003,288.65000000000003,0.0,340.4375,2.70875,0.0062787500000000005,3.3875,46.94166666666667,-119.55833330000002
2018-07-20,2.1705764751471204,306.4375,288.3125,0.0,332.93750000000006,2.59875,0.005575,2.7125,46.94166666666667,-119.55833330000002
2018-07-28,2.1642545682327308,306.97499999999997,288.95,0.0,315.425,2.5162500000000003,0.006865000000000001,3.6374999999999997,46.94166666666667,-119.55833330000002
2018-08-05,2.005365098597256,307.0625,288.75,0.0,296.75000000000006,2.57875,0.006590000000000001,3.0999999999999996,46.94166666666667,-119.55833330000002
2018-08-13,1.8968985853668436,304.01250000000005,287.5375,0.0,286.15,2.1012500000000003,0.006195,3.0,46.94166666666667,-119.55833330000002
2018-08-21,1.8844765929835023,300.075,284.3125,0.0,244.10000000000005,1.44375,0.0066375,3.7875,46.94166666666667,-119.55833330000002
2018-08-29,1.8318323725440553,300.7,283.5125,0.0,250.70000000000002,1.64375,0.00535375,3.5875000000000004,46.94166666666667,-119.55833330000002
2018-09-06,1.4130884732463243,298.275,282.7,0.0,204.38750000000002,1.3375000000000001,0.00567375,4.125,46.94166666666667,-119.55833330000002
2018-09-14,1.3852882375735602,295.17499999999995,279.7625,0.0,190.01250000000002,1.055,0.00488125,3.250000000000001,46.94166666666667,-119.55833330000002
2018-09-22,1.2992650131283043,296.3625,280.5,0.0,190.8125,1.205,0.004755,3.900000000000001,46.94166666666667,-119.55833330000002
2018-09-30,1.0724215857726735,289.52500000000003,277.5875,0.5000000000000001,135.5625,0.67625,0.00449625,3.3499999999999996,46.94166666666667,-119.55833330000002
2018-10-08,1.0187438992977311,289.225,276.325,0.8250000000000001,125.52500000000002,0.64,0.004297500000000001,2.5500000000000003,46.94166666666667,-119.55833330000002
2018-10-16,0.9465441349704952,291.525,275.05,0.0,140.8,0.7525,0.004200000000000001,1.8625000000000003,46.94166666666667,-119.55833330000002
2018-10-24,0.8667661597212666,288.3,277.5375,1.5500000000000003,96.075,0.40125,0.0056525,3.8249999999999997,46.94166666666667,-119.55833330000002
2018-11-01,0.8063219069143895,287.8625,277.4,0.08750000000000001,67.075,0.51875,0.00491875,4.7749999999999995,46.94166666666667,-119.55833330000002
2018-11-09,0.6660996788582841,277.36249999999995,270.33750000000003,0.0,68.775,0.16,0.0033175,2.5375,46.94166666666667,-119.55833330000002
2018-11-17,0.6597777719438946,279.3375,269.375,0.9750000000000001,64.025,0.19,0.0033787500000000002,3.075,46.94166666666667,-119.55833330000002
2018-11-25,0.6597777719438946,279.1,273.6375,1.9125,46.35000000000001,0.07750000000000001,0.004654999999999999,2.4625000000000004,46.94166666666667,-119.55833330000002
2018-12-03,0.49822237885649,273.125,269.17500000000007,0.0,51.525000000000006,0.11375,0.00271375,2.2375,46.94166666666667,-119.55833330000002
2018-12-11,1.186245045890694,280.75,274.375,1.4875000000000003,43.325,0.22250000000000003,0.00408875,5.000000000000001,46.94166666666667,-119.55833330000002
2018-12-19,1.0132336369733994,277.4625,271.7,0.5125,47.4375,0.1125,0.0038400000000000005,3.4750000000000005,46.94166666666667,-119.55833330000002
2018-12-27,0.7919004719421006,277.34000000000003,269.74000000000007,0.3,46.480000000000004,0.142,0.003418,3.460000000000001,46.94166666666667,-119.55833330000002
2019-01-01,0.2597777719438945,278.13750000000005,270.5875,0.45,42.087500000000006,0.1975,0.00324125,4.125,46.94166666666667,-119.55833330000002
2019-01-09,0.2597777719438945,275.5875,270.975,1.05,61.075,0.09875,0.0034412500000000003,3.0,46.94166666666667,-119.55833330000002
2019-01-17,0.30000000000000004,279.325,272.20000000000005,1.4000000000000001,54.625000000000014,0.1475,0.00393,2.95,46.94166666666667,-119.55833330000002
2019-01-25,0.2597777719438945,276.0125,270.5125,0.07500000000000001,72.72500000000001,0.1225,0.00325625,1.9375,46.94166666666667,-119.55833330000002
2019-02-02,0.253455865029505,271.6375,264.7625,0.8375,81.92500000000001,0.022500000000000003,0.0028225,3.85,46.94166666666667,-119.55833330000002
2019-02-10,0.13278918086118852,272.2125,265.9375,1.1625,76.65,0.03375,0.0032012500000000005,3.6625,46.94166666666667,-119.55833330000002
2019-02-18,0.020222024750771516,273.3875,263.79999999999995,0.3875,88.80000000000001,0.05,0.0027212500000000006,3.1375,46.94166666666667,-119.55833330000002
2019-02-26,0.05977777194389451,271.45,262.25,0.5,126.12500000000001,0.05875,0.0022700000000000003,4.4125000000000005,46.94166666666667,-119.55833330000002
2019-03-06,0.14587765410751252,275.3125,264.9375,1.0625000000000002,158.1375,0.06625,0.002980000000000001,2.7,46.94166666666667,-119.55833330000002
2019-03-14,0.2597777719438945,284.46250000000003,271.3125,0.0,207.8625,0.37124999999999997,0.0038625,2.575,46.94166666666667,-119.55833330000002
2019-03-22,0.439555747193123,287.525,276.4625,0.5750000000000001,170.54999999999998,0.44749999999999995,0.0048975,2.975,46.94166666666667,-119.55833330000002
2019-03-30,0.5730114089172942,290.9375,277.325,1.1875,205.77500000000003,0.6849999999999999,0.004811250000000001,3.6000000000000005,46.94166666666667,-119.55833330000002
2019-04-07,0.8310892339627106,287.05,278.4,0.8125,162.0875,0.39875,0.0054025,4.0375000000000005,46.94166666666667,-119.55833330000002
2019-04-15,1.1976335722385396,293.0375,279.21250000000003,0.0,217.22500000000002,0.79625,0.0055000000000000005,3.1500000000000004,46.94166666666667,-119.55833330000002
2019-04-23,1.4711662982917408,291.6125,277.3,0.0,290.72499999999997,0.9075,0.0037487500000000003,4.362500000000001,46.94166666666667,-119.55833330000002
2019-05-01,1.7029220131174336,296.775,281.075,0.0,315.05,1.2912499999999998,0.004701250000000001,3.325,46.94166666666667,-119.55833330000002
2019-05-09,1.6178555969893111,298.28749999999997,282.2,0.9750000000000001,295.76250000000005,1.35375,0.00549,3.45,46.94166666666667,-119.55833330000002
2019-05-17,1.5917553082150255,295.09999999999997,282.65,0.3125,262.7875,1.0037500000000001,0.005935000000000001,4.275,46.94166666666667,-119.55833330000002
2019-05-25,1.8526442204394473,300.625,286.08750000000003,1.4375,307.6625,1.4537499999999999,0.007528750000000001,2.687500000000001,46.94166666666667,-119.55833330000002
2019-06-02,1.6528660418848846,298.37499999999994,281.7125,0.0,337.4125,1.355,0.005515000000000001,4.375,46.94166666666667,-119.55833330000002
2019-06-10,1.7069883877773724,304.97499999999997,287.09999999999997,0.0,361.81250000000006,2.00625,0.0074375000000000005,3.2375000000000003,46.94166666666667,-119.55833330000002
2019-06-18,1.8387441026030653,298.4375,283.97499999999997,0.0,335.5,1.37125,0.005813750000000001,4.65,46.94166666666667,-119.55833330000002
2019-06-26,2.058744305908399,299.9625,284.6125,0.8875000000000001,337.15,1.4525,0.0065275,3.05,46.94166666666667,-119.55833330000002
2019-07-04,2.0296111085096697,301.6875,286.72499999999997,0.0,307.1,1.5175,0.00781625,3.5124999999999997,46.94166666666667,-119.55833330000002
2019-07-12,1.9978553936839774,301.12500000000006,286.63749999999993,0.0,286.05,1.51875,0.0074350000000000015,4.187500000000001,46.94166666666667,-119.55833330000002
2019-07-20,2.4562327144198632,304.58750000000003,286.96250000000003,0.525,328.8875,2.19375,0.00599,3.55,46.94166666666667,-119.55833330000002
2019-07-28,2.5035884939804163,304.65,287.1375,0.0,318.85,2.055,0.0068275,3.3625,46.94166666666667,-119.55833330000002
2019-08-05,2.396010283058424,304.83750000000003,289.2875,0.3375,280.08750000000003,1.9774999999999996,0.008696250000000003,3.025,46.94166666666667,-119.55833330000002
2019-08-13,2.2635880873697483,304.03749999999997,287.375,0.0,285.36250000000007,1.895,0.00744125,3.1500000000000004,46.94166666666667,-119.55833330000002
2019-08-21,1.924322667630776,302.5875,286.325,0.125,262.775,1.73,0.0070225,3.4375,46.94166666666667,-119.55833330000002
2019-08-29,1.8235110230407183,303.775,287.0625,0.0,237.8375,1.76875,0.007915,3.3125000000000004,46.94166666666667,-119.55833330000002
2019-09-06,1.7776333689332056,298.95,285.52500000000003,0.2625,202.51250000000002,1.1712500000000001,0.007862500000000001,3.9000000000000004,46.94166666666667,-119.55833330000002
2019-09-14,1.4064670706414653,294.37499999999994,282.2875,0.07500000000000001,152.55,0.6825,0.0074825000000000004,3.1999999999999997,46.94166666666667,-119.55833330000002
2019-09-22,1.1654331979953017,291.55,280.0875,0.775,147.01250000000002,0.7275000000000001,0.0058575,4.800000000000001,46.94166666666667,-119.55833330000002
2019-09-30,0.8536776864749427,289.52500000000003,275.825,0.0,150.6875,0.70875,0.0039037500000000005,3.325,46.94166666666667,-119.55833330000002
2019-10-08,0.752644220439447,286.275,273.35,0.05,136.7125,0.5775000000000001,0.0031862500000000003,3.3250000000000006,46.94166666666667,-119.55833330000002
2019-10-16,0.7528660418848846,287.13750000000005,277.95000000000005,1.4875,100.2125,0.415,0.00530625,5.0125,46.94166666666667,-119.55833330000002
2019-10-24,0.7069883877773722,284.15,270.525,0.05,117.2125,0.5875,0.002406250000000001,3.65,46.94166666666667,-119.55833330000002
2019-11-01,0.5465441349704951,284.22499999999997,270.8125,0.05,95.10000000000001,0.5225,0.00257375,1.625,46.94166666666667,-119.55833330000002
2019-11-09,0.479999796694666,280.8625,274.3625,0.36250000000000004,61.50000000000001,0.22999999999999998,0.004042500000000001,2.5625000000000004,46.94166666666667,-119.55833330000002
2019-11-17,0.48676636302660053,281.625,271.9,0.1125,64.72500000000001,0.24625000000000002,0.003973750000000001,3.275,46.94166666666667,-119.55833330000002
2019-11-25,0.33977756863856057,275.61249999999995,266.97499999999997,0.0,55.8,0.22624999999999998,0.0021850000000000003,4.5125,46.94166666666667,-119.55833330000002
2019-12-03,0.3799997966946661,275.9375,271.5375,1.125,52.925000000000004,0.08375,0.0036450000000000002,1.7125000000000001,46.94166666666667,-119.55833330000002
2019-12-11,0.41955554388778904,273.84999999999997,270.125,0.4625,47.03750000000001,0.05625000000000001,0.0033125000000000003,2.4750000000000005,46.94166666666667,-119.55833330000002
2019-12-19,0.7269885910827062,278.58750000000003,272.15,0.775,41.987500000000004,0.10125,0.0041800000000000006,3.825,46.94166666666667,-119.55833330000002
2019-12-27,0.5793333158316836,274.76,271.48,0.26000000000000006,39.8,0.12400000000000003,0.003268,1.78,46.94166666666667,-119.55833330000002
2020-01-01,0.4000000000000001,282.225,274.3125,0.17500000000000002,42.45,0.32,0.0038137500000000003,6.499999999999999,46.94166666666667,-119.55833330000002
2020-01-09,0.20632190691438954,274.025,265.74999999999994,0.6625000000000001,39.3375,0.10125,0.0029675000000000005,4.612500000000001,46.94166666666667,-119.55833330000002
2020-01-17,0.20000000000000004,277.48749999999995,270.9875,1.4375,48.57500000000001,0.155,0.00348,2.7750000000000004,46.94166666666667,-119.55833330000002
2020-01-25,0.24654413497049504,282.4375,272.8125,0.8625000000000002,53.06249999999999,0.24375000000000002,0.00423125,4.0125,46.94166666666667,-119.55833330000002
2020-02-02,0.30000000000000004,279.4375,271.1875,0.775,69.0875,0.22125000000000003,0.00360375,3.9750000000000005,46.94166666666667,-119.55833330000002
2020-02-10,0.30000000000000004,283.675,272.28749999999997,0.0,91.3,0.43125,0.0031812500000000005,4.1125,46.94166666666667,-119.55833330000002
2020-02-18,0.30000000000000004,283.075,270.2125,0.0,116.60000000000001,0.47124999999999995,0.0025112500000000005,3.55,46.94166666666667,-119.55833330000002
2020-02-26,0.3597777719438946,287.8,274.08750000000003,0.0,143.82500000000002,0.6725000000000001,0.00318375,4.800000000000001,46.94166666666667,-119.55833330000002
2020-03-05,0.4063219069143896,285.35,272.675,0.7875,162.1875,0.54875,0.0029625000000000003,3.1500000000000004,46.94166666666667,-119.55833330000002
2020-03-13,0.5,283.57500000000005,271.25,0.5125000000000001,177.82500000000002,0.52,0.0027287500000000003,4.5375000000000005,46.94166666666667,-119.55833330000002
2020-03-21,0.6589661273538365,287.34999999999997,274.45,0.0,157.5,0.6375,0.00331625,4.15,46.94166666666667,-119.55833330000002
2020-03-29,0.8124219923833416,285.7125,273.8125,0.0,173.4375,0.54375,0.00331875,4.675,46.94166666666667,-119.55833330000002
2020-04-06,0.9991883554099422,292.2875,275.575,0.0,273.1,1.0312500000000002,0.00300875,3.5375,46.94166666666667,-119.55833330000002
2020-04-14,1.3316105510986178,293.925,277.45,0.0,259.025,1.0925,0.0036225000000000003,3.5375,46.94166666666667,-119.55833330000002
2020-04-22,1.4116103477932838,293.65000000000003,279.1375,0.28750000000000003,220.35000000000002,0.9362500000000001,0.0048275,4.775,46.94166666666667,-119.55833330000002
2020-04-30,1.698821370237429,293.4375,277.3375,1.125,284.625,0.9875,0.0040875,4.4,46.94166666666667,-119.55833330000002
2020-05-08,1.6842547715380647,295.97499999999997,283.0875,0.0,282.6125,1.20375,0.005255000000000001,4.862500000000001,46.94166666666667,-119.55833330000002
2020-05-16,1.5256556293567414,293.73749999999995,281.04999999999995,1.0625,265.8,0.86125,0.005713750000000001,4.1875,46.94166666666667,-119.55833330000002
2020-05-24,1.3993335191370178,300.48749999999995,283.7125,0.125,298.875,1.55,0.006081250000000001,3.6625,46.94166666666667,-119.55833330000002
2020-06-01,1.5195555438877892,296.65,281.8,0.0,346.17500000000007,1.28,0.00475625,4.300000000000001,46.94166666666667,-119.55833330000002
2020-06-09,1.5126438138287794,296.3625,283.02500000000003,1.6750000000000003,246.9,1.01125,0.0067725,4.075,46.94166666666667,-119.55833330000002
2020-06-17,1.7937547508039726,303.4125,286.41249999999997,0.0,332.325,1.87375,0.006853750000000001,3.0625000000000004,46.94166666666667,-119.55833330000002
2020-06-25,1.8200768610236961,300.575,285.625,0.36250000000000004,339.35,1.6012500000000003,0.006475000000000002,4.9125,46.94166666666667,-119.55833330000002
2020-07-03,1.8388207603214273,300.7375,284.225,0.0,342.0375000000001,1.5762500000000002,0.0060175,3.4875000000000007,46.94166666666667,-119.55833330000002
2020-07-11,1.8187438992977312,303.65,286.2,0.0,338.3125,2.025,0.006045000000000001,3.7250000000000005,46.94166666666667,-119.55833330000002
2020-07-19,2.1326440171341137,305.8875,288.325,0.0,330.07500000000005,2.40875,0.006257500000000001,3.35,46.94166666666667,-119.55833330000002
2020-07-27,2.1125671561104173,308.34999999999997,290.16249999999997,0.0,314.15,2.8487500000000003,0.0064975,3.7375000000000003,46.94166666666667,-119.55833330000002
2020-08-04,2.0061767431873143,303.16249999999997,286.1875,0.0,289.70000000000005,1.915,0.006368750000000001,3.7000000000000006,46.94166666666667,-119.55833330000002
2020-08-12,1.8917553082150251,305.51250000000005,287.29999999999995,0.0,283.27500000000003,2.41375,0.0058762499999999995,3.1875000000000004,46.94166666666667,-119.55833330000002
2020-08-20,1.7837334544021577,302.95,286.38750000000005,0.0,268.70000000000005,1.91625,0.006135000000000001,3.5125,46.94166666666667,-119.55833330000002
2020-08-28,1.6458776541075124,303.0125,285.9875,0.0,256.2125,2.0324999999999998,0.0053975,3.3125,46.94166666666667,-119.55833330000002
2020-09-05,1.4385989388759897,301.32500000000005,283.5125,0.0,234.5625,1.9375,0.004208750000000001,3.7875,46.94166666666667,-119.55833330000002
2020-09-13,1.3382994431855202,296.62499999999994,283.65,0.0,196.325,1.1275,0.00617625,3.3499999999999996,46.94166666666667,-119.55833330000002
2020-09-21,1.3194103801607138,295.15,281.87499999999994,0.525,155.9375,0.85125,0.0067037500000000005,4.1000000000000005,46.94166666666667,-119.55833330000002
2020-09-29,1.2194103801607137,299.575,282.9375,0.0,176.41250000000002,1.47,0.0055450000000000004,1.9375,46.94166666666667,-119.55833330000002
2020-10-07,0.9521995610219022,292.85,281.34999999999997,1.4625000000000001,127.5625,0.8274999999999999,0.005798750000000001,6.137499999999999,46.94166666666667,-119.55833330000002
2020-10-15,0.8991883554099421,289.15,277.5375,0.0,111.88750000000002,0.6025000000000001,0.00483625,4.1875,46.94166666666667,-119.55833330000002
2020-10-23,0.8667661597212666,281.95000000000005,270.32500000000005,0.1125,105.42500000000001,0.37625000000000003,0.003065,3.775,46.94166666666667,-119.55833330000002
2020-10-31,0.6597777719438946,286.51250000000005,273.8125,1.2375,81.94999999999999,0.4,0.00453875,3.875,46.94166666666667,-119.55833330000002
2020-11-08,0.6397775686385606,280.6875,270.8375,1.4625,65.025,0.27875,0.0032700000000000003,4.862500000000001,46.94166666666667,-119.55833330000002
2020-11-16,0.6202220247507717,280.51250000000005,273.3375,0.325,55.2875,0.19625,0.00408875,3.3500000000000005,46.94166666666667,-119.55833330000002
2020-11-24,0.5597777719438946,279.47499999999997,270.425,0.05,56.73750000000001,0.20500000000000002,0.0033862500000000004,3.4250000000000003,46.94166666666667,-119.55833330000002
2020-12-02,0.5799997966946662,274.45,269.25,0.1625,60.55000000000001,0.155,0.0026787500000000006,2.1875,46.94166666666667,-119.55833330000002
2020-12-10,0.9206666841683167,276.6875,272.075,0.5875,42.175,0.1225,0.0035800000000000003,2.8,46.94166666666667,-119.55833330000002
2020-12-18,0.8604442528068772,280.2125,272.46250000000003,0.9875,52.07500000000001,0.25,0.0036537500000000003,4.437500000000001,46.94166666666667,-119.55833330000002
2020-12-26,0.285655222746073,273.7333333333333,269.93333333333334,0.9500000000000002,50.13333333333333,0.06166666666666667,0.0032366666666666668,2.3333333333333335,46.94166666666667,-119.55833330000002
2021-01-01,0.5597777719438946,279.2125,273.4875,1.1874999999999998,37.91250000000001,0.155,0.0040625,4.125000000000001,46.94166666666667,-119.55833330000002
2021-01-09,0.33955574719312304,279.7125,272.7375,0.7625,51.56250000000001,0.23125,0.0036012500000000003,2.9499999999999997,46.94166666666667,-119.55833330000002
2021-01-17,0.30000000000000004,278.02500000000003,269.425,0.1375,60.5375,0.22624999999999998,0.00287,2.5375,46.94166666666667,-119.55833330000002
2021-01-25,0.21955554388778903,278.4375,272.6375,0.9125,52.325,0.17750000000000002,0.003635,2.5124999999999997,46.94166666666667,-119.55833330000002
2021-02-02,0.30000000000000004,281.85,271.7875,0.0,69.03750000000001,0.35875,0.0032612500000000003,4.775,46.94166666666667,-119.55833330000002
2021-02-10,0.30000000000000004,270.7,264.23749999999995,1.3125,64.80000000000001,0.105,0.00206375,3.7375000000000003,46.94166666666667,-119.55833330000002
2021-02-18,0.30000000000000004,280.275,271.8625,0.05,99.175,0.30875,0.0032775000000000005,5.1499999999999995,46.94166666666667,-119.55833330000002
2021-02-26,0.3597777719438946,286.6375,273.29999999999995,0.0,146.35000000000002,0.5725,0.00332,3.9499999999999997,46.94166666666667,-119.55833330000002
2021-03-06,0.42632211021972355,285.8375,271.66249999999997,0.0625,167.35000000000002,0.55875,0.0029125,3.0500000000000007,46.94166666666667,-119.55833330000002
2021-03-14,0.5728662451902186,286.6375,274.7875,0.0,156.7375,0.59375,0.0034050000000000005,3.8875,46.94166666666667,-119.55833330000002
2021-03-22,0.7263221102197236,287.8125,274.4,0.0,173.43750000000003,0.65875,0.00334125,5.2875,46.94166666666667,-119.55833330000002
2021-03-30,0.8124219923833416,289.8625,274.4875,0.0,236.60000000000002,0.84875,0.0028825000000000005,2.8625000000000003,46.94166666666667,-119.55833330000002
2021-04-07,1.0124219923833415,287.625,273.15,0.0,263.3,0.7637499999999999,0.0024425000000000002,6.550000000000001,46.94166666666667,-119.55833330000002
2021-04-15,1.2455106689349997,295.375,277.09999999999997,0.0,293.225,1.2737500000000002,0.0031925,4.250000000000001,46.94166666666667,-119.55833330000002
2021-04-23,1.4052884408788942,293.5125,278.8125,0.1125,243.88750000000002,1.03875,0.00421625,3.7,46.94166666666667,-119.55833330000002
2021-05-01,1.6059549217418765,294.5375,278.175,0.0,296.12500000000006,1.115,0.003993750000000001,4.5875,46.94166666666667,-119.55833330000002
2021-05-09,1.6316105510986176,298.65,282.35,0.0,314.3625,1.63625,0.0039725,2.325,46.94166666666667,-119.55833330000002
2021-05-17,1.3991883554099422,294.07500000000005,279.54999999999995,0.4375,262.88750000000005,1.0687499999999999,0.00436875,5.2125,46.94166666666667,-119.55833330000002
2021-05-25,1.4782998497961881,299.2125,282.57500000000005,0.35000000000000003,325.11250000000007,1.575,0.004900000000000001,3.575,46.94166666666667,-119.55833330000002
2021-06-02,1.4319775362711307,298.32499999999993,283.0375,0.0,330.45,1.5562500000000001,0.0050625,4.1625000000000005,46.94166666666667,-119.55833330000002
2021-06-10,1.5596326082168193,298.6375,284.0,0.4625,309.85,1.3987500000000002,0.005915,3.125,46.94166666666667,-119.55833330000002
2021-06-18,1.753532522747867,306.625,289.5375,0.0,360.22499999999997,2.53625,0.00644375,3.8875,46.94166666666667,-119.55833330000002
2021-06-26,1.8055102623243318,311.8,293.3125,0.0,355.73750000000007,3.4525,0.008036250000000002,4.1375,46.94166666666667,-119.55833330000002
2021-07-04,1.84521117324453,307.67499999999995,289.33750000000003,0.0,345.3625,2.7874999999999996,0.0057262500000000004,3.1875,46.94166666666667,-119.55833330000002
2021-07-12,2.117855596989311,307.02500000000003,289.20000000000005,0.0,339.90000000000003,2.6537500000000005,0.006028749999999999,3.4375,46.94166666666667,-119.55833330000002
2021-07-20,2.0599229356709703,304.71250000000003,287.91249999999997,0.0,322.0000000000001,2.24125,0.006123750000000001,3.5125,46.94166666666667,-119.55833330000002
2021-07-28,2.383733454402158,308.55,292.8125,0.0,281.45,2.78625,0.0082275,2.8500000000000005,46.94166666666667,-119.55833330000002
2021-08-05,2.1435112263460523,305.175,289.475,0.0,288.86250000000007,2.0862499999999997,0.00826375,4.4125000000000005,46.94166666666667,-119.55833330000002
2021-08-13,2.1830669735391752,304.33750000000003,289.2875,0.1125,277.9375,2.1975000000000002,0.006993750000000001,3.8625000000000003,46.94166666666667,-119.55833330000002
2021-08-21,1.8387441026030653,299.32500000000005,284.3375,0.0,266.27500000000003,1.3825,0.006355000000000001,3.525,46.94166666666667,-119.55833330000002
2021-08-29,1.8706449811558337,300.32500000000005,283.65,0.0,251.75000000000006,1.6412499999999999,0.00525875,3.0125,46.94166666666667,-119.55833330000002
2021-09-06,1.6119006752474345,299.825,285.51250000000005,1.3250000000000002,205.07500000000002,1.34375,0.00744,3.0875,46.94166666666667,-119.55833330000002
2021-09-14,1.3794784795587591,294.40000000000003,280.9625,0.05,180.55,0.9237500000000001,0.005655,4.05,46.94166666666667,-119.55833330000002
2021-09-22,1.346022817834588,296.2375,282.38750000000005,0.575,160.125,1.03875,0.00638,3.8750000000000004,46.94166666666667,-119.55833330000002
2021-09-30,1.1730114089172943,293.7,279.40000000000003,0.1125,159.93750000000003,0.895,0.0051875,2.975,46.94166666666667,-119.55833330000002
2021-10-08,1.0125671561104173,288.74999999999994,275.875,0.21250000000000002,131.26250000000002,0.66625,0.00383125,3.7625,46.94166666666667,-119.55833330000002
2021-10-16,0.9730114089172941,290.5,278.07500000000005,0.48750000000000004,112.81250000000001,0.6375000000000001,0.0050887499999999995,3.425,46.94166666666667,-119.55833330000002
2021-10-24,0.7993335191370176,287.56249999999994,277.4875,1.4875,83.9125,0.39749999999999996,0.0054825,5.8125,46.94166666666667,-119.55833330000002
2021-11-01,0.7797779752492286,284.225,275.4875,1.0375,65.3,0.30375,0.00462125,4.3500000000000005,46.94166666666667,-119.55833330000002
2021-11-09,0.5860998821636181,285.0875,275.51250000000005,2.1875,55.13750000000001,0.27999999999999997,0.0052362500000000005,5.0,46.94166666666667,-119.55833330000002
2021-11-17,0.519555543887789,277.15,271.2875,1.8250000000000002,60.962500000000006,0.12750000000000003,0.0035125000000000004,2.3000000000000003,46.94166666666667,-119.55833330000002
2021-11-25,0.5263221102197235,287.425,278.34999999999997,0.037500000000000006,50.93749999999999,0.42375,0.0055075,3.9875000000000007,46.94166666666667,-119.55833330000002
2021-12-03,0.49933351913701757,279.23749999999995,272.0625,0.0,46.550000000000004,0.26,0.00317875,3.5125,46.94166666666667,-119.55833330000002
2021-12-11,0.9330886765516581,277.9375,271.1875,0.9,41.8,0.2,0.0032725000000000002,4.45,46.94166666666667,-119.55833330000002
2021-12-19,0.7054336046059696,274.22499999999997,268.2125,0.5625,43.475,0.056249999999999994,0.0034575,4.4624999999999995,46.94166666666667,-119.55833330000002
2021-12-27,0.74521117324453,266.23999999999995,260.74,0.9,39.980000000000004,0.004,0.0023120000000000003,2.56,46.94166666666667,-119.55833330000002
2022-01-01,0.0,269.95,262.25,1.6375,43.9625,0.025,0.002975,3.8874999999999997,46.94166666666667,-119.55833330000002
2022-01-09,0.03955574719312299,273.7875,267.8875,0.1,53.91250000000001,0.05875,0.00304,1.7625000000000002,46.94166666666667,-119.55833330000002
2022-01-17,0.05977777194389451,274.2125,268.7375,0.21250000000000002,64.725,0.06125,0.0031812500000000005,2.0124999999999997,46.94166666666667,-119.55833330000002
2022-01-25,0.18609988216361803,274.075,268.7625,0.0,82.36250000000001,0.14375,0.00262375,2.4750000000000005,46.94166666666667,-119.55833330000002
2022-02-02,0.26587785741284653,277.04999999999995,267.7125,0.0,81.86250000000001,0.14125,0.0030687500000000003,2.2875,46.94166666666667,-119.55833330000002
2022-02-10,0.36654433827582905,283.1875,271.35,0.0,111.075,0.38125000000000003,0.0032637499999999997,2.9625000000000004,46.94166666666667,-119.55833330000002
2022-02-18,0.32632211021972357,277.13750000000005,266.775,0.07500000000000001,106.6875,0.25875000000000004,0.002515,4.4,46.94166666666667,-119.55833330000002
2022-02-26,0.33955574719312304,284.125,273.3125,1.225,110.86250000000001,0.32000000000000006,0.004328750000000001,3.4750000000000005,46.94166666666667,-119.55833330000002
2022-03-06,0.46587785741284654,283.95,272.70000000000005,0.07500000000000001,133.91250000000002,0.5125000000000001,0.00293875,3.4000000000000004,46.94166666666667,-119.55833330000002
2022-03-14,0.5658778574128465,285.7,275.0625,0.8625,147.0625,0.41250000000000003,0.004291250000000001,3.9375,46.94166666666667,-119.55833330000002
2022-03-22,0.745655832662075,291.425,278.5875,0.0,182.83750000000003,0.7325,0.00498375,2.5875000000000004,46.94166666666667,-119.55833330000002
2022-03-30,0.9719779428817986,287.58750000000003,274.23749999999995,0.2,228.2625,0.59625,0.0035750000000000005,5.6125,46.94166666666667,-119.55833330000002
2022-04-07,1.0976335722385395,282.9125,272.9625,0.9875,168.13750000000002,0.435,0.0032350000000000005,5.025,46.94166666666667,-119.55833330000002
2022-04-15,1.2976335722385397,285.20000000000005,273.125,0.7000000000000001,233.32500000000002,0.42250000000000004,0.0038387500000000006,3.75,46.94166666666667,-119.55833330000002
2022-04-23,1.5641779105143685,289.475,276.55,0.3625,242.02500000000003,0.63875,0.00440875,3.3375000000000004,46.94166666666667,-119.55833330000002
2022-05-01,1.6983000531015222,290.1125,277.8375,0.675,238.38750000000005,0.50875,0.00577,4.425,46.94166666666667,-119.55833330000002
2022-05-09,1.9037336577074917,290.775,277.15000000000003,0.3125,271.475,0.665,0.004892500000000001,4.25,46.94166666666667,-119.55833330000002
2022-05-17,1.8976335722385398,292.90000000000003,278.63750000000005,0.28750000000000003,287.90000000000003,0.87875,0.0046925000000000005,3.9750000000000005,46.94166666666667,-119.55833330000002
2022-05-25,1.8109438669303013,294.275,281.45,0.25,249.33750000000003,0.8087500000000001,0.0065375,3.65,46.94166666666667,-119.55833330000002
2022-06-02,1.6927121165321588,296.84999999999997,283.8625,1.5375,258.8,0.92375,0.007705,3.6500000000000004,46.94166666666667,-119.55833330000002
2022-06-10,1.8592564548079875,295.375,282.725,1.9500000000000002,249.79999999999998,0.72875,0.007845000000000001,4.7,46.94166666666667,-119.55833330000002
2022-06-18,1.8857237287547868,299.48750000000007,284.15,0.0,333.6875,1.28875,0.007063750000000001,3.3625000000000007,46.94166666666667,-119.55833330000002
2022-06-26,1.8794784795587591,303.5125,286.975,0.1125,348.01250000000005,1.8175,0.00753,3.5625000000000004,46.94166666666667,-119.55833330000002
2022-07-04,1.9662448425853596,301.6125,286.7875,2.6625000000000005,306.67500000000007,1.36375,0.008790000000000001,3.0250000000000004,46.94166666666667,-119.55833330000002
2022-07-12,2.0457324903804373,304.6625,287.13750000000005,0.0,334.62500000000006,1.8937500000000003,0.007917500000000001,3.4625000000000004,46.94166666666667,-119.55833330000002
2022-07-20,2.038889266330141,308.25,290.975,0.0,328.675,2.71,0.007575,2.8875000000000006,46.94166666666667,-119.55833330000002
2022-07-28,2.158966127353837,309.0249999999999,291.425,0.0,314.9375,3.035,0.006752500000000001,4.2,46.94166666666667,-119.55833330000002
2022-08-05,2.2518325758493893,306.08750000000003,289.1875,0.0,296.6375,2.225,0.0078775,2.7625000000000006,46.94166666666667,-119.55833330000002
2022-08-13,1.9535325227478673,307.25,290.3375,0.0,271.2375,2.5050000000000003,0.0077025,3.225,46.94166666666667,-119.55833330000002
2022-08-21,1.81412193928182,305.1125,289.525,0.0,257.88750000000005,2.02125,0.008587500000000001,3.8750000000000004,46.94166666666667,-119.55833330000002
2022-08-29,1.6980772151294148,305.525,287.3875,0.0,244.8625,2.235,0.006671250000000001,3.2625,46.94166666666667,-119.55833330000002
2022-09-06,1.6452111732445305,300.96250000000003,285.075,0.0,206.72500000000002,1.81125,0.004985,3.3000000000000007,46.94166666666667,-119.55833330000002
2022-09-14,1.4388892663301407,297.275,283.025,0.1625,199.83750000000003,1.13625,0.006302500000000001,3.3750000000000004,46.94166666666667,-119.55833330000002
2022-09-22,1.2869115267536761,299.175,284.15,0.0,189.375,1.405,0.0061075,3.2625000000000006,46.94166666666667,-119.55833330000002
2022-09-30,1.3195555438877893,300.175,284.35,0.0,168.27500000000003,1.4237499999999998,0.006633750000000001,2.5,46.94166666666667,-119.55833330000002
2022-10-08,1.1592564548079878,298.0125,281.5125,0.0,156.76250000000002,1.3175,0.00520625,2.6874999999999996,46.94166666666667,-119.55833330000002
2022-10-24,0.9264672739467991,288.22499999999997,276.98749999999995,0.275,89.47500000000001,0.46875,0.005080000000000001,5.0125,46.94166666666667,-119.55833330000002
2022-11-01,0.9797779752492285,282.1625,273.3375,1.3,72.53750000000001,0.28875000000000006,0.0039000000000000003,4.900000000000001,46.94166666666667,-119.55833330000002
2022-11-09,0.9327891808611886,276.775,268.275,0.0,79.875,0.1975,0.0026675000000000006,2.0875000000000004,46.94166666666667,-119.55833330000002
2022-11-17,0.7466892986975706,275.575,266.54999999999995,0.5375,64.2,0.17875,0.0024187500000000003,2.5750000000000006,46.94166666666667,-119.55833330000002
2022-11-25,0.659111291080912,273.525,264.9,1.2750000000000001,50.41250000000001,0.06875,0.0030912500000000002,3.8,46.94166666666667,-119.55833330000002
2022-12-03,0.41888906302480655,271.13750000000005,265.7875,1.9125,54.2625,0.0175,0.00289125,2.7125,46.94166666666667,-119.55833330000002
2022-12-11,0.259111291080912,271.375,264.76250000000005,0.25,55.22500000000001,0.043750000000000004,0.00268375,1.9625000000000001,46.94166666666667,-119.55833330000002
2022-12-19,0.19933351913701752,264.4,259.2625,2.5375,36.7625,0.01125,0.0023037500000000002,3.3125,46.94166666666667,-119.55833330000002
2022-12-27,0.05977777194389451,277.1,269.9,1.58,52.3,0.074,0.0036820000000000004,4.0600000000000005,46.94166666666667,-119.55833330000002
