date,LAI,tmmx,tmmn,pr,srad,vpd,sph,vs,lat,lon
2000-02-18,0.2,295.45,278.20000000000005,0.8375000000000001,191.08750000000003,1.1387500000000002,0.00462375,5.9125,32.858333333333334,-101.26666663333334
2000-02-26,0.20496196749096862,293.5375,277.4125,1.0125,208.625,1.12,0.0034625000000000003,5.425000000000001,32.858333333333334,-101.26666663333334
2000-03-05,0.20496196749096862,296.09999999999997,278.46250000000003,0.0,219.56250000000003,1.2675000000000003,0.0041675,5.625,32.858333333333334,-101.26666663333334
2000-03-13,0.20496196749096862,295.1875,276.50000000000006,0.037500000000000006,216.82500000000005,1.115,0.004255,4.824999999999999,32.858333333333334,-101.26666663333334
2000-03-21,0.2909247202111364,297.8,282.45,9.825000000000001,212.07500000000002,1.18375,0.00656125,4.2250000000000005,32.858333333333334,-101.26666663333334
2000-03-29,0.30000000000000004,293.375,278.8125,1.9500000000000002,228.25000000000003,0.9375,0.005158750000000001,5.075,32.858333333333334,-101.26666663333334
2000-04-06,0.39092472021113644,298.4875,281.34999999999997,0.125,262.2875,1.4012499999999999,0.005540000000000001,5.2875,32.858333333333334,-101.26666663333334
2000-04-14,0.4049619674909687,303.525,286.025,0.0,281.46250000000003,2.09375,0.00572875,5.275,32.858333333333334,-101.26666663333334
2000-04-22,0.5,303.0,285.8625,1.475,284.51250000000005,1.7537500000000001,0.007402500000000001,5.4125000000000005,32.858333333333334,-101.26666663333334
2000-04-30,0.4995047414698751,303.9875,288.0875,0.1,296.0375,1.9925000000000002,0.00818625,4.8875,32.858333333333334,-101.26666663333334
2000-05-08,0.4995047414698751,306.2375,289.375,0.08750000000000001,316.83750000000003,2.4349999999999996,0.007480000000000001,6.375,32.858333333333334,-101.26666663333334
2000-05-16,0.4914199787412613,305.91249999999997,290.01250000000005,1.6125000000000003,297.71250000000003,2.36625,0.00819375,5.7125,32.858333333333334,-101.26666663333334
2000-05-24,0.5049619674909687,309.2875,293.59999999999997,1.5750000000000002,325.6,2.71125,0.0102025,5.3125,32.858333333333334,-101.26666663333334
2000-06-01,0.5914199787412613,301.9375,290.9375,5.8375,277.6125,1.05375,0.01311,4.2250000000000005,32.858333333333334,-101.26666663333334
2000-06-09,0.6000000000000001,305.2,291.78749999999997,1.25,302.1875,1.27875,0.014606250000000001,6.4375,32.858333333333334,-101.26666663333334
2000-06-17,0.7000000000000002,303.2625,293.0875,3.1,256.15,1.18125,0.014636250000000002,5.5249999999999995,32.858333333333334,-101.26666663333334
2000-06-25,0.7140372472798324,304.41249999999997,293.75,6.575,246.65000000000003,1.28625,0.015101250000000002,4.6375,32.858333333333334,-101.26666663333334
2000-07-03,0.7145325058099573,308.4375,293.63750000000005,0.0,335.43750000000006,2.2125000000000004,0.012412500000000002,5.487500000000001,32.858333333333334,-101.26666663333334
2000-07-11,0.7004952585301251,310.4,296.175,0.8625,318.20000000000005,2.84375,0.011776250000000002,3.5125000000000006,32.858333333333334,-101.26666663333334
2000-07-19,,309.3625,294.425,1.6500000000000001,310.0375,2.67,0.01083875,4.0875,32.858333333333334,-101.26666663333334
2000-07-27,,308.225,294.2375,0.41250000000000003,289.8,2.4475000000000002,0.01097125,3.3500000000000005,32.858333333333334,-101.26666663333334
2000-08-04,,309.4125,295.29999999999995,0.5375,298.58750000000003,2.6062499999999997,0.01170875,5.075,32.858333333333334,-101.26666663333334
2000-08-12,,309.6625,294.61249999999995,0.0,297.1625,2.8775,0.00983625,3.9625000000000004,32.858333333333334,-101.26666663333334
2000-08-20,,309.06250000000006,294.04999999999995,0.0,288.45000000000005,2.62625,0.01057125,4.3500000000000005,32.858333333333334,-101.26666663333334
2000-08-28,0.4,310.09999999999997,293.8125,0.0,271.67500000000007,2.93,0.00957875,4.7125,32.858333333333334,-101.26666663333334
2000-09-05,0.4,310.34999999999997,292.75000000000006,0.0,257.9,2.975,0.009173750000000003,4.050000000000001,32.858333333333334,-101.26666663333334
2000-09-13,0.30000000000000004,306.9375,290.1375,0.0,248.83750000000003,2.3525000000000005,0.0084125,4.3625,32.858333333333334,-101.26666663333334
2000-09-21,0.30000000000000004,301.5625,284.3875,0.1875,229.72500000000005,1.6062500000000002,0.00741,4.525000000000001,32.858333333333334,-101.26666663333334
2000-09-29,0.30000000000000004,305.3125,287.55,0.0,207.05000000000004,2.32375,0.0067975000000000015,5.750000000000001,32.858333333333334,-101.26666663333334
2000-10-07,0.30000000000000004,291.1,280.7,1.0,141.3,0.7375,0.006470000000000001,5.3,32.858333333333334,-101.26666663333334
2000-10-15,0.30000000000000004,296.45000000000005,287.40000000000003,5.0,154.85,0.7000000000000001,0.0103725,3.5500000000000003,32.858333333333334,-101.26666663333334
2000-10-23,0.30000000000000004,296.3,286.6,7.2250000000000005,143.22500000000002,0.59875,0.010717500000000001,5.675,32.858333333333334,-101.26666663333334
2000-10-31,0.30000000000000004,291.2375,281.03749999999997,2.5375000000000005,120.73750000000003,0.51375,0.00740875,4.800000000000001,32.858333333333334,-101.26666663333334
2000-11-08,0.2914199787412613,285.2875,272.275,0.4375,142.875,0.41125,0.00409125,3.9250000000000003,32.858333333333334,-101.26666663333334
2000-11-16,0.20496196749096862,284.01250000000005,272.83750000000003,1.7000000000000002,117.9375,0.33,0.00424,3.4125,32.858333333333334,-101.26666663333334
2000-11-24,0.2,287.425,274.5,0.4375,135.9875,0.54875,0.004095,3.975,32.858333333333334,-101.26666663333334
2000-12-02,0.2,284.6125,272.825,0.037500000000000006,126.55000000000001,0.4525,0.0037075000000000007,4.025,32.858333333333334,-101.26666663333334
2000-12-10,0.2,285.66249999999997,271.025,0.2625,128.97500000000002,0.5537500000000001,0.00326625,4.612500000000001,32.858333333333334,-101.26666663333334
2000-12-18,0.2,282.5,270.075,0.0,130.125,0.46625000000000005,0.00259875,4.9875,32.858333333333334,-101.26666663333334
2000-12-26,0.2,276.3333333333333,267.90000000000003,1.0666666666666667,109.98333333333335,0.16666666666666666,0.0028750000000000004,3.3833333333333333,32.858333333333334,-101.26666663333334
2001-01-01,0.2,283.4625,270.3,0.0625,125.98750000000001,0.40750000000000003,0.00338125,3.6875000000000004,32.858333333333334,-101.26666663333334
2001-01-09,0.19141997874126132,285.2875,274.05,2.0125,115.775,0.4225,0.0041725,4.275,32.858333333333334,-101.26666663333334
2001-01-17,0.2,283.46250000000003,271.75000000000006,0.1125,114.6625,0.38375,0.0035700000000000003,3.4875000000000003,32.858333333333334,-101.26666663333334
2001-01-25,0.2,283.625,271.8125,1.1875,124.4,0.37125,0.0037825000000000003,4.45,32.858333333333334,-101.26666663333334
2001-02-02,0.20496196749096862,289.40000000000003,273.23749999999995,1.3375000000000001,166.125,0.635,0.00425,4.7875000000000005,32.858333333333334,-101.26666663333334
2001-02-10,0.2914199787412613,286.7125,273.95000000000005,1.125,151.02500000000003,0.36,0.00532,3.8625000000000007,32.858333333333334,-101.26666663333334
2001-02-18,0.30000000000000004,291.3,275.45000000000005,0.225,180.78750000000002,0.6612500000000001,0.005156250000000001,5.1125,32.858333333333334,-101.26666663333334
2001-02-26,0.39092472021113644,287.95,276.5,2.3125,144.175,0.44875,0.0054912500000000005,2.9750000000000005,32.858333333333334,-101.26666663333334
2001-03-06,0.4,291.0375,278.67499999999995,2.725,194.31249999999997,0.615,0.005838750000000001,4.6,32.858333333333334,-101.26666663333334
2001-03-14,0.5,289.375,276.57500000000005,0.7125000000000001,213.18750000000003,0.675,0.00459625,4.800000000000001,32.858333333333334,-101.26666663333334
2001-03-22,0.5864580112502927,289.08750000000003,276.5875,1.4,201.91250000000002,0.455,0.00606125,4.5875,32.858333333333334,-101.26666663333334
2001-03-30,0.6950380325090315,301.04999999999995,284.5125,0.1375,246.53750000000002,1.32125,0.00868875,5.250000000000001,32.858333333333334,-101.26666663333334
2001-04-07,0.6864580112502928,300.7625,284.37499999999994,0.1875,264.51250000000005,1.5225000000000002,0.006956250000000001,5.300000000000001,32.858333333333334,-101.26666663333334
2001-04-15,0.7004952585301251,298.8125,283.4125,0.2625,246.97500000000002,1.2125000000000001,0.007737500000000001,7.05,32.858333333333334,-101.26666663333334
2001-04-23,0.7000000000000002,298.0,282.1375,0.2625,291.2,1.29625,0.005823750000000001,4.8625,32.858333333333334,-101.26666663333334
2001-05-01,0.6054572260210935,302.1875,286.90000000000003,2.1,280.7875,1.35875,0.009821249999999998,5.762500000000001,32.858333333333334,-101.26666663333334
2001-05-09,0.6054572260210935,304.2625,288.425,1.25,299.7875000000001,1.62375,0.01022125,5.2625,32.858333333333334,-101.26666663333334
2001-05-17,0.5140372472798322,304.2875,288.0625,0.1,300.8875,1.98625,0.008033750000000001,4.0875,32.858333333333334,-101.26666663333334
2001-05-25,0.5054572260210936,305.725,291.35,4.0875,300.3,1.65375,0.0125225,5.0375000000000005,32.858333333333334,-101.26666663333334
2001-06-02,0.5049619674909687,308.0875,293.5125,0.525,316.6,2.16,0.01244375,5.487500000000001,32.858333333333334,-101.26666663333334
2001-06-10,0.5,309.3625,293.5125,0.35000000000000003,323.1875,2.69375,0.01027625,5.3125,32.858333333333334,-101.26666663333334
2001-07-04,0.4054572260210936,310.075,294.71250000000003,0.0,338.32500000000005,2.76375,0.01116,4.4875,32.858333333333334,-101.26666663333334
2001-07-12,0.4049619674909687,311.62500000000006,297.00000000000006,0.08750000000000001,299.58750000000003,3.0637499999999998,0.012242500000000003,4.750000000000001,32.858333333333334,-101.26666663333334
2001-07-20,0.4,311.22499999999997,297.0875,0.45,312.7375,3.12,0.011463750000000002,4.2875,32.858333333333334,-101.26666663333334
2001-07-28,0.4,309.59999999999997,295.9625,0.08750000000000001,295.6875,2.5962500000000004,0.01244875,4.5625,32.858333333333334,-101.26666663333334
2001-08-05,0.4,308.625,294.5625,1.475,265.6125,2.4524999999999997,0.01152125,3.525,32.858333333333334,-101.26666663333334
2001-08-13,0.4,307.55,294.68749999999994,1.3125000000000002,251.23749999999998,2.0200000000000005,0.01336,3.25,32.858333333333334,-101.26666663333334
2001-08-21,0.4054572260210936,306.3,294.2,2.8125000000000004,238.325,1.8112500000000002,0.013385,4.4875,32.858333333333334,-101.26666663333334
2001-08-29,0.5,302.72499999999997,291.0875,3.1500000000000004,214.01250000000002,1.1637499999999998,0.013042500000000002,3.0125000000000006,32.858333333333334,-101.26666663333334
2001-09-06,0.5,303.9625,289.55,0.0625,233.875,1.5325,0.011155,4.5375,32.858333333333334,-101.26666663333334
2001-09-14,0.5054572260210936,305.35,291.2625,2.95,224.10000000000002,1.565,0.01259375,4.562499999999999,32.858333333333334,-101.26666663333334
2001-09-22,0.5054572260210936,300.625,285.3875,0.325,235.475,1.4087500000000002,0.007881250000000001,3.712500000000001,32.858333333333334,-101.26666663333334
2001-09-30,0.5004952585301249,298.8375,283.12500000000006,1.2750000000000001,211.93750000000006,1.21375,0.0073025,4.375,32.858333333333334,-101.26666663333334
2001-10-08,0.5004952585301249,299.36250000000007,284.01249999999993,0.28750000000000003,197.0,1.27125,0.0074237500000000015,4.9624999999999995,32.858333333333334,-101.26666663333334
2001-10-16,0.5,300.57500000000005,282.04999999999995,0.0,193.77500000000003,1.55125,0.006030000000000001,4.550000000000001,32.858333333333334,-101.26666663333334
2001-10-24,0.4054572260210936,296.82499999999993,281.91249999999997,0.0,170.775,1.1487500000000002,0.005965000000000001,5.3500000000000005,32.858333333333334,-101.26666663333334
2001-11-01,0.4,297.75000000000006,284.91249999999997,0.0,150.1875,1.11125,0.007700000000000001,4.0125,32.858333333333334,-101.26666663333334
2001-11-09,0.30545722602109354,292.9625,282.65,9.5625,122.7375,0.57875,0.007994999999999999,3.9,32.858333333333334,-101.26666663333334
2001-11-17,0.30000000000000004,290.4125,278.12500000000006,1.9750000000000003,125.1375,0.6062500000000001,0.005631250000000001,4.7625,32.858333333333334,-101.26666663333334
2001-11-25,0.30000000000000004,284.34999999999997,272.575,0.4625,105.2375,0.50125,0.00364625,5.0875,32.858333333333334,-101.26666663333334
2001-12-03,0.30000000000000004,290.9875,277.15000000000003,0.0,131.5875,0.7899999999999999,0.00457875,5.0249999999999995,32.858333333333334,-101.26666663333334
2001-12-11,0.30000000000000004,287.6,273.9875,0.8,105.1375,0.59125,0.0038262500000000007,4.4,32.858333333333334,-101.26666663333334
2001-12-19,0.30000000000000004,285.77500000000003,272.95,0.1125,126.88749999999999,0.64625,0.0027025,3.7625,32.858333333333334,-101.26666663333334
2001-12-27,0.2,280.15999999999997,270.02,0.0,104.3,0.43000000000000005,0.002436,3.4800000000000004,32.858333333333334,-101.26666663333334
2002-01-01,0.30000000000000004,282.7,270.375,0.0,109.93750000000001,0.43875,0.00300125,3.6375,32.858333333333334,-101.26666663333334
2002-01-09,0.30000000000000004,289.9375,274.6625,0.0,136.85,0.83375,0.00321,4.6625,32.858333333333334,-101.26666663333334
2002-01-25,0.30000000000000004,290.0125,273.02500000000003,1.0125,146.65,0.77125,0.0037662500000000005,4.0875,32.858333333333334,-101.26666663333334
2002-02-02,0.30000000000000004,285.43750000000006,273.325,3.2,131.62500000000003,0.54375,0.003365,3.9875000000000003,32.858333333333334,-101.26666663333334
2002-02-10,0.30000000000000004,287.4375,271.54999999999995,0.0,186.03750000000002,0.7312500000000002,0.00249875,4.9,32.858333333333334,-101.26666663333334
2002-02-18,0.30000000000000004,293.78749999999997,275.9875,0.0,184.3375,1.1724999999999999,0.0030712499999999998,5.300000000000001,32.858333333333334,-101.26666663333334
2002-02-26,0.39141997874126133,285.4125,267.25,0.0,203.95000000000002,0.7475,0.0014900000000000002,5.7125,32.858333333333334,-101.26666663333334
2002-03-06,0.39141997874126133,296.1125,276.63750000000005,0.0625,217.0625,1.47125,0.0026174999999999996,6.112500000000001,32.858333333333334,-101.26666663333334
2002-03-14,0.4,291.76250000000005,278.675,3.0,189.85000000000002,0.9387500000000001,0.0042125,4.8375,32.858333333333334,-101.26666663333334
2002-03-22,0.4,294.72499999999997,276.725,0.9125000000000001,235.3125,1.1825,0.00405125,5.300000000000001,32.858333333333334,-101.26666663333334
2002-03-30,0.6000000000000001,290.8625,278.26250000000005,4.075,221.42499999999998,0.6,0.0060275,5.612500000000001,32.858333333333334,-101.26666663333334
2002-04-07,0.6864580112502928,299.1875,284.425,0.45,266.51250000000005,1.2025000000000001,0.00792875,4.55,32.858333333333334,-101.26666663333334
2002-04-15,0.7859627527201678,302.84999999999997,288.34999999999997,0.07500000000000001,269.1375,1.6562500000000002,0.00884875,6.1,32.858333333333334,-101.26666663333334
2002-04-23,0.7864580112502928,302.5125,287.61250000000007,2.925,263.97499999999997,1.8750000000000002,0.007382500000000001,5.375,32.858333333333334,-101.26666663333334
2002-05-01,0.7000000000000002,304.36249999999995,289.03749999999997,1.3625000000000003,295.2375,2.0325,0.00802625,6.075000000000001,32.858333333333334,-101.26666663333334
2002-05-09,0.6914199787412614,302.6375,286.0125,0.0,308.5375,1.7149999999999999,0.00799875,6.512500000000001,32.858333333333334,-101.26666663333334
2002-05-17,0.6914199787412614,301.66249999999997,285.3625,0.0625,308.76250000000005,1.5500000000000003,0.007793750000000001,6.725000000000001,32.858333333333334,-101.26666663333334
2002-05-25,0.6909247202111365,304.36249999999995,290.0,2.8000000000000003,299.34999999999997,1.5425000000000002,0.011358750000000003,3.9375000000000004,32.858333333333334,-101.26666663333334
2002-06-02,0.6000000000000001,305.96250000000003,292.275,0.8875,302.41249999999997,1.6912500000000001,0.012821250000000003,5.6375,32.858333333333334,-101.26666663333334
2002-06-10,0.6000000000000001,305.7375,293.425,2.3625000000000003,286.325,1.57375,0.01405,5.987500000000001,32.858333333333334,-101.26666663333334
2002-06-18,0.6859627527201679,307.40000000000003,293.0,0.05,314.0375,2.0500000000000003,0.012137500000000002,5.65,32.858333333333334,-101.26666663333334
2002-06-26,0.6909247202111365,305.25,292.225,2.9250000000000003,299.7375,1.4625,0.013732500000000002,4.2625,32.858333333333334,-101.26666663333334
2002-07-04,0.6914199787412614,302.7875,293.2,5.1375,260.38750000000005,1.10375,0.014772500000000001,3.1875,32.858333333333334,-101.26666663333334
2002-07-12,0.7000000000000002,306.40000000000003,294.08750000000003,1.4250000000000003,307.2625,1.645,0.014403750000000002,4.112500000000001,32.858333333333334,-101.26666663333334
2002-07-20,0.7000000000000002,309.37499999999994,295.35,0.037500000000000006,320.5125,2.3962499999999998,0.013120000000000003,5.3375,32.858333333333334,-101.26666663333334
2002-07-28,0.6914199787412614,307.91249999999997,295.30000000000007,2.4875000000000003,285.8125,1.965,0.014431250000000003,5.075,32.858333333333334,-101.26666663333334
2002-08-05,0.6054572260210935,307.25,294.4125,0.525,273.0,1.9800000000000002,0.0131775,3.8750000000000004,32.858333333333334,-101.26666663333334
2002-08-13,0.6054572260210935,308.9375,294.4625,1.9875,273.4,2.0025,0.014807500000000001,6.325000000000001,32.858333333333334,-101.26666663333334
2002-08-21,0.6054572260210935,310.09999999999997,294.775,0.1625,278.15,2.4725,0.01316375,4.950000000000001,32.858333333333334,-101.26666663333334
2002-08-29,0.6054572260210935,306.6875,292.99999999999994,0.6875,257.0375,1.87,0.012628750000000001,3.8250000000000006,32.858333333333334,-101.26666663333334
2002-09-06,0.5054572260210936,303.59999999999997,291.175,1.75,218.65,1.2887499999999998,0.012945000000000002,3.7250000000000005,32.858333333333334,-101.26666663333334
2002-09-14,0.5049619674909687,303.79999999999995,288.59999999999997,0.8875000000000001,225.1625,1.5175,0.01080625,4.800000000000001,32.858333333333334,-101.26666663333334
2002-09-22,0.5054572260210936,302.575,286.58750000000003,0.0,233.56250000000003,1.6575,0.007953750000000002,3.9375000000000004,32.858333333333334,-101.26666663333334
2002-09-30,0.5054572260210936,300.7,287.9625,1.65,176.81250000000003,1.1475,0.0106125,5.3375,32.858333333333334,-101.26666663333334
2002-10-08,0.5004952585301249,294.125,283.125,3.3375000000000004,177.3625,0.625,0.00852375,3.575,32.858333333333334,-101.26666663333334
2002-10-16,0.5,294.15,283.1875,2.25,156.51250000000002,0.46624999999999994,0.009373750000000002,3.8875,32.858333333333334,-101.26666663333334
2002-10-24,0.4054572260210936,287.625,280.59999999999997,7.875,121.61250000000001,0.1325,0.008376250000000002,3.437500000000001,32.858333333333334,-101.26666663333334
2002-11-01,0.4054572260210936,289.2875,276.7625,1.3625000000000003,127.03750000000001,0.5,0.00583375,4.5375000000000005,32.858333333333334,-101.26666663333334
2002-11-09,0.4,290.7,278.59999999999997,0.1375,134.60000000000002,0.73125,0.005125,4.775,32.858333333333334,-101.26666663333334
2002-11-17,0.4,292.9875,277.3375,0.0,145.375,0.9075000000000001,0.0044575000000000005,4.362500000000001,32.858333333333334,-101.26666663333334
2002-11-25,0.38596275272016783,286.59999999999997,273.275,0.0,118.08750000000002,0.59375,0.00350875,4.35,32.858333333333334,-101.26666663333334
2002-12-03,0.30000000000000004,282.575,272.55,5.2124999999999995,96.3375,0.17875000000000002,0.00482375,3.6125000000000007,32.858333333333334,-101.26666663333334
2002-12-11,0.30000000000000004,290.025,275.4875,0.0,128.0,0.7537499999999999,0.003966250000000001,5.1375,32.858333333333334,-101.26666663333334
2002-12-19,0.30000000000000004,283.43749999999994,271.6875,1.0250000000000001,121.0375,0.43125,0.00327,4.562500000000001,32.858333333333334,-101.26666663333334
2002-12-27,0.30000000000000004,287.9,274.06000000000006,0.0,124.24000000000001,0.64,0.0036200000000000004,4.5200000000000005,32.858333333333334,-101.26666663333334
2003-01-01,0.3945427739789065,289.1625,273.33750000000003,0.0,131.5875,0.6599999999999999,0.0038450000000000003,4.250000000000001,32.858333333333334,-101.26666663333334
2003-01-09,0.3945427739789065,286.9875,271.88750000000005,0.1375,131.6625,0.52125,0.0038137500000000003,4.3125,32.858333333333334,-101.26666663333334
2003-01-17,0.3945427739789065,284.9875,269.3375,0.0,140.5,0.5925,0.0027612500000000002,3.9500000000000006,32.858333333333334,-101.26666663333334
2003-01-25,0.3945427739789065,289.6875,272.92499999999995,0.0,155.70000000000002,0.64625,0.004157500000000001,4.5875,32.858333333333334,-101.26666663333334
2003-02-02,0.4,285.4625,271.975,0.037500000000000006,150.175,0.56,0.00339375,5.112500000000001,32.858333333333334,-101.26666663333334
2003-02-10,0.4,290.25,275.4625,0.0,164.28750000000002,0.7124999999999999,0.00449375,4.3875,32.858333333333334,-101.26666663333334
2003-02-18,0.4995047414698751,285.12500000000006,273.06249999999994,1.5,151.6625,0.52,0.0038450000000000003,4.8875,32.858333333333334,-101.26666663333334
2003-02-26,0.5,288.45000000000005,272.09999999999997,0.0,198.825,0.57875,0.004221250000000001,4.0625,32.858333333333334,-101.26666663333334
2003-03-06,0.5,297.47499999999997,278.425,0.0,212.8,1.245,0.00503125,4.1375,32.858333333333334,-101.26666663333334
2003-03-14,0.5,294.13750000000005,280.1875,1.475,185.2125,0.97625,0.005535000000000001,5.425000000000001,32.858333333333334,-101.26666663333334
2003-03-22,0.5,293.725,277.21250000000003,0.5,227.25,1.0275,0.0046300000000000004,5.362500000000001,32.858333333333334,-101.26666663333334
2003-03-30,0.5,299.0625,280.425,0.2,263.21250000000003,1.6374999999999997,0.0040575,5.5625,32.858333333333334,-101.26666663333334
2003-04-07,0.5,298.725,280.3375,0.0,274.52500000000003,1.525,0.004710000000000001,4.487500000000001,32.858333333333334,-101.26666663333334
2003-04-15,0.5,299.3125,284.6125,0.6,259.85,1.54875,0.00578,6.4750000000000005,32.858333333333334,-101.26666663333334
2003-04-23,0.5,303.4375,285.7,1.55,288.6,1.9975,0.0061825000000000005,5.4,32.858333333333334,-101.26666663333334
2003-05-01,0.5,304.55,287.4625,0.0,314.45000000000005,2.2800000000000002,0.00570625,5.0125,32.858333333333334,-101.26666663333334
2003-05-09,0.5,304.93750000000006,289.0,0.037500000000000006,309.95000000000005,2.1637500000000003,0.0077475,5.250000000000001,32.858333333333334,-101.26666663333334
2003-05-17,0.5,303.4875,287.3625,3.3875,276.4,1.5762500000000002,0.010060000000000001,4.625000000000001,32.858333333333334,-101.26666663333334
2003-05-25,0.5054572260210936,303.49999999999994,289.8875,3.2500000000000004,305.57500000000005,1.60375,0.010498750000000003,3.9750000000000005,32.858333333333334,-101.26666663333334
2003-06-02,0.5140372472798322,302.55,289.5625,8.5125,315.375,1.075,0.012941250000000001,5.4625,32.858333333333334,-101.26666663333334
2003-06-10,0.5140372472798322,304.15,290.7125,0.3375,312.63750000000005,1.6175000000000002,0.011033750000000002,3.9250000000000003,32.858333333333334,-101.26666663333334
2003-06-18,0.6000000000000001,306.5375,293.075,1.6375,301.95,1.68,0.013911250000000002,5.700000000000001,32.858333333333334,-101.26666663333334
2003-06-26,0.6049619674909686,305.175,292.975,2.9375,310.00000000000006,1.61875,0.013027500000000001,3.9250000000000003,32.858333333333334,-101.26666663333334
2003-07-04,0.6000000000000001,306.55,293.55,0.0,321.4875,1.7275,0.013857500000000003,4.9875,32.858333333333334,-101.26666663333334
2003-07-12,0.5054572260210936,309.5,294.3,0.0,334.7875,2.585,0.011506250000000003,4.45,32.858333333333334,-101.26666663333334
2003-07-20,0.5049619674909687,309.4625,295.275,0.1375,319.2375,2.56625,0.01205875,4.5375,32.858333333333334,-101.26666663333334
2003-07-28,0.41403724727983227,309.58750000000003,295.03749999999997,0.325,310.4,2.60625,0.011842500000000002,4.0125,32.858333333333334,-101.26666663333334
2003-08-05,0.4049619674909687,310.65,295.83750000000003,0.05,296.05,3.0675,0.01053875,4.0625,32.858333333333334,-101.26666663333334
2003-08-13,0.4049619674909687,306.625,293.0,0.0,277.33750000000003,2.1687499999999997,0.010777500000000002,4.300000000000001,32.858333333333334,-101.26666663333334
2003-08-21,0.4054572260210936,307.1875,293.9625,0.3375,262.95000000000005,2.07625,0.01225375,3.9750000000000005,32.858333333333334,-101.26666663333334
2003-08-29,0.4914199787412613,301.5375000000001,291.3875,6.075,226.85000000000002,1.1700000000000002,0.012255000000000002,3.4499999999999997,32.858333333333334,-101.26666663333334
2003-09-06,0.5054572260210936,303.59999999999997,290.51250000000005,1.35,241.08749999999998,1.5075,0.011230000000000004,4.862500000000001,32.858333333333334,-101.26666663333334
2003-09-14,0.5054572260210936,300.3875,287.075,0.0,218.95000000000002,1.1,0.010405000000000001,5.7250000000000005,32.858333333333334,-101.26666663333334
2003-09-22,0.5054572260210936,301.76250000000005,289.0,1.0,222.03750000000002,1.3449999999999998,0.010252500000000001,4.2125,32.858333333333334,-101.26666663333334
2003-09-30,0.5054572260210936,299.6875,286.725,2.8249999999999997,199.41249999999997,1.0075,0.010176250000000001,4.2625,32.858333333333334,-101.26666663333334
2003-10-08,0.5054572260210936,299.0875,287.075,0.3875,173.38750000000002,0.93125,0.010451250000000002,4.362500000000001,32.858333333333334,-101.26666663333334
2003-10-16,0.5054572260210936,302.31249999999994,285.38750000000005,0.0,195.02500000000003,1.8537500000000002,0.006068750000000001,3.5375000000000005,32.858333333333334,-101.26666663333334
2003-10-24,0.5004952585301249,297.40000000000003,281.3875,0.275,180.83750000000003,1.36625,0.00508375,4.937500000000001,32.858333333333334,-101.26666663333334
2003-11-01,0.4054572260210936,292.5625,282.425,1.5875,134.76250000000002,0.7562500000000001,0.007427500000000002,5.075000000000001,32.858333333333334,-101.26666663333334
2003-11-09,0.4054572260210936,293.11249999999995,281.5,0.3625,124.28750000000002,0.7837500000000001,0.0065899999999999995,4.9750000000000005,32.858333333333334,-101.26666663333334
2003-11-17,0.30545722602109354,291.5625,276.625,0.0,144.775,1.03,0.0033012500000000004,5.7875,32.858333333333334,-101.26666663333334
2003-11-25,0.30496196749096866,289.1875,274.3625,0.0,137.6625,0.8337499999999999,0.0030325000000000005,5.2125,32.858333333333334,-101.26666663333334
2003-12-03,0.30000000000000004,289.75,273.6125,0.0,127.225,0.87875,0.0029000000000000007,4.8625,32.858333333333334,-101.26666663333334
2003-12-11,0.30000000000000004,288.3,271.6375,0.0,137.21250000000003,0.8437499999999999,0.0021,4.6875,32.858333333333334,-101.26666663333334
2003-12-19,0.20545722602109356,291.03749999999997,273.71250000000003,0.0,135.82500000000002,0.91625,0.002965,5.1375,32.858333333333334,-101.26666663333334
2003-12-27,0.20545722602109356,286.43999999999994,272.17999999999995,0.0,137.95999999999998,0.764,0.002108,5.3,32.858333333333334,-101.26666663333334
2004-01-01,0.20496196749096862,288.15000000000003,272.325,0.0,127.0875,0.7437499999999999,0.00349,5.0375000000000005,32.858333333333334,-101.26666663333334
2004-01-09,0.2,289.9625,276.53749999999997,3.1375,105.47500000000001,0.6275000000000001,0.00486625,3.175,32.858333333333334,-101.26666663333334
2004-01-17,0.2,285.2375,273.20000000000005,2.425,110.68750000000001,0.33,0.00468875,3.9,32.858333333333334,-101.26666663333334
2004-01-25,0.20496196749096862,287.325,272.2125,0.0,145.45000000000002,0.63375,0.0031950000000000004,5.325000000000001,32.858333333333334,-101.26666663333334
2004-02-02,0.20496196749096862,285.875,272.6125,0.08750000000000001,166.35000000000002,0.54125,0.0033150000000000002,4.5,32.858333333333334,-101.26666663333334
2004-02-10,0.2,282.1875,270.375,0.5,132.6875,0.395,0.0031750000000000003,3.3874999999999997,32.858333333333334,-101.26666663333334
2004-02-18,0.20496196749096862,288.72499999999997,276.3125,3.875,151.27500000000003,0.60375,0.00479875,5.2625,32.858333333333334,-101.26666663333334
2004-02-26,0.2914199787412613,288.45,277.1625,6.85,176.95000000000002,0.50875,0.00528,5.825,32.858333333333334,-101.26666663333334
2004-03-05,0.30000000000000004,290.57500000000005,279.2125,2.575,192.2875,0.8025000000000001,0.004580000000000001,5.225,32.858333333333334,-101.26666663333334
2004-03-13,0.39141997874126133,297.03749999999997,283.325,0.8875000000000001,218.825,1.0437500000000002,0.0074887500000000015,4.425,32.858333333333334,-101.26666663333334
2004-03-21,0.4914199787412613,297.0,285.075,0.5,213.07500000000002,1.0325000000000002,0.007940000000000001,6.762499999999999,32.858333333333334,-101.26666663333334
2004-03-29,0.5914199787412613,294.35,282.125,8.2125,212.825,0.9512499999999998,0.006181250000000001,4.25,32.858333333333334,-101.26666663333334
2004-04-06,0.6914199787412614,291.31249999999994,280.28749999999997,1.0625,244.07500000000002,0.68125,0.006158749999999999,4.3875,32.858333333333334,-101.26666663333334
2004-04-14,0.7054572260210936,301.425,285.3875,0.07500000000000001,276.05,1.4425000000000001,0.00814,6.612500000000001,32.858333333333334,-101.26666663333334
2004-04-22,0.7914199787412614,299.175,284.675,0.05,278.425,1.2537500000000001,0.007541250000000001,4.450000000000001,32.858333333333334,-101.26666663333334
2004-04-30,0.8,300.675,284.66249999999997,0.0,306.7375,1.55,0.006977500000000001,5.275,32.858333333333334,-101.26666663333334
2004-05-08,0.7909247202111365,302.6625,288.125,0.6,303.3375,1.43375,0.010311250000000001,5.8375,32.858333333333334,-101.26666663333334
2004-05-16,0.7000000000000002,306.68750000000006,291.2125,0.0,318.225,2.04875,0.01073625,6.762500000000001,32.858333333333334,-101.26666663333334
2004-05-24,0.7000000000000002,306.61249999999995,291.9125,0.8625,306.75,2.4250000000000003,0.0084675,4.750000000000001,32.858333333333334,-101.26666663333334
2004-06-01,0.6049619674909686,306.16249999999997,291.34999999999997,5.1000000000000005,305.4875,1.8387500000000003,0.0117725,5.6000000000000005,32.858333333333334,-101.26666663333334
2004-06-09,0.6049619674909686,308.0,291.9625,0.5750000000000001,321.77500000000003,1.98,0.0127625,5.75,32.858333333333334,-101.26666663333334
2004-06-17,0.6049619674909686,304.84999999999997,292.83750000000003,4.4375,289.1000000000001,1.56375,0.01301,4.7875000000000005,32.858333333333334,-101.26666663333334
2004-06-25,0.6049619674909686,304.0,291.8625,3.5500000000000003,292.1625,1.4900000000000002,0.01244375,3.8374999999999995,32.858333333333334,-101.26666663333334
2004-07-03,0.6049619674909686,308.45,294.27500000000003,1.0250000000000001,322.55,2.17625,0.0130075,6.175000000000001,32.858333333333334,-101.26666663333334
2004-07-11,0.6054572260210935,307.4625,293.825,0.47500000000000003,331.375,2.27375,0.01118125,4.375,32.858333333333334,-101.26666663333334
2004-07-19,0.6194944733009258,303.15,293.57500000000005,4.675000000000001,226.38750000000005,1.5000000000000002,0.012757500000000001,3.8125,32.858333333333334,-101.26666663333334
2004-07-27,0.7140372472798324,304.2375,292.95,7.0875,288.625,1.36125,0.0139375,3.2125000000000004,32.858333333333334,-101.26666663333334
2004-08-04,0.8140372472798323,304.4875,294.11249999999995,5.850000000000001,295.0125,1.4662499999999998,0.013913750000000003,3.3000000000000003,32.858333333333334,-101.26666663333334
2004-08-12,0.823112527068696,301.03749999999997,290.5625,1.5625,241.66250000000002,1.1637499999999998,0.011474999999999999,3.9,32.858333333333334,-101.26666663333334
2004-08-20,1.0090752797888636,306.0875,292.47499999999997,0.875,282.325,1.695,0.013057500000000001,5.187500000000001,32.858333333333334,-101.26666663333334
2004-08-28,0.922617268538571,302.225,290.5875,2.3375,257.3125,1.2462499999999999,0.011842500000000002,4.05,32.858333333333334,-101.26666663333334
2004-09-05,0.9090752797888637,301.83750000000003,287.84999999999997,0.0,255.12500000000006,1.55,0.008535,4.0,32.858333333333334,-101.26666663333334
2004-09-13,0.8085800212587388,305.375,291.075,0.037500000000000006,236.53750000000002,1.6225,0.0121575,5.425,32.858333333333334,-101.26666663333334
2004-09-21,0.800495258530125,299.01250000000005,289.75,7.237500000000001,190.275,0.9,0.01154125,4.1375,32.858333333333334,-101.26666663333334
2004-09-29,0.8,297.66249999999997,286.75,8.9375,189.38750000000002,0.6812500000000001,0.010975,4.0,32.858333333333334,-101.26666663333334
2004-10-07,0.7950380325090315,295.775,284.225,5.15,198.52500000000003,0.6475,0.009436250000000002,3.7625,32.858333333333334,-101.26666663333334
2004-10-15,0.7000000000000002,299.15,284.6875,0.625,179.1875,1.235,0.007738750000000001,5.137500000000001,32.858333333333334,-101.26666663333334
2004-10-23,0.7000000000000002,298.09999999999997,285.85,0.125,165.47500000000002,0.855,0.009863750000000001,5.050000000000001,32.858333333333334,-101.26666663333334
2004-10-31,0.6000000000000001,290.525,277.825,2.0875,131.675,0.66625,0.005355,4.2,32.858333333333334,-101.26666663333334
2004-11-08,0.5,287.2125,278.81249999999994,10.150000000000002,106.0875,0.33249999999999996,0.006542500000000001,4.9,32.858333333333334,-101.26666663333334
2004-11-16,0.5,289.875,281.52500000000003,9.887500000000001,116.7625,0.2525,0.008367500000000002,3.375,32.858333333333334,-101.26666663333334
2004-11-24,0.4,286.9625,273.975,0.0,128.0125,0.46875,0.004436250000000001,5.3125,32.858333333333334,-101.26666663333334
2004-12-02,0.4,290.28749999999997,275.21250000000003,1.0125,129.03750000000002,0.7125,0.00429375,5.087500000000001,32.858333333333334,-101.26666663333334
2004-12-10,0.39092472021113644,287.6875,273.15,0.0,136.43750000000003,0.68,0.0033137500000000007,4.1375,32.858333333333334,-101.26666663333334
2004-12-18,0.30000000000000004,282.75,269.3625,0.9000000000000001,120.9875,0.4725,0.00285375,4.8125,32.858333333333334,-101.26666663333334
2004-12-26,0.30000000000000004,290.3333333333333,275.3833333333334,0.0,133.55,0.5766666666666667,0.0053166666666666675,5.0,32.858333333333334,-101.26666663333334
2005-01-01,0.30000000000000004,289.40000000000003,276.6875,2.1375,119.55,0.4,0.0065975,4.375,32.858333333333334,-101.26666663333334
2005-01-09,0.30000000000000004,287.07500000000005,274.125,0.0,132.9875,0.5725,0.00419375,4.95,32.858333333333334,-101.26666663333334
2005-01-17,0.30000000000000004,286.65000000000003,272.075,0.0,137.41250000000002,0.5537500000000001,0.0036175,4.1625,32.858333333333334,-101.26666663333334
2005-01-25,0.30000000000000004,284.95,273.3,1.9,122.0875,0.3675,0.00444625,4.112500000000001,32.858333333333334,-101.26666663333334
2005-02-02,0.39141997874126133,285.325,273.9875,1.9625000000000001,152.8,0.355,0.0046387500000000005,3.5375000000000005,32.858333333333334,-101.26666663333334
2005-02-10,0.48596275272016776,289.47499999999997,277.46250000000003,0.1125,145.4125,0.67875,0.0047550000000000005,4.887499999999999,32.858333333333334,-101.26666663333334
2005-02-18,0.4914199787412613,289.0125,277.8875,0.625,145.62500000000003,0.50625,0.005895000000000001,4.4,32.858333333333334,-101.26666663333334
2005-02-26,0.5859627527201678,290.4625,276.57500000000005,2.2750000000000004,190.175,0.5775,0.005483750000000001,3.075,32.858333333333334,-101.26666663333334
2005-03-06,0.6000000000000001,294.0375,278.34999999999997,0.0,218.73749999999998,0.9725,0.004875000000000001,4.6625000000000005,32.858333333333334,-101.26666663333334
2005-03-14,0.6914199787412614,289.18750000000006,275.45,0.675,192.91250000000002,0.72,0.004105,5.0,32.858333333333334,-101.26666663333334
2005-03-22,0.7859627527201678,293.675,277.8625,1.0875000000000001,214.4875,0.9974999999999998,0.0046162500000000006,5.5125,32.858333333333334,-101.26666663333334
2005-03-30,0.8859627527201679,295.575,279.3875,0.0,258.4375,1.2575000000000003,0.004175000000000001,6.825,32.858333333333334,-101.26666663333334
2005-04-07,0.9000000000000001,297.92499999999995,281.1125,0.0,274.675,1.46875,0.00437125,4.800000000000001,32.858333333333334,-101.26666663333334
2005-04-15,0.9859627527201678,301.4375,284.55,0.0,268.98750000000007,1.4975000000000003,0.0075450000000000005,5.387500000000001,32.858333333333334,-101.26666663333334
2005-04-23,0.9004952585301249,296.05,280.375,0.4625,251.41250000000002,1.2925000000000002,0.00463125,4.6125,32.858333333333334,-101.26666663333334
2005-05-01,0.9004952585301249,294.075,282.31249999999994,1.4125000000000003,241.97500000000002,0.7612500000000001,0.0076500000000000005,5.575,32.858333333333334,-101.26666663333334
2005-05-09,0.9054572260210936,301.125,287.84999999999997,2.7750000000000004,303.11249999999995,1.32875,0.009770000000000001,5.762500000000001,32.858333333333334,-101.26666663333334
2005-05-17,0.9140372472798323,306.9,291.6625,0.0,318.55,2.2025000000000006,0.010112500000000002,4.65,32.858333333333334,-101.26666663333334
2005-05-25,1.0,300.8875,289.9375,5.025,286.475,1.0025,0.012285,4.025,32.858333333333334,-101.26666663333334
2005-06-02,1.0054572260210937,306.6125,292.825,3.9750000000000005,319.45,1.8125000000000002,0.012906250000000003,5.4,32.858333333333334,-101.26666663333334
2005-06-10,1.0054572260210937,306.65,293.04999999999995,0.2375,315.0375,1.8975,0.01254125,5.6,32.858333333333334,-101.26666663333334
2005-06-18,0.9140372472798323,307.2125,292.58750000000003,0.0,322.575,2.15375,0.011102500000000001,4.6375,32.858333333333334,-101.26666663333334
2005-06-26,0.9004952585301249,308.96250000000003,293.2875,1.1500000000000001,321.68750000000006,2.40125,0.011633750000000002,5.0375000000000005,32.858333333333334,-101.26666663333334
2005-07-04,0.818999214770801,308.34999999999997,294.125,2.0000000000000004,327.0875,2.20125,0.012690000000000002,4.0,32.858333333333334,-101.26666663333334
2005-07-12,0.8054572260210936,306.91249999999997,294.31249999999994,2.3875,306.0250000000001,1.9787499999999998,0.012781250000000001,3.825,32.858333333333334,-101.26666663333334
2005-07-20,0.7194944733009259,307.3125,292.9624999999999,2.925,280.1375,1.96375,0.012803750000000003,5.125,32.858333333333334,-101.26666663333334
2005-07-28,0.7140372472798324,304.575,291.825,1.85,292.6625,1.5937500000000002,0.012150000000000001,2.9124999999999996,32.858333333333334,-101.26666663333334
2005-08-05,0.8049619674909687,303.975,292.0625,4.7625,262.575,1.20875,0.01417875,3.9375,32.858333333333334,-101.26666663333334
2005-08-13,0.8140372472798323,302.8,292.125,9.812500000000002,231.57500000000002,0.9475,0.01521875,4.425,32.858333333333334,-101.26666663333334
2005-08-21,0.9140372472798323,306.775,293.37500000000006,1.5625,283.9375,1.7312499999999997,0.01381625,4.0375,32.858333333333334,-101.26666663333334
2005-08-29,0.9054572260210936,304.28749999999997,291.8375,0.28750000000000003,245.2375,1.5587499999999999,0.011970000000000001,3.725,32.858333333333334,-101.26666663333334
2005-09-06,0.9085800212587387,305.23749999999995,290.07500000000005,0.0,253.85,1.6162499999999997,0.01167625,4.8375,32.858333333333334,-101.26666663333334
2005-09-14,0.8140372472798323,306.58750000000003,291.3125,0.5750000000000001,244.57500000000002,1.775,0.012435000000000002,4.7125,32.858333333333334,-101.26666663333334
2005-09-22,0.8,305.97499999999997,289.8125,0.0,228.66250000000002,2.14,0.009210000000000001,4.0,32.858333333333334,-101.26666663333334
2005-09-30,0.7000000000000002,301.90000000000003,286.4625,5.1,177.32500000000002,1.33875,0.010306250000000001,5.6875,32.858333333333334,-101.26666663333334
2005-10-08,0.7000000000000002,296.9125,284.82500000000005,2.9875000000000003,179.41250000000005,0.875,0.008632500000000001,2.9625000000000004,32.858333333333334,-101.26666663333334
2005-10-16,0.6000000000000001,298.5,284.7125,0.0,187.15,1.1075,0.0084175,3.7875,32.858333333333334,-101.26666663333334
2005-10-24,0.6000000000000001,293.2875,279.75,1.0375,169.275,0.6737500000000001,0.0067887500000000005,4.512499999999999,32.858333333333334,-101.26666663333334
2005-11-01,0.5,299.72499999999997,280.525,0.0,163.0,1.4637500000000003,0.005452500000000001,5.125,32.858333333333334,-101.26666663333334
2005-11-09,0.4,294.34999999999997,278.0375,0.0,153.03750000000002,1.06625,0.004765000000000001,4.7250000000000005,32.858333333333334,-101.26666663333334
2005-11-17,0.39141997874126133,291.775,274.34999999999997,0.0,143.75000000000003,1.0499999999999998,0.0026449999999999998,3.7000000000000006,32.858333333333334,-101.26666663333334
2005-11-25,0.30000000000000004,290.2125,272.7375,0.0,138.65,0.93375,0.0026475,5.550000000000001,32.858333333333334,-101.26666663333334
2005-12-03,0.30000000000000004,283.25,266.425,0.0,138.4625,0.6150000000000001,0.0018800000000000004,4.375,32.858333333333334,-101.26666663333334
2005-12-11,0.30000000000000004,285.2125,272.125,0.037500000000000006,109.8625,0.57625,0.0028537500000000004,3.9375000000000004,32.858333333333334,-101.26666663333334
2005-12-19,0.30000000000000004,290.6375,273.65,0.1,133.1125,0.84625,0.0033825000000000005,4.375,32.858333333333334,-101.26666663333334
2005-12-27,0.30000000000000004,291.9,276.98,0.0,137.06,1.116,0.0025139999999999997,4.880000000000001,32.858333333333334,-101.26666663333334
2006-01-01,0.30000000000000004,295.1375,276.17499999999995,0.0,131.7375,1.40375,0.00222,5.2250000000000005,32.858333333333334,-101.26666663333334
2006-01-09,0.30000000000000004,292.45,273.525,0.0,137.88750000000002,1.1275,0.0022712500000000003,5.35,32.858333333333334,-101.26666663333334
2006-01-17,0.30000000000000004,290.2,272.175,0.0,141.425,0.9125000000000001,0.0024925000000000004,4.4125000000000005,32.858333333333334,-101.26666663333334
2006-01-25,0.2909247202111364,292.47499999999997,275.2125,0.55,150.675,0.96875,0.00344625,5.375000000000002,32.858333333333334,-101.26666663333334
2006-02-02,0.2995047414698751,290.65,273.78749999999997,0.0,175.75,1.0399999999999998,0.00203625,4.375000000000001,32.858333333333334,-101.26666663333334
2006-02-10,0.2909247202111364,289.3375,272.025,0.0,179.4,1.0362500000000001,0.0017125,6.050000000000001,32.858333333333334,-101.26666663333334
2006-02-18,0.2909247202111364,287.0875,273.07500000000005,0.7125000000000001,158.32500000000002,0.62375,0.0038637500000000004,3.9250000000000007,32.858333333333334,-101.26666663333334
2006-02-26,0.2914199787412613,297.175,280.15000000000003,0.0,190.02500000000003,1.3937500000000003,0.004546250000000001,5.637499999999999,32.858333333333334,-101.26666663333334
2006-03-06,0.30000000000000004,296.78749999999997,282.24999999999994,0.21250000000000002,215.25,1.55375,0.0036,6.2,32.858333333333334,-101.26666663333334
2006-03-14,0.30000000000000004,290.2,277.09999999999997,3.9625000000000004,196.43750000000003,0.8150000000000002,0.00396625,5.612500000000001,32.858333333333334,-101.26666663333334
2006-03-22,0.30000000000000004,291.775,276.625,0.5875,225.93750000000003,0.865,0.00460625,5.3875,32.858333333333334,-101.26666663333334
2006-03-30,0.30496196749096866,300.725,285.7625,0.1875,248.4375,1.6649999999999998,0.0063025,5.65,32.858333333333334,-101.26666663333334
2006-04-07,0.4,302.2375,283.58750000000003,0.0,266.85,1.795,0.006220000000000001,5.95,32.858333333333334,-101.26666663333334
2006-04-15,0.5,303.12500000000006,285.84999999999997,2.9125,270.7375,2.06,0.005783750000000001,5.3375,32.858333333333334,-101.26666663333334
2006-04-23,0.5945427739789065,300.7,285.28749999999997,0.525,285.8875,1.585,0.0069925,5.65,32.858333333333334,-101.26666663333334
2006-05-01,0.6000000000000001,303.275,288.21250000000003,3.4875000000000003,289.48750000000007,1.5475,0.009962500000000001,5.5,32.858333333333334,-101.26666663333334
2006-05-09,0.6945427739789066,301.0875,286.125,0.0,303.85,1.8525,0.005760000000000001,4.675,32.858333333333334,-101.26666663333334
2006-05-17,0.6995047414698752,307.9,289.8125,0.05,323.2375,2.7112499999999997,0.007008750000000001,4.625,32.858333333333334,-101.26666663333334
2006-05-25,0.6945427739789066,306.95,292.79999999999995,4.0625,317.70000000000005,2.145,0.01111375,5.3500000000000005,32.858333333333334,-101.26666663333334
2006-06-02,0.6945427739789066,307.98749999999995,291.66249999999997,0.0,314.8500000000001,2.61,0.008503750000000001,4.55,32.858333333333334,-101.26666663333334
2006-06-10,0.6859627527201679,310.325,292.8125,0.2875,319.57500000000005,2.92375,0.009385000000000001,5.2124999999999995,32.858333333333334,-101.26666663333334
2006-06-18,0.6000000000000001,307.8875,292.90000000000003,2.3125,311.225,2.1100000000000003,0.01226875,4.425000000000001,32.858333333333334,-101.26666663333334
2006-06-26,0.6000000000000001,305.2125,291.57500000000005,0.375,313.43750000000006,2.03125,0.00958375,3.8375,32.858333333333334,-101.26666663333334
2006-07-04,0.6000000000000001,307.82500000000005,293.825,0.825,318.6,2.0812500000000003,0.012807500000000003,4.437500000000001,32.858333333333334,-101.26666663333334
2006-07-12,0.5914199787412613,311.07500000000005,296.12499999999994,0.3875,330.12500000000006,3.03125,0.011265,4.4125000000000005,32.858333333333334,-101.26666663333334
2006-07-20,0.5049619674909687,309.7125,294.95,0.0,327.0625,2.785,0.010725000000000002,3.9875,32.858333333333334,-101.26666663333334
2006-07-28,0.5054572260210936,308.27500000000003,295.34999999999997,0.8625,294.65000000000003,2.1525000000000003,0.01355125,5.5125,32.858333333333334,-101.26666663333334
2006-08-05,0.5054572260210936,308.78749999999997,294.5125,1.1125,281.52500000000003,2.3112500000000002,0.01259,4.0625,32.858333333333334,-101.26666663333334
2006-08-13,0.5054572260210936,306.8,294.47499999999997,4.3500000000000005,247.8125,1.7200000000000002,0.014481250000000001,3.8625000000000003,32.858333333333334,-101.26666663333334
2006-08-21,0.6054572260210935,307.43750000000006,295.2125,1.775,250.775,1.90125,0.014328750000000001,3.3000000000000003,32.858333333333334,-101.26666663333334
2006-08-29,0.7004952585301251,300.22499999999997,289.5625,10.525,209.32500000000002,0.9175,0.012740000000000001,3.6,32.858333333333334,-101.26666663333334
2006-09-06,0.800495258530125,301.0,288.3375,2.9375000000000004,239.775,1.0687499999999999,0.011255000000000001,3.4875000000000003,32.858333333333334,-101.26666663333334
2006-09-14,0.8950380325090315,302.2125,288.8125,0.2,243.05000000000004,1.26375,0.01117125,6.000000000000001,32.858333333333334,-101.26666663333334
2006-09-22,0.8140372472798323,300.12500000000006,286.1625,0.037500000000000006,224.90000000000003,1.555,0.006900000000000001,4.3,32.858333333333334,-101.26666663333334
2006-09-30,0.8,303.32500000000005,288.72499999999997,0.0,211.45000000000005,1.4537499999999999,0.010570000000000001,4.575,32.858333333333334,-101.26666663333334
2006-10-08,0.7090752797888638,297.4625,284.6875,11.4625,183.96249999999998,0.8125,0.009385000000000001,4.025,32.858333333333334,-101.26666663333334
2006-10-16,0.7090752797888638,293.2625,280.51250000000005,1.4125,192.5625,0.79,0.0062725,4.4125000000000005,32.858333333333334,-101.26666663333334
2006-10-24,0.7004952585301251,294.925,281.32500000000005,0.05,171.625,0.98,0.00596625,5.5875,32.858333333333334,-101.26666663333334
2006-11-01,0.6090752797888637,293.75,278.63750000000005,0.0,159.2,0.84375,0.0059475,3.9625,32.858333333333334,-101.26666663333334
2006-11-09,0.5914199787412613,293.6375,276.875,0.0,153.7125,1.0950000000000002,0.00380625,5.525000000000001,32.858333333333334,-101.26666663333334
2006-11-17,0.5,293.77500000000003,276.5,0.0,145.525,0.97375,0.0043187500000000005,4.2124999999999995,32.858333333333334,-101.26666663333334
2006-11-25,0.40049525853012496,289.1375,275.0875,0.4,125.2125,0.6,0.005291250000000001,5.5375000000000005,32.858333333333334,-101.26666663333334
2006-12-03,0.39141997874126133,283.85,269.92499999999995,0.0,133.2875,0.39125000000000004,0.0035225000000000005,4.625,32.858333333333334,-101.26666663333334
2006-12-11,0.30000000000000004,293.575,276.975,0.05,134.57500000000002,1.0575,0.0037562500000000005,4.675000000000001,32.858333333333334,-101.26666663333334
2006-12-19,0.30000000000000004,285.0,272.90000000000003,3.1750000000000003,127.62500000000003,0.43875,0.0037462500000000004,4.2875000000000005,32.858333333333334,-101.26666663333334
2006-12-27,0.30000000000000004,287.52000000000004,276.14,3.8,113.52000000000001,0.556,0.004542,5.040000000000001,32.858333333333334,-101.26666663333334
2007-01-01,0.2914199787412613,285.7875,272.4125,0.125,125.975,0.535,0.00339125,3.875,32.858333333333334,-101.26666663333334
2007-01-09,0.2914199787412613,283.66249999999997,271.91249999999997,0.2,112.37500000000001,0.365,0.004208750000000001,5.137499999999999,32.858333333333334,-101.26666663333334
2007-01-17,0.2914199787412613,277.44999999999993,269.3875,3.3875,88.26250000000002,0.14125000000000001,0.003445,3.6875,32.858333333333334,-101.26666663333334
2007-01-25,0.30000000000000004,281.5625,270.4375,0.8,141.8,0.23750000000000002,0.00382,3.5375,32.858333333333334,-101.26666663333334
2007-02-02,0.30000000000000004,286.1,271.425,0.23750000000000002,169.875,0.46875,0.004062500000000001,3.5875000000000004,32.858333333333334,-101.26666663333334
2007-02-10,0.30000000000000004,284.9125,269.96250000000003,0.1625,156.78750000000002,0.45875000000000005,0.0037387500000000003,4.737500000000001,32.858333333333334,-101.26666663333334
2007-02-18,0.30000000000000004,293.71250000000003,276.525,0.0,198.7125,1.0799999999999998,0.0036649999999999994,6.112500000000001,32.858333333333334,-101.26666663333334
2007-02-26,0.30000000000000004,290.425,275.1,0.0,214.70000000000005,1.1425,0.0017687500000000004,4.9750000000000005,32.858333333333334,-101.26666663333334
2007-03-06,0.4,294.65,279.6375,5.65,196.42499999999998,0.9687500000000001,0.0054575000000000005,3.875,32.858333333333334,-101.26666663333334
2007-03-14,0.5859627527201678,298.275,282.5625,0.0,217.95,1.1050000000000002,0.007547500000000001,4.9125000000000005,32.858333333333334,-101.26666663333334
2007-03-22,0.6859627527201679,297.91249999999997,285.83750000000003,5.9375,220.175,1.04125,0.008505000000000002,4.9624999999999995,32.858333333333334,-101.26666663333334
2007-03-30,0.7914199787412614,293.1625,280.05,1.6625,224.275,0.87125,0.0058312500000000005,5.237500000000001,32.858333333333334,-101.26666663333334
2007-04-07,0.7914199787412614,291.02500000000003,276.65,0.8125000000000001,234.78750000000002,0.79625,0.004981250000000001,5.3375,32.858333333333334,-101.26666663333334
2007-04-15,0.8914199787412613,297.83750000000003,281.46250000000003,0.8625,269.6125,1.0887499999999999,0.00698625,5.5625,32.858333333333334,-101.26666663333334
2007-04-23,0.9004952585301249,298.48749999999995,285.375,4.675000000000001,258.8875,1.1425,0.0081175,5.025,32.858333333333334,-101.26666663333334
2007-05-01,1.000495258530125,299.225,288.7,5.75,265.5,1.0050000000000001,0.010700000000000003,4.3,32.858333333333334,-101.26666663333334
2007-05-09,1.1,296.4875,286.3,4.474999999999999,262.8,0.7275,0.010077500000000001,3.2625,32.858333333333334,-101.26666663333334
2007-05-17,1.100495258530125,297.92499999999995,287.0,2.0000000000000004,259.0625,0.7425,0.011205000000000001,5.3375,32.858333333333334,-101.26666663333334
2007-05-25,1.2000000000000002,301.5,289.075,4.812500000000001,306.575,1.04,0.012095000000000002,4.262500000000001,32.858333333333334,-101.26666663333334
2007-06-02,1.2090752797888638,303.55,290.54999999999995,2.1125,311.81250000000006,1.43125,0.011725000000000001,4.6,32.858333333333334,-101.26666663333334
2007-06-10,1.3000000000000003,302.325,291.01250000000005,5.112500000000001,283.83750000000003,1.2174999999999998,0.012302500000000001,3.9250000000000003,32.858333333333334,-101.26666663333334
2007-06-18,1.3036180537677704,305.11249999999995,292.225,1.8,293.4625,1.35,0.014358750000000002,4.3,32.858333333333334,-101.26666663333334
2007-06-26,1.2085800212587388,303.475,291.6625,2.275,296.5,1.14625,0.014002500000000001,3.5500000000000007,32.858333333333334,-101.26666663333334
2007-07-04,1.2036180537677703,305.0875,293.32500000000005,1.55,317.75,1.40875,0.01450125,3.5125000000000006,32.858333333333334,-101.26666663333334
2007-07-12,1.0090752797888636,305.28749999999997,292.85,0.6375000000000001,322.76250000000005,1.5375,0.013462500000000002,3.9250000000000003,32.858333333333334,-101.26666663333334
2007-07-20,1.0085800212587388,303.2875,291.4625,2.6625,290.70000000000005,1.165,0.013543750000000002,3.6500000000000004,32.858333333333334,-101.26666663333334
2007-07-28,1.0036180537677701,303.0875,293.6,5.4375,255.08750000000006,1.1125000000000003,0.014803750000000001,3.3875,32.858333333333334,-101.26666663333334
2007-08-05,1.0036180537677701,307.575,293.97499999999997,0.0,303.25,1.88125,0.013893750000000002,5.062500000000001,32.858333333333334,-101.26666663333334
2007-08-13,0.9950380325090314,305.3,293.96250000000003,11.537500000000001,261.6125,1.59125,0.013852500000000002,4.425,32.858333333333334,-101.26666663333334
2007-08-21,1.0036180537677701,305.3875,292.9000000000001,0.5375,280.97499999999997,1.40625,0.01438375,5.7,32.858333333333334,-101.26666663333334
2007-08-29,0.9085800212587387,303.0625,291.5125,0.23750000000000002,248.99999999999997,1.3012500000000002,0.01253875,3.3000000000000003,32.858333333333334,-101.26666663333334
2007-09-06,0.9036180537677702,303.275,291.5125,2.4375,231.53750000000002,1.20625,0.013555000000000001,3.9000000000000004,32.858333333333334,-101.26666663333334
2007-09-14,0.8090752797888637,303.85,290.35,0.575,238.41250000000002,1.21,0.013225000000000002,5.050000000000001,32.858333333333334,-101.26666663333334
2007-09-22,0.8085800212587388,303.8125,291.07500000000005,1.9500000000000002,225.46250000000003,1.3325,0.01268,4.5125,32.858333333333334,-101.26666663333334
2007-09-30,0.7085800212587389,305.71250000000003,290.5375,0.0,210.0875,1.815,0.010953750000000002,4.9125,32.858333333333334,-101.26666663333334
2007-10-08,0.6085800212587388,302.4,287.575,0.0,194.57500000000002,1.59,0.008595,4.9125,32.858333333333334,-101.26666663333334
2007-10-16,0.5085800212587388,299.03749999999997,281.725,0.25,195.97500000000002,1.6312499999999999,0.0045650000000000005,6.4375,32.858333333333334,-101.26666663333334
2007-10-24,0.5,296.51250000000005,278.65,0.0,182.83750000000003,1.26875,0.0041775,4.062500000000001,32.858333333333334,-101.26666663333334
2007-11-01,0.4,295.38750000000005,278.675,0.0,159.46250000000003,1.10375,0.0049675,4.0875,32.858333333333334,-101.26666663333334
2007-11-09,0.4,297.21250000000003,281.5375,0.0,147.075,1.18375,0.00617,4.9,32.858333333333334,-101.26666663333334
2007-11-17,0.30000000000000004,289.01250000000005,276.5875,0.0,119.075,0.87875,0.00408,4.1375,32.858333333333334,-101.26666663333334
2007-11-25,0.30000000000000004,288.6625,275.375,1.5750000000000002,117.13750000000002,0.6175,0.00455125,5.050000000000001,32.858333333333334,-101.26666663333334
2007-12-03,0.30000000000000004,291.1375,275.15,0.30000000000000004,131.35000000000002,0.7625000000000001,0.004480000000000001,4.4875,32.858333333333334,-101.26666663333334
2007-12-11,0.30000000000000004,285.04999999999995,271.2375,3.5875000000000004,118.2875,0.4425,0.0036600000000000005,4.55,32.858333333333334,-101.26666663333334
2007-12-19,0.30000000000000004,286.6375,271.25,0.0,128.1375,0.70375,0.00243375,4.9125,32.858333333333334,-101.26666663333334
2007-12-27,0.21403724727983225,282.9,269.02,0.0,137.95999999999998,0.5200000000000001,0.0021300000000000004,4.74,32.858333333333334,-101.26666663333334
2008-01-01,0.20496196749096862,288.7875,272.5375,0.0,130.2375,0.8175,0.00298,5.412500000000001,32.858333333333334,-101.26666663333334
2008-01-09,0.2914199787412613,287.6,272.43750000000006,0.0,135.20000000000002,0.7637499999999999,0.002405,4.5125,32.858333333333334,-101.26666663333334
2008-01-17,0.20496196749096862,281.4125,267.0875,0.05,120.9625,0.38375000000000004,0.0025150000000000003,4.4125000000000005,32.858333333333334,-101.26666663333334
2008-01-25,0.20496196749096862,290.95,273.4625,0.1125,147.5125,0.93,0.0029875000000000006,6.4125000000000005,32.858333333333334,-101.26666663333334
2008-02-02,0.2914199787412613,291.5125,273.25,0.0,173.90000000000003,1.05375,0.0022800000000000003,5.425,32.858333333333334,-101.26666663333334
2008-02-10,0.30000000000000004,292.09999999999997,274.82500000000005,0.4375,171.3125,0.925,0.003716250000000001,5.3875,32.858333333333334,-101.26666663333334
2008-02-18,0.30000000000000004,294.7875,275.6625,0.0,194.875,1.1775,0.00345,4.825,32.858333333333334,-101.26666663333334
2008-02-26,0.30000000000000004,294.175,274.9375,0.08750000000000001,193.61249999999998,1.1812500000000001,0.00317,6.0375000000000005,32.858333333333334,-101.26666663333334
2008-03-05,0.30000000000000004,290.425,273.65000000000003,0.0,191.00000000000003,0.935,0.0027500000000000003,5.1000000000000005,32.858333333333334,-101.26666663333334
2008-03-13,0.30000000000000004,296.25000000000006,279.1875,1.0,218.71249999999998,1.345,0.0038462500000000007,5.775,32.858333333333334,-101.26666663333334
2008-03-21,0.30000000000000004,296.5875,278.90000000000003,0.3125,226.58749999999998,1.3987500000000002,0.003948750000000001,6.100000000000001,32.858333333333334,-101.26666663333334
2008-03-29,0.30000000000000004,298.45,281.925,0.0,247.01250000000002,1.425,0.0054825,5.5125,32.858333333333334,-101.26666663333334
2008-04-06,0.4,297.0375,281.4375,1.975,269.8,1.50875,0.00385125,5.2250000000000005,32.858333333333334,-101.26666663333334
2008-04-14,0.4049619674909687,301.7375,281.025,0.0,287.4375,1.9475,0.00392625,6.400000000000001,32.858333333333334,-101.26666663333334
2008-04-22,0.5,300.3125,283.03749999999997,5.050000000000001,256.4125,1.64375,0.005600000000000001,5.175000000000001,32.858333333333334,-101.26666663333334
2008-04-30,0.6000000000000001,301.05,285.175,2.625,306.225,1.7262499999999998,0.00615875,6.4625,32.858333333333334,-101.26666663333334
2008-05-08,0.6995047414698752,302.2625,285.97499999999997,0.8125,301.15000000000003,1.85375,0.006477500000000001,5.1125,32.858333333333334,-101.26666663333334
2008-05-16,0.6995047414698752,305.3625,287.9,0.0,314.20000000000005,2.4675000000000002,0.005770000000000001,5.0,32.858333333333334,-101.26666663333334
2008-05-24,0.6995047414698752,308.275,293.2125,2.375,319.5625,2.43875,0.010650000000000001,5.8625,32.858333333333334,-101.26666663333334
2008-06-01,0.6909247202111365,309.8125,293.45,0.0,322.67499999999995,2.7824999999999998,0.010127500000000001,8.1375,32.858333333333334,-101.26666663333334
2008-06-09,0.6049619674909686,309.6375,293.6125,1.725,320.62500000000006,2.6037500000000002,0.011135000000000003,6.35,32.858333333333334,-101.26666663333334
2008-06-17,0.6909247202111365,306.1625,293.775,5.637499999999999,305.2,2.0762500000000004,0.01117,4.025,32.858333333333334,-101.26666663333334
2008-06-25,0.6049619674909686,305.77500000000003,293.3,1.8375,302.52500000000003,1.91875,0.011692500000000002,5.424999999999999,32.858333333333334,-101.26666663333334
2008-07-03,0.6049619674909686,305.02500000000003,292.08750000000003,1.2000000000000002,325.1625,1.5625,0.012705,5.775000000000001,32.858333333333334,-101.26666663333334
2008-07-11,0.6000000000000001,307.1625,294.3875,3.6,309.88750000000005,1.99625,0.012973750000000001,4.6,32.858333333333334,-101.26666663333334
2008-07-19,0.6000000000000001,307.6875,293.96250000000003,0.0,327.9125,2.2475,0.011562500000000003,4.425,32.858333333333334,-101.26666663333334
2008-07-27,0.6000000000000001,309.425,295.8125,1.725,308.75000000000006,2.5025,0.012730000000000002,4.1375,32.858333333333334,-101.26666663333334
2008-08-04,0.6049619674909686,307.3,294.675,6.025,288.50000000000006,2.1100000000000003,0.012561250000000003,3.7625,32.858333333333334,-101.26666663333334
2008-08-12,0.7004952585301251,302.9625,291.55,4.4375,258.40000000000003,1.31125,0.012610000000000001,3.8000000000000003,32.858333333333334,-101.26666663333334
2008-08-20,0.8909247202111364,304.8875,290.85,0.0,277.06250000000006,1.43875,0.01291875,3.825,32.858333333333334,-101.26666663333334
2008-08-28,0.9000000000000001,303.0,291.26250000000005,1.2625000000000002,228.66250000000002,1.2825,0.01263875,3.7375,32.858333333333334,-101.26666663333334
2008-09-05,0.9000000000000001,300.55,289.51250000000005,14.05,196.03750000000002,0.97125,0.012196250000000002,4.050000000000001,32.858333333333334,-101.26666663333334
2008-09-13,0.9000000000000001,299.2375,286.05000000000007,0.0,238.6625,1.1124999999999998,0.00894,2.9749999999999996,32.858333333333334,-101.26666663333334
2008-09-21,0.9000000000000001,301.6875,287.77500000000003,0.0,232.85,1.3599999999999999,0.00949625,3.2375,32.858333333333334,-101.26666663333334
2008-09-29,0.9000000000000001,301.975,286.8875,2.1875,211.7875,1.7000000000000002,0.007232500000000001,4.0875,32.858333333333334,-101.26666663333334
2008-10-07,0.8,300.6375,286.12499999999994,6.6875,180.3,1.1775,0.009575,5.275,32.858333333333334,-101.26666663333334
2008-10-15,0.8,294.85,281.6375,1.25,172.55,0.8275,0.0070975000000000005,3.825,32.858333333333334,-101.26666663333334
2008-10-23,0.7000000000000002,294.525,277.81249999999994,0.0,184.225,1.0650000000000002,0.00445375,3.9749999999999996,32.858333333333334,-101.26666663333334
2008-10-31,0.6054572260210935,297.79999999999995,282.0,0.0,163.95000000000002,1.21125,0.006391249999999999,4.7124999999999995,32.858333333333334,-101.26666663333334
2008-11-08,0.5054572260210936,292.9375,277.7375,0.0,155.27500000000003,1.04875,0.00373375,4.65,32.858333333333334,-101.26666663333334
2008-11-16,0.40049525853012496,290.23749999999995,273.0,0.0,148.95,0.8450000000000002,0.0031425000000000003,4.6875,32.858333333333334,-101.26666663333334
2008-11-24,0.4,289.25,276.7625,0.22500000000000003,111.23750000000001,0.8312499999999999,0.0033875000000000003,3.6875,32.858333333333334,-101.26666663333334
2008-12-02,0.30000000000000004,287.66249999999997,271.8125,0.1625,124.1125,0.775,0.0025650000000000004,5.4750000000000005,32.858333333333334,-101.26666663333334
2008-12-10,0.30000000000000004,288.38750000000005,271.6125,0.0,132.9625,0.75375,0.00288375,4.9875,32.858333333333334,-101.26666663333334
2008-12-18,0.30000000000000004,289.22499999999997,273.8125,0.0,127.33749999999999,0.86375,0.00313625,5.450000000000001,32.858333333333334,-101.26666663333334
2008-12-26,0.30000000000000004,290.31666666666666,273.73333333333335,0.0,138.9,0.9716666666666667,0.0024,5.45,32.858333333333334,-101.26666663333334
2009-01-01,0.30000000000000004,289.775,271.75,0.0,128.8625,0.95125,0.00217125,5.237500000000001,32.858333333333334,-101.26666663333334
2009-01-09,0.30000000000000004,287.2,270.16249999999997,0.0,137.4625,0.78,0.00204375,4.625,32.858333333333334,-101.26666663333334
2009-01-17,0.30000000000000004,293.1625,274.6125,0.0,144.45000000000002,1.19875,0.002475,4.825,32.858333333333334,-101.26666663333334
2009-01-25,0.30000000000000004,287.575,268.3125,0.3125,141.7,0.6725000000000001,0.0026000000000000003,4.4125,32.858333333333334,-101.26666663333334
2009-02-02,0.30000000000000004,292.8375,274.65,1.7625,172.5125,0.93375,0.0039562500000000006,6.0375000000000005,32.858333333333334,-101.26666663333334
2009-02-10,0.30000000000000004,290.71250000000003,274.825,0.08750000000000001,165.98749999999998,0.9275000000000002,0.00310375,5.612500000000001,32.858333333333334,-101.26666663333334
2009-02-18,0.30000000000000004,293.69999999999993,274.86249999999995,0.0,203.25000000000003,1.37125,0.00189625,4.9375,32.858333333333334,-101.26666663333334
2009-02-26,0.30000000000000004,297.07500000000005,276.5625,0.0,214.92500000000004,1.6375,0.00252125,4.9375,32.858333333333334,-101.26666663333334
2009-03-06,0.30545722602109354,293.3125,280.6,1.2750000000000001,152.18750000000003,1.165,0.004675,5.3125,32.858333333333334,-101.26666663333334
2009-03-14,0.30545722602109354,297.3625,279.83750000000003,0.0,223.01250000000002,1.35,0.004788750000000001,4.6000000000000005,32.858333333333334,-101.26666663333334
2009-03-22,0.4,296.075,278.9625,0.0,228.5375,1.4125,0.0034800000000000005,6.8375,32.858333333333334,-101.26666663333334
2009-03-30,0.4054572260210936,295.67499999999995,278.51249999999993,0.0,271.075,1.56,0.002105,6.5125,32.858333333333334,-101.26666663333334
2009-04-07,0.41403724727983227,297.79999999999995,279.9375,1.1125,266.66249999999997,1.6300000000000003,0.0031225000000000007,5.9375,32.858333333333334,-101.26666663333334
2009-04-15,0.5054572260210936,300.16249999999997,283.1875,1.6625,274.35,1.835,0.0041975,5.3500000000000005,32.858333333333334,-101.26666663333334
2009-04-23,0.5140372472798322,303.9875,288.05,0.725,250.51250000000002,1.81875,0.0085175,6.775,32.858333333333334,-101.26666663333334
2009-05-01,0.5140372472798322,303.4,287.025,0.42500000000000004,301.15000000000003,1.4725000000000001,0.010465,4.4125,32.858333333333334,-101.26666663333334
2009-05-09,0.6000000000000001,302.73750000000007,288.125,1.225,283.18750000000006,1.44625,0.010365000000000003,6.5125,32.858333333333334,-101.26666663333334
2009-05-17,0.5140372472798322,299.5625,285.6625,0.8875000000000001,299.55,1.35375,0.007416250000000001,3.7250000000000005,32.858333333333334,-101.26666663333334
2009-05-25,0.5226172685385709,303.75,289.2125,1.1875,319.225,1.9575,0.0077862500000000015,3.7125000000000004,32.858333333333334,-101.26666663333334
2009-06-02,0.6000000000000001,305.875,290.08750000000003,1.0625,297.7625,1.9749999999999996,0.010103750000000002,5.262500000000001,32.858333333333334,-101.26666663333334
2009-06-10,0.6000000000000001,309.41249999999997,293.55,1.2750000000000001,314.58750000000003,2.6975000000000002,0.0102725,5.525,32.858333333333334,-101.26666663333334
2009-06-18,0.6000000000000001,307.7125,294.90000000000003,1.0,309.125,2.05625,0.013378750000000002,4.9875,32.858333333333334,-101.26666663333334
2009-06-26,0.6090752797888637,307.325,294.6125,4.0875,315.1625000000001,2.12125,0.012435000000000002,3.3625000000000003,32.858333333333334,-101.26666663333334
2009-07-04,0.7000000000000002,308.4125,294.6875,3.9375000000000004,326.2625,2.31,0.012476250000000001,4.6125,32.858333333333334,-101.26666663333334
2009-07-12,0.7864580112502928,308.1,293.9375,0.08750000000000001,328.125,2.3425000000000002,0.01133625,4.4125000000000005,32.858333333333334,-101.26666663333334
2009-07-20,0.7950380325090315,306.9249999999999,293.3625,3.75,306.62500000000006,2.07125,0.0117425,4.375,32.858333333333334,-101.26666663333334
2009-07-28,0.7950380325090315,307.82500000000005,294.4875,4.425,304.28749999999997,1.94625,0.01400375,3.5125,32.858333333333334,-101.26666663333334
2009-08-05,0.7914199787412614,308.9875,293.8375,0.8875000000000001,302.45,2.395,0.01187875,5.0375,32.858333333333334,-101.26666663333334
2009-08-13,0.7000000000000002,309.21250000000003,294.23749999999995,1.0,290.21250000000003,2.37875,0.012488750000000002,5.762500000000001,32.858333333333334,-101.26666663333334
2009-08-21,0.600495258530125,307.9625,293.40000000000003,0.4,284.875,2.3949999999999996,0.01066125,4.075,32.858333333333334,-101.26666663333334
2009-08-29,0.6859627527201679,304.625,290.375,0.9375,262.5375,1.7675000000000003,0.01027,3.9000000000000004,32.858333333333334,-101.26666663333334
2009-09-06,0.600495258530125,302.22499999999997,292.5125,4.2625,193.6125,1.2737499999999997,0.012700000000000001,4.2,32.858333333333334,-101.26666663333334
2009-09-14,0.6914199787412614,301.65000000000003,287.6625,0.325,230.16250000000002,1.1225,0.01114625,4.05,32.858333333333334,-101.26666663333334
2009-09-22,0.5914199787412613,299.33750000000003,284.51250000000005,0.15000000000000002,211.40000000000003,1.4262500000000002,0.006783750000000001,4.3,32.858333333333334,-101.26666663333334
2009-09-30,0.5914199787412613,300.6625,285.6375,0.375,199.25000000000003,1.2262499999999998,0.009261250000000002,4.825000000000001,32.858333333333334,-101.26666663333334
2009-10-08,0.4914199787412613,297.2875,283.325,0.8000000000000002,192.4,0.8500000000000001,0.00924,4.612499999999999,32.858333333333334,-101.26666663333334
2009-10-16,0.4054572260210936,294.1375,281.4,1.4125,173.8125,0.7987500000000001,0.006916250000000001,5.3999999999999995,32.858333333333334,-101.26666663333334
2009-10-24,0.39141997874126133,291.4625,276.3,0.55,166.88750000000002,0.8225,0.004463750000000001,5.35,32.858333333333334,-101.26666663333334
2009-11-01,0.39141997874126133,297.07499999999993,279.22499999999997,0.0,164.40000000000003,1.11,0.005685000000000001,4.187500000000001,32.858333333333334,-101.26666663333334
2009-11-09,0.2963819462322299,296.0,281.18749999999994,0.1125,149.5,0.97,0.006707500000000002,4.125,32.858333333333334,-101.26666663333334
2009-11-17,0.2914199787412613,291.875,274.15000000000003,0.0,149.18750000000003,1.01375,0.002795,3.5875000000000004,32.858333333333334,-101.26666663333334
2009-11-25,0.2909247202111364,287.72499999999997,273.8875,2.5,118.82500000000002,0.65625,0.0036612500000000004,3.9250000000000003,32.858333333333334,-101.26666663333334
2009-12-03,0.20496196749096862,280.425,267.1125,0.1375,121.42500000000001,0.28375000000000006,0.00307875,4.7,32.858333333333334,-101.26666663333334
2009-12-11,0.2,289.05,273.02500000000003,0.0,133.4375,0.6975,0.0036175,3.8750000000000004,32.858333333333334,-101.26666663333334
2009-12-19,0.2,285.3125,271.025,1.9250000000000003,123.56250000000001,0.5275000000000001,0.0034087500000000003,4.1375,32.858333333333334,-101.26666663333334
2009-12-27,0.2,280.96,269.08000000000004,0.9400000000000001,105.22000000000003,0.254,0.003476,3.54,32.858333333333334,-101.26666663333334
2010-01-01,0.19141997874126132,279.63750000000005,266.96250000000003,0.0,125.02500000000002,0.31,0.0027837500000000006,3.8500000000000005,32.858333333333334,-101.26666663333334
2010-01-09,0.19141997874126132,286.4,271.09999999999997,0.0,131.93750000000003,0.5025,0.00369125,3.2125000000000004,32.858333333333334,-101.26666663333334
2010-01-17,0.2,293.08750000000003,275.425,0.5375,132.25,1.05625,0.0033599999999999997,6.200000000000001,32.858333333333334,-101.26666663333334
2010-01-25,0.2,283.38750000000005,270.38750000000005,2.1500000000000004,135.47500000000002,0.40375000000000005,0.0036850000000000003,4.225,32.858333333333334,-101.26666663333334
2010-02-02,0.2,279.8875,272.775,5.2625,143.4375,0.15375,0.0044125,4.025,32.858333333333334,-101.26666663333334
2010-02-10,0.2,283.17499999999995,270.45000000000005,1.5875000000000001,155.8625,0.49250000000000005,0.00269375,3.05,32.858333333333334,-101.26666663333334
2010-02-18,0.20496196749096862,286.68750000000006,272.7625,0.0,181.7,0.54625,0.003976250000000001,4.9,32.858333333333334,-101.26666663333334
2010-02-26,0.20496196749096862,289.4875,274.8125,2.7875000000000005,190.9375,0.6849999999999999,0.0042275,5.025,32.858333333333334,-101.26666663333334
2010-03-06,0.2914199787412613,291.9625,278.0375,0.275,209.1,0.9025,0.004402500000000001,5.7,32.858333333333334,-101.26666663333334
2010-03-14,0.30000000000000004,289.4125,273.95000000000005,3.5500000000000003,188.1875,0.64,0.004502500000000001,5.3500000000000005,32.858333333333334,-101.26666663333334
2010-03-22,0.30545722602109354,296.2750000000001,277.48749999999995,0.0,238.475,1.37375,0.00332875,5.5375,32.858333333333334,-101.26666663333334
2010-03-30,0.4049619674909687,302.825,282.775,0.0,265.28749999999997,2.0087500000000005,0.005005,6.800000000000002,32.858333333333334,-101.26666663333334
2010-04-07,0.5,297.12500000000006,282.79999999999995,1.475,258.9375,1.25125,0.0060625,5.800000000000001,32.858333333333334,-101.26666663333334
2010-04-15,0.6864580112502928,292.99999999999994,283.61249999999995,13.537500000000001,212.0625,0.495,0.0090775,4.4750000000000005,32.858333333333334,-101.26666663333334
2010-04-23,0.8,297.85,282.9375,0.0,294.65000000000003,1.40375,0.0054375,6.6125,32.858333333333334,-101.26666663333334
2010-05-01,0.9945427739789066,298.8375000000001,282.4875,0.0,263.7875,1.6575,0.0046575,5.25,32.858333333333334,-101.26666663333334
2010-05-09,1.0864580112502928,299.3375,286.28749999999997,3.2125000000000004,291.0125,1.2025000000000001,0.009263750000000001,5.75,32.858333333333334,-101.26666663333334
2010-05-17,1.1945427739789065,303.43750000000006,290.35,0.1125,307.9375,1.4325,0.011595,6.2625,32.858333333333334,-101.26666663333334
2010-05-25,1.1945427739789065,305.97499999999997,290.8875,0.47500000000000003,320.25000000000006,1.8825,0.010982500000000001,4.2250000000000005,32.858333333333334,-101.26666663333334
2010-06-02,1.0950380325090314,309.0875,293.18749999999994,0.0,317.3375,2.38625,0.01190625,4.3,32.858333333333334,-101.26666663333334
2010-06-10,1.0859627527201678,307.6875,294.72499999999997,5.6000000000000005,310.20000000000005,1.88625,0.014552500000000001,6.45,32.858333333333334,-101.26666663333334
2010-06-18,1.0,309.425,295.02500000000003,0.0,316.58750000000003,2.4387499999999998,0.01271125,5.1000000000000005,32.858333333333334,-101.26666663333334
2010-06-26,1.0859627527201678,302.40000000000003,293.275,9.525000000000002,219.86250000000004,1.0875000000000001,0.014475000000000002,4.3375,32.858333333333334,-101.26666663333334
2010-07-04,1.0859627527201678,302.15000000000003,294.0375,3.6375,261.9875,0.8712500000000001,0.015891250000000003,4.3125,32.858333333333334,-101.26666663333334
2010-07-12,1.185467494190043,306.59999999999997,294.93750000000006,0.0,324.2875,1.6575000000000002,0.014932500000000001,4.537500000000001,32.858333333333334,-101.26666663333334
2010-07-20,1.185467494190043,306.225,293.47499999999997,0.2,312.0375,1.62125,0.014087500000000001,5.025,32.858333333333334,-101.26666663333334
2010-07-28,1.0909247202111365,308.8,294.275,0.1375,311.1,2.335,0.012412500000000002,4.550000000000001,32.858333333333334,-101.26666663333334
2010-08-05,0.9995047414698751,309.375,294.975,1.8000000000000003,286.1875,2.20875,0.01414375,3.5625000000000004,32.858333333333334,-101.26666663333334
2010-08-13,0.9000000000000001,309.51250000000005,295.16249999999997,0.1,285.93749999999994,2.23,0.014312500000000002,3.8375000000000004,32.858333333333334,-101.26666663333334
2010-08-21,0.8085800212587388,306.85,292.1375,0.0,279.9875,2.1425,0.010912500000000002,4.2250000000000005,32.858333333333334,-101.26666663333334
2010-08-29,0.7995047414698752,306.26249999999993,290.6625,6.425000000000001,256.55000000000007,1.8937500000000003,0.011313750000000001,4.9,32.858333333333334,-101.26666663333334
2010-09-06,0.7945427739789066,305.22499999999997,292.0125,2.3375,236.45,1.6075,0.01266125,4.4125,32.858333333333334,-101.26666663333334
2010-09-14,0.7945427739789066,304.6625,291.7625,0.6875,240.3375,1.4725000000000001,0.012980000000000002,4.612500000000001,32.858333333333334,-101.26666663333334
2010-09-22,0.6135419887497073,300.7,289.01250000000005,1.5250000000000001,218.675,1.11625,0.01115625,3.8125,32.858333333333334,-101.26666663333334
2010-09-30,0.5995047414698751,299.1875,284.4875,0.0,209.10000000000002,1.3375,0.007007500000000001,3.7625000000000006,32.858333333333334,-101.26666663333334
2010-10-08,0.6000000000000001,301.02500000000003,283.65000000000003,0.0,204.68750000000003,1.635,0.005962500000000001,3.4625,32.858333333333334,-101.26666663333334
2010-10-16,0.5,299.84999999999997,285.675,0.47500000000000003,184.87500000000003,1.35125,0.007602500000000001,4.3375,32.858333333333334,-101.26666663333334
2010-10-24,0.4995047414698751,299.51250000000005,280.15,0.0,184.38750000000002,1.75125,0.00350375,4.987500000000001,32.858333333333334,-101.26666663333334
2010-11-01,0.4,295.2,278.375,0.0,165.3875,1.28375,0.00342625,5.175,32.858333333333334,-101.26666663333334
2010-11-09,0.4,292.7,276.05,0.3375,152.35,0.9037499999999999,0.004367500000000001,4.45,32.858333333333334,-101.26666663333334
2010-11-17,0.30000000000000004,296.1125,276.3875,0.0,147.1125,1.3,0.0036475000000000006,5.3500000000000005,32.858333333333334,-101.26666663333334
2010-11-25,0.30000000000000004,288.525,270.82500000000005,0.0,142.15,0.9212500000000001,0.0016825000000000002,4.675000000000001,32.858333333333334,-101.26666663333334
2010-12-03,0.30000000000000004,290.12500000000006,271.825,0.0,140.01250000000002,0.9924999999999999,0.0021737500000000003,4.2250000000000005,32.858333333333334,-101.26666663333334
2010-12-11,0.30000000000000004,289.6375,272.0125,0.0,127.86250000000001,1.01875,0.0019612500000000003,4.625,32.858333333333334,-101.26666663333334
2010-12-19,0.30000000000000004,288.08750000000003,273.925,0.1375,133.82500000000002,0.7762499999999999,0.0036525000000000004,4.5375000000000005,32.858333333333334,-101.26666663333334
2010-12-27,0.30000000000000004,288.67999999999995,274.54,0.0,132.76,0.8480000000000001,0.0027600000000000003,6.4,32.858333333333334,-101.26666663333334
2011-01-01,0.30000000000000004,287.62499999999994,271.53749999999997,0.0,133.9875,0.8337500000000001,0.0018700000000000001,4.0,32.858333333333334,-101.26666663333334
2011-01-09,0.30000000000000004,284.5,269.15,0.0,135.93750000000003,0.52875,0.0027137500000000005,3.4125,32.858333333333334,-101.26666663333334
2011-01-17,0.30000000000000004,289.98749999999995,271.8625,0.0,143.32500000000002,0.84375,0.0028675000000000003,4.85,32.858333333333334,-101.26666663333334
2011-01-25,0.30000000000000004,289.375,271.375,0.4375,153.63750000000002,0.95375,0.00198875,4.4375,32.858333333333334,-101.26666663333334
2011-02-02,0.30000000000000004,277.02500000000003,264.41249999999997,0.5875,134.625,0.31999999999999995,0.00207125,5.2875,32.858333333333334,-101.26666663333334
2011-02-10,0.30000000000000004,293.27500000000003,272.34999999999997,0.0,192.1125,1.31125,0.0020012500000000004,4.3375,32.858333333333334,-101.26666663333334
2011-02-18,0.30000000000000004,296.53749999999997,279.6,0.23750000000000002,197.58750000000003,1.2925000000000002,0.004485,5.0375000000000005,32.858333333333334,-101.26666663333334
2011-02-26,0.30000000000000004,296.45,277.6,0.225,213.02500000000003,1.5274999999999999,0.00252,5.4375,32.858333333333334,-101.26666663333334
2011-03-06,0.30000000000000004,297.1,276.77500000000003,0.0,220.17500000000007,1.5887499999999999,0.002275,4.887499999999999,32.858333333333334,-101.26666663333334
2011-03-14,0.30000000000000004,301.98749999999995,282.6875,0.0625,227.39999999999998,1.7137499999999999,0.006275000000000001,5.6125,32.858333333333334,-101.26666663333334
2011-03-22,0.30000000000000004,299.3125,280.75,0.0,240.8125,1.6137499999999998,0.004285000000000001,5.050000000000001,32.858333333333334,-101.26666663333334
2011-03-30,0.30000000000000004,301.9375,280.375,0.0,265.48750000000007,2.0687499999999996,0.0035050000000000003,5.9125000000000005,32.858333333333334,-101.26666663333334
2011-04-07,0.30000000000000004,303.1875,284.78749999999997,0.0,276.925,2.37875,0.0032637500000000006,5.8125,32.858333333333334,-101.26666663333334
2011-04-15,0.30000000000000004,304.25,283.8,0.0,289.1125,2.4050000000000002,0.00395,5.875,32.858333333333334,-101.26666663333334
2011-04-23,0.30496196749096866,303.3625,284.73749999999995,0.0,294.31250000000006,2.29,0.00400875,5.8374999999999995,32.858333333333334,-101.26666663333334
2011-05-01,0.30496196749096866,300.4875,281.22499999999997,0.08750000000000001,294.0125,1.985,0.0037487500000000008,5.9625,32.858333333333334,-101.26666663333334
2011-05-09,0.30496196749096866,302.3125,285.25,0.0,317.8125,2.1862500000000002,0.00423375,5.4375,32.858333333333334,-101.26666663333334
2011-05-17,0.4,305.9125,287.475,0.6375000000000001,328.575,2.6550000000000002,0.0045112500000000005,5.5375000000000005,32.858333333333334,-101.26666663333334
2011-05-25,0.4,309.65000000000003,291.225,0.0,327.81250000000006,3.0812500000000003,0.007271250000000001,6.2875000000000005,32.858333333333334,-101.26666663333334
2011-06-02,0.39141997874126133,309.83750000000003,292.3,0.125,323.2250000000001,3.1187500000000004,0.007457500000000001,6.125,32.858333333333334,-101.26666663333334
2011-06-10,0.39141997874126133,312.9,294.3,1.4375,327.43750000000006,3.68875,0.00826625,6.250000000000001,32.858333333333334,-101.26666663333334
2011-06-18,0.30545722602109354,312.38750000000005,293.95,0.0,328.225,3.7375,0.00725375,6.5874999999999995,32.858333333333334,-101.26666663333334
2011-06-26,0.30496196749096866,311.8375,295.0625,0.0,327.0,3.265,0.010238750000000001,5.725,32.858333333333334,-101.26666663333334
2011-07-04,0.39141997874126133,311.825,295.47499999999997,0.5,333.81250000000006,3.4975000000000005,0.0087725,4.1625,32.858333333333334,-101.26666663333334
2011-07-12,0.39141997874126133,311.66249999999997,297.025,0.125,326.15000000000003,3.25875,0.010981250000000001,4.2375,32.858333333333334,-101.26666663333334
2011-07-20,0.30545722602109354,312.1125,296.73749999999995,0.0,325.51249999999993,3.26375,0.01136625,4.525,32.858333333333334,-101.26666663333334
2011-07-28,0.30545722602109354,311.57499999999993,296.04999999999995,0.0,310.775,3.2275,0.010536250000000002,3.9375000000000004,32.858333333333334,-101.26666663333334
2011-08-05,0.30545722602109354,313.275,296.70000000000005,0.45000000000000007,300.7,3.56375,0.010865000000000001,4.1125,32.858333333333334,-101.26666663333334
2011-08-13,0.30545722602109354,310.42499999999995,295.2125,0.1125,283.7,2.8137499999999998,0.011482500000000001,4.2875000000000005,32.858333333333334,-101.26666663333334
2011-08-21,0.30000000000000004,311.59999999999997,295.62499999999994,0.5,276.1375,3.26125,0.0100925,3.5875000000000004,32.858333333333334,-101.26666663333334
2011-08-29,0.30000000000000004,308.51250000000005,293.9625,0.0,243.05,2.92125,0.00862625,5.25,32.858333333333334,-101.26666663333334
2011-09-06,0.30000000000000004,305.0,289.06250000000006,0.0,228.72500000000002,2.62,0.0047487499999999995,3.0999999999999996,32.858333333333334,-101.26666663333334
2011-09-14,0.30049525853012493,304.78749999999997,288.75,2.7125000000000004,226.1125,1.96125,0.008700000000000001,4.562500000000001,32.858333333333334,-101.26666663333334
2011-09-22,0.30000000000000004,305.91249999999997,288.5375,0.2875,235.61249999999998,2.33125,0.007226250000000001,3.375,32.858333333333334,-101.26666663333334
2011-09-30,0.30000000000000004,303.025,287.0,0.28750000000000003,217.05,1.9425000000000001,0.0065525,5.775,32.858333333333334,-101.26666663333334
2011-10-08,0.30049525853012493,300.92499999999995,286.1,2.8000000000000003,196.3125,1.40125,0.00825125,4.1875,32.858333333333334,-101.26666663333334
2011-10-16,0.30545722602109354,300.83750000000003,282.0375,0.15000000000000002,196.525,1.7500000000000002,0.005072500000000001,4.4875,32.858333333333334,-101.26666663333334
2011-10-24,0.30545722602109354,295.27500000000003,279.0875,0.9125000000000001,166.63750000000005,1.12625,0.00528125,4.7,32.858333333333334,-101.26666663333334
2011-11-01,0.30000000000000004,295.7,277.5,1.0250000000000001,163.40000000000003,1.1637499999999998,0.0045875,5.4375,32.858333333333334,-101.26666663333334
2011-11-09,0.30000000000000004,294.2375,278.175,0.0,150.05,1.18625,0.0037125000000000005,4.875000000000001,32.858333333333334,-101.26666663333334
2011-11-17,0.30000000000000004,293.95000000000005,276.7875,0.22500000000000003,141.5125,0.9425000000000001,0.004761250000000001,4.4750000000000005,32.858333333333334,-101.26666663333334
2011-11-25,0.20496196749096862,288.57500000000005,273.87499999999994,0.23750000000000002,122.31250000000001,0.7449999999999999,0.0032537500000000006,5.325000000000001,32.858333333333334,-101.26666663333334
2011-12-03,0.20496196749096862,281.17499999999995,268.5,0.9125000000000001,113.67500000000001,0.30500000000000005,0.0032625000000000006,4.2,32.858333333333334,-101.26666663333334
2011-12-11,0.2,287.9875,276.225,0.5875,104.5625,0.51125,0.00500875,4.5,32.858333333333334,-101.26666663333334
2011-12-19,0.2,282.5875,272.7875,3.2,102.9625,0.355,0.0037750000000000006,4.4,32.858333333333334,-101.26666663333334
2011-12-27,0.2,290.62,273.5,0.0,137.24,0.868,0.0032080000000000003,4.08,32.858333333333334,-101.26666663333334
2012-01-01,0.2,288.75,272.925,0.0,131.925,0.7937500000000001,0.0027350000000000005,4.2625,32.858333333333334,-101.26666663333334
2012-01-09,0.2,288.07500000000005,272.425,2.075,132.15,0.74375,0.0029362500000000005,5.275000000000001,32.858333333333334,-101.26666663333334
2012-01-17,0.2,292.6875,275.46250000000003,0.0,145.7375,1.1,0.0028662500000000003,5.0125,32.858333333333334,-101.26666663333334
2012-01-25,0.2,291.15,274.54999999999995,0.275,146.2625,0.82375,0.0038962500000000004,4.9375,32.858333333333334,-101.26666663333334
2012-02-02,0.2,286.9625,273.17499999999995,0.1375,157.675,0.54,0.00396125,4.675000000000001,32.858333333333334,-101.26666663333334
2012-02-10,0.20545722602109356,283.35,271.54999999999995,1.3250000000000002,142.11249999999998,0.42500000000000004,0.0034950000000000003,4.5125,32.858333333333334,-101.26666663333334
2012-02-18,0.30000000000000004,290.7,274.78749999999997,0.7875000000000001,186.2375,0.9287500000000001,0.00320375,5.537500000000001,32.858333333333334,-101.26666663333334
2012-02-26,0.30000000000000004,294.0375,275.96250000000003,0.2625,206.16250000000002,1.16,0.0032775000000000005,5.325,32.858333333333334,-101.26666663333334
2012-03-05,0.30000000000000004,293.1375,277.22499999999997,0.48750000000000004,172.03750000000002,1.0400000000000003,0.004275,6.525,32.858333333333334,-101.26666663333334
2012-03-13,0.39092472021113644,299.925,284.4125,1.675,213.06250000000003,1.3537500000000002,0.007676250000000001,5.925000000000001,32.858333333333334,-101.26666663333334
2012-03-21,0.39141997874126133,300.4,282.5,0.05,226.76250000000002,1.56125,0.006218750000000001,4.3125,32.858333333333334,-101.26666663333334
2012-03-29,0.4,302.70000000000005,284.27500000000003,0.0,262.9875,2.1525,0.00428375,4.25,32.858333333333334,-101.26666663333334
2012-04-06,0.4054572260210936,302.8125,286.1125,1.6500000000000001,259.15,1.545,0.008660000000000001,5.225000000000001,32.858333333333334,-101.26666663333334
2012-04-14,0.4914199787412613,300.425,283.66249999999997,1.975,287.15000000000003,1.69375,0.00541125,6.0625,32.858333333333334,-101.26666663333334
2012-04-22,0.4914199787412613,306.78749999999997,286.99999999999994,0.0625,288.1125,2.665,0.00539875,4.675000000000001,32.858333333333334,-101.26666663333334
2012-04-30,0.5,307.29999999999995,289.95000000000005,3.4125,302.38750000000005,2.53,0.007666250000000001,5.45,32.858333333333334,-101.26666663333334
2012-05-08,0.5004952585301249,295.7124999999999,284.7625,6.987500000000001,257.15000000000003,0.7862500000000001,0.00852625,3.2375000000000007,32.858333333333334,-101.26666663333334
2012-05-16,0.5914199787412613,305.57500000000005,288.475,0.037500000000000006,325.80000000000007,2.09875,0.00833875,5.25,32.858333333333334,-101.26666663333334
2012-05-24,0.5914199787412613,308.6125,291.4,0.9500000000000001,321.1,2.6775000000000007,0.00860875,5.775,32.858333333333334,-101.26666663333334
2012-06-01,0.5914199787412613,307.1375,292.4,4.825,295.1125,2.1175,0.01135625,4.9375,32.858333333333334,-101.26666663333334
2012-06-09,0.5919152372713863,309.88750000000005,293.0375,0.8125,310.01250000000005,2.6174999999999997,0.011132500000000002,5.3125,32.858333333333334,-101.26666663333334
2012-06-17,0.5919152372713863,308.41249999999997,292.8875,0.35000000000000003,315.4875,2.2074999999999996,0.01208625,5.7250000000000005,32.858333333333334,-101.26666663333334
2012-06-25,0.5054572260210936,310.22499999999997,294.5625,0.0,324.6,2.96375,0.010015000000000001,4.075000000000001,32.858333333333334,-101.26666663333334
2012-07-03,0.5054572260210936,308.2875,295.1125,2.4625,307.73750000000007,2.3749999999999996,0.01204125,4.8,32.858333333333334,-101.26666663333334
2012-07-11,0.49687720476235486,308.5875,294.2125,0.30000000000000004,321.36250000000007,2.46,0.01123875,4.025,32.858333333333334,-101.26666663333334
2012-07-19,0.4054572260210936,310.9875,295.55,0.30000000000000004,321.2625,2.9937500000000004,0.011160000000000002,4.1875,32.858333333333334,-101.26666663333334
2012-07-27,0.4049619674909687,311.9875,295.61250000000007,0.037500000000000006,317.75000000000006,3.285,0.01050125,3.9125000000000005,32.858333333333334,-101.26666663333334
2012-08-04,0.4,311.37500000000006,295.025,0.475,303.33750000000003,3.185,0.010058750000000002,3.9000000000000004,32.858333333333334,-101.26666663333334
2012-08-12,0.30545722602109354,310.3625,294.8625,0.7125000000000001,280.08750000000003,2.9375,0.010485,4.175,32.858333333333334,-101.26666663333334
2012-08-20,0.30545722602109354,307.7875,292.8,1.5625,262.4125,2.1075,0.012097500000000002,4.800000000000001,32.858333333333334,-101.26666663333334
2012-08-28,0.39141997874126133,308.98749999999995,293.2375,0.0,273.6,2.68625,0.009808750000000001,3.7625000000000006,32.858333333333334,-101.26666663333334
2012-09-05,0.30545722602109354,307.43749999999994,291.3875,0.1875,222.0875,2.77125,0.007266250000000001,4.0875,32.858333333333334,-101.26666663333334
2012-09-13,0.39141997874126133,300.3125,284.9,2.125,209.65000000000003,1.2325,0.00887625,4.0875,32.858333333333334,-101.26666663333334
2012-09-21,0.4,305.56249999999994,289.5625,5.2125,219.125,2.06,0.008955000000000001,5.175,32.858333333333334,-101.26666663333334
2012-09-29,0.4,297.55,284.825,1.7875,191.72500000000002,0.8987499999999999,0.00909375,4.550000000000001,32.858333333333334,-101.26666663333334
2012-10-07,0.4995047414698751,298.71250000000003,283.825,0.0,189.04999999999998,1.2200000000000002,0.008096250000000001,5.1625000000000005,32.858333333333334,-101.26666663333334
2012-10-15,0.5,302.27500000000003,285.4375,0.9625,193.2375,1.7962500000000001,0.006620000000000001,4.775,32.858333333333334,-101.26666663333334
2012-10-23,0.5,294.2625,279.17499999999995,0.0,182.12500000000003,0.91,0.006428750000000001,4.6000000000000005,32.858333333333334,-101.26666663333334
2012-10-31,0.4945427739789065,299.25,282.575,0.0,160.85000000000002,1.42375,0.005843750000000001,3.5125,32.858333333333334,-101.26666663333334
2012-11-08,0.4945427739789065,294.5125,278.05,0.0,153.7375,1.0975,0.004891250000000001,5.1125,32.858333333333334,-101.26666663333334
2012-11-16,0.3945427739789065,295.2375,279.775,0.0,137.175,1.0,0.0056324999999999995,4.15,32.858333333333334,-101.26666663333334
2012-11-24,0.3945427739789065,294.6125,276.01250000000005,0.0,140.0875,1.115,0.003971250000000001,4.7125,32.858333333333334,-101.26666663333334
2012-12-02,0.30000000000000004,295.675,278.2875,0.0,138.3125,1.2487499999999998,0.00396625,4.25,32.858333333333334,-101.26666663333334
2012-12-10,0.30000000000000004,289.61249999999995,272.70000000000005,0.6125,136.41250000000002,0.86,0.00285125,5.437499999999999,32.858333333333334,-101.26666663333334
2012-12-18,0.30000000000000004,290.07500000000005,272.8375,0.0,123.375,1.03375,0.0018962500000000001,5.4750000000000005,32.858333333333334,-101.26666663333334
2012-12-26,0.30000000000000004,282.3666666666666,267.01666666666665,0.5666666666666668,126.43333333333334,0.45,0.0024200000000000003,4.300000000000001,32.858333333333334,-101.26666663333334
2013-01-01,0.30000000000000004,281.3875,269.1625,0.0,111.875,0.35250000000000004,0.002885,2.825,32.858333333333334,-101.26666663333334
2013-01-09,0.30000000000000004,282.4875,270.48749999999995,2.575,108.075,0.38375,0.0034187500000000003,4.5625,32.858333333333334,-101.26666663333334
2013-01-17,0.30000000000000004,291.2,273.2375,0.0,148.54999999999998,0.86625,0.0033912500000000006,3.8625000000000003,32.858333333333334,-101.26666663333334
2013-01-25,0.30000000000000004,292.36249999999995,276.725,0.0,147.55,0.9375,0.004261250000000001,5.2875000000000005,32.858333333333334,-101.26666663333334
2013-02-02,0.30000000000000004,292.7625,276.675,0.0,171.28750000000002,0.9750000000000001,0.0038662500000000003,4.7125,32.858333333333334,-101.26666663333334
2013-02-10,0.30000000000000004,288.37500000000006,272.825,0.8125,179.37500000000003,0.7925000000000001,0.00263,4.762499999999999,32.858333333333334,-101.26666663333334
2013-02-18,0.30000000000000004,289.06249999999994,273.425,0.9875000000000002,171.26250000000002,0.745,0.003255,5.9125,32.858333333333334,-101.26666663333334
2013-02-26,0.30000000000000004,291.1625,273.5,0.0,215.36249999999998,1.0875,0.00214375,4.7,32.858333333333334,-101.26666663333334
2013-03-06,0.30000000000000004,292.56249999999994,276.2,0.0,210.15000000000003,1.0525,0.0033287500000000005,5.625,32.858333333333334,-101.26666663333334
2013-03-14,0.30000000000000004,299.05,279.5,0.0,230.28750000000002,1.6075,0.00392,4.862500000000001,32.858333333333334,-101.26666663333334
2013-03-22,0.30000000000000004,293.575,274.925,0.0,230.425,1.1425,0.0035525,5.1375,32.858333333333334,-101.26666663333334
2013-03-30,0.30000000000000004,297.15000000000003,279.5375,0.1,229.9625,1.2562499999999999,0.00553875,5.0874999999999995,32.858333333333334,-101.26666663333334
2013-04-07,0.30000000000000004,300.25,280.98749999999995,0.0,270.55,1.7624999999999997,0.0044675,5.775000000000001,32.858333333333334,-101.26666663333334
2013-04-15,0.30000000000000004,301.075,280.4375,0.0,289.9625,1.86625,0.00432375,5.862500000000001,32.858333333333334,-101.26666663333334
2013-04-23,0.30000000000000004,300.1875,280.5875,0.07500000000000001,274.8625,1.6487500000000002,0.005192500000000001,5.450000000000001,32.858333333333334,-101.26666663333334
2013-05-01,0.30000000000000004,297.825,279.75000000000006,1.0,279.96250000000003,1.36875,0.00513375,5.425000000000001,32.858333333333334,-101.26666663333334
2013-05-09,0.30000000000000004,302.15000000000003,285.625,0.3125,305.55000000000007,1.8175000000000001,0.006467500000000001,4.425,32.858333333333334,-101.26666663333334
2013-05-17,0.30000000000000004,307.42499999999995,289.4875,2.7750000000000004,321.3125,2.6750000000000003,0.0068675,5.300000000000001,32.858333333333334,-101.26666663333334
2013-05-25,0.30858002125873873,307.8875,291.725,0.30000000000000004,314.12500000000006,2.3425,0.010228750000000002,7.3,32.858333333333334,-101.26666663333334
2013-06-02,0.39950474146987514,306.4125,290.22499999999997,2.2,320.5375,2.1912499999999997,0.00936,5.5875,32.858333333333334,-101.26666663333334
2013-06-10,0.39950474146987514,308.25,292.5125,5.8875,309.86250000000007,2.14875,0.0121525,4.85,32.858333333333334,-101.26666663333334
2013-06-18,0.4,309.33750000000003,293.2875,1.9875000000000003,317.32500000000005,2.38625,0.01218625,7.112500000000001,32.858333333333334,-101.26666663333334
2013-06-26,0.40858002125873877,308.975,293.325,1.3125000000000002,325.7875,2.9175,0.00872625,4.15,32.858333333333334,-101.26666663333334
2013-07-04,0.4945427739789065,309.17499999999995,292.81250000000006,0.05,336.1,2.70125,0.00960125,4.762499999999999,32.858333333333334,-101.26666663333334
2013-07-12,0.4864580112502927,304.16249999999997,291.5,6.325,257.21250000000003,1.7200000000000002,0.0114225,3.8375000000000004,32.858333333333334,-101.26666663333334
2013-07-20,0.5,308.3,293.96250000000003,0.30000000000000004,312.8625,2.04125,0.01366,4.3125,32.858333333333334,-101.26666663333334
2013-07-28,0.5859627527201678,308.9375,293.95,0.0,297.25000000000006,2.30375,0.012615000000000001,3.8875,32.858333333333334,-101.26666663333334
2013-08-05,0.5,309.7125,294.475,0.5125000000000001,290.4375,2.48625,0.012442500000000002,3.85,32.858333333333334,-101.26666663333334
2013-08-13,0.5004952585301249,307.3625,292.0625,7.15,276.075,1.945,0.012408750000000001,4.262500000000001,32.858333333333334,-101.26666663333334
2013-08-21,0.5054572260210936,306.98749999999995,291.67499999999995,0.0,279.4875,1.8724999999999998,0.012255000000000002,4.125,32.858333333333334,-101.26666663333334
2013-08-29,0.5,308.925,293.23749999999995,0.0,271.45000000000005,2.58625,0.01031,3.7625000000000006,32.858333333333334,-101.26666663333334
2013-09-06,0.5,304.775,291.875,0.037500000000000006,221.1125,1.69,0.011662500000000001,4.0874999999999995,32.858333333333334,-101.26666663333334
2013-09-14,0.4054572260210936,301.9375,290.8375,2.1500000000000004,191.45000000000002,1.1875,0.01221875,3.8500000000000005,32.858333333333334,-101.26666663333334
2013-09-22,0.4054572260210936,303.7,287.2875,1.3375000000000001,232.25,1.7125000000000001,0.0088,4.65,32.858333333333334,-101.26666663333334
2013-09-30,0.4054572260210936,303.7625,285.6875,0.0,216.9125,1.9425,0.0070612500000000016,4.65,32.858333333333334,-101.26666663333334
2013-10-08,0.4054572260210936,301.57500000000005,285.9,3.6625000000000005,184.05,1.47375,0.00819625,5.55,32.858333333333334,-101.26666663333334
2013-10-16,0.4054572260210936,295.425,279.0,0.0,180.20000000000002,1.04375,0.005350000000000001,4.2,32.858333333333334,-101.26666663333334
2013-10-24,0.4054572260210936,298.825,283.6125,0.037500000000000006,166.3,1.1275000000000002,0.00798125,5.0125,32.858333333333334,-101.26666663333334
2013-11-01,0.4,294.1875,278.4125,0.0,151.70000000000002,1.0587499999999999,0.004391250000000001,4.887499999999999,32.858333333333334,-101.26666663333334
2013-11-09,0.4,294.65,276.6125,0.0625,139.125,0.985,0.005016250000000002,4.75,32.858333333333334,-101.26666663333334
2013-11-17,0.30496196749096866,290.675,277.67499999999995,0.0625,103.7625,0.8499999999999999,0.0051925,5.400000000000001,32.858333333333334,-101.26666663333334
2013-11-25,0.30000000000000004,289.3125,272.4,1.5,135.175,0.7525000000000001,0.0034737500000000003,4.175000000000001,32.858333333333334,-101.26666663333334
2013-12-03,0.30000000000000004,282.8625,266.3875,0.47500000000000003,108.75,0.55625,0.00277375,4.562500000000001,32.858333333333334,-101.26666663333334
2013-12-11,0.30000000000000004,288.575,271.75,0.1,134.10000000000002,0.755,0.002935,4.1125,32.858333333333334,-101.26666663333334
2013-12-19,0.20545722602109356,286.61249999999995,273.17499999999995,4.3375,114.30000000000001,0.46125,0.0043725000000000005,4.5875,32.858333333333334,-101.26666663333334
2013-12-27,0.20545722602109356,285.38,270.02,0.0,130.06,0.47800000000000004,0.0032640000000000004,3.88,32.858333333333334,-101.26666663333334
2014-01-01,0.2,285.4375,267.4625,0.0,135.4375,0.61,0.002605,5.300000000000001,32.858333333333334,-101.26666663333334
2014-01-09,0.2,290.75,272.5875,0.0,140.3125,0.915,0.00275375,4.95,32.858333333333334,-101.26666663333334
2014-01-17,0.2,287.11249999999995,269.6875,0.0,142.8625,0.8225000000000001,0.0019350000000000003,4.8125,32.858333333333334,-101.26666663333334
2014-01-25,0.2,286.33750000000003,268.4,0.47500000000000003,151.91250000000002,0.76,0.0021725,5.125,32.858333333333334,-101.26666663333334
2014-02-02,0.2,277.77500000000003,265.025,0.9625,131.2125,0.28625,0.0027537500000000006,4.1,32.858333333333334,-101.26666663333334
2014-02-10,0.20496196749096862,288.7375,272.86249999999995,0.0,177.675,0.9387500000000001,0.002945,4.287500000000001,32.858333333333334,-101.26666663333334
2014-02-18,0.20545722602109356,293.5125,274.8875,0.0,180.05,1.18875,0.0032225,4.687500000000001,32.858333333333334,-101.26666663333334
2014-02-26,0.20545722602109356,287.34999999999997,268.8625,0.0,176.575,0.8075,0.0028000000000000004,4.8875,32.858333333333334,-101.26666663333334
2014-03-06,0.30000000000000004,294.09999999999997,273.725,0.0,207.35,1.1512499999999999,0.0032900000000000004,5.1875,32.858333333333334,-101.26666663333334
2014-03-14,0.30000000000000004,296.675,275.9375,0.1875,223.475,1.44375,0.00302875,5.8875,32.858333333333334,-101.26666663333334
2014-03-22,0.30000000000000004,294.91249999999997,276.7875,0.0,236.01250000000005,1.1749999999999998,0.003886250000000001,5.95,32.858333333333334,-101.26666663333334
2014-03-30,0.3140372472798323,298.35,280.4875,0.1625,239.3875,1.59,0.004072500000000001,5.887500000000001,32.858333333333334,-101.26666663333334
2014-04-07,0.4,300.9375,280.55,0.0,265.975,1.9912500000000002,0.0037662500000000005,5.6375,32.858333333333334,-101.26666663333334
2014-04-15,0.4,298.0,282.6625,0.2,251.37500000000006,1.3074999999999999,0.0061825000000000005,5.0125,32.858333333333334,-101.26666663333334
2014-04-23,0.4,301.09999999999997,283.575,0.0,287.9125,1.9275000000000002,0.0045425,6.9375,32.858333333333334,-101.26666663333334
2014-05-01,0.4,305.6625,286.57500000000005,1.6375000000000002,303.63750000000005,2.8449999999999998,0.0034000000000000002,5.25,32.858333333333334,-101.26666663333334
2014-05-09,0.4049619674909687,302.025,283.225,0.0,296.575,2.0875,0.004405,5.55,32.858333333333334,-101.26666663333334
2014-05-17,0.5,303.78749999999997,290.0625,5.2875000000000005,270.7875,1.92875,0.008946250000000001,5.8375,32.858333333333334,-101.26666663333334
2014-05-25,0.5,303.1375,289.7625,0.5625,293.02500000000003,1.4912500000000002,0.01087125,3.9875,32.858333333333334,-101.26666663333334
2014-06-02,0.6000000000000001,306.19999999999993,292.5,5.6875,302.2875,1.94,0.01206375,5.775,32.858333333333334,-101.26666663333334
2014-06-10,0.6914199787412614,306.0875,292.7,2.85,318.125,2.05375,0.010828750000000002,5.5875,32.858333333333334,-101.26666663333334
2014-06-18,0.7004952585301251,304.06249999999994,292.2,1.0125000000000002,281.07500000000005,1.33375,0.01347625,5.000000000000001,32.858333333333334,-101.26666663333334
2014-06-26,0.6054572260210935,307.325,294.7625,0.5375,296.87500000000006,2.0775,0.01296125,6.95,32.858333333333334,-101.26666663333334
2014-07-04,0.600495258530125,307.66249999999997,294.125,0.0,329.21250000000003,2.3825000000000003,0.01073,4.4750000000000005,32.858333333333334,-101.26666663333334
2014-07-12,0.6000000000000001,305.22499999999997,292.525,1.25,297.48749999999995,1.74875,0.012150000000000003,4.4125,32.858333333333334,-101.26666663333334
2014-07-20,0.5054572260210936,310.67499999999995,295.825,0.0,327.32500000000005,2.7525,0.012480000000000002,4.1,32.858333333333334,-101.26666663333334
2014-07-28,0.5004952585301249,305.8625,291.83750000000003,0.0,296.7375,2.00875,0.01049125,4.4375,32.858333333333334,-101.26666663333334
2014-08-05,0.5,309.325,294.375,0.2,280.92500000000007,2.7112499999999997,0.01054875,3.6250000000000004,32.858333333333334,-101.26666663333334
2014-08-13,0.5,308.5125,293.95,3.4250000000000003,284.4375,2.4425,0.011195000000000002,4.325,32.858333333333334,-101.26666663333334
2014-08-21,0.5,309.6375,295.37500000000006,1.0625,274.07500000000005,2.7249999999999996,0.011238750000000002,5.2,32.858333333333334,-101.26666663333334
2014-08-29,0.41403724727983227,308.3,293.875,0.7000000000000001,263.6,2.2975,0.01200875,5.4125000000000005,32.858333333333334,-101.26666663333334
2014-09-06,0.41453250580995715,299.1875,289.1,6.0375,186.60000000000002,1.0337500000000002,0.01166625,5.1,32.858333333333334,-101.26666663333334
2014-09-14,0.5140372472798322,299.375,292.1375,21.087500000000006,133.53750000000002,0.7925,0.0135025,2.7750000000000004,32.858333333333334,-101.26666663333334
2014-09-22,0.7004952585301251,299.8875,289.3125,0.1625,183.27500000000003,1.0199999999999998,0.011065000000000002,3.3249999999999997,32.858333333333334,-101.26666663333334
2014-09-30,0.8,302.79999999999995,286.55,0.0,219.82500000000005,1.6212500000000003,0.008448750000000001,4.125,32.858333333333334,-101.26666663333334
2014-10-08,0.8,299.3,283.925,0.5625,200.9875,1.275,0.007712500000000001,5.2749999999999995,32.858333333333334,-101.26666663333334
2014-10-16,0.8,298.57499999999993,285.6625,1.6500000000000001,177.48749999999998,1.1324999999999998,0.008315000000000001,3.75,32.858333333333334,-101.26666663333334
2014-10-24,0.8,299.5,283.79999999999995,0.0,179.15000000000003,1.2975,0.0075400000000000016,4.3500000000000005,32.858333333333334,-101.26666663333334
2014-11-01,0.7914199787412614,291.13750000000005,280.325,3.2125000000000004,138.7125,0.6625,0.006161250000000001,5.1375,32.858333333333334,-101.26666663333334
2014-11-09,0.6914199787412614,283.475,270.575,0.0,133.07500000000002,0.5637500000000001,0.0032500000000000003,5.625000000000001,32.858333333333334,-101.26666663333334
2014-11-17,0.5914199787412613,289.20000000000005,273.5125,2.2375000000000003,141.4125,0.7062499999999999,0.0038375,4.375,32.858333333333334,-101.26666663333334
2014-11-25,0.4049619674909687,289.9,273.2375,0.0,141.01250000000002,0.8725,0.0031950000000000004,4.875,32.858333333333334,-101.26666663333334
2014-12-03,0.48596275272016776,290.3875,278.9375,0.0,118.16250000000001,0.5025000000000001,0.006382500000000001,3.7750000000000004,32.858333333333334,-101.26666663333334
2014-12-11,0.4,289.975,278.825,0.037500000000000006,126.95000000000002,0.6275,0.00551125,4.550000000000001,32.858333333333334,-101.26666663333334
2014-12-19,0.30000000000000004,286.65,275.225,1.5250000000000001,109.01250000000002,0.6050000000000001,0.00366875,5.5125,32.858333333333334,-101.26666663333334
2014-12-27,0.38596275272016783,278.12,267.36,0.0,66.88000000000001,0.27999999999999997,0.0028080000000000006,4.779999999999999,32.858333333333334,-101.26666663333334
2015-01-01,0.30000000000000004,278.70000000000005,268.525,2.2625,122.02500000000002,0.265,0.0029062500000000004,3.6625000000000005,32.858333333333334,-101.26666663333334
2015-01-09,0.30000000000000004,280.8125,270.8625,0.325,101.05000000000001,0.395,0.0029850000000000007,4.050000000000001,32.858333333333334,-101.26666663333334
2015-01-17,0.30000000000000004,287.325,272.9,2.9375,126.65,0.6612500000000001,0.0035325,4.6125,32.858333333333334,-101.26666663333334
2015-01-25,0.30000000000000004,289.8,276.4625,2.2,130.13750000000002,0.7475,0.00442125,4.687500000000001,32.858333333333334,-101.26666663333334
2015-02-02,0.38596275272016783,292.5875,274.26250000000005,0.0,174.46249999999998,0.9662499999999999,0.003951250000000001,4.5874999999999995,32.858333333333334,-101.26666663333334
2015-02-10,0.38596275272016783,290.525,275.09999999999997,0.2625,165.975,0.7625,0.004510000000000001,4.8375,32.858333333333334,-101.26666663333334
2015-02-18,0.39141997874126133,286.65,272.09999999999997,0.0,163.55,0.68875,0.003450000000000001,4.650000000000001,32.858333333333334,-101.26666663333334
2015-02-26,0.47738273146142907,277.125,268.775,0.8625,142.6125,0.1275,0.0037700000000000003,5.125,32.858333333333334,-101.26666663333334
2015-03-06,0.4909247202111364,291.45,275.9,1.55,199.65000000000003,0.7112500000000002,0.004955,2.9875,32.858333333333334,-101.26666663333334
2015-03-14,0.5859627527201678,292.7625,279.525,1.25,157.7375,0.6875,0.006505,3.3500000000000005,32.858333333333334,-101.26666663333334
2015-03-22,0.6864580112502928,300.85,281.0625,0.0,247.08750000000003,1.6800000000000002,0.0051525,4.4,32.858333333333334,-101.26666663333334
2015-03-30,0.8,299.82500000000005,283.9375,0.037500000000000006,239.02500000000003,1.5,0.00651,5.4,32.858333333333334,-101.26666663333334
2015-04-07,0.9000000000000001,298.6625,284.73750000000007,4.487500000000001,247.17500000000004,1.2737500000000002,0.0075675000000000004,5.737500000000001,32.858333333333334,-101.26666663333334
2015-04-15,1.0,299.22499999999997,283.3125,0.0,276.95000000000005,1.32125,0.00675875,4.25,32.858333333333334,-101.26666663333334
2015-04-23,1.0054572260210937,297.475,282.33750000000003,1.4375,265.2375,1.3075,0.00575,5.2,32.858333333333334,-101.26666663333334
2015-05-01,1.1,301.8875,287.5125,16.9,293.15,1.3275000000000001,0.009898750000000003,5.700000000000001,32.858333333333334,-101.26666663333334
2015-05-09,1.1145325058099573,299.57500000000005,286.04999999999995,1.6625000000000003,287.2375,1.15625,0.008993750000000002,5.1625000000000005,32.858333333333334,-101.26666663333334
2015-05-17,1.2059524845512186,298.40000000000003,286.47499999999997,2.25,276.125,0.9512499999999999,0.01042,5.5875,32.858333333333334,-101.26666663333334
2015-05-25,1.4054572260210938,301.03749999999997,288.11249999999995,6.6625000000000005,308.98750000000007,1.0125,0.011650000000000002,4.4750000000000005,32.858333333333334,-101.26666663333334
2015-06-02,1.409075279788864,304.85,292.06250000000006,0.0,306.4,1.56125,0.012520000000000002,5.15,32.858333333333334,-101.26666663333334
2015-06-10,1.4140372472798326,304.48749999999995,292.66249999999997,8.0625,293.5125,1.27625,0.01449125,5.075,32.858333333333334,-101.26666663333334
2015-06-18,1.409075279788864,305.53749999999997,293.4375,0.0,319.23750000000007,1.54125,0.0139225,5.012500000000001,32.858333333333334,-101.26666663333334
2015-06-26,1.4000000000000004,305.625,292.85,2.9625000000000004,315.525,1.5725,0.013535,3.6000000000000005,32.858333333333334,-101.26666663333334
2015-07-04,1.3950380325090317,304.3625,293.325,10.312500000000002,312.925,1.2387500000000002,0.01499375,5.175000000000001,32.858333333333334,-101.26666663333334
2015-07-12,1.3945427739789067,308.81249999999994,294.07500000000005,0.0,335.90000000000003,2.275,0.01260625,4.8125,32.858333333333334,-101.26666663333334
2015-07-20,1.3000000000000003,309.25000000000006,295.66249999999997,0.0,325.67500000000007,2.3400000000000003,0.013513750000000001,4.362500000000001,32.858333333333334,-101.26666663333334
2015-07-28,1.1950380325090315,308.975,295.1,0.9125000000000001,305.3625,2.3537500000000002,0.012807500000000003,3.9499999999999997,32.858333333333334,-101.26666663333334
2015-08-05,1.0950380325090314,311.3625,295.84999999999997,0.0,303.775,2.8537500000000002,0.012648750000000002,4.487499999999999,32.858333333333334,-101.26666663333334
2015-08-13,1.0,307.3625,293.425,0.675,271.0625,2.0837499999999998,0.01245125,4.3625,32.858333333333334,-101.26666663333334
2015-08-21,0.9000000000000001,308.4625,293.05,2.0375,281.325,2.02875,0.013447500000000001,4.2125,32.858333333333334,-101.26666663333334
2015-08-29,0.8859627527201679,306.9375,292.28749999999997,0.25,262.52500000000003,2.0574999999999997,0.011357500000000001,3.8125000000000004,32.858333333333334,-101.26666663333334
2015-09-06,0.8,306.75,292.975,0.1125,252.075,2.0125,0.011823750000000003,4.0875,32.858333333333334,-101.26666663333334
2015-09-14,0.7909247202111365,305.975,291.825,0.0,234.3875,1.8525000000000003,0.01179625,5.575,32.858333333333334,-101.26666663333334
2015-09-22,0.6995047414698752,304.0125,290.05,0.42500000000000004,224.10000000000002,1.8075,0.009335,3.6000000000000005,32.858333333333334,-101.26666663333334
2015-09-30,0.6000000000000001,300.3125,286.7625,1.0125000000000002,185.31250000000003,1.47875,0.007642500000000001,4.3375,32.858333333333334,-101.26666663333334
2015-10-08,0.5945427739789065,301.99999999999994,287.1125,1.5875000000000001,188.15,1.48125,0.009003750000000001,4.375,32.858333333333334,-101.26666663333334
2015-10-16,0.5,297.7,286.2875,6.525,173.33750000000003,1.015,0.008691250000000001,5.2125,32.858333333333334,-101.26666663333334
2015-10-24,0.5,294.90000000000003,280.2125,0.8,172.825,0.8412499999999999,0.0067212500000000015,3.9749999999999996,32.858333333333334,-101.26666663333334
2015-11-01,0.4,296.775,280.875,0.0,159.66250000000002,1.0925,0.00629125,4.375,32.858333333333334,-101.26666663333334
2015-11-09,0.30496196749096866,294.03749999999997,280.725,1.375,143.175,0.8325,0.00637125,5.375,32.858333333333334,-101.26666663333334
2015-11-17,0.30000000000000004,290.96250000000003,274.16249999999997,0.0,144.65,0.78625,0.0039875,5.6125,32.858333333333334,-101.26666663333334
2015-11-25,0.30000000000000004,285.575,275.0125,5.4125,98.3375,0.3975,0.00559375,4.2375,32.858333333333334,-101.26666663333334
2015-12-03,0.20545722602109356,292.575,275.375,0.0,140.2125,0.92625,0.00387875,3.9750000000000005,32.858333333333334,-101.26666663333334
2015-12-11,0.20496196749096862,289.8,273.625,1.8125,127.55000000000001,0.7975000000000001,0.003565,5.4875,32.858333333333334,-101.26666663333334
2015-12-19,0.20496196749096862,291.96250000000003,275.25000000000006,0.42500000000000004,128.82500000000002,0.73875,0.004783750000000001,5.9,32.858333333333334,-101.26666663333334
2015-12-27,0.11403724727983225,276.41999999999996,269.32,5.2,111.18000000000002,0.11800000000000002,0.003372,5.380000000000001,32.858333333333334,-101.26666663333334
2016-01-01,0.20496196749096862,281.875,272.46250000000003,0.7000000000000001,105.33750000000002,0.305,0.0038912500000000006,3.7249999999999996,32.858333333333334,-101.26666663333334
2016-01-09,0.20496196749096862,284.6,270.31250000000006,0.225,129.525,0.53,0.0029850000000000007,3.85,32.858333333333334,-101.26666663333334
2016-01-17,0.20496196749096862,288.85,270.8125,0.0,144.9625,0.6775,0.00345875,4.6125,32.858333333333334,-101.26666663333334
2016-01-25,0.20496196749096862,292.40000000000003,273.525,0.0,151.58749999999998,1.06125,0.0030962499999999996,5.0375,32.858333333333334,-101.26666663333334
2016-02-02,0.20496196749096862,287.6375,270.9375,0.0,174.58750000000003,0.7937500000000002,0.00202875,4.2375,32.858333333333334,-101.26666663333334
2016-02-10,0.30000000000000004,295.325,275.675,0.0,186.75,1.07625,0.0038075,4.2125,32.858333333333334,-101.26666663333334
2016-02-26,0.30000000000000004,296.15,277.9625,0.0,211.375,1.22875,0.003915,5.200000000000001,32.858333333333334,-101.26666663333334
2016-03-05,0.30496196749096866,294.28749999999997,282.6875,2.85,194.02500000000003,0.90875,0.00682875,4.75,32.858333333333334,-101.26666663333334
2016-03-13,0.4,294.8375,278.22499999999997,0.0,232.10000000000002,1.20875,0.00420625,4.9125,32.858333333333334,-101.26666663333334
2016-03-21,0.4049619674909687,296.7875,277.48749999999995,0.0,248.13750000000002,1.2312500000000002,0.00407125,6.187500000000001,32.858333333333334,-101.26666663333334
2016-03-29,0.5,296.95,281.075,0.9125000000000001,244.13750000000002,1.51625,0.004593750000000001,5.2375,32.858333333333334,-101.26666663333334
2016-04-06,0.6000000000000001,296.12499999999994,283.2875,1.6125000000000003,225.45000000000005,1.0637500000000002,0.00612625,4.612500000000001,32.858333333333334,-101.26666663333334
2016-04-14,0.7000000000000002,296.26250000000005,283.93750000000006,3.2625,261.325,0.69625,0.00935,4.625,32.858333333333334,-101.26666663333334
2016-04-22,0.7049619674909687,302.4,285.05,0.0,292.70000000000005,1.7825000000000002,0.0066412500000000005,5.675000000000001,32.858333333333334,-101.26666663333334
2016-04-30,0.8,298.84999999999997,283.86250000000007,0.0,286.475,1.48875,0.00577875,4.75,32.858333333333334,-101.26666663333334
2016-05-08,0.8995047414698751,301.2875,287.4,5.7,298.76250000000005,1.59125,0.00823125,6.162500000000001,32.858333333333334,-101.26666663333334
2016-05-16,0.9859627527201678,298.2625,288.34999999999997,4.7625,294.65,0.8425,0.011423750000000002,4.8875,32.858333333333334,-101.26666663333334
2016-05-24,1.0085800212587388,305.1625,289.16249999999997,4.5125,317.0875,1.785,0.01031125,5.1,32.858333333333334,-101.26666663333334
2016-06-01,1.185962752720168,301.0125,289.33750000000003,2.45,301.18750000000006,1.24125,0.01067875,3.7125000000000004,32.858333333333334,-101.26666663333334
2016-06-09,1.2945427739789066,305.6125,293.575,5.500000000000001,316.5375000000001,1.4175,0.014650000000000002,5.437500000000001,32.858333333333334,-101.26666663333334
2016-06-17,1.2914199787412615,306.025,293.3125,2.1500000000000004,316.225,1.6887500000000002,0.0134975,4.6375,32.858333333333334,-101.26666663333334
2016-06-25,1.2000000000000002,305.67500000000007,293.0875,1.8250000000000002,302.475,1.63875,0.013486250000000002,4.2250000000000005,32.858333333333334,-101.26666663333334
2016-07-03,1.0950380325090314,310.45,295.0875,3.6125,332.225,2.5025000000000004,0.013375000000000001,5.6,32.858333333333334,-101.26666663333334
2016-07-11,1.0859627527201678,310.5,294.975,0.05,333.32500000000005,2.6325000000000003,0.012687499999999999,6.5625,32.858333333333334,-101.26666663333334
2016-07-19,0.9000000000000001,309.575,295.0125,0.7000000000000001,323.7375,2.4075,0.013006250000000002,4.2625,32.858333333333334,-101.26666663333334
2016-07-27,0.8945427739789066,309.1,294.67499999999995,0.41250000000000003,310.26250000000005,2.36375,0.01294875,4.75,32.858333333333334,-101.26666663333334
2016-08-04,0.8,309.2875,295.25000000000006,2.7874999999999996,292.81249999999994,2.3612499999999996,0.01310375,4.125000000000001,32.858333333333334,-101.26666663333334
2016-08-12,0.7000000000000002,304.35,291.62499999999994,0.125,268.175,1.47625,0.01231625,4.487500000000001,32.858333333333334,-101.26666663333334
2016-08-20,0.7995047414698752,303.09999999999997,290.75,1.9125000000000003,260.83750000000003,1.1075000000000002,0.01356875,5.212500000000001,32.858333333333334,-101.26666663333334
2016-08-28,0.7995047414698752,303.1875,292.3,3.7250000000000005,220.4,1.1575,0.014005,3.85,32.858333333333334,-101.26666663333334
2016-09-05,0.8085800212587388,304.46250000000003,291.675,5.1875,250.95000000000002,1.3762499999999998,0.013467500000000002,5.9,32.858333333333334,-101.26666663333334
2016-09-13,0.9000000000000001,303.55,290.9875,6.9625,211.40000000000003,1.00875,0.014843750000000005,3.8625,32.858333333333334,-101.26666663333334
2016-09-21,0.8140372472798323,300.81249999999994,288.4375,2.825,204.75,1.2249999999999999,0.01108375,4.1000000000000005,32.858333333333334,-101.26666663333334
2016-09-29,0.8054572260210936,301.8500000000001,286.15,0.5375,216.03750000000002,1.345,0.00918,4.825,32.858333333333334,-101.26666663333334
2016-10-07,0.7054572260210936,297.3875,284.575,0.2625,177.12500000000003,0.8175,0.00957875,4.112500000000001,32.858333333333334,-101.26666663333334
2016-10-15,0.6140372472798323,302.3500000000001,284.7,0.0,194.72499999999997,1.62125,0.00834,4.9875,32.858333333333334,-101.26666663333334
2016-10-23,0.6000000000000001,301.775,286.71250000000003,0.0,172.76250000000002,1.36625,0.009196250000000001,4.0625,32.858333333333334,-101.26666663333334
2016-10-31,0.4914199787412613,296.5,286.0375,10.9375,142.6125,0.7550000000000002,0.009898750000000001,4.2875000000000005,32.858333333333334,-101.26666663333334
2016-11-08,0.40049525853012496,292.09999999999997,280.9625,0.2,126.67500000000001,0.69375,0.006868750000000001,3.6625000000000005,32.858333333333334,-101.26666663333334
2016-11-16,0.39141997874126133,293.2625,276.925,0.0,144.72500000000002,0.93875,0.0047375,5.1125,32.858333333333334,-101.26666663333334
2016-11-24,0.30000000000000004,289.3,276.75,0.0,130.65,0.60875,0.004691250000000001,4.9875,32.858333333333334,-101.26666663333334
2016-12-02,0.30000000000000004,279.34999999999997,272.65,3.15,102.81249999999999,0.1975,0.004221250000000001,4.1375,32.858333333333334,-101.26666663333334
2016-12-10,0.30000000000000004,289.65000000000003,270.975,0.0,129.25,0.66375,0.004476250000000001,5.5875,32.858333333333334,-101.26666663333334
2016-12-18,0.20545722602109356,286.45,272.3125,0.0,125.5625,0.545,0.003875,4.825,32.858333333333334,-101.26666663333334
2016-12-26,0.20545722602109356,290.1166666666666,275.3333333333333,0.0,120.66666666666667,0.7800000000000001,0.003675,4.233333333333333,32.858333333333334,-101.26666663333334
2017-01-01,0.20496196749096862,281.875,268.00000000000006,0.30000000000000004,121.50000000000001,0.43125,0.00288,4.475,32.858333333333334,-101.26666663333334
2017-01-09,0.20496196749096862,288.1,274.75,4.625,122.275,0.64,0.0052675000000000005,5.1,32.858333333333334,-101.26666663333334
2017-01-17,0.20496196749096862,290.3875,276.79999999999995,1.5875000000000001,129.9875,0.7975,0.004131250000000001,6.0375000000000005,32.858333333333334,-101.26666663333334
2017-01-25,0.20496196749096862,288.5125,271.0875,0.0,151.6,0.8262499999999999,0.00241375,3.7625,32.858333333333334,-101.26666663333334
2017-02-02,0.20545722602109356,292.2,274.85,0.0,173.8625,0.9575,0.00416625,5.050000000000001,32.858333333333334,-101.26666663333334
2017-02-10,0.2914199787412613,290.76250000000005,277.45,3.3625000000000003,157.8625,0.9737500000000001,0.0042375,5.199999999999999,32.858333333333334,-101.26666663333334
2017-02-18,0.30496196749096866,295.83750000000003,277.53749999999997,0.0,195.76250000000002,1.2850000000000001,0.004042500000000001,4.8125,32.858333333333334,-101.26666663333334
2017-02-26,0.39141997874126133,293.8,278.125,0.0,204.71250000000003,1.1349999999999998,0.0038087500000000005,5.375,32.858333333333334,-101.26666663333334
2017-03-06,0.4909247202111364,293.6375,278.6,0.0,215.63750000000005,0.8150000000000001,0.006085000000000001,5.1625,32.858333333333334,-101.26666663333334
2017-03-14,0.5,302.9625,283.275,0.15000000000000002,231.42500000000004,1.7325,0.007027500000000001,4.6499999999999995,32.858333333333334,-101.26666663333334
2017-03-22,0.5914199787412613,297.2,279.8875,1.3375000000000001,231.18750000000003,1.1275000000000002,0.006038750000000002,6.4375,32.858333333333334,-101.26666663333334
2017-03-30,0.7000000000000002,295.17499999999995,279.4375,2.1750000000000003,247.08750000000003,1.08625,0.00539125,5.2,32.858333333333334,-101.26666663333334
2017-04-07,0.7914199787412614,298.825,285.90000000000003,3.6375,253.60000000000002,1.3025000000000002,0.00763375,6.437499999999999,32.858333333333334,-101.26666663333334
2017-04-15,0.8919152372713862,300.8625,285.775,0.0,272.51250000000005,1.17625,0.009871250000000002,5.562500000000001,32.858333333333334,-101.26666663333334
2017-04-23,0.9004952585301249,298.07500000000005,280.575,0.225,286.8125,1.4175,0.00550875,6.0625,32.858333333333334,-101.26666663333334
2017-05-01,0.9004952585301249,300.83750000000003,283.75,0.0,314.76250000000005,1.65875,0.00598375,5.437500000000001,32.858333333333334,-101.26666663333334
2017-05-09,0.8054572260210936,303.625,286.525,0.9875,312.5,1.80125,0.00813375,6.0625,32.858333333333334,-101.26666663333334
2017-05-17,0.8,300.625,284.8125,0.8750000000000001,295.5375,1.58125,0.006700000000000001,5.0875,32.858333333333334,-101.26666663333334
2017-05-25,0.800495258530125,305.625,288.6125,0.8250000000000001,304.86250000000007,2.2912500000000002,0.007482500000000001,4.7875000000000005,32.858333333333334,-101.26666663333334
2017-06-02,0.7914199787412614,303.92499999999995,290.5125,3.475,287.7625,1.5037500000000001,0.011511250000000002,3.4000000000000004,32.858333333333334,-101.26666663333334
2017-06-10,0.8,309.85,293.9625,4.7125,316.3875,2.3937500000000003,0.01301,6.749999999999999,32.858333333333334,-101.26666663333334
2017-06-18,0.8,306.15,292.4125,2.1625,297.25,1.7825000000000002,0.012695000000000003,4.5375000000000005,32.858333333333334,-101.26666663333334
2017-06-26,0.8,307.65000000000003,291.95000000000005,2.2125,313.55,1.8075,0.01381125,4.887499999999999,32.858333333333334,-101.26666663333334
2017-07-04,0.8,308.1625,292.3,0.5,320.71250000000003,2.055,0.012547500000000003,3.6625000000000005,32.858333333333334,-101.26666663333334
2017-07-12,0.7000000000000002,308.09999999999997,293.775,0.36250000000000004,317.725,2.11625,0.012783750000000002,3.6125000000000003,32.858333333333334,-101.26666663333334
2017-07-20,0.7000000000000002,309.9,294.9375,1.275,314.0375000000001,2.56625,0.012326250000000002,3.9124999999999996,32.858333333333334,-101.26666663333334
2017-07-28,0.6140372472798323,305.85,293.16249999999997,2.1,285.725,1.8087499999999999,0.012615000000000001,3.1999999999999997,32.858333333333334,-101.26666663333334
2017-08-05,0.7000000000000002,306.0875,292.975,0.8750000000000001,264.175,1.6375,0.013817500000000002,3.9625,32.858333333333334,-101.26666663333334
2017-08-13,0.6054572260210935,307.375,292.40000000000003,1.125,275.675,1.65375,0.01452125,3.9000000000000004,32.858333333333334,-101.26666663333334
2017-08-21,0.6054572260210935,304.4875,291.375,3.075,264.0,1.24375,0.01409625,3.7750000000000004,32.858333333333334,-101.26666663333334
2017-08-29,0.6140372472798323,304.9,288.17499999999995,0.25,271.0375,1.7437500000000001,0.009857500000000002,3.5000000000000004,32.858333333333334,-101.26666663333334
2017-09-06,0.5140372472798322,304.47499999999997,286.95,0.0,260.1875,2.055,0.007050000000000001,3.6500000000000004,32.858333333333334,-101.26666663333334
2017-09-14,0.5054572260210936,308.99999999999994,293.375,0.8625,238.7375,2.5275,0.01084375,5.700000000000001,32.858333333333334,-101.26666663333334
2017-09-22,0.5054572260210936,296.3,289.825,9.049999999999999,139.85000000000002,0.58625,0.01267875,5.375,32.858333333333334,-101.26666663333334
2017-09-30,0.5140372472798322,300.3875,289.5375,0.625,189.85,0.93875,0.01225625,4.775,32.858333333333334,-101.26666663333334
2017-10-08,0.600495258530125,299.525,283.475,0.0,201.0375,1.245,0.007948750000000001,4.9750000000000005,32.858333333333334,-101.26666663333334
2017-10-16,0.5054572260210936,298.91249999999997,281.9875,0.0,193.8875,1.305,0.006383750000000001,4.775,32.858333333333334,-101.26666663333334
2017-10-24,0.5054572260210936,292.66249999999997,276.5375,0.325,165.26250000000002,1.08,0.0035425,4.8500000000000005,32.858333333333334,-101.26666663333334
2017-11-01,0.4054572260210936,296.925,278.68750000000006,1.225,147.66250000000002,1.26875,0.0055325,4.749999999999999,32.858333333333334,-101.26666663333334
2017-11-09,0.4,290.71250000000003,281.125,0.0,147.625,0.4275000000000001,0.00776125,4.6000000000000005,32.858333333333334,-101.26666663333334
2017-11-17,0.30049525853012493,294.425,276.28749999999997,0.0,144.925,1.1725,0.00364875,4.775,32.858333333333334,-101.26666663333334
2017-11-25,0.30000000000000004,294.1375,277.93750000000006,0.0,135.95000000000002,0.9287500000000001,0.005142500000000001,4.425000000000001,32.858333333333334,-101.26666663333334
2017-12-03,0.30000000000000004,287.025,274.3,0.8375,107.8125,0.76,0.0032162500000000004,4.250000000000001,32.858333333333334,-101.26666663333334
2017-12-11,0.30000000000000004,289.7375,272.7375,0.0,134.2125,0.82375,0.00298625,4.0625,32.858333333333334,-101.26666663333334
2017-12-19,0.2,286.47499999999997,270.275,0.0,129.72500000000002,0.5737500000000001,0.0035000000000000005,4.4,32.858333333333334,-101.26666663333334
2017-12-27,0.2,281.18,270.26,0.0,125.16000000000001,0.36,0.003152,3.96,32.858333333333334,-101.26666663333334
2018-01-01,0.2,283.875,268.875,0.0625,127.63750000000002,0.58875,0.0025687500000000003,3.3249999999999997,32.858333333333334,-101.26666663333334
2018-01-09,0.20496196749096862,286.6625,268.625,0.0,133.475,0.7200000000000001,0.00253,4.925,32.858333333333334,-101.26666663333334
2018-01-17,0.20496196749096862,288.40000000000003,269.92499999999995,0.0,145.425,0.8500000000000001,0.0021087500000000004,4.9625,32.858333333333334,-101.26666663333334
2018-01-25,0.20496196749096862,290.91249999999997,272.975,0.08750000000000001,158.51250000000002,0.9400000000000001,0.0027775,5.25,32.858333333333334,-101.26666663333334
2018-02-02,0.20545722602109356,290.09999999999997,268.1375,0.0,172.075,0.8125,0.0030175,4.275,32.858333333333334,-101.26666663333334
2018-02-10,0.2,288.36249999999995,273.875,0.1125,167.12499999999997,0.7112499999999999,0.00404,4.875,32.858333333333334,-101.26666663333334
2018-02-18,0.20545722602109356,289.225,274.52500000000003,0.6875,168.75000000000003,0.7025000000000001,0.004900000000000001,5.3375,32.858333333333334,-101.26666663333334
2018-02-26,0.21403724727983225,294.70000000000005,278.62500000000006,0.07500000000000001,188.8375,1.125,0.004406250000000001,5.3,32.858333333333334,-101.26666663333334
2018-03-06,0.20545722602109356,293.35,276.225,0.0,212.12500000000003,1.2812499999999998,0.0024325,4.4750000000000005,32.858333333333334,-101.26666663333334
2018-03-14,0.20545722602109356,296.43749999999994,278.66249999999997,0.0,222.16250000000002,1.41375,0.0033875000000000003,5.812500000000001,32.858333333333334,-101.26666663333334
2018-03-22,0.20545722602109356,298.75,283.3125,1.5000000000000002,223.66249999999997,1.4275,0.006158750000000002,4.775000000000001,32.858333333333334,-101.26666663333334
2018-03-30,0.30000000000000004,297.7,277.175,0.0,244.2375,1.20875,0.005498750000000001,5.8,32.858333333333334,-101.26666663333334
2018-04-07,0.30000000000000004,297.65,278.775,0.0,270.31250000000006,1.52125,0.004521250000000001,6.4875,32.858333333333334,-101.26666663333334
2018-04-15,0.30496196749096866,298.07500000000005,280.775,0.0,277.725,1.58875,0.0038962500000000004,5.9125,32.858333333333334,-101.26666663333334
2018-04-23,0.30545722602109354,300.0875,281.9,0.375,273.75,1.5025,0.006045,4.9375,32.858333333333334,-101.26666663333334
2018-05-01,0.4,305.0625,289.1,0.8625,303.3,2.435,0.005965000000000001,5.4625,32.858333333333334,-101.26666663333334
2018-05-09,0.4049619674909687,308.5,291.28749999999997,0.037500000000000006,312.07500000000005,2.4575,0.009823750000000003,6.162500000000001,32.858333333333334,-101.26666663333334
2018-05-17,0.4054572260210936,304.2625,290.28749999999997,4.2250000000000005,311.57500000000005,1.6549999999999998,0.01101,5.5625,32.858333333333334,-101.26666663333334
2018-05-25,0.4914199787412613,312.5875,294.8875,0.8625,325.13750000000005,3.5100000000000002,0.00936125,5.075,32.858333333333334,-101.26666663333334
2018-06-02,0.5,308.525,292.38750000000005,0.9500000000000001,314.40000000000003,2.4275,0.010742499999999999,5.375,32.858333333333334,-101.26666663333334
2018-06-10,0.5,308.175,295.07500000000005,0.0,306.2875,2.36125,0.012026250000000002,5.9625,32.858333333333334,-101.26666663333334
2018-06-18,0.41403724727983227,309.375,294.4625,0.0,313.975,2.4175,0.012841250000000002,5.2875,32.858333333333334,-101.26666663333334
2018-06-26,0.41403724727983227,309.86249999999995,294.90000000000003,2.875,321.08750000000003,2.545,0.012501249999999998,5.9,32.858333333333334,-101.26666663333334
2018-07-04,0.41403724727983227,306.51250000000005,293.425,0.9375,288.07500000000005,1.8537500000000002,0.012845000000000002,3.9125000000000005,32.858333333333334,-101.26666663333334
2018-07-12,0.4054572260210936,309.77500000000003,295.5125,1.3,319.325,2.80375,0.011071250000000001,4.125000000000001,32.858333333333334,-101.26666663333334
2018-07-20,0.40049525853012496,310.1625,295.7749999999999,0.0,315.02500000000003,3.13,0.00960625,4.075,32.858333333333334,-101.26666663333334
2018-07-28,0.4,308.66249999999997,293.775,0.037500000000000006,314.2875,2.57875,0.010447500000000002,4.487500000000001,32.858333333333334,-101.26666663333334
2018-08-05,0.3140372472798323,306.18750000000006,293.125,3.2750000000000004,262.3875,1.8600000000000003,0.01244,3.8375000000000004,32.858333333333334,-101.26666663333334
2018-08-13,0.4,306.8375,293.625,1.3,279.57500000000005,1.78625,0.01372625,4.1375,32.858333333333334,-101.26666663333334
2018-08-21,0.4,309.98749999999995,295.8875,0.35000000000000003,285.2375,2.625,0.01257625,5.675,32.858333333333334,-101.26666663333334
2018-08-29,0.3140372472798323,306.45,293.6375,0.8875,243.62500000000003,1.8350000000000002,0.0131475,4.4,32.858333333333334,-101.26666663333334
2018-09-06,0.3140372472798323,300.2,290.9375,2.875,205.58750000000003,0.8937499999999999,0.012894999999999998,3.4499999999999997,32.858333333333334,-101.26666663333334
2018-09-14,0.40907527978886365,302.37500000000006,291.4625,2.2875,196.0,1.0650000000000002,0.0136725,4.8125,32.858333333333334,-101.26666663333334
2018-09-22,0.422617268538571,299.63750000000005,286.9375,3.3000000000000003,213.76250000000002,1.0599999999999998,0.010452500000000002,4.2,32.858333333333334,-101.26666663333334
2018-09-30,0.5,302.2625,291.56249999999994,6.300000000000001,200.4875,1.165,0.012995000000000001,6.262500000000001,32.858333333333334,-101.26666663333334
2018-10-08,0.5090752797888637,292.75,281.3875,10.225,153.70000000000002,0.37625,0.0092425,4.775,32.858333333333334,-101.26666663333334
2018-10-16,0.41403724727983227,288.96250000000003,280.425,2.6875,98.4625,0.42625,0.00677375,3.4750000000000005,32.858333333333334,-101.26666663333334
2018-10-24,0.5140372472798322,294.08750000000003,282.52500000000003,2.2625,154.7875,0.75125,0.007907500000000001,3.9124999999999996,32.858333333333334,-101.26666663333334
2018-11-01,0.5090752797888637,291.66249999999997,279.025,0.0,157.72500000000002,0.68625,0.006185000000000001,4.4,32.858333333333334,-101.26666663333334
2018-11-09,0.5,285.7,272.1125,0.375,134.825,0.5387500000000001,0.003498750000000001,4.437500000000001,32.858333333333334,-101.26666663333334
2018-11-17,0.40907527978886365,287.9375,274.06250000000006,0.0,142.10000000000002,0.53125,0.004500000000000001,4.175000000000001,32.858333333333334,-101.26666663333334
2018-11-25,0.4,291.6125,274.775,0.0,138.05,0.93,0.00361,5.3500000000000005,32.858333333333334,-101.26666663333334
2018-12-03,0.4,282.125,271.28749999999997,2.2125,110.48750000000001,0.28125,0.0038912500000000006,3.7375,32.858333333333334,-101.26666663333334
2018-12-11,0.3864580112502927,286.3125,274.6,0.48750000000000004,112.25,0.54,0.0038087500000000005,4.9625,32.858333333333334,-101.26666663333334
2018-12-19,0.30000000000000004,290.22499999999997,275.175,0.525,132.16250000000002,0.6912499999999999,0.004427500000000001,4.500000000000001,32.858333333333334,-101.26666663333334
2018-12-27,0.30000000000000004,279.92,271.82000000000005,0.0,112.44000000000001,0.288,0.003402,4.0200000000000005,32.858333333333334,-101.26666663333334
2019-01-01,0.38596275272016783,285.4,273.65,0.17500000000000002,125.60000000000001,0.6175,0.0035125,4.487500000000001,32.858333333333334,-101.26666663333334
2019-01-09,0.30000000000000004,285.90000000000003,275.63750000000005,1.0375,121.00000000000001,0.45,0.004690000000000001,4.262500000000001,32.858333333333334,-101.26666663333334
2019-01-17,0.4,289.6125,272.2,0.0,144.875,0.735,0.0035062500000000003,5.8375,32.858333333333334,-101.26666663333334
2019-01-25,0.4,287.17499999999995,271.8375,0.0,153.4875,0.6,0.0034412500000000007,4.225,32.858333333333334,-101.26666663333334
2019-02-02,0.39950474146987514,291.0,276.05,0.0,136.2875,0.89625,0.004517500000000001,5.525000000000001,32.858333333333334,-101.26666663333334
2019-02-10,0.4,292.725,274.16249999999997,0.1375,171.0125,1.01875,0.0036225000000000003,5.675000000000001,32.858333333333334,-101.26666663333334
2019-02-18,0.48596275272016776,286.1,272.3125,0.0,188.35000000000005,0.5925,0.00335875,5.800000000000001,32.858333333333334,-101.26666663333334
2019-02-26,0.48596275272016776,284.075,269.7875,0.037500000000000006,185.8,0.47000000000000003,0.00366375,4.1625000000000005,32.858333333333334,-101.26666663333334
2019-03-06,0.4945427739789065,290.5875,277.9375,2.8125,193.03750000000002,0.7625,0.004843750000000001,7.2875,32.858333333333334,-101.26666663333334
2019-03-14,0.5859627527201678,290.32500000000005,276.2,0.0,212.6125,0.8312499999999999,0.0036362499999999997,3.4250000000000007,32.858333333333334,-101.26666663333334
2019-03-22,0.6859627527201679,298.09999999999997,282.0125,0.0,237.08750000000003,1.175,0.0067212500000000015,5.425000000000001,32.858333333333334,-101.26666663333334
2019-03-30,0.7859627527201678,294.55,279.8125,3.5250000000000004,247.20000000000002,1.1325,0.00489375,5.2875000000000005,32.858333333333334,-101.26666663333334
2019-04-07,0.8859627527201679,297.05,280.78749999999997,6.362500000000001,250.5625,1.4324999999999999,0.005033750000000001,5.2875000000000005,32.858333333333334,-101.26666663333334
2019-04-15,0.9810007852291992,299.15,284.71250000000003,0.41250000000000003,273.90000000000003,1.3800000000000001,0.0068775,6.1499999999999995,32.858333333333334,-101.26666663333334
2019-04-23,1.0864580112502928,299.1875,285.975,2.3,261.9375,1.06875,0.009365000000000002,5.050000000000001,32.858333333333334,-101.26666663333334
2019-05-01,1.0950380325090314,299.2625,287.4625,2.575,301.8,0.9087500000000001,0.010900000000000002,5.2125,32.858333333333334,-101.26666663333334
2019-05-09,1.1090752797888637,296.94999999999993,284.3,3.0875000000000004,284.475,0.96,0.00861625,3.9625000000000004,32.858333333333334,-101.26666663333334
2019-05-17,1.1090752797888637,303.0375,287.9375,2.9625,317.47499999999997,1.45875,0.010155,7.125000000000001,32.858333333333334,-101.26666663333334
2019-05-25,1.0231125270686958,302.6375,290.775,4.6000000000000005,305.13750000000005,1.2462499999999999,0.01237125,5.8,32.858333333333334,-101.26666663333334
2019-06-02,1.0231125270686958,303.475,290.4375,3.25,310.2875,1.08375,0.013885000000000002,4.300000000000001,32.858333333333334,-101.26666663333334
2019-06-10,1.0090752797888636,303.7,289.95000000000005,2.35,298.96250000000003,1.57625,0.010877500000000002,5.275,32.858333333333334,-101.26666663333334
2019-06-18,0.9140372472798323,308.6,292.75,2.5,316.35,2.24625,0.012090000000000002,5.3374999999999995,32.858333333333334,-101.26666663333334
2019-06-26,0.9085800212587387,307.61250000000007,294.0375000000001,0.0,326.33750000000003,2.095,0.012587500000000001,4.3500000000000005,32.858333333333334,-101.26666663333334
2019-07-04,0.8085800212587388,309.45000000000005,294.6,0.65,315.88750000000005,2.2875,0.013625000000000003,3.9625,32.858333333333334,-101.26666663333334
2019-07-12,0.8,309.5625,295.32499999999993,0.0,331.81250000000006,2.4525,0.013066250000000001,4.687500000000001,32.858333333333334,-101.26666663333334
2019-07-20,0.7000000000000002,307.65,292.72499999999997,0.3875,328.6,2.43375,0.009957500000000001,4.3625,32.858333333333334,-101.26666663333334
2019-07-28,0.7000000000000002,310.2125,295.55,0.8125,297.7625,2.75125,0.0118175,3.65,32.858333333333334,-101.26666663333334
2019-08-05,0.6000000000000001,311.7625,297.58750000000003,0.0,301.95,3.09625,0.01256375,3.9000000000000004,32.858333333333334,-101.26666663333334
2019-08-13,0.6000000000000001,311.6375,296.5,0.125,293.83750000000003,3.03875,0.012190000000000001,4.325,32.858333333333334,-101.26666663333334
2019-08-21,0.6000000000000001,309.22499999999997,294.1375,4.4624999999999995,275.25,2.24125,0.013805000000000001,4.0375000000000005,32.858333333333334,-101.26666663333334
2019-08-29,0.6000000000000001,309.025,293.4125,1.6375000000000002,267.82500000000005,2.4187499999999997,0.011563750000000001,3.85,32.858333333333334,-101.26666663333334
2019-09-06,0.5140372472798322,306.6125,293.58750000000003,0.8750000000000001,238.95000000000002,1.9362499999999998,0.012490000000000001,5.6499999999999995,32.858333333333334,-101.26666663333334
2019-09-14,0.5140372472798322,306.15,292.8875,3.8500000000000005,231.05,1.9225000000000003,0.0118225,4.5125,32.858333333333334,-101.26666663333334
2019-09-22,0.5914199787412613,305.775,293.6875,2.45,213.0875,1.6475000000000002,0.01361375,5.3125,32.858333333333334,-101.26666663333334
2019-09-30,0.5049619674909687,304.1125,289.93750000000006,0.0,211.7125,1.5612499999999998,0.011405000000000004,5.4125,32.858333333333334,-101.26666663333334
2019-10-08,0.5,300.57500000000005,282.225,0.0,197.3125,1.57375,0.006461250000000001,5.375,32.858333333333334,-101.26666663333334
2019-10-16,0.41403724727983227,300.41249999999997,281.3125,0.0,196.825,1.7362499999999998,0.00438625,4.2125,32.858333333333334,-101.26666663333334
2019-10-24,0.4049619674909687,286.08750000000003,272.0375,0.0625,163.525,0.5525,0.0037412500000000007,5.2875,32.858333333333334,-101.26666663333334
2019-11-01,0.4,291.7124999999999,275.7875,10.8625,134.075,0.77625,0.0053575,4.2250000000000005,32.858333333333334,-101.26666663333334
2019-11-09,0.30496196749096866,288.09999999999997,273.28749999999997,0.0,146.56250000000003,0.5875,0.00445125,4.5875,32.858333333333334,-101.26666663333334
2019-11-17,0.30000000000000004,292.28749999999997,277.7,2.35,139.6875,0.7262500000000001,0.00589625,4.175000000000001,32.858333333333334,-101.26666663333334
2019-11-25,0.21403724727983225,286.775,274.62500000000006,1.5,130.975,0.54875,0.004277500000000001,5.5875,32.858333333333334,-101.26666663333334
2019-12-03,0.20496196749096862,291.3375,276.7375,0.1625,122.45,0.82625,0.0043475,4.3375,32.858333333333334,-101.26666663333334
2019-12-11,0.20545722602109356,288.325,272.5375,0.0,136.375,0.6862499999999999,0.0035100000000000005,4.1375,32.858333333333334,-101.26666663333334
2019-12-19,0.20545722602109356,291.2,274.675,0.0,132.28750000000002,0.9650000000000001,0.00297625,3.9000000000000004,32.858333333333334,-101.26666663333334
2019-12-27,0.20545722602109356,286.48,274.44,0.4600000000000001,125.12,0.5279999999999999,0.004018,4.32,32.858333333333334,-101.26666663333334
2020-01-01,0.2914199787412613,289.35,274.03749999999997,0.05,131.45000000000002,0.7949999999999999,0.003098750000000001,4.8125,32.858333333333334,-101.26666663333334
2020-01-09,0.2914199787412613,291.3125,274.9625,3.9375,124.98750000000001,0.92375,0.0036137500000000006,5.025,32.858333333333334,-101.26666663333334
2020-01-17,0.30000000000000004,286.6875,273.625,0.325,133.9875,0.54875,0.0037462499999999996,3.85,32.858333333333334,-101.26666663333334
2020-01-25,0.30000000000000004,289.3625,273.47499999999997,0.0,144.41250000000002,0.7525000000000002,0.0036187500000000004,3.9250000000000003,32.858333333333334,-101.26666663333334
2020-02-02,0.30000000000000004,286.6125,270.4875,0.8375000000000001,147.72500000000002,0.6437499999999999,0.003605,5.1375,32.858333333333334,-101.26666663333334
2020-02-10,0.38596275272016783,287.225,273.775,1.3,157.3125,0.665,0.00391,4.5625,32.858333333333334,-101.26666663333334
2020-02-18,0.38596275272016783,286.7,273.5625,0.1375,159.05,0.58,0.00371375,5.575,32.858333333333334,-101.26666663333334
2020-02-26,0.48596275272016776,291.85,277.725,5.6875,171.16250000000002,1.0887499999999999,0.0032925000000000003,4.85,32.858333333333334,-101.26666663333334
2020-03-05,0.48596275272016776,295.56250000000006,281.90000000000003,1.1375000000000002,191.4625,1.03125,0.00625625,5.0,32.858333333333334,-101.26666663333334
2020-03-13,0.5859627527201678,290.825,280.6625,8.137500000000001,190.98749999999998,0.38875000000000004,0.008082500000000001,5.3,32.858333333333334,-101.26666663333334
2020-03-21,0.6859627527201679,297.59999999999997,282.34999999999997,0.15000000000000002,223.6625,1.4737500000000001,0.00533625,5.0875,32.858333333333334,-101.26666663333334
2020-03-29,0.7859627527201678,293.8,279.775,0.1625,238.825,0.9625000000000001,0.005615,5.387499999999999,32.858333333333334,-101.26666663333334
2020-04-06,0.8859627527201679,297.5,282.1125,0.0,246.07500000000002,1.27,0.006248750000000002,5.45,32.858333333333334,-101.26666663333334
2020-04-14,0.8859627527201679,296.0,280.125,0.0,261.3625,1.21875,0.0052875000000000005,4.725,32.858333333333334,-101.26666663333334
2020-04-22,0.8914199787412613,303.47499999999997,285.29999999999995,0.0,294.325,2.0675,0.005725000000000001,5.4125,32.858333333333334,-101.26666663333334
2020-04-30,0.8950380325090315,307.8875,288.77500000000003,0.0,311.6125,2.785,0.006575000000000002,5.937500000000001,32.858333333333334,-101.26666663333334
2020-05-08,0.8,301.8375,285.6375,3.85,303.6,1.53625,0.008325,5.8125,32.858333333333334,-101.26666663333334
2020-05-16,0.8049619674909687,307.4875,290.475,2.7375000000000003,314.8125,2.2112499999999997,0.010458750000000001,4.612500000000001,32.858333333333334,-101.26666663333334
2020-05-24,0.8049619674909687,303.5375,288.0125,0.6500000000000001,298.88750000000005,1.6749999999999998,0.009140000000000002,4.1625000000000005,32.858333333333334,-101.26666663333334
2020-06-01,0.718999214770801,308.22499999999997,292.7625,2.075,313.16249999999997,2.1675,0.0122875,4.4,32.858333333333334,-101.26666663333334
2020-06-09,0.7104191935120623,306.6625,290.0,0.0,330.3875,2.57625,0.00669375,5.0375,32.858333333333334,-101.26666663333334
2020-06-17,0.7104191935120623,307.4875,292.1875,8.9875,311.71250000000003,1.8662499999999997,0.013175,5.625000000000001,32.858333333333334,-101.26666663333334
2020-06-25,0.7104191935120623,310.21250000000003,295.53749999999997,0.0,322.7875,2.7462500000000003,0.011940000000000001,5.275,32.858333333333334,-101.26666663333334
2020-07-03,0.7049619674909687,310.13749999999993,295.1375,2.1125000000000003,327.05000000000007,2.5187500000000003,0.01322125,4.0625,32.858333333333334,-101.26666663333334
2020-07-11,0.6104191935120622,314.13750000000005,297.875,0.0,327.86250000000007,4.035,0.00972625,5.2375,32.858333333333334,-101.26666663333334
2020-07-19,0.6054572260210935,308.52500000000003,295.375,0.7375,310.925,2.185,0.01359875,4.0875,32.858333333333334,-101.26666663333334
2020-07-27,0.6049619674909686,308.65,293.9125,1.6125000000000003,309.85,2.40375,0.01165,3.7625,32.858333333333334,-101.26666663333334
2020-08-04,0.5104191935120621,311.0,296.7125,0.0,304.81250000000006,3.0387500000000003,0.011477500000000003,6.0375,32.858333333333334,-101.26666663333334
2020-08-12,0.5054572260210936,311.5375,295.2375,0.22500000000000003,293.18750000000006,3.27,0.0100725,3.8375,32.858333333333334,-101.26666663333334
2020-08-20,0.5054572260210936,308.9375,293.025,0.0,286.4,2.6375,0.009841250000000001,3.8875,32.858333333333334,-101.26666663333334
2020-08-28,0.5054572260210936,308.575,293.5375,2.075,252.73750000000004,2.2512499999999998,0.012567500000000002,4.325,32.858333333333334,-101.26666663333334
2020-09-05,0.4963819462322299,299.4125,286.6625,3.075,209.02499999999998,1.1187500000000001,0.010832500000000002,4.7125,32.858333333333334,-101.26666663333334
2020-09-13,0.4104191935120622,301.79999999999995,287.8125,0.8250000000000001,225.75000000000003,1.2025000000000001,0.01071625,3.2375000000000007,32.858333333333334,-101.26666663333334
2020-09-21,0.4104191935120622,303.9625,286.63750000000005,0.0,239.4,1.76875,0.008700000000000001,4.4,32.858333333333334,-101.26666663333334
2020-09-29,0.4054572260210936,303.2625,284.6625,0.0,223.7375,1.9874999999999998,0.0057475,4.3125,32.858333333333334,-101.26666663333334
2020-10-07,0.31041919351206215,306.34999999999997,286.2375,0.0,210.3625,2.455,0.00601375,4.2875000000000005,32.858333333333334,-101.26666663333334
2020-10-15,0.4049619674909687,299.3125,282.1875,0.0,193.51250000000002,1.18,0.00768875,5.5875,32.858333333333334,-101.26666663333334
2020-10-23,0.4,284.5875,273.46250000000003,3.3750000000000004,156.06250000000003,0.37500000000000006,0.004693750000000001,5.375000000000001,32.858333333333334,-101.26666663333334
2020-10-31,0.30545722602109354,298.6625,280.7,0.0,163.475,1.38625,0.00526375,4.437500000000001,32.858333333333334,-101.26666663333334
2020-11-08,0.30496196749096866,295.3375,279.95,0.0625,152.7,1.09625,0.005355000000000001,4.8125,32.858333333333334,-101.26666663333334
2020-11-16,0.30496196749096866,294.8125,280.6625,0.037500000000000006,137.51250000000002,0.9662500000000002,0.006002500000000001,5.112500000000001,32.858333333333334,-101.26666663333334
2020-11-24,0.30000000000000004,289.09999999999997,274.26250000000005,0.45,132.4875,0.7962500000000001,0.003415,4.8625,32.858333333333334,-101.26666663333334
2020-12-02,0.30000000000000004,288.275,273.36249999999995,0.0,128.35,0.87,0.0024625000000000003,3.6750000000000003,32.858333333333334,-101.26666663333334
2020-12-10,0.30000000000000004,286.85,270.91249999999997,0.45,131.07500000000002,0.6525,0.00300625,4.275,32.858333333333334,-101.26666663333334
2020-12-18,0.2914199787412613,290.225,273.01250000000005,0.0,136.3375,0.93875,0.00240875,4.7,32.858333333333334,-101.26666663333334
2020-12-26,0.2914199787412613,286.95000000000005,275.03333333333336,2.216666666666667,108.66666666666667,0.7216666666666667,0.003496666666666667,5.933333333333334,32.858333333333334,-101.26666663333334
2021-01-01,0.2909247202111364,283.8125,272.0,0.0,134.875,0.48375,0.0030499999999999998,4.0875,32.858333333333334,-101.26666663333334
2021-01-09,0.2,280.725,269.675,2.85,131.075,0.35375000000000006,0.0028850000000000004,3.8875,32.858333333333334,-101.26666663333334
2021-01-17,0.20496196749096862,285.73749999999995,275.9375,0.15000000000000002,112.8375,0.36374999999999996,0.0051287500000000005,4.362500000000001,32.858333333333334,-101.26666663333334
2021-01-25,0.2909247202111364,287.86249999999995,273.1,0.0,152.0625,0.665,0.0032974999999999997,5.237500000000002,32.858333333333334,-101.26666663333334
2021-02-02,0.2909247202111364,291.2625,273.72499999999997,0.0,174.57500000000005,0.95875,0.0033274999999999997,4.4625,32.858333333333334,-101.26666663333334
2021-02-10,0.30000000000000004,267.1375,260.9125,0.05,143.9875,0.052500000000000005,0.0019125000000000001,4.6625,32.858333333333334,-101.26666663333334
2021-02-18,0.30000000000000004,287.5125,270.8625,0.0,186.28750000000002,0.7474999999999999,0.00309625,4.6375,32.858333333333334,-101.26666663333334
2021-02-26,0.30000000000000004,292.67499999999995,275.75,0.0,183.5875,1.08875,0.0033562500000000003,4.987500000000001,32.858333333333334,-101.26666663333334
2021-03-06,0.30000000000000004,296.2875,282.65,0.45,206.97500000000002,0.9775,0.00721,5.9,32.858333333333334,-101.26666663333334
2021-03-14,0.39092472021113644,294.13750000000005,277.8375,0.0,230.20000000000002,1.2087499999999998,0.0034562500000000006,6.075,32.858333333333334,-101.26666663333334
2021-03-22,0.4,295.4,278.3,0.23750000000000002,228.925,1.2237500000000001,0.0039587500000000005,5.5625,32.858333333333334,-101.26666663333334
2021-03-30,0.4,296.6625,280.85,0.0,252.28750000000002,1.2174999999999998,0.005488750000000001,6.1000000000000005,32.858333333333334,-101.26666663333334
2021-04-07,0.4909247202111364,296.2375,281.1,1.1625,247.1375,1.50875,0.0037612500000000003,4.987500000000001,32.858333333333334,-101.26666663333334
2021-04-15,0.4914199787412613,287.95,277.2375,0.9125000000000001,214.65000000000003,0.5599999999999999,0.004821250000000001,4.8625,32.858333333333334,-101.26666663333334
2021-04-23,0.5,300.43750000000006,286.02500000000003,3.5125,220.37499999999997,1.5987499999999997,0.00698125,5.7125,32.858333333333334,-101.26666663333334
2021-05-01,0.6000000000000001,301.4875,286.13750000000005,0.9875,298.55,1.60875,0.007646250000000001,5.075000000000001,32.858333333333334,-101.26666663333334
2021-05-09,0.7000000000000002,297.1375,284.7125,1.3250000000000002,291.57500000000005,0.89375,0.008986250000000001,5.6,32.858333333333334,-101.26666663333334
2021-05-17,0.7140372472798324,301.78749999999997,289.125,13.287500000000001,302.0375,1.0125,0.012502500000000001,5.6875,32.858333333333334,-101.26666663333334
2021-05-25,0.9000000000000001,301.65000000000003,290.36250000000007,9.6,299.06250000000006,1.0,0.013192500000000003,5.112500000000001,32.858333333333334,-101.26666663333334
2021-06-02,1.000495258530125,304.6375,291.9875,5.325,313.2375,1.4675,0.01325625,3.75,32.858333333333334,-101.26666663333334
2021-06-10,1.0054572260210937,308.725,294.0875,0.5,318.98750000000007,2.215,0.013021250000000002,4.0125,32.858333333333334,-101.26666663333334
2021-06-18,1.0059524845512184,307.68749999999994,293.97499999999997,0.0,310.6625,2.0725000000000002,0.01304125,5.25,32.858333333333334,-101.26666663333334
2021-06-26,1.1054572260210938,302.20000000000005,292.87499999999994,29.2625,253.82500000000002,0.90625,0.015173750000000001,3.5625,32.858333333333334,-101.26666663333334
2021-07-04,1.1140372472798323,304.0375,293.7625,2.2,305.475,1.0975000000000001,0.015726250000000004,3.2875000000000005,32.858333333333334,-101.26666663333334
2021-07-12,1.2140372472798324,304.8875,293.68749999999994,1.05,312.6,1.3562500000000002,0.014702500000000002,4.2375,32.858333333333334,-101.26666663333334
2021-07-20,1.2140372472798324,306.7875,293.61249999999995,0.0625,306.83750000000003,1.9162500000000002,0.0128725,3.5250000000000004,32.858333333333334,-101.26666663333334
2021-07-28,1.2090752797888638,304.90000000000003,292.23749999999995,3.1375,273.2625,1.50125,0.01322375,3.0125,32.858333333333334,-101.26666663333334
2021-08-05,1.1090752797888637,308.59999999999997,295.24999999999994,0.2625,290.1875,2.09,0.014306250000000001,5.6000000000000005,32.858333333333334,-101.26666663333334
2021-08-13,1.0090752797888636,305.2875,293.3375,3.725,256.725,1.37125,0.014976250000000002,3.9749999999999996,32.858333333333334,-101.26666663333334
2021-08-21,0.9950380325090314,307.6875,293.81249999999994,0.0,286.4375,1.94625,0.0135125,4.7125,32.858333333333334,-101.26666663333334
2021-08-29,0.9000000000000001,307.2125,294.675,0.0,250.475,1.8612499999999996,0.01413375,3.575,32.858333333333334,-101.26666663333334
2021-09-06,0.8859627527201679,307.5875,292.1125,0.0,256.3375,2.2175,0.01082375,3.7500000000000004,32.858333333333334,-101.26666663333334
2021-09-14,0.7859627527201678,306.4375,290.8125,0.0,243.175,1.9775,0.011002500000000002,4.325,32.858333333333334,-101.26666663333334
2021-09-22,0.7000000000000002,304.07500000000005,287.9375,0.1,227.75000000000003,2.0250000000000004,0.00721625,3.7749999999999995,32.858333333333334,-101.26666663333334
2021-09-30,0.6859627527201679,302.2625,287.675,0.925,203.4625,1.5125,0.0090925,3.225,32.858333333333334,-101.26666663333334
2021-10-08,0.6000000000000001,303.3875,285.025,4.9625,198.95,1.8662500000000002,0.0073375,6.1125,32.858333333333334,-101.26666663333334
2021-10-16,0.6000000000000001,300.34999999999997,285.375,0.0,190.28750000000002,1.42,0.00766625,4.35,32.858333333333334,-101.26666663333334
2021-10-24,0.5,299.7,282.175,0.0,181.82500000000002,1.6637499999999998,0.0049050000000000005,5.275,32.858333333333334,-101.26666663333334
2021-11-01,0.4995047414698751,292.375,279.775,0.125,152.5375,0.7975,0.006065000000000001,4.3625,32.858333333333334,-101.26666663333334
2021-11-09,0.4,296.91249999999997,280.01250000000005,0.0,153.6125,1.3312499999999998,0.00467375,4.2250000000000005,32.858333333333334,-101.26666663333334
2021-11-17,0.30000000000000004,293.0125,277.0375,0.0,141.60000000000002,1.045,0.0037075000000000003,5.325000000000001,32.858333333333334,-101.26666663333334
2021-11-25,0.30000000000000004,293.77500000000003,277.28749999999997,0.037500000000000006,125.1125,1.1387500000000002,0.0036812500000000005,3.8749999999999996,32.858333333333334,-101.26666663333334
2021-12-03,0.30000000000000004,294.95000000000005,276.5875,0.0,134.7125,1.225,0.0037150000000000004,5.275,32.858333333333334,-101.26666663333334
2021-12-11,0.30000000000000004,292.8375,277.21250000000003,0.0,129.85,0.9800000000000001,0.00433125,5.112500000000001,32.858333333333334,-101.26666663333334
2021-12-19,0.30000000000000004,295.42499999999995,277.2875,0.0,132.625,1.4,0.00310875,4.6375,32.858333333333334,-101.26666663333334
2021-12-27,0.30000000000000004,293.5,281.76,0.0,116.1,1.1680000000000001,0.003992000000000001,5.24,32.858333333333334,-101.26666663333334
2022-01-01,0.21403724727983225,286.56250000000006,268.25,0.0,135.01250000000002,0.7275,0.00228625,5.112500000000001,32.858333333333334,-101.26666663333334
2022-01-09,0.21354198874970737,289.4625,271.17499999999995,0.0,129.20000000000002,0.97,0.0019175000000000002,4.6000000000000005,32.858333333333334,-101.26666663333334
2022-01-17,0.30000000000000004,286.16249999999997,270.9,0.0,133.06250000000003,0.7475,0.00231375,4.3,32.858333333333334,-101.26666663333334
2022-01-25,0.30000000000000004,286.95,271.45,0.0,144.9875,0.6925,0.0028425000000000004,3.9375000000000004,32.858333333333334,-101.26666663333334
2022-02-02,0.30000000000000004,283.11249999999995,267.05,0.2625,162.9625,0.605,0.002,4.800000000000001,32.858333333333334,-101.26666663333334
2022-02-10,0.30000000000000004,291.7875,274.65,0.5375,175.91250000000005,1.09375,0.0027387500000000007,5.562500000000001,32.858333333333334,-101.26666663333334
2022-02-18,0.21403724727983225,285.2875,270.075,0.23750000000000002,189.47500000000002,0.7287499999999999,0.0024200000000000003,5.3,32.858333333333334,-101.26666663333334
2022-02-26,0.21403724727983225,293.2125,275.9,0.0,194.55,1.1337499999999998,0.0035075,4.15,32.858333333333334,-101.26666663333334
2022-03-06,0.21403724727983225,285.98749999999995,269.95000000000005,0.05,204.56250000000003,0.6775,0.0023100000000000004,5.112500000000001,32.858333333333334,-101.26666663333334
2022-03-14,0.30000000000000004,296.8875,277.83750000000003,0.0,223.4125,1.4725000000000001,0.0030487500000000002,6.362500000000001,32.858333333333334,-101.26666663333334
2022-03-22,0.21403724727983225,299.93749999999994,279.71250000000003,0.0,240.625,2.04625,0.0025350000000000004,5.775,32.858333333333334,-101.26666663333334
2022-03-30,0.30000000000000004,298.0625,280.96250000000003,0.1875,245.1125,1.5612500000000002,0.004260000000000001,5.1000000000000005,32.858333333333334,-101.26666663333334
2022-04-07,0.30000000000000004,300.45,281.7875,0.0,281.9125,2.0650000000000004,0.0026475,5.9375,32.858333333333334,-101.26666663333334
2022-04-15,0.30000000000000004,302.675,286.50000000000006,0.0,277.57500000000005,1.9749999999999996,0.006497500000000001,6.800000000000001,32.858333333333334,-101.26666663333334
2022-04-23,0.30000000000000004,300.8625,285.9625,0.0,266.4375,1.7399999999999998,0.006320000000000001,6.550000000000001,32.858333333333334,-101.26666663333334
2022-05-01,0.39141997874126133,305.59999999999997,285.9625,0.48750000000000004,304.9375,2.39875,0.006121250000000001,5.65,32.858333333333334,-101.26666663333334
2022-05-09,0.4,310.1625,292.4125,0.0,318.3375,3.085,0.0080275,5.6375,32.858333333333334,-101.26666663333334
2022-05-17,0.4,304.3875,288.6875,1.2000000000000002,290.0375,2.425,0.006512500000000001,6.137499999999999,32.858333333333334,-101.26666663333334
2022-05-25,0.4,307.7125,291.4375,0.1875,325.27500000000003,2.66125,0.0084325,6.7125,32.858333333333334,-101.26666663333334
2022-06-02,0.4054572260210936,305.9,292.675,3.8375,313.25,1.9874999999999998,0.01143125,4.7250000000000005,32.858333333333334,-101.26666663333334
2022-06-10,0.4054572260210936,311.9875,296.84999999999997,0.0,322.61249999999995,3.5124999999999997,0.009706250000000001,6.775000000000001,32.858333333333334,-101.26666663333334
2022-06-18,0.4054572260210936,309.9125,296.35,0.0,321.35,3.08375,0.009715000000000001,4.562500000000001,32.858333333333334,-101.26666663333334
2022-06-26,0.4054572260210936,308.0,293.5875,0.675,312.90000000000003,2.4225,0.010833750000000001,4.225,32.858333333333334,-101.26666663333334
2022-07-04,0.40049525853012496,312.17499999999995,296.40000000000003,0.32500000000000007,333.96250000000003,3.24,0.0114275,4.0625,32.858333333333334,-101.26666663333334
2022-07-12,0.4049619674909687,312.4,296.2875,0.6125,331.1375,3.475,0.010150000000000003,3.625,32.858333333333334,-101.26666663333334
2022-07-20,0.39638194623222994,311.0125,297.7125,0.7875000000000001,313.36250000000007,3.14125,0.011456250000000001,4.775,32.858333333333334,-101.26666663333334
2022-07-28,0.39638194623222994,311.5375,298.08750000000003,0.225,311.0,3.3075000000000006,0.011200000000000003,4.800000000000001,32.858333333333334,-101.26666663333334
2022-08-05,0.4,309.3875,296.02500000000003,0.3375,285.725,2.69625,0.011587499999999999,3.6625000000000005,32.858333333333334,-101.26666663333334
2022-08-13,0.4054572260210936,307.22499999999997,294.8375,2.4625000000000004,270.15000000000003,2.085,0.01281375,3.475,32.858333333333334,-101.26666663333334
2022-08-21,0.5,304.55,293.2625,4.050000000000001,217.40000000000003,1.3537499999999998,0.014480000000000002,3.45,32.858333333333334,-101.26666663333334
2022-08-29,0.6000000000000001,303.95,293.1125,3.1250000000000004,234.1875,1.245,0.014495000000000001,3.212500000000001,32.858333333333334,-101.26666663333334
2022-09-06,0.6140372472798323,304.8875,291.09999999999997,0.0,249.22500000000002,1.72375,0.01122125,3.3375000000000004,32.858333333333334,-101.26666663333334
2022-09-14,0.7000000000000002,306.1125,293.3875,0.5,243.3375,1.74375,0.0130925,4.812500000000001,32.858333333333334,-101.26666663333334
2022-09-22,0.6085800212587388,305.0625,289.71250000000003,0.0,234.7125,2.1662500000000002,0.007710000000000002,3.85,32.858333333333334,-101.26666663333334
2022-09-30,0.6085800212587388,302.5125,287.425,0.675,204.76250000000002,1.9000000000000001,0.0065200000000000015,3.325,32.858333333333334,-101.26666663333334
2022-10-08,0.6950380325090315,298.12500000000006,286.21250000000003,3.975,173.6875,1.1475,0.008225,4.0625,32.858333333333334,-101.26666663333334
2022-10-24,0.6945427739789066,294.4125,280.45,3.4750000000000005,159.7875,0.915,0.005975000000000001,4.2125,32.858333333333334,-101.26666663333334
2022-11-01,0.6000000000000001,297.725,283.925,0.0,159.6125,1.1287500000000001,0.007398750000000002,5.7250000000000005,32.858333333333334,-101.26666663333334
2022-11-09,0.5950380325090314,288.61249999999995,275.6,0.0,127.96250000000002,0.6537499999999999,0.00475125,4.6625000000000005,32.858333333333334,-101.26666663333334
2022-11-17,0.5,285.375,274.025,0.275,132.25,0.46749999999999997,0.00405625,3.85,32.858333333333334,-101.26666663333334
2022-11-25,0.48596275272016776,287.6625,274.975,3.2250000000000005,117.7875,0.6112500000000001,0.0042775,4.875,32.858333333333334,-101.26666663333334
2022-12-03,0.4,290.55,281.8,1.175,117.0875,0.48625000000000007,0.007571250000000001,3.95,32.858333333333334,-101.26666663333334
2022-12-11,0.4,285.27500000000003,273.975,0.225,134.6125,0.4600000000000001,0.0040625,4.362500000000001,32.858333333333334,-101.26666663333334
2022-12-19,0.30496196749096866,279.4875,267.72499999999997,0.0,134.8625,0.4175,0.0023462500000000002,4.3375,32.858333333333334,-101.26666663333334
2022-12-27,0.30000000000000004,292.88,277.32000000000005,0.0,132.2,1.0619999999999998,0.003488,5.640000000000001,32.858333333333334,-101.26666663333334
