date,LAI,tmmx,tmmn,pr,srad,vpd,sph,vs,lat,lon
2000-02-18,0.3000000000000001,295.88750000000005,279.27500000000003,2.025,168.9625,0.9,0.0065875000000000005,5.9125000000000005,33.06666666666667,-98.47499996666669
2000-02-26,0.501923425719203,294.175,278.47499999999997,1.35,194.7,1.0,0.0046475,5.062500000000001,33.06666666666667,-98.47499996666669
2000-03-05,0.501923425719203,294.32500000000005,278.35,3.0875000000000004,207.53750000000002,0.8362499999999999,0.0059725,5.425,33.06666666666667,-98.47499996666669
2000-03-13,0.6019234257192031,293.2875,276.96250000000003,0.3375,201.08750000000003,0.71125,0.00584625,5.3500000000000005,33.06666666666667,-98.47499996666669
2000-03-21,0.6369740991117724,299.1625,284.08750000000003,3.6750000000000007,195.2125,1.025,0.00854625,4.45,33.06666666666667,-98.47499996666669
2000-03-29,0.8000000000000002,293.175,278.8375,0.8500000000000001,214.5,0.69625,0.0063325000000000005,4.3875,33.06666666666667,-98.47499996666669
2000-04-06,0.9019234257192029,296.6125,280.9125,2.1500000000000004,238.8125,0.9437500000000001,0.0071225,5.125,33.06666666666667,-98.47499996666669
2000-04-14,1.0081863831058728,301.40000000000003,285.175,0.7000000000000001,272.53749999999997,1.28625,0.00890375,4.95,33.06666666666667,-98.47499996666669
2000-04-22,1.108186383105873,301.2875,284.70000000000005,0.6375,266.93750000000006,1.35375,0.0079825,4.5875,33.06666666666667,-98.47499996666669
2000-04-30,1.2101098088250757,300.61249999999995,288.6,5.112500000000001,264.93750000000006,0.8912500000000001,0.012291250000000002,5.1875,33.06666666666667,-98.47499996666669
2000-05-08,1.2101098088250757,304.925,288.02500000000003,0.0,301.08750000000003,1.635,0.01063125,6.3125,33.06666666666667,-98.47499996666669
2000-05-16,1.2120332345442786,305.1375,290.5125,3.3000000000000003,280.8875,1.6775000000000002,0.011621250000000001,5.35,33.06666666666667,-98.47499996666669
2000-05-24,1.145160482217645,309.12499999999994,294.525,2.4625,305.03749999999997,2.0025,0.014450000000000001,5.5875,33.06666666666667,-98.47499996666669
2000-06-01,1.1144493404925424,301.9375,291.0375,7.7125,258.375,1.025,0.012952500000000002,4.025,33.06666666666667,-98.47499996666669
2000-06-09,1.1163727662117453,304.70000000000005,293.2125,3.025,278.0,1.09125,0.015460000000000002,6.237500000000001,33.06666666666667,-98.47499996666669
2000-06-17,1.1432370564984422,305.6375,294.98750000000007,3.3125000000000004,260.9125,1.3399999999999999,0.01570875,5.175000000000001,33.06666666666667,-98.47499996666669
2000-06-25,1.2101098088250757,305.1375,295.3875,4.05,219.85000000000002,1.1837499999999999,0.016286250000000002,3.8875000000000006,33.06666666666667,-98.47499996666669
2000-07-03,1.3432370564984422,308.9375,294.1,0.0,340.1000000000001,1.9212500000000001,0.014501250000000004,4.875,33.06666666666667,-98.47499996666669
2000-07-11,1.2101098088250757,311.95,297.3,0.8125,324.83750000000003,2.87,0.013576250000000003,3.3500000000000005,33.06666666666667,-98.47499996666669
2000-07-19,,311.38750000000005,295.35,0.0,322.6125,2.915,0.0115525,3.925,33.06666666666667,-98.47499996666669
2000-07-27,,310.8125,294.625,0.07500000000000001,316.90000000000003,2.7012500000000004,0.011915,3.6250000000000004,33.06666666666667,-98.47499996666669
2000-08-04,,312.62500000000006,297.2125,0.0,297.76250000000005,3.0974999999999997,0.01283625,4.9375,33.06666666666667,-98.47499996666669
2000-08-12,,312.825,296.6125,0.0,297.8125,3.3525,0.01112375,3.8875,33.06666666666667,-98.47499996666669
2000-08-20,,311.77500000000003,296.22499999999997,0.0,280.625,2.9449999999999994,0.01227,4.2625,33.06666666666667,-98.47499996666669
2000-08-28,0.745160482217645,313.5875,296.4125,0.0,277.175,3.5537500000000004,0.010748750000000001,3.8000000000000007,33.06666666666667,-98.47499996666669
2000-09-05,0.7388975248309753,310.7125,293.16249999999997,0.6125,257.5375,2.46125,0.012758750000000003,4.5,33.06666666666667,-98.47499996666669
2000-09-13,0.7350506733925695,307.6625,288.875,0.0,256.57500000000005,2.21375,0.009195000000000002,4.237500000000001,33.06666666666667,-98.47499996666669
2000-09-21,0.7388975248309753,302.3,284.02500000000003,0.4375,233.1,1.3587500000000001,0.00947375,4.5249999999999995,33.06666666666667,-98.47499996666669
2000-09-29,0.6388975248309753,305.2,287.98749999999995,0.32500000000000007,211.775,2.0725,0.008111250000000002,6.050000000000001,33.06666666666667,-98.47499996666669
2000-10-07,0.6345579931635085,292.5125,281.51250000000005,0.675,141.7875,0.8737500000000001,0.006100000000000001,5.200000000000001,33.06666666666667,-98.47499996666669
2000-10-15,0.603846851438406,298.2625,288.875,6.3500000000000005,149.33750000000003,0.7987500000000001,0.010858750000000002,3.5125,33.06666666666667,-98.47499996666669
2000-10-23,0.6019234257192031,298.9,290.02500000000003,6.925,139.97500000000002,0.63625,0.012668750000000001,4.925,33.06666666666667,-98.47499996666669
2000-10-31,0.6019234257192031,293.0875,282.425,9.2375,107.91250000000001,0.4675,0.008663750000000001,4.4125,33.06666666666667,-98.47499996666669
2000-11-08,0.6019234257192031,284.275,271.45000000000005,2.55,120.7125,0.27375,0.00432625,4.0875,33.06666666666667,-98.47499996666669
2000-11-16,0.5307111417251027,284.95000000000005,272.78749999999997,3.8000000000000003,112.8625,0.3275,0.0044075,3.25,33.06666666666667,-98.47499996666669
2000-11-24,0.501923425719203,287.2375,274.925,1.8125,119.90000000000002,0.40875,0.004801250000000001,3.8124999999999996,33.06666666666667,-98.47499996666669
2000-12-02,0.49566046833253324,284.3625,273.1375,0.0,110.8625,0.36750000000000005,0.004013750000000001,3.375,33.06666666666667,-98.47499996666669
2000-12-10,0.49566046833253324,282.6,268.73749999999995,0.7375,119.6375,0.34875,0.00346375,4.25,33.06666666666667,-98.47499996666669
2000-12-18,0.401923425719203,281.625,270.31249999999994,1.3,115.3625,0.35875,0.002945,4.562500000000001,33.06666666666667,-98.47499996666669
2000-12-26,0.4000000000000001,275.90000000000003,268.25,4.566666666666667,92.26666666666667,0.15,0.0028266666666666666,3.483333333333333,33.06666666666667,-98.47499996666669
2001-01-01,0.401923425719203,283.6625,269.5125,0.0,122.4125,0.33749999999999997,0.0036275,3.0375000000000005,33.06666666666667,-98.47499996666669
2001-01-09,0.4000000000000001,286.5625,274.0625,1.875,107.11250000000001,0.41625000000000006,0.00450125,3.85,33.06666666666667,-98.47499996666669
2001-01-17,0.42878771600589977,281.6375,270.71250000000003,1.1,103.03750000000001,0.22499999999999998,0.0038425000000000004,3.537500000000001,33.06666666666667,-98.47499996666669
2001-01-25,0.49566046833253324,284.70000000000005,272.6125,5.9375,110.93750000000001,0.35000000000000003,0.004141250000000001,3.8375000000000004,33.06666666666667,-98.47499996666669
2001-02-02,0.49566046833253324,290.40000000000003,273.78749999999997,0.6625000000000001,160.95000000000002,0.56,0.005088750000000001,5.0375000000000005,33.06666666666667,-98.47499996666669
2001-02-10,0.5913209366650666,285.8125,273.34999999999997,9.3625,125.97500000000001,0.3075,0.00532375,3.9375,33.06666666666667,-98.47499996666669
2001-02-18,0.6287877160058998,289.9875,275.7125,3.275,164.1125,0.4625,0.005745000000000001,4.8375,33.06666666666667,-98.47499996666669
2001-02-26,0.6956604683325335,287.75,275.6,3.525,146.77500000000003,0.4325,0.00509,2.9750000000000005,33.06666666666667,-98.47499996666669
2001-03-06,0.7000000000000002,292.2875,279.09999999999997,5.050000000000001,182.55,0.6225,0.00619375,3.9,33.06666666666667,-98.47499996666669
2001-03-14,0.8000000000000002,288.45,276.5375,0.41250000000000003,188.75000000000003,0.555,0.004733750000000001,4.4,33.06666666666667,-98.47499996666669
2001-03-22,0.9956604683325333,288.21250000000003,277.02500000000003,6.362500000000001,139.625,0.4625,0.005593750000000001,3.4375000000000004,33.06666666666667,-98.47499996666669
2001-03-30,1.1326345674443057,299.6,285.25,0.0,234.41250000000002,0.84,0.010765,4.825,33.06666666666667,-98.47499996666669
2001-04-07,1.5081863831058726,299.925,286.575,1.35,255.05,0.9862500000000001,0.010181250000000003,5.3375,33.06666666666667,-98.47499996666669
2001-04-15,1.7062629573866699,296.2875,284.0,2.025,210.2375,0.74875,0.00904125,6.775000000000001,33.06666666666667,-98.47499996666669
2001-04-23,1.6802111556102144,296.9125,282.2,0.225,285.1,0.9962500000000001,0.006817500000000001,4.0625,33.06666666666667,-98.47499996666669
2001-05-01,1.7125259147733396,300.8875,289.40000000000003,4.825,255.825,0.9274999999999999,0.011970000000000001,5.525,33.06666666666667,-98.47499996666669
2001-05-09,1.6451604822176449,302.70000000000005,289.4375,0.037500000000000006,301.75,1.135,0.011948750000000003,4.9625,33.06666666666667,-98.47499996666669
2001-05-17,1.4845506872776812,302.90000000000003,288.6375,2.0125,285.35,1.3962500000000002,0.010641250000000001,4.2875000000000005,33.06666666666667,-98.47499996666669
2001-05-25,1.447576588165909,303.50000000000006,291.33750000000003,3.5875,286.63750000000005,1.2312500000000002,0.012927500000000001,4.425000000000001,33.06666666666667,-98.47499996666669
2001-06-02,1.3538395455525785,306.2375,293.2,0.0,308.08750000000003,1.325,0.015313750000000001,5.5874999999999995,33.06666666666667,-98.47499996666669
2001-06-10,1.2495000138851118,308.65000000000003,294.22499999999997,0.35000000000000003,301.55000000000007,1.9537499999999999,0.014083750000000003,5.2875,33.06666666666667,-98.47499996666669
2001-07-04,1.1538395455525787,311.8875,295.875,0.0,345.475,2.7275,0.01360625,4.0625,33.06666666666667,-98.47499996666669
2001-07-12,1.1144493404925424,313.33750000000003,298.1375,0.0,326.08750000000003,2.9975000000000005,0.014901250000000001,4.7250000000000005,33.06666666666667,-98.47499996666669
2001-07-20,1.0495000138851118,312.5874999999999,298.0125,0.0,314.90000000000003,2.9537500000000003,0.014183750000000002,4.4125000000000005,33.06666666666667,-98.47499996666669
2001-07-28,1.0106024890541365,310.8125,296.45,0.3125,288.8625,2.4762500000000003,0.014306250000000001,4.5,33.06666666666667,-98.47499996666669
2001-08-05,1.039390205060036,310.3625,296.13750000000005,0.3875,246.15000000000003,2.5225,0.013309999999999999,3.4375,33.06666666666667,-98.47499996666669
2001-08-13,1.0495000138851118,308.45000000000005,296.0125,5.200000000000001,235.07500000000002,1.8975000000000002,0.015206250000000001,3.0875000000000004,33.06666666666667,-98.47499996666669
2001-08-21,1.0495000138851118,308.6,295.1625,0.325,246.7375,1.98125,0.014385000000000002,4.475,33.06666666666667,-98.47499996666669
2001-08-29,1.0495000138851118,303.55,290.8625,2.5375000000000005,199.16250000000002,0.8987500000000002,0.014801250000000002,3.25,33.06666666666667,-98.47499996666669
2001-09-06,1.0758716239427477,305.7,290.1625,1.55,245.54999999999998,1.41375,0.01307125,4.3500000000000005,33.06666666666667,-98.47499996666669
2001-09-14,1.0802111556102143,305.46250000000003,291.83750000000003,4.625,193.0375,1.31875,0.014002500000000001,3.9375,33.06666666666667,-98.47499996666669
2001-09-22,1.0350506733925693,300.25,284.075,0.0,244.15,1.09125,0.008996250000000003,3.5124999999999997,33.06666666666667,-98.47499996666669
2001-09-30,1.0388975248309753,299.35,282.11249999999995,0.17500000000000002,210.4125,1.08625,0.007836250000000001,4.2375,33.06666666666667,-98.47499996666669
2001-10-08,0.940820950550178,300.15,284.66249999999997,6.6,192.175,1.0250000000000001,0.0094975,4.9750000000000005,33.06666666666667,-98.47499996666669
2001-10-16,0.9081863831058726,299.675,281.76250000000005,0.0,191.4875,1.0562500000000001,0.0083725,4.487500000000001,33.06666666666667,-98.47499996666669
2001-10-24,0.9038468514384058,296.775,280.6,0.0,170.1875,1.075,0.00581,4.625000000000001,33.06666666666667,-98.47499996666669
2001-11-01,0.803846851438406,299.40000000000003,285.05,0.0,137.3875,1.0787499999999999,0.00858,3.9500000000000006,33.06666666666667,-98.47499996666669
2001-11-09,0.703846851438406,295.08750000000003,283.875,5.1000000000000005,103.0125,0.665,0.00840625,4.237500000000001,33.06666666666667,-98.47499996666669
2001-11-17,0.603846851438406,292.125,277.55,0.7875000000000001,117.05000000000001,0.63375,0.0059362500000000006,4.625,33.06666666666667,-98.47499996666669
2001-11-25,0.5668727523266337,286.925,272.6,1.5500000000000003,99.60000000000001,0.5750000000000001,0.0038987500000000003,4.825000000000001,33.06666666666667,-98.47499996666669
2001-12-03,0.501923425719203,293.525,278.5,0.0,124.61250000000001,0.8525,0.00568125,4.4125000000000005,33.06666666666667,-98.47499996666669
2001-12-11,0.5,288.53749999999997,274.55,5.5375000000000005,98.73750000000001,0.48750000000000004,0.004750000000000001,4.175000000000001,33.06666666666667,-98.47499996666669
2001-12-19,0.401923425719203,285.67499999999995,271.05,0.0,122.92500000000001,0.54125,0.0029962499999999998,3.9125,33.06666666666667,-98.47499996666669
2001-12-27,0.401923425719203,281.4,269.62,0.06000000000000001,104.64000000000001,0.422,0.0025340000000000002,3.3,33.06666666666667,-98.47499996666669
2002-01-01,0.43071114172510266,283.625,269.78749999999997,1.1,100.5875,0.4575,0.00290375,3.6375000000000006,33.06666666666667,-98.47499996666669
2002-01-09,0.43071114172510266,291.2875,274.025,0.0,130.35,0.8587499999999999,0.0033562500000000003,4.3875,33.06666666666667,-98.47499996666669
2002-01-25,0.43071114172510266,291.3375,272.925,1.5,137.6125,0.7525000000000001,0.004475,4.0625,33.06666666666667,-98.47499996666669
2002-02-02,0.43071114172510266,284.9375,272.0,3.1375,113.47500000000002,0.42499999999999993,0.0036550000000000003,3.3750000000000004,33.06666666666667,-98.47499996666669
2002-02-10,0.49566046833253324,288.1875,270.8125,0.0,176.9375,0.705,0.0027525000000000006,4.425,33.06666666666667,-98.47499996666669
2002-02-18,0.5956604683325334,293.83750000000003,275.95,1.225,173.91250000000002,0.975,0.004223750000000001,5.1,33.06666666666667,-98.47499996666669
2002-02-26,0.5307111417251027,284.675,266.61249999999995,0.2,198.4875,0.575,0.0022,5.775,33.06666666666667,-98.47499996666669
2002-03-06,0.5956604683325334,295.3125,277.42499999999995,0.0,210.85,1.08,0.00474,5.8500000000000005,33.06666666666667,-98.47499996666669
2002-03-14,0.49566046833253324,292.3375,279.81250000000006,10.3625,162.51250000000002,0.8275,0.005375000000000001,4.5125,33.06666666666667,-98.47499996666669
2002-03-22,0.6956604683325335,293.1625,276.5125,0.5750000000000001,220.66250000000002,0.8725,0.00523125,4.950000000000001,33.06666666666667,-98.47499996666669
2002-03-30,0.8668727523266336,291.4,280.5125,6.0125,196.01250000000005,0.66625,0.0061025,5.187500000000001,33.06666666666667,-98.47499996666669
2002-04-07,1.0687961780458366,298.7875,286.4375,4.8125,236.77500000000003,0.9212500000000001,0.009698750000000003,4.3875,33.06666666666667,-98.47499996666669
2002-04-15,1.4144493404925425,302.8625,290.2375,0.1875,248.0375,1.27625,0.011567500000000001,6.474999999999999,33.06666666666667,-98.47499996666669
2002-04-23,1.5144493404925423,302.25,288.7375,2.8000000000000003,251.96250000000003,1.385,0.0103475,5.1000000000000005,33.06666666666667,-98.47499996666669
2002-05-01,1.7101098088250757,302.4375,289.15000000000003,3.8125000000000004,278.35,1.12,0.01207,5.762499999999999,33.06666666666667,-98.47499996666669
2002-05-09,1.6475765881659088,300.5375,286.175,2.5,297.58750000000003,0.9712500000000002,0.010780000000000001,6.225000000000001,33.06666666666667,-98.47499996666669
2002-05-17,1.6451604822176449,299.26250000000005,284.925,0.08750000000000001,304.13750000000005,0.96,0.009547500000000002,6.475,33.06666666666667,-98.47499996666669
2002-05-25,1.5514234396043145,302.4625,290.68750000000006,5.4750000000000005,282.76250000000005,1.02,0.013005000000000003,3.4875000000000003,33.06666666666667,-98.47499996666669
2002-06-02,1.5062629573866697,304.41249999999997,293.58750000000003,5.025,288.97499999999997,1.0687499999999999,0.015506250000000003,5.075,33.06666666666667,-98.47499996666669
2002-06-10,1.5475765881659087,304.2,292.625,4.5625,280.1875,1.12875,0.01458625,5.3,33.06666666666667,-98.47499996666669
2002-06-18,1.6451604822176449,305.5125,292.5,0.0,293.46250000000003,1.46625,0.013416250000000001,4.7125,33.06666666666667,-98.47499996666669
2002-06-26,1.6144493404925424,303.45,293.0625,5.5375000000000005,210.07500000000002,1.06,0.014722500000000001,4.275,33.06666666666667,-98.47499996666669
2002-07-04,1.6144493404925424,305.0375,295.2125,3.6125,253.21250000000003,1.1325,0.016615,2.8625000000000003,33.06666666666667,-98.47499996666669
2002-07-12,1.5168654464408062,306.0875,294.41249999999997,2.2,280.225,1.31,0.01582375,3.875,33.06666666666667,-98.47499996666669
2002-07-20,1.5081863831058726,310.02500000000003,294.7875,0.8125,321.2750000000001,2.10375,0.014856250000000001,4.800000000000001,33.06666666666667,-98.47499996666669
2002-07-28,1.4187888721600093,307.8625,295.3125,4.7125,282.70000000000005,1.6775000000000002,0.015603750000000001,4.3625,33.06666666666667,-98.47499996666669
2002-08-05,1.5125259147733394,307.08750000000003,294.93750000000006,0.3875,255.81250000000003,1.6699999999999997,0.014730000000000002,3.6000000000000005,33.06666666666667,-98.47499996666669
2002-08-13,1.4101098088250759,309.25,294.02500000000003,0.0625,284.7625,1.7674999999999998,0.01576,6.075,33.06666666666667,-98.47499996666669
2002-08-21,1.2495000138851118,311.075,295.86250000000007,0.5,279.08750000000003,2.4525,0.014381250000000002,4.512500000000001,33.06666666666667,-98.47499996666669
2002-08-29,1.2495000138851118,308.975,293.875,0.45000000000000007,238.13750000000002,2.1050000000000004,0.013330000000000003,3.5375,33.06666666666667,-98.47499996666669
2002-09-06,1.243237056498442,304.8625,291.675,2.4625000000000004,188.725,1.33375,0.013622500000000001,3.225,33.06666666666667,-98.47499996666669
2002-09-14,1.2144493404925425,305.33750000000003,289.3625,3.9125000000000005,229.45,1.3925,0.012670000000000002,4.4,33.06666666666667,-98.47499996666669
2002-09-22,1.1101098088250758,304.22499999999997,286.875,0.0,240.65,1.63375,0.009236250000000001,3.3250000000000006,33.06666666666667,-98.47499996666669
2002-09-30,1.0144493404925425,301.8625,288.46250000000003,1.9875000000000003,179.4625,1.2262500000000003,0.010673750000000003,4.6000000000000005,33.06666666666667,-98.47499996666669
2002-10-08,0.9388975248309751,292.9875,283.2125,5.375,153.075,0.46374999999999994,0.008747500000000002,3.425,33.06666666666667,-98.47499996666669
2002-10-16,0.8369740991117723,293.1,281.9375,9.075,153.125,0.3687500000000001,0.008802500000000001,3.500000000000001,33.06666666666667,-98.47499996666669
2002-10-24,0.7369740991117724,288.675,281.1625,4.3375,116.76249999999999,0.13124999999999998,0.008368750000000001,2.9125,33.06666666666667,-98.47499996666669
2002-11-01,0.7019234257192031,289.7625,276.52500000000003,2.9000000000000004,112.85000000000001,0.5,0.005635,4.0125,33.06666666666667,-98.47499996666669
2002-11-09,0.6350506733925695,293.0375,278.4,0.0,134.575,0.8200000000000001,0.005312500000000001,4.325,33.06666666666667,-98.47499996666669
2002-11-17,0.6019234257192031,294.15,276.5,0.0,136.9625,0.9025000000000001,0.004701250000000001,4.1625000000000005,33.06666666666667,-98.47499996666669
2002-11-25,0.5307111417251027,287.5,271.5875,0.0,112.46249999999999,0.62375,0.0032587500000000004,4.2875,33.06666666666667,-98.47499996666669
2002-12-03,0.501923425719203,283.225,272.575,6.749999999999999,84.3125,0.18750000000000003,0.00474875,3.6750000000000003,33.06666666666667,-98.47499996666669
2002-12-11,0.43071114172510266,290.5,275.525,0.037500000000000006,119.97500000000002,0.5937499999999999,0.00506875,4.5,33.06666666666667,-98.47499996666669
2002-12-19,0.43071114172510266,284.6375,270.5,0.9750000000000001,112.075,0.3925,0.00356375,4.325,33.06666666666667,-98.47499996666669
2002-12-27,0.43071114172510266,290.28,274.76000000000005,3.04,120.98000000000002,0.5720000000000001,0.004966,4.48,33.06666666666667,-98.47499996666669
2003-01-01,0.43071114172510266,288.8375,273.125,0.0,125.275,0.61625,0.0038437500000000004,3.9125,33.06666666666667,-98.47499996666669
2003-01-09,0.43071114172510266,284.8375,271.625,0.525,112.22500000000002,0.40125000000000005,0.0037562500000000005,4.375000000000001,33.06666666666667,-98.47499996666669
2003-01-17,0.43071114172510266,282.38750000000005,268.4,0.0,126.77500000000002,0.4475,0.0026662500000000002,3.9875000000000003,33.06666666666667,-98.47499996666669
2003-01-25,0.42637161005763585,288.775,273.275,0.0,142.2125,0.525,0.004516250000000001,4.312500000000001,33.06666666666667,-98.47499996666669
2003-02-02,0.43071114172510266,284.8875,272.01250000000005,0.7875,137.9,0.46624999999999994,0.0037875,4.762500000000001,33.06666666666667,-98.47499996666669
2003-02-10,0.49566046833253324,289.79999999999995,275.11249999999995,0.15000000000000002,158.25,0.5599999999999999,0.00519875,4.7125,33.06666666666667,-98.47499996666669
2003-02-18,0.43071114172510266,283.9625,273.2375,4.25,125.82499999999999,0.3375000000000001,0.004613750000000001,4.6875,33.06666666666667,-98.47499996666669
2003-02-26,0.43263456744430556,285.98749999999995,272.25,0.15000000000000002,166.05,0.38125,0.0045899999999999995,3.6375,33.06666666666667,-98.47499996666669
2003-03-06,0.6000000000000002,295.775,278.20000000000005,0.0,206.9375,0.84125,0.006637499999999999,3.9375000000000004,33.06666666666667,-98.47499996666669
2003-03-14,0.703846851438406,294.95000000000005,280.8875,2.3000000000000003,178.31249999999997,0.8512500000000002,0.006661250000000001,4.375000000000001,33.06666666666667,-98.47499996666669
2003-03-22,0.8326345674443056,293.46250000000003,277.475,0.45,212.55,0.8350000000000001,0.00555125,5.100000000000001,33.06666666666667,-98.47499996666669
2003-03-30,1.0388975248309753,298.5625,282.25,1.125,252.07500000000002,1.2287500000000002,0.006665000000000001,5.45,33.06666666666667,-98.47499996666669
2003-04-07,1.1388975248309754,296.34999999999997,280.0125,0.0,269.55,1.0925,0.0058625000000000005,4.675000000000001,33.06666666666667,-98.47499996666669
2003-04-15,1.2388975248309753,299.0375,285.1625,0.7,238.63750000000005,1.2975,0.007292500000000001,5.7124999999999995,33.06666666666667,-98.47499996666669
2003-04-23,1.2739481982235448,302.85,286.2625,1.275,273.8625,1.5450000000000002,0.008595,5.637500000000001,33.06666666666667,-98.47499996666669
2003-05-01,1.345160482217645,306.2,289.9625,0.0625,298.97499999999997,1.7025000000000001,0.011551249999999999,4.925,33.06666666666667,-98.47499996666669
2003-05-09,1.3163727662117455,305.1125,289.375,1.0250000000000001,289.1375,1.5162499999999999,0.011903750000000001,5.612500000000001,33.06666666666667,-98.47499996666669
2003-05-17,1.3495000138851116,300.40000000000003,286.4875,7.8374999999999995,253.92500000000004,0.7537500000000001,0.01237875,4.174999999999999,33.06666666666667,-98.47499996666669
2003-05-25,1.4432370564984423,302.08750000000003,289.25,0.425,282.20000000000005,1.12625,0.01189625,3.5125,33.06666666666667,-98.47499996666669
2003-06-02,1.5369740991117724,302.2625,290.025,10.6125,291.57500000000005,1.085,0.012263750000000002,4.1875,33.06666666666667,-98.47499996666669
2003-06-10,1.7062629573866699,303.36249999999995,292.4125,7.4375,277.35,1.01875,0.014559999999999998,3.9375,33.06666666666667,-98.47499996666669
2003-06-18,1.7081863831058728,305.85,293.2875,2.6375,302.4125,1.3025000000000002,0.015183750000000003,5.125,33.06666666666667,-98.47499996666669
2003-06-26,1.703846851438406,304.8,292.45,1.5624999999999998,310.2625,1.2750000000000001,0.014101250000000001,3.2500000000000004,33.06666666666667,-98.47499996666669
2003-07-04,1.608186383105873,306.61250000000007,294.22499999999997,0.1375,305.425,1.43875,0.015472500000000002,4.675000000000001,33.06666666666667,-98.47499996666669
2003-07-12,1.408186383105873,310.7625,295.3,0.23750000000000002,339.76250000000005,2.51875,0.013316250000000002,3.9875000000000007,33.06666666666667,-98.47499996666669
2003-07-20,1.2731357097133034,310.3875,296.3375,0.0,318.0625,2.64125,0.0126925,4.425000000000001,33.06666666666667,-98.47499996666669
2003-07-28,1.2081863831058728,311.65000000000003,296.03749999999997,0.037500000000000006,308.75,2.8925,0.012353750000000002,3.9625000000000004,33.06666666666667,-98.47499996666669
2003-08-05,1.0432370564984421,310.4625,295.4875,0.6875,269.25,2.66625,0.0125375,3.6625000000000005,33.06666666666667,-98.47499996666669
2003-08-13,1.0388975248309753,307.61250000000007,293.52500000000003,0.5125,265.25,1.91875,0.013281250000000001,3.4875000000000003,33.06666666666667,-98.47499996666669
2003-08-21,1.0369740991117724,308.97499999999997,295.35,0.65,248.6875,2.13,0.01385625,3.6125000000000003,33.06666666666667,-98.47499996666669
2003-08-29,1.0081863831058728,303.20000000000005,293.2625,5.9125,209.675,1.05125,0.01463375,3.3625000000000007,33.06666666666667,-98.47499996666669
2003-09-06,1.103846851438406,303.15000000000003,290.09999999999997,9.962500000000002,221.575,1.26375,0.01195,4.3625,33.06666666666667,-98.47499996666669
2003-09-14,1.1326345674443057,300.71250000000003,288.58750000000003,2.8625000000000003,226.37500000000006,0.92625,0.0117,4.175000000000001,33.06666666666667,-98.47499996666669
2003-09-22,1.1326345674443057,302.175,289.15,0.0,219.68750000000003,1.2400000000000002,0.0108575,3.8125000000000004,33.06666666666667,-98.47499996666669
2003-09-30,1.003846851438406,299.93749999999994,285.62499999999994,1.1875,189.01250000000005,0.95875,0.009907500000000001,3.7125,33.06666666666667,-98.47499996666669
2003-10-08,1.003846851438406,299.77500000000003,286.9625,1.0625,171.4875,0.845,0.011037500000000002,3.8500000000000005,33.06666666666667,-98.47499996666669
2003-10-16,0.9019234257192029,302.5625,283.84999999999997,0.0,193.25,1.5425,0.00761125,3.4750000000000005,33.06666666666667,-98.47499996666669
2003-10-24,0.801923425719203,299.12499999999994,281.525,0.0,174.7,1.24375,0.0067425,4.925000000000001,33.06666666666667,-98.47499996666669
2003-11-01,0.6369740991117724,293.7375,283.775,4.8375,103.9875,0.72875,0.008461250000000002,4.5874999999999995,33.06666666666667,-98.47499996666669
2003-11-09,0.6000000000000002,293.78749999999997,282.0375,0.35000000000000003,113.01249999999999,0.7762500000000001,0.006869999999999999,4.3500000000000005,33.06666666666667,-98.47499996666669
2003-11-17,0.5307111417251027,292.325,276.725,0.36250000000000004,131.25,0.8350000000000001,0.0048537499999999996,5.5875,33.06666666666667,-98.47499996666669
2003-11-25,0.43071114172510266,289.81250000000006,274.225,0.0,121.96250000000002,0.7074999999999999,0.0039375,5.0375,33.06666666666667,-98.47499996666669
2003-12-03,0.401923425719203,289.4375,273.55,0.0,129.7375,0.7150000000000001,0.00372375,4.9375,33.06666666666667,-98.47499996666669
2003-12-11,0.4000000000000001,288.32500000000005,271.1875,0.7375,124.03750000000002,0.7425,0.0027262500000000004,4.625,33.06666666666667,-98.47499996666669
2003-12-19,0.33071114172510263,292.03749999999997,275.175,0.0,128.43750000000003,0.8300000000000001,0.0040750000000000005,5.362500000000001,33.06666666666667,-98.47499996666669
2003-12-27,0.33071114172510263,290.36,275.03999999999996,0.0,124.96000000000001,0.8160000000000001,0.0037340000000000003,4.760000000000001,33.06666666666667,-98.47499996666669
2004-01-01,0.301923425719203,289.20000000000005,274.075,0.0,113.53750000000001,0.67875,0.00491125,4.9625,33.06666666666667,-98.47499996666669
2004-01-09,0.301923425719203,290.6125,276.525,2.5250000000000004,106.07500000000002,0.6300000000000001,0.00503125,3.2375000000000007,33.06666666666667,-98.47499996666669
2004-01-17,0.301923425719203,286.6875,274.1125,1.5500000000000003,104.0125,0.43374999999999997,0.0045275,3.5375,33.06666666666667,-98.47499996666669
2004-01-25,0.301923425719203,287.375,272.86249999999995,0.5875,134.1875,0.53875,0.00391875,4.925,33.06666666666667,-98.47499996666669
2004-02-02,0.301923425719203,284.15000000000003,271.72499999999997,0.8125,140.85,0.3775,0.00365,4.3625,33.06666666666667,-98.47499996666669
2004-02-10,0.3350506733925694,281.5125,270.875,2.1750000000000003,120.11250000000001,0.3125,0.0034025000000000006,3.3250000000000006,33.06666666666667,-98.47499996666669
2004-02-18,0.43071114172510266,289.725,277.2375,9.9875,147.23750000000004,0.5825000000000001,0.0051600000000000005,5.162500000000001,33.06666666666667,-98.47499996666669
2004-02-26,0.43697409911177226,291.1875,278.02500000000003,4.875,164.9875,0.6325000000000001,0.00567125,5.325,33.06666666666667,-98.47499996666669
2004-03-05,0.5307111417251027,292.15,278.95000000000005,0.3125,196.2125,0.9,0.004325,4.1125,33.06666666666667,-98.47499996666669
2004-03-13,0.7019234257192031,297.72499999999997,283.07500000000005,1.4500000000000002,196.52500000000003,1.0187499999999998,0.0079625,4.2625,33.06666666666667,-98.47499996666669
2004-03-21,0.8369740991117723,297.23749999999995,284.875,0.48750000000000004,186.9,0.9862500000000001,0.007983750000000001,7.3374999999999995,33.06666666666667,-98.47499996666669
2004-03-29,1.1019234257192032,296.1375,281.475,0.15000000000000002,224.97500000000002,1.09875,0.005577500000000001,3.5500000000000007,33.06666666666667,-98.47499996666669
2004-04-06,1.4000000000000004,292.525,281.625,1.9375,214.0875,0.7100000000000001,0.00653625,4.4,33.06666666666667,-98.47499996666669
2004-04-14,1.5081863831058726,301.075,285.825,0.0,264.0375,1.2462499999999999,0.008982500000000003,6.5625,33.06666666666667,-98.47499996666669
2004-04-22,1.644347993707404,299.5125,286.7375,8.4,262.15000000000003,1.035,0.00952625,4.5,33.06666666666667,-98.47499996666669
2004-04-30,1.6813220928191759,297.4875,284.53749999999997,2.5375,282.675,0.7987500000000001,0.009241250000000001,4.8999999999999995,33.06666666666667,-98.47499996666669
2004-05-08,1.6163727662117453,299.19999999999993,287.93750000000006,2.7875,280.6875,0.7075,0.012001250000000001,5.837500000000001,33.06666666666667,-98.47499996666669
2004-05-16,1.8793986670999732,304.375,291.34999999999997,0.0,309.26250000000005,1.3650000000000002,0.012657500000000002,6.8375,33.06666666666667,-98.47499996666669
2004-05-24,1.7813220928191758,306.92499999999995,293.06250000000006,2.5500000000000003,290.71250000000003,2.03125,0.011397500000000001,5.5125,33.06666666666667,-98.47499996666669
2004-06-01,1.7120332345442786,304.2125,292.2625,12.4375,275.725,1.3462499999999997,0.013329999999999998,5.175,33.06666666666667,-98.47499996666669
2004-06-09,1.7120332345442786,304.4875,292.875,4.15,300.2875,1.06875,0.015331250000000003,5.9624999999999995,33.06666666666667,-98.47499996666669
2004-06-17,1.6388975248309756,304.0875,293.08750000000003,3.0250000000000004,290.675,1.25625,0.013868750000000003,3.8125000000000004,33.06666666666667,-98.47499996666669
2004-06-25,1.545160482217645,302.3875,293.225,6.525,247.68750000000003,1.0225,0.014205,3.875,33.06666666666667,-98.47499996666669
2004-07-03,1.5144493404925423,307.8875,294.6625,0.15000000000000002,336.26250000000005,1.7612500000000002,0.014722500000000001,5.612500000000001,33.06666666666667,-98.47499996666669
2004-07-11,1.5081863831058726,308.775,294.3125,0.0,337.21250000000003,2.345,0.011805000000000001,3.8249999999999997,33.06666666666667,-98.47499996666669
2004-07-19,1.4163727662117453,306.0625,293.59999999999997,1.0375,268.06250000000006,1.90625,0.012126250000000002,3.8625000000000003,33.06666666666667,-98.47499996666669
2004-07-27,1.4043395316674672,304.95,293.5,10.6875,263.0375,1.30875,0.014612500000000002,3.075,33.06666666666667,-98.47499996666669
2004-08-04,1.3432370564984422,305.2875,293.52500000000003,0.3875,272.21250000000003,1.55375,0.013178750000000001,3.4750000000000005,33.06666666666667,-98.47499996666669
2004-08-12,1.3369740991117725,303.4125000000001,290.2,2.575,244.4,1.5,0.01050625,3.8875,33.06666666666667,-98.47499996666669
2004-08-20,1.2388975248309753,306.8625,293.9125,0.8500000000000001,274.575,1.51375,0.015098750000000003,5.4625,33.06666666666667,-98.47499996666669
2004-08-28,1.2388975248309753,303.65,290.7125,4.625,263.65000000000003,1.36625,0.011738750000000001,3.2874999999999996,33.06666666666667,-98.47499996666669
2004-09-05,1.2019234257192033,303.79999999999995,288.0625,2.1,264.2375,1.58875,0.00958375,3.7375000000000003,33.06666666666667,-98.47499996666669
2004-09-13,1.0369740991117724,307.4875,292.16249999999997,0.07500000000000001,243.57500000000002,1.7875,0.01301875,4.887500000000001,33.06666666666667,-98.47499996666669
2004-09-21,0.9307111417251025,303.05,289.875,1.125,204.60000000000002,1.3925,0.01076,3.6125000000000007,33.06666666666667,-98.47499996666669
2004-09-29,0.9038468514384058,299.6125,286.9,6.2625,176.9125,0.93875,0.010203750000000001,3.3625,33.06666666666667,-98.47499996666669
2004-10-07,0.9019234257192029,295.9625,285.2125,0.9250000000000002,168.725,0.65875,0.00942625,3.95,33.06666666666667,-98.47499996666669
2004-10-15,0.8326345674443056,301.4125,284.8125,1.375,178.2625,1.31875,0.00859,4.075,33.06666666666667,-98.47499996666669
2004-10-23,0.7975838940517362,300.63750000000005,287.90000000000003,1.1125,159.7125,0.9725,0.011013750000000003,4.8125,33.06666666666667,-98.47499996666669
2004-10-31,0.6975838940517364,292.29999999999995,279.82500000000005,6.9625,124.8625,0.6125,0.00673,3.6375,33.06666666666667,-98.47499996666669
2004-11-08,0.5956604683325334,289.1125,279.9875,7.9750000000000005,88.16250000000001,0.3925,0.006803750000000001,4.6000000000000005,33.06666666666667,-98.47499996666669
2004-11-16,0.49758389405173614,292.03749999999997,283.425,9.1375,99.82500000000002,0.34249999999999997,0.008816250000000001,3.075,33.06666666666667,-98.47499996666669
2004-11-24,0.43071114172510266,287.68749999999994,274.55,0.7125,119.05000000000001,0.44875000000000004,0.004693750000000001,5.450000000000001,33.06666666666667,-98.47499996666669
2004-12-02,0.39566046833253327,292.6625,276.90000000000003,2.125,124.5875,0.8662500000000001,0.00456375,4.1625,33.06666666666667,-98.47499996666669
2004-12-10,0.39566046833253327,287.55,272.8625,0.0,131.6625,0.67625,0.00309625,3.8625000000000007,33.06666666666667,-98.47499996666669
2004-12-18,0.39566046833253327,282.2,268.3625,0.48750000000000004,119.71250000000002,0.4775,0.00261625,4.4875,33.06666666666667,-98.47499996666669
2004-12-26,0.39566046833253327,292.1333333333334,277.8333333333333,0.0,127.26666666666667,0.635,0.00598,5.133333333333334,33.06666666666667,-98.47499996666669
2005-01-01,0.3000000000000001,289.9,276.725,2.325,106.40000000000002,0.49,0.006358750000000001,4.6875,33.06666666666667,-98.47499996666669
2005-01-09,0.33071114172510263,288.125,274.9875,0.0,124.85000000000001,0.5925,0.0047150000000000004,4.675,33.06666666666667,-98.47499996666669
2005-01-17,0.33071114172510263,285.75,270.7375,0.0,127.5625,0.55625,0.0032237500000000005,3.7249999999999996,33.06666666666667,-98.47499996666669
2005-01-25,0.39566046833253327,284.0625,273.79999999999995,3.2750000000000004,107.67500000000001,0.38625,0.00404,3.9,33.06666666666667,-98.47499996666669
2005-02-02,0.39566046833253327,285.775,273.1125,1.5625,148.0375,0.3525,0.00452125,3.8500000000000005,33.06666666666667,-98.47499996666669
2005-02-10,0.49566046833253324,290.275,277.51250000000005,0.41250000000000003,142.53750000000002,0.73,0.004662500000000001,4.4875,33.06666666666667,-98.47499996666669
2005-02-18,0.5307111417251027,291.0625,278.9875,1.5375,161.9375,0.6562500000000001,0.005786250000000001,3.975,33.06666666666667,-98.47499996666669
2005-02-26,0.5956604683325334,289.90000000000003,277.08750000000003,2.9875,180.1,0.555,0.005291250000000001,2.6750000000000003,33.06666666666667,-98.47499996666669
2005-03-06,0.6956604683325335,293.625,277.975,0.3375,201.41250000000002,0.9512500000000002,0.0045762500000000005,4.5125,33.06666666666667,-98.47499996666669
2005-03-14,0.7019234257192031,290.55,276.35,0.325,187.9875,0.8,0.00420125,4.6499999999999995,33.06666666666667,-98.47499996666669
2005-03-22,0.8307111417251027,292.7875,277.85,3.825,197.275,0.8225,0.005200000000000001,5.237500000000001,33.06666666666667,-98.47499996666669
2005-03-30,0.9369740991117722,295.775,280.2,0.0,239.21250000000003,1.07125,0.005388750000000001,6.075000000000001,33.06666666666667,-98.47499996666669
2005-04-07,1.243237056498442,297.53749999999997,281.75,0.0,270.5875,1.19,0.005846250000000001,4.7125,33.06666666666667,-98.47499996666669
2005-04-15,1.4774752413807704,300.91249999999997,285.4375,0.0,268.225,1.24875,0.00871125,5.7375,33.06666666666667,-98.47499996666669
2005-04-23,1.5144493404925423,296.3125,280.275,0.35,268.21250000000003,1.17875,0.0052525,4.5,33.06666666666667,-98.47499996666669
2005-05-01,1.5120332345442784,292.05,282.21250000000003,4.375000000000001,210.88750000000002,0.48250000000000004,0.008056250000000001,5.075,33.06666666666667,-98.47499996666669
2005-05-09,1.5514234396043145,300.84999999999997,288.5875,0.8625,285.9,1.04125,0.01105375,5.637499999999999,33.06666666666667,-98.47499996666669
2005-05-17,1.622635723598415,306.825,291.9,0.0,309.16249999999997,1.8450000000000002,0.012008750000000002,4.7875000000000005,33.06666666666667,-98.47499996666669
2005-05-25,1.4639493543776543,300.7625,291.35,5.675000000000001,251.26250000000002,0.97375,0.012422500000000001,3.3375000000000004,33.06666666666667,-98.47499996666669
2005-06-02,1.9120332345442788,305.43749999999994,292.9625,2.9000000000000004,308.275,1.065,0.016156250000000004,6.050000000000001,33.06666666666667,-98.47499996666669
2005-06-10,1.8163727662117453,306.59999999999997,293.725,1.5625000000000002,308.76250000000005,1.57,0.01426,5.100000000000001,33.06666666666667,-98.47499996666669
2005-06-18,1.724559149317618,307.38750000000005,293.025,0.0,323.5,2.16875,0.01088875,4.437500000000001,33.06666666666667,-98.47499996666669
2005-06-26,1.622635723598415,309.3625,294.7,0.7875000000000001,325.8125,2.41375,0.012180000000000002,4.475,33.06666666666667,-98.47499996666669
2005-07-04,1.5875850502058457,307.34999999999997,293.2125,3.325,317.59999999999997,1.7112499999999997,0.014010000000000002,3.5375000000000005,33.06666666666667,-98.47499996666669
2005-07-12,1.5187888721600091,307.1875,295.375,4.2250000000000005,289.73749999999995,1.7087500000000002,0.014792500000000004,3.5625000000000004,33.06666666666667,-98.47499996666669
2005-07-20,1.520712297879212,308.78749999999997,294.26250000000005,1.775,295.6625,2.0162500000000003,0.01402625,4.7,33.06666666666667,-98.47499996666669
2005-07-28,1.5495000138851116,307.375,292.76250000000005,2.0375,296.77500000000003,1.99125,0.012165000000000002,2.6374999999999997,33.06666666666667,-98.47499996666669
2005-08-05,1.4514234396043149,305.34999999999997,293.825,3.275,226.6125,1.2875,0.015006250000000002,3.5000000000000004,33.06666666666667,-98.47499996666669
2005-08-13,1.545160482217645,306.04999999999995,294.575,10.025000000000002,239.6125,1.1812500000000001,0.01670875,4.275,33.06666666666667,-98.47499996666669
2005-08-21,1.5432370564984421,308.825,294.47499999999997,0.2625,279.9375,1.85375,0.014993750000000002,3.2500000000000004,33.06666666666667,-98.47499996666669
2005-08-29,1.4451604822176451,306.84999999999997,292.46250000000003,0.1125,259.70000000000005,1.96625,0.01137,2.8875,33.06666666666667,-98.47499996666669
2005-09-06,1.3432370564984422,306.97499999999997,290.63750000000005,0.325,256.32500000000005,1.7875000000000003,0.011902500000000002,4.325,33.06666666666667,-98.47499996666669
2005-09-14,1.243237056498442,307.61249999999995,292.65000000000003,1.55,225.10000000000002,1.71875,0.013980000000000001,4.375,33.06666666666667,-98.47499996666669
2005-09-22,1.1101098088250758,308.17499999999995,290.975,0.0,232.90000000000003,2.1637500000000003,0.01126625,4.175000000000001,33.06666666666667,-98.47499996666669
2005-09-30,1.0388975248309753,302.33750000000003,287.20000000000005,8.025,169.66250000000002,1.3775,0.0104575,5.587500000000001,33.06666666666667,-98.47499996666669
2005-10-08,1.0101098088250757,297.87499999999994,284.48750000000007,0.1625,186.63750000000002,1.04,0.00773,2.9000000000000004,33.06666666666667,-98.47499996666669
2005-10-16,1.0369740991117724,298.475,283.3875,0.1125,178.77500000000003,1.155,0.007595000000000001,4.0,33.06666666666667,-98.47499996666669
2005-10-24,0.9388975248309751,293.95,277.41249999999997,0.7000000000000001,167.125,0.8775000000000001,0.005090000000000001,3.9375,33.06666666666667,-98.47499996666669
2005-11-01,0.803846851438406,301.08750000000003,281.70000000000005,0.0,154.51250000000002,1.5075,0.006293750000000001,4.987500000000001,33.06666666666667,-98.47499996666669
2005-11-09,0.7326345674443057,296.59999999999997,278.15000000000003,0.7875000000000001,140.82500000000002,1.05875,0.00594125,4.4125000000000005,33.06666666666667,-98.47499996666669
2005-11-17,0.6307111417251027,292.125,273.7875,0.0,134.15,1.0,0.0028950000000000004,3.2375000000000003,33.06666666666667,-98.47499996666669
2005-11-25,0.5307111417251027,291.3625,274.175,0.0,131.20000000000002,0.8675,0.0037100000000000006,5.2,33.06666666666667,-98.47499996666669
2005-12-03,0.401923425719203,283.2,265.86249999999995,0.037500000000000006,125.45000000000002,0.5800000000000001,0.0021725,4.4875,33.06666666666667,-98.47499996666669
2005-12-11,0.3369740991117723,287.0,272.9375,0.28750000000000003,99.9375,0.6062500000000001,0.0032275000000000003,3.7,33.06666666666667,-98.47499996666669
2005-12-19,0.33071114172510263,290.42499999999995,274.45,0.08750000000000001,109.3125,0.8075,0.0036762500000000003,4.2124999999999995,33.06666666666667,-98.47499996666669
2005-12-27,0.33071114172510263,293.94,278.3,0.0,131.58,1.198,0.0031380000000000006,4.44,33.06666666666667,-98.47499996666669
2006-01-01,0.33071114172510263,295.45000000000005,276.3625,0.0,123.625,1.35875,0.00271375,4.6875,33.06666666666667,-98.47499996666669
2006-01-09,0.33071114172510263,293.25,274.9,0.0,123.35000000000001,1.11625,0.0029212500000000002,5.237500000000001,33.06666666666667,-98.47499996666669
2006-01-17,0.33071114172510263,290.15,272.7375,1.25,129.3125,0.77125,0.0034437500000000006,4.525,33.06666666666667,-98.47499996666669
2006-01-25,0.33071114172510263,292.3375,276.3125,1.4375,131.38750000000002,0.8362499999999999,0.0042762500000000005,4.825,33.06666666666667,-98.47499996666669
2006-02-02,0.3350506733925694,289.79999999999995,274.325,0.3875,162.875,0.8112499999999999,0.00317,4.1000000000000005,33.06666666666667,-98.47499996666669
2006-02-10,0.33071114172510263,289.0875,272.27500000000003,0.0625,166.06250000000003,0.9187500000000002,0.0026062500000000005,5.7,33.06666666666667,-98.47499996666669
2006-02-18,0.401923425719203,284.1375,271.75,5.112500000000001,116.60000000000001,0.34500000000000003,0.00416375,3.6750000000000003,33.06666666666667,-98.47499996666669
2006-02-26,0.43071114172510266,296.84999999999997,281.05,0.9625000000000001,187.16250000000005,1.23,0.00554125,5.0,33.06666666666667,-98.47499996666669
2006-03-06,0.501923425719203,299.34999999999997,285.12500000000006,0.5625,204.88750000000002,1.5400000000000003,0.0058425000000000005,4.8625,33.06666666666667,-98.47499996666669
2006-03-14,0.5369740991117724,289.9375,278.4375,7.2,186.2875,0.75125,0.00436875,5.1000000000000005,33.06666666666667,-98.47499996666669
2006-03-22,0.6995073197709393,290.71250000000003,277.525,0.9750000000000001,210.0,0.7325,0.00500375,4.8,33.06666666666667,-98.47499996666669
2006-03-30,0.803846851438406,301.225,286.6375,0.07500000000000001,244.77499999999998,1.36125,0.00862625,5.362500000000001,33.06666666666667,-98.47499996666669
2006-04-07,1.0081863831058728,300.52500000000003,283.5125,0.0,260.975,1.4,0.007142500000000001,6.1,33.06666666666667,-98.47499996666669
2006-04-15,1.2081863831058728,305.0,287.925,3.6375,259.9375,2.12625,0.007438750000000001,4.550000000000001,33.06666666666667,-98.47499996666669
2006-04-23,1.4019234257192033,299.5375,285.2875,6.050000000000001,250.775,1.0987500000000001,0.00902625,5.325,33.06666666666667,-98.47499996666669
2006-05-01,1.4106024890541367,300.92499999999995,289.125,8.575,267.75,0.7012499999999999,0.01348,5.2749999999999995,33.06666666666667,-98.47499996666669
2006-05-09,1.5081863831058726,299.25,285.625,0.0,308.52500000000003,1.06125,0.009038750000000002,4.5375,33.06666666666667,-98.47499996666669
2006-05-17,1.4432370564984423,306.09999999999997,289.17499999999995,0.0,314.87500000000006,1.85,0.010315000000000001,4.800000000000001,33.06666666666667,-98.47499996666669
2006-05-25,1.4144493404925425,307.7125,294.175,1.975,291.01250000000005,1.87,0.013763750000000002,5.425000000000001,33.06666666666667,-98.47499996666669
2006-06-02,1.4144493404925425,308.8375,291.925,0.0,317.55000000000007,2.4362500000000002,0.010271250000000003,3.9250000000000007,33.06666666666667,-98.47499996666669
2006-06-10,1.3163727662117455,310.45,293.2375,1.9625000000000001,320.975,2.6300000000000003,0.01124625,5.8875,33.06666666666667,-98.47499996666669
2006-06-18,1.3144493404925426,306.25,293.2375,4.8875,300.7125,1.4049999999999998,0.014780000000000001,4.275,33.06666666666667,-98.47499996666669
2006-06-26,1.3144493404925426,305.825,291.33750000000003,0.0,323.2625,1.9175,0.01035625,3.7250000000000005,33.06666666666667,-98.47499996666669
2006-07-04,1.2144493404925425,307.15000000000003,294.1125,2.1375,305.2375,1.68875,0.01435,4.375,33.06666666666667,-98.47499996666669
2006-07-12,1.1413136307792393,312.7875,297.9,0.0,340.125,3.24625,0.012510000000000002,4.3500000000000005,33.06666666666667,-98.47499996666669
2006-07-20,1.1101098088250758,310.3375,295.975,0.0,329.5875,2.63375,0.01248125,4.45,33.06666666666667,-98.47499996666669
2006-07-28,1.0081863831058728,311.75000000000006,296.575,0.0,315.9125,2.67125,0.014113750000000003,6.1375,33.06666666666667,-98.47499996666669
2006-08-05,0.9432370564984419,312.00000000000006,297.4375,0.65,283.90000000000003,2.92125,0.013325000000000002,4.3500000000000005,33.06666666666667,-98.47499996666669
2006-08-13,0.9432370564984419,311.2875,296.9,1.3625,276.875,2.77,0.013155,3.8375000000000004,33.06666666666667,-98.47499996666669
2006-08-21,0.9432370564984419,311.225,298.4875,2.05,243.375,2.7849999999999997,0.014060000000000001,3.3500000000000005,33.06666666666667,-98.47499996666669
2006-08-29,0.9495000138851116,303.3,290.7375,6.5875,224.91250000000002,1.33,0.012065000000000001,3.312500000000001,33.06666666666667,-98.47499996666669
2006-09-06,0.9451604822176448,303.45,289.3875,0.125,231.375,1.51625,0.01018875,2.75,33.06666666666667,-98.47499996666669
2006-09-14,0.9495000138851116,304.91249999999997,289.0625,2.225,235.38750000000005,1.66625,0.010454999999999999,5.2125,33.06666666666667,-98.47499996666669
2006-09-22,0.9369740991117722,302.56250000000006,285.66249999999997,0.8250000000000001,234.4125,1.63625,0.007778750000000001,4.2,33.06666666666667,-98.47499996666669
2006-09-30,0.843237056498442,306.05,289.475,0.0,214.35000000000002,1.8625000000000003,0.010091250000000003,4.2250000000000005,33.06666666666667,-98.47499996666669
2006-10-08,0.8144493404925424,299.525,284.875,5.800000000000001,181.82500000000002,1.1649999999999998,0.00813875,3.75,33.06666666666667,-98.47499996666669
2006-10-16,0.7432370564984421,294.36249999999995,279.9125,1.5750000000000002,185.88750000000002,0.80375,0.0064199999999999995,4.2875,33.06666666666667,-98.47499996666669
2006-10-24,0.7369740991117724,295.88750000000005,280.8875,0.9125000000000001,161.8625,0.88625,0.00683,5.487500000000001,33.06666666666667,-98.47499996666669
2006-11-01,0.6369740991117724,293.40000000000003,279.2375,2.3375000000000004,128.725,0.8200000000000001,0.005966249999999999,4.175,33.06666666666667,-98.47499996666669
2006-11-09,0.6019234257192031,293.1625,277.16249999999997,0.0,141.1875,0.8587500000000001,0.0050525,5.125,33.06666666666667,-98.47499996666669
2006-11-17,0.501923425719203,293.4375,275.7,0.0,139.11249999999998,0.93625,0.004172500000000001,3.8000000000000003,33.06666666666667,-98.47499996666669
2006-11-25,0.43071114172510266,291.4625,277.85,2.5625,113.66250000000002,0.6712500000000001,0.006515000000000001,5.55,33.06666666666667,-98.47499996666669
2006-12-03,0.4000000000000001,283.6625,269.075,0.0,130.1875,0.41125,0.003095,4.500000000000001,33.06666666666667,-98.47499996666669
2006-12-11,0.4000000000000001,295.38750000000005,279.1125,0.0,126.825,0.9862500000000001,0.005360000000000001,4.0375000000000005,33.06666666666667,-98.47499996666669
2006-12-19,0.39566046833253327,286.9125,274.1625,3.4000000000000004,118.3625,0.49125,0.00408875,3.9250000000000003,33.06666666666667,-98.47499996666669
2006-12-27,0.33071114172510263,291.12,277.6,2.96,118.94000000000001,0.6960000000000001,0.005038000000000001,5.960000000000001,33.06666666666667,-98.47499996666669
2007-01-01,0.3000000000000001,286.5375,273.125,0.4625,120.45,0.50125,0.00381625,3.4875000000000003,33.06666666666667,-98.47499996666669
2007-01-09,0.3000000000000001,283.5125,272.7375,1.9750000000000003,102.22500000000001,0.355,0.00437375,5.300000000000001,33.06666666666667,-98.47499996666669
2007-01-17,0.3000000000000001,278.95,270.1375,3.325,88.8875,0.19625,0.00335,3.1000000000000005,33.06666666666667,-98.47499996666669
2007-01-25,0.39566046833253327,282.175,270.65000000000003,0.7875000000000001,114.4,0.32625,0.0033237500000000003,3.725,33.06666666666667,-98.47499996666669
2007-02-02,0.33071114172510263,285.8375,271.84999999999997,0.08750000000000001,146.53750000000002,0.44625,0.004033750000000001,3.45,33.06666666666667,-98.47499996666669
2007-02-10,0.4000000000000001,284.2875,270.83750000000003,0.42500000000000004,146.4875,0.44625000000000004,0.0035712499999999998,5.1375,33.06666666666667,-98.47499996666669
2007-02-18,0.49566046833253324,294.97499999999997,278.03749999999997,0.125,189.95000000000002,1.11375,0.00428125,5.5625,33.06666666666667,-98.47499996666669
2007-02-26,0.501923425719203,291.525,275.11249999999995,0.0,204.9375,1.0475,0.00286,4.3125,33.06666666666667,-98.47499996666669
2007-03-06,0.501923425719203,296.53749999999997,282.0625,1.8,192.7625,1.0850000000000002,0.006092500000000001,3.7750000000000004,33.06666666666667,-98.47499996666669
2007-03-14,0.6019234257192031,298.20000000000005,283.49999999999994,0.0,218.55,1.03125,0.0078375,5.7250000000000005,33.06666666666667,-98.47499996666669
2007-03-22,0.7326345674443057,299.12499999999994,287.27500000000003,6.875,192.47500000000002,0.9774999999999999,0.009770000000000003,5.825,33.06666666666667,-98.47499996666669
2007-03-30,1.1019234257192032,294.4125,282.13750000000005,8.1125,207.26250000000002,0.8600000000000001,0.006985000000000001,4.625,33.06666666666667,-98.47499996666669
2007-04-07,1.2019234257192033,290.4125,277.7625,1.1125,197.57500000000002,0.745,0.005083750000000001,4.9125,33.06666666666667,-98.47499996666669
2007-04-15,1.408186383105873,297.2125,282.4375,1.5875000000000001,257.95,0.89125,0.00789125,5.225,33.06666666666667,-98.47499996666669
2007-04-23,1.5369740991117724,299.5875,286.7375,5.125,253.52500000000003,1.1162500000000002,0.009213750000000001,4.7250000000000005,33.06666666666667,-98.47499996666669
2007-05-01,1.7062629573866699,301.8875,291.425,6.175000000000001,249.10000000000005,0.8662500000000001,0.013920000000000002,4.525,33.06666666666667,-98.47499996666669
2007-05-09,1.77747524138077,299.54999999999995,289.075,6.137500000000001,268.01250000000005,0.885,0.011258750000000001,3.0125,33.06666666666667,-98.47499996666669
2007-05-17,1.5144493404925423,298.9875,288.0,2.6500000000000004,238.4375,0.8037500000000001,0.01114125,4.775,33.06666666666667,-98.47499996666669
2007-05-25,1.4774752413807704,300.33750000000003,290.83750000000003,8.975,247.325,0.6787500000000001,0.013760000000000001,4.375000000000001,33.06666666666667,-98.47499996666669
2007-06-02,1.8125259147733395,303.75,291.8875,1.3,308.21250000000003,1.1099999999999999,0.013966250000000001,3.9000000000000004,33.06666666666667,-98.47499996666669
2007-06-10,1.656873908480743,303.3125,293.5,10.15,259.43750000000006,1.0999999999999999,0.01452875,3.8125000000000004,33.06666666666667,-98.47499996666669
2007-06-18,1.679398667099973,303.875,294.21250000000003,6.9125000000000005,263.0125,0.9750000000000001,0.01595125,4.800000000000001,33.06666666666667,-98.47499996666669
2007-06-26,1.6592900144290068,301.2,293.33750000000003,14.125,203.075,0.6025,0.0158825,2.6125,33.06666666666667,-98.47499996666669
2007-07-04,1.77747524138077,304.90000000000003,294.25000000000006,1.325,291.125,0.9762500000000001,0.016936250000000003,3.3375,33.06666666666667,-98.47499996666669
2007-07-12,1.77747524138077,305.92499999999995,293.3125,0.7750000000000001,324.5375,1.2975,0.0151975,3.7125000000000004,33.06666666666667,-98.47499996666669
2007-07-20,1.7081863831058728,304.925,293.0125,1.6125000000000003,299.5875,1.13375,0.015210000000000001,3.4875000000000003,33.06666666666667,-98.47499996666669
2007-07-28,1.4432370564984423,305.475,295.37500000000006,4.4625,249.125,1.17875,0.01657625,3.0125,33.06666666666667,-98.47499996666669
2007-08-05,1.4739481982235447,309.3125,295.04999999999995,0.0,304.71250000000003,1.8312499999999998,0.01592125,4.6625000000000005,33.06666666666667,-98.47499996666669
2007-08-13,1.3758716239427475,308.0,296.24999999999994,1.775,266.2875,1.7737500000000002,0.01566,4.575,33.06666666666667,-98.47499996666669
2007-08-21,1.3739481982235446,308.175,294.575,0.0,279.9,1.6087500000000001,0.015891250000000003,5.0249999999999995,33.06666666666667,-98.47499996666669
2007-08-29,1.2739481982235448,304.62499999999994,293.4875,2.5375,223.6125,1.24875,0.014481250000000001,3.0375,33.06666666666667,-98.47499996666669
2007-09-06,1.3388975248309753,304.125,292.48749999999995,8.787500000000001,229.52499999999998,1.095,0.014925000000000003,3.7375000000000003,33.06666666666667,-98.47499996666669
2007-09-14,1.4038468514384062,305.02500000000003,292.075,3.25,247.1875,1.16625,0.014698750000000003,4.1625000000000005,33.06666666666667,-98.47499996666669
2007-09-22,1.3388975248309753,304.7125,291.3625,0.28750000000000003,234.70000000000002,1.26875,0.013432500000000002,3.6625000000000005,33.06666666666667,-98.47499996666669
2007-09-30,1.3019234257192032,305.58750000000003,290.9875,0.25,209.3625,1.4525000000000001,0.01285375,4.7,33.06666666666667,-98.47499996666669
2007-10-08,1.2038468514384062,302.6375,287.6,0.4375,197.2375,1.4162500000000002,0.009462499999999999,4.1625,33.06666666666667,-98.47499996666669
2007-10-16,1.103846851438406,299.575,282.6625,1.7625000000000002,181.88750000000002,1.40375,0.0065225000000000005,5.9,33.06666666666667,-98.47499996666669
2007-10-24,0.9388975248309751,294.85,277.9875,0.0,182.25,0.9775000000000001,0.004900000000000001,3.5,33.06666666666667,-98.47499996666669
2007-11-01,0.8369740991117723,295.9375,280.73749999999995,0.0,145.75,1.0825,0.0056500000000000005,3.7375,33.06666666666667,-98.47499996666669
2007-11-09,0.7019234257192031,298.65,283.6375,0.0,140.5875,1.24375,0.007057500000000001,5.0875,33.06666666666667,-98.47499996666669
2007-11-17,0.6019234257192031,292.1125,279.5625,0.0,108.65000000000002,0.95,0.00542,4.5,33.06666666666667,-98.47499996666669
2007-11-25,0.501923425719203,289.76250000000005,276.95,3.2,109.4875,0.59875,0.005220000000000001,4.237500000000001,33.06666666666667,-98.47499996666669
2007-12-03,0.4038468514384059,290.325,274.7625,0.05,119.93750000000001,0.6462500000000001,0.004725,3.8000000000000003,33.06666666666667,-98.47499996666669
2007-12-11,0.33071114172510263,284.61249999999995,270.93750000000006,2.9,100.77499999999999,0.38000000000000006,0.00387625,4.437500000000001,33.06666666666667,-98.47499996666669
2007-12-19,0.33071114172510263,286.4,271.07499999999993,0.0,119.83750000000002,0.56875,0.0031525000000000004,4.45,33.06666666666667,-98.47499996666669
2007-12-27,0.33071114172510263,283.03999999999996,269.54,0.0,133.62,0.476,0.00242,4.200000000000001,33.06666666666667,-98.47499996666669
2008-01-01,0.301923425719203,289.0125,273.6875,0.0,120.125,0.6974999999999999,0.00418875,5.4750000000000005,33.06666666666667,-98.47499996666669
2008-01-09,0.301923425719203,288.1625,273.4,0.0,119.6375,0.7212500000000001,0.0028875000000000007,4.1,33.06666666666667,-98.47499996666669
2008-01-17,0.301923425719203,281.65,267.41249999999997,0.0,115.42500000000001,0.4025,0.0023437500000000003,4.025,33.06666666666667,-98.47499996666669
2008-01-25,0.301923425719203,288.9875,271.475,0.15000000000000002,135.10000000000002,0.7499999999999999,0.0031675000000000006,6.012500000000001,33.06666666666667,-98.47499996666669
2008-02-02,0.33071114172510263,292.525,273.675,0.0,165.88750000000002,0.9875,0.0033237500000000003,4.4875,33.06666666666667,-98.47499996666669
2008-02-10,0.4000000000000001,291.0125,275.575,2.95,158.775,0.75125,0.004392500000000001,4.8375,33.06666666666667,-98.47499996666669
2008-02-18,0.401923425719203,292.4125,274.15000000000003,0.0,182.52499999999998,0.85875,0.0041925,4.175000000000001,33.06666666666667,-98.47499996666669
2008-02-26,0.501923425719203,294.1,275.4625,5.487500000000001,185.05000000000004,1.0275,0.00418,5.612500000000001,33.06666666666667,-98.47499996666669
2008-03-05,0.5307111417251027,289.1,273.7875,5.2250000000000005,191.78750000000002,0.75,0.0034437500000000006,4.5875,33.06666666666667,-98.47499996666669
2008-03-13,0.6019234257192031,296.3875,280.3125,9.7,192.12500000000003,1.14375,0.005345000000000001,5.3999999999999995,33.06666666666667,-98.47499996666669
2008-03-21,0.7350506733925695,294.83750000000003,279.72499999999997,0.0,213.25,1.06625,0.00527375,5.9875,33.06666666666667,-98.47499996666669
2008-03-29,0.9307111417251025,298.25000000000006,282.925,1.175,224.76250000000002,1.10375,0.007523750000000001,5.3374999999999995,33.06666666666667,-98.47499996666669
2008-04-06,1.1369740991117725,296.0875,281.73749999999995,3.325,260.975,1.08125,0.006011250000000002,5.487500000000001,33.06666666666667,-98.47499996666669
2008-04-14,1.3081863831058729,299.075,280.8375,0.7625000000000001,273.575,1.3025,0.006213750000000001,5.874999999999999,33.06666666666667,-98.47499996666669
2008-04-22,1.4451604822176451,299.8875,283.9625,4.1375,259.13750000000005,1.2675,0.00789125,5.2,33.06666666666667,-98.47499996666669
2008-04-30,1.545160482217645,298.8,285.7875,4.987500000000001,276.3625,1.1674999999999998,0.00814125,5.737500000000001,33.06666666666667,-98.47499996666669
2008-05-08,1.643237056498442,299.8375,285.875,1.9875,289.4,1.10375,0.009268750000000001,4.9,33.06666666666667,-98.47499996666669
2008-05-16,1.7125259147733396,304.9125,288.3,0.0,293.1375,1.8925,0.008950000000000001,5.2875000000000005,33.06666666666667,-98.47499996666669
2008-05-24,1.7144493404925425,307.58750000000003,294.425,4.6000000000000005,302.525,1.895,0.01353,6.025,33.06666666666667,-98.47499996666669
2008-06-01,1.645653162446706,309.025,295.0125,1.2125,319.71250000000003,2.17125,0.013500000000000002,8.8625,33.06666666666667,-98.47499996666669
2008-06-09,1.6125259147733395,309.5375,295.7625,0.0,312.18750000000006,2.4175000000000004,0.012825000000000001,6.2875000000000005,33.06666666666667,-98.47499996666669
2008-06-17,1.5475765881659087,306.27500000000003,293.78749999999997,2.375,311.5,1.8162500000000001,0.012485,3.8125000000000004,33.06666666666667,-98.47499996666669
2008-06-25,1.4519161198333759,306.58750000000003,293.975,5.25,318.80000000000007,1.85,0.012663750000000001,5.0375,33.06666666666667,-98.47499996666669
2008-07-03,1.447576588165909,307.7875,294.72499999999997,0.1875,315.8,2.04625,0.012841250000000002,4.6125,33.06666666666667,-98.47499996666669
2008-07-11,1.3456531624467059,309.2,295.8375,0.6125,315.0875,2.3750000000000004,0.01284875,4.7,33.06666666666667,-98.47499996666669
2008-07-19,1.2744408784526058,310.6875,295.6625,0.08750000000000001,329.7375,2.76375,0.011846250000000003,4.2875000000000005,33.06666666666667,-98.47499996666669
2008-07-27,1.245160482217645,312.2375,297.46250000000003,0.8125000000000001,311.475,3.0975000000000006,0.01253125,4.137499999999999,33.06666666666667,-98.47499996666669
2008-08-04,1.1802111556102144,309.77500000000003,296.31249999999994,0.8125000000000001,262.32500000000005,2.49,0.01313375,3.6500000000000004,33.06666666666667,-98.47499996666669
2008-08-12,1.243237056498442,304.52500000000003,293.12500000000006,12.1125,240.7375,1.4425,0.013266250000000002,3.2375,33.06666666666667,-98.47499996666669
2008-08-20,1.2782877298910116,305.1875,292.1,0.875,269.475,1.20125,0.014775000000000002,3.4875000000000003,33.06666666666667,-98.47499996666669
2008-08-28,1.3432370564984422,305.2375,292.1625,0.25,236.27499999999998,1.3787500000000001,0.013755000000000002,4.3875,33.06666666666667,-98.47499996666669
2008-09-05,1.4144493404925425,303.46250000000003,290.73749999999995,9.5,197.16250000000002,1.05875,0.013745,3.425,33.06666666666667,-98.47499996666669
2008-09-13,1.4144493404925425,300.09999999999997,286.09999999999997,0.125,250.25000000000006,1.0462500000000001,0.009626250000000001,3.0,33.06666666666667,-98.47499996666669
2008-09-21,1.40626295738667,303.5125,288.8875,0.0,240.16250000000002,1.36625,0.010851250000000002,2.9000000000000004,33.06666666666667,-98.47499996666669
2008-09-29,1.30626295738667,303.5125,287.3625,5.3875,217.0625,1.7387500000000002,0.00802125,4.125000000000001,33.06666666666667,-98.47499996666669
2008-10-07,1.2081863831058728,301.4125,286.90000000000003,3.6750000000000003,181.6375,1.23,0.009625,4.8875,33.06666666666667,-98.47499996666669
2008-10-15,1.108186383105873,297.15,282.40000000000003,0.6375000000000001,171.12500000000003,0.9375,0.0073875,3.875,33.06666666666667,-98.47499996666669
2008-10-23,1.1,294.825,277.1125,0.0,184.06250000000006,1.1025,0.00408875,3.6750000000000003,33.06666666666667,-98.47499996666669
2008-10-31,0.9081863831058726,299.22499999999997,282.4625,0.08750000000000001,155.27500000000003,1.15875,0.007398750000000001,4.325,33.06666666666667,-98.47499996666669
2008-11-08,0.7369740991117724,294.6625,277.9375,0.42500000000000004,144.45000000000002,0.9400000000000002,0.0052762500000000006,4.3625,33.06666666666667,-98.47499996666669
2008-11-16,0.6019234257192031,291.125,272.4125,0.0,139.75000000000003,0.79125,0.0037350000000000005,4.525,33.06666666666667,-98.47499996666669
2008-11-24,0.501923425719203,289.8375,275.0125,0.7375,115.3375,0.77875,0.0035649999999999996,4.012500000000001,33.06666666666667,-98.47499996666669
2008-12-02,0.43071114172510266,288.07500000000005,270.375,0.0,124.0,0.68875,0.0029987499999999997,5.3999999999999995,33.06666666666667,-98.47499996666669
2008-12-10,0.4000000000000001,287.55,269.875,0.0,121.3625,0.6687500000000001,0.0030450000000000004,5.2250000000000005,33.06666666666667,-98.47499996666669
2008-12-18,0.33263456744430553,287.62499999999994,272.28749999999997,0.0,116.80000000000001,0.65375,0.0037974999999999997,5.062500000000001,33.06666666666667,-98.47499996666669
2008-12-26,0.33071114172510263,292.3833333333334,273.5,0.4166666666666667,132.93333333333337,0.9249999999999999,0.003538333333333334,5.066666666666667,33.06666666666667,-98.47499996666669
2009-01-01,0.33071114172510263,290.525,271.2625,0.35000000000000003,120.025,0.83875,0.0032912500000000003,4.500000000000001,33.06666666666667,-98.47499996666669
2009-01-09,0.33071114172510263,287.2375,268.675,0.0,124.78750000000001,0.7162499999999999,0.0023600000000000006,4.3999999999999995,33.06666666666667,-98.47499996666669
2009-01-17,0.33071114172510263,293.09999999999997,273.17499999999995,0.0,137.3,1.12875,0.00272,4.775,33.06666666666667,-98.47499996666669
2009-01-25,0.3350506733925694,287.57500000000005,268.2625,0.5125,136.9875,0.59375,0.0030900000000000003,4.2875000000000005,33.06666666666667,-98.47499996666669
2009-02-02,0.3350506733925694,293.51250000000005,276.48750000000007,0.9625,161.01250000000002,0.915,0.004736250000000001,5.7250000000000005,33.06666666666667,-98.47499996666669
2009-02-10,0.401923425719203,292.5,276.76250000000005,0.625,152.5875,0.91375,0.0043950000000000005,5.300000000000001,33.06666666666667,-98.47499996666669
2009-02-18,0.401923425719203,293.7875,276.1875,0.0,195.65,1.23125,0.0029125,4.6,33.06666666666667,-98.47499996666669
2009-02-26,0.43071114172510266,294.66249999999997,276.83750000000003,0.0,205.8875,1.25625,0.003922500000000001,5.862500000000001,33.06666666666667,-98.47499996666669
2009-03-06,0.401923425719203,295.175,283.3875,5.975,142.6875,1.26125,0.00595625,5.425000000000001,33.06666666666667,-98.47499996666669
2009-03-14,0.401923425719203,296.7375,281.35,0.08750000000000001,205.37500000000003,1.1,0.006201250000000001,4.4625,33.06666666666667,-98.47499996666669
2009-03-22,0.501923425719203,295.20000000000005,280.375,0.4,218.4375,1.04125,0.00566625,6.862500000000001,33.06666666666667,-98.47499996666669
2009-03-30,0.603846851438406,295.73749999999995,279.225,0.0,258.9875,1.3825,0.003362500000000001,6.675,33.06666666666667,-98.47499996666669
2009-04-07,0.6995073197709393,297.875,280.125,4.3375,264.71250000000003,1.49875,0.00409625,5.1625000000000005,33.06666666666667,-98.47499996666669
2009-04-15,0.7995073197709391,299.5375,283.8875,2.2875,243.525,1.4537499999999999,0.006227500000000001,5.075,33.06666666666667,-98.47499996666669
2009-04-23,0.9302184614960417,303.1125,289.8125,1.1625,244.8,1.40875,0.0108225,7.2875000000000005,33.06666666666667,-98.47499996666669
2009-05-01,1.2014307454901423,300.55000000000007,288.7,0.7000000000000001,254.45000000000005,0.74125,0.013733750000000003,4.2250000000000005,33.06666666666667,-98.47499996666669
2009-05-09,1.305770277157609,303.275,289.9,3.7125,268.71250000000003,1.2325,0.012391250000000001,6.2125,33.06666666666667,-98.47499996666669
2009-05-17,1.3321418872152448,298.925,285.0875,1.35,282.8625,1.0425,0.00863125,3.7250000000000005,33.06666666666667,-98.47499996666669
2009-05-25,1.407693702876812,303.6875,289.97499999999997,1.1125,312.83750000000003,1.7312500000000002,0.00920875,3.4749999999999996,33.06666666666667,-98.47499996666669
2009-06-02,1.3345579931635085,305.2625,291.2375,0.75,300.4875,1.63875,0.01187,5.6000000000000005,33.06666666666667,-98.47499996666669
2009-06-10,1.3326345674443056,309.425,295.84999999999997,5.4625,310.0375,2.12375,0.01459375,5.5375000000000005,33.06666666666667,-98.47499996666669
2009-06-18,1.2364814188827116,308.775,296.5125,0.0,319.3375,2.16125,0.014050000000000003,4.999999999999999,33.06666666666667,-98.47499996666669
2009-06-26,1.2345579931635087,308.90000000000003,295.73749999999995,0.2625,313.95,2.4075,0.0121825,3.2250000000000005,33.06666666666667,-98.47499996666669
2009-07-04,1.1364814188827115,309.88750000000005,295.8125,0.625,329.7875,2.415,0.013457500000000002,4.3625,33.06666666666667,-98.47499996666669
2009-07-12,1.1019234257192032,310.04999999999995,295.6125,1.6875000000000002,340.20000000000005,2.5812500000000003,0.01234,4.2250000000000005,33.06666666666667,-98.47499996666669
2009-07-20,1.1364814188827115,308.0875,294.6125,3.3750000000000004,291.01250000000005,2.15875,0.0124475,4.0625,33.06666666666667,-98.47499996666669
2009-07-28,1.205770277157609,308.7125,295.5,8.875,294.27500000000003,1.9349999999999998,0.014946250000000001,3.4875,33.06666666666667,-98.47499996666669
2009-08-05,1.207693702876812,310.09999999999997,296.25000000000006,0.65,301.225,2.3937500000000003,0.013831250000000002,4.7,33.06666666666667,-98.47499996666669
2009-08-13,1.2369740991117724,309.2125,295.95000000000005,0.15000000000000002,277.175,2.12,0.014507500000000001,5.425000000000001,33.06666666666667,-98.47499996666669
2009-08-21,1.2019234257192033,309.025,294.90000000000003,1.5500000000000003,275.3375,2.3712500000000003,0.01221,3.6125000000000003,33.06666666666667,-98.47499996666669
2009-08-29,1.2000000000000004,304.88750000000005,290.9875,1.5875000000000001,249.13750000000005,1.5937500000000002,0.011571250000000002,3.6625000000000005,33.06666666666667,-98.47499996666669
2009-09-06,1.1408209505501783,303.7125,294.05,13.4,189.13750000000002,1.24,0.014297500000000001,3.7375000000000003,33.06666666666667,-98.47499996666669
2009-09-14,1.1364814188827115,301.0875,290.675,1.425,179.6125,0.7662500000000001,0.013745,4.85,33.06666666666667,-98.47499996666669
2009-09-22,1.1326345674443057,299.725,284.46250000000003,0.7250000000000001,194.89999999999998,1.26125,0.007796250000000001,3.8375000000000004,33.06666666666667,-98.47499996666669
2009-09-30,1.1369740991117725,298.97499999999997,285.51250000000005,4.9,180.08750000000003,1.03,0.0092475,4.8500000000000005,33.06666666666667,-98.47499996666669
2009-10-08,1.1014307454901422,294.8875,283.2625,6.112500000000001,176.2375,0.37125,0.010418750000000003,4.2875000000000005,33.06666666666667,-98.47499996666669
2009-10-16,1.0975838940517364,292.2625,281.3125,4.75,172.58749999999998,0.4612500000000001,0.007826250000000002,5.4,33.06666666666667,-98.47499996666669
2009-10-24,1.001923425719203,292.025,279.3125,2.9125,158.85,0.56125,0.006585000000000001,5.075,33.06666666666667,-98.47499996666669
2009-11-01,0.9019234257192029,296.58750000000003,280.78749999999997,0.0,153.21250000000003,0.87875,0.00696625,3.7125,33.06666666666667,-98.47499996666669
2009-11-09,0.7956604683325333,296.4875,282.525,0.3375,138.9625,0.77125,0.008221250000000001,4.0,33.06666666666667,-98.47499996666669
2009-11-17,0.6956604683325335,291.4375,276.5,0.037500000000000006,132.10000000000002,0.6612500000000001,0.005098750000000001,3.5250000000000004,33.06666666666667,-98.47499996666669
2009-11-25,0.5956604683325334,287.76250000000005,274.675,2.2375000000000003,112.3375,0.5725,0.00412125,4.062500000000001,33.06666666666667,-98.47499996666669
2009-12-03,0.49566046833253324,281.425,268.725,0.4125,119.73750000000001,0.3775,0.0028012500000000004,4.4375,33.06666666666667,-98.47499996666669
2009-12-11,0.401923425719203,286.65000000000003,272.1,0.0,122.975,0.51,0.0038212500000000004,3.95,33.06666666666667,-98.47499996666669
2009-12-19,0.39566046833253327,285.16249999999997,271.5,1.6375000000000002,112.1375,0.42999999999999994,0.003975,4.5249999999999995,33.06666666666667,-98.47499996666669
2009-12-27,0.39566046833253327,281.0,269.0,0.9400000000000001,93.53999999999999,0.24200000000000005,0.0033440000000000006,3.46,33.06666666666667,-98.47499996666669
2010-01-01,0.39566046833253327,279.54999999999995,266.2,0.0,122.42500000000001,0.29875,0.0025700000000000002,4.2625,33.06666666666667,-98.47499996666669
2010-01-09,0.39566046833253327,285.36250000000007,270.78749999999997,0.1,111.88750000000003,0.405,0.0038612500000000005,3.3875000000000006,33.06666666666667,-98.47499996666669
2010-01-17,0.39566046833253327,293.05000000000007,276.725,0.9875,119.37500000000001,0.82875,0.0048987499999999995,4.3375,33.06666666666667,-98.47499996666669
2010-01-25,0.33071114172510263,281.26250000000005,271.325,5.7375,114.3625,0.27749999999999997,0.0038637500000000004,4.337500000000001,33.06666666666667,-98.47499996666669
2010-02-02,0.33071114172510263,280.5,272.375,4.55,121.6375,0.16125,0.00419375,3.6750000000000003,33.06666666666667,-98.47499996666669
2010-02-10,0.39566046833253327,280.5,269.2625,2.9125,142.0625,0.32875,0.00279625,3.325,33.06666666666667,-98.47499996666669
2010-02-18,0.39566046833253327,285.875,274.04999999999995,0.7250000000000001,155.375,0.42125,0.00449625,4.9,33.06666666666667,-98.47499996666669
2010-02-26,0.49566046833253324,287.95000000000005,274.28749999999997,2.4125,168.51250000000002,0.5525,0.00430375,4.575,33.06666666666667,-98.47499996666669
2010-03-06,0.5307111417251027,292.2125,278.54999999999995,1.6125000000000003,187.33750000000003,0.81875,0.00489625,5.0375,33.06666666666667,-98.47499996666669
2010-03-14,0.6307111417251027,289.05,274.475,4.15,185.83750000000003,0.5800000000000001,0.004662500000000001,5.0875,33.06666666666667,-98.47499996666669
2010-03-22,0.7326345674443057,295.2625,276.6,0.15000000000000002,225.32500000000002,0.9950000000000001,0.004821250000000001,5.5249999999999995,33.06666666666667,-98.47499996666669
2010-03-30,0.9326345674443054,302.1875,284.175,0.05,256.28749999999997,1.4262499999999998,0.0082225,6.800000000000001,33.06666666666667,-98.47499996666669
2010-04-07,1.2038468514384062,297.3,281.5125,0.0,267.7375,0.9425000000000001,0.007381250000000001,5.1125,33.06666666666667,-98.47499996666669
2010-04-15,1.3345579931635085,293.0125,285.225,15.3,194.8625,0.41000000000000003,0.0095975,4.7,33.06666666666667,-98.47499996666669
2010-04-23,1.6101098088250758,298.81249999999994,283.75,0.0,284.85,1.21875,0.007043750000000001,5.725,33.06666666666667,-98.47499996666669
2010-05-01,1.6345579931635088,299.7875,283.2125,0.55,252.13750000000002,1.29375,0.00722,4.625,33.06666666666667,-98.47499996666669
2010-05-09,1.6345579931635088,298.71250000000003,289.27500000000003,11.3625,252.1,0.6812499999999999,0.01266125,4.7375,33.06666666666667,-98.47499996666669
2010-05-17,1.9101098088250759,302.95,291.16249999999997,0.15000000000000002,291.77500000000003,0.9087500000000002,0.01428625,5.3875,33.06666666666667,-98.47499996666669
2010-05-25,1.8388975248309753,306.0125,291.9,0.07500000000000001,304.8625,1.605,0.012757500000000001,3.4250000000000003,33.06666666666667,-98.47499996666669
2010-06-02,1.7369740991117724,307.40000000000003,293.63749999999993,0.1,313.2125,1.6175000000000002,0.014715000000000002,4.112500000000001,33.06666666666667,-98.47499996666669
2010-06-10,1.6408209505501785,307.775,295.97499999999997,3.3875,311.8125,1.7049999999999998,0.0156975,6.6625000000000005,33.06666666666667,-98.47499996666669
2010-06-18,1.6101098088250758,309.2375,296.075,0.45,303.7375,2.275,0.013566250000000002,4.7125,33.06666666666667,-98.47499996666669
2010-06-26,1.6120332345442787,305.1125,295.2875,3.9750000000000005,249.52500000000003,1.32875,0.01540375,4.6375,33.06666666666667,-98.47499996666669
2010-07-04,1.6408209505501785,305.15,295.275,12.05,254.60000000000002,1.1175,0.016686250000000003,3.8874999999999997,33.06666666666667,-98.47499996666669
2010-07-12,1.6408209505501785,308.8,296.3625,0.0,329.0125,1.8525000000000003,0.015955,4.3125,33.06666666666667,-98.47499996666669
2010-07-20,1.6408209505501785,307.96250000000003,295.12499999999994,2.8625,308.5625,1.8225000000000002,0.01470625,4.637499999999999,33.06666666666667,-98.47499996666669
2010-07-28,1.6408209505501785,309.9375,295.7625,0.275,313.6625,2.45125,0.01311875,4.425,33.06666666666667,-98.47499996666669
2010-08-05,1.5408209505501782,311.375,296.6875,0.65,270.40000000000003,2.4775,0.0149525,3.2250000000000005,33.06666666666667,-98.47499996666669
2010-08-13,1.4408209505501783,310.9625,297.3,0.9,251.06250000000006,2.44625,0.01510875,4.012500000000001,33.06666666666667,-98.47499996666669
2010-08-21,1.4427443762693812,309.5,294.09999999999997,0.0,245.65,2.60875,0.011206250000000003,3.7125000000000004,33.06666666666667,-98.47499996666669
2010-08-29,1.4345579931635086,307.6875,291.65000000000003,3.375,254.42499999999998,1.8650000000000002,0.012897500000000003,5.187500000000001,33.06666666666667,-98.47499996666669
2010-09-06,1.4326345674443057,305.8,295.3875,7.175,200.31250000000003,1.2687499999999998,0.01652125,4.4625,33.06666666666667,-98.47499996666669
2010-09-14,1.4364814188827115,306.1625,293.2125,0.0,248.91250000000002,1.515,0.01400625,4.1125,33.06666666666667,-98.47499996666669
2010-09-22,1.3326345674443056,300.9125,288.1875,6.75,217.63750000000002,0.9487500000000001,0.01177125,3.8750000000000004,33.06666666666667,-98.47499996666669
2010-09-30,1.2345579931635087,299.5625,282.5875,0.0,218.18750000000003,1.3849999999999998,0.006145000000000001,3.275,33.06666666666667,-98.47499996666669
2010-10-08,1.1307111417251028,301.2125,281.88750000000005,0.0,202.525,1.53375,0.006085000000000001,3.8125,33.06666666666667,-98.47499996666669
2010-10-16,1.0307111417251025,300.725,285.9625,2.075,168.55,1.2774999999999999,0.00851875,4.525,33.06666666666667,-98.47499996666669
2010-10-24,0.9326345674443054,299.8875,279.775,0.0,183.5875,1.61625,0.00445375,4.275,33.06666666666667,-98.47499996666669
2010-11-01,0.8326345674443056,294.225,278.2,0.0,150.31250000000003,1.1175000000000002,0.0038775,5.25,33.06666666666667,-98.47499996666669
2010-11-09,0.6975838940517364,294.50000000000006,278.7,0.1625,136.96250000000003,0.8925000000000001,0.00575875,4.6,33.06666666666667,-98.47499996666669
2010-11-17,0.5956604683325334,296.825,277.95,0.525,137.60000000000002,1.10375,0.0055775,5.237500000000001,33.06666666666667,-98.47499996666669
2010-11-25,0.5307111417251027,289.09999999999997,270.7375,0.42500000000000004,132.0875,0.8525000000000001,0.0022725,4.4750000000000005,33.06666666666667,-98.47499996666669
2010-12-03,0.43071114172510266,289.0625,271.2625,0.0,134.2,0.8512500000000001,0.00243625,3.7874999999999996,33.06666666666667,-98.47499996666669
2010-12-11,0.401923425719203,288.925,271.1375,0.0,123.78750000000002,0.92,0.00209875,4.425000000000001,33.06666666666667,-98.47499996666669
2010-12-19,0.33071114172510263,288.1625,272.95,4.0625,111.525,0.8099999999999999,0.0033212500000000004,4.4125000000000005,33.06666666666667,-98.47499996666669
2010-12-27,0.33071114172510263,288.03999999999996,275.96000000000004,0.5800000000000001,121.3,0.6699999999999999,0.004056000000000001,5.279999999999999,33.06666666666667,-98.47499996666669
2011-01-01,0.33071114172510263,287.70000000000005,271.7125,0.0,126.71250000000002,0.7374999999999999,0.0025125000000000004,3.2375000000000003,33.06666666666667,-98.47499996666669
2011-01-09,0.301923425719203,282.075,269.23750000000007,1.2875,112.775,0.36874999999999997,0.0029837500000000003,3.575,33.06666666666667,-98.47499996666669
2011-01-17,0.33071114172510263,287.1875,270.2625,0.0,130.9,0.5375000000000001,0.00346125,4.2625,33.06666666666667,-98.47499996666669
2011-01-25,0.33071114172510263,289.65,271.9375,2.1875,137.15000000000003,0.8350000000000001,0.003013750000000001,4.275,33.06666666666667,-98.47499996666669
2011-02-02,0.33071114172510263,276.16249999999997,264.3125,1.5125000000000002,125.10000000000001,0.21875,0.00236875,5.0625,33.06666666666667,-98.47499996666669
2011-02-10,0.401923425719203,291.55,272.2375,0.0,181.65000000000003,0.9037499999999999,0.00407625,4.25,33.06666666666667,-98.47499996666669
2011-02-18,0.43263456744430556,297.0375,279.8375,0.1625,182.65000000000003,0.9675,0.006993750000000001,4.675,33.06666666666667,-98.47499996666669
2011-02-26,0.43263456744430556,297.225,278.2875,0.0,201.6875,1.2937500000000002,0.004590000000000001,5.2625,33.06666666666667,-98.47499996666669
2011-03-06,0.501923425719203,296.6000000000001,277.5875,0.0,214.52499999999998,1.3225,0.00383,4.925000000000001,33.06666666666667,-98.47499996666669
2011-03-14,0.5975838940517363,302.11250000000007,284.1125,0.0,216.625,1.6812500000000001,0.006991250000000001,5.987500000000001,33.06666666666667,-98.47499996666669
2011-03-22,0.6326345674443056,299.51250000000005,281.33750000000003,0.1625,213.00000000000003,1.5350000000000001,0.0051675,5.1375,33.06666666666667,-98.47499996666669
2011-03-30,0.7975838940517362,302.7625,280.4,0.0,254.83749999999998,2.1175,0.004188750000000001,5.8125,33.06666666666667,-98.47499996666669
2011-04-07,0.8326345674443056,306.57500000000005,287.52500000000003,0.5625,267.3375,2.5687499999999996,0.005888750000000001,5.8375,33.06666666666667,-98.47499996666669
2011-04-15,0.9326345674443054,305.8625,285.77500000000003,0.975,276.46250000000003,2.4850000000000003,0.0057325,6.487500000000001,33.06666666666667,-98.47499996666669
2011-04-23,1.0388975248309753,304.0,287.425,2.35,277.90000000000003,1.9649999999999999,0.00748625,5.4375,33.06666666666667,-98.47499996666669
2011-05-01,1.1369740991117725,298.8,281.8125,2.25,259.6875,1.4425000000000001,0.0065175,5.450000000000001,33.06666666666667,-98.47499996666669
2011-05-09,1.1388975248309754,302.35,286.275,2.7125,293.1,1.6974999999999998,0.007925000000000001,5.7,33.06666666666667,-98.47499996666669
2011-05-17,1.1369740991117725,308.3375,290.2,2.900000000000001,299.0375,2.2350000000000003,0.010528750000000002,6.237500000000001,33.06666666666667,-98.47499996666669
2011-05-25,1.1388975248309754,310.82500000000005,293.33750000000003,0.0,315.5,3.0599999999999996,0.009631250000000001,7.2125,33.06666666666667,-98.47499996666669
2011-06-02,1.1120332345442787,311.7125,294.7,0.0,322.83750000000003,3.3125,0.009027500000000003,5.587500000000001,33.06666666666667,-98.47499996666669
2011-06-10,1.0408209505501782,314.2,296.625,0.0,320.20000000000005,3.67875,0.010911249999999999,6.8625,33.06666666666667,-98.47499996666669
2011-06-18,1.0408209505501782,312.6625,295.73750000000007,3.2125,316.1,3.13125,0.012155000000000001,6.5625,33.06666666666667,-98.47499996666669
2011-06-26,0.9470839079368477,313.4875,297.38750000000005,0.0,324.3625,3.39375,0.012190000000000003,5.1625000000000005,33.06666666666667,-98.47499996666669
2011-07-04,0.9369740991117722,313.79999999999995,297.52500000000003,0.0,342.9375,3.73625,0.01048625,4.0625,33.06666666666667,-98.47499996666669
2011-07-12,0.9038468514384058,313.0625,298.47499999999997,0.0,320.45,3.31625,0.01276125,3.9250000000000007,33.06666666666667,-98.47499996666669
2011-07-20,0.8369740991117723,313.6375,298.5625,0.0,326.95000000000005,3.4325,0.012803750000000003,4.4750000000000005,33.06666666666667,-98.47499996666669
2011-07-28,0.8388975248309752,313.9375,298.2875,0.0,314.67500000000007,3.5599999999999996,0.01228125,3.9500000000000006,33.06666666666667,-98.47499996666669
2011-08-05,0.8388975248309752,315.1125,298.49999999999994,0.8875000000000001,299.6625,3.70125,0.013040000000000001,4.3374999999999995,33.06666666666667,-98.47499996666669
2011-08-13,0.8388975248309752,311.1125,295.95,4.3500000000000005,288.3,2.535,0.01395,4.0375,33.06666666666667,-98.47499996666669
2011-08-21,0.8369740991117723,313.6875,297.175,0.0,278.9625,3.40375,0.012240000000000001,3.2500000000000004,33.06666666666667,-98.47499996666669
2011-08-29,0.8345579931635085,310.95,295.325,0.0,258.45000000000005,3.2037500000000003,0.0096775,5.2875000000000005,33.06666666666667,-98.47499996666669
2011-09-06,0.8345579931635085,308.17499999999995,288.925,0.0,269.90000000000003,3.045,0.004813750000000001,3.1125,33.06666666666667,-98.47499996666669
2011-09-14,0.8326345674443056,306.225,289.75,1.9875000000000003,239.37500000000003,1.9200000000000002,0.01025625,4.45,33.06666666666667,-98.47499996666669
2011-09-22,0.7388975248309753,305.8375,287.3,0.5125000000000001,231.58750000000003,1.9762499999999998,0.00889,3.6,33.06666666666667,-98.47499996666669
2011-09-30,0.7345579931635086,304.13750000000005,286.175,0.0,219.66250000000002,2.0212499999999998,0.00643,5.200000000000001,33.06666666666667,-98.47499996666669
2011-10-08,0.7345579931635086,300.22499999999997,286.26250000000005,17.825000000000003,182.325,1.005,0.010013750000000002,3.9375,33.06666666666667,-98.47499996666669
2011-10-16,0.7388975248309753,298.5875,281.47499999999997,0.0,193.425,1.09375,0.007381250000000001,4.425,33.06666666666667,-98.47499996666669
2011-10-24,0.7345579931635086,294.84999999999997,280.025,1.9000000000000001,160.31250000000003,0.8875000000000001,0.006353750000000001,4.2,33.06666666666667,-98.47499996666669
2011-11-01,0.7326345674443057,296.1375,279.1625,2.7125000000000004,153.10000000000002,0.8887499999999999,0.00688,5.8374999999999995,33.06666666666667,-98.47499996666669
2011-11-09,0.6975838940517364,295.325,278.8625,0.0,144.9625,1.09625,0.0049475000000000005,4.7625,33.06666666666667,-98.47499996666669
2011-11-17,0.6019234257192031,294.0125,278.3625,1.7125000000000001,129.7125,0.7437499999999999,0.00628875,4.3875,33.06666666666667,-98.47499996666669
2011-11-25,0.6000000000000002,288.625,273.7125,0.7125,116.66250000000001,0.58625,0.004161250000000001,4.800000000000001,33.06666666666667,-98.47499996666669
2011-12-03,0.501923425719203,283.20000000000005,270.22499999999997,3.9000000000000004,96.85000000000002,0.32625,0.0038125000000000004,4.175,33.06666666666667,-98.47499996666669
2011-12-11,0.49566046833253324,289.00000000000006,276.8375,2.4625,90.87500000000001,0.51375,0.005337499999999999,4.4,33.06666666666667,-98.47499996666669
2011-12-19,0.4000000000000001,284.34999999999997,274.3125,0.8250000000000001,87.1125,0.33499999999999996,0.004402500000000001,4.025,33.06666666666667,-98.47499996666669
2011-12-27,0.4668727523266336,291.26,273.06,0.0,132.32,0.8219999999999998,0.003572,3.4200000000000004,33.06666666666667,-98.47499996666669
2012-01-01,0.5,289.575,273.075,0.0,126.02499999999999,0.735,0.00331625,4.075,33.06666666666667,-98.47499996666669
2012-01-09,0.5,287.6375,273.5,5.6000000000000005,110.91250000000001,0.605,0.0037925,5.1000000000000005,33.06666666666667,-98.47499996666669
2012-01-17,0.49566046833253324,291.325,273.725,2.5125,135.7125,0.7937500000000001,0.0038937500000000005,4.3625,33.06666666666667,-98.47499996666669
2012-01-25,0.49566046833253324,290.55,276.325,4.35,136.025,0.6287499999999999,0.005031250000000001,4.6625000000000005,33.06666666666667,-98.47499996666669
2012-02-02,0.49566046833253324,287.65000000000003,275.55,0.1375,135.8,0.46125000000000005,0.00501,4.2250000000000005,33.06666666666667,-98.47499996666669
2012-02-10,0.6000000000000002,285.775,273.48749999999995,0.9500000000000001,144.3,0.46375,0.00413375,4.0875,33.06666666666667,-98.47499996666669
2012-02-18,0.6937370426133306,291.975,276.45,3.5875000000000004,178.22500000000002,0.8587500000000001,0.0042787500000000004,4.8875,33.06666666666667,-98.47499996666669
2012-02-26,0.7606097949399641,293.98749999999995,276.22499999999997,0.037500000000000006,179.3125,0.9762500000000001,0.00437375,4.575,33.06666666666667,-98.47499996666669
2012-03-05,0.8956604683325333,293.4625,278.33750000000003,8.100000000000001,156.275,0.905,0.00523125,5.937500000000001,33.06666666666667,-98.47499996666669
2012-03-13,1.0307111417251025,300.625,287.0875,2.7250000000000005,199.9875,1.16375,0.009666250000000001,6.5625,33.06666666666667,-98.47499996666669
2012-03-21,1.2956604683325335,298.90000000000003,282.78749999999997,0.5625,216.76250000000002,1.1525,0.007441250000000001,3.775,33.06666666666667,-98.47499996666669
2012-03-29,1.5687961780458366,302.00000000000006,286.72499999999997,2.3375,243.47500000000002,1.31875,0.009612500000000001,4.2,33.06666666666667,-98.47499996666669
2012-04-06,1.6956604683325334,301.65000000000003,286.9125,0.0,256.2625,1.13125,0.01033375,4.8500000000000005,33.06666666666667,-98.47499996666669
2012-04-14,1.608186383105873,298.72499999999997,283.51250000000005,0.9875,258.52500000000003,1.0762500000000002,0.00796375,5.512500000000001,33.06666666666667,-98.47499996666669
2012-04-22,1.5712122839941005,304.83750000000003,286.79999999999995,0.0,278.675,1.8262500000000004,0.00883625,4.987500000000001,33.06666666666667,-98.47499996666669
2012-04-30,1.4101098088250759,307.61249999999995,292.1625,2.0125,288.3125,1.85,0.012866250000000003,6.3375,33.06666666666667,-98.47499996666669
2012-05-08,1.3101098088250758,297.4375,286.20000000000005,3.05,250.37500000000003,0.8137500000000001,0.00940625,3.5125,33.06666666666667,-98.47499996666669
2012-05-16,1.245160482217645,306.0125,288.5625,0.0,312.21250000000003,1.9774999999999998,0.00909,4.9125,33.06666666666667,-98.47499996666669
2012-05-24,1.2408209505501782,310.1875,293.71250000000003,2.2125,309.4875,2.5175,0.012022500000000002,6.5125,33.06666666666667,-98.47499996666669
2012-06-01,1.2408209505501782,306.74999999999994,292.7125,2.6625,256.3,2.0050000000000003,0.011695,4.200000000000001,33.06666666666667,-98.47499996666669
2012-06-09,1.2101098088250757,309.3875,294.3,4.15,306.7375,2.1037500000000002,0.014137500000000002,5.087500000000001,33.06666666666667,-98.47499996666669
2012-06-17,1.2120332345442786,308.525,294.0125,0.7875000000000001,307.425,2.0025,0.013531250000000002,5.4750000000000005,33.06666666666667,-98.47499996666669
2012-06-25,1.205770277157609,312.7,296.6375,0.0,326.4875,3.3475,0.011183750000000003,4.362500000000001,33.06666666666667,-98.47499996666669
2012-07-03,1.10626295738667,310.33750000000003,296.36249999999995,1.6625,305.43750000000006,2.6762500000000005,0.012462500000000003,4.3375,33.06666666666667,-98.47499996666669
2012-07-11,1.0388975248309753,309.75,294.6125,0.425,312.71250000000003,2.285,0.013290000000000003,3.9375,33.06666666666667,-98.47499996666669
2012-07-19,1.0388975248309753,312.825,297.2625,0.3125,318.075,3.23,0.01233875,4.2875000000000005,33.06666666666667,-98.47499996666669
2012-07-27,1.0101098088250757,314.675,297.40000000000003,0.0,320.01250000000005,3.83375,0.01103375,3.7375000000000003,33.06666666666667,-98.47499996666669
2012-08-04,0.9388975248309751,313.4125,296.3125,0.0625,304.3,3.5200000000000005,0.01074125,3.5500000000000003,33.06666666666667,-98.47499996666669
2012-08-12,1.0076937028768118,310.51250000000005,294.5125,8.475000000000001,265.1375,2.6375,0.01207625,3.7375000000000003,33.06666666666667,-98.47499996666669
2012-08-20,1.0408209505501782,305.7,292.075,4.3125,240.45,1.44875,0.013722500000000002,4.2875,33.06666666666667,-98.47499996666669
2012-08-28,1.103846851438406,310.59999999999997,293.91249999999997,0.0,264.5,2.5612500000000002,0.012382500000000001,3.8375000000000004,33.06666666666667,-98.47499996666669
2012-09-05,1.105770277157609,310.17499999999995,291.28749999999997,0.0,268.15000000000003,3.05125,0.007926250000000001,3.9625000000000004,33.06666666666667,-98.47499996666669
2012-09-13,1.103846851438406,301.175,286.70000000000005,5.4625,195.55,1.14625,0.0102,3.887500000000001,33.06666666666667,-98.47499996666669
2012-09-21,1.103846851438406,307.9875,290.45000000000005,3.475,226.35000000000002,2.2212499999999995,0.010093750000000002,4.525,33.06666666666667,-98.47499996666669
2012-09-29,1.0975838940517364,298.23749999999995,285.0125,2.8875,179.76250000000002,0.7762500000000001,0.010031250000000002,4.4,33.06666666666667,-98.47499996666669
2012-10-07,1.0975838940517364,299.425,284.45,0.3125,176.60000000000002,1.0975,0.00918,4.550000000000001,33.06666666666667,-98.47499996666669
2012-10-15,1.0956604683325333,302.43750000000006,285.525,1.5375,180.04999999999998,1.5775,0.007956250000000002,4.7625,33.06666666666667,-98.47499996666669
2012-10-23,0.9975838940517362,295.78749999999997,279.1375,0.0,178.22500000000002,0.9400000000000002,0.00705625,4.8875,33.06666666666667,-98.47499996666669
2012-10-31,0.9019234257192029,300.675,282.83750000000003,0.0,155.5625,1.5875000000000001,0.005612500000000001,3.1250000000000004,33.06666666666667,-98.47499996666669
2012-11-08,0.7019234257192031,296.0125,277.85,0.2,143.7125,1.17625,0.005045,5.262500000000001,33.06666666666667,-98.47499996666669
2012-11-16,0.6019234257192031,296.56249999999994,279.95,0.0,133.7,1.16,0.0052325,4.075,33.06666666666667,-98.47499996666669
2012-11-24,0.501923425719203,295.075,276.87500000000006,0.0,132.0125,1.0475,0.004743750000000001,4.7250000000000005,33.06666666666667,-98.47499996666669
2012-12-02,0.49566046833253324,297.19999999999993,279.375,0.0,131.325,1.095,0.0059725,4.1,33.06666666666667,-98.47499996666669
2012-12-10,0.401923425719203,289.95,273.175,1.4000000000000001,125.7375,0.85875,0.0030687500000000003,4.8125,33.06666666666667,-98.47499996666669
2012-12-18,0.301923425719203,291.3375,272.86249999999995,0.9625,118.775,1.04375,0.0025237500000000004,5.175000000000001,33.06666666666667,-98.47499996666669
2012-12-26,0.3000000000000001,281.1,266.3,0.8666666666666667,118.43333333333334,0.355,0.002555,4.250000000000001,33.06666666666667,-98.47499996666669
2013-01-01,0.301923425719203,283.3,270.2875,0.5125000000000001,102.42500000000001,0.38625,0.0031275,2.8125000000000004,33.06666666666667,-98.47499996666669
2013-01-09,0.301923425719203,284.6375,271.91249999999997,2.7375000000000003,98.95,0.37375,0.004181249999999999,4.6000000000000005,33.06666666666667,-98.47499996666669
2013-01-17,0.301923425719203,291.42499999999995,274.3625,0.0,135.55,0.75875,0.00422625,3.2625,33.06666666666667,-98.47499996666669
2013-01-25,0.3000000000000001,293.125,277.77500000000003,0.9500000000000001,138.8625,0.7712500000000001,0.005943750000000002,5.1375,33.06666666666667,-98.47499996666669
2013-02-02,0.33071114172510263,293.4125,278.32500000000005,0.0,151.03750000000002,0.8225,0.00532375,4.375000000000001,33.06666666666667,-98.47499996666669
2013-02-10,0.401923425719203,288.12500000000006,274.4375,2.3125,145.7875,0.6837500000000001,0.0035087500000000006,4.174999999999999,33.06666666666667,-98.47499996666669
2013-02-18,0.43071114172510266,288.5625,273.375,1.8875000000000002,158.77500000000003,0.585,0.004076250000000001,5.45,33.06666666666667,-98.47499996666669
2013-02-26,0.5,289.775,272.8875,0.0,198.0,0.8975,0.00281,5.075,33.06666666666667,-98.47499996666669
2013-03-06,0.501923425719203,293.15,275.4125,1.2750000000000001,197.88750000000002,0.9624999999999999,0.0039187499999999995,4.7625,33.06666666666667,-98.47499996666669
2013-03-14,0.501923425719203,298.0125,280.00000000000006,0.0,221.63750000000002,1.3312499999999998,0.00496,4.6375,33.06666666666667,-98.47499996666669
2013-03-22,0.5326345674443056,292.4,275.4625,0.5625,223.61249999999998,0.8725,0.00445875,5.112500000000001,33.06666666666667,-98.47499996666669
2013-03-30,0.6019234257192031,295.3125,281.27500000000003,5.2875,215.85000000000002,0.9437500000000001,0.0066324999999999995,4.7375,33.06666666666667,-98.47499996666669
2013-04-07,0.6326345674443056,300.225,280.68749999999994,3.1875,249.6375,1.31125,0.00724875,5.825000000000001,33.06666666666667,-98.47499996666669
2013-04-15,0.7369740991117724,301.275,281.71250000000003,1.0250000000000001,276.0375,1.60375,0.0065475,6.1625000000000005,33.06666666666667,-98.47499996666669
2013-04-23,0.7388975248309753,301.2125,281.9625,0.0,261.625,1.6500000000000001,0.00606,5.3500000000000005,33.06666666666667,-98.47499996666669
2013-05-01,0.8388975248309752,298.9375,280.1375,0.1,275.0375,1.44375,0.0054325,5.062500000000001,33.06666666666667,-98.47499996666669
2013-05-09,0.843237056498442,303.9625,286.9875,0.28750000000000003,298.2625,1.78875,0.00809875,5.1375,33.06666666666667,-98.47499996666669
2013-05-17,0.9101098088250755,308.5625,291.15,4.612500000000001,288.77500000000003,2.175,0.011595000000000001,5.575,33.06666666666667,-98.47499996666669
2013-05-25,0.9101098088250755,308.13750000000005,293.25,0.225,288.37500000000006,2.0075,0.012968750000000001,7.9,33.06666666666667,-98.47499996666669
2013-06-02,0.9388975248309751,306.7125,290.0,6.5875,314.80000000000007,2.13875,0.00964375,4.800000000000001,33.06666666666667,-98.47499996666669
2013-06-10,1.0062629573866697,309.7875,294.7625,2.125,303.52500000000003,2.38875,0.01279,4.3,33.06666666666667,-98.47499996666669
2013-06-18,1.0101098088250757,309.42499999999995,294.225,2.6125000000000003,316.825,2.26625,0.01299625,6.0125,33.06666666666667,-98.47499996666669
2013-06-26,1.0081863831058728,310.325,293.8375,0.0,334.61249999999995,3.1,0.008990000000000001,4.237500000000001,33.06666666666667,-98.47499996666669
2013-07-04,1.003846851438406,311.0625,294.6875,0.0,341.9,3.0125,0.010248750000000001,4.375,33.06666666666667,-98.47499996666669
2013-07-12,0.940820950550178,304.8375,294.11249999999995,9.137500000000001,253.21250000000003,1.55625,0.013655000000000002,3.1125000000000003,33.06666666666667,-98.47499996666669
2013-07-20,1.0081863831058728,308.74999999999994,294.3375,0.6375000000000001,309.125,1.77125,0.01541375,4.075,33.06666666666667,-98.47499996666669
2013-07-28,1.003846851438406,310.4375,294.53749999999997,0.2,306.675,2.295,0.014043749999999999,4.250000000000001,33.06666666666667,-98.47499996666669
2013-08-05,1.0081863831058728,312.0125,295.4,2.2750000000000004,291.76250000000005,2.645,0.014070000000000003,4.075,33.06666666666667,-98.47499996666669
2013-08-13,1.0369740991117724,307.02500000000003,292.325,2.2750000000000004,263.175,1.7325,0.0130725,3.3625000000000007,33.06666666666667,-98.47499996666669
2013-08-21,1.0388975248309753,309.0874999999999,293.6375,0.08750000000000001,266.20000000000005,2.13875,0.013141250000000002,3.9375,33.06666666666667,-98.47499996666669
2013-08-29,0.9388975248309751,311.54999999999995,294.675,0.0,276.33750000000003,2.95,0.01117625,3.1875,33.06666666666667,-98.47499996666669
2013-09-06,0.9081863831058726,308.6125,293.8875,0.037500000000000006,225.15,2.255,0.012055,3.4250000000000003,33.06666666666667,-98.47499996666669
2013-09-14,0.9388975248309751,305.1625,292.45,6.3500000000000005,187.4125,1.4974999999999998,0.013115,3.8000000000000003,33.06666666666667,-98.47499996666669
2013-09-22,0.9331272476733664,304.0625,287.5625,1.85,231.5375,1.5125,0.010163750000000003,3.8874999999999997,33.06666666666667,-98.47499996666669
2013-09-30,0.9019234257192029,304.41249999999997,287.075,0.25,204.38750000000002,1.6087499999999997,0.009988750000000001,4.4875,33.06666666666667,-98.47499996666669
2013-10-08,0.9019234257192029,303.11249999999995,286.5625,5.3375,177.86249999999998,1.30375,0.010418750000000001,4.675000000000001,33.06666666666667,-98.47499996666669
2013-10-16,0.9019234257192029,295.55,279.20000000000005,0.1625,167.1125,0.98375,0.0056425,3.675,33.06666666666667,-98.47499996666669
2013-10-24,0.801923425719203,299.13750000000005,284.3,1.225,158.47500000000002,0.9324999999999999,0.009276250000000002,5.025,33.06666666666667,-98.47499996666669
2013-11-01,0.7019234257192031,294.1625,278.7625,0.55,133.725,0.9187500000000001,0.0052275,4.65,33.06666666666667,-98.47499996666669
2013-11-09,0.6019234257192031,293.77500000000003,275.9875,0.0,130.4875,0.92,0.004933750000000001,4.6375,33.06666666666667,-98.47499996666669
2013-11-17,0.5038468514384059,291.3625,278.23749999999995,2.5625,92.17500000000003,0.8875,0.0051537499999999995,5.7250000000000005,33.06666666666667,-98.47499996666669
2013-11-25,0.401923425719203,288.4625,272.575,0.0,125.18750000000001,0.67,0.00362375,3.55,33.06666666666667,-98.47499996666669
2013-12-03,0.3369740991117723,282.5625,267.92500000000007,0.125,109.28750000000001,0.5287499999999999,0.00289875,4.4625,33.06666666666667,-98.47499996666669
2013-12-11,0.3350506733925694,286.81250000000006,270.3375,0.08750000000000001,128.87500000000003,0.5625,0.0033987500000000003,3.900000000000001,33.06666666666667,-98.47499996666669
2013-12-19,0.33071114172510263,286.6125,272.68749999999994,6.3,113.91250000000001,0.38249999999999995,0.0047725,4.0125,33.06666666666667,-98.47499996666669
2013-12-27,0.33071114172510263,284.41999999999996,270.34,0.0,113.50000000000003,0.42400000000000004,0.0032719999999999997,3.3400000000000007,33.06666666666667,-98.47499996666669
2014-01-01,0.301923425719203,284.575,267.075,0.0,123.65,0.55375,0.0025762500000000004,5.562500000000001,33.06666666666667,-98.47499996666669
2014-01-09,0.3000000000000001,292.05,272.7875,0.125,128.26250000000002,0.8925000000000001,0.0034262500000000005,4.55,33.06666666666667,-98.47499996666669
2014-01-17,0.3000000000000001,287.47499999999997,268.65,0.0,136.13750000000002,0.7975,0.0019925000000000003,4.2875000000000005,33.06666666666667,-98.47499996666669
2014-01-25,0.301923425719203,287.0625,268.7875,0.0,138.8875,0.7474999999999999,0.0027675000000000004,5.125,33.06666666666667,-98.47499996666669
2014-02-02,0.301923425719203,276.5875,267.04999999999995,1.5625,106.2125,0.20875000000000002,0.0027862500000000005,4.3999999999999995,33.06666666666667,-98.47499996666669
2014-02-10,0.301923425719203,288.65000000000003,271.225,0.0,158.41250000000002,0.7850000000000001,0.003405000000000001,4.275,33.06666666666667,-98.47499996666669
2014-02-18,0.33071114172510263,293.0125,275.025,0.0,172.12500000000003,0.8825000000000001,0.00470625,4.5875,33.06666666666667,-98.47499996666669
2014-02-26,0.401923425719203,285.65,267.6875,0.5,179.66250000000002,0.7262500000000001,0.0029125,4.95,33.06666666666667,-98.47499996666669
2014-03-06,0.401923425719203,293.325,273.79999999999995,0.037500000000000006,195.97500000000002,1.015,0.003777500000000001,5.1625,33.06666666666667,-98.47499996666669
2014-03-14,0.5,295.225,276.425,1.9125,199.57500000000002,1.2225,0.00391875,5.3125,33.06666666666667,-98.47499996666669
2014-03-22,0.5326345674443056,293.5874999999999,276.7,0.375,210.9375,0.9812500000000001,0.00432875,5.4125,33.06666666666667,-98.47499996666669
2014-03-30,0.6369740991117724,298.28749999999997,282.725,3.45,215.38750000000002,1.4425000000000001,0.00576375,5.4625,33.06666666666667,-98.47499996666669
2014-04-07,0.7369740991117724,299.775,281.84999999999997,0.1625,234.95000000000002,1.5399999999999998,0.005915000000000001,6.162500000000001,33.06666666666667,-98.47499996666669
2014-04-15,0.8388975248309752,297.025,282.3625,2.0125,223.9875,1.16875,0.00611625,4.4,33.06666666666667,-98.47499996666669
2014-04-23,0.9019234257192029,301.375,283.8,0.0,285.8375,1.7550000000000001,0.0056525,6.637500000000001,33.06666666666667,-98.47499996666669
2014-05-01,0.8470839079368478,305.5625,285.225,2.4625000000000004,299.23749999999995,2.4762500000000003,0.005091250000000001,5.9750000000000005,33.06666666666667,-98.47499996666669
2014-05-09,0.9451604822176448,302.1875,284.3625,0.8125,282.40000000000003,1.6487500000000002,0.007297500000000001,5.624999999999999,33.06666666666667,-98.47499996666669
2014-05-17,0.8470839079368478,304.16249999999997,291.07499999999993,0.9375,269.13750000000005,1.825,0.009445000000000002,6.2,33.06666666666667,-98.47499996666669
2014-05-25,0.8393902050600363,303.5375,290.07500000000005,1.3,267.71250000000003,1.225,0.01236125,4.1125,33.06666666666667,-98.47499996666669
2014-06-02,0.8475765881659089,306.73749999999995,293.65000000000003,5.050000000000001,309.925,1.81,0.013076250000000001,5.1875,33.06666666666667,-98.47499996666669
2014-06-10,0.9144493404925423,305.77500000000003,293.66249999999997,0.1875,306.025,1.7712500000000002,0.012413750000000001,6.050000000000001,33.06666666666667,-98.47499996666669
2014-06-18,0.9451604822176448,304.8125,293.6875,8.0875,246.0875,1.3262500000000002,0.014275000000000001,4.475,33.06666666666667,-98.47499996666669
2014-06-26,1.103846851438406,306.325,295.03749999999997,3.1375,308.1125,1.7887500000000003,0.013375,6.612500000000001,33.06666666666667,-98.47499996666669
2014-07-04,1.0793986670999731,308.73749999999995,294.87499999999994,0.15000000000000002,339.92500000000007,2.4925,0.0110525,4.3375,33.06666666666667,-98.47499996666669
2014-07-12,1.0774752413807702,305.35,292.2,5.675,301.27500000000003,1.79625,0.011562500000000002,4.025,33.06666666666667,-98.47499996666669
2014-07-20,1.108186383105873,310.2,295.225,0.0,337.6875,2.38875,0.0135025,3.8,33.06666666666667,-98.47499996666669
2014-07-28,1.0081863831058728,304.6875,291.675,0.625,281.7875,1.54875,0.011928750000000002,3.8500000000000005,33.06666666666667,-98.47499996666669
2014-08-05,1.0081863831058728,310.575,295.27500000000003,4.1,291.01250000000005,2.6999999999999997,0.011995,3.3875000000000006,33.06666666666667,-98.47499996666669
2014-08-13,0.9081863831058726,309.2625,295.15000000000003,0.07500000000000001,279.3,2.505,0.011752499999999999,4.025,33.06666666666667,-98.47499996666669
2014-08-21,0.9144493404925423,311.375,296.08750000000003,2.7375,285.82500000000005,2.90625,0.01195375,4.675,33.06666666666667,-98.47499996666669
2014-08-29,0.9081863831058726,308.6625,295.6375,0.225,268.2625,2.13375,0.013741250000000003,5.375,33.06666666666667,-98.47499996666669
2014-09-06,0.803846851438406,302.825,291.3125,1.9375000000000002,207.8,1.32625,0.01291875,4.975,33.06666666666667,-98.47499996666669
2014-09-14,0.803846851438406,304.61249999999995,292.4875,1.2375,178.66250000000002,1.3,0.01379625,2.5124999999999997,33.06666666666667,-98.47499996666669
2014-09-22,0.7081863831058727,304.11249999999995,288.125,0.0,223.36250000000004,1.6712500000000001,0.009151250000000001,2.6375,33.06666666666667,-98.47499996666669
2014-09-30,0.7081863831058727,306.0875,287.0375,0.0,213.45,1.9387499999999998,0.009267500000000001,4.2625,33.06666666666667,-98.47499996666669
2014-10-08,0.703846851438406,300.58750000000003,284.66249999999997,5.3,181.2,1.3162500000000001,0.008577500000000002,5.15,33.06666666666667,-98.47499996666669
2014-10-16,0.7062629573866698,301.325,285.6875,0.0,175.5375,1.4400000000000002,0.0077775000000000006,3.75,33.06666666666667,-98.47499996666669
2014-10-24,0.703846851438406,301.3625,284.1875,0.0,177.22500000000002,1.5224999999999997,0.0072787500000000005,4.3875,33.06666666666667,-98.47499996666669
2014-11-01,0.7019234257192031,292.9125,278.91249999999997,6.0875,129.65,0.7850000000000001,0.0055650000000000005,4.5875,33.06666666666667,-98.47499996666669
2014-11-09,0.6019234257192031,284.6875,271.0,0.07500000000000001,111.47500000000001,0.5937500000000001,0.00319875,5.662500000000001,33.06666666666667,-98.47499996666669
2014-11-17,0.501923425719203,291.34999999999997,274.9375,4.525,130.16250000000002,0.74875,0.004625000000000001,4.2625,33.06666666666667,-98.47499996666669
2014-11-25,0.43263456744430556,290.0125,273.7875,0.0,130.9375,0.7925,0.0038825,4.887500000000001,33.06666666666667,-98.47499996666669
2014-12-03,0.401923425719203,290.1875,279.65,0.0,111.72500000000001,0.49,0.006396250000000001,3.1625000000000005,33.06666666666667,-98.47499996666669
2014-12-11,0.301923425719203,289.675,280.36249999999995,1.0125000000000002,112.07500000000002,0.5675000000000001,0.00601125,4.199999999999999,33.06666666666667,-98.47499996666669
2014-12-19,0.301923425719203,286.675,277.1625,1.6,104.82500000000002,0.4912500000000001,0.0046275000000000005,4.987500000000001,33.06666666666667,-98.47499996666669
2014-12-27,0.301923425719203,279.46,269.82,0.9400000000000001,51.86,0.294,0.0031760000000000004,4.200000000000001,33.06666666666667,-98.47499996666669
2015-01-01,0.301923425719203,279.65000000000003,267.8,2.6375,107.21250000000002,0.30124999999999996,0.00269125,3.7125000000000004,33.06666666666667,-98.47499996666669
2015-01-09,0.33071114172510263,280.91249999999997,271.4125,0.0,89.35000000000001,0.41875,0.0027037500000000004,3.6500000000000004,33.06666666666667,-98.47499996666669
2015-01-17,0.33071114172510263,289.875,273.0125,2.7625,120.08750000000002,0.71,0.0038825000000000005,4.15,33.06666666666667,-98.47499996666669
2015-01-25,0.33071114172510263,292.0,275.2625,2.0,123.825,0.82,0.004530000000000001,4.4625,33.06666666666667,-98.47499996666669
2015-02-02,0.39566046833253327,290.025,273.5,0.0,158.65,0.7225,0.0043275,4.4875,33.06666666666667,-98.47499996666669
2015-02-10,0.43071114172510266,291.3,273.58750000000003,0.925,153.31250000000003,0.76875,0.0046637499999999995,4.5,33.06666666666667,-98.47499996666669
2015-02-18,0.43071114172510266,285.1375,272.775,3.6625,148.28750000000002,0.48124999999999996,0.00405125,4.525,33.06666666666667,-98.47499996666669
2015-02-26,0.45949885773100235,277.1375,269.6625,2.7375,116.9375,0.11374999999999999,0.0038312500000000005,4.625,33.06666666666667,-98.47499996666669
2015-03-06,0.5263716100576359,290.25,276.46250000000003,1.375,174.425,0.59625,0.00520875,3.1750000000000003,33.06666666666667,-98.47499996666669
2015-03-14,0.6263716100576359,294.26250000000005,281.8875,3.3875,159.93750000000003,0.7350000000000001,0.00725,3.4500000000000006,33.06666666666667,-98.47499996666669
2015-03-22,0.8000000000000002,299.775,281.825,0.25,232.3625,1.2975,0.006995,4.3875,33.06666666666667,-98.47499996666669
2015-03-30,0.9307111417251025,299.25,286.05,1.9875000000000003,228.91250000000002,1.2337500000000001,0.00843,5.137500000000001,33.06666666666667,-98.47499996666669
2015-04-07,1.1307111417251028,296.9875,285.5625,0.525,224.15,0.7525000000000001,0.00979,6.000000000000001,33.06666666666667,-98.47499996666669
2015-04-15,1.3712122839941008,298.075,283.6875,5.175000000000001,246.37500000000003,0.855,0.008825000000000001,4.0625,33.06666666666667,-98.47499996666669
2015-04-23,1.501923425719203,297.23750000000007,282.8625,6.0125,238.375,0.79875,0.0086925,4.45,33.06666666666667,-98.47499996666669
2015-05-01,1.5774752413807702,300.9,288.97499999999997,9.7,272.6375,0.9500000000000001,0.011682500000000002,5.9,33.06666666666667,-98.47499996666669
2015-05-09,1.5755518156615673,298.6125,288.33750000000003,7.85,252.31250000000006,0.43500000000000005,0.013345000000000004,5.512500000000001,33.06666666666667,-98.47499996666669
2015-05-17,1.6755518156615672,298.83750000000003,289.0875,6.5375,251.51250000000002,0.5862499999999999,0.013338749999999998,5.075000000000001,33.06666666666667,-98.47499996666669
2015-05-25,1.681814773048237,300.7625,288.525,14.1375,285.33750000000003,0.48375,0.01451375,4.45,33.06666666666667,-98.47499996666669
2015-06-02,1.7106024890541367,305.8875,293.16249999999997,0.0,314.4875,1.275,0.015216250000000002,3.962500000000001,33.06666666666667,-98.47499996666669
2015-06-10,1.7125259147733396,304.4625,294.27500000000003,13.775,261.98749999999995,1.00125,0.016467500000000003,4.95,33.06666666666667,-98.47499996666669
2015-06-18,1.6837381987674398,306.3625,294.975,0.36250000000000004,307.25,1.36,0.0159875,4.4625,33.06666666666667,-98.47499996666669
2015-06-26,1.7081863831058728,306.42499999999995,294.3375,0.225,321.51250000000005,1.4125,0.015423750000000002,3.9375,33.06666666666667,-98.47499996666669
2015-07-04,1.643237056498442,304.925,295.22499999999997,11.075000000000001,296.87500000000006,1.17125,0.016245,5.050000000000001,33.06666666666667,-98.47499996666669
2015-07-12,1.6369740991117727,308.425,296.0625,0.0,344.2375,1.8050000000000002,0.01571375,4.4875,33.06666666666667,-98.47499996666669
2015-07-20,1.5369740991117724,309.82499999999993,296.93750000000006,0.0,334.4375,2.1162500000000004,0.015648750000000003,4.125,33.06666666666667,-98.47499996666669
2015-07-28,1.5287877160058998,309.22499999999997,296.1375,3.5,280.08750000000003,2.1975,0.014161250000000002,3.7625000000000006,33.06666666666667,-98.47499996666669
2015-08-05,1.4019234257192033,312.25000000000006,297.2875,0.0,304.66249999999997,2.7662500000000003,0.014557500000000003,4.087500000000001,33.06666666666667,-98.47499996666669
2015-08-13,1.30626295738667,307.1,293.6625,1.1875,272.72499999999997,1.8699999999999999,0.013232500000000003,3.9625000000000004,33.06666666666667,-98.47499996666669
2015-08-21,1.3081863831058729,309.45000000000005,294.025,0.0,277.3,1.87,0.01535625,4.112500000000001,33.06666666666667,-98.47499996666669
2015-08-29,1.2081863831058728,308.83750000000003,293.9125,0.5125000000000001,267.3375,2.1762499999999996,0.012682500000000003,4.1375,33.06666666666667,-98.47499996666669
2015-09-06,1.1369740991117725,307.88750000000005,293.4125,0.925,248.8625,2.0037499999999997,0.012861250000000001,4.0,33.06666666666667,-98.47499996666669
2015-09-14,1.0350506733925693,306.2875,293.1625,0.6250000000000001,243.93750000000003,1.7375,0.012830000000000003,5.2749999999999995,33.06666666666667,-98.47499996666669
2015-09-22,1.001923425719203,306.46250000000003,290.9,0.1,228.70000000000005,2.1112500000000005,0.0094675,3.1375,33.06666666666667,-98.47499996666669
2015-09-30,0.9369740991117722,301.84999999999997,285.325,0.0,194.37500000000003,1.5162499999999999,0.0076325,3.3000000000000007,33.06666666666667,-98.47499996666669
2015-10-08,0.8369740991117723,305.95,286.375,0.0,196.31250000000003,2.1225,0.0074875,4.1625000000000005,33.06666666666667,-98.47499996666669
2015-10-16,0.801923425719203,299.93749999999994,287.47499999999997,14.4875,166.675,1.37,0.007915,4.775,33.06666666666667,-98.47499996666669
2015-10-24,0.7369740991117724,294.4875,282.68750000000006,9.8,153.60000000000002,0.5825,0.00863125,3.8000000000000003,33.06666666666667,-98.47499996666669
2015-11-01,0.7019234257192031,296.47499999999997,281.175,0.8875000000000001,140.95000000000002,0.75875,0.008040000000000002,3.9750000000000005,33.06666666666667,-98.47499996666669
2015-11-09,0.6307111417251027,294.40000000000003,280.8375,2.8125,128.625,0.75375,0.006792500000000001,4.862500000000001,33.06666666666667,-98.47499996666669
2015-11-17,0.6000000000000002,291.59999999999997,275.3875,0.0,138.875,0.67375,0.0051037500000000015,5.200000000000001,33.06666666666667,-98.47499996666669
2015-11-25,0.501923425719203,285.1125,275.675,16.5375,87.60000000000001,0.28625,0.006183750000000001,4.5125,33.06666666666667,-98.47499996666669
2015-12-03,0.43071114172510266,292.9875,274.6875,0.0,133.76250000000002,0.77,0.0047875,3.6125000000000003,33.06666666666667,-98.47499996666669
2015-12-11,0.401923425719203,291.7625,274.6125,1.9500000000000002,126.73750000000001,0.68625,0.0051325,4.4,33.06666666666667,-98.47499996666669
2015-12-19,0.4000000000000001,294.76250000000005,276.4375,3.45,123.6375,0.78,0.005870000000000001,4.9625,33.06666666666667,-98.47499996666669
2015-12-27,0.39566046833253327,278.96,271.26,4.540000000000001,94.9,0.172,0.0037080000000000004,5.380000000000001,33.06666666666667,-98.47499996666669
2016-01-01,0.33071114172510263,284.95,273.9125,0.17500000000000002,109.85000000000001,0.39125000000000004,0.0041075,3.7000000000000006,33.06666666666667,-98.47499996666669
2016-01-09,0.39566046833253327,286.16249999999997,271.925,0.0,104.6,0.5337500000000001,0.0036025000000000002,4.0125,33.06666666666667,-98.47499996666669
2016-01-17,0.39566046833253327,285.675,270.3375,0.4625,133.51250000000002,0.38375000000000004,0.00387375,4.4375,33.06666666666667,-98.47499996666669
2016-01-25,0.4000000000000001,293.5125,273.0875,0.0,145.88750000000002,0.9625,0.00414375,4.4625,33.06666666666667,-98.47499996666669
2016-02-02,0.401923425719203,288.45,271.775,0.0,170.175,0.74125,0.0026325,4.375,33.06666666666667,-98.47499996666669
2016-02-10,0.49566046833253324,295.6,276.7,0.0,178.11249999999998,0.99375,0.004546250000000001,4.1000000000000005,33.06666666666667,-98.47499996666669
2016-02-26,0.5307111417251027,296.175,278.1375,0.0,203.9,1.0050000000000001,0.00519875,4.7875000000000005,33.06666666666667,-98.47499996666669
2016-03-05,0.6307111417251027,293.83750000000003,286.425,6.5375000000000005,149.18750000000003,0.71875,0.008230000000000001,5.075,33.06666666666667,-98.47499996666669
2016-03-13,0.7019234257192031,294.58750000000003,278.78749999999997,1.4875,200.77499999999998,1.075,0.005124999999999999,4.737500000000001,33.06666666666667,-98.47499996666669
2016-03-21,0.9,296.25,277.29999999999995,0.05,240.00000000000003,0.9562499999999999,0.00521,5.762499999999999,33.06666666666667,-98.47499996666669
2016-03-29,1.0326345674443056,297.38749999999993,281.1375,0.8375000000000001,231.5625,1.26,0.00612125,4.775,33.06666666666667,-98.47499996666669
2016-04-06,1.205770277157609,296.875,284.0,1.3500000000000003,219.42499999999998,0.9687500000000001,0.007455000000000001,4.8374999999999995,33.06666666666667,-98.47499996666669
2016-04-14,1.3081863831058729,294.625,286.1,24.3,232.16250000000002,0.4525,0.010326250000000002,4.075000000000001,33.06666666666667,-98.47499996666669
2016-04-22,1.643237056498442,301.6875,286.1875,1.5,280.3625,1.1237500000000002,0.01001125,4.825,33.06666666666667,-98.47499996666669
2016-04-30,1.7413136307792392,298.82500000000005,283.42499999999995,0.725,279.375,0.96625,0.008135,4.050000000000001,33.06666666666667,-98.47499996666669
2016-05-08,1.9125259147733398,301.2,288.37500000000006,11.55,258.0875,1.00875,0.011633750000000002,5.6875,33.06666666666667,-98.47499996666669
2016-05-16,2.0149420207216036,297.775,288.92499999999995,3.3,280.27500000000003,0.3175,0.0136925,4.95,33.06666666666667,-98.47499996666669
2016-05-24,2.0125259147733394,303.52500000000003,292.5625,16.2375,284.7375,0.8812500000000001,0.015977500000000002,5.3625,33.06666666666667,-98.47499996666669
2016-06-01,1.8432370564984422,302.3375,290.33750000000003,8.0,277.8,1.0,0.013015,3.0875000000000004,33.06666666666667,-98.47499996666669
2016-06-09,1.8168654464408063,306.6875,295.425,2.8875,294.7625,1.17875,0.01743375,4.55,33.06666666666667,-98.47499996666669
2016-06-17,1.8125259147733395,308.425,295.6875,0.0,319.1125,1.7049999999999998,0.01618375,4.525,33.06666666666667,-98.47499996666669
2016-06-25,1.7125259147733396,308.40000000000003,295.28749999999997,0.0,316.38750000000005,1.6662499999999998,0.016012500000000002,4.1375,33.06666666666667,-98.47499996666669
2016-07-03,1.6125259147733395,309.40000000000003,296.6,7.312500000000001,335.3375,1.7512500000000002,0.01762,5.8999999999999995,33.06666666666667,-98.47499996666669
2016-07-11,1.5432370564984421,309.86250000000007,296.1875,0.5125000000000001,339.87500000000006,2.0612500000000002,0.015627500000000003,6.075000000000001,33.06666666666667,-98.47499996666669
2016-07-19,1.408186383105873,310.525,296.7,0.0,330.125,2.315,0.015105000000000002,4.025,33.06666666666667,-98.47499996666669
2016-07-27,1.3101098088250758,310.5125,296.9,0.7000000000000001,305.26250000000005,2.58375,0.013883750000000002,4.3375,33.06666666666667,-98.47499996666669
2016-08-04,1.245160482217645,311.82500000000005,298.15,0.08750000000000001,285.05000000000007,2.838749999999999,0.013863750000000001,4.0,33.06666666666667,-98.47499996666669
2016-08-12,1.3101098088250758,304.1,293.1875,28.475,216.9125,1.105,0.0151775,3.9375,33.06666666666667,-98.47499996666669
2016-08-20,1.3106024890541368,305.3125,293.95,2.0375,256.85,1.2574999999999998,0.015438750000000003,4.3,33.06666666666667,-98.47499996666669
2016-08-28,1.4043395316674672,304.9875,294.0,1.4625000000000004,224.6875,1.16375,0.015528750000000001,3.1750000000000007,33.06666666666667,-98.47499996666669
2016-09-05,1.4369740991117725,306.2,292.97499999999997,0.7000000000000001,261.1,1.5150000000000001,0.01429625,5.250000000000001,33.06666666666667,-98.47499996666669
2016-09-13,1.4369740991117725,305.92500000000007,293.15,2.7625,217.10000000000002,1.16625,0.016036250000000002,3.0250000000000004,33.06666666666667,-98.47499996666669
2016-09-21,1.3307111417251027,303.05,288.9125,4.0625,208.575,1.20125,0.01290875,4.0375000000000005,33.06666666666667,-98.47499996666669
2016-09-29,1.3307111417251027,302.6875,286.86249999999995,5.2375,219.15000000000003,1.1925000000000001,0.010513750000000002,4.2,33.06666666666667,-98.47499996666669
2016-10-07,1.1369740991117725,298.09999999999997,284.6875,0.1625,188.28750000000002,0.7937500000000001,0.00948125,3.9250000000000003,33.06666666666667,-98.47499996666669
2016-10-15,1.1019234257192032,302.05,286.9375,0.0,190.35000000000002,1.235,0.011158750000000004,4.9750000000000005,33.06666666666667,-98.47499996666669
2016-10-23,0.9350506733925693,302.3,288.125,0.0,172.15,1.16125,0.010955,3.975,33.06666666666667,-98.47499996666669
2016-10-31,0.8326345674443056,297.16249999999997,289.21250000000003,11.475000000000001,122.125,0.7725,0.010802500000000001,3.9,33.06666666666667,-98.47499996666669
2016-11-08,0.7326345674443057,295.2,281.15000000000003,0.05,123.175,0.7962500000000001,0.00748875,3.4000000000000004,33.06666666666667,-98.47499996666669
2016-11-16,0.6326345674443056,294.8,277.5875,0.0,137.75,0.9550000000000001,0.00547,5.1125,33.06666666666667,-98.47499996666669
2016-11-24,0.5307111417251027,292.3375,278.7,1.4375,116.98749999999998,0.8025,0.005115,4.525,33.06666666666667,-98.47499996666669
2016-12-02,0.43697409911177226,282.2375,274.575,2.1625,84.60000000000001,0.34249999999999997,0.0041737499999999995,3.8875,33.06666666666667,-98.47499996666669
2016-12-10,0.401923425719203,288.8125,272.775,0.0,122.41250000000001,0.61625,0.0046012499999999994,5.2875,33.06666666666667,-98.47499996666669
2016-12-18,0.33071114172510263,288.2125,273.6625,0.0,120.55000000000001,0.5675000000000001,0.0046075000000000005,4.4875,33.06666666666667,-98.47499996666669
2016-12-26,0.301923425719203,292.71666666666664,275.95,0.10000000000000002,117.95,0.9333333333333335,0.004118333333333334,4.183333333333334,33.06666666666667,-98.47499996666669
2017-01-01,0.301923425719203,282.42499999999995,269.28749999999997,0.7000000000000001,110.11250000000001,0.46874999999999994,0.00302875,4.275,33.06666666666667,-98.47499996666669
2017-01-09,0.301923425719203,289.27500000000003,277.52500000000003,4.7875000000000005,105.36250000000003,0.50875,0.006290000000000001,4.9625,33.06666666666667,-98.47499996666669
2017-01-17,0.3000000000000001,293.7625,276.8125,1.5875000000000001,121.6125,0.9237500000000001,0.0046862499999999994,4.5,33.06666666666667,-98.47499996666669
2017-01-25,0.33263456744430553,290.7625,273.1375,0.0,147.28750000000002,0.9500000000000001,0.00285125,3.7375000000000003,33.06666666666667,-98.47499996666669
2017-02-02,0.401923425719203,291.75,278.425,0.0,162.5,0.8987500000000002,0.004760000000000001,4.625,33.06666666666667,-98.47499996666669
2017-02-10,0.43071114172510266,293.72499999999997,279.75,4.6000000000000005,147.275,1.03,0.0053475,5.1875,33.06666666666667,-98.47499996666669
2017-02-18,0.501923425719203,296.675,278.875,6.125,189.85000000000002,1.11375,0.005865,4.25,33.06666666666667,-98.47499996666669
2017-02-26,0.6019234257192031,294.275,279.95,0.0,193.8375,1.0025,0.00526125,4.625000000000001,33.06666666666667,-98.47499996666669
2017-03-06,0.7019234257192031,294.6125,279.77500000000003,0.0,191.26250000000002,0.7912500000000002,0.00678375,5.0375000000000005,33.06666666666667,-98.47499996666669
2017-03-14,0.9019234257192029,301.88750000000005,285.08750000000003,0.0,218.53749999999997,1.5399999999999998,0.007898750000000001,4.9,33.06666666666667,-98.47499996666669
2017-03-22,1.2326345674443058,299.65,283.79999999999995,2.1750000000000003,234.7375,1.2850000000000001,0.007185,6.1625000000000005,33.06666666666667,-98.47499996666669
2017-03-30,1.365761815117672,296.82500000000005,279.925,5.9875,235.85000000000002,1.0225000000000002,0.0064062500000000005,4.550000000000001,33.06666666666667,-98.47499996666669
2017-04-07,1.5307111417251027,299.075,286.9625,0.1375,241.6375,1.0825,0.00902125,5.7250000000000005,33.06666666666667,-98.47499996666669
2017-04-15,1.664949326607431,299.625,287.4875,1.7875,250.13750000000005,0.9362500000000001,0.010723749999999999,5.75,33.06666666666667,-98.47499996666669
2017-04-23,1.801923425719203,298.2,281.2,0.325,272.0375,1.11875,0.007118749999999999,6.062500000000001,33.06666666666667,-98.47499996666669
2017-05-01,1.7350506733925695,301.575,282.48749999999995,0.0,306.575,1.57625,0.006483750000000001,4.925000000000001,33.06666666666667,-98.47499996666669
2017-05-09,1.643237056498442,302.6,288.1875,2.7125000000000004,294.1125,1.4725,0.0095525,5.762499999999999,33.06666666666667,-98.47499996666669
2017-05-17,1.572024772504342,300.15000000000003,286.91249999999997,2.325,273.5625,1.085,0.009895000000000001,5.025,33.06666666666667,-98.47499996666669
2017-05-25,1.570101346785139,306.40000000000003,290.3625,0.525,298.4125000000001,1.935,0.010663750000000003,4.65,33.06666666666667,-98.47499996666669
2017-06-02,1.6393902050600362,302.625,291.45000000000005,11.649999999999999,243.8625,0.9737499999999999,0.013833750000000002,3.5250000000000004,33.06666666666667,-98.47499996666669
2017-06-10,1.6495000138851117,307.3125,295.2,0.0,319.27500000000003,1.6075,0.01544625,6.6125,33.06666666666667,-98.47499996666669
2017-06-18,1.643237056498442,306.7125,292.24999999999994,7.1,306.48750000000007,1.5637500000000002,0.013972500000000002,3.7000000000000006,33.06666666666667,-98.47499996666669
2017-06-26,1.8062629573866698,306.2250000000001,293.8375,5.175000000000001,314.4875,1.2975,0.015787500000000003,5.075,33.06666666666667,-98.47499996666669
2017-07-04,1.8062629573866698,307.825,293.78749999999997,0.7625000000000001,319.81250000000006,1.6137499999999996,0.01519875,3.8375,33.06666666666667,-98.47499996666669
2017-07-12,1.7081863831058728,309.1375,295.11249999999995,0.0,318.3625,2.03875,0.014465,3.6875,33.06666666666667,-98.47499996666669
2017-07-20,1.5408209505501782,311.2,296.6125,0.15000000000000002,329.625,2.6275,0.01379875,3.5875000000000004,33.06666666666667,-98.47499996666669
2017-07-28,1.4739481982235447,307.4375,294.29999999999995,2.575,273.18750000000006,1.9699999999999998,0.013177500000000002,3.0875000000000004,33.06666666666667,-98.47499996666669
2017-08-05,1.5081863831058726,308.23749999999995,294.2375,6.3125,262.15000000000003,1.60875,0.0160525,3.7,33.06666666666667,-98.47499996666669
2017-08-13,1.4451604822176451,307.1625,295.16249999999997,4.1875,258.7875,1.4737500000000001,0.016188750000000002,4.0,33.06666666666667,-98.47499996666669
2017-08-21,1.4144493404925425,304.77500000000003,293.5,3.1624999999999996,238.18750000000006,1.15375,0.015305,4.1125,33.06666666666667,-98.47499996666669
2017-08-29,1.345160482217645,305.85,289.36249999999995,0.23750000000000002,274.1125,1.615,0.011536250000000001,3.9375000000000004,33.06666666666667,-98.47499996666669
2017-09-06,1.243237056498442,304.32500000000005,284.875,0.0,271.35,1.88375,0.006995,3.3125,33.06666666666667,-98.47499996666669
2017-09-14,1.1388975248309754,309.98749999999995,294.9625,0.2,247.70000000000005,2.4462499999999996,0.0127525,5.6125,33.06666666666667,-98.47499996666669
2017-09-22,1.045160482217645,300.7875,292.5625,14.862499999999999,155.8875,1.0137500000000002,0.01323,4.775000000000001,33.06666666666667,-98.47499996666669
2017-09-30,1.0432370564984421,303.25000000000006,290.4625,0.9375,181.425,1.13375,0.012927500000000003,3.9625,33.06666666666667,-98.47499996666669
2017-10-08,1.0369740991117724,301.2875,283.4625,0.225,201.4875,1.185,0.00933875,4.45,33.06666666666667,-98.47499996666669
2017-10-16,1.0062629573866697,299.7625,281.975,1.7875,193.45,1.1837499999999999,0.0074687500000000006,4.3875,33.06666666666667,-98.47499996666669
2017-10-24,0.8388975248309752,293.4125,275.7875,0.3125,157.8,1.0462500000000001,0.003948750000000001,4.6875,33.06666666666667,-98.47499996666669
2017-11-01,0.803846851438406,297.425,281.9625,3.6500000000000004,135.3125,1.19,0.007135000000000001,4.3,33.06666666666667,-98.47499996666669
2017-11-09,0.6081863831058727,292.91249999999997,284.225,0.0,121.3125,0.555,0.008256250000000001,4.4375,33.06666666666667,-98.47499996666669
2017-11-17,0.5062629573866698,294.6625,275.575,0.0,136.425,1.0325000000000002,0.004496250000000001,4.4750000000000005,33.06666666666667,-98.47499996666669
2017-11-25,0.43697409911177226,296.2625,278.0625,0.0,128.2875,0.9462500000000001,0.005967500000000001,3.8625000000000007,33.06666666666667,-98.47499996666669
2017-12-03,0.401923425719203,289.2375,273.5125,0.15000000000000002,105.36250000000001,0.78125,0.0039299999999999995,4.2625,33.06666666666667,-98.47499996666669
2017-12-11,0.33263456744430553,290.4875,274.27500000000003,0.6625000000000001,128.70000000000002,0.8225,0.0034512500000000003,4.1000000000000005,33.06666666666667,-98.47499996666669
2017-12-19,0.23697409911177228,284.825,273.63750000000005,3.8,100.08750000000002,0.37125,0.00458875,3.8375000000000004,33.06666666666667,-98.47499996666669
2017-12-27,0.23071114172510263,280.2,272.71999999999997,0.1,109.02000000000001,0.354,0.003038,4.040000000000001,33.06666666666667,-98.47499996666669
2018-01-01,0.33071114172510263,283.9625,268.4375,0.07500000000000001,114.30000000000001,0.48250000000000004,0.0030737500000000005,3.2375000000000003,33.06666666666667,-98.47499996666669
2018-01-09,0.33071114172510263,285.05,268.34999999999997,0.0,124.0125,0.54875,0.0028312500000000004,5.112500000000001,33.06666666666667,-98.47499996666669
2018-01-17,0.33071114172510263,290.1625,269.725,0.0,138.95,0.8462499999999998,0.00295375,4.762500000000001,33.06666666666667,-98.47499996666669
2018-01-25,0.33263456744430553,292.4,272.85,0.0,150.075,0.8925000000000001,0.00361875,5.3125,33.06666666666667,-98.47499996666669
2018-02-02,0.33263456744430553,287.775,269.36249999999995,0.0,154.8,0.58875,0.003535000000000001,4.375,33.06666666666667,-98.47499996666669
2018-02-10,0.401923425719203,287.8125,274.79999999999995,0.8125,146.3375,0.61875,0.0048649999999999995,4.8,33.06666666666667,-98.47499996666669
2018-02-18,0.43071114172510266,287.72499999999997,276.16249999999997,15.65,125.32500000000002,0.4225,0.00643875,4.937500000000001,33.06666666666667,-98.47499996666669
2018-02-26,0.43071114172510266,293.8875,279.38750000000005,3.1000000000000005,186.625,0.63125,0.00711625,4.525,33.06666666666667,-98.47499996666669
2018-03-06,0.5307111417251027,293.3875,276.725,0.0,208.03750000000002,1.05,0.0038675000000000007,4.075,33.06666666666667,-98.47499996666669
2018-03-14,0.5326345674443056,296.85,279.67499999999995,0.1125,218.0875,1.2912500000000002,0.0045337500000000005,4.9125000000000005,33.06666666666667,-98.47499996666669
2018-03-22,0.6633457091694082,297.9375,285.09999999999997,4.0375000000000005,209.925,1.015,0.00863875,5.0,33.06666666666667,-98.47499996666669
2018-03-30,0.8326345674443056,296.3875,277.93750000000006,0.0,238.10000000000002,0.84,0.00711875,5.4624999999999995,33.06666666666667,-98.47499996666669
2018-04-07,0.9350506733925693,295.375,279.3125,0.0,243.1875,1.19375,0.00528625,6.1,33.06666666666667,-98.47499996666669
2018-04-15,1.1350506733925696,297.5,280.4625,1.7625000000000002,270.225,1.36875,0.0048325,5.6875,33.06666666666667,-98.47499996666669
2018-04-23,1.3369740991117725,298.3125,281.125,1.0,265.75,1.1800000000000002,0.006557500000000001,4.4125000000000005,33.06666666666667,-98.47499996666669
2018-05-01,1.5101098088250755,303.7,288.0,7.3500000000000005,278.1625,1.5950000000000002,0.0096275,5.325,33.06666666666667,-98.47499996666669
2018-05-09,1.6712122839941006,305.03749999999997,291.73749999999995,0.35000000000000003,297.96250000000003,1.73875,0.010925,6.112500000000001,33.06666666666667,-98.47499996666669
2018-05-17,1.6144493404925424,305.78749999999997,291.2625,1.0875,287.87500000000006,1.7625000000000002,0.0113275,4.4750000000000005,33.06666666666667,-98.47499996666669
2018-05-25,1.608186383105873,310.6,294.9875,0.1625,314.7375,2.76,0.011467500000000002,4.9375,33.06666666666667,-98.47499996666669
2018-06-02,1.5144493404925423,308.8375,293.82500000000005,6.550000000000001,310.6,2.27,0.012251250000000002,4.675,33.06666666666667,-98.47499996666669
2018-06-10,1.447576588165909,308.7125,295.99999999999994,0.0,317.55,2.32,0.01269125,5.887500000000001,33.06666666666667,-98.47499996666669
2018-06-18,1.4000000000000004,308.8875,295.15000000000003,0.2625,311.71250000000003,2.14375,0.013701250000000003,5.375,33.06666666666667,-98.47499996666669
2018-06-26,1.3163727662117455,311.35,296.9625,0.65,323.65000000000003,2.8975,0.012473749999999999,5.7875000000000005,33.06666666666667,-98.47499996666669
2018-07-04,1.2475765881659089,308.625,294.63750000000005,0.4375,282.2625,1.99125,0.014012500000000002,3.6125000000000003,33.06666666666667,-98.47499996666669
2018-07-12,1.1519161198333758,311.47499999999997,296.36249999999995,2.7874999999999996,326.9625,2.88125,0.0125275,3.7500000000000004,33.06666666666667,-98.47499996666669
2018-07-20,1.1413136307792393,312.81249999999994,295.4625,0.0,322.56250000000006,3.5225,0.00959375,3.5625000000000004,33.06666666666667,-98.47499996666669
2018-07-28,1.1144493404925424,308.06249999999994,293.09999999999997,3.0500000000000003,308.675,2.23375,0.011435,3.4875000000000003,33.06666666666667,-98.47499996666669
2018-08-05,1.0495000138851118,306.9,294.9625,1.675,267.63750000000005,1.7887499999999998,0.013972499999999999,3.6250000000000004,33.06666666666667,-98.47499996666669
2018-08-13,1.1125259147733395,307.775,295.2125,4.0375,255.91250000000005,1.7312500000000002,0.015329999999999998,4.2125,33.06666666666667,-98.47499996666669
2018-08-21,1.0856616244866428,310.0625,296.38750000000005,0.0,277.5125,2.4937500000000004,0.013298750000000002,5.3125,33.06666666666667,-98.47499996666669
2018-08-29,1.0144493404925425,306.875,296.125,5.887500000000001,212.23750000000004,1.8199999999999998,0.014425,3.875,33.06666666666667,-98.47499996666669
2018-09-06,1.0144493404925425,301.025,292.98749999999995,3.1500000000000004,191.475,0.7675,0.014645000000000002,3.2750000000000004,33.06666666666667,-98.47499996666669
2018-09-14,1.108186383105873,305.22499999999997,293.25,9.9375,206.275,1.1575,0.015528750000000001,3.8750000000000004,33.06666666666667,-98.47499996666669
2018-09-22,1.0081863831058728,298.6625,288.975,1.65,194.72500000000002,0.6175,0.01270125,4.0375,33.06666666666667,-98.47499996666669
2018-09-30,1.0774752413807702,304.12500000000006,293.975,2.75,208.8625,1.2249999999999999,0.014420000000000002,5.625,33.06666666666667,-98.47499996666669
2018-10-08,1.10626295738667,292.3625,283.275,12.637500000000001,145.1875,0.28,0.0098425,4.762500000000001,33.06666666666667,-98.47499996666669
2018-10-16,1.1019234257192032,290.775,281.3,7.3500000000000005,104.61250000000001,0.47375,0.007098750000000001,3.4125000000000005,33.06666666666667,-98.47499996666669
2018-10-24,1.001923425719203,296.11249999999995,283.25,7.45,149.7875,0.65625,0.00939125,3.5125,33.06666666666667,-98.47499996666669
2018-11-01,0.9019234257192029,293.48749999999995,280.5375,0.1,138.275,0.69125,0.0067950000000000016,4.500000000000001,33.06666666666667,-98.47499996666669
2018-11-09,0.801923425719203,286.22499999999997,270.75,0.5,131.57500000000002,0.49500000000000005,0.0036975,4.3999999999999995,33.06666666666667,-98.47499996666669
2018-11-17,0.6956604683325335,290.2,273.775,0.0,124.98750000000001,0.5925,0.00485,3.7,33.06666666666667,-98.47499996666669
2018-11-25,0.5307111417251027,292.4625,276.6875,0.6875,132.48749999999998,0.8662500000000001,0.00471375,4.8125,33.06666666666667,-98.47499996666669
2018-12-03,0.49566046833253324,282.4375,271.3,3.3500000000000005,101.85,0.27,0.00389125,3.8875,33.06666666666667,-98.47499996666669
2018-12-11,0.4000000000000001,287.75,274.0875,2.3375,103.275,0.44499999999999995,0.004666250000000001,4.812500000000001,33.06666666666667,-98.47499996666669
2018-12-19,0.4000000000000001,289.16249999999997,275.70000000000005,2.3375,120.625,0.45499999999999996,0.0053575,4.662500000000001,33.06666666666667,-98.47499996666669
2018-12-27,0.4000000000000001,281.8,273.26000000000005,2.62,94.42,0.31,0.00371,3.220000000000001,33.06666666666667,-98.47499996666669
2019-01-01,0.4000000000000001,285.90000000000003,274.3125,1.2000000000000002,97.97500000000001,0.49624999999999997,0.00446375,4.2250000000000005,33.06666666666667,-98.47499996666669
2019-01-09,0.33071114172510263,284.5625,276.6,2.075,103.42500000000001,0.3875,0.004526250000000001,4.050000000000001,33.06666666666667,-98.47499996666669
2019-01-17,0.33071114172510263,287.28749999999997,271.2125,0.36250000000000004,134.76250000000002,0.46375,0.00421625,5.6375,33.06666666666667,-98.47499996666669
2019-01-25,0.4000000000000001,286.8375,271.5625,0.0,145.28750000000002,0.4724999999999999,0.00399375,3.6125000000000003,33.06666666666667,-98.47499996666669
2019-02-02,0.42878771600589977,290.1375,277.5375,1.1375000000000002,123.775,0.6000000000000001,0.006563750000000001,4.6875,33.06666666666667,-98.47499996666669
2019-02-10,0.5,289.1,274.425,0.8250000000000001,156.11250000000004,0.5449999999999999,0.0048725,4.775,33.06666666666667,-98.47499996666669
2019-02-18,0.5307111417251027,285.6125,274.3125,0.5875000000000001,159.27499999999998,0.5,0.0038925000000000006,4.4,33.06666666666667,-98.47499996666669
2019-02-26,0.5307111417251027,281.4375,270.375,0.1625,168.8,0.20125000000000004,0.00437375,4.550000000000001,33.06666666666667,-98.47499996666669
2019-03-06,0.6307111417251027,292.23749999999995,279.33750000000003,4.3875,191.8375,0.70625,0.006047500000000001,6.025,33.06666666666667,-98.47499996666669
2019-03-14,0.7307111417251028,291.9875,273.825,0.0,217.875,0.825,0.00384375,3.2375000000000003,33.06666666666667,-98.47499996666669
2019-03-22,0.9326345674443054,297.65,282.46250000000003,0.925,225.625,0.9500000000000002,0.0076675,5.2625,33.06666666666667,-98.47499996666669
2019-03-30,1.1307111417251028,293.025,279.84999999999997,2.275,227.97500000000002,0.6587500000000001,0.006935,5.1,33.06666666666667,-98.47499996666669
2019-04-07,1.408186383105873,295.65,280.5125,4.575,245.56250000000003,0.925,0.007052500000000001,5.15,33.06666666666667,-98.47499996666669
2019-04-15,1.641313630779239,298.96250000000003,284.5125,0.4625,267.71250000000003,1.0487499999999998,0.008596250000000001,6.175,33.06666666666667,-98.47499996666669
2019-04-23,1.7125259147733396,298.31249999999994,287.2875,3.2625,251.85,0.8625,0.010308750000000002,4.8375,33.06666666666667,-98.47499996666669
2019-05-01,1.645653162446706,298.925,287.5875,16.8625,265.8625,0.38375000000000004,0.013558750000000001,4.8625,33.06666666666667,-98.47499996666669
2019-05-09,1.7499926941141728,296.3125,283.85,1.4625,268.86250000000007,0.57625,0.010305,3.9750000000000005,33.06666666666667,-98.47499996666669
2019-05-17,1.7168654464408064,302.7125,290.66249999999997,9.6125,300.20000000000005,0.94625,0.013806249999999999,7.425000000000001,33.06666666666667,-98.47499996666669
2019-05-25,1.8125259147733395,302.5875,292.55,9.8,272.65000000000003,0.935,0.014512500000000001,5.4125000000000005,33.06666666666667,-98.47499996666669
2019-06-02,1.9106024890541369,303.7,291.66249999999997,5.425,286.4125,0.75875,0.01604,3.2250000000000005,33.06666666666667,-98.47499996666669
2019-06-10,1.7413136307792392,302.5875,288.5875,1.9625000000000001,300.6,0.9687500000000001,0.01273125,4.625,33.06666666666667,-98.47499996666669
2019-06-18,1.8413136307792393,306.2,293.625,2.9125,310.02500000000003,1.08625,0.01710875,5.312500000000001,33.06666666666667,-98.47499996666669
2019-06-26,1.8062629573866698,306.40000000000003,293.93750000000006,0.125,321.33750000000003,1.3624999999999998,0.015495000000000002,4.437500000000001,33.06666666666667,-98.47499996666669
2019-07-04,1.8125259147733395,306.4,295.05,5.862500000000001,309.6875,1.2475,0.01703375,4.0125,33.06666666666667,-98.47499996666669
2019-07-12,1.7495000138851118,307.6125,294.875,0.0,341.09999999999997,1.67375,0.015250000000000001,4.6625,33.06666666666667,-98.47499996666669
2019-07-20,1.7081863831058728,306.225,291.55,0.0,336.3875,1.83,0.011477500000000002,3.9125000000000005,33.06666666666667,-98.47499996666669
2019-07-28,1.5432370564984421,308.7125,294.9,0.8250000000000001,298.2,2.12,0.013473750000000001,3.8125000000000004,33.06666666666667,-98.47499996666669
2019-08-05,1.4388975248309754,311.1625,296.93749999999994,0.07500000000000001,300.4375,2.76125,0.013098750000000001,3.7000000000000006,33.06666666666667,-98.47499996666669
2019-08-13,1.30626295738667,311.0,296.2125,0.08750000000000001,292.3625,2.56625,0.013802499999999999,4.3875,33.06666666666667,-98.47499996666669
2019-08-21,1.2782877298910116,307.85,294.675,5.7875000000000005,258.65000000000003,1.675,0.01583125,4.15,33.06666666666667,-98.47499996666669
2019-08-29,1.2495000138851118,307.9125,292.78749999999997,1.6625,270.825,1.85,0.013308750000000001,3.2625,33.06666666666667,-98.47499996666669
2019-09-06,1.243237056498442,308.3125,293.95,0.0625,249.42500000000004,2.14125,0.012447500000000002,5.175,33.06666666666667,-98.47499996666669
2019-09-14,1.2062629573866699,307.8625,293.36249999999995,0.1,241.78750000000002,1.91125,0.01317625,4.425000000000001,33.06666666666667,-98.47499996666669
2019-09-22,1.1350506733925696,308.55,296.13750000000005,0.7875000000000001,221.3375,2.08625,0.01410375,5.2875,33.06666666666667,-98.47499996666669
2019-09-30,1.0388975248309753,306.1,290.75,0.0,209.225,1.7925,0.011547500000000002,5.1875,33.06666666666667,-98.47499996666669
2019-10-08,0.9388975248309751,300.3375,281.57499999999993,0.07500000000000001,193.3625,1.3300000000000003,0.007412500000000001,5.462500000000001,33.06666666666667,-98.47499996666669
2019-10-16,0.8388975248309752,299.0,279.91249999999997,0.4,195.45,1.38,0.005308750000000001,4.3875,33.06666666666667,-98.47499996666669
2019-10-24,0.767685240836875,286.08750000000003,275.55,3.9625000000000004,131.1125,0.41,0.005180000000000001,5.2875,33.06666666666667,-98.47499996666669
2019-11-01,0.6326345674443056,291.52500000000003,277.025,9.575000000000001,124.9,0.67625,0.005671250000000001,4.075,33.06666666666667,-98.47499996666669
2019-11-09,0.501923425719203,289.04999999999995,272.1625,0.1,140.53750000000002,0.62875,0.004140000000000001,4.4750000000000005,33.06666666666667,-98.47499996666669
2019-11-17,0.43071114172510266,292.68749999999994,275.875,1.3375000000000004,127.625,0.65125,0.00622,4.15,33.06666666666667,-98.47499996666669
2019-11-25,0.401923425719203,289.2625,275.65,1.9500000000000002,114.87500000000001,0.6075,0.0047275,4.4375,33.06666666666667,-98.47499996666669
2019-12-03,0.33071114172510263,291.725,274.6875,1.1875,118.1875,0.7537499999999999,0.0046275,4.2250000000000005,33.06666666666667,-98.47499996666669
2019-12-11,0.33071114172510263,287.0,270.8875,0.0,130.675,0.4975,0.00374375,3.775000000000001,33.06666666666667,-98.47499996666669
2019-12-19,0.33071114172510263,290.3,274.175,0.037500000000000006,123.325,0.6775,0.00432875,3.562500000000001,33.06666666666667,-98.47499996666669
2019-12-27,0.33071114172510263,287.7800000000001,275.36,3.4,103.66,0.508,0.004736,4.4799999999999995,33.06666666666667,-98.47499996666669
2020-01-01,0.3000000000000001,290.625,273.2,0.0,120.27500000000002,0.7125000000000001,0.00392625,4.550000000000001,33.06666666666667,-98.47499996666669
2020-01-09,0.33071114172510263,291.0,276.7875,5.025,106.88750000000002,0.54625,0.006170000000000001,4.9,33.06666666666667,-98.47499996666669
2020-01-17,0.33071114172510263,286.7625,273.1875,1.6,115.27500000000002,0.4175,0.004358750000000001,3.7750000000000004,33.06666666666667,-98.47499996666669
2020-01-25,0.4000000000000001,288.65,274.25,0.17500000000000002,133.525,0.53375,0.004691250000000001,3.975,33.06666666666667,-98.47499996666669
2020-02-02,0.43071114172510266,288.88750000000005,272.8,3.3375000000000004,143.9375,0.705,0.004317500000000001,4.8875,33.06666666666667,-98.47499996666669
2020-02-10,0.5,287.84999999999997,274.825,4.7,140.22500000000002,0.57625,0.0046725000000000004,4.175,33.06666666666667,-98.47499996666669
2020-02-18,0.5307111417251027,287.4375,275.36249999999995,1.1500000000000001,140.1875,0.48625000000000007,0.0045449999999999996,5.0125,33.06666666666667,-98.47499996666669
2020-02-26,0.5307111417251027,291.9625,277.125,10.6625,162.9875,0.94625,0.00400125,4.5375,33.06666666666667,-98.47499996666669
2020-03-05,0.6307111417251027,296.9125,281.35,1.3375000000000001,187.78750000000002,1.0037500000000001,0.0068850000000000005,4.675000000000001,33.06666666666667,-98.47499996666669
2020-03-13,0.7307111417251028,291.31250000000006,283.225,14.525,169.13750000000002,0.36625,0.00882875,5.1000000000000005,33.06666666666667,-98.47499996666669
2020-03-21,0.8369740991117723,297.66249999999997,283.675,0.8250000000000002,223.30000000000004,0.9974999999999999,0.008311250000000001,4.1,33.06666666666667,-98.47499996666669
2020-03-29,1.0739481982235448,290.08750000000003,280.88749999999993,2.1625,194.71250000000003,0.43375,0.007463750000000001,5.125,33.06666666666667,-98.47499996666669
2020-04-06,1.6720247725043418,296.7125,283.75,1.9125,239.07500000000002,0.92875,0.008202500000000001,5.237500000000001,33.06666666666667,-98.47499996666669
2020-04-14,1.6720247725043418,293.78749999999997,278.4375,0.0,238.70000000000002,0.66875,0.007093750000000001,4.4625,33.06666666666667,-98.47499996666669
2020-04-22,1.745160482217645,302.45,284.3,0.4,278.6125,1.4825,0.0080575,5.1000000000000005,33.06666666666667,-98.47499996666669
2020-04-30,1.8,305.5375,287.575,0.05,290.2375,1.8037500000000002,0.009980000000000001,5.450000000000001,33.06666666666667,-98.47499996666669
2020-05-08,1.6826272615584783,301.0875,285.45000000000005,7.6625000000000005,286.3,0.9999999999999999,0.010747500000000002,5.4125000000000005,33.06666666666667,-98.47499996666669
2020-05-16,1.6475765881659088,303.7125,290.8125,6.0249999999999995,286.425,1.10375,0.0140125,4.675000000000001,33.06666666666667,-98.47499996666669
2020-05-24,1.7475765881659089,302.3375,288.52500000000003,1.1875,300.2375,1.2012500000000002,0.010998750000000002,3.9,33.06666666666667,-98.47499996666669
2020-06-01,1.743237056498442,306.96250000000003,293.68749999999994,0.0,311.1,1.6375000000000002,0.01423125,3.8750000000000004,33.06666666666667,-98.47499996666669
2020-06-09,1.743237056498442,306.47499999999997,288.55,0.0,330.775,2.28125,0.007576250000000001,4.550000000000001,33.06666666666667,-98.47499996666669
2020-06-17,1.6495000138851117,305.53749999999997,292.8,11.212499999999999,303.7125,1.45625,0.013725000000000001,5.2124999999999995,33.06666666666667,-98.47499996666669
2020-06-25,1.7739481982235445,307.05,295.9,0.0,319.46250000000003,1.6537499999999998,0.015312500000000001,5.8625,33.06666666666667,-98.47499996666669
2020-07-03,1.8081863831058727,307.825,295.15,4.0375000000000005,320.93750000000006,1.8487500000000001,0.014467500000000001,3.475,33.06666666666667,-98.47499996666669
2020-07-11,1.6782877298910115,311.975,297.325,0.0,342.57500000000005,3.3025,0.010906250000000001,4.7625,33.06666666666667,-98.47499996666669
2020-07-19,1.5408209505501782,308.25,296.0125,0.45,312.575,1.96875,0.014472500000000001,4.3,33.06666666666667,-98.47499996666669
2020-07-27,1.4758716239427476,307.075,293.625,2.2625,298.27500000000003,1.835,0.013203750000000002,3.6875000000000004,33.06666666666667,-98.47499996666669
2020-08-04,1.3758716239427475,310.32500000000005,297.3,0.0,302.7875,2.7824999999999998,0.01225,5.1625000000000005,33.06666666666667,-98.47499996666669
2020-08-12,1.3739481982235446,311.675,294.68750000000006,0.5375,295.5625,2.93125,0.011881250000000001,3.625,33.06666666666667,-98.47499996666669
2020-08-20,1.2758716239427477,308.675,292.35,0.0,288.0875,2.265,0.0112225,2.8625000000000003,33.06666666666667,-98.47499996666669
2020-08-28,1.245160482217645,307.8875,294.675,15.137500000000001,240.87500000000006,1.78,0.015242500000000003,3.7625,33.06666666666667,-98.47499996666669
2020-09-05,1.345160482217645,299.475,288.475,10.5125,192.4375,0.7474999999999999,0.01307125,4.2125,33.06666666666667,-98.47499996666669
2020-09-13,1.4388975248309754,301.2375,288.4375,0.0,235.56250000000003,0.82625,0.0125325,3.1750000000000003,33.06666666666667,-98.47499996666669
2020-09-21,1.4326345674443057,300.8125,287.95,0.0625,233.82500000000005,0.9837500000000001,0.01140625,4.2375,33.06666666666667,-98.47499996666669
2020-09-29,1.3388975248309753,300.92499999999995,282.6,0.0,223.66250000000002,1.4575,0.00659,3.8375000000000004,33.06666666666667,-98.47499996666669
2020-10-07,1.2388975248309753,304.3625,285.2125,0.0,206.16250000000002,1.625,0.009033750000000002,3.8000000000000003,33.06666666666667,-98.47499996666669
2020-10-15,1.2326345674443058,299.35,283.6,4.6125,190.60000000000002,1.0225,0.008975,5.2625,33.06666666666667,-98.47499996666669
2020-10-23,1.1326345674443057,285.45,273.975,3.6,132.46250000000003,0.305,0.00528375,5.2125,33.06666666666667,-98.47499996666669
2020-10-31,1.0369740991117724,297.7375,278.79999999999995,0.0,158.06250000000003,1.07125,0.0061,3.6750000000000003,33.06666666666667,-98.47499996666669
2020-11-08,0.801923425719203,296.15,279.875,0.0,137.0,0.9362499999999999,0.00655125,4.762499999999999,33.06666666666667,-98.47499996666669
2020-11-16,0.7019234257192031,294.575,279.3875,0.0,122.28750000000001,0.89875,0.0058962500000000004,4.612500000000001,33.06666666666667,-98.47499996666669
2020-11-24,0.6307111417251027,289.7,275.5875,4.575,116.61250000000001,0.72625,0.00420625,4.5625,33.06666666666667,-98.47499996666669
2020-12-02,0.5307111417251027,289.1375,271.3125,0.225,123.7875,0.72375,0.0033137500000000003,3.3374999999999995,33.06666666666667,-98.47499996666669
2020-12-10,0.501923425719203,285.9375,271.2375,1.2625000000000002,115.41250000000001,0.505,0.0036487500000000005,3.962500000000001,33.06666666666667,-98.47499996666669
2020-12-18,0.43263456744430556,290.775,271.98749999999995,0.0,129.9375,0.7425,0.00366375,4.5125,33.06666666666667,-98.47499996666669
2020-12-26,0.43071114172510266,287.3,276.26666666666665,8.916666666666668,90.5,0.5833333333333333,0.004543333333333334,6.3500000000000005,33.06666666666667,-98.47499996666669
2021-01-01,0.3350506733925694,286.1125,272.1375,0.15000000000000002,117.57499999999999,0.46625,0.0038137500000000003,3.8625000000000003,33.06666666666667,-98.47499996666669
2021-01-09,0.3350506733925694,284.78749999999997,270.7,4.85,127.03750000000002,0.5449999999999999,0.0027312499999999997,3.8125,33.06666666666667,-98.47499996666669
2021-01-17,0.33071114172510263,287.48749999999995,277.09999999999997,3.0625,94.7125,0.4075,0.00549875,3.9375,33.06666666666667,-98.47499996666669
2021-01-25,0.3350506733925694,287.96250000000003,272.175,0.0,146.05,0.5387500000000001,0.00396625,4.6125,33.06666666666667,-98.47499996666669
2021-02-02,0.401923425719203,289.45,273.8125,0.0,161.71250000000003,0.69375,0.004141250000000001,4.5375000000000005,33.06666666666667,-98.47499996666669
2021-02-10,0.43071114172510266,268.3625,261.1875,2.6875,109.4,0.08250000000000002,0.0017887500000000002,5.5625,33.06666666666667,-98.47499996666669
2021-02-18,0.501923425719203,288.6375,271.5625,1.05,164.2,0.73,0.0036762500000000003,4.6125,33.06666666666667,-98.47499996666669
2021-02-26,0.5307111417251027,292.375,278.0,0.6250000000000001,161.725,0.69,0.00568,4.4625,33.06666666666667,-98.47499996666669
2021-03-06,0.6000000000000002,296.225,285.03749999999997,1.9000000000000001,194.03750000000002,0.95125,0.0078000000000000005,6.262500000000001,33.06666666666667,-98.47499996666669
2021-03-14,0.6956604683325335,294.0625,279.2,0.75,215.48749999999998,1.02625,0.0046925000000000005,5.575,33.06666666666667,-98.47499996666669
2021-03-22,0.801923425719203,295.49999999999994,280.4125,4.1375,224.11249999999998,1.01125,0.00563625,5.1125,33.06666666666667,-98.47499996666669
2021-03-30,0.9326345674443054,296.21250000000003,281.15,0.0,225.2625,1.0050000000000001,0.0064287500000000004,5.937500000000001,33.06666666666667,-98.47499996666669
2021-04-07,1.1326345674443057,298.875,281.2625,0.5,245.87500000000003,1.3087499999999999,0.0060750000000000005,5.050000000000001,33.06666666666667,-98.47499996666669
2021-04-15,1.30626295738667,288.61249999999995,277.9375,3.1750000000000003,197.43750000000006,0.5499999999999999,0.00508875,4.375000000000001,33.06666666666667,-98.47499996666669
2021-04-23,1.4413136307792394,297.2875,287.4625,9.45,201.5375,0.7675000000000001,0.0102875,5.612500000000001,33.06666666666667,-98.47499996666669
2021-05-01,1.5062629573866697,300.28749999999997,286.83750000000003,0.6,287.1125,1.03375,0.01023125,4.6625000000000005,33.06666666666667,-98.47499996666669
2021-05-09,1.5432370564984421,295.025,286.2,1.5625,239.23750000000004,0.5449999999999999,0.010185000000000001,5.262500000000001,33.06666666666667,-98.47499996666669
2021-05-17,1.4413136307792394,299.75,290.8125,4.0,247.70000000000002,0.6000000000000001,0.013841250000000001,4.5125,33.06666666666667,-98.47499996666669
2021-05-25,1.4388975248309754,300.1375,290.7625,4.8374999999999995,279.275,0.5925,0.014270000000000001,4.4375,33.06666666666667,-98.47499996666669
2021-06-02,1.608186383105873,302.73749999999995,292.16249999999997,5.800000000000001,290.4875,0.7999999999999999,0.01531,3.8375,33.06666666666667,-98.47499996666669
2021-06-10,1.6782877298910115,307.525,294.73749999999995,0.9,317.46250000000003,1.52625,0.0159,3.3875,33.06666666666667,-98.47499996666669
2021-06-18,1.7326345674443058,306.55,294.3,0.08750000000000001,315.09999999999997,1.4037500000000003,0.015756250000000003,5.175000000000001,33.06666666666667,-98.47499996666669
2021-06-26,1.6101098088250758,304.4625,294.8625,21.3625,241.32500000000002,1.03875,0.016331250000000002,3.5875,33.06666666666667,-98.47499996666669
2021-07-04,1.6287877160059,304.95,294.12500000000006,2.0125,296.9375,1.0675000000000001,0.01618375,3.6875,33.06666666666667,-98.47499996666669
2021-07-12,1.7326345674443058,305.925,294.58750000000003,0.9125000000000001,303.3125,1.3437500000000002,0.0154975,4.262500000000001,33.06666666666667,-98.47499996666669
2021-07-20,1.6369740991117727,308.25000000000006,295.1125,0.1625,317.04999999999995,1.9762500000000003,0.014117500000000002,3.3125000000000004,33.06666666666667,-98.47499996666669
2021-07-28,1.572024772504342,307.525,294.98750000000007,0.05,290.6625,1.8037499999999997,0.014463750000000003,3.6499999999999995,33.06666666666667,-98.47499996666669
2021-08-05,1.5,309.4375,296.625,0.0,297.17500000000007,2.2237500000000003,0.014440000000000001,6.0125,33.06666666666667,-98.47499996666669
2021-08-13,1.4782877298910115,305.275,295.86249999999995,14.062500000000002,216.13750000000002,1.25875,0.016322500000000004,3.9125,33.06666666666667,-98.47499996666669
2021-08-21,1.5681779210659361,307.9875,295.7,0.0,286.1125,1.7762499999999999,0.015255000000000001,4.05,33.06666666666667,-98.47499996666669
2021-08-29,1.5739481982235448,308.2,295.9625,0.1625,253.53750000000002,1.86625,0.015106250000000002,3.2625000000000006,33.06666666666667,-98.47499996666669
2021-09-06,1.5369740991117724,307.59999999999997,290.45000000000005,0.15000000000000002,263.40000000000003,2.12375,0.010288750000000001,4.1625000000000005,33.06666666666667,-98.47499996666669
2021-09-14,1.3739481982235446,307.3125,290.725,0.0,248.86250000000004,1.85875,0.012025000000000001,4.2625,33.06666666666667,-98.47499996666669
2021-09-22,1.2720247725043419,305.375,287.21250000000003,9.025,235.81250000000003,2.06375,0.0075825000000000016,3.7625,33.06666666666667,-98.47499996666669
2021-09-30,1.104339531667467,303.5125,288.05,2.0500000000000003,200.05,1.44125,0.010197500000000002,2.9125,33.06666666666667,-98.47499996666669
2021-10-08,1.108186383105873,303.01250000000005,288.78749999999997,6.737500000000001,190.28750000000002,1.4475,0.01037875,5.362500000000001,33.06666666666667,-98.47499996666669
2021-10-16,1.067685240836875,300.1375,285.1125,0.0,185.8875,1.2562499999999999,0.008140000000000001,4.2250000000000005,33.06666666666667,-98.47499996666669
2021-10-24,0.9676852408368749,299.80000000000007,283.425,2.5,179.7875,1.3512500000000003,0.007001250000000001,5.6125,33.06666666666667,-98.47499996666669
2021-11-01,0.8369740991117723,291.66249999999997,280.36250000000007,2.1125000000000003,125.9375,0.6950000000000001,0.0061,3.9124999999999996,33.06666666666667,-98.47499996666669
2021-11-09,0.7350506733925695,297.92500000000007,279.45,0.0,142.8125,1.15875,0.006118750000000001,4.2,33.06666666666667,-98.47499996666669
2021-11-17,0.6307111417251027,294.725,275.36249999999995,0.0,133.97500000000002,0.95375,0.004736250000000001,5.137500000000001,33.06666666666667,-98.47499996666669
2021-11-25,0.5326345674443056,293.6375,274.7,1.3875000000000002,119.78750000000001,0.89375,0.004615000000000001,3.6750000000000003,33.06666666666667,-98.47499996666669
2021-12-03,0.43697409911177226,295.2625,277.15000000000003,0.0,125.875,0.9625,0.0058225,4.5875,33.06666666666667,-98.47499996666669
2021-12-11,0.43071114172510266,293.65,278.21250000000003,0.0,124.8,0.81625,0.006036250000000001,5.2875000000000005,33.06666666666667,-98.47499996666669
2021-12-19,0.43071114172510266,296.34999999999997,276.7625,0.0,126.50000000000001,1.305,0.0045325,4.15,33.06666666666667,-98.47499996666669
2021-12-27,0.401923425719203,297.86,281.8,0.18000000000000002,110.85999999999999,1.326,0.005236,3.6799999999999997,33.06666666666667,-98.47499996666669
2022-01-01,0.33071114172510263,287.15,267.9875,0.0,126.0125,0.6587500000000001,0.0028937500000000005,4.9750000000000005,33.06666666666667,-98.47499996666669
2022-01-09,0.33071114172510263,289.25,269.55,0.0,109.0,0.8612500000000001,0.0023362500000000002,4.5375000000000005,33.06666666666667,-98.47499996666669
2022-01-17,0.33071114172510263,288.11249999999995,269.12500000000006,0.0,121.325,0.8162499999999999,0.0023175000000000005,4.0125,33.06666666666667,-98.47499996666669
2022-01-25,0.33263456744430553,290.13750000000005,271.575,0.0,140.625,0.7925000000000001,0.0032525,3.9875000000000007,33.06666666666667,-98.47499996666669
2022-02-02,0.401923425719203,283.05,268.0375,2.075,142.0625,0.545,0.0025212500000000005,4.525,33.06666666666667,-98.47499996666669
2022-02-10,0.43071114172510266,292.9625,274.28749999999997,1.175,158.98750000000004,1.01,0.00371875,5.65,33.06666666666667,-98.47499996666669
2022-02-18,0.43263456744430556,283.95,270.7125,5.0,172.52500000000003,0.6112500000000001,0.0031162500000000005,4.7250000000000005,33.06666666666667,-98.47499996666669
2022-02-26,0.501923425719203,294.3875,276.00000000000006,0.0,177.6375,1.13375,0.004257500000000001,3.625,33.06666666666667,-98.47499996666669
2022-03-06,0.5307111417251027,287.53749999999997,269.825,0.3125,191.1125,0.63125,0.0031300000000000004,4.7625,33.06666666666667,-98.47499996666669
2022-03-14,0.5326345674443056,298.1875,277.3625,3.9250000000000003,213.5375,1.3775000000000002,0.00430875,6.1625000000000005,33.06666666666667,-98.47499996666669
2022-03-22,0.7307111417251028,298.45000000000005,279.57500000000005,1.2000000000000002,227.7,1.59125,0.00436875,4.812500000000001,33.06666666666667,-98.47499996666669
2022-03-30,0.7369740991117724,297.75,282.07500000000005,2.9625,248.8875,1.2350000000000003,0.00617375,4.912500000000001,33.06666666666667,-98.47499996666669
2022-04-07,1.0081863831058728,299.68749999999994,283.20000000000005,0.0,265.4375,1.68,0.00512,5.9,33.06666666666667,-98.47499996666669
2022-04-15,1.2081863831058728,301.32500000000005,287.55,0.05,271.27500000000003,1.6025000000000003,0.008001250000000001,7.0375000000000005,33.06666666666667,-98.47499996666669
2022-04-23,1.3495000138851116,298.1875,285.67499999999995,4.1625000000000005,238.3375,1.0037500000000001,0.0089125,6.4625,33.06666666666667,-98.47499996666669
2022-05-01,1.5774752413807702,302.275,286.33750000000003,5.8375,280.975,1.2112500000000002,0.010842500000000001,5.5875,33.06666666666667,-98.47499996666669
2022-05-09,1.6187888721600092,308.37500000000006,291.675,0.25,297.77500000000003,2.2925000000000004,0.010595,5.6625,33.06666666666667,-98.47499996666669
2022-05-17,1.6187888721600092,303.63750000000005,291.15,7.125000000000001,248.675,1.98125,0.0094975,6.4750000000000005,33.06666666666667,-98.47499996666669
2022-05-25,1.5495000138851116,305.6875,290.8125,0.6875,303.925,1.8525,0.011053750000000001,6.4625,33.06666666666667,-98.47499996666669
2022-06-02,1.6207122978792121,305.275,294.175,1.7375,297.2125000000001,1.5037499999999997,0.014137500000000002,3.9,33.06666666666667,-98.47499996666669
2022-06-10,1.5163727662117452,311.9875,297.3125,0.0,315.8875,3.27125,0.01109375,5.7749999999999995,33.06666666666667,-98.47499996666669
2022-06-18,1.4207122978792122,311.08750000000003,296.44999999999993,0.5625,315.5375,3.1312500000000005,0.01039375,3.6750000000000003,33.06666666666667,-98.47499996666669
2022-06-26,1.3557629712717814,308.23749999999995,293.7125,5.725,299.575,2.285,0.0115525,3.875,33.06666666666667,-98.47499996666669
2022-07-04,1.3168654464408063,312.6875,297.1,0.0,342.78749999999997,3.1900000000000004,0.012297500000000001,3.9750000000000005,33.06666666666667,-98.47499996666669
2022-07-12,1.1538395455525787,313.58750000000003,296.5875,0.0,339.56250000000006,3.51125,0.011286250000000001,3.8000000000000007,33.06666666666667,-98.47499996666669
2022-07-20,1.149500013885112,312.45000000000005,299.1875,0.8875000000000001,319.36250000000007,3.4225,0.0118425,4.562500000000001,33.06666666666667,-98.47499996666669
2022-07-28,1.047576588165909,312.20000000000005,299.8375,0.42500000000000004,305.3500000000001,3.3325,0.012487500000000002,4.4,33.06666666666667,-98.47499996666669
2022-08-05,1.047083907936848,311.07500000000005,297.0125,1.25,278.73750000000007,2.7212500000000004,0.013345000000000001,3.6750000000000007,33.06666666666667,-98.47499996666669
2022-08-13,1.0821345813294172,309.125,295.3625,0.4,275.125,2.17375,0.01388625,3.4625000000000004,33.06666666666667,-98.47499996666669
2022-08-21,1.1519161198333758,305.8125,295.33750000000003,3.1,227.51250000000002,1.3075,0.01627875,3.5625000000000004,33.06666666666667,-98.47499996666669
2022-08-29,1.2495000138851118,305.70000000000005,294.2625,8.275,217.2125,1.19375,0.016185,2.8874999999999997,33.06666666666667,-98.47499996666669
2022-09-06,1.2369740991117724,306.0125,291.1125,0.0,258.325,1.6875,0.011909999999999999,3.1500000000000004,33.06666666666667,-98.47499996666669
2022-09-14,1.149500013885112,308.52500000000003,293.76250000000005,0.0,252.3625,2.0125,0.013388750000000001,4.65,33.06666666666667,-98.47499996666669
2022-09-22,1.045160482217645,307.9875,288.725,0.0,243.4,2.5087499999999996,0.007656250000000001,3.2750000000000004,33.06666666666667,-98.47499996666669
2022-09-30,1.0101098088250757,304.2,283.85,0.0,200.64999999999998,2.08625,0.0052899999999999996,2.7375000000000003,33.06666666666667,-98.47499996666669
2022-10-08,0.9144493404925423,302.425,286.33750000000003,0.925,177.175,1.6675,0.007556250000000001,4.0125,33.06666666666667,-98.47499996666669
2022-10-24,0.843237056498442,294.85,280.9375,9.4375,143.66250000000002,0.75125,0.007090000000000001,4.487500000000001,33.06666666666667,-98.47499996666669
2022-11-01,0.7369740991117724,300.4125,283.73749999999995,0.6625,145.15,1.16,0.00859375,4.9125000000000005,33.06666666666667,-98.47499996666669
2022-11-09,0.703846851438406,288.52500000000003,274.725,0.45,120.88750000000002,0.52125,0.005365,4.487500000000001,33.06666666666667,-98.47499996666669
2022-11-17,0.6326345674443056,286.975,273.9,0.47500000000000003,113.33749999999999,0.44875000000000004,0.0045337500000000005,3.400000000000001,33.06666666666667,-98.47499996666669
2022-11-25,0.5369740991117724,289.8125,274.825,5.025,108.53750000000002,0.575,0.0052225,4.574999999999999,33.06666666666667,-98.47499996666669
2022-12-03,0.5307111417251027,291.51249999999993,282.67499999999995,5.725,97.16250000000001,0.40750000000000003,0.008320000000000001,3.3,33.06666666666667,-98.47499996666669
2022-12-11,0.43071114172510266,286.65,274.7625,2.0125,125.91250000000001,0.4600000000000001,0.0045850000000000005,4.175000000000001,33.06666666666667,-98.47499996666669
2022-12-19,0.43071114172510266,279.53749999999997,267.35,0.0,115.85000000000002,0.335,0.0026162500000000005,4.187500000000001,33.06666666666667,-98.47499996666669
2022-12-27,0.4000000000000001,292.58,276.0400000000001,0.0,122.05999999999999,0.874,0.004406000000000001,4.840000000000001,33.06666666666667,-98.47499996666669
