date,LAI,tmmx,tmmn,pr,srad,vpd,sph,vs,lat,lon
2000-02-18,0.12253455516864348,283.7875,273.675,2.475,110.6375,0.27625,0.004845,4.575,41.400000000000006,-93.09999996666669
2000-02-26,0.22253455516864348,286.15,273.6125,0.9750000000000001,157.125,0.5262499999999999,0.0035600000000000002,4.4,41.400000000000006,-93.09999996666669
2000-03-05,0.2791681600616243,287.8875,275.3,0.525,163.4,0.6175,0.00434875,4.799999999999999,41.400000000000006,-93.09999996666669
2000-03-13,0.3225345551686435,281.16249999999997,272.0125,1.3,135.32500000000002,0.30125,0.0033912499999999997,4.075,41.400000000000006,-93.09999996666669
2000-03-21,0.3390091664826089,290.4875,277.2125,0.21250000000000002,185.6625,0.6775,0.00476,4.8375,41.400000000000006,-93.09999996666669
2000-03-29,0.3257419566966473,288.8375,275.1125,0.2625,211.0375,0.7687499999999999,0.0032425,4.0875,41.400000000000006,-93.09999996666669
2000-04-06,0.48843550544430614,287.04999999999995,274.075,2.6500000000000004,200.81250000000003,0.6375000000000002,0.0031712500000000005,4.45,41.400000000000006,-93.09999996666669
2000-04-14,0.5676036655059304,293.1125,278.9625,5.6875,199.15,0.69125,0.00614375,4.65,41.400000000000006,-93.09999996666669
2000-04-22,0.645069110337287,293.77500000000003,279.87499999999994,0.675,235.1125,0.8999999999999999,0.0051487500000000005,3.225,41.400000000000006,-93.09999996666669
2000-04-30,0.8017027152302677,298.45,286.8375,0.08750000000000001,236.68750000000003,0.9712500000000001,0.009165,3.8625,41.400000000000006,-93.09999996666669
2000-05-08,0.9973454866058575,295.58750000000003,282.79999999999995,3.15,232.63750000000002,0.7925,0.007841250000000001,5.0625,41.400000000000006,-93.09999996666669
2000-05-16,1.074810931437214,297.7875,285.3375,2.925,236.03750000000002,0.97125,0.008441249999999999,3.6,41.400000000000006,-93.09999996666669
2000-05-24,1.231444536330195,298.875,287.4625,3.2500000000000004,222.22499999999997,1.0325000000000002,0.009593750000000002,4.0375000000000005,41.400000000000006,-93.09999996666669
2000-06-01,1.4051081456908032,299.43750000000006,285.71250000000003,2.025,284.2375,1.09375,0.009076250000000001,4.525,41.400000000000006,-93.09999996666669
2000-06-09,1.5259399856291789,301.34999999999997,290.05,10.412500000000001,234.01250000000005,0.9012500000000001,0.01280125,5.375,41.400000000000006,-93.09999996666669
2000-06-17,1.66324643688152,300.1125,287.90000000000003,8.5875,247.57500000000002,0.9050000000000001,0.011096250000000002,4.075000000000001,41.400000000000006,-93.09999996666669
2000-06-25,1.685428637868635,299.675,288.6125,6.575,268.525,0.70375,0.012213750000000002,3.2875000000000005,41.400000000000006,-93.09999996666669
2000-07-03,1.6852281039163022,304.01249999999993,295.225,7.8375,257.9375,0.8725,0.017025000000000002,3.2375000000000003,41.400000000000006,-93.09999996666669
2000-07-11,2.162850379016457,301.775,292.1625,1.85,252.92500000000004,0.845,0.014218750000000004,2.7375000000000003,41.400000000000006,-93.09999996666669
2000-07-19,1.916831975535096,298.86249999999995,287.22499999999997,1.3,270.375,0.77,0.010752500000000002,2.9375,41.400000000000006,-93.09999996666669
2000-07-27,2.055285748864043,300.4375,291.25,0.36250000000000004,237.525,0.785,0.013096250000000002,3.0125,41.400000000000006,-93.09999996666669
2000-08-04,1.3763156177349503,302.41249999999997,292.9375,4.3125,241.7125,0.81875,0.015048750000000001,3.1500000000000004,41.400000000000006,-93.09999996666669
2000-08-12,1.846018403481361,300.4625,290.5375,3.6625,227.76250000000002,0.61625,0.014236249999999999,4.062500000000001,41.400000000000006,-93.09999996666669
2000-08-20,1.7719608941303409,302.7375,291.63750000000005,0.37500000000000006,211.98749999999998,0.8950000000000001,0.014325000000000001,3.2624999999999997,41.400000000000006,-93.09999996666669
2000-08-28,1.4937395221929894,309.1375,292.98749999999995,0.375,221.87500000000003,2.0187500000000003,0.013788750000000002,4.0125,41.400000000000006,-93.09999996666669
2000-09-05,1.215921723180104,304.0625,287.3,0.0625,235.2375,1.5325,0.010183750000000002,4.7124999999999995,41.400000000000006,-93.09999996666669
2000-09-13,1.244513717183625,300.09999999999997,283.4125,2.475,208.7375,1.4200000000000004,0.00681875,4.4750000000000005,41.400000000000006,-93.09999996666669
2000-09-21,1.0598410064209847,290.4875,279.325,5.3,164.0625,0.37750000000000006,0.00704375,3.7375000000000007,41.400000000000006,-93.09999996666669
2000-09-29,0.5751682956583445,293.1375,282.59999999999997,2.2125000000000004,151.6375,0.795,0.00679625,4.7250000000000005,41.400000000000006,-93.09999996666669
2000-10-07,0.645069110337287,289.6625,275.65,0.3875,167.53750000000002,0.7225,0.0043775,4.225,41.400000000000006,-93.09999996666669
2000-10-15,0.4626935487476588,295.41249999999997,282.0,0.0,146.10000000000002,0.89375,0.0065725,3.2125,41.400000000000006,-93.09999996666669
2000-10-23,0.5017027152302678,295.2875,285.2625,1.9875000000000003,122.1375,0.7162499999999999,0.008476250000000001,4.2625,41.400000000000006,-93.09999996666669
2000-10-31,0.3390091664826089,288.59999999999997,278.15,4.825,88.875,0.43000000000000005,0.005971250000000001,5.062500000000001,41.400000000000006,-93.09999996666669
2000-11-08,0.3225345551686435,277.3375,268.275,0.5125,87.97500000000002,0.20125,0.0027125,4.175000000000001,41.400000000000006,-93.09999996666669
2000-11-16,0.22253455516864348,273.75,263.11249999999995,0.0,90.22500000000001,0.19,0.0017762500000000005,4.4624999999999995,41.400000000000006,-93.09999996666669
2000-11-24,0.2,278.08750000000003,268.375,0.4875,76.4875,0.20875,0.00282375,3.6875000000000004,41.400000000000006,-93.09999996666669
2000-12-02,0.13900916648260894,272.41249999999997,262.675,0.15000000000000002,81.86250000000001,0.11999999999999998,0.0019950000000000002,3.45,41.400000000000006,-93.09999996666669
2000-12-10,0.13900916648260894,265.59999999999997,254.8375,3.2375000000000003,76.1875,0.06625,0.0012599999999999998,4.5375000000000005,41.400000000000006,-93.09999996666669
2000-12-18,0.11647461131396546,260.6875,249.07500000000002,0.9500000000000001,82.42500000000001,0.045,0.0007850000000000001,3.9000000000000004,41.400000000000006,-93.09999996666669
2000-12-26,0.0,264.68333333333334,257.5,1.0333333333333334,68.11666666666667,0.06333333333333334,0.0011916666666666666,3.616666666666667,41.400000000000006,-93.09999996666669
2001-01-01,0.0,271.95000000000005,260.4,0.0625,94.82500000000002,0.09624999999999999,0.00198,3.525,41.400000000000006,-93.09999996666669
2001-01-09,0.0,275.38750000000005,267.90000000000003,1.75,83.36250000000001,0.11,0.0029237500000000006,3.4125000000000005,41.400000000000006,-93.09999996666669
2001-01-17,0.0,270.3125,260.27500000000003,0.0,110.30000000000001,0.0975,0.0017150000000000002,3.3000000000000003,41.400000000000006,-93.09999996666669
2001-01-25,0.0,272.07500000000005,262.2375,2.7,92.4625,0.07875000000000001,0.00227125,3.7750000000000004,41.400000000000006,-93.09999996666669
2001-02-02,0.0,271.11249999999995,260.3625,4.15,83.5875,0.06999999999999999,0.0020687500000000003,3.9625,41.400000000000006,-93.09999996666669
2001-02-10,0.0,271.4375,262.05,0.4625,98.83750000000002,0.15875,0.0016950000000000001,3.4000000000000004,41.400000000000006,-93.09999996666669
2001-02-18,0.0,272.38750000000005,263.4875,3.0375,109.3375,0.1225,0.00209875,4.3375,41.400000000000006,-93.09999996666669
2001-02-26,0.016474611313965458,272.425,262.8375,0.08750000000000001,151.58750000000003,0.115,0.00206375,3.5,41.400000000000006,-93.09999996666669
2001-03-06,0.08352538868603454,276.575,267.225,0.6875000000000001,161.65,0.13999999999999999,0.0029075,4.25,41.400000000000006,-93.09999996666669
2001-03-14,0.2,279.9875,270.25,3.6250000000000004,172.51250000000002,0.23125,0.00330125,3.5624999999999996,41.400000000000006,-93.09999996666669
2001-03-22,0.2,278.27500000000003,268.8125,0.65,180.4625,0.2525,0.00282375,4.1375,41.400000000000006,-93.09999996666669
2001-03-30,0.2835253886860346,289.575,276.0,1.625,160.4875,0.54125,0.00529,4.15,41.400000000000006,-93.09999996666669
2001-04-07,0.42253455516864347,293.975,281.425,7.025,201.0625,0.7400000000000001,0.00676,5.4750000000000005,41.400000000000006,-93.09999996666669
2001-04-15,0.45227888128837135,291.61250000000007,276.99999999999994,1.9500000000000002,238.6125,0.6974999999999999,0.005658750000000001,5.9625,41.400000000000006,-93.09999996666669
2001-04-23,0.639009166482609,296.6875,280.8,0.9750000000000001,219.675,1.00875,0.006337500000000001,5.1000000000000005,41.400000000000006,-93.09999996666669
2001-05-01,0.739009166482609,295.9875,285.4125,3.2625000000000006,217.1875,0.6525,0.00928,5.1375,41.400000000000006,-93.09999996666669
2001-05-09,0.8615437216512524,297.5625,286.63750000000005,8.425,248.43750000000006,0.7224999999999999,0.010466250000000002,4.737500000000001,41.400000000000006,-93.09999996666669
2001-05-17,1.0407118817128767,292.58750000000003,283.91249999999997,4.0875,199.4,0.63375,0.00786875,4.275,41.400000000000006,-93.09999996666669
2001-05-25,1.045069110337287,291.4375,281.6375,7.2250000000000005,197.33749999999998,0.46625000000000005,0.00742375,3.8500000000000005,41.400000000000006,-93.09999996666669
2001-06-02,1.239009166482609,295.7875,286.425,2.3125000000000004,238.2,0.6399999999999999,0.0097925,3.2125000000000004,41.400000000000006,-93.09999996666669
2001-06-10,1.1289493582246513,303.02500000000003,291.68749999999994,8.000000000000002,270.6375,1.0,0.013915,4.687499999999999,41.400000000000006,-93.09999996666669
2001-07-04,1.5416611748569506,303.925,292.675,0.0,310.7625,1.14125,0.01430625,3.0125,41.400000000000006,-93.09999996666669
2001-07-12,1.6130691808534299,302.26250000000005,292.5125,1.35,247.81250000000003,0.9225,0.014217500000000001,2.8375000000000004,41.400000000000006,-93.09999996666669
2001-07-20,1.6030093725954722,304.9875,295.05,2.6625,257.3875,1.04125,0.01683125,3.3375,41.400000000000006,-93.09999996666669
2001-07-28,1.8219816670347821,305.4,295.3,5.200000000000001,237.43750000000003,0.9050000000000001,0.01806125,3.3500000000000005,41.400000000000006,-93.09999996666669
2001-08-05,2.00245397944181,304.15000000000003,291.125,0.0,264.175,0.9625,0.014878750000000003,3.25,41.400000000000006,-93.09999996666669
2001-08-13,1.8249910396302544,299.825,286.675,2.0125,232.03750000000002,0.81625,0.01088625,3.45,41.400000000000006,-93.09999996666669
2001-08-21,1.8607928045848594,303.2,291.23749999999995,4.2625,210.575,0.9175000000000001,0.014536250000000002,3.4375000000000004,41.400000000000006,-93.09999996666669
2001-08-29,1.7998019710674682,303.975,287.3625,0.0625,229.3125,1.3362500000000002,0.01093375,3.7125000000000004,41.400000000000006,-93.09999996666669
2001-09-06,1.6331472515604626,298.2625,287.4,7.925000000000001,182.5875,0.70375,0.011016250000000002,3.6999999999999997,41.400000000000006,-93.09999996666669
2001-09-14,1.6329492226279307,293.1875,284.78749999999997,2.8750000000000004,127.88749999999999,0.425,0.009125000000000001,3.4124999999999996,41.400000000000006,-93.09999996666669
2001-09-22,1.2598410064209848,292.0125,279.4875,1.475,199.06250000000006,0.5700000000000001,0.00648375,3.4125,41.400000000000006,-93.09999996666669
2001-09-30,1.018177326544233,293.425,279.7,2.4125,162.35000000000002,0.7675,0.0061625000000000004,3.5,41.400000000000006,-93.09999996666669
2001-10-08,0.7823755615896282,291.26249999999993,279.77500000000003,2.15,135.2125,0.5175,0.006475000000000001,4.687500000000001,41.400000000000006,-93.09999996666669
2001-10-16,0.5852281039163023,291.0625,277.7125,3.7500000000000004,134.11249999999998,0.58875,0.005676250000000001,3.6125000000000003,41.400000000000006,-93.09999996666669
2001-10-24,0.3433663951070192,285.83750000000003,274.775,1.225,116.01250000000002,0.43125,0.004331250000000001,6.0875,41.400000000000006,-93.09999996666669
2001-11-01,0.2982972847697323,293.05,279.3125,0.0,115.575,0.7225000000000001,0.00591875,3.7875000000000005,41.400000000000006,-93.09999996666669
2001-11-09,0.3895828275209117,291.1875,277.57500000000005,0.30000000000000004,100.25,0.5475,0.0060825,4.125,41.400000000000006,-93.09999996666669
2001-11-17,0.3329492226279309,287.275,276.625,0.6375,82.26250000000002,0.39625000000000005,0.0052725,4.825,41.400000000000006,-93.09999996666669
2001-11-25,0.3329492226279309,281.3625,272.5125,1.125,75.0875,0.2475,0.0037825000000000007,4.175,41.400000000000006,-93.09999996666669
2001-12-03,0.29394005614532204,285.15,272.5875,0.4625,82.6875,0.38625,0.00411125,4.2,41.400000000000006,-93.09999996666669
2001-12-11,0.22253455516864348,281.6125,271.66249999999997,1.5375,73.3875,0.27625,0.003523750000000001,3.7625,41.400000000000006,-93.09999996666669
2001-12-19,0.20605994385467802,273.625,264.8,0.47500000000000003,70.78750000000001,0.22000000000000003,0.0018237500000000003,5.275,41.400000000000006,-93.09999996666669
2001-12-27,0.2,268.34000000000003,261.52,0.0,68.74000000000001,0.11000000000000001,0.0014920000000000003,4.64,41.400000000000006,-93.09999996666669
2002-01-01,0.1433663951070192,274.5375,262.375,0.0,82.50000000000001,0.1875,0.0019500000000000003,3.575,41.400000000000006,-93.09999996666669
2002-01-09,0.19394005614532198,281.0375,271.0875,0.037500000000000006,81.6125,0.3525,0.00286625,4.45,41.400000000000006,-93.09999996666669
2002-01-25,0.1433663951070192,280.22499999999997,268.875,1.5750000000000002,100.82499999999999,0.33249999999999996,0.00274125,4.237500000000001,41.400000000000006,-93.09999996666669
2002-02-02,0.21647461131396545,273.675,260.40000000000003,0.7,117.27500000000002,0.09875,0.0022162500000000003,3.4625000000000004,41.400000000000006,-93.09999996666669
2002-02-10,0.17916816006162428,279.4125,268.975,0.3125,132.01250000000002,0.25,0.0029050000000000005,5.2124999999999995,41.400000000000006,-93.09999996666669
2002-02-18,0.17916816006162428,284.97499999999997,273.15,1.1875,89.075,0.4475,0.0036712500000000005,5.5625,41.400000000000006,-93.09999996666669
2002-02-26,0.1,272.3125,261.675,0.41250000000000003,121.50000000000001,0.20125000000000004,0.00148875,5.737500000000002,41.400000000000006,-93.09999996666669
2002-03-06,0.1433663951070192,282.85,268.95000000000005,1.0375,162.43750000000003,0.37250000000000005,0.0031175000000000005,4.837500000000001,41.400000000000006,-93.09999996666669
2002-03-14,0.19394005614532198,283.45,271.175,0.55,168.00000000000003,0.42500000000000004,0.0031312500000000004,4.825,41.400000000000006,-93.09999996666669
2002-03-22,0.21647461131396545,280.9375,267.41249999999997,0.8,193.05,0.4275,0.0022525,4.6375,41.400000000000006,-93.09999996666669
2002-03-30,0.20605994385467802,281.55,269.96250000000003,0.75,179.4375,0.425,0.00244,4.9,41.400000000000006,-93.09999996666669
2002-04-07,0.5017027152302678,292.03749999999997,278.95,5.625,196.28750000000002,0.6799999999999999,0.0058975,4.4625,41.400000000000006,-93.09999996666669
2002-04-15,0.6017027152302679,294.6,282.925,2.5625,204.35000000000002,0.9225,0.007181250000000001,6.000000000000001,41.400000000000006,-93.09999996666669
2002-04-23,0.6895853325407126,288.3625,275.9125,6.0375,184.2125,0.5000000000000001,0.004835000000000001,5.275,41.400000000000006,-93.09999996666669
2002-05-01,0.803204896508203,295.98749999999995,282.4625,3.5875000000000004,244.775,0.8775000000000001,0.007490000000000001,5.1000000000000005,41.400000000000006,-93.09999996666669
2002-05-09,1.0944929442791833,293.075,280.0125,6.8125,224.99999999999997,0.7075000000000001,0.006108750000000001,5.3375,41.400000000000006,-93.09999996666669
2002-05-17,1.2319974244640561,290.7875,279.72499999999997,1.2875,235.10000000000002,0.67125,0.00541375,4.625,41.400000000000006,-93.09999996666669
2002-05-25,1.2842788107722285,300.70000000000005,288.54999999999995,5.0875,258.26249999999993,1.10125,0.010585,3.6624999999999996,41.400000000000006,-93.09999996666669
2002-06-02,1.5380573683187342,301.11249999999995,288.95,2.025,266.55,0.8625,0.01229375,4.3125,41.400000000000006,-93.09999996666669
2002-06-10,1.8155228131500907,299.3375,288.87500000000006,8.912500000000001,258.975,0.8525,0.0112825,4.2125,41.400000000000006,-93.09999996666669
2002-06-18,1.8647876589485373,304.5249999999999,292.75,0.0,298.2875,1.18375,0.014297500000000001,4.9625,41.400000000000006,-93.09999996666669
2002-06-26,2.0471657255579663,305.475,293.3875,0.6,296.6625,1.3025000000000002,0.01459375,4.2,41.400000000000006,-93.09999996666669
2002-07-04,1.9605897656127262,303.16249999999997,294.3125,9.100000000000001,220.11249999999998,0.8400000000000002,0.01632375,3.1250000000000004,41.400000000000006,-93.09999996666669
2002-07-12,2.397147457673326,301.8,290.59999999999997,0.35000000000000003,265.02500000000003,0.79625,0.014002500000000001,2.7499999999999996,41.400000000000006,-93.09999996666669
2002-07-20,2.2361566241559343,306.32500000000005,293.0375,2.2125000000000004,288.275,1.3250000000000002,0.015348750000000001,4.0,41.400000000000006,-93.09999996666669
2002-07-28,2.458138291190717,306.55,292.9875,1.2625000000000002,266.525,1.475,0.014556250000000001,4.3,41.400000000000006,-93.09999996666669
2002-08-05,2.44772362373143,302.7250000000001,290.72499999999997,3.1750000000000003,233.65000000000003,1.2474999999999998,0.011966250000000001,3.8125,41.400000000000006,-93.09999996666669
2002-08-13,2.110417172479088,298.5,286.96250000000003,3.6625000000000005,221.2125,0.58125,0.01172625,4.2125,41.400000000000006,-93.09999996666669
2002-08-21,1.9498177339323082,301.03749999999997,292.2875,4.775,220.6125,0.635,0.014881250000000002,2.925,41.400000000000006,-93.09999996666669
2002-08-29,1.7653455571220005,303.6125,288.5,0.1,240.97500000000002,1.22625,0.01169625,3.812500000000001,41.400000000000006,-93.09999996666669
2002-09-06,1.4401589935790153,304.0,288.48749999999995,0.0,209.06250000000003,1.6700000000000002,0.00958875,3.325,41.400000000000006,-93.09999996666669
2002-09-14,1.2791681600616243,298.4125,286.2625,7.237500000000001,174.02500000000003,0.75875,0.01032125,3.6375,41.400000000000006,-93.09999996666669
2002-09-22,0.9147718960836977,295.7625,281.6875,0.0,192.07500000000002,0.8024999999999999,0.00747375,3.9875000000000003,41.400000000000006,-93.09999996666669
2002-09-30,0.8418617088092831,294.3,282.6375,7.4125000000000005,138.07500000000002,0.6275,0.0083875,4.800000000000001,41.400000000000006,-93.09999996666669
2002-10-08,0.768750987582536,291.625,277.275,0.0,149.4375,0.65375,0.005488750000000001,4.0875,41.400000000000006,-93.09999996666669
2002-10-16,0.6181773265442332,284.4625,274.38749999999993,0.5125000000000001,123.85000000000001,0.43625,0.00379,3.6625000000000005,41.400000000000006,-93.09999996666669
2002-10-24,0.5390091664826089,279.61250000000007,273.875,3.8875,63.91250000000001,0.1725,0.004007500000000001,3.4875000000000003,41.400000000000006,-93.09999996666669
2002-11-01,0.39564277137558973,281.91249999999997,270.1,0.425,98.67500000000001,0.2725,0.0036012500000000003,3.8125000000000004,41.400000000000006,-93.09999996666669
2002-11-09,0.3225345551686435,283.4875,271.9375,0.037500000000000006,87.825,0.31375000000000003,0.00401375,3.825,41.400000000000006,-93.09999996666669
2002-11-17,0.2835253886860346,281.3875,270.8,0.0,80.3125,0.32375,0.0031275000000000005,3.9124999999999996,41.400000000000006,-93.09999996666669
2002-11-25,0.2433663951070192,276.65000000000003,266.575,0.0,81.80000000000001,0.26125,0.0021212500000000003,4.6875,41.400000000000006,-93.09999996666669
2002-12-03,0.27310821620694625,276.0625,264.225,0.0,82.275,0.2375,0.0019612500000000003,3.6125000000000003,41.400000000000006,-93.09999996666669
2002-12-11,0.2791681600616243,282.82499999999993,270.9875,0.15000000000000002,79.275,0.27375,0.0038075,4.325,41.400000000000006,-93.09999996666669
2002-12-19,0.21647461131396545,276.16249999999997,267.8375,0.0,75.55,0.28875,0.0019562500000000005,4.875,41.400000000000006,-93.09999996666669
2002-12-27,0.2,279.08000000000004,268.2,0.0,87.72,0.248,0.0028060000000000003,3.5800000000000005,41.400000000000006,-93.09999996666669
2003-01-01,0.12253455516864348,279.05,268.54999999999995,0.037500000000000006,84.17500000000001,0.33625,0.0023450000000000003,4.025,41.400000000000006,-93.09999996666669
2003-01-09,0.1433663951070192,271.675,262.075,0.45,87.2625,0.23125,0.0012037500000000002,5.050000000000001,41.400000000000006,-93.09999996666669
2003-01-17,0.12253455516864348,265.90000000000003,256.2875,0.0625,84.67500000000001,0.09874999999999999,0.00110125,4.1000000000000005,41.400000000000006,-93.09999996666669
2003-01-25,0.1,273.5,262.4625,1.0500000000000003,87.9375,0.14750000000000002,0.0020375000000000002,3.8125,41.400000000000006,-93.09999996666669
2003-02-02,0.10605994385467801,272.875,261.41249999999997,0.675,94.05000000000001,0.14750000000000002,0.0018675,4.8125,41.400000000000006,-93.09999996666669
2003-02-10,0.1,274.075,261.15000000000003,3.0250000000000004,113.3125,0.17375000000000002,0.00181125,4.675,41.400000000000006,-93.09999996666669
2003-02-18,0.1,272.875,263.0,0.08750000000000001,119.28750000000002,0.16000000000000003,0.00192125,4.2375,41.400000000000006,-93.09999996666669
2003-02-26,0.1,272.575,262.41249999999997,1.425,128.0125,0.15750000000000003,0.0017837500000000002,3.2125000000000004,41.400000000000006,-93.09999996666669
2003-03-06,0.2,273.09999999999997,262.4625,0.1375,144.32500000000002,0.16,0.001975,3.7000000000000006,41.400000000000006,-93.09999996666669
2003-03-14,0.21647461131396545,290.4125,276.52500000000003,0.7375,166.26250000000002,0.6312500000000001,0.0050525,5.1625000000000005,41.400000000000006,-93.09999996666669
2003-03-22,0.22253455516864348,288.66249999999997,276.225,0.55,166.21249999999998,0.76375,0.003445,4.625,41.400000000000006,-93.09999996666669
2003-03-30,0.3164746113139655,289.7125,276.67500000000007,1.2875,182.3875,0.79875,0.00439625,5.3,41.400000000000006,-93.09999996666669
2003-04-07,0.3225345551686435,288.6875,275.1125,0.7375,215.6125,0.795,0.004030000000000001,4.262500000000001,41.400000000000006,-93.09999996666669
2003-04-15,0.38237556158962815,291.8125,281.9375,4.3,189.25,0.73875,0.006047500000000001,5.3500000000000005,41.400000000000006,-93.09999996666669
2003-04-23,0.5554837777965744,292.2625,280.775,5.725,195.33750000000003,0.75125,0.005740000000000001,4.4,41.400000000000006,-93.09999996666669
2003-05-01,0.7407118817128767,291.975,282.46250000000003,9.937500000000002,196.31250000000003,0.505,0.007445,4.6375,41.400000000000006,-93.09999996666669
2003-05-09,0.9407118817128768,294.4875,282.77500000000003,3.3875,232.4,0.65625,0.007810000000000001,4.8875,41.400000000000006,-93.09999996666669
2003-05-17,0.8812257344932217,293.8375,282.6375,0.4375,240.03750000000002,0.6425,0.007622500000000001,3.6375000000000006,41.400000000000006,-93.09999996666669
2003-05-25,1.2213847280722372,297.325,284.8875,0.8625,274.52500000000003,1.11125,0.0070075,3.875000000000001,41.400000000000006,-93.09999996666669
2003-06-02,1.1015046862977362,293.975,284.925,3.975,201.1875,0.62875,0.00833125,3.3250000000000006,41.400000000000006,-93.09999996666669
2003-06-10,1.2738616382931403,301.8125,290.475,2.3375,292.0375,1.13375,0.011532500000000003,2.3625000000000003,41.400000000000006,-93.09999996666669
2003-06-18,1.6181773265442332,302.95000000000005,289.33750000000003,9.0625,273.6625,1.1424999999999998,0.01227,5.0625,41.400000000000006,-93.09999996666669
2003-06-26,1.6719608941303405,301.25,289.525,1.0125000000000002,311.21250000000003,0.9837499999999999,0.01184375,3.4125,41.400000000000006,-93.09999996666669
2003-07-04,1.9520783473360388,301.95,293.71250000000003,10.775000000000002,273.6625,0.65,0.01623,3.4625,41.400000000000006,-93.09999996666669
2003-07-12,1.981820168435966,302.625,290.375,0.225,313.5375,0.8737499999999999,0.013883750000000002,3.2375000000000003,41.400000000000006,-93.09999996666669
2003-07-20,2.009658740353293,304.03749999999997,290.36250000000007,1.425,297.2875,1.495,0.011583750000000002,4.300000000000001,41.400000000000006,-93.09999996666669
2003-07-28,1.924036736446579,301.83750000000003,290.1625,1.05,266.65000000000003,1.0525,0.011966250000000001,2.7000000000000006,41.400000000000006,-93.09999996666669
2003-08-05,1.991087513818648,301.1625,288.76250000000005,0.5875,235.025,0.7250000000000001,0.01299625,3.3625000000000003,41.400000000000006,-93.09999996666669
2003-08-13,1.749426338961697,307.0375,294.18749999999994,0.8875000000000001,239.625,1.64875,0.014365000000000001,3.6125,41.400000000000006,-93.09999996666669
2003-08-21,1.7060599438546782,307.45,292.3125,0.0,239.87500000000003,1.9,0.01241625,4.075000000000001,41.400000000000006,-93.09999996666669
2003-08-29,1.4433663951070193,300.3125,286.8875,0.8125,218.65,1.16375,0.009412500000000002,3.6000000000000005,41.400000000000006,-93.09999996666669
2003-09-06,1.0598410064209847,301.95,288.2625,11.700000000000001,202.3125,1.205,0.010632500000000001,4.5,41.400000000000006,-93.09999996666669
2003-09-14,1.1270898127255855,294.725,281.35,3.325,202.9,0.6150000000000001,0.00790875,4.675000000000001,41.400000000000006,-93.09999996666669
2003-09-22,1.0017027152302678,291.1,279.63749999999993,0.08750000000000001,177.1625,0.6024999999999999,0.00586125,4.575,41.400000000000006,-93.09999996666669
2003-09-30,0.8600390353535163,293.7125,277.2875,0.0,186.3375,0.8799999999999999,0.00518375,3.7125000000000004,41.400000000000006,-93.09999996666669
2003-10-08,0.6242372703989113,295.52500000000003,280.87499999999994,3.4125,156.85000000000005,0.7875000000000001,0.0070837500000000015,4.2,41.400000000000006,-93.09999996666669
2003-10-16,0.6017027152302679,295.11250000000007,280.2625,0.037500000000000006,150.225,0.9975,0.00562625,3.2624999999999993,41.400000000000006,-93.09999996666669
2003-10-24,0.4280391058696593,286.36249999999995,275.66249999999997,0.7375,116.73750000000001,0.4925,0.004175,4.3500000000000005,41.400000000000006,-93.09999996666669
2003-11-01,0.3225320501488427,279.625,272.31250000000006,12.675,86.95,0.24250000000000002,0.00346875,3.2625000000000006,41.400000000000006,-93.09999996666669
2003-11-09,0.3390091664826089,283.2875,273.425,0.25,84.69999999999999,0.30875,0.00412125,4.525,41.400000000000006,-93.09999996666669
2003-11-17,0.3104146674592875,283.525,272.5875,2.4750000000000005,82.66250000000001,0.31875000000000003,0.004151250000000001,5.5375,41.400000000000006,-93.09999996666669
2003-11-25,0.23900916648260895,279.45,269.1625,0.525,80.05000000000001,0.32999999999999996,0.0024825,4.85,41.400000000000006,-93.09999996666669
2003-12-03,0.23900916648260895,275.66249999999997,269.375,2.55,64.775,0.09125000000000001,0.003213750000000001,5.05,41.400000000000006,-93.09999996666669
2003-12-11,0.21647461131396545,273.28749999999997,266.2125,0.125,74.88750000000002,0.09,0.0025825,4.5625,41.400000000000006,-93.09999996666669
2003-12-19,0.2,276.4125,268.17499999999995,0.0,82.51250000000002,0.17375000000000002,0.00275625,4.375,41.400000000000006,-93.09999996666669
2003-12-27,0.11647461131396546,280.71999999999997,271.44,0.52,75.56,0.256,0.003484,4.92,41.400000000000006,-93.09999996666669
2004-01-01,0.1,272.8,260.73749999999995,0.9000000000000001,73.8625,0.19375000000000006,0.0019625,4.8,41.400000000000006,-93.09999996666669
2004-01-09,0.1,274.95,267.0625,1.8250000000000002,88.7125,0.16999999999999998,0.0023750000000000004,3.6125000000000003,41.400000000000006,-93.09999996666669
2004-01-17,0.12253455516864348,272.325,262.175,0.0,90.05000000000001,0.15999999999999998,0.0017649999999999999,4.5125,41.400000000000006,-93.09999996666669
2004-01-25,0.1,264.6875,256.16249999999997,1.0625,87.86250000000001,0.085,0.0011475,4.325,41.400000000000006,-93.09999996666669
2004-02-02,0.1,272.0375,263.675,1.6625,99.125,0.1375,0.0019162500000000002,4.775000000000001,41.400000000000006,-93.09999996666669
2004-02-10,0.1,271.175,261.0875,0.0,126.92500000000001,0.1325,0.0016787500000000001,3.875,41.400000000000006,-93.09999996666669
2004-02-18,0.12253455516864348,277.775,270.5125,1.3625000000000003,130.5375,0.18625,0.0031112500000000003,3.725,41.400000000000006,-93.09999996666669
2004-02-26,0.17916816006162428,283.58750000000003,274.26250000000005,3.25,123.53750000000001,0.29625000000000007,0.00427375,4.637500000000001,41.400000000000006,-93.09999996666669
2004-03-05,0.21647461131396545,282.0625,271.13750000000005,1.1500000000000001,175.63750000000005,0.36000000000000004,0.0030737500000000005,5.512500000000001,41.400000000000006,-93.09999996666669
2004-03-13,0.22253455516864348,280.55,271.4875,3.3375,167.70000000000002,0.275,0.0033625,5.2,41.400000000000006,-93.09999996666669
2004-03-21,0.3390091664826089,289.59999999999997,278.375,2.6500000000000004,181.35,0.5125,0.00641625,5.2,41.400000000000006,-93.09999996666669
2004-03-29,0.4329492226279309,286.525,273.85,0.0,208.91250000000002,0.59,0.0032812500000000007,3.9000000000000004,41.400000000000006,-93.09999996666669
2004-04-06,0.5329492226279309,288.4625,275.425,0.0,221.97500000000002,0.7737499999999999,0.0032250000000000004,3.5625,41.400000000000006,-93.09999996666669
2004-04-14,0.7017027152302678,296.85,282.0625,4.5375000000000005,225.7625,1.0475,0.00666625,5.6000000000000005,41.400000000000006,-93.09999996666669
2004-04-22,0.6554862828163752,292.8625,279.6875,0.5125000000000001,217.81250000000003,0.86375,0.00514,5.275,41.400000000000006,-93.09999996666669
2004-04-30,0.8049101167582716,291.8,280.1125,0.7500000000000001,211.375,0.6637500000000001,0.00630625,4.312500000000001,41.400000000000006,-93.09999996666669
2004-05-08,0.9944954492989843,295.9875,285.3875,3.8249999999999997,232.4875,0.73625,0.0092175,4.75,41.400000000000006,-93.09999996666669
2004-05-16,0.9022971491730121,299.55,287.55,9.3125,256.5625,0.7562500000000001,0.011491250000000001,4.7749999999999995,41.400000000000006,-93.09999996666669
2004-05-24,1.3017027152302678,297.02500000000003,284.22499999999997,10.850000000000001,250.125,0.7100000000000001,0.009156250000000001,4.887500000000001,41.400000000000006,-93.09999996666669
2004-06-01,1.445069110337287,299.35,287.85,0.0,256.4,0.84,0.01119875,4.5375,41.400000000000006,-93.09999996666669
2004-06-09,1.5225345551686436,302.3375,292.5125,7.9875,251.25000000000003,0.8750000000000001,0.014432500000000001,3.85,41.400000000000006,-93.09999996666669
2004-06-17,1.6329492226279307,295.875,286.1125,0.825,219.45000000000002,0.63625,0.009590000000000001,3.475,41.400000000000006,-93.09999996666669
2004-06-25,1.8467718255675547,298.3,287.46250000000003,2.5625,266.7875,0.7987500000000001,0.010405000000000001,2.9250000000000003,41.400000000000006,-93.09999996666669
2004-07-03,1.7543780015288517,299.7375,290.875,3.7875,262.87500000000006,0.5475000000000001,0.014085000000000002,3.2875000000000005,41.400000000000006,-93.09999996666669
2004-07-11,1.935961100243204,301.6625,291.7125,3.2125,277.425,0.6487499999999999,0.015057500000000001,2.925,41.400000000000006,-93.09999996666669
2004-07-19,2.04146565094422,299.88749999999993,289.8,3.9875000000000007,246.9875,0.62625,0.0136825,2.9000000000000004,41.400000000000006,-93.09999996666669
2004-07-27,1.9545348317976496,301.8625,290.325,11.05,255.8375,0.7862500000000001,0.013903750000000001,3.325,41.400000000000006,-93.09999996666669
2004-08-04,1.696044186425404,296.1,286.04999999999995,0.275,248.275,0.5075000000000001,0.0105,3.9250000000000007,41.400000000000006,-93.09999996666669
2004-08-12,1.808516428316289,296.5,285.1375,1.2625,225.4875,0.72625,0.00925625,3.0000000000000004,41.400000000000006,-93.09999996666669
2004-08-20,1.801504686297736,300.92499999999995,289.5875,8.2375,210.83749999999998,0.6912500000000001,0.013631250000000001,3.7125000000000004,41.400000000000006,-93.09999996666669
2004-08-28,1.7659009502756629,299.3875,287.96250000000003,0.75,230.675,0.6737500000000001,0.011993750000000001,3.3625000000000007,41.400000000000006,-93.09999996666669
2004-09-05,1.6450691103372868,298.8875,286.3,2.25,232.375,0.7350000000000001,0.010807500000000001,4.5375,41.400000000000006,-93.09999996666669
2004-09-13,1.345069110337287,300.75,286.97499999999997,1.2125,211.6875,0.91625,0.01100375,5.5,41.400000000000006,-93.09999996666669
2004-09-21,1.1407118817128767,299.1875,284.15,0.037500000000000006,205.91250000000002,1.16125,0.007545000000000001,3.8750000000000004,41.400000000000006,-93.09999996666669
2004-09-29,0.9034054304605356,292.6125,276.27500000000003,1.125,179.525,0.8387500000000001,0.00451625,4.2375,41.400000000000006,-93.09999996666669
2004-10-07,0.7973454866058575,291.28749999999997,280.98749999999995,0.8500000000000001,138.1875,0.69375,0.005882500000000001,3.8500000000000005,41.400000000000006,-93.09999996666669
2004-10-15,0.39564277137558973,287.7875,277.50000000000006,2.1500000000000004,130.5125,0.39499999999999996,0.005690000000000001,5.275,41.400000000000006,-93.09999996666669
2004-10-23,0.49564277137558976,292.1375,282.6875,2.7875000000000005,115.89999999999999,0.51,0.00771125,5.425000000000001,41.400000000000006,-93.09999996666669
2004-10-31,0.3670507773720691,287.2,275.78749999999997,3.5125,108.32500000000002,0.49000000000000005,0.00445375,4.2125,41.400000000000006,-93.09999996666669
2004-11-08,0.3164746113139655,283.7875,271.56249999999994,0.575,92.50000000000001,0.39375,0.0034962500000000002,4.062500000000001,41.400000000000006,-93.09999996666669
2004-11-16,0.3164746113139655,285.225,278.7625,1.85,54.60000000000001,0.22,0.006185000000000001,3.5749999999999997,41.400000000000006,-93.09999996666669
2004-11-24,0.21647461131396545,277.5625,268.55,0.8,66.95,0.19375,0.00285125,3.6375,41.400000000000006,-93.09999996666669
2004-12-02,0.2,281.825,271.3125,2.0,83.475,0.295,0.0034725000000000003,3.4375000000000004,41.400000000000006,-93.09999996666669
2004-12-10,0.2,277.8875,268.1875,0.037500000000000006,75.775,0.31875,0.00213,5.687500000000001,41.400000000000006,-93.09999996666669
2004-12-18,0.2,270.33750000000003,260.075,0.125,72.2125,0.19249999999999998,0.00124,4.987500000000001,41.400000000000006,-93.09999996666669
2004-12-26,0.2,280.51666666666665,268.8833333333333,0.08333333333333333,73.86666666666666,0.25333333333333335,0.0035066666666666666,3.9166666666666674,41.400000000000006,-93.09999996666669
2005-01-01,0.0,272.05,264.8625,2.875,64.86250000000001,0.14625000000000002,0.0021437500000000003,4.487500000000001,41.400000000000006,-93.09999996666669
2005-01-09,0.016474611313965458,268.15000000000003,261.0375,0.5625,84.58750000000002,0.08499999999999999,0.00173875,3.2375000000000003,41.400000000000006,-93.09999996666669
2005-01-17,0.02253455516864348,271.1125,262.75,0.0625,94.2125,0.11249999999999999,0.0019525000000000002,4.4625,41.400000000000006,-93.09999996666669
2005-01-25,0.1,273.9875,268.7375,0.0,86.7,0.11374999999999999,0.0027425,2.7375,41.400000000000006,-93.09999996666669
2005-02-02,0.1,279.6625,269.75,1.3125,87.28750000000001,0.2175,0.0033462500000000007,4.0375000000000005,41.400000000000006,-93.09999996666669
2005-02-10,0.12253455516864348,278.1875,268.75,2.1125000000000003,107.47500000000001,0.195,0.0029787500000000005,3.6875000000000004,41.400000000000006,-93.09999996666669
2005-02-18,0.17916816006162428,278.875,269.77500000000003,0.4,99.47500000000001,0.23374999999999999,0.0029637500000000002,2.9125,41.400000000000006,-93.09999996666669
2005-02-26,0.2,277.525,266.66249999999997,0.25,147.475,0.22,0.0025925,4.325,41.400000000000006,-93.09999996666669
2005-03-06,0.22253455516864348,281.65,270.1375,0.30000000000000004,147.00000000000003,0.4650000000000001,0.0024000000000000002,5.45,41.400000000000006,-93.09999996666669
2005-03-14,0.22253455516864348,282.4625,270.3875,0.125,156.3625,0.4375,0.00263875,4.237500000000001,41.400000000000006,-93.09999996666669
2005-03-22,0.42253455516864347,285.8,272.87500000000006,2.1,163.1875,0.49874999999999997,0.0037387500000000003,4.387500000000001,41.400000000000006,-93.09999996666669
2005-03-30,0.47916816006162427,292.75,278.125,5.2625,211.96250000000003,0.795,0.0052925,4.9625,41.400000000000006,-93.09999996666669
2005-04-07,0.5956427713755899,293.55,281.1875,6.2,224.56250000000006,0.8362499999999999,0.0059450000000000015,4.85,41.400000000000006,-93.09999996666669
2005-04-15,0.674810931437214,295.95000000000005,282.65,5.1,209.03750000000002,0.91625,0.006936250000000001,4.875,41.400000000000006,-93.09999996666669
2005-04-23,0.7554837777965744,285.5625,275.78749999999997,1.25,186.25,0.6,0.0031625,4.9125,41.400000000000006,-93.09999996666669
2005-05-01,0.8077626590849457,292.08750000000003,279.4125,0.3375,247.70000000000002,0.8275,0.0055225000000000005,5.312500000000001,41.400000000000006,-93.09999996666669
2005-05-09,0.8808708752918921,294.36250000000007,282.81249999999994,8.425,222.41250000000002,0.7212500000000001,0.007496250000000001,5.199999999999999,41.400000000000006,-93.09999996666669
2005-05-17,1.0242372703989113,298.5125,285.6375,0.7250000000000001,267.45,1.0675000000000001,0.008170000000000002,4.8375,41.400000000000006,-93.09999996666669
2005-05-25,1.2615437216512526,296.1625,283.3625,0.8875,239.6,0.9375,0.006936250000000001,3.9000000000000004,41.400000000000006,-93.09999996666669
2005-06-02,1.0736661143804094,302.35,290.5625,6.675000000000001,274.925,1.05375,0.012558750000000002,4.45,41.400000000000006,-93.09999996666669
2005-06-10,1.0674056365733988,300.1125,290.1875,2.9375,269.06250000000006,0.9874999999999999,0.01124375,4.0625,41.400000000000006,-93.09999996666669
2005-06-18,1.5394030664730205,303.5875,290.35,1.4000000000000001,301.28749999999997,1.24875,0.0123675,3.7,41.400000000000006,-93.09999996666669
2005-06-26,1.7774604347917549,302.6125,291.6,2.025,286.3125,1.05,0.013402500000000001,4.5375000000000005,41.400000000000006,-93.09999996666669
2005-07-04,2.2878851223302457,301.63750000000005,290.6125,2.325,303.37500000000006,1.02,0.01223625,3.0500000000000003,41.400000000000006,-93.09999996666669
2005-07-12,2.4833273597535035,305.875,292.82500000000005,2.2,304.325,1.5612500000000002,0.01321125,3.3625000000000003,41.400000000000006,-93.09999996666669
2005-07-20,2.3019007441627997,306.83750000000003,293.9875,5.425000000000001,265.5375,1.705,0.014526250000000003,4.5375000000000005,41.400000000000006,-93.09999996666669
2005-07-28,2.3060599438546783,303.96250000000003,291.34999999999997,1.3,264.08750000000003,1.3475,0.012413750000000001,4.425,41.400000000000006,-93.09999996666669
2005-08-05,2.300951798163875,304.7875,291.34999999999997,4.65,239.83749999999998,1.5025,0.012133749999999999,2.6250000000000004,41.400000000000006,-93.09999996666669
2005-08-13,2.1581407962105175,300.0,290.05,1.6125,225.35000000000002,0.69375,0.01344125,2.8875000000000006,41.400000000000006,-93.09999996666669
2005-08-21,1.7327536987152001,300.475,289.43749999999994,0.6625,206.66250000000002,0.90625,0.0118325,3.2500000000000004,41.400000000000006,-93.09999996666669
2005-08-29,1.6263363906393917,304.75000000000006,287.34999999999997,0.8875000000000001,245.22500000000002,1.75375,0.00882,3.45,41.400000000000006,-93.09999996666669
2005-09-06,1.2477236237314298,303.19999999999993,290.375,3.5875000000000004,196.53750000000002,1.255,0.01179125,4.3125,41.400000000000006,-93.09999996666669
2005-09-14,1.1852281039163024,299.9125,285.46250000000003,0.4625,206.3875,1.0275,0.009586250000000001,3.4125000000000005,41.400000000000006,-93.09999996666669
2005-09-22,0.8285944990233214,296.1625,284.375,2.9124999999999996,177.91250000000002,0.68375,0.009396250000000002,4.125,41.400000000000006,-93.09999996666669
2005-09-30,0.806059943854678,297.05,283.09999999999997,0.9375000000000001,169.325,0.84625,0.00914875,5.8500000000000005,41.400000000000006,-93.09999996666669
2005-10-08,0.6285944990233215,292.95,278.8125,0.3375,158.78750000000002,0.78125,0.0055525,3.1375,41.400000000000006,-93.09999996666669
2005-10-16,0.5225345551686436,290.9875,279.73749999999995,1.8125000000000002,121.7,0.83375,0.00502875,4.35,41.400000000000006,-93.09999996666669
2005-10-24,0.2956452763953906,286.525,275.6875,0.07500000000000001,122.6,0.48125,0.004235,3.6250000000000004,41.400000000000006,-93.09999996666669
2005-11-01,0.3104146674592875,291.675,277.4125,0.8250000000000001,114.1625,0.6937500000000001,0.0050725,4.1375,41.400000000000006,-93.09999996666669
2005-11-09,0.22253455516864348,284.4625,272.8125,2.225,88.55000000000001,0.45000000000000007,0.00371625,6.2875000000000005,41.400000000000006,-93.09999996666669
2005-11-17,0.20605994385467802,278.27500000000003,269.08750000000003,0.07500000000000001,85.10000000000001,0.24125000000000002,0.002825,4.3375,41.400000000000006,-93.09999996666669
2005-11-25,0.22253455516864348,276.3375,267.02500000000003,1.6625,66.625,0.17875000000000002,0.002906250000000001,4.875000000000001,41.400000000000006,-93.09999996666669
2005-12-03,0.20170271523026778,266.78749999999997,257.70000000000005,1.7625000000000002,76.01250000000002,0.0625,0.00145,3.6374999999999997,41.400000000000006,-93.09999996666669
2005-12-11,0.10605994385467801,272.675,267.8125,1.2375000000000003,61.412499999999994,0.115,0.00248625,4.2250000000000005,41.400000000000006,-93.09999996666669
2005-12-19,0.1,273.42499999999995,265.7125,0.125,82.57500000000002,0.1075,0.0024950000000000003,3.2625000000000006,41.400000000000006,-93.09999996666669
2005-12-27,0.1,275.91999999999996,270.3,0.0,74.36,0.14,0.003062,3.84,41.400000000000006,-93.09999996666669
2006-01-01,0.12253455516864348,278.4,270.7375,0.9375000000000001,80.55,0.14250000000000002,0.00355625,4.4125,41.400000000000006,-93.09999996666669
2006-01-09,0.13730645125234117,279.09999999999997,270.1875,0.0,91.8375,0.22249999999999998,0.0031225000000000003,4.3625,41.400000000000006,-93.09999996666669
2006-01-17,0.1329492226279309,278.78749999999997,269.6125,0.41250000000000003,94.78750000000001,0.23375,0.002925,4.5375000000000005,41.400000000000006,-93.09999996666669
2006-01-25,0.1329492226279309,282.475,272.98749999999995,1.3375000000000001,94.11250000000001,0.305,0.0037862500000000006,4.6000000000000005,41.400000000000006,-93.09999996666669
2006-02-02,0.15378106256630664,277.4875,266.21250000000003,0.22499999999999998,101.95,0.30000000000000004,0.0020525,4.175,41.400000000000006,-93.09999996666669
2006-02-10,0.21041466745928744,275.125,264.85,0.3875,98.225,0.20875000000000002,0.0021112500000000003,5.3125,41.400000000000006,-93.09999996666669
2006-02-18,0.21041466745928744,275.2125,261.96250000000003,0.0,139.63750000000002,0.24875000000000003,0.0018325000000000001,4.0875,41.400000000000006,-93.09999996666669
2006-02-26,0.21647461131396545,280.1875,269.1375,2.8125,133.82500000000002,0.28375,0.002905,4.0625,41.400000000000006,-93.09999996666669
2006-03-06,0.2,284.05,273.29999999999995,3.1625000000000005,132.7875,0.30999999999999994,0.004296250000000001,4.75,41.400000000000006,-93.09999996666669
2006-03-14,0.2433663951070192,279.875,270.28749999999997,1.15,145.125,0.32750000000000007,0.002655,5.1125,41.400000000000006,-93.09999996666669
2006-03-22,0.4017027152302678,280.9,270.75,1.55,170.45000000000005,0.2675,0.0034349999999999997,3.825,41.400000000000006,-93.09999996666669
2006-03-30,0.5017027152302678,291.65000000000003,277.8125,5.575000000000001,205.375,0.64375,0.005661250000000001,6.0625,41.400000000000006,-93.09999996666669
2006-04-07,0.4659009502756627,294.8,279.375,0.55,240.91250000000002,0.9337500000000001,0.0059387500000000005,5.2,41.400000000000006,-93.09999996666669
2006-04-15,0.7242372703989113,293.88750000000005,281.5375,2.4125,231.3125,0.8549999999999999,0.0059162500000000005,5.250000000000001,41.400000000000006,-93.09999996666669
2006-04-23,0.7467718255675548,290.675,280.2375,6.525,178.60000000000005,0.655,0.005525000000000001,4.0125,41.400000000000006,-93.09999996666669
2006-05-01,0.8736636093606085,293.1625,282.525,1.3000000000000003,233.0125,0.74875,0.0065450000000000005,4.1875,41.400000000000006,-93.09999996666669
2006-05-09,1.0528317694222327,290.5125,281.15,1.9500000000000002,191.33750000000003,0.5925,0.0061849999999999995,5.825,41.400000000000006,-93.09999996666669
2006-05-17,0.889580322501111,297.025,283.9375,1.55,257.55,1.02625,0.007246250000000001,4.6000000000000005,41.400000000000006,-93.09999996666669
2006-05-25,1.2155253181698917,302.7,290.7625,3.4250000000000003,255.5625,1.2825,0.01149375,4.625,41.400000000000006,-93.09999996666669
2006-06-02,1.2827741244744923,301.6375,289.25,0.7999999999999999,293.45,1.1824999999999999,0.0106475,3.687500000000001,41.400000000000006,-93.09999996666669
2006-06-10,1.4753663245908761,299.36249999999995,288.34999999999997,0.8875000000000001,264.0375,0.96625,0.01066875,4.9,41.400000000000006,-93.09999996666669
2006-06-18,1.5484770458176234,302.88750000000005,291.7625,3.15,258.375,1.4125,0.011290000000000001,3.3875000000000006,41.400000000000006,-93.09999996666669
2006-06-26,1.9198825467943017,304.05000000000007,290.46250000000003,1.3375,276.375,1.5637499999999998,0.01080375,3.7125000000000004,41.400000000000006,-93.09999996666669
2006-07-04,1.9840807818396968,302.2375,290.17499999999995,0.43750000000000006,284.48750000000007,1.2475,0.01116,3.4000000000000004,41.400000000000006,-93.09999996666669
2006-07-12,1.7102581843356386,308.55,294.15,2.075,299.5875,1.68375,0.015665000000000002,3.7625000000000006,41.400000000000006,-93.09999996666669
2006-07-20,1.9032124115676057,303.0125,292.3625,8.537500000000001,250.96250000000003,1.0362500000000001,0.014307499999999999,3.5875,41.400000000000006,-93.09999996666669
2006-07-28,2.2225370601884444,307.1125,295.125,1.9500000000000002,284.03749999999997,1.76125,0.0142725,4.375000000000001,41.400000000000006,-93.09999996666669
2006-08-05,2.0912880477709805,301.6125,292.7375,4.2250000000000005,199.88750000000002,0.8637499999999999,0.014263750000000002,3.8375,41.400000000000006,-93.09999996666669
2006-08-13,1.9278410769371277,299.93750000000006,290.425,10.05,226.625,0.7362500000000002,0.01277125,3.0500000000000003,41.400000000000006,-93.09999996666669
2006-08-21,1.3308504495326,300.1125,290.6625,5.487500000000001,207.54999999999998,0.7525000000000001,0.012971250000000002,3.3500000000000005,41.400000000000006,-93.09999996666669
2006-08-29,1.674060014370821,296.90000000000003,286.8125,3.7625,218.225,0.6012500000000001,0.01045875,2.6375,41.400000000000006,-93.09999996666669
2006-09-06,1.4000000000000001,297.78749999999997,286.8625,4.9,203.8625,0.7112499999999999,0.010353750000000004,3.3000000000000003,41.400000000000006,-93.09999996666669
2006-09-14,1.268753492602337,294.98749999999995,282.85,2.6125000000000003,193.73749999999998,0.6962500000000001,0.0082075,5.575000000000001,41.400000000000006,-93.09999996666669
2006-09-22,0.9907326546173182,293.6,282.0,0.41250000000000003,184.0875,0.7074999999999999,0.006843750000000001,4.6625000000000005,41.400000000000006,-93.09999996666669
2006-09-30,0.9791681600616242,299.175,283.66249999999997,0.0,178.05,1.2537500000000001,0.00737625,4.6875,41.400000000000006,-93.09999996666669
2006-10-08,0.6852281039163024,285.98749999999995,275.88750000000005,1.2625000000000002,136.125,0.5375,0.00411625,5.262499999999999,41.400000000000006,-93.09999996666669
2006-10-16,0.6017027152302679,283.1875,276.2125,3.9625000000000004,88.92500000000001,0.26125,0.00490125,4.325000000000001,41.400000000000006,-93.09999996666669
2006-10-24,0.37310821620694623,285.08750000000003,274.77500000000003,1.9000000000000001,123.6875,0.40125,0.00429,4.762499999999999,41.400000000000006,-93.09999996666669
2006-11-01,0.3791681600616243,286.425,272.725,0.0,108.32500000000002,0.5062500000000001,0.0039575,3.9125000000000005,41.400000000000006,-93.09999996666669
2006-11-09,0.3225345551686435,281.02500000000003,272.29999999999995,1.3,99.48750000000001,0.29125000000000006,0.00351,4.55,41.400000000000006,-93.09999996666669
2006-11-17,0.3164746113139655,282.5125,270.66249999999997,0.0,101.275,0.32625000000000004,0.0034562500000000006,3.5250000000000004,41.400000000000006,-93.09999996666669
2006-11-25,0.30000000000000004,281.4875,272.36249999999995,6.3375,78.4,0.2825,0.0045337500000000005,4.425000000000001,41.400000000000006,-93.09999996666669
2006-12-03,0.20605994385467802,274.67500000000007,264.08750000000003,0.0,88.73750000000001,0.22500000000000003,0.0019375000000000002,5.087500000000001,41.400000000000006,-93.09999996666669
2006-12-11,0.20605994385467802,284.5625,273.3125,0.0,79.90000000000002,0.41000000000000003,0.0037175,3.9375000000000004,41.400000000000006,-93.09999996666669
2006-12-19,0.1774654448313565,280.075,271.025,2.375,70.9625,0.27125,0.0031725000000000004,3.8375000000000004,41.400000000000006,-93.09999996666669
2006-12-27,0.2,284.6,274.2,6.140000000000001,49.08,0.21400000000000002,0.0050880000000000005,4.279999999999999,41.400000000000006,-93.09999996666669
2007-01-01,0.1,277.9125,269.55,0.47500000000000003,86.5,0.1675,0.00315125,4.8500000000000005,41.400000000000006,-93.09999996666669
2007-01-09,0.10605994385467801,272.5125,264.0125,0.925,67.43750000000001,0.14625000000000002,0.00209875,5.112500000000002,41.400000000000006,-93.09999996666669
2007-01-17,0.1,271.5,261.3625,0.75,93.05000000000001,0.06125,0.00215125,3.8124999999999996,41.400000000000006,-93.09999996666669
2007-01-25,0.02253455516864348,269.425,259.4,0.0,109.25,0.08625000000000001,0.0016637500000000003,4.9,41.400000000000006,-93.09999996666669
2007-02-02,0.0,263.92499999999995,256.73749999999995,0.1375,92.51250000000002,0.10124999999999999,0.0008775,3.8750000000000004,41.400000000000006,-93.09999996666669
2007-02-10,0.1,268.65,258.8125,1.3500000000000003,109.89999999999999,0.1225,0.0013874999999999998,4.5375000000000005,41.400000000000006,-93.09999996666669
2007-02-18,0.1,275.7125,268.52500000000003,6.2250000000000005,114.82500000000002,0.19749999999999998,0.0024775,5.175000000000001,41.400000000000006,-93.09999996666669
2007-02-26,0.2,273.0,263.90000000000003,1.5625000000000002,145.0625,0.14750000000000002,0.0020075000000000006,5.4375,41.400000000000006,-93.09999996666669
2007-03-06,0.20605994385467802,281.6,269.81250000000006,0.775,180.77500000000003,0.39,0.00332,3.45,41.400000000000006,-93.09999996666669
2007-03-14,0.22253455516864348,285.9875,274.86249999999995,1.5250000000000001,178.8,0.535,0.00386125,4.5,41.400000000000006,-93.09999996666669
2007-03-22,0.3225345551686435,297.7,286.4,2.0250000000000004,185.98750000000004,0.99625,0.00849125,4.325,41.400000000000006,-93.09999996666669
2007-03-30,0.41647461131396546,286.41249999999997,276.1625,3.4999999999999996,166.1125,0.58125,0.004618750000000001,6.687500000000001,41.400000000000006,-93.09999996666669
2007-04-07,0.4329492226279309,280.95000000000005,270.70000000000005,3.6,173.88750000000005,0.39,0.00258875,4.5875,41.400000000000006,-93.09999996666669
2007-04-15,0.4390091664826089,294.7625,278.925,1.5375,248.97500000000005,0.9187500000000001,0.005421250000000001,4.7625,41.400000000000006,-93.09999996666669
2007-04-23,0.6164746113139655,294.6875,282.425,12.25,200.60000000000002,0.9275,0.006538750000000001,5.15,41.400000000000006,-93.09999996666669
2007-05-01,0.8181773265442331,296.35,286.8125,9.5875,207.2,0.7662500000000001,0.009251250000000003,5.775,41.400000000000006,-93.09999996666669
2007-05-09,0.945069110337287,298.65,286.48749999999995,0.6875,267.11250000000007,1.11375,0.0082975,4.425000000000001,41.400000000000006,-93.09999996666669
2007-05-17,0.941864213829084,296.93749999999994,284.325,2.1125000000000003,266.275,0.8512500000000001,0.00842125,5.449999999999999,41.400000000000006,-93.09999996666669
2007-05-25,1.1944929442791834,298.01250000000005,287.88750000000005,9.075000000000001,242.41250000000002,0.8812500000000001,0.00975125,3.9000000000000004,41.400000000000006,-93.09999996666669
2007-06-02,1.365898445255862,297.9375,286.825,0.75,286.57500000000005,0.90625,0.00927625,5.3625,41.400000000000006,-93.09999996666669
2007-06-10,1.4259399856291792,302.8125,289.8125,0.0,305.21250000000003,1.165,0.011850000000000001,4.1375,41.400000000000006,-93.09999996666669
2007-06-18,1.5615437216512524,302.4,291.72499999999997,5.375,264.7625,1.05875,0.013035000000000001,3.6125,41.400000000000006,-93.09999996666669
2007-06-26,1.631999929483857,300.28749999999997,290.05,0.5375000000000001,283.7125,0.875,0.012153750000000001,3.7000000000000006,41.400000000000006,-93.09999996666669
2007-07-04,1.8174264094778403,304.7,292.62499999999994,0.3375,315.55,1.38625,0.0132525,3.8875,41.400000000000006,-93.09999996666669
2007-07-12,1.9310484784651316,304.875,291.45,2.5875000000000004,293.18750000000006,1.59125,0.01169875,3.8000000000000003,41.400000000000006,-93.09999996666669
2007-07-20,1.8003548592013296,303.225,290.475,5.362500000000001,290.95,1.15875,0.0126175,3.75,41.400000000000006,-93.09999996666669
2007-07-28,1.8908894848861162,304.5125,291.9375,1.6,266.175,1.4362500000000002,0.012452500000000002,3.0625,41.400000000000006,-93.09999996666669
2007-08-05,1.8028063336233389,305.525,296.25,11.2125,244.35000000000002,0.9962500000000001,0.01796,2.85,41.400000000000006,-93.09999996666669
2007-08-13,2.105311531808086,304.44999999999993,293.21250000000003,4.887500000000001,220.6375,1.02125,0.01551125,3.5125,41.400000000000006,-93.09999996666669
2007-08-21,2.1676036655059305,300.65000000000003,292.6,14.450000000000001,201.4625,0.52125,0.015746250000000003,3.6875,41.400000000000006,-93.09999996666669
2007-08-29,1.68938479858838,300.18749999999994,287.1375,0.35000000000000003,231.83750000000003,0.86,0.01108125,3.0125000000000006,41.400000000000006,-93.09999996666669
2007-09-06,1.6676036655059305,296.5875,284.625,4.4625,212.66250000000002,0.6325000000000001,0.00975375,3.7375000000000007,41.400000000000006,-93.09999996666669
2007-09-14,1.4094653743152137,298.43750000000006,284.7375,2.9250000000000003,216.20000000000002,0.8775,0.00971875,4.8625,41.400000000000006,-93.09999996666669
2007-09-22,1.0401614985988163,298.85,284.8375,0.7,191.98749999999998,1.03125,0.00852,4.0,41.400000000000006,-93.09999996666669
2007-09-30,0.8897833614732442,300.34999999999997,287.9,6.8,159.15,0.95875,0.01091,5.237500000000001,41.400000000000006,-93.09999996666669
2007-10-08,0.8346519378581987,290.71250000000003,281.53749999999997,7.612500000000001,124.47500000000001,0.49625,0.00689,3.9124999999999996,41.400000000000006,-93.09999996666669
2007-10-16,0.7346519378581987,290.8375,281.05,4.6,124.8125,0.52625,0.006571250000000002,5.324999999999999,41.400000000000006,-93.09999996666669
2007-10-24,0.6121173826895552,287.8,276.15000000000003,0.0,133.0375,0.51125,0.0045325,4.3,41.400000000000006,-93.09999996666669
2007-11-01,0.47195838911053983,283.925,271.0,0.0,115.15000000000002,0.44749999999999995,0.00301125,4.575,41.400000000000006,-93.09999996666669
2007-11-09,0.4329492226279309,286.40000000000003,274.29999999999995,0.0,108.1875,0.49000000000000005,0.00405,4.7,41.400000000000006,-93.09999996666669
2007-11-17,0.3390091664826089,281.22499999999997,271.05,0.23750000000000002,74.275,0.28875,0.00367875,4.4625,41.400000000000006,-93.09999996666669
2007-11-25,0.2956427713755898,277.3625,267.6125,0.4,77.62500000000001,0.22375,0.0024900000000000005,5.0875,41.400000000000006,-93.09999996666669
2007-12-03,0.10605994385467801,272.87500000000006,264.82500000000005,3.525,64.85,0.09500000000000001,0.00238875,3.3125000000000004,41.400000000000006,-93.09999996666669
2007-12-11,0.19564277137558975,269.36249999999995,261.7625,5.2,75.375,0.0375,0.0020812499999999998,3.2625,41.400000000000006,-93.09999996666669
2007-12-19,0.11647461131396546,272.45000000000005,264.28749999999997,0.8125,78.73750000000001,0.03,0.00271375,4.050000000000001,41.400000000000006,-93.09999996666669
2007-12-27,0.0,268.92,260.58000000000004,0.68,71.88000000000001,0.04,0.0019060000000000004,2.7800000000000002,41.400000000000006,-93.09999996666669
2008-01-01,0.0,273.34999999999997,264.3125,0.21250000000000002,85.3625,0.10875000000000001,0.0024750000000000006,4.5125,41.400000000000006,-93.09999996666669
2008-01-09,0.016474611313965458,273.65,265.8875,1.375,85.86250000000001,0.13624999999999998,0.0023162499999999997,4.0625,41.400000000000006,-93.09999996666669
2008-01-17,0.09394005614532197,264.85,254.23749999999998,0.375,87.4375,0.07874999999999999,0.0010425000000000002,3.8,41.400000000000006,-93.09999996666669
2008-01-25,0.09394005614532197,271.82500000000005,259.7125,0.2,86.8,0.1225,0.0018412500000000002,4.425,41.400000000000006,-93.09999996666669
2008-02-02,0.1,273.78749999999997,265.1375,5.225,103.26250000000002,0.0975,0.00249875,3.9999999999999996,41.400000000000006,-93.09999996666669
2008-02-10,0.1,267.63750000000005,258.425,2.15,114.61250000000001,0.08,0.0015587500000000002,4.275,41.400000000000006,-93.09999996666669
2008-02-18,0.1,270.175,258.925,0.45,126.16250000000002,0.08875,0.0017375000000000001,3.6625000000000005,41.400000000000006,-93.09999996666669
2008-02-26,0.1,274.925,264.9375,1.5125000000000002,163.8875,0.1275,0.00254125,4.687499999999999,41.400000000000006,-93.09999996666669
2008-03-05,0.1,275.6,264.7125,0.037500000000000006,174.525,0.19,0.0023975000000000003,3.3625,41.400000000000006,-93.09999996666669
2008-03-13,0.1433663951070192,283.45,272.96250000000003,0.475,168.45000000000002,0.34625000000000006,0.0037700000000000003,4.112500000000001,41.400000000000006,-93.09999996666669
2008-03-21,0.19394005614532198,281.82500000000005,272.5875,0.48750000000000004,153.27499999999998,0.35124999999999995,0.0032687500000000004,4.775,41.400000000000006,-93.09999996666669
2008-03-29,0.30000000000000004,284.70000000000005,273.87500000000006,2.3375,158.51250000000002,0.36624999999999996,0.00420375,4.4625,41.400000000000006,-93.09999996666669
2008-04-06,0.42253455516864347,283.9125,273.5625,6.075,140.35000000000002,0.33749999999999997,0.0041175000000000005,5.425000000000001,41.400000000000006,-93.09999996666669
2008-04-14,0.44506911033728697,289.9125,278.0,6.7,192.0375,0.49499999999999994,0.005920000000000001,4.975,41.400000000000006,-93.09999996666669
2008-04-22,0.5092673453826819,290.05,278.97499999999997,6.95,237.11249999999998,0.6325000000000001,0.005623750000000002,4.6625000000000005,41.400000000000006,-93.09999996666669
2008-04-30,0.7511265491721641,295.9,280.7,1.7625000000000002,258.8,0.9125000000000001,0.00656875,5.3375,41.400000000000006,-93.09999996666669
2008-05-08,0.7927902290489156,292.2,280.48749999999995,3.7875,231.67499999999998,0.7250000000000001,0.005653750000000001,4.2625,41.400000000000006,-93.09999996666669
2008-05-16,0.9407118817128768,293.1625,281.15,1.625,241.13750000000002,0.88,0.00539375,4.6875,41.400000000000006,-93.09999996666669
2008-05-24,1.1407118817128767,298.3,286.15,8.2375,209.7375,0.95125,0.00932,4.95,41.400000000000006,-93.09999996666669
2008-06-01,1.1615437216512525,301.8875,291.2625,12.325,264.5625,0.92625,0.013276249999999998,5.1125,41.400000000000006,-93.09999996666669
2008-06-09,1.226889278773253,299.4625,289.20000000000005,5.95,274.90000000000003,0.9287500000000001,0.010838750000000003,4.699999999999999,41.400000000000006,-93.09999996666669
2008-06-17,1.3448710814047553,299.62499999999994,287.7125,0.7875,293.3125,1.0787499999999999,0.009383750000000001,2.75,41.400000000000006,-93.09999996666669
2008-06-25,1.5927902290489155,300.40000000000003,290.125,8.75,262.275,0.8862500000000001,0.01209375,4.2125,41.400000000000006,-93.09999996666669
2008-07-03,1.8356012310022727,301.7,290.4125,8.875000000000002,286.87500000000006,0.9350000000000002,0.01289875,3.5625,41.400000000000006,-93.09999996666669
2008-07-11,1.8634444658140519,302.0875,290.4375,6.137500000000001,280.475,0.9175,0.013220000000000004,4.275,41.400000000000006,-93.09999996666669
2008-07-19,1.9388111375500774,301.875,292.35,6.775000000000001,274.1375,0.895,0.013993750000000001,3.0000000000000004,41.400000000000006,-93.09999996666669
2008-07-27,1.81968451786177,304.3375,293.12499999999994,5.975,274.6125,0.94625,0.015803750000000002,3.2375000000000007,41.400000000000006,-93.09999996666669
2008-08-04,1.9600368774788646,301.4125,290.275,1.2875,242.325,0.82625,0.01328,2.6125,41.400000000000006,-93.09999996666669
2008-08-12,2.0475255947988975,300.35,288.9,3.6125000000000003,235.5,0.88875,0.011483750000000001,2.0375,41.400000000000006,-93.09999996666669
2008-08-20,1.9266912498407214,299.59999999999997,287.9750000000001,1.7625000000000004,225.86249999999998,0.73625,0.011702500000000001,3.5999999999999996,41.400000000000006,-93.09999996666669
2008-08-28,1.6630509129687894,299.5875,288.525,2.5375,202.625,0.7599999999999999,0.012027500000000002,3.95,41.400000000000006,-93.09999996666669
2008-09-05,1.503207401528004,294.6,283.9375,11.6125,167.47500000000002,0.385,0.00997375,3.1750000000000007,41.400000000000006,-93.09999996666669
2008-09-13,1.2346519378581986,296.94999999999993,285.74999999999994,0.5875,199.85000000000002,0.5875,0.01040125,3.5125000000000006,41.400000000000006,-93.09999996666669
2008-09-21,1.1109700606129498,298.98749999999995,286.875,0.8375,202.25,0.8,0.010415,3.6125000000000003,41.400000000000006,-93.09999996666669
2008-09-29,0.9676036655059306,294.93750000000006,281.6375,4.1625,187.05000000000004,0.73125,0.007357500000000001,4.3625,41.400000000000006,-93.09999996666669
2008-10-07,0.7213872330920379,295.98750000000007,282.43750000000006,1.4375,142.2125,0.7462500000000001,0.008,4.1375,41.400000000000006,-93.09999996666669
2008-10-15,0.739009166482609,288.83750000000003,277.5375,3.625,119.51250000000002,0.5075000000000001,0.0051600000000000005,4.575,41.400000000000006,-93.09999996666669
2008-10-23,0.5017027152302678,286.4,274.875,0.8875,128.15,0.48375,0.004130000000000001,4.825,41.400000000000006,-93.09999996666669
2008-10-31,0.44506911033728697,290.1125,279.8875,3.6875,96.08749999999999,0.44625000000000004,0.006685000000000001,5.412500000000001,41.400000000000006,-93.09999996666669
2008-11-08,0.41817732654423323,278.7,271.9375,1.4625,68.9,0.18125,0.003615,4.875,41.400000000000006,-93.09999996666669
2008-11-16,0.3017027152302678,275.9875,266.92499999999995,0.0,88.0,0.25,0.0020800000000000003,4.85,41.400000000000006,-93.09999996666669
2008-11-24,0.23900916648260895,277.29999999999995,268.275,3.075,90.0,0.2375,0.00246125,3.8875,41.400000000000006,-93.09999996666669
2008-12-02,0.23900916648260895,273.025,262.91249999999997,1.15,69.9625,0.11124999999999999,0.0021100000000000003,5.375,41.400000000000006,-93.09999996666669
2008-12-10,0.1433663951070192,271.59999999999997,260.5,0.4375,69.6875,0.10625,0.001975,4.387499999999999,41.400000000000006,-93.09999996666669
2008-12-18,0.15984100642098464,267.9625,254.98749999999998,3.1125000000000003,68.35000000000001,0.0675,0.0014625,5.1875,41.400000000000006,-93.09999996666669
2008-12-26,0.1,278.5166666666667,267.25,3.0333333333333337,76.03333333333335,0.25,0.002536666666666667,5.183333333333334,41.400000000000006,-93.09999996666669
2009-01-01,0.06269354874765883,274.175,263.78749999999997,0.037500000000000006,91.7,0.20375,0.0017687500000000001,4.800000000000001,41.400000000000006,-93.09999996666669
2009-01-09,0.1,267.3625,254.68750000000003,0.7875000000000001,84.1,0.07750000000000001,0.0014462500000000003,4.4750000000000005,41.400000000000006,-93.09999996666669
2009-01-17,0.05984100642098465,269.3875,259.2125,0.0,105.07500000000002,0.06875,0.0017575000000000004,4.0375000000000005,41.400000000000006,-93.09999996666669
2009-01-25,0.11647461131396546,270.0,260.6125,0.275,96.6375,0.12125000000000002,0.0016787500000000001,3.075,41.400000000000006,-93.09999996666669
2009-02-02,0.11647461131396546,277.45,265.3125,0.125,111.9,0.20375000000000001,0.0028037500000000007,4.875,41.400000000000006,-93.09999996666669
2009-02-10,0.17916816006162428,277.125,266.1625,1.0625,116.38750000000002,0.23375000000000007,0.002635,4.112500000000001,41.400000000000006,-93.09999996666669
2009-02-18,0.17916816006162428,275.25,264.05,0.16250000000000003,127.23750000000001,0.18,0.0022787500000000004,4.7375,41.400000000000006,-93.09999996666669
2009-02-26,0.18352538868603455,276.9375,265.88750000000005,0.5375,151.1625,0.235,0.0025375000000000003,5.15,41.400000000000006,-93.09999996666669
2009-03-06,0.21647461131396545,280.0125,268.92499999999995,10.1,141.2875,0.26875,0.003123750000000001,4.45,41.400000000000006,-93.09999996666669
2009-03-14,0.2,288.1875,273.91249999999997,0.1,168.6125,0.5787500000000001,0.00404,3.875,41.400000000000006,-93.09999996666669
2009-03-22,0.2791681600616243,284.83750000000003,274.57500000000005,6.112500000000001,167.4625,0.41125000000000006,0.0041625,6.25,41.400000000000006,-93.09999996666669
2009-03-30,0.22253455516864348,284.025,273.25,0.8125,171.55,0.46875000000000006,0.0031625000000000004,6.5875,41.400000000000006,-93.09999996666669
2009-04-07,0.3791681600616243,286.0125,274.0625,2.1125000000000003,221.58750000000003,0.58375,0.0031362500000000006,4.2250000000000005,41.400000000000006,-93.09999996666669
2009-04-15,0.41647461131396546,290.77500000000003,278.5625,0.275,217.3,0.7525000000000001,0.00456375,4.475,41.400000000000006,-93.09999996666669
2009-04-23,0.639009166482609,296.56249999999994,283.6375,11.887500000000001,208.8375,0.7937500000000001,0.008268750000000002,4.95,41.400000000000006,-93.09999996666669
2009-05-01,0.739009166482609,294.26250000000005,283.34999999999997,0.5125000000000001,225.925,0.8700000000000001,0.006517500000000001,3.5125,41.400000000000006,-93.09999996666669
2009-05-09,0.7956427713755897,293.3375,281.8625,7.875000000000001,233.07500000000005,0.7174999999999999,0.0065962500000000006,4.824999999999999,41.400000000000006,-93.09999996666669
2009-05-17,0.9912855427511795,297.875,284.84999999999997,0.7375,262.8625,0.94375,0.008535000000000001,4.375,41.400000000000006,-93.09999996666669
2009-05-25,1.0615437216512524,296.99999999999994,286.7375,4.15,212.6625,0.805,0.009338750000000002,3.6250000000000004,41.400000000000006,-93.09999996666669
2009-06-02,0.8632464368815201,296.5125,286.075,5.1875,238.32500000000002,0.6675000000000001,0.009628750000000002,3.6875,41.400000000000006,-93.09999996666669
2009-06-10,1.1257419566966473,297.78749999999997,287.95,6.4875,212.23750000000004,0.61375,0.011395,2.7,41.400000000000006,-93.09999996666669
2009-06-18,1.6390091664826087,305.0875,295.46250000000003,9.7125,251.26250000000002,1.08,0.016768750000000002,2.7000000000000006,41.400000000000006,-93.09999996666669
2009-06-26,1.5636478519313344,300.2875,290.22499999999997,0.41250000000000003,277.4375,0.9600000000000001,0.011645,3.7624999999999997,41.400000000000006,-93.09999996666669
2009-07-04,1.9613456927187207,300.625,290.9375,6.4,279.5625,0.72375,0.013468750000000002,3.2875,41.400000000000006,-93.09999996666669
2009-07-12,2.334453908925667,298.54999999999995,287.8625,2.9125000000000005,290.33750000000003,0.7025,0.01127625,3.575,41.400000000000006,-93.09999996666669
2009-07-20,2.3327536987152,300.98749999999995,288.72499999999997,1.675,292.3,0.87625,0.011981250000000002,3.0500000000000003,41.400000000000006,-93.09999996666669
2009-07-28,1.8891477288667664,300.8125,288.71250000000003,0.7625000000000001,287.58750000000003,1.11875,0.010453750000000001,3.7125000000000004,41.400000000000006,-93.09999996666669
2009-08-05,2.303400767566083,302.8125,291.8625,5.550000000000001,245.7375,1.0125,0.01377,3.8875,41.400000000000006,-93.09999996666669
2009-08-13,2.2206288009662423,301.65,291.53749999999997,6.2625,228.175,0.8200000000000001,0.013990000000000002,4.7125,41.400000000000006,-93.09999996666669
2009-08-21,2.1196845178617703,296.8625,287.9375,10.512500000000001,199.225,0.4075,0.012635000000000002,3.65,41.400000000000006,-93.09999996666669
2009-08-29,1.825744461716448,294.2625,284.9125,0.0,203.275,0.4825,0.00934875,3.1000000000000005,41.400000000000006,-93.09999996666669
2009-09-06,1.4763156177349501,301.91249999999997,287.9125,0.15000000000000002,212.675,0.97625,0.0116675,3.0125,41.400000000000006,-93.09999996666669
2009-09-14,1.0494313490012988,299.725,284.6125,1.4625000000000001,196.2,0.9450000000000001,0.009340000000000001,2.85,41.400000000000006,-93.09999996666669
2009-09-22,0.9356037360220735,293.95,284.425,6.650000000000001,165.6125,0.48250000000000004,0.0092,3.7375000000000003,41.400000000000006,-93.09999996666669
2009-09-30,0.7225345551686435,288.57500000000005,279.2125,3.7125000000000004,127.56250000000001,0.4,0.0061075,5.225,41.400000000000006,-93.09999996666669
2009-10-08,0.6225345551686435,280.575,273.9,1.6,86.7625,0.22875,0.003955,3.25,41.400000000000006,-93.09999996666669
2009-10-16,0.41647461131396546,287.1,278.76250000000005,8.0625,96.25000000000001,0.28875,0.006463750000000002,4.375000000000001,41.400000000000006,-93.09999996666669
2009-10-24,0.41647461131396546,286.17500000000007,277.30000000000007,5.325,115.9,0.26875,0.005727500000000001,5.025,41.400000000000006,-93.09999996666669
2009-11-01,0.3164746113139655,288.71250000000003,275.3875,0.0,109.98750000000001,0.4625,0.005147500000000001,4.300000000000001,41.400000000000006,-93.09999996666669
2009-11-09,0.20605994385467802,286.725,276.66249999999997,1.225,94.25,0.45625000000000004,0.004663750000000001,4.7125,41.400000000000006,-93.09999996666669
2009-11-17,0.27310821620694625,284.2875,277.7625,3.1500000000000004,57.475,0.23750000000000002,0.005433750000000001,3.7375000000000003,41.400000000000006,-93.09999996666669
2009-11-25,0.21647461131396545,281.28749999999997,272.21250000000003,0.3875,81.78750000000001,0.29625,0.00343375,4.7250000000000005,41.400000000000006,-93.09999996666669
2009-12-03,0.2,271.55,264.825,3.6125000000000003,64.91250000000001,0.1675,0.00190625,5.125,41.400000000000006,-93.09999996666669
2009-12-11,0.2,269.15000000000003,259.0,0.15000000000000002,81.55,0.04875,0.00187625,3.3375000000000004,41.400000000000006,-93.09999996666669
2009-12-19,0.1,271.6625,266.0375,4.1499999999999995,58.91250000000001,0.04625,0.0026412500000000004,3.9999999999999996,41.400000000000006,-93.09999996666669
2009-12-27,0.0,270.46000000000004,260.34000000000003,0.62,77.08000000000001,0.05800000000000001,0.0020220000000000004,4.1,41.400000000000006,-93.09999996666669
2010-01-01,0.0,260.0625,250.95,0.6125,84.96249999999999,0.04125,0.0008050000000000002,3.8874999999999997,41.400000000000006,-93.09999996666669
2010-01-09,0.0,270.50000000000006,263.1,0.0,103.4625,0.17625,0.00162125,3.2750000000000004,41.400000000000006,-93.09999996666669
2010-01-17,0.0,274.2375,271.375,3.3000000000000007,93.6625,0.17750000000000002,0.00268,3.8500000000000005,41.400000000000006,-93.09999996666669
2010-01-25,0.0,267.8625,260.2375,0.6875,106.17500000000001,0.09875,0.0014550000000000001,3.725,41.400000000000006,-93.09999996666669
2010-02-02,0.0,272.1,261.675,1.275,78.1375,0.07375,0.0023437500000000003,3.762500000000001,41.400000000000006,-93.09999996666669
2010-02-10,0.0,270.3625,261.93750000000006,0.3375,104.23750000000001,0.10750000000000001,0.00176375,3.5250000000000004,41.400000000000006,-93.09999996666669
2010-02-18,0.0,270.2625,258.97499999999997,0.9,128.775,0.06125,0.0019175000000000002,3.5124999999999997,41.400000000000006,-93.09999996666669
2010-02-26,0.1,275.4375,262.125,0.0,177.05,0.2325,0.0016862500000000002,3.0250000000000004,41.400000000000006,-93.09999996666669
2010-03-06,0.13730645125234117,280.01250000000005,275.37500000000006,3.925,124.90000000000002,0.28875000000000006,0.0035937499999999997,3.575,41.400000000000006,-93.09999996666669
2010-03-14,0.2,283.9,274.3,1.0875000000000001,166.55,0.36375,0.00402625,4.4625,41.400000000000006,-93.09999996666669
2010-03-22,0.28958282752091175,286.61250000000007,273.33750000000003,1.8,202.9875,0.51875,0.0036212500000000003,4.275,41.400000000000006,-93.09999996666669
2010-03-30,0.41647461131396546,296.15000000000003,281.2,4.487500000000001,208.25,0.95625,0.006685000000000001,5.1499999999999995,41.400000000000006,-93.09999996666669
2010-04-07,0.5329492226279309,294.25,280.4875,1.075,220.5625,0.9775,0.00562125,4.5875,41.400000000000006,-93.09999996666669
2010-04-15,0.5598410064209847,294.68750000000006,279.6125,0.8,240.22500000000002,1.0362500000000001,0.004790000000000001,2.9750000000000005,41.400000000000006,-93.09999996666669
2010-04-23,0.5956427713755899,291.4125,282.925,10.875,187.75000000000003,0.58125,0.007092500000000002,5.987500000000001,41.400000000000006,-93.09999996666669
2010-05-01,0.8390091664826089,293.15,280.575,1.725,233.31250000000003,0.82,0.00579875,5.437500000000001,41.400000000000006,-93.09999996666669
2010-05-09,1.0390091664826089,289.5625,281.0375,9.55,194.7875,0.485,0.0062737500000000015,4.1000000000000005,41.400000000000006,-93.09999996666669
2010-05-17,1.0390091664826089,298.2,287.625,0.8375,243.8625,0.87625,0.010221250000000003,4.3875,41.400000000000006,-93.09999996666669
2010-05-25,1.2433638900872186,302.825,289.47499999999997,7.1875,289.1875,1.2875,0.010933750000000002,3.0875000000000004,41.400000000000006,-93.09999996666669
2010-06-02,1.1388111375500771,300.90000000000003,289.95,4.762499999999999,238.13750000000002,0.9412500000000001,0.011893750000000002,3.4250000000000003,41.400000000000006,-93.09999996666669
2010-06-10,1.4598385014011839,301.07500000000005,291.7875,17.275,240.0875,0.6137500000000001,0.014890000000000002,3.3625,41.400000000000006,-93.09999996666669
2010-06-18,1.4763156177349501,302.8875,292.3375,14.700000000000003,274.375,0.7975,0.015223750000000001,3.4000000000000004,41.400000000000006,-93.09999996666669
2010-06-26,1.67631561773495,302.45000000000005,290.59999999999997,3.0250000000000004,301.90000000000003,1.0250000000000001,0.012788750000000002,4.375,41.400000000000006,-93.09999996666669
2010-07-04,1.7196820128419692,301.9125,293.3625,7.5,264.425,0.805,0.014911250000000003,2.875,41.400000000000006,-93.09999996666669
2010-07-12,1.7867327902140384,304.3125,293.21250000000003,10.9,280.1125,0.8800000000000001,0.01630875,3.2500000000000004,41.400000000000006,-93.09999996666669
2010-07-20,1.789942696761843,304.225,295.1375,4.475,284.7375,0.8,0.017611250000000002,3.5125,41.400000000000006,-93.09999996666669
2010-07-28,1.8026495033545409,303.37499999999994,293.9625,10.7875,244.12499999999997,0.6675,0.017141250000000004,2.825,41.400000000000006,-93.09999996666669
2010-08-05,1.9702581789000728,305.6375,294.46250000000003,31.275,249.82500000000002,0.7437500000000001,0.018833750000000003,3.2625,41.400000000000006,-93.09999996666669
2010-08-13,1.6390091664826087,301.6875,291.78749999999997,3.4250000000000003,208.61250000000004,0.5075000000000001,0.01614,3.3250000000000006,41.400000000000006,-93.09999996666669
2010-08-21,1.3282446498615936,302.77500000000003,289.7,0.0,249.28750000000002,1.0150000000000001,0.012818750000000002,3.5625,41.400000000000006,-93.09999996666669
2010-08-29,1.3878851223302457,300.78749999999997,289.52500000000003,3.3125000000000004,224.2625,0.7725,0.013111250000000001,5.175000000000001,41.400000000000006,-93.09999996666669
2010-09-06,1.022334021216311,298.8375,286.51250000000005,1.5,202.65,0.9412500000000001,0.0095,4.462500000000001,41.400000000000006,-93.09999996666669
2010-09-14,1.1433663951070194,297.6625,287.225,5.2,196.4375,0.5825,0.0117625,4.1375,41.400000000000006,-93.09999996666669
2010-09-22,0.7503756321057712,295.725,283.11249999999995,3.0,180.38750000000002,0.52875,0.009567500000000001,4.325,41.400000000000006,-93.09999996666669
2010-09-30,0.7225345551686435,294.3125,278.2,0.0,192.11250000000004,0.8575000000000002,0.005520000000000001,3.5000000000000004,41.400000000000006,-93.09999996666669
2010-10-08,0.6104146674592875,298.02500000000003,281.0125,0.7375,173.6375,1.105,0.006616250000000001,3.4375,41.400000000000006,-93.09999996666669
2010-10-16,0.4835228836662337,293.29999999999995,278.1375,1.3125,152.98749999999998,0.8649999999999999,0.00494625,3.7250000000000005,41.400000000000006,-93.09999996666669
2010-10-24,0.5583363201232486,288.5625,276.83750000000003,0.5375,128.775,0.5225000000000001,0.0050237500000000004,6.162500000000001,41.400000000000006,-93.09999996666669
2010-11-01,0.47310821620694626,287.47499999999997,274.175,0.0,123.41250000000001,0.64875,0.0033825,4.5125,41.400000000000006,-93.09999996666669
2010-11-09,0.41326720978596165,285.1875,274.88750000000005,3.6625,77.85,0.33,0.004972500000000001,3.9875000000000007,41.400000000000006,-93.09999996666669
2010-11-17,0.3225345551686435,279.65,270.15,0.1,86.65,0.18000000000000002,0.00363875,4.4375,41.400000000000006,-93.09999996666669
2010-11-25,0.3104146674592875,277.1625,267.7,0.35000000000000003,75.85000000000001,0.25125,0.00245875,5.4125,41.400000000000006,-93.09999996666669
2010-12-03,0.2791681600616243,273.375,263.875,0.0,81.18750000000001,0.14250000000000002,0.0021775,3.775,41.400000000000006,-93.09999996666669
2010-12-11,0.21647461131396545,268.2625,259.6875,0.9,70.4875,0.07125000000000001,0.00168125,4.887500000000001,41.400000000000006,-93.09999996666669
2010-12-19,0.21647461131396545,271.1875,265.79999999999995,0.9625,55.237500000000004,0.07500000000000001,0.00240375,3.6375,41.400000000000006,-93.09999996666669
2010-12-27,0.1,275.49999999999994,265.15999999999997,0.0,81.42,0.168,0.002878,4.26,41.400000000000006,-93.09999996666669
2011-01-01,0.07746544483135652,272.0625,263.9125,0.1375,74.6875,0.17875000000000002,0.0016475,4.6625000000000005,41.400000000000006,-93.09999996666669
2011-01-09,0.1,269.26250000000005,260.75,1.1,71.15,0.09875,0.0016,3.675,41.400000000000006,-93.09999996666669
2011-01-17,0.1,268.7,259.8,1.225,97.18749999999999,0.09249999999999999,0.00157375,3.5875,41.400000000000006,-93.09999996666669
2011-01-25,0.1,272.3875,263.51250000000005,0.4,97.75,0.10749999999999998,0.0021062500000000005,3.7375000000000003,41.400000000000006,-93.09999996666669
2011-02-02,0.1,266.3125,254.7125,0.35000000000000003,117.57500000000002,0.07750000000000001,0.00121875,4.45,41.400000000000006,-93.09999996666669
2011-02-10,0.1,278.7,266.52500000000003,0.0,117.61250000000001,0.26125000000000004,0.0029975,4.5375000000000005,41.400000000000006,-93.09999996666669
2011-02-18,0.2,279.75,270.29999999999995,3.9625000000000004,111.44999999999999,0.31750000000000006,0.0027862500000000005,4.9,41.400000000000006,-93.09999996666669
2011-02-26,0.19394005614532198,278.78749999999997,268.3375,0.5125,140.21250000000003,0.26,0.00269375,4.4,41.400000000000006,-93.09999996666669
2011-03-06,0.2,280.775,270.5,1.9375000000000002,157.66250000000002,0.30624999999999997,0.00302875,4.612500000000001,41.400000000000006,-93.09999996666669
2011-03-14,0.20605994385467802,290.1875,275.4750000000001,1.0875000000000001,198.375,0.66125,0.00465125,4.25,41.400000000000006,-93.09999996666669
2011-03-22,0.30000000000000004,281.13750000000005,272.6375,1.625,153.40000000000003,0.3275,0.0037125000000000005,4.725,41.400000000000006,-93.09999996666669
2011-03-30,0.3225345551686435,288.5,274.5375,0.275,195.925,0.7050000000000001,0.003630000000000001,4.625000000000001,41.400000000000006,-93.09999996666669
2011-04-07,0.41647461131396546,295.65000000000003,280.475,3.325,219.96250000000003,0.9937500000000001,0.0059575,4.9750000000000005,41.400000000000006,-93.09999996666669
2011-04-15,0.5731082162069463,286.3375,275.4,6.125000000000002,164.0375,0.45125000000000004,0.004335,6.237500000000001,41.400000000000006,-93.09999996666669
2011-04-23,0.6164746113139655,290.15,279.5,2.7625,181.78750000000002,0.5975,0.005461250000000001,4.862500000000001,41.400000000000006,-93.09999996666669
2011-05-01,0.7731082162069463,291.9125,277.88750000000005,0.125,256.75,0.8462500000000001,0.00452875,4.575,41.400000000000006,-93.09999996666669
2011-05-09,0.9835228836662337,296.73749999999995,285.75,5.5125,211.25000000000003,0.9075,0.00939375,5.6499999999999995,41.400000000000006,-93.09999996666669
2011-05-17,0.974810931437214,297.6625,285.27500000000003,3.4125000000000005,242.95000000000002,0.9737499999999999,0.0084425,4.425000000000001,41.400000000000006,-93.09999996666669
2011-05-25,1.018177326544233,297.95,284.7625,7.462500000000001,247.34999999999997,0.87375,0.00917625,5.3999999999999995,41.400000000000006,-93.09999996666669
2011-06-02,1.139009166482609,305.4125,292.82500000000005,7.937500000000001,271.7625,1.4825000000000002,0.013383750000000002,4.8625,41.400000000000006,-93.09999996666669
2011-06-10,1.3988501729035936,299.8,288.1125,13.525,277.925,0.8825,0.011036250000000001,4.3375,41.400000000000006,-93.09999996666669
2011-06-18,1.432949222627931,299.2125,289.6875,5.9,226.6125,0.73875,0.012331250000000002,4.6625,41.400000000000006,-93.09999996666669
2011-06-26,1.521384728072237,304.3875,290.9625,2.3625000000000003,303.42500000000007,1.16625,0.013838750000000002,4.4125000000000005,41.400000000000006,-93.09999996666669
2011-07-04,1.7763156177349502,305.1,292.83750000000003,2.125,302.83750000000003,1.1912500000000001,0.014803750000000003,2.575,41.400000000000006,-93.09999996666669
2011-07-12,2.146018403481361,308.15,294.525,0.6875,281.4,1.59875,0.016276250000000003,3.8625,41.400000000000006,-93.09999996666669
2011-07-20,1.8657054263629318,312.9125,298.0,2.725,288.95000000000005,2.8312500000000003,0.0152075,3.45,41.400000000000006,-93.09999996666669
2011-07-28,2.213071685873231,311.85,296.2375,0.3375,254.7875,2.8812499999999996,0.013015,3.5875,41.400000000000006,-93.09999996666669
2011-08-05,2.450378137125572,305.525,292.25,2.85,245.85,1.78375,0.01133625,2.7750000000000004,41.400000000000006,-93.09999996666669
2011-08-13,1.44827685901044,305.97499999999997,290.85,1.8250000000000002,243.63750000000002,1.8562500000000002,0.010575000000000001,3.2,41.400000000000006,-93.09999996666669
2011-08-21,2.2416661848965522,307.26250000000005,289.91249999999997,0.0,237.60000000000005,2.1625,0.009745,3.5500000000000007,41.400000000000006,-93.09999996666669
2011-08-29,1.3660602855642616,304.5875,289.66249999999997,4.0125,223.3,1.725,0.010870000000000001,3.7500000000000004,41.400000000000006,-93.09999996666669
2011-09-06,1.0437312743875522,302.55,284.5,0.0,232.15,1.57875,0.0076075000000000005,3.5375,41.400000000000006,-93.09999996666669
2011-09-14,1.1405163578001458,294.725,280.625,1.2625000000000002,169.825,0.935,0.00605375,4.1000000000000005,41.400000000000006,-93.09999996666669
2011-09-22,1.2418617088092831,294.1375,282.0,0.8,168.85,0.8687500000000001,0.00618875,3.8875,41.400000000000006,-93.09999996666669
2011-09-30,0.9401589935790153,300.7875000000001,280.5875,0.0,195.1875,1.7825000000000002,0.00411125,4.525,41.400000000000006,-93.09999996666669
2011-10-08,0.7611888624499228,298.5625,283.95,1.8125,160.60000000000002,1.355,0.0061425,5.075,41.400000000000006,-93.09999996666669
2011-10-16,0.6626935487476588,289.7375,277.3,0.25,127.67500000000001,0.8700000000000001,0.0033912500000000006,4.7875000000000005,41.400000000000006,-93.09999996666669
2011-10-24,0.3104146674592875,291.18750000000006,276.8375,0.1375,136.35,0.9625000000000001,0.0033812500000000006,4.25,41.400000000000006,-93.09999996666669
2011-11-01,0.2895853325407126,288.4375,275.66249999999997,5.949999999999999,101.73750000000001,0.615,0.0041925,5.075,41.400000000000006,-93.09999996666669
2011-11-09,0.30000000000000004,285.075,273.61249999999995,2.125,107.32500000000002,0.53,0.0032625000000000006,5.050000000000001,41.400000000000006,-93.09999996666669
2011-11-17,0.2956427713755898,284.5375,271.8375,0.375,92.25000000000001,0.4225,0.0034950000000000003,4.300000000000001,41.400000000000006,-93.09999996666669
2011-11-25,0.22253455516864348,280.9625,270.63750000000005,0.5625,88.60000000000001,0.305,0.0032112500000000006,5.0,41.400000000000006,-93.09999996666669
2011-12-03,0.22253455516864348,274.3625,266.07500000000005,4.1875,62.550000000000004,0.1325,0.00250875,3.5374999999999996,41.400000000000006,-93.09999996666669
2011-12-11,0.17916816006162428,278.45,271.3375,4.0,70.41250000000001,0.20625000000000002,0.0032262500000000004,3.8249999999999997,41.400000000000006,-93.09999996666669
2011-12-19,0.10605994385467801,277.9375,269.65,0.16250000000000003,72.025,0.23249999999999998,0.00276375,4.175,41.400000000000006,-93.09999996666669
2011-12-27,0.17916816006162428,281.26,272.58,1.6600000000000001,70.38000000000001,0.294,0.00347,4.4799999999999995,41.400000000000006,-93.09999996666669
2012-01-01,0.10605994385467801,280.79999999999995,270.1625,0.0,88.6125,0.40375,0.0024312500000000003,5.050000000000002,41.400000000000006,-93.09999996666669
2012-01-09,0.17916816006162428,277.84999999999997,267.51250000000005,0.35000000000000003,84.7375,0.27749999999999997,0.0024287500000000004,4.8,41.400000000000006,-93.09999996666669
2012-01-17,0.12253455516864348,272.8875,263.0125,0.75,87.55000000000001,0.13874999999999998,0.00202625,4.937500000000001,41.400000000000006,-93.09999996666669
2012-01-25,0.10605994385467801,280.425,270.95,0.0,105.48750000000001,0.2975,0.0031012500000000003,4.05,41.400000000000006,-93.09999996666669
2012-02-02,0.12253455516864348,277.6875,269.025,2.4250000000000003,96.925,0.2,0.00295375,3.7750000000000004,41.400000000000006,-93.09999996666669
2012-02-10,0.17310821620694627,275.3125,266.05,0.675,117.2125,0.19,0.0023862500000000003,4.3500000000000005,41.400000000000006,-93.09999996666669
2012-02-18,0.11647461131396546,279.4375,271.2375,3.225,117.275,0.28625,0.0029950000000000003,4.525,41.400000000000006,-93.09999996666669
2012-02-26,0.2791681600616243,279.49999999999994,269.525,0.3375,131.2625,0.3237500000000001,0.0025412500000000005,5.1000000000000005,41.400000000000006,-93.09999996666669
2012-03-05,0.30000000000000004,287.6625,273.2625,1.575,173.0875,0.5937499999999999,0.0037862500000000006,5.8500000000000005,41.400000000000006,-93.09999996666669
2012-03-13,0.3670482723522682,299.825,286.2625,1.1875,188.57500000000002,1.13375,0.008790000000000001,5.125,41.400000000000006,-93.09999996666669
2012-03-21,0.5,295.9875,283.5125,1.5000000000000002,197.86250000000004,0.9387500000000001,0.00693,4.375,41.400000000000006,-93.09999996666669
2012-03-29,0.5626935487476589,297.33750000000003,283.875,3.125,215.78750000000005,1.0975,0.0071025,4.8375,41.400000000000006,-93.09999996666669
2012-04-06,0.6895828275209117,289.8625,274.43749999999994,2.6,216.83749999999998,0.7775000000000001,0.0033550000000000003,4.8375,41.400000000000006,-93.09999996666669
2012-04-14,0.7956427713755897,294.2375,281.3125,8.0875,205.07500000000002,0.82875,0.006445000000000001,5.737500000000001,41.400000000000006,-93.09999996666669
2012-04-22,0.8268892787732529,293.26250000000005,280.32500000000005,2.5125,210.88750000000002,0.8700000000000001,0.00564,4.6125,41.400000000000006,-93.09999996666669
2012-04-30,0.8873247191369817,302.0375,290.425,4.2250000000000005,256.35,1.1412499999999999,0.011938750000000001,4.4125000000000005,41.400000000000006,-93.09999996666669
2012-05-08,1.1121173826895552,297.13750000000005,282.9375,0.0,268.625,1.16625,0.0060875,3.825,41.400000000000006,-93.09999996666669
2012-05-16,1.126889278773253,299.75,283.45000000000005,0.0,293.05,1.21875,0.0074262500000000006,5.2125,41.400000000000006,-93.09999996666669
2012-05-24,1.4748109314372142,300.5125,286.9,4.125,249.48750000000004,1.28375,0.009236250000000001,5.1375,41.400000000000006,-93.09999996666669
2012-06-01,1.479366188994156,301.5125,285.9,0.30000000000000004,287.36250000000007,1.48,0.007751250000000001,3.4000000000000004,41.400000000000006,-93.09999996666669
2012-06-09,1.71061520141162,305.375,288.5875,3.225,275.36250000000007,1.99375,0.008507500000000001,5.262500000000001,41.400000000000006,-93.09999996666669
2012-06-17,2.016675145266298,308.16249999999997,291.875,2.4375000000000004,294.9875,2.28625,0.01057625,5.3375,41.400000000000006,-93.09999996666669
2012-06-25,1.9643962639779264,314.1375,295.62500000000006,0.30000000000000004,300.70000000000005,3.7300000000000004,0.010468749999999999,4.575000000000001,41.400000000000006,-93.09999996666669
2012-07-03,1.7134240400547596,313.7375,297.2875,0.0,320.98750000000007,3.83,0.009956250000000002,4.3375,41.400000000000006,-93.09999996666669
2012-07-11,1.5161247621522373,312.40000000000003,295.2875,0.1625,295.625,3.36625,0.00982625,3.375,41.400000000000006,-93.09999996666669
2012-07-19,1.761546226671053,314.025,296.75,0.25,303.6,3.76875,0.010275000000000001,4.625,41.400000000000006,-93.09999996666669
2012-07-27,1.8390116715024099,310.0125,292.8625,1.3375,280.46250000000003,2.73,0.0098475,2.8875,41.400000000000006,-93.09999996666669
2012-08-04,1.7208318399383757,305.34999999999997,289.325,3.3125,256.26250000000005,1.8975,0.0094475,3.4499999999999997,41.400000000000006,-93.09999996666669
2012-08-12,1.6297418210999273,300.73749999999995,285.55,1.3375,216.89999999999998,1.34,0.0080275,4.025,41.400000000000006,-93.09999996666669
2012-08-20,1.7346544428779995,305.0375,289.42500000000007,7.95,228.225,2.0,0.008465,3.6,41.400000000000006,-93.09999996666669
2012-08-28,1.2113614555835608,308.575,293.025,0.0,236.21250000000003,2.0325,0.012807500000000001,3.75,41.400000000000006,-93.09999996666669
2012-09-05,1.357188998046643,303.825,284.5125,0.4625,226.97500000000005,1.6825000000000003,0.007931249999999999,4.5,41.400000000000006,-93.09999996666669
2012-09-13,1.1852281039163024,298.35,281.45,1.8875000000000002,207.3375,1.1925000000000001,0.006327500000000001,4.325,41.400000000000006,-93.09999996666669
2012-09-21,0.8791681600616243,298.2375,279.58750000000003,0.0,212.02500000000003,1.4874999999999998,0.00406,3.075,41.400000000000006,-93.09999996666669
2012-09-29,0.7225345551686435,296.1375,279.5125,0.0,176.55,1.38,0.0039700000000000004,3.3000000000000007,41.400000000000006,-93.09999996666669
2012-10-07,0.49564277137558976,292.4,276.3875,7.775,156.5125,0.8737500000000001,0.00424125,5.0625,41.400000000000006,-93.09999996666669
2012-10-15,0.4390091664826089,293.075,281.51250000000005,4.6625000000000005,122.8625,0.785,0.0063212500000000005,4.612500000000001,41.400000000000006,-93.09999996666669
2012-10-23,0.3390091664826089,288.71250000000003,277.6125,0.65,112.525,0.5325000000000001,0.00614125,3.7625,41.400000000000006,-93.09999996666669
2012-10-31,0.28958282752091175,284.67499999999995,275.59999999999997,0.8375000000000001,91.66250000000001,0.455,0.0037925,3.5375,41.400000000000006,-93.09999996666669
2012-11-08,0.29394005614532204,287.17499999999995,273.3875,3.8125,97.75000000000001,0.4962500000000001,0.00432,4.837500000000001,41.400000000000006,-93.09999996666669
2012-11-16,0.21647461131396545,287.63750000000005,274.9,0.1,102.1,0.5425000000000001,0.00417,5.0375000000000005,41.400000000000006,-93.09999996666669
2012-11-24,0.21647461131396545,280.83750000000003,268.55,0.0,80.2375,0.36375,0.0027087500000000002,3.2500000000000004,41.400000000000006,-93.09999996666669
2012-12-02,0.21647461131396545,286.35,276.0875,0.5875,76.3375,0.4750000000000001,0.0044487500000000004,4.0,41.400000000000006,-93.09999996666669
2012-12-10,0.21647461131396545,280.6,271.075,1.225,68.15,0.36,0.00275375,4.550000000000001,41.400000000000006,-93.09999996666669
2012-12-18,0.17916816006162428,273.63750000000005,264.47499999999997,3.2750000000000004,80.56250000000001,0.14250000000000002,0.0022875000000000005,4.65,41.400000000000006,-93.09999996666669
2012-12-26,0.1,271.31666666666666,262.03333333333336,0.2333333333333333,68.66666666666667,0.11,0.0018766666666666669,3.6500000000000004,41.400000000000006,-93.09999996666669
2013-01-01,0.12253455516864348,275.0375,265.37500000000006,0.0,88.4625,0.195,0.0022025,4.0,41.400000000000006,-93.09999996666669
2013-01-09,0.17916816006162428,278.92499999999995,268.125,0.6375,81.6875,0.32875,0.0024237499999999997,4.487500000000001,41.400000000000006,-93.09999996666669
2013-01-17,0.12253455516864348,273.06250000000006,262.4125,0.07500000000000001,94.2,0.24,0.0016262499999999999,4.612500000000001,41.400000000000006,-93.09999996666669
2013-01-25,0.12253455516864348,276.4375,264.8625,2.6125000000000003,88.875,0.21875000000000006,0.0024937500000000003,4.95,41.400000000000006,-93.09999996666669
2013-02-02,0.12253455516864348,276.025,267.45,1.8250000000000002,105.57500000000002,0.17625000000000002,0.00258625,3.975,41.400000000000006,-93.09999996666669
2013-02-10,0.11647461131396546,280.2375,270.4375,0.5,110.7125,0.3875,0.00244375,5.625,41.400000000000006,-93.09999996666669
2013-02-18,0.1,275.225,265.375,1.3625,116.9125,0.2275,0.0020037500000000003,4.85,41.400000000000006,-93.09999996666669
2013-02-26,0.17916816006162428,275.11249999999995,269.225,2.225,114.72500000000001,0.1625,0.0026637500000000003,5.2875000000000005,41.400000000000006,-93.09999996666669
2013-03-06,0.2,276.1875,268.925,4.775,139.91250000000002,0.17125,0.0027512500000000007,5.200000000000001,41.400000000000006,-93.09999996666669
2013-03-14,0.2,279.08750000000003,267.975,0.8125,185.6875,0.31875,0.0024987500000000005,4.575,41.400000000000006,-93.09999996666669
2013-03-22,0.1433663951070192,279.825,269.6125,1.625,180.9625,0.34875,0.0025575000000000003,3.5125,41.400000000000006,-93.09999996666669
2013-03-30,0.2329492226279309,286.9,272.98749999999995,0.28750000000000003,218.125,0.615,0.0032587500000000004,4.3875,41.400000000000006,-93.09999996666669
2013-04-07,0.3225345551686435,289.1875,277.575,6.700000000000001,165.5375,0.6399999999999999,0.005050000000000001,4.8375,41.400000000000006,-93.09999996666669
2013-04-15,0.3895828275209117,285.3875,274.71250000000003,18.2625,149.38750000000002,0.46875,0.0038775000000000007,5.1499999999999995,41.400000000000006,-93.09999996666669
2013-04-23,0.4895828275209117,292.04999999999995,278.9375,0.3125,226.1125,0.7737499999999999,0.005551250000000001,5.075,41.400000000000006,-93.09999996666669
2013-05-01,0.5390091664826089,290.2125,278.96250000000003,5.925000000000001,189.11250000000004,0.6025,0.0060125000000000005,4.925000000000001,41.400000000000006,-93.09999996666669
2013-05-09,0.5927902290489155,295.41249999999997,282.2,0.9750000000000001,252.58750000000003,0.9537500000000001,0.00698,4.2875,41.400000000000006,-93.09999996666669
2013-05-17,0.8329492226279309,297.24999999999994,287.1375,5.1625000000000005,249.0875,0.7962500000000001,0.00989875,4.925000000000001,41.400000000000006,-93.09999996666669
2013-05-25,1.0554837777965744,298.575,287.8375,12.5,234.15,0.7825,0.01092125,5.9625,41.400000000000006,-93.09999996666669
2013-06-02,1.0658984452558617,296.0625,286.16249999999997,2.0,241.45000000000005,0.69625,0.00918375,4.025,41.400000000000006,-93.09999996666669
2013-06-10,1.201702715230268,303.15,290.28749999999997,2.925,284.2375,1.10875,0.01270125,3.3500000000000005,41.400000000000006,-93.09999996666669
2013-06-18,1.3878801122906441,304.34999999999997,293.0125,6.3375,276.35,1.1675,0.01443,5.0,41.400000000000006,-93.09999996666669
2013-06-26,1.4435644240395509,301.24999999999994,288.95,0.41250000000000003,291.1,1.06875,0.01123,4.1125,41.400000000000006,-93.09999996666669
2013-07-04,1.9060599438546781,304.925,290.325,0.48750000000000004,299.95,1.32,0.012891250000000002,4.1875,41.400000000000006,-93.09999996666669
2013-07-12,1.8268917837930538,307.3125,292.0125,0.11250000000000002,266.2375,1.81,0.012750000000000001,4.2875,41.400000000000006,-93.09999996666669
2013-07-20,1.9329517276477317,303.6375,288.05,1.5375,277.775,1.4449999999999998,0.01043,3.95,41.400000000000006,-93.09999996666669
2013-07-28,1.9032099065478048,303.7125,287.375,0.7250000000000001,264.2,1.65625,0.008761250000000002,3.1875,41.400000000000006,-93.09999996666669
2013-08-05,1.770813572053735,306.45000000000005,290.09999999999997,2.5875000000000004,242.97500000000002,1.9487499999999998,0.01008625,3.2250000000000005,41.400000000000006,-93.09999996666669
2013-08-13,1.7005528881338612,302.94999999999993,288.6,0.0,214.525,1.8062500000000001,0.007745000000000001,3.15,41.400000000000006,-93.09999996666669
2013-08-21,1.937864349425804,310.95,294.98749999999995,0.0625,230.2125,2.7612500000000004,0.0117525,4.3625,41.400000000000006,-93.09999996666669
2013-08-29,1.5968001135313987,309.0,292.2375,0.36250000000000004,238.78750000000002,2.5612500000000002,0.010002500000000001,2.6750000000000007,41.400000000000006,-93.09999996666669
2013-09-06,1.431804405571126,307.67499999999995,291.475,0.05,220.16250000000002,2.3125,0.010427500000000001,3.9625,41.400000000000006,-93.09999996666669
2013-09-14,1.3615462266710532,298.4625,285.3375,5.15,177.39999999999998,0.9775,0.00909125,4.6625000000000005,41.400000000000006,-93.09999996666669
2013-09-22,1.0748134364570148,299.425,284.425,0.525,182.1125,1.09125,0.008301250000000001,4.7,41.400000000000006,-93.09999996666669
2013-09-30,0.9912880477709803,299.1375,284.34999999999997,3.5124999999999997,152.1125,1.1962499999999998,0.008172500000000001,4.25,41.400000000000006,-93.09999996666669
2013-10-08,0.8077626590849457,296.81249999999994,280.36249999999995,0.5,173.83749999999998,1.1600000000000001,0.00538625,5.225,41.400000000000006,-93.09999996666669
2013-10-16,0.6774629398115557,286.30000000000007,276.54999999999995,0.1625,112.2625,0.5675,0.0038462500000000007,4.3375,41.400000000000006,-93.09999996666669
2013-10-24,0.5433663951070192,287.16249999999997,275.24999999999994,1.6625,107.15000000000002,0.49625,0.00439125,4.425000000000001,41.400000000000006,-93.09999996666669
2013-11-01,0.5017027152302678,286.25,274.84999999999997,2.325,91.25,0.4575,0.00415875,5.2875000000000005,41.400000000000006,-93.09999996666669
2013-11-09,0.3017027152302678,283.9375,270.05,0.16250000000000003,98.67500000000001,0.45249999999999996,0.0030975000000000004,5.0,41.400000000000006,-93.09999996666669
2013-11-17,0.2956427713755898,278.675,269.3,3.4625000000000004,86.0625,0.21875,0.0034062500000000004,5.212500000000001,41.400000000000006,-93.09999996666669
2013-11-25,0.21647461131396545,276.1375,266.52500000000003,0.0,79.86250000000001,0.22375,0.0022700000000000003,3.7875000000000005,41.400000000000006,-93.09999996666669
2013-12-03,0.19564277137558975,271.475,262.72499999999997,0.2,73.0125,0.16000000000000003,0.00198875,4.5875,41.400000000000006,-93.09999996666669
2013-12-11,0.17916816006162428,273.32500000000005,263.2375,0.0,74.1625,0.15875,0.0020037500000000003,3.825,41.400000000000006,-93.09999996666669
2013-12-19,0.12253455516864348,271.4875,263.2,1.875,59.075,0.09,0.0021774999999999997,4.312500000000001,41.400000000000006,-93.09999996666669
2013-12-27,0.1,273.1,259.44,0.24000000000000005,77.14000000000001,0.13799999999999998,0.0019520000000000002,4.3,41.400000000000006,-93.09999996666669
2014-01-01,0.1,263.475,252.95,0.2625,67.64999999999999,0.06124999999999999,0.0011225000000000002,5.4750000000000005,41.400000000000006,-93.09999996666669
2014-01-09,0.1,276.0375,265.67499999999995,0.35000000000000003,84.23750000000001,0.205,0.00231375,5.0875,41.400000000000006,-93.09999996666669
2014-01-17,0.1,272.5,257.7125,0.15000000000000002,91.82500000000002,0.20625000000000004,0.00139375,5.575,41.400000000000006,-93.09999996666669
2014-01-25,0.1,271.7,257.0625,0.4,95.72500000000001,0.19750000000000004,0.0013150000000000002,5.624999999999999,41.400000000000006,-93.09999996666669
2014-02-02,0.1,264.35,253.34999999999997,1.325,91.8375,0.042499999999999996,0.0012662500000000002,4.1625,41.400000000000006,-93.09999996666669
2014-02-10,0.1,270.03749999999997,259.2,2.1125,100.7625,0.1325,0.00167875,4.05,41.400000000000006,-93.09999996666669
2014-02-18,0.1,274.5,265.15,3.225,101.10000000000001,0.19874999999999998,0.00228375,4.387500000000001,41.400000000000006,-93.09999996666669
2014-02-26,0.11647461131396546,267.1125,256.41249999999997,0.65,143.9125,0.14125000000000001,0.00111375,4.5625,41.400000000000006,-93.09999996666669
2014-03-06,0.2,282.6,270.325,0.0,171.28750000000002,0.4225,0.0029537499999999998,4.699999999999999,41.400000000000006,-93.09999996666669
2014-03-14,0.2,282.725,269.91249999999997,0.45,201.1125,0.40375,0.0029050000000000005,5.275,41.400000000000006,-93.09999996666669
2014-03-22,0.2791681600616243,278.7375,268.4375,0.525,184.675,0.30375,0.0025162500000000003,5.0375,41.400000000000006,-93.09999996666669
2014-03-30,0.2956427713755898,286.4,271.9875,0.65,179.275,0.5025,0.00384875,5.925000000000001,41.400000000000006,-93.09999996666669
2014-04-07,0.3225345551686435,291.33750000000003,275.9625,11.2,210.075,0.8425000000000001,0.004646249999999999,5.074999999999999,41.400000000000006,-93.09999996666669
2014-04-15,0.3791681600616243,291.825,276.8,1.7875,234.75,0.8687500000000001,0.0044225,4.612500000000001,41.400000000000006,-93.09999996666669
2014-04-23,0.5181773265442332,289.68749999999994,279.525,11.7375,161.9625,0.5437500000000002,0.005971250000000001,6.1875,41.400000000000006,-93.09999996666669
2014-05-01,0.5390091664826089,294.8125,282.275,0.36250000000000004,222.60000000000002,0.91125,0.00664,5.4125000000000005,41.400000000000006,-93.09999996666669
2014-05-09,0.6407118817128767,291.9375,280.9125,5.5,214.1875,0.62,0.006741250000000001,4.825,41.400000000000006,-93.09999996666669
2014-05-17,0.7153247842175592,297.74999999999994,285.41249999999997,1.7125000000000001,260.2375,1.17125,0.00715375,3.725,41.400000000000006,-93.09999996666669
2014-05-25,1.0869283141267694,302.22499999999997,291.4125,2.9375,212.6375,1.20875,0.011757500000000002,3.6625,41.400000000000006,-93.09999996666669
2014-06-02,1.2571864930268424,298.57499999999993,288.6875,5.325,262.975,0.8000000000000002,0.010928750000000001,3.8249999999999997,41.400000000000006,-93.09999996666669
2014-06-10,1.3484745407978225,300.15,288.35,2.35,271.4875,1.1025,0.009993750000000001,4.925000000000001,41.400000000000006,-93.09999996666669
2014-06-18,1.682375561589628,302.72499999999997,291.8625,6.5875,269.83750000000003,1.22375,0.012232500000000002,3.3375000000000004,41.400000000000006,-93.09999996666669
2014-06-26,1.9416636798767515,299.5625,289.78749999999997,12.350000000000001,229.2,0.7675000000000002,0.012268750000000002,5.050000000000001,41.400000000000006,-93.09999996666669
2014-07-04,2.2564380809802502,300.72499999999997,290.52500000000003,7.5125,297.20000000000005,1.1975000000000002,0.010443750000000002,4.1000000000000005,41.400000000000006,-93.09999996666669
2014-07-12,2.332198305561538,300.0875,288.3625,1.2875,281.6,1.2337500000000001,0.00909625,3.5625,41.400000000000006,-93.09999996666669
2014-07-20,1.8450716153570879,301.925,290.86249999999995,2.6125000000000003,288.05,1.3975000000000002,0.010228750000000002,4.9125000000000005,41.400000000000006,-93.09999996666669
2014-07-28,2.3162790874012344,300.9,288.775,0.1875,271.375,1.4774999999999998,0.008122500000000001,2.3375000000000004,41.400000000000006,-93.09999996666669
2014-08-05,2.2310484784651314,298.15,289.9375,3.4625,208.00000000000003,0.7037500000000001,0.011682500000000002,3.7375000000000003,41.400000000000006,-93.09999996666669
2014-08-13,2.176117588802418,300.3625,290.85,1.85,233.28750000000002,0.9287500000000001,0.01203625,2.95,41.400000000000006,-93.09999996666669
2014-08-21,1.9838802478873643,302.3375,293.7375,13.0,211.87500000000003,0.89375,0.014976250000000003,3.475,41.400000000000006,-93.09999996666669
2014-08-29,1.8821775326570966,301.2125,289.7875,5.7749999999999995,233.2375,0.8574999999999999,0.012845000000000002,4.487500000000001,41.400000000000006,-93.09999996666669
2014-09-06,1.6138226029396237,292.7625,282.87500000000006,12.475000000000003,198.4875,0.6075,0.008005000000000002,4.200000000000001,41.400000000000006,-93.09999996666669
2014-09-14,1.4196820128419692,295.5625,282.325,0.6250000000000001,214.00000000000003,0.69625,0.008028750000000001,4.0625,41.400000000000006,-93.09999996666669
2014-09-22,1.132949222627931,298.5125,286.1375,0.38750000000000007,186.41250000000002,1.13625,0.007977499999999998,3.3625,41.400000000000006,-93.09999996666669
2014-09-30,0.9763156177349501,290.8125,281.04999999999995,1.4875,152.98750000000004,0.555,0.006615000000000001,5.3125,41.400000000000006,-93.09999996666669
2014-10-08,0.7329492226279309,289.125,278.61249999999995,11.362499999999999,122.7375,0.5387500000000001,0.00531125,4.612500000000001,41.400000000000006,-93.09999996666669
2014-10-16,0.5763156177349501,291.65,278.46250000000003,0.0625,155.4625,0.6625,0.0054475,4.362500000000001,41.400000000000006,-93.09999996666669
2014-10-24,0.33730645125234116,289.85,277.2625,0.0,138.7375,0.5637500000000001,0.005461250000000001,4.475,41.400000000000006,-93.09999996666669
2014-11-01,0.39564277137558973,285.9875,274.79999999999995,0.325,111.8125,0.5525,0.00355375,5.7250000000000005,41.400000000000006,-93.09999996666669
2014-11-09,0.21647461131396545,275.1,266.575,0.36250000000000004,82.63749999999999,0.2425,0.0024175000000000004,4.55,41.400000000000006,-93.09999996666669
2014-11-17,0.22253455516864348,275.0,265.625,1.475,78.26250000000002,0.15,0.002955,5.562500000000001,41.400000000000006,-93.09999996666669
2014-11-25,0.21647461131396545,273.375,262.83750000000003,0.5375000000000001,86.28750000000001,0.19625,0.0020025,4.4625,41.400000000000006,-93.09999996666669
2014-12-03,0.21041466745928744,276.2625,269.53749999999997,0.0,77.62500000000001,0.19999999999999998,0.00265625,3.6750000000000007,41.400000000000006,-93.09999996666669
2014-12-11,0.2,278.27500000000003,271.425,0.925,72.8625,0.20625,0.0039075,3.7125000000000004,41.400000000000006,-93.09999996666669
2014-12-19,0.1433663951070192,277.3375,273.28749999999997,2.0375,45.76250000000001,0.17500000000000002,0.0035175000000000002,4.175,41.400000000000006,-93.09999996666669
2014-12-27,0.1,269.91999999999996,259.02,0.0,63.580000000000005,0.094,0.001782,4.38,41.400000000000006,-93.09999996666669
2015-01-01,0.1,267.2625,256.925,1.35,83.47500000000001,0.0975,0.0014575,4.8374999999999995,41.400000000000006,-93.09999996666669
2015-01-09,0.1,272.03749999999997,259.4125,0.0,103.40000000000002,0.215,0.00143875,4.0375,41.400000000000006,-93.09999996666669
2015-01-17,0.1,279.8125,270.02500000000003,0.4,89.4,0.26875000000000004,0.0030162500000000007,3.9250000000000003,41.400000000000006,-93.09999996666669
2015-01-25,0.1,277.625,267.8875,4.15,88.9875,0.195,0.0030075,4.700000000000001,41.400000000000006,-93.09999996666669
2015-02-02,0.10605994385467801,271.975,261.67499999999995,0.225,101.8875,0.1325,0.0021375,3.55,41.400000000000006,-93.09999996666669
2015-02-10,0.056633604892980804,269.4875,260.20000000000005,0.0,105.825,0.08625,0.0018200000000000002,4.362500000000001,41.400000000000006,-93.09999996666669
2015-02-18,0.10605994385467801,269.1,257.375,0.5,117.8,0.1175,0.0014175,4.5,41.400000000000006,-93.09999996666669
2015-02-26,0.2,268.9375,256.725,0.23750000000000002,131.1875,0.09375,0.0015275000000000002,3.9499999999999997,41.400000000000006,-93.09999996666669
2015-03-06,0.21647461131396545,289.1375,272.375,0.0,191.875,0.61375,0.00390625,3.425,41.400000000000006,-93.09999996666669
2015-03-14,0.20605994385467802,289.2125,274.1875,0.0,191.38750000000002,0.7812500000000001,0.0034062500000000004,4.375,41.400000000000006,-93.09999996666669
2015-03-22,0.30000000000000004,281.71250000000003,271.52500000000003,1.225,191.4375,0.38875000000000004,0.0029687500000000005,5.112500000000001,41.400000000000006,-93.09999996666669
2015-03-30,0.34621893743369336,292.85,277.875,1.1375000000000002,218.8875,0.9775,0.00418375,4.9625,41.400000000000006,-93.09999996666669
2015-04-07,0.38788011229064395,291.0125,278.06250000000006,2.2625,218.5625,0.58125,0.005721250000000001,4.950000000000001,41.400000000000006,-93.09999996666669
2015-04-15,0.5181773265442332,292.55,279.83750000000003,5.0375000000000005,224.13750000000002,0.845,0.005307500000000001,4.737500000000001,41.400000000000006,-93.09999996666669
2015-04-23,0.639009166482609,291.5375,278.16249999999997,4.575,236.32500000000005,0.85375,0.00424125,4.0125,41.400000000000006,-93.09999996666669
2015-05-01,0.8554837777965744,297.25,287.1,0.975,226.68750000000003,0.9162499999999999,0.008917500000000002,4.862500000000001,41.400000000000006,-93.09999996666669
2015-05-09,1.0346519378581986,293.88750000000005,283.81249999999994,3.8375,244.0625,0.6024999999999999,0.008342500000000001,5.237500000000001,41.400000000000006,-93.09999996666669
2015-05-17,1.1748109314372142,293.1125,281.8625,3.625,226.62499999999997,0.67125,0.007190000000000002,4.9125,41.400000000000006,-93.09999996666669
2015-05-25,1.3748109314372141,296.58750000000003,286.3625,3.8,246.03750000000002,0.7337500000000001,0.009541250000000001,4.125,41.400000000000006,-93.09999996666669
2015-06-02,1.5912855427511794,301.1125,290.075,1.5375,277.1375,1.00625,0.0118825,4.4,41.400000000000006,-93.09999996666669
2015-06-10,1.3990482018361252,299.4375,290.91249999999997,10.35,213.27500000000003,0.61625,0.013538750000000002,3.2375,41.400000000000006,-93.09999996666669
2015-06-18,1.7564305659208475,300.57500000000005,290.9375,8.0875,272.62500000000006,0.72375,0.013512500000000002,3.9000000000000004,41.400000000000006,-93.09999996666669
2015-06-26,2.0927927340687162,298.90000000000003,289.275,3.225,279.8875,0.7275,0.011742500000000003,3.25,41.400000000000006,-93.09999996666669
2015-07-04,2.027246642994384,299.3125,289.55000000000007,4.550000000000001,267.87500000000006,0.72375,0.012256250000000002,3.3250000000000006,41.400000000000006,-93.09999996666669
2015-07-12,2.374414873572151,304.7375,294.875,7.2250000000000005,293.9,0.8775000000000002,0.017456250000000003,3.7875,41.400000000000006,-93.09999996666669
2015-07-20,1.9834866950421017,302.28749999999997,292.075,11.8,256.6125,0.60375,0.015927500000000004,2.6375,41.400000000000006,-93.09999996666669
2015-07-28,1.9094291856910814,302.6375,291.5,8.625,279.925,0.7975,0.01472,3.4000000000000004,41.400000000000006,-93.09999996666669
2015-08-05,2.1431758812338897,301.29999999999995,291.675,3.0,246.2,0.63125,0.014795,2.8875,41.400000000000006,-93.09999996666669
2015-08-13,2.17176537021761,300.125,290.075,4.362500000000001,229.275,0.7274999999999999,0.0132225,3.8625,41.400000000000006,-93.09999996666669
2015-08-21,1.7872931934073022,297.675,286.07500000000005,3.7,241.4,0.6799999999999999,0.010235,4.700000000000001,41.400000000000006,-93.09999996666669
2015-08-29,1.6373139663117438,303.30000000000007,292.825,0.925,237.11249999999998,0.89625,0.015358750000000001,3.4375,41.400000000000006,-93.09999996666669
2015-09-06,1.4649491521117879,299.6,287.23749999999995,6.45,225.6125,0.71,0.012027500000000003,3.4125,41.400000000000006,-93.09999996666669
2015-09-14,1.0979008797595196,299.375,286.975,8.175,201.78750000000002,0.90125,0.010745000000000001,5.2749999999999995,41.400000000000006,-93.09999996666669
2015-09-22,1.1615437216512525,299.94999999999993,287.3375,2.0875000000000004,173.97500000000002,0.9137500000000002,0.0106,3.6,41.400000000000006,-93.09999996666669
2015-09-30,0.9121173826895552,292.375,281.5625,0.0,166.02500000000003,0.6875,0.006346250000000001,3.0,41.400000000000006,-93.09999996666669
2015-10-08,0.774810931437214,295.35,280.3375,0.0,173.875,0.8962500000000001,0.006258750000000001,4.575,41.400000000000006,-93.09999996666669
2015-10-16,0.6583363201232486,292.025,281.125,0.8500000000000001,139.78750000000002,0.8625,0.005222500000000001,4.675,41.400000000000006,-93.09999996666669
2015-10-24,0.5956427713755899,286.0375,276.47499999999997,5.5875,110.51250000000002,0.3375,0.005205,4.5625,41.400000000000006,-93.09999996666669
2015-11-01,0.40605994385467803,292.12499999999994,278.3625,0.775,121.4625,0.625,0.0061087500000000005,4.8500000000000005,41.400000000000006,-93.09999996666669
2015-11-09,0.3566336048929808,288.0625,276.0125,2.75,96.45,0.5375000000000001,0.00445125,5.625,41.400000000000006,-93.09999996666669
2015-11-17,0.30605994385467805,280.03749999999997,271.8125,2.7375000000000003,85.925,0.22625,0.003985000000000001,5.6875,41.400000000000006,-93.09999996666669
2015-11-25,0.3164746113139655,277.54999999999995,273.08750000000003,6.5874999999999995,38.45,0.1875,0.0037125000000000005,4.3500000000000005,41.400000000000006,-93.09999996666669
2015-12-03,0.21647461131396545,283.2875,273.6125,0.0,83.525,0.3275,0.0038837500000000005,4.1625000000000005,41.400000000000006,-93.09999996666669
2015-12-11,0.15984100642098464,280.8625,272.92499999999995,8.475000000000001,68.92500000000001,0.1725,0.004651250000000001,4.8125,41.400000000000006,-93.09999996666669
2015-12-19,0.12253455516864348,278.4375,270.95,3.4375000000000004,69.4375,0.16375,0.00362,4.1000000000000005,41.400000000000006,-93.09999996666669
2015-12-27,0.11647461131396546,272.1,266.88,4.760000000000001,66.62,0.08600000000000001,0.0024700000000000004,5.2,41.400000000000006,-93.09999996666669
2016-01-01,0.016474611313965458,274.3875,265.91249999999997,1.2750000000000001,76.78750000000001,0.14375000000000002,0.0024187500000000003,3.8125000000000004,41.400000000000006,-93.09999996666669
2016-01-09,0.016474611313965458,270.36249999999995,258.3625,0.11250000000000002,85.55,0.13375,0.00179375,4.8125,41.400000000000006,-93.09999996666669
2016-01-17,0.03730645125234117,267.3,261.5375,0.2,88.5,0.030000000000000002,0.00177125,3.2000000000000006,41.400000000000006,-93.09999996666669
2016-01-25,0.03730645125234117,277.9375,269.825,0.3125,97.19999999999999,0.19375,0.003015,3.9375000000000004,41.400000000000006,-93.09999996666669
2016-02-02,0.1,273.0125,265.2625,1.0750000000000002,89.5875,0.16625,0.0023650000000000003,5.6499999999999995,41.400000000000006,-93.09999996666669
2016-02-10,0.12253455516864348,270.4125,263.7125,1.9625000000000001,83.31250000000001,0.09000000000000001,0.0018462500000000002,3.1750000000000003,41.400000000000006,-93.09999996666669
2016-02-26,0.2,281.9125,270.0625,0.0,129.1875,0.39124999999999993,0.0030550000000000004,4.75,41.400000000000006,-93.09999996666669
2016-03-05,0.22253455516864348,289.6875,276.71250000000003,1.7375,174.18750000000003,0.4375,0.005527499999999999,4.125000000000001,41.400000000000006,-93.09999996666669
2016-03-13,0.2598410064209846,286.15,276.1,3.9250000000000003,153.3375,0.52375,0.0045575,4.075,41.400000000000006,-93.09999996666669
2016-03-21,0.3390091664826089,285.2,273.9375,1.4000000000000001,178.9875,0.39375,0.00418,4.875,41.400000000000006,-93.09999996666669
2016-03-29,0.4554837777965744,288.7,276.2625,3.0625,183.6625,0.6437500000000002,0.004302500000000001,5.6875,41.400000000000006,-93.09999996666669
2016-04-06,0.5554837777965744,286.875,273.125,0.41250000000000003,215.5375,0.5625,0.003577500000000001,5.2625,41.400000000000006,-93.09999996666669
2016-04-14,0.6554837777965744,296.175,283.95,2.2125000000000004,220.5375,0.9125,0.007211250000000001,4.6625,41.400000000000006,-93.09999996666669
2016-04-22,0.5477211187116287,291.675,282.3625,3.9125,229.65000000000003,0.57125,0.00715875,5.325,41.400000000000006,-93.09999996666669
2016-04-30,0.9346519378581988,291.7875,281.15000000000003,2.2375000000000003,214.88750000000002,0.735,0.0060662500000000005,4.3125,41.400000000000006,-93.09999996666669
2016-05-08,0.8346544428779995,293.0125,282.23749999999995,2.25,240.35000000000002,0.7025,0.0068487500000000015,4.875,41.400000000000006,-93.09999996666669
2016-05-16,0.8514839133932948,295.25000000000006,282.71250000000003,0.55,264.3,0.78875,0.00669875,3.2500000000000004,41.400000000000006,-93.09999996666669
2016-05-24,1.306255467767409,300.53749999999997,289.3,6.862500000000001,259.78749999999997,0.9975,0.011523750000000001,3.375,41.400000000000006,-93.09999996666669
2016-06-01,1.3227325841011752,301.02500000000003,287.85,0.6625000000000001,306.81250000000006,1.195,0.009075,4.362500000000001,41.400000000000006,-93.09999996666669
2016-06-09,1.5687534926023368,306.4875,293.125,2.6125000000000003,287.6125,1.4125,0.0146525,4.1625000000000005,41.400000000000006,-93.09999996666669
2016-06-17,1.6941405900976545,304.76250000000005,291.68749999999994,2.2,290.85,1.3312500000000003,0.01289,3.7625,41.400000000000006,-93.09999996666669
2016-06-25,1.849621862874428,301.2,289.9625,3.2625,257.6375,1.3087499999999999,0.010793750000000001,3.5125,41.400000000000006,-93.09999996666669
2016-07-03,2.1659009502756623,301.52500000000003,291.41249999999997,3.15,289.25000000000006,0.71125,0.013848750000000002,3.4375,41.400000000000006,-93.09999996666669
2016-07-11,2.0882399815315753,302.4,290.97499999999997,13.012500000000001,291.0,0.7525,0.01443875,3.825,41.400000000000006,-93.09999996666669
2016-07-19,2.24372375932815,304.425,293.8,7.875,277.59999999999997,0.98125,0.0168325,3.6,41.400000000000006,-93.09999996666669
2016-07-27,2.5151292603048283,300.4,291.775,3.6,264.34999999999997,0.52125,0.01454625,3.3750000000000004,41.400000000000006,-93.09999996666669
2016-08-04,2.466091811293941,302.425,292.1125,4.9125,236.66250000000002,0.87,0.01449625,3.2875,41.400000000000006,-93.09999996666669
2016-08-12,2.634456413945468,302.35,291.63750000000005,3.3125000000000004,246.0375,0.995,0.01412625,2.4625000000000004,41.400000000000006,-93.09999996666669
2016-08-20,2.5136245740070926,299.0125,289.1125,4.7125,198.60000000000002,0.635,0.0118,3.7750000000000004,41.400000000000006,-93.09999996666669
2016-08-28,2.3702581789000727,300.29999999999995,288.5375,0.5375,204.3875,0.9125000000000001,0.011467500000000002,3.4000000000000004,41.400000000000006,-93.09999996666669
2016-09-05,1.9268917837930537,301.35,290.02500000000003,7.449999999999999,217.4,1.0350000000000001,0.012395,4.700000000000001,41.400000000000006,-93.09999996666669
2016-09-13,1.4477211187116286,300.125,287.50000000000006,6.95,194.71250000000003,0.665,0.011618750000000002,3.8500000000000005,41.400000000000006,-93.09999996666669
2016-09-21,0.7420160340582802,299.1375,287.225,1.7,185.175,1.01875,0.011155,4.6,41.400000000000006,-93.09999996666669
2016-09-29,1.0390091664826089,294.775,284.3,1.4000000000000001,154.82500000000002,0.6050000000000001,0.008907499999999999,3.9625,41.400000000000006,-93.09999996666669
2016-10-07,0.8181773265442331,291.02500000000003,277.76250000000005,1.6625,155.90000000000003,0.48125,0.005956250000000001,4.512500000000001,41.400000000000006,-93.09999996666669
2016-10-15,0.7181773265442333,294.075,281.65,0.0,148.91250000000002,0.73,0.008216250000000001,4.175,41.400000000000006,-93.09999996666669
2016-10-23,0.4361566241559348,291.85,279.9125,1.8375000000000001,133.3375,0.51,0.0067325,4.337500000000001,41.400000000000006,-93.09999996666669
2016-10-31,0.5121173826895552,293.3125,280.0,1.0250000000000001,113.13749999999999,0.7312500000000001,0.006418750000000001,3.725,41.400000000000006,-93.09999996666669
2016-11-08,0.41647461131396546,288.95,274.1875,0.0,111.9625,0.545,0.004363750000000001,3.9250000000000003,41.400000000000006,-93.09999996666669
2016-11-16,0.3598410064209847,284.01249999999993,273.34999999999997,0.925,82.275,0.49750000000000005,0.00380125,5.4625,41.400000000000006,-93.09999996666669
2016-11-24,0.3225345551686435,281.4375,274.3875,1.9000000000000001,79.12500000000001,0.3137500000000001,0.0037687500000000004,4.9875,41.400000000000006,-93.09999996666669
2016-12-02,0.2598410064209846,273.8625,268.0,1.7375,66.62500000000001,0.20875,0.0024075,4.775,41.400000000000006,-93.09999996666669
2016-12-10,0.22253455516864348,268.375,258.9,0.5125000000000001,60.4,0.12875,0.00141,4.612500000000001,41.400000000000006,-93.09999996666669
2016-12-18,0.22253455516864348,274.72499999999997,265.9125,3.1875000000000004,71.7625,0.1875,0.0022987500000000004,4.525,41.400000000000006,-93.09999996666669
2016-12-26,0.13730645125234117,278.18333333333334,268.7166666666667,0.0,85.51666666666667,0.31000000000000005,0.0023083333333333332,5.583333333333333,41.400000000000006,-93.09999996666669
2017-01-01,0.1,269.3625,259.475,0.6000000000000001,75.2625,0.12625000000000003,0.0015525000000000003,4.612500000000001,41.400000000000006,-93.09999996666669
2017-01-09,0.13900916648260894,274.375,265.825,3.325,64.8875,0.20375,0.0020525,3.7624999999999997,41.400000000000006,-93.09999996666669
2017-01-17,0.11647461131396546,277.35,272.5625,0.6125,83.375,0.10875000000000001,0.00379875,3.1,41.400000000000006,-93.09999996666669
2017-01-25,0.11647461131396546,275.68750000000006,268.68749999999994,0.35000000000000003,94.45,0.17375,0.0027075,5.0875,41.400000000000006,-93.09999996666669
2017-02-02,0.12253455516864348,274.925,265.16249999999997,0.5375000000000001,109.68750000000001,0.23125,0.0020499999999999997,4.562500000000001,41.400000000000006,-93.09999996666669
2017-02-10,0.11647461131396546,286.26250000000005,271.9,0.0,129.26250000000002,0.6012500000000001,0.00300875,4.375,41.400000000000006,-93.09999996666669
2017-02-18,0.1433663951070192,287.4875,273.375,1.225,112.41250000000001,0.4850000000000001,0.0048275,4.725,41.400000000000006,-93.09999996666669
2017-02-26,0.21647461131396545,284.5875,271.275,0.15000000000000002,146.75,0.47125,0.00341125,5.075000000000001,41.400000000000006,-93.09999996666669
2017-03-06,0.22253455516864348,280.0625,268.575,2.1375,149.57500000000002,0.43,0.0023862500000000003,5.987500000000001,41.400000000000006,-93.09999996666669
2017-03-14,0.2598410064209846,284.4,270.175,0.275,177.225,0.51875,0.003085,4.525,41.400000000000006,-93.09999996666669
2017-03-22,0.2659009502756627,284.5625,277.77500000000003,6.0,109.9375,0.29,0.00530375,4.65,41.400000000000006,-93.09999996666669
2017-03-30,0.42253455516864347,283.8,277.3375,7.0,146.4125,0.27249999999999996,0.0050125000000000005,4.712500000000001,41.400000000000006,-93.09999996666669
2017-04-07,0.44506911033728697,294.4625,280.67499999999995,1.0125000000000002,219.67499999999998,0.78,0.00661125,4.825,41.400000000000006,-93.09999996666669
2017-04-15,0.5884355054443062,294.4375,280.975,3.7500000000000004,239.0625,0.83625,0.00632625,4.675,41.400000000000006,-93.09999996666669
2017-04-23,0.6884355054443061,287.9125,278.45,7.2125,164.03749999999997,0.5549999999999999,0.0051625,5.35,41.400000000000006,-93.09999996666669
2017-05-01,0.8242372703989113,293.7,280.1875,0.175,251.41250000000002,0.925,0.00545625,3.9875,41.400000000000006,-93.09999996666669
2017-05-09,0.9242372703989112,299.8875,287.45000000000005,4.0625,265.9625,1.10875,0.009602500000000002,4.2875000000000005,41.400000000000006,-93.09999996666669
2017-05-17,1.2407118817128766,291.9,282.61249999999995,3.8625000000000003,217.77500000000003,0.5387500000000001,0.007462500000000001,5.8374999999999995,41.400000000000006,-93.09999996666669
2017-05-25,1.2242372703989113,298.11249999999995,284.65,1.8875000000000002,284.65000000000003,1.11,0.00733375,3.4125,41.400000000000006,-93.09999996666669
2017-06-02,1.3251840585231842,303.4375,289.175,0.0,304.375,1.5637500000000002,0.009633750000000002,3.4375000000000004,41.400000000000006,-93.09999996666669
2017-06-10,1.6736636093606085,305.7625,292.9875,2.7125,293.57500000000005,1.33625,0.01450125,4.95,41.400000000000006,-93.09999996666669
2017-06-18,1.8352463718009429,301.32500000000005,287.48749999999995,3.3625000000000003,302.6625,1.3125,0.00921375,5.125000000000001,41.400000000000006,-93.09999996666669
2017-06-26,2.0223777248998456,301.22499999999997,289.7,3.6875,287.82500000000005,1.1900000000000002,0.01064,4.075000000000001,41.400000000000006,-93.09999996666669
2017-07-04,2.3895853325407126,305.4625,292.975,1.35,300.62500000000006,1.6712500000000001,0.012135000000000003,3.2750000000000004,41.400000000000006,-93.09999996666669
2017-07-12,2.1659009502756623,305.15000000000003,293.375,0.17500000000000002,302.82500000000005,1.6575000000000002,0.012228750000000002,3.575,41.400000000000006,-93.09999996666669
2017-07-20,2.3602349064113968,305.375,293.1375,2.2,296.9125,1.5825,0.01290125,4.2375,41.400000000000006,-93.09999996666669
2017-07-28,1.493695818509455,301.8875,288.08750000000003,1.6125,282.175,1.4737500000000001,0.00865375,3.9250000000000003,41.400000000000006,-93.09999996666669
2017-08-05,2.2208318399383757,300.78749999999997,286.96250000000003,0.0625,253.33750000000003,1.36875,0.00811375,3.4250000000000003,41.400000000000006,-93.09999996666669
2017-08-13,2.0164746113139653,301.8875,290.625,4.7250000000000005,201.8,1.11125,0.0118025,3.5875,41.400000000000006,-93.09999996666669
2017-08-21,1.8032074015280037,299.0875,287.36249999999995,4.1875,218.425,0.7350000000000001,0.011107500000000003,3.7375000000000003,41.400000000000006,-93.09999996666669
2017-08-29,1.744513717183625,300.0125,284.8375,0.0,236.66250000000002,1.1337499999999998,0.00850375,3.75,41.400000000000006,-93.09999996666669
2017-09-06,0.9319587308201234,300.8,284.625,0.0,234.03750000000002,1.5875,0.006186250000000001,3.0375,41.400000000000006,-93.09999996666669
2017-09-14,1.293940056145322,302.2625,289.7,5.95,196.125,1.1887500000000002,0.0114825,4.4375,41.400000000000006,-93.09999996666669
2017-09-22,1.1017027152302679,300.34999999999997,287.55,1.75,196.4875,1.06375,0.010577500000000002,3.6500000000000004,41.400000000000006,-93.09999996666669
2017-09-30,0.8017027152302677,295.0875,286.2375,4.9624999999999995,126.6875,0.62625,0.009361250000000002,4.525,41.400000000000006,-93.09999996666669
2017-10-08,0.745069110337287,290.65000000000003,281.0,5.0625,136.1375,0.43625,0.007217500000000002,4.4875,41.400000000000006,-93.09999996666669
2017-10-16,0.5554837777965744,293.9375,281.1625,4.15,148.775,0.75875,0.006500000000000001,5.362500000000001,41.400000000000006,-93.09999996666669
2017-10-24,0.5181773265442332,282.6125,272.7625,0.1125,113.28750000000002,0.4362499999999999,0.0031475000000000006,5.9624999999999995,41.400000000000006,-93.09999996666669
2017-11-01,0.4285944990233215,281.825,271.2375,0.0,95.175,0.22500000000000003,0.0038787500000000003,3.9250000000000003,41.400000000000006,-93.09999996666669
2017-11-09,0.38352288366623366,279.65,269.67499999999995,0.48750000000000004,95.8,0.215,0.00335625,4.5874999999999995,41.400000000000006,-93.09999996666669
2017-11-17,0.2433663951070192,283.775,270.7125,0.8375,94.33749999999999,0.41500000000000004,0.0033975000000000003,5.3875,41.400000000000006,-93.09999996666669
2017-11-25,0.2433663951070192,286.7875,271.79999999999995,0.0,93.88749999999999,0.49624999999999997,0.0035712500000000006,3.6375,41.400000000000006,-93.09999996666669
2017-12-03,0.27310821620694625,279.15,268.16249999999997,0.0,83.12500000000001,0.3075,0.0028125000000000003,6.050000000000001,41.400000000000006,-93.09999996666669
2017-12-11,0.1763156177349501,279.375,269.02500000000003,0.1375,69.125,0.3025,0.0026462500000000006,4.475,41.400000000000006,-93.09999996666669
2017-12-19,0.1774654448313565,271.575,263.05,0.6125,65.07500000000002,0.15875000000000003,0.00193125,3.9875000000000003,41.400000000000006,-93.09999996666669
2017-12-27,0.11647461131396546,263.7,255.47999999999996,0.72,64.84,0.098,0.000958,3.46,41.400000000000006,-93.09999996666669
2018-01-01,0.1,266.4625,254.42499999999998,0.0,92.35000000000001,0.11499999999999999,0.0012200000000000002,3.6625,41.400000000000006,-93.09999996666669
2018-01-09,0.17310821620694627,268.025,259.3,0.675,70.35,0.09,0.0018812500000000001,5.437500000000001,41.400000000000006,-93.09999996666669
2018-01-17,0.11647461131396546,276.96250000000003,268.875,3.0125,102.15,0.22249999999999998,0.00277625,4.2250000000000005,41.400000000000006,-93.09999996666669
2018-01-25,0.2,277.6875,264.96250000000003,0.0,113.16250000000002,0.28625,0.0022749999999999997,4.9375,41.400000000000006,-93.09999996666669
2018-02-02,0.11647461131396546,267.88750000000005,258.075,2.3875,84.05,0.10250000000000001,0.0014375,3.9875,41.400000000000006,-93.09999996666669
2018-02-10,0.10605994385467801,273.08750000000003,262.6625,0.45,119.2625,0.16,0.00205125,3.6500000000000004,41.400000000000006,-93.09999996666669
2018-02-18,0.11041466745928744,277.1375,268.65,2.0375,97.225,0.19625000000000004,0.002873750000000001,4.6375,41.400000000000006,-93.09999996666669
2018-02-26,0.1433663951070192,285.07500000000005,272.83750000000003,2.1,148.6875,0.47625000000000006,0.0034550000000000006,5.7250000000000005,41.400000000000006,-93.09999996666669
2018-03-06,0.21041466745928744,277.41249999999997,268.3875,0.775,137.9375,0.27375000000000005,0.0023037500000000002,4.7375,41.400000000000006,-93.09999996666669
2018-03-14,0.21647461131396545,281.93749999999994,271.2,2.225,164.225,0.40625,0.00289625,4.25,41.400000000000006,-93.09999996666669
2018-03-22,0.22253455516864348,280.7875,272.6375,3.6875,143.5,0.275,0.003485,5.2375,41.400000000000006,-93.09999996666669
2018-03-30,0.30605994385467805,278.90000000000003,266.7125,0.225,161.51250000000002,0.31500000000000006,0.0023200000000000004,4.875,41.400000000000006,-93.09999996666669
2018-04-07,0.2477211187116286,284.45000000000005,272.40000000000003,2.8125,176.6375,0.36875,0.00436875,5.1000000000000005,41.400000000000006,-93.09999996666669
2018-04-15,0.2433663951070192,283.7875,273.35,0.42500000000000004,188.7375,0.5475000000000001,0.00305125,4.812500000000001,41.400000000000006,-93.09999996666669
2018-04-23,0.5450691103372869,295.55000000000007,278.7625,0.0,265.17499999999995,1.15375,0.004401250000000001,4.75,41.400000000000006,-93.09999996666669
2018-05-01,0.5390091664826089,299.73749999999995,286.5625,4.2625,253.60000000000002,1.1612500000000001,0.0085975,4.625,41.400000000000006,-93.09999996666669
2018-05-09,0.8554837777965744,296.45000000000005,285.875,4.8500000000000005,245.96250000000003,0.7050000000000001,0.009552499999999998,4.1625000000000005,41.400000000000006,-93.09999996666669
2018-05-17,1.1181773265442332,300.0375,289.2125,2.8000000000000003,267.05,0.9925000000000002,0.010888749999999999,3.3125,41.400000000000006,-93.09999996666669
2018-05-25,1.3017027152302678,306.625,292.73749999999995,2.5875000000000004,284.08750000000003,1.875,0.011878750000000002,2.9875000000000007,41.400000000000006,-93.09999996666669
2018-06-02,1.6450691103372868,302.925,290.02500000000003,4.25,278.5625,1.3162500000000001,0.0112075,3.575,41.400000000000006,-93.09999996666669
2018-06-10,1.5937420272127905,302.8875,292.3875,6.687500000000001,279.2125,1.12125,0.0135225,4.8500000000000005,41.400000000000006,-93.09999996666669
2018-06-18,2.065702921343131,300.18749999999994,291.175,11.587500000000002,216.0125,0.7262500000000001,0.013426250000000002,3.5250000000000004,41.400000000000006,-93.09999996666669
2018-06-26,2.5677970315440097,303.6125,292.85,6.65,292.3625,0.9912500000000001,0.014915000000000001,3.837500000000001,41.400000000000006,-93.09999996666669
2018-07-04,2.60245397944181,304.2,291.5125,0.0,316.3625,1.2975,0.012870000000000001,3.6,41.400000000000006,-93.09999996666669
2018-07-12,2.574811278582363,304.6125,292.9125,3.7125,279.5625,1.32875,0.013570000000000002,3.2125000000000004,41.400000000000006,-93.09999996666669
2018-07-20,2.2484748879429715,301.0375,289.125,0.1,311.37500000000006,1.11875,0.010578750000000001,4.5375,41.400000000000006,-93.09999996666669
2018-07-28,2.166294850266074,302.44999999999993,289.5875,0.45,249.425,1.56875,0.009138750000000001,3.6875000000000004,41.400000000000006,-93.09999996666669
2018-08-05,1.9189285907557756,304.9375,291.5625,1.825,259.1,1.60125,0.011537500000000001,3.1375,41.400000000000006,-93.09999996666669
2018-08-13,1.8443156882510932,302.34999999999997,291.66249999999997,5.6625000000000005,217.4625,1.085,0.012757500000000003,3.2375000000000003,41.400000000000006,-93.09999996666669
2018-08-21,1.5399584596266829,301.99999999999994,290.5125,4.6625,212.80000000000004,0.89125,0.01351625,4.5875,41.400000000000006,-93.09999996666669
2018-08-29,1.3147718960836978,301.3125,291.1875,18.35,184.675,0.54875,0.015322500000000003,4.4375,41.400000000000006,-93.09999996666669
2018-09-06,1.2164746113139655,298.0625,286.3625,2.8125,194.6125,0.64125,0.0109,4.0,41.400000000000006,-93.09999996666669
2018-09-14,0.9344539089256669,302.71250000000003,290.0,3.45,205.70000000000002,0.79125,0.01459875,3.8625,41.400000000000006,-93.09999996666669
2018-09-22,0.7801149481858973,292.5625,281.05,2.825,163.08749999999998,0.5425,0.007452500000000001,3.4625000000000004,41.400000000000006,-93.09999996666669
2018-09-30,0.5153272892373599,290.78749999999997,281.175,10.5875,134.72500000000002,0.15,0.009405,4.2250000000000005,41.400000000000006,-93.09999996666669
2018-10-08,0.645069110337287,286.02500000000003,277.83750000000003,7.8375,123.35000000000001,0.19874999999999998,0.0069,4.175000000000001,41.400000000000006,-93.09999996666669
2018-10-16,0.4659009502756627,288.75,274.3125,0.08750000000000001,158.8,0.5537500000000001,0.00432625,4.3,41.400000000000006,-93.09999996666669
2018-10-24,0.42253455516864347,288.59999999999997,276.3875,0.2,121.33750000000002,0.475,0.005045,3.3750000000000004,41.400000000000006,-93.09999996666669
2018-11-01,0.345069110337287,280.5625,274.38750000000005,4.5875,83.9625,0.18625000000000003,0.00432625,4.050000000000001,41.400000000000006,-93.09999996666669
2018-11-09,0.3164746113139655,275.65,265.2375,0.28750000000000003,90.9125,0.20125,0.00223625,4.275,41.400000000000006,-93.09999996666669
2018-11-17,0.21647461131396545,278.23750000000007,268.3875,1.375,84.19999999999999,0.1875,0.003245,4.125,41.400000000000006,-93.09999996666669
2018-11-25,0.22253455516864348,272.5875,266.775,4.6125,70.88749999999999,0.07125,0.0027,5.5,41.400000000000006,-93.09999996666669
2018-12-03,0.21647461131396545,273.275,264.5625,0.08750000000000001,73.53750000000001,0.12125,0.00223375,3.5,41.400000000000006,-93.09999996666669
2018-12-11,0.21647461131396545,281.225,269.45,0.0,79.1375,0.3275,0.00288375,3.2,41.400000000000006,-93.09999996666669
2018-12-19,0.2,277.8125,269.575,3.1625000000000005,70.17500000000001,0.15249999999999997,0.0033300000000000005,4.1000000000000005,41.400000000000006,-93.09999996666669
2018-12-27,0.13730645125234117,274.64,265.24,2.6,65.42,0.10600000000000001,0.0028080000000000006,5.32,41.400000000000006,-93.09999996666669
2019-01-01,0.1,280.4375,269.8625,0.7000000000000001,81.85,0.30874999999999997,0.0030900000000000003,5.112500000000001,41.400000000000006,-93.09999996666669
2019-01-09,0.1,272.66249999999997,266.79999999999995,1.5875000000000001,87.0375,0.1575,0.0021025,3.925,41.400000000000006,-93.09999996666669
2019-01-17,0.1,268.125,259.05,2.9000000000000004,78.175,0.056249999999999994,0.0017125,4.9125,41.400000000000006,-93.09999996666669
2019-01-25,0.07916816006162428,265.475,250.775,0.38750000000000007,92.67500000000001,0.065,0.0012274999999999999,4.750000000000001,41.400000000000006,-93.09999996666669
2019-02-02,0.0,271.2625,262.92499999999995,0.9500000000000001,94.65,0.09125000000000001,0.00247,4.725,41.400000000000006,-93.09999996666669
2019-02-10,0.0,271.65,260.95,3.675,95.47500000000001,0.09250000000000001,0.0020862500000000004,4.2375,41.400000000000006,-93.09999996666669
2019-02-18,0.0,270.5125,259.1375,3.1000000000000005,127.4625,0.04875000000000001,0.0020350000000000004,4.2625,41.400000000000006,-93.09999996666669
2019-02-26,0.1,265.8625,258.1625,0.0,143.675,0.08,0.00129125,4.2375,41.400000000000006,-93.09999996666669
2019-03-06,0.2,277.0625,270.02500000000003,4.5125,141.51250000000002,0.23000000000000004,0.00287,4.3875,41.400000000000006,-93.09999996666669
2019-03-14,0.2,283.075,271.21250000000003,0.5875,180.975,0.35875,0.0033000000000000004,4.2125,41.400000000000006,-93.09999996666669
2019-03-22,0.21647461131396545,286.7625,275.0875,1.3875,145.225,0.44875,0.004425000000000001,4.1000000000000005,41.400000000000006,-93.09999996666669
2019-03-30,0.22253455516864348,286.7125,275.0625,0.9375,198.39999999999998,0.505,0.004347500000000001,4.7250000000000005,41.400000000000006,-93.09999996666669
2019-04-07,0.26419573002559404,288.7375,276.4375,0.28750000000000003,188.9875,0.615,0.0046775,5.775,41.400000000000006,-93.09999996666669
2019-04-15,0.4390091664826089,295.92499999999995,279.875,0.5125000000000001,237.06250000000003,0.93,0.006345000000000001,5.012500000000001,41.400000000000006,-93.09999996666669
2019-04-23,0.5554837777965744,289.2125,278.4625,5.925000000000001,177.0875,0.5275,0.00543625,4.3875,41.400000000000006,-93.09999996666669
2019-05-01,0.6615437216512525,291.87499999999994,280.2,2.45,202.11250000000004,0.49250000000000005,0.007121250000000001,4.125,41.400000000000006,-93.09999996666669
2019-05-09,0.635804269974406,291.6,280.7125,5.4375,202.29999999999998,0.6212500000000001,0.006900000000000002,3.5875000000000004,41.400000000000006,-93.09999996666669
2019-05-17,0.8780183329652178,294.70000000000005,283.85,12.562500000000002,221.125,0.5437500000000001,0.009232500000000001,5.5874999999999995,41.400000000000006,-93.09999996666669
2019-05-25,0.8780183329652178,297.86250000000007,286.95000000000005,8.912500000000001,249.11249999999998,0.5862500000000002,0.011291250000000001,3.5125,41.400000000000006,-93.09999996666669
2019-06-02,0.9615437216512525,301.56250000000006,289.55,0.42500000000000004,290.46250000000003,0.9900000000000001,0.01200875,3.5625000000000004,41.400000000000006,-93.09999996666669
2019-06-10,1.139009166482609,299.025,287.3125,1.6875,270.9875,0.90375,0.01005,3.6750000000000003,41.400000000000006,-93.09999996666669
2019-06-18,0.8206313059860433,298.1,289.6875,10.8375,246.93750000000003,0.53375,0.012595,3.9000000000000004,41.400000000000006,-93.09999996666669
2019-06-26,1.053585538653576,305.26250000000005,294.5625,1.8250000000000002,296.46250000000003,0.95375,0.0172275,3.75,41.400000000000006,-93.09999996666669
2019-07-04,1.6598410064209845,303.12499999999994,292.425,0.0,305.85,0.79,0.015486250000000002,3.6750000000000003,41.400000000000006,-93.09999996666669
2019-07-12,1.9356037360220735,305.625,294.9,1.6625,300.375,0.91875,0.017973750000000004,3.7750000000000004,41.400000000000006,-93.09999996666669
2019-07-20,2.084474681830108,302.05,290.65000000000003,3.5875000000000004,290.2375,0.75625,0.01431,3.6750000000000003,41.400000000000006,-93.09999996666669
2019-07-28,2.2738619854382893,301.05,289.675,1.6,268.6875,0.7625,0.013052500000000002,3.325,41.400000000000006,-93.09999996666669
2019-08-05,1.9132697148057625,302.475,290.8125,2.85,240.83749999999998,0.6725,0.01505125,2.8375,41.400000000000006,-93.09999996666669
2019-08-13,2.21306918085343,300.81250000000006,290.5625,11.5,240.425,0.545,0.014606250000000001,3.3,41.400000000000006,-93.09999996666669
2019-08-21,2.1668527484395375,297.46250000000003,287.425,2.6125000000000003,222.23750000000004,0.5650000000000001,0.011182500000000001,4.0125,41.400000000000006,-93.09999996666669
2019-08-29,1.8466103324043042,299.6625000000001,287.5375,0.8875000000000001,215.62500000000003,0.7337499999999999,0.01171875,3.6,41.400000000000006,-93.09999996666669
2019-09-06,1.9208318399383757,301.11249999999995,289.46250000000003,4.125,204.4,0.77125,0.0131725,4.625,41.400000000000006,-93.09999996666669
2019-09-14,1.506059943854678,303.25,292.2125,4.25,198.63750000000002,0.9675,0.014516250000000001,4.3375,41.400000000000006,-93.09999996666669
2019-09-22,1.2537810625663068,296.975,285.1375,5.8125,173.22500000000002,0.5562499999999999,0.010437499999999999,4.4,41.400000000000006,-93.09999996666669
2019-09-30,1.0390091664826089,293.55,282.0,13.425,152.875,0.4425,0.009233750000000002,4.15,41.400000000000006,-93.09999996666669
2019-10-08,0.8181773265442331,288.6625,275.7375,4.5375000000000005,161.7625,0.47875,0.005223750000000001,5.700000000000001,41.400000000000006,-93.09999996666669
2019-10-16,0.6554837777965744,288.42499999999995,276.6875,3.0750000000000006,137.7,0.43375,0.005380000000000001,5.112500000000001,41.400000000000006,-93.09999996666669
2019-10-24,0.44942383394189633,280.47499999999997,271.1625,0.5,121.31250000000001,0.25999999999999995,0.0033425000000000004,3.4875000000000003,41.400000000000006,-93.09999996666669
2019-11-01,0.3852281039163023,280.5125,269.27500000000003,0.21250000000000002,104.32499999999999,0.315,0.0028662500000000003,4.300000000000001,41.400000000000006,-93.09999996666669
2019-11-09,0.345069110337287,277.325,265.06249999999994,0.4625,102.85000000000001,0.2525,0.00247625,4.475,41.400000000000006,-93.09999996666669
2019-11-17,0.2433663951070192,283.125,272.47499999999997,1.4625000000000001,81.7125,0.33625,0.00377,3.95,41.400000000000006,-93.09999996666669
2019-11-25,0.27310821620694625,277.65,271.0875,1.9500000000000002,63.55,0.1675,0.00338625,5.2125,41.400000000000006,-93.09999996666669
2019-12-03,0.20605994385467802,279.84999999999997,269.0,0.037500000000000006,85.9125,0.2975,0.00291,4.275,41.400000000000006,-93.09999996666669
2019-12-11,0.22253455516864348,272.7375,263.275,0.125,73.5,0.12,0.0021275,3.3499999999999996,41.400000000000006,-93.09999996666669
2019-12-19,0.18352538868603455,283.9,272.0125,0.0,85.60000000000001,0.40499999999999997,0.00340375,3.6625,41.400000000000006,-93.09999996666669
2019-12-27,0.2,278.34000000000003,269.68,4.24,63.96,0.158,0.0034820000000000003,5.4399999999999995,41.400000000000006,-93.09999996666669
2020-01-01,0.09394005614532197,280.02500000000003,267.91249999999997,0.0,81.2125,0.30000000000000004,0.0026225000000000007,4.45,41.400000000000006,-93.09999996666669
2020-01-09,0.1,273.09999999999997,263.79999999999995,2.0875,82.1375,0.12,0.0025075,4.8375,41.400000000000006,-93.09999996666669
2020-01-17,0.043366395107019194,270.1,261.775,3.7875,81.13750000000002,0.0975,0.0020212500000000005,5.0625,41.400000000000006,-93.09999996666669
2020-01-25,0.02253455516864348,273.5875,268.5,0.1375,96.2375,0.15,0.00252,2.4875,41.400000000000006,-93.09999996666669
2020-02-02,0.043366395107019194,275.5875,265.325,0.4625,94.1875,0.20625000000000002,0.00224875,3.8875,41.400000000000006,-93.09999996666669
2020-02-10,0.12253455516864348,274.30000000000007,262.225,0.45000000000000007,125.7625,0.21250000000000002,0.001935,4.075,41.400000000000006,-93.09999996666669
2020-02-18,0.11647461131396546,277.7375,266.90000000000003,0.0,139.66250000000002,0.33749999999999997,0.00214125,4.2125,41.400000000000006,-93.09999996666669
2020-02-26,0.15378106256630664,281.6625,270.2375,0.0,152.42500000000004,0.4025,0.0027837500000000006,4.0,41.400000000000006,-93.09999996666669
2020-03-05,0.22253455516864348,287.575,273.97499999999997,2.0500000000000003,168.85000000000002,0.5675000000000001,0.00392125,5.4125000000000005,41.400000000000006,-93.09999996666669
2020-03-13,0.21647461131396545,281.8875,272.375,5.7,158.9375,0.28625,0.0037712500000000003,4.3125,41.400000000000006,-93.09999996666669
2020-03-21,0.3390091664826089,284.9875,276.58750000000003,2.275,152.3,0.33749999999999997,0.00506875,4.550000000000001,41.400000000000006,-93.09999996666669
2020-03-29,0.3390091664826089,287.3375,274.58750000000003,1.9375,190.9375,0.5525,0.00405625,4.975,41.400000000000006,-93.09999996666669
2020-04-06,0.44942383394189633,289.61250000000007,275.1125,1.7125000000000001,197.5875,0.59375,0.00500625,4.987500000000001,41.400000000000006,-93.09999996666669
2020-04-14,0.40150218127793524,285.525,273.3625,1.5125,231.93750000000003,0.59125,0.00313125,3.8625000000000007,41.400000000000006,-93.09999996666669
2020-04-22,0.5823755615896281,294.90000000000003,282.3875,0.55,229.0,0.9175000000000002,0.006283750000000001,4.6000000000000005,41.400000000000006,-93.09999996666669
2020-04-30,0.5708110670339342,293.1625,281.275,1.3375000000000001,210.42499999999998,0.8462500000000002,0.0058475,3.837500000000001,41.400000000000006,-93.09999996666669
2020-05-08,0.8109675555931488,290.65,279.725,2.975,217.2,0.6587500000000001,0.0054425,4.3875,41.400000000000006,-93.09999996666669
2020-05-16,1.05888920825711,292.825,286.25,5.425000000000001,196.22500000000002,0.4625,0.00921625,4.1625,41.400000000000006,-93.09999996666669
2020-05-24,0.9721614280826731,298.92500000000007,288.54999999999995,2.9000000000000004,235.05,0.9075,0.010427500000000001,3.7500000000000004,41.400000000000006,-93.09999996666669
2020-06-01,1.1693063807361983,305.34999999999997,293.73750000000007,1.4000000000000001,289.1375,1.41875,0.0139075,4.875000000000001,41.400000000000006,-93.09999996666669
2020-06-09,1.4710090959664661,300.56250000000006,288.3375,8.100000000000001,269.46250000000003,1.0225,0.010642500000000001,4.875,41.400000000000006,-93.09999996666669
2020-06-17,1.242021044097882,301.2875,290.7,5.2875,271.0,0.9775,0.012332500000000003,3.6125,41.400000000000006,-93.09999996666669
2020-06-25,1.892993268021049,303.325,293.91249999999997,2.4125,271.6,0.87625,0.0157575,4.1000000000000005,41.400000000000006,-93.09999996666669
2020-07-03,1.935403202069741,305.6625,293.8875,0.08750000000000001,311.6625,1.2575,0.015286250000000001,2.8500000000000005,41.400000000000006,-93.09999996666669
2020-07-11,2.5852306089361035,303.775,292.5125,9.2,295.71250000000003,0.8875,0.01555625,4.1375,41.400000000000006,-93.09999996666669
2020-07-19,2.507006731978951,303.25,293.33750000000003,3.0250000000000004,267.76250000000005,1.00875,0.0147575,3.5249999999999995,41.400000000000006,-93.09999996666669
2020-07-27,2.9232883243999868,301.51250000000005,289.7875,0.30000000000000004,270.65000000000003,0.99125,0.012087500000000001,3.5375000000000005,41.400000000000006,-93.09999996666669
2020-08-04,2.4836847239746334,300.99999999999994,289.675,1.5750000000000002,241.67500000000004,0.7537500000000001,0.013268750000000003,4.25,41.400000000000006,-93.09999996666669
2020-08-12,2.6876845883779135,302.3625,288.5625,0.21250000000000002,258.5875,1.2612500000000002,0.01052375,3.9375,41.400000000000006,-93.09999996666669
2020-08-20,1.8712099770639479,306.2875,291.6,0.0,248.03750000000002,1.85625,0.0112025,4.125,41.400000000000006,-93.09999996666669
2020-08-28,1.967050777372069,300.95,286.475,1.6250000000000002,229.07500000000005,1.3199999999999998,0.008597500000000001,4.200000000000001,41.400000000000006,-93.09999996666669
2020-09-05,1.6835253886860344,294.01250000000005,283.9625,11.025000000000002,145.08749999999998,0.6625,0.00869,5.0375,41.400000000000006,-93.09999996666669
2020-09-13,1.262693548747659,297.3,282.2875,0.0,222.08750000000003,0.7549999999999999,0.008530000000000001,3.6,41.400000000000006,-93.09999996666669
2020-09-21,1.0687534926023368,297.6875,285.425,1.125,183.95,0.7975000000000001,0.00957,4.5,41.400000000000006,-93.09999996666669
2020-09-29,0.677665978783689,289.425,278.375,0.8125,157.5875,0.63125,0.004987500000000001,4.0625,41.400000000000006,-93.09999996666669
2020-10-07,0.6852281039163024,297.55,280.9375,0.0,170.14999999999998,1.03,0.006692500000000001,5.0375000000000005,41.400000000000006,-93.09999996666669
2020-10-15,0.5615437216512524,283.7125,273.8375,6.9,111.8,0.38249999999999995,0.00392,4.4875,41.400000000000006,-93.09999996666669
2020-10-23,0.5181773265442332,277.575,269.925,0.25,115.92500000000001,0.19125,0.0030100000000000005,4.05,41.400000000000006,-93.09999996666669
2020-10-31,0.3390091664826089,292.775,276.8,0.0,123.60000000000001,0.765,0.0053100000000000005,5.1375,41.400000000000006,-93.09999996666669
2020-11-08,0.3390091664826089,286.2375,272.5625,3.6125,99.75000000000001,0.32125,0.0052337500000000006,5.512500000000001,41.400000000000006,-93.09999996666669
2020-11-16,0.3164746113139655,284.6125,271.91249999999997,1.75,86.1375,0.4225,0.0036724999999999995,4.2125,41.400000000000006,-93.09999996666669
2020-11-24,0.3164746113139655,279.73749999999995,269.9375,3.2,79.82500000000002,0.26249999999999996,0.003125,4.05,41.400000000000006,-93.09999996666669
2020-12-02,0.23900916648260895,280.7,269.73749999999995,0.0,89.7875,0.34249999999999997,0.0027375000000000003,2.5250000000000004,41.400000000000006,-93.09999996666669
2020-12-10,0.23900916648260895,273.775,266.1625,2.6500000000000004,68.3875,0.14375,0.002595,3.4375,41.400000000000006,-93.09999996666669
2020-12-18,0.22253455516864348,277.425,264.8,0.0,82.5125,0.26625000000000004,0.0023250000000000002,5.2875000000000005,41.400000000000006,-93.09999996666669
2020-12-26,0.17916816006162428,272.8833333333334,265.56666666666666,3.6,75.58333333333333,0.13,0.00218,3.8833333333333333,41.400000000000006,-93.09999996666669
2021-01-01,0.0,274.0375000000001,264.925,0.0,85.0125,0.14125000000000001,0.0022725,2.9875000000000003,41.400000000000006,-93.09999996666669
2021-01-09,0.0,275.66249999999997,269.425,0.8750000000000001,80.88750000000002,0.22,0.0024825000000000003,4.175,41.400000000000006,-93.09999996666669
2021-01-17,0.02253455516864348,274.66249999999997,263.4875,0.1625,95.525,0.16875,0.0021125000000000002,3.6374999999999997,41.400000000000006,-93.09999996666669
2021-01-25,0.0,271.83750000000003,263.125,2.8625000000000003,97.76249999999999,0.11750000000000001,0.0020262500000000003,4.6625000000000005,41.400000000000006,-93.09999996666669
2021-02-02,0.0,265.175,256.6625,1.5125,97.225,0.095,0.001265,3.4500000000000006,41.400000000000006,-93.09999996666669
2021-02-10,0.1,257.7875,251.7125,0.2,104.5125,0.052500000000000005,0.0006425000000000001,3.5125,41.400000000000006,-93.09999996666669
2021-02-18,0.12253455516864348,275.975,266.575,0.42500000000000004,128.07500000000002,0.24875,0.0021725000000000004,3.575,41.400000000000006,-93.09999996666669
2021-02-26,0.10605994385467801,283.2875,270.71250000000003,0.0,167.4125,0.47625000000000006,0.00266,3.3500000000000005,41.400000000000006,-93.09999996666669
2021-03-06,0.22253455516864348,290.4875,276.4625,0.9125,188.8375,0.7462500000000001,0.004322500000000001,4.637500000000001,41.400000000000006,-93.09999996666669
2021-03-14,0.2626935487476588,283.2,273.5875,2.4375,156.025,0.39125,0.0037025000000000005,5.824999999999999,41.400000000000006,-93.09999996666669
2021-03-22,0.30605994385467805,286.56249999999994,278.8875,5.575,150.125,0.46625000000000005,0.005062500000000001,4.7875000000000005,41.400000000000006,-93.09999996666669
2021-03-30,0.42253455516864347,291.22499999999997,277.2375,0.0,228.8125,0.8724999999999999,0.00479625,5.237500000000001,41.400000000000006,-93.09999996666669
2021-04-07,0.4659009502756627,287.4375,277.85,3.2375000000000003,198.7625,0.455,0.00517875,5.0875,41.400000000000006,-93.09999996666669
2021-04-15,0.5852281039163023,284.34999999999997,274.375,0.475,190.22500000000002,0.5112500000000001,0.00327375,3.6875000000000004,41.400000000000006,-93.09999996666669
2021-04-23,0.5658984452558617,294.29999999999995,280.71250000000003,0.1375,219.28750000000002,0.8025,0.00662875,4.6375,41.400000000000006,-93.09999996666669
2021-05-01,0.7467718255675548,294.3625,281.7625,4.875,240.5875,0.9225,0.006215000000000001,5.575000000000001,41.400000000000006,-93.09999996666669
2021-05-09,0.8615437216512524,291.8,281.075,2.9375000000000004,231.67500000000004,0.745,0.0055450000000000004,4.0125,41.400000000000006,-93.09999996666669
2021-05-17,1.0693063807361982,297.63750000000005,291.2375,3.2625,204.875,0.7612500000000001,0.011590000000000001,5.2,41.400000000000006,-93.09999996666669
2021-05-25,1.0840782768198958,294.9875,283.7,2.375,242.56250000000006,0.7575000000000001,0.0079475,3.9125,41.400000000000006,-93.09999996666669
2021-06-02,1.1872856783478998,304.35,292.15000000000003,0.0,296.2875,1.5249999999999997,0.011763750000000002,3.9875000000000007,41.400000000000006,-93.09999996666669
2021-06-10,1.4797210481954857,306.675,292.125,0.0,303.59999999999997,1.90625,0.011413750000000002,3.5500000000000007,41.400000000000006,-93.09999996666669
2021-06-18,1.7450691103372868,302.7,290.1,7.612500000000001,275.27500000000003,1.12375,0.01235875,4.4,41.400000000000006,-93.09999996666669
2021-06-26,2.064198235045395,301.8125,292.76250000000005,0.925,262.1,1.02625,0.0131725,2.9000000000000004,41.400000000000006,-93.09999996666669
2021-07-04,2.0980967508173998,301.61249999999995,292.05,6.475,259.825,0.9900000000000001,0.01314125,4.2,41.400000000000006,-93.09999996666669
2021-07-12,2.04000967836962,301.1375,291.6625,1.8250000000000002,298.83750000000003,0.86875,0.01327,2.6874999999999996,41.400000000000006,-93.09999996666669
2021-07-20,2.4903416067918567,305.3875,294.175,0.0,310.27500000000003,1.6687500000000002,0.01262375,3.4375000000000004,41.400000000000006,-93.09999996666669
2021-07-28,2.494498301463934,302.35,290.975,6.5,278.7625,1.1987500000000002,0.011960000000000002,3.5375000000000005,41.400000000000006,-93.09999996666669
2021-08-05,2.647327565866366,304.16249999999997,293.875,0.8125,250.41250000000002,1.005,0.01572875,4.4875,41.400000000000006,-93.09999996666669
2021-08-13,2.3151267552850276,302.825,291.1625,0.2,254.9375,1.3650000000000002,0.011168750000000002,4.15,41.400000000000006,-93.09999996666669
2021-08-21,2.2509310252594332,305.87500000000006,292.975,2.15,234.475,1.41625,0.014316250000000003,4.5875,41.400000000000006,-93.09999996666669
2021-08-29,1.9077626590849457,299.875,289.475,6.15,211.6,0.8225,0.011852500000000002,3.825,41.400000000000006,-93.09999996666669
2021-09-06,1.6554862828163752,302.8125,289.0125,0.0,228.87500000000003,1.3650000000000002,0.010388749999999999,3.95,41.400000000000006,-93.09999996666669
2021-09-14,1.3494263389616972,301.37499999999994,286.65,0.575,199.20000000000002,1.1975,0.009698749999999999,4.7625,41.400000000000006,-93.09999996666669
2021-09-22,0.9242372703989112,300.425,284.55,0.3375,205.76250000000002,1.4037500000000003,0.0072812499999999995,4.075000000000001,41.400000000000006,-93.09999996666669
2021-09-30,0.7973454866058575,299.38749999999993,288.75,0.2875,153.7,1.0537500000000002,0.009837499999999999,3.2125,41.400000000000006,-93.09999996666669
2021-10-08,0.645069110337287,296.0125,284.375,6.987500000000001,141.9875,0.9287500000000001,0.007552499999999999,4.3125,41.400000000000006,-93.09999996666669
2021-10-16,0.4390091664826089,292.4,278.52500000000003,1.6750000000000003,139.325,0.82875,0.005040000000000001,4.325,41.400000000000006,-93.09999996666669
2021-10-24,0.4390091664826089,286.225,277.9125,11.925,110.16250000000001,0.35,0.005341250000000001,6.050000000000001,41.400000000000006,-93.09999996666669
2021-11-01,0.3329492226279309,287.2,275.22499999999997,0.0,103.2375,0.52,0.00428875,4.0375000000000005,41.400000000000006,-93.09999996666669
2021-11-09,0.3390091664826089,282.65,274.84999999999997,6.0125,87.50000000000001,0.295,0.004302500000000001,5.575,41.400000000000006,-93.09999996666669
2021-11-17,0.2791681600616243,282.6625,269.7375,0.0,87.7625,0.40375,0.0028762500000000003,4.775,41.400000000000006,-93.09999996666669
2021-11-25,0.20605994385467802,284.7625,271.97499999999997,0.08750000000000001,91.36250000000001,0.49624999999999997,0.0033012500000000004,4.025,41.400000000000006,-93.09999996666669
2021-12-03,0.22688927877325288,280.9125,269.6125,0.05,79.3,0.34500000000000003,0.0028537500000000004,4.625,41.400000000000006,-93.09999996666669
2021-12-11,0.20605994385467802,283.5625,271.225,0.7250000000000001,81.4625,0.42125,0.0034825000000000004,5.6625000000000005,41.400000000000006,-93.09999996666669
2021-12-19,0.22253455516864348,280.98749999999995,268.7125,0.125,83.0375,0.3075,0.0029950000000000007,4.0625,41.400000000000006,-93.09999996666669
2021-12-27,0.1433663951070192,273.14,264.8,2.5200000000000005,70.1,0.068,0.00269,3.5799999999999996,41.400000000000006,-93.09999996666669
2022-01-01,0.0,266.5,254.4125,0.8875000000000001,87.25,0.0625,0.0014175000000000001,5.65,41.400000000000006,-93.09999996666669
2022-01-09,0.02253455516864348,274.075,263.3375,2.3000000000000003,92.17500000000001,0.19124999999999998,0.002135,4.075,41.400000000000006,-93.09999996666669
2022-01-17,0.02253455516864348,270.7875,256.6875,0.0,103.41250000000001,0.09875,0.00180375,4.475,41.400000000000006,-93.09999996666669
2022-01-25,0.043366395107019194,271.2625,257.8625,0.0,115.87499999999999,0.13375,0.0016287500000000002,3.975,41.400000000000006,-93.09999996666669
2022-02-02,0.11647461131396546,272.99999999999994,260.36249999999995,0.0,110.80000000000001,0.19375,0.0017262500000000001,4.4,41.400000000000006,-93.09999996666669
2022-02-10,0.12253455516864348,274.95000000000005,262.2625,0.275,117.875,0.20500000000000002,0.0021100000000000003,5.2875000000000005,41.400000000000006,-93.09999996666669
2022-02-18,0.11647461131396546,275.225,261.725,0.45,112.56250000000001,0.29000000000000004,0.0018325000000000001,5.3875,41.400000000000006,-93.09999996666669
2022-02-26,0.21647461131396545,286.75,270.03749999999997,0.9625,153.6875,0.54625,0.00335875,4.1875,41.400000000000006,-93.09999996666669
2022-03-06,0.21647461131396545,275.2,264.50000000000006,1.1125,182.46250000000003,0.22750000000000004,0.0020475000000000003,4.2625,41.400000000000006,-93.09999996666669
2022-03-14,0.22253455516864348,290.2,275.425,3.2875,184.625,0.6950000000000001,0.0044487500000000004,4.475,41.400000000000006,-93.09999996666669
2022-03-22,0.21647461131396545,281.6875,272.1125,2.5125,152.67499999999998,0.3775,0.0030362500000000003,5.8625,41.400000000000006,-93.09999996666669
2022-03-30,0.3164746113139655,283.3875,273.42499999999995,2.1125,174.3625,0.33625,0.0038687500000000002,5.0875,41.400000000000006,-93.09999996666669
2022-04-07,0.3225345551686435,287.375,274.20000000000005,0.5750000000000001,190.25,0.635,0.0038825,6.387500000000001,41.400000000000006,-93.09999996666669
2022-04-15,0.4390091664826089,284.3,273.74999999999994,6.0,210.775,0.44625000000000004,0.0040437500000000005,5.112500000000001,41.400000000000006,-93.09999996666669
2022-04-23,0.4329492226279309,290.63750000000005,277.51249999999993,3.225,220.77500000000003,0.52375,0.0060375,6.987500000000001,41.400000000000006,-93.09999996666669
2022-05-01,0.6554837777965744,288.3875,281.6,3.625,176.0,0.4425,0.006398750000000001,4.8500000000000005,41.400000000000006,-93.09999996666669
2022-05-09,0.8181773265442331,302.45,290.01250000000005,0.3875,270.225,1.2225,0.011657500000000001,4.2875000000000005,41.400000000000006,-93.09999996666669
2022-05-17,0.9632464368815202,293.9375,284.975,2.1375,208.9,0.8000000000000002,0.007548750000000001,4.425000000000001,41.400000000000006,-93.09999996666669
2022-05-25,1.05888920825711,297.2,287.2625,2.075,243.60000000000002,0.72875,0.0104325,5.475,41.400000000000006,-93.09999996666669
2022-06-02,1.2588892082571101,299.0625,287.55,7.7250000000000005,279.5625,0.9774999999999999,0.009591249999999999,3.0375000000000005,41.400000000000006,-93.09999996666669
2022-06-10,1.4172255283803585,303.70000000000005,292.8125,0.23750000000000002,276.02500000000003,1.12125,0.014227500000000002,4.325,41.400000000000006,-93.09999996666669
2022-06-18,1.6867302851942374,303.91249999999997,291.7375,3.7000000000000006,283.05,1.2475000000000003,0.013056250000000002,4.887500000000001,41.400000000000006,-93.09999996666669
2022-06-26,1.5654973773511969,301.37499999999994,290.81249999999994,0.45000000000000007,305.3625,1.34625,0.01019125,4.375,41.400000000000006,-93.09999996666669
2022-07-04,1.9935414932604578,303.03749999999997,293.8125,4.1875,277.33750000000003,0.95625,0.015262500000000002,4.0625,41.400000000000006,-93.09999996666669
2022-07-12,2.605309026788285,303.9625,292.98750000000007,0.7125,304.40000000000003,1.5137500000000002,0.01194125,3.7250000000000005,41.400000000000006,-93.09999996666669
2022-07-20,2.272357299140553,303.75,292.08750000000003,0.37500000000000006,279.375,1.8,0.009776250000000002,4.4624999999999995,41.400000000000006,-93.09999996666669
2022-07-28,2.2146150658148995,304.12500000000006,291.575,0.125,280.2625,1.705,0.01034,3.95,41.400000000000006,-93.09999996666669
2022-08-05,2.4445162222034256,305.01250000000005,292.1000000000001,0.3125,251.5,1.7149999999999999,0.011316250000000002,3.7875,41.400000000000006,-93.09999996666669
2022-08-13,2.3026545133941427,300.35,290.2,3.8500000000000005,222.53750000000002,1.03875,0.0111725,3.6999999999999997,41.400000000000006,-93.09999996666669
2022-08-21,1.9856295189661164,302.37499999999994,290.4375,2.0625,227.0625,1.1875,0.011737500000000001,3.4000000000000004,41.400000000000006,-93.09999996666669
2022-08-29,1.7740575093510202,302.2375,289.675,0.225,232.6,1.2874999999999999,0.01069375,3.6375,41.400000000000006,-93.09999996666669
2022-09-06,1.6477236237314294,299.975,285.8875,2.6500000000000004,225.61250000000004,1.2225,0.008421250000000002,3.2625000000000006,41.400000000000006,-93.09999996666669
2022-09-14,1.3373064512523412,302.09999999999997,289.4,9.975,198.10000000000002,1.15125,0.01151125,4.2250000000000005,41.400000000000006,-93.09999996666669
2022-09-22,1.1017027152302679,293.83750000000003,280.5625,0.45,184.7625,0.93125,0.005358750000000001,4.3375,41.400000000000006,-93.09999996666669
2022-09-30,0.7852281039163023,294.8375,279.9875,0.225,170.625,0.9299999999999999,0.005641250000000001,3.6750000000000007,41.400000000000006,-93.09999996666669
2022-10-08,0.4780208379850187,292.2,277.3,0.1375,171.575,0.93875,0.00397875,5.1499999999999995,41.400000000000006,-93.09999996666669
2022-10-24,0.5390091664826089,289.09999999999997,275.875,4.3,124.68750000000001,0.4987500000000001,0.00507125,3.2375000000000003,41.400000000000006,-93.09999996666669
2022-11-01,0.3390091664826089,289.925,278.5125,9.0125,96.125,0.645,0.00545,5.1875,41.400000000000006,-93.09999996666669
2022-11-09,0.3390091664826089,278.96250000000003,271.075,1.05,77.35000000000001,0.21375000000000005,0.004058750000000002,5.237500000000001,41.400000000000006,-93.09999996666669
2022-11-17,0.21647461131396545,280.21250000000003,268.4125,0.0,89.95000000000002,0.365,0.0025750000000000005,4.6375,41.400000000000006,-93.09999996666669
2022-11-25,0.2,282.3125,267.175,0.0,89.5,0.3425,0.002917500000000001,5.175,41.400000000000006,-93.09999996666669
2022-12-03,0.21647461131396545,277.68750000000006,268.3875,1.125,72.5875,0.215,0.0027775000000000005,3.25,41.400000000000006,-93.09999996666669
2022-12-11,0.17916816006162428,272.58750000000003,267.175,3.3875,60.487500000000004,0.1125,0.00255,5.562500000000002,41.400000000000006,-93.09999996666669
2022-12-19,0.12253455516864348,262.975,254.0875,1.0,73.125,0.02875,0.0013312500000000002,5.975,41.400000000000006,-93.09999996666669
2022-12-27,0.1,280.6,268.55999999999995,0.06000000000000001,77.48,0.32799999999999996,0.002842,4.58,41.400000000000006,-93.09999996666669
