date,LAI,tmmx,tmmn,pr,srad,vpd,sph,vs,lat,lon
2000-02-18,0.7900827885298878,283.05,274.22499999999997,4.275,94.45000000000002,0.2125,0.0045975,5.2625,44.900000000000006,-123.34999996666669
2000-02-26,0.8446972300984498,283.3125,275.66249999999997,9.625,76.6375,0.11875000000000001,0.005433750000000001,6.237500000000001,44.900000000000006,-123.34999996666669
2000-03-05,1.3086792630377238,284.8625,273.7625,2.4,133.8125,0.2675,0.0046500000000000005,5.187500000000001,44.900000000000006,-123.34999996666669
2000-03-13,1.7446972300984498,284.3,274.65,5.4,122.95,0.21000000000000002,0.0049812500000000004,6.2125,44.900000000000006,-123.34999996666669
2000-03-21,1.6198809419288542,286.15,274.775,1.5500000000000003,164.82500000000002,0.29500000000000004,0.005025,3.6625000000000005,44.900000000000006,-123.34999996666669
2000-03-29,1.808679263037724,291.09999999999997,276.225,0.0,250.7375,0.52125,0.005747500000000001,4.65,44.900000000000006,-123.34999996666669
2000-04-06,1.8198809419288544,291.825,278.3125,1.9875,203.93749999999997,0.49625,0.006498750000000001,3.7750000000000004,44.900000000000006,-123.34999996666669
2000-04-14,1.9384774164366907,290.3875,279.2875,1.5375000000000003,208.9875,0.45375000000000004,0.00630375,3.9500000000000006,44.900000000000006,-123.34999996666669
2000-04-22,2.304293536896383,288.0625,276.7375,2.35,216.925,0.4075,0.00531375,5.7625,44.900000000000006,-123.34999996666669
2000-04-30,2.304293536896383,290.6125,278.93749999999994,1.4500000000000002,247.66250000000002,0.51875,0.0059825,4.3,44.900000000000006,-123.34999996666669
2000-05-08,2.590678927617918,290.05,280.0625,5.8,235.02500000000003,0.4525,0.00647375,5.1625000000000005,44.900000000000006,-123.34999996666669
2000-05-16,3.009275402125754,294.875,282.6125,0.037500000000000006,297.90000000000003,0.64,0.007958749999999999,2.9875,44.900000000000006,-123.34999996666669
2000-05-24,3.3081004201708075,290.97499999999997,280.125,1.0,255.17500000000004,0.46874999999999994,0.00663,5.6,44.900000000000006,-123.34999996666669
2000-06-01,3.4497885807938933,295.8375,282.21250000000003,0.925,243.7625,0.8099999999999999,0.007361250000000001,3.7749999999999995,44.900000000000006,-123.34999996666669
2000-06-09,3.173945763398016,294.725,281.1375,3.375,248.70000000000002,0.72,0.007212500000000001,6.5875,44.900000000000006,-123.34999996666669
2000-06-17,3.634091690295349,298.6875,282.08750000000003,0.0625,325.825,1.03125,0.007463750000000002,5.75,44.900000000000006,-123.34999996666669
2000-06-25,2.8023672601310063,301.54999999999995,285.22499999999997,0.07500000000000001,326.1000000000001,1.3625000000000003,0.00837375,5.324999999999999,44.900000000000006,-123.34999996666669
2000-07-03,3.1520920257151555,297.53749999999997,281.65,0.35,273.1625,0.9112500000000001,0.007500000000000001,3.5000000000000004,44.900000000000006,-123.34999996666669
2000-07-11,3.1191926135958656,299.825,283.0,0.0,306.05,1.0825,0.00806125,4.3375,44.900000000000006,-123.34999996666669
2000-07-19,2.819192613595866,300.45,284.725,0.037500000000000006,293.575,1.095,0.008863750000000002,4.000000000000001,44.900000000000006,-123.34999996666669
2000-07-27,2.3974483613790776,301.9,285.95,0.0,288.85,1.2025000000000001,0.009595,4.825,44.900000000000006,-123.34999996666669
2000-08-04,2.301771121042976,301.35,284.12499999999994,0.0,308.02500000000003,1.18875,0.008758750000000001,2.9125,44.900000000000006,-123.34999996666669
2000-08-12,2.4552105806565923,297.36249999999995,280.7,0.1875,269.75,0.95,0.006805,4.225,44.900000000000006,-123.34999996666669
2000-08-20,2.268275569835657,299.90000000000003,283.08750000000003,0.0,264.3125,1.1187500000000001,0.007941250000000002,4.1000000000000005,44.900000000000006,-123.34999996666669
2000-08-28,2.1042935368963827,295.95000000000005,281.375,1.3625000000000003,218.7875,0.8637499999999999,0.0068725,4.4875,44.900000000000006,-123.34999996666669
2000-09-05,1.9810728763249081,295.75,282.8,1.1750000000000003,193.3,0.765,0.00779125,3.4125000000000005,44.900000000000006,-123.34999996666669
2000-09-13,2.1719729676440096,300.3875,286.18749999999994,0.037500000000000006,197.33749999999998,1.065,0.00947,5.375000000000001,44.900000000000006,-123.34999996666669
2000-09-21,2.1154952157875133,297.175,279.8,0.0,210.5,1.15375,0.00532875,4.575,44.900000000000006,-123.34999996666669
2000-09-29,1.7411558367447988,293.26250000000005,280.25,1.6125000000000003,154.775,0.62,0.006783750000000001,6.0375000000000005,44.900000000000006,-123.34999996666669
2000-10-07,1.522890011404219,291.79999999999995,280.275,3.1500000000000004,135.40000000000003,0.4912500000000001,0.0068975,3.575,44.900000000000006,-123.34999996666669
2000-10-15,1.5893944601968997,289.5875,278.4625,3.55,108.5125,0.32375000000000004,0.00673375,6.7250000000000005,44.900000000000006,-123.34999996666669
2000-10-23,1.1595963067979331,289.3625,278.2,2.7625,101.975,0.3862499999999999,0.006155000000000001,5.5125,44.900000000000006,-123.34999996666669
2000-10-31,1.3595963067979329,285.075,276.7,1.5250000000000001,79.8875,0.16875000000000004,0.0058175,3.5500000000000003,44.900000000000006,-123.34999996666669
2000-11-08,1.2297981533989666,281.03749999999997,272.0125,2.1125000000000003,81.16250000000001,0.23125,0.0036787500000000006,3.7125000000000004,44.900000000000006,-123.34999996666669
2000-11-16,1.3086792630377238,282.3875,271.175,1.975,86.2625,0.2675,0.0036675000000000006,3.9875000000000007,44.900000000000006,-123.34999996666669
2000-11-24,1.059596306797933,282.1625,274.56249999999994,5.125000000000001,57.237500000000004,0.10250000000000001,0.005080000000000001,6.275,44.900000000000006,-123.34999996666669
2000-12-02,1.1347800186283377,282.15000000000003,272.7625,0.8250000000000001,74.125,0.19374999999999998,0.004253750000000001,3.2750000000000004,44.900000000000006,-123.34999996666669
2000-12-10,0.9446972300984499,279.05,273.09999999999997,6.9125000000000005,48.36250000000001,0.1125,0.004143750000000001,6.325,44.900000000000006,-123.34999996666669
2000-12-18,0.9297981533989667,279.725,274.5,8.125,39.4125,0.07375000000000001,0.00473375,6.425000000000001,44.900000000000006,-123.34999996666669
2000-12-26,0.7900827885298878,283.53333333333336,275.55,1.4166666666666667,68.39999999999999,0.20833333333333334,0.004933333333333334,3.266666666666667,44.900000000000006,-123.34999996666669
2001-01-01,0.9540648214691619,283.38749999999993,275.2375,1.475,57.68750000000001,0.1825,0.005025000000000001,5.550000000000001,44.900000000000006,-123.34999996666669
2001-01-09,1.1024594493759645,280.325,273.03749999999997,2.4875,65.9125,0.11500000000000002,0.004382500000000001,4.875,44.900000000000006,-123.34999996666669
2001-01-17,1.2261007555906138,281.425,273.52500000000003,2.15,57.5875,0.1275,0.0046162500000000006,5.1375,44.900000000000006,-123.34999996666669
2001-01-25,1.304981865229371,281.40000000000003,272.1,2.45,81.11250000000001,0.17875,0.0040975,5.9,44.900000000000006,-123.34999996666669
2001-02-02,1.2347800186283377,281.825,273.55,3.0000000000000004,75.71249999999999,0.19499999999999998,0.00430875,5.4875,44.900000000000006,-123.34999996666669
2001-02-10,1.259596306797933,282.7375,272.8125,2.525,86.55000000000001,0.22875,0.004220000000000001,4.975,44.900000000000006,-123.34999996666669
2001-02-18,1.2061568471843174,285.6,274.1875,2.1125000000000003,116.78750000000001,0.2925,0.0047875,4.325,44.900000000000006,-123.34999996666669
2001-02-26,1.3893944601968995,285.625,272.6,2.6000000000000005,143.525,0.37,0.00414375,5.237500000000001,44.900000000000006,-123.34999996666669
2001-03-06,1.4744953834974164,287.275,276.9875,0.7000000000000001,153.5625,0.36875,0.00537125,4.4375,44.900000000000006,-123.34999996666669
2001-03-14,1.5042935368963828,285.3375,275.0625,2.4749999999999996,150.51250000000002,0.24625,0.005165,5.412500000000001,44.900000000000006,-123.34999996666669
2001-03-22,1.6496790953278206,288.0375,277.17499999999995,4.525,165.7875,0.35875000000000007,0.005792500000000001,5.0375,44.900000000000006,-123.34999996666669
2001-03-30,1.6707979856890633,285.0125,275.275,2.2750000000000004,170.725,0.28,0.00486875,4.1625,44.900000000000006,-123.34999996666669
2001-04-07,1.723578339737207,284.8625,273.67499999999995,2.5375,188.175,0.2975,0.004450000000000001,4.15,44.900000000000006,-123.34999996666669
2001-04-15,2.1744953834974163,287.975,277.275,1.1625,180.35000000000002,0.36625,0.0055875000000000005,4.6625,44.900000000000006,-123.34999996666669
2001-04-23,2.411201678891131,290.59999999999997,278.6375,3.5625000000000004,201.9875,0.3425,0.007168750000000001,5.9,44.900000000000006,-123.34999996666669
2001-05-01,2.9297981533989668,292.88749999999993,278.25,0.3,258.95000000000005,0.7612500000000001,0.0053925,4.4,44.900000000000006,-123.34999996666669
2001-05-09,3.240999832290097,293.275,278.32500000000005,5.125,244.4125,0.68,0.00608875,5.150000000000001,44.900000000000006,-123.34999996666669
2001-05-17,3.2464975739089423,298.3375,279.775,0.0,325.4625,1.0,0.0072675000000000005,4.65,44.900000000000006,-123.34999996666669
2001-05-25,3.7595963067979334,296.58750000000003,280.3125,0.6500000000000001,288.62500000000006,0.8975,0.00684625,4.3999999999999995,44.900000000000006,-123.34999996666669
2001-06-02,3.8744953834974165,292.0125,280.55,1.6,222.4875,0.5237499999999999,0.006919999999999999,3.5125,44.900000000000006,-123.34999996666669
2001-06-10,3.622890011404219,292.8875,278.75,1.0,277.5,0.61,0.006291250000000001,5.050000000000001,44.900000000000006,-123.34999996666669
2001-07-04,3.2030090694753643,300.9625,283.3625,0.0,326.82500000000005,1.1837499999999999,0.00829875,4.9375,44.900000000000006,-123.34999996666669
2001-07-12,3.122890011404219,296.95,283.1375,0.0,255.53750000000002,0.90875,0.007492500000000001,4.05,44.900000000000006,-123.34999996666669
2001-07-20,2.82787187663359,300.1125,283.54999999999995,0.125,291.1,1.11625,0.00818875,4.737500000000001,44.900000000000006,-123.34999996666669
2001-07-28,2.72787187663359,296.44999999999993,282.96250000000003,0.875,196.13750000000005,0.74875,0.008153750000000001,3.7875000000000005,44.900000000000006,-123.34999996666669
2001-08-05,2.0337902638956096,304.1,285.63750000000005,0.0,288.6875,1.475,0.00951375,3.825,44.900000000000006,-123.34999996666669
2001-08-13,2.417954665163478,300.4875,283.47499999999997,0.0,278.15,1.1375000000000002,0.008322500000000002,3.9625,44.900000000000006,-123.34999996666669
2001-08-21,2.145432077420068,298.3,282.8625,3.3875000000000006,209.425,0.9,0.00846125,4.925000000000001,44.900000000000006,-123.34999996666669
2001-08-29,2.1757798509184347,298.8125,283.3625,0.0,218.8,0.9525,0.00838625,3.8625000000000007,44.900000000000006,-123.34999996666669
2001-09-06,2.2756703654523625,300.8375,282.8625,0.0,235.025,1.24375,0.0077687500000000005,5.2250000000000005,44.900000000000006,-123.34999996666669
2001-09-14,2.2324765737070753,298.92499999999995,281.87500000000006,0.2,206.85000000000005,0.98875,0.00783625,3.75,44.900000000000006,-123.34999996666669
2001-09-22,2.0348895040944095,296.625,281.3,1.6625,164.7,0.8287500000000001,0.0075725,3.2,44.900000000000006,-123.34999996666669
2001-09-30,2.0682755698356567,297.4,280.975,0.0,171.7125,1.04375,0.006571250000000001,3.9875,44.900000000000006,-123.34999996666669
2001-10-08,1.634091690295349,290.79999999999995,279.4125,1.9875,128.26250000000002,0.4750000000000001,0.006475000000000001,3.85,44.900000000000006,-123.34999996666669
2001-10-16,1.4682755698356569,288.42499999999995,276.8375,3.5,107.6,0.31125,0.0060550000000000005,5.85,44.900000000000006,-123.34999996666669
2001-10-24,1.268275569835657,286.56249999999994,276.58750000000003,5.8375,87.45,0.1675,0.006351250000000001,4.875000000000001,44.900000000000006,-123.34999996666669
2001-11-01,1.2384774164366905,287.05,277.77500000000003,1.25,101.625,0.28,0.005928750000000001,2.8875,44.900000000000006,-123.34999996666669
2001-11-09,1.1595963067979331,286.58750000000003,280.1125,9.487499999999999,60.8375,0.20750000000000002,0.006713750000000001,7.637500000000001,44.900000000000006,-123.34999996666669
2001-11-17,1.1522015111812274,283.0875,276.8375,13.9375,60.575,0.08375000000000002,0.0058175,8.475,44.900000000000006,-123.34999996666669
2001-11-25,0.8926052043832945,280.6,274.6875,21.65,51.112500000000004,0.08000000000000002,0.004868750000000001,9.225,44.900000000000006,-123.34999996666669
2001-12-03,1.0702018466010337,280.76250000000005,275.34999999999997,11.924999999999999,51.050000000000004,0.12125,0.004762500000000001,6.862500000000001,44.900000000000006,-123.34999996666669
2001-12-11,0.9,280.7,275.55,18.950000000000003,33.9625,0.08374999999999999,0.00502125,10.825,44.900000000000006,-123.34999996666669
2001-12-19,1.0751837118304046,280.3,273.25,1.85,58.91250000000001,0.14625,0.0041912500000000005,5.0125,44.900000000000006,-123.34999996666669
2001-12-27,0.6751837118304045,282.26,276.16,5.22,46.980000000000004,0.13399999999999998,0.005224000000000001,5.1,44.900000000000006,-123.34999996666669
2002-01-01,0.7049818652293711,283.9625,278.0375,17.0625,34.175,0.08500000000000002,0.00627625,9.125,44.900000000000006,-123.34999996666669
2002-01-09,1.0987620515676118,278.875,272.8625,2.3000000000000003,55.68750000000001,0.07,0.0043625,4.35,44.900000000000006,-123.34999996666669
2002-01-25,1.2148990766994834,278.875,273.3125,10.95,62.650000000000006,0.11499999999999999,0.0041175000000000005,6.0874999999999995,44.900000000000006,-123.34999996666669
2002-02-02,0.8483946279068025,282.875,274.11249999999995,9.35,70.25,0.23374999999999999,0.0043825,7.1000000000000005,44.900000000000006,-123.34999996666669
2002-02-10,1.0838629748681285,284.34999999999997,273.02500000000003,0.6000000000000001,100.0125,0.33875000000000005,0.003966250000000001,5.1125,44.900000000000006,-123.34999996666669
2002-02-18,1.2527803540481437,285.525,277.05,4.95,86.625,0.26375,0.005465,7.2250000000000005,44.900000000000006,-123.34999996666669
2002-02-26,1.508679263037724,285.0125,271.55,0.8875000000000001,164.48749999999998,0.42000000000000004,0.00343625,5.775,44.900000000000006,-123.34999996666669
2002-03-06,1.2297981533989666,281.9375,275.475,14.850000000000001,98.48750000000001,0.19374999999999998,0.0046375,9.112499999999999,44.900000000000006,-123.34999996666669
2002-03-14,1.3334955512073192,282.575,275.17499999999995,5.6000000000000005,116.92500000000001,0.23375,0.0045525,6.175000000000001,44.900000000000006,-123.34999996666669
2002-03-22,1.2744953834974164,285.2,275.27500000000003,0.8125000000000001,186.38750000000002,0.32375,0.00464,3.0875,44.900000000000006,-123.34999996666669
2002-03-30,1.759596306797933,290.54999999999995,276.6625,0.65,224.08749999999998,0.495,0.005625000000000001,4.9625,44.900000000000006,-123.34999996666669
2002-04-07,1.7384774164366903,288.8875,279.4625,7.487500000000001,161.525,0.33875,0.006552500000000001,7.2875,44.900000000000006,-123.34999996666669
2002-04-15,1.8384774164366906,286.9875,276.025,1.125,226.1875,0.39375000000000004,0.0048937500000000005,4.762499999999999,44.900000000000006,-123.34999996666669
2002-04-23,2.149679095327821,290.0875,275.8875,0.625,269.8625,0.54875,0.005075000000000001,5.0,44.900000000000006,-123.34999996666669
2002-05-01,2.434780018628338,289.02500000000003,275.5875,0.6375,274.3875,0.48,0.00499,4.4750000000000005,44.900000000000006,-123.34999996666669
2002-05-09,2.6702483655896634,291.6,277.375,0.5375000000000001,280.32500000000005,0.59375,0.00562375,4.5125,44.900000000000006,-123.34999996666669
2002-05-17,2.8565242708451266,291.83750000000003,278.975,2.1000000000000005,269.63750000000005,0.57375,0.0061224999999999995,2.9875000000000003,44.900000000000006,-123.34999996666669
2002-05-25,3.4533764931361737,293.1125,282.25,1.9625000000000001,210.71250000000003,0.52,0.0077175,5.3875,44.900000000000006,-123.34999996666669
2002-06-02,3.4645781720273043,292.93749999999994,278.93749999999994,0.375,256.775,0.6312500000000001,0.006283750000000001,4.8125,44.900000000000006,-123.34999996666669
2002-06-10,3.6198809419288547,298.2875,283.2875,1.3,304.92500000000007,0.9324999999999999,0.00829875,3.725,44.900000000000006,-123.34999996666669
2002-06-18,2.898791274335128,298.65000000000003,283.07500000000005,0.08750000000000001,324.58750000000003,0.9587500000000001,0.00823375,3.85,44.900000000000006,-123.34999996666669
2002-06-26,3.278788920393799,297.26250000000005,282.98749999999995,2.6125000000000003,264.7375,0.8587500000000001,0.008023750000000001,4.937500000000001,44.900000000000006,-123.34999996666669
2002-07-04,3.278788920393799,301.52500000000003,284.01250000000005,0.0,303.0625,1.29625,0.00834625,3.975,44.900000000000006,-123.34999996666669
2002-07-12,3.0936879970932822,300.7875,284.225,0.1875,287.775,1.1300000000000001,0.008717500000000001,3.9250000000000007,44.900000000000006,-123.34999996666669
2002-07-20,2.951450216370797,303.06250000000006,284.5625,0.0,314.01250000000005,1.35625,0.009071250000000001,3.85,44.900000000000006,-123.34999996666669
2002-07-28,2.8787889203937986,299.25,281.0125,0.30000000000000004,305.07500000000005,1.09,0.00720625,5.6375,44.900000000000006,-123.34999996666669
2002-08-05,2.72787187663359,300.9375,281.7625,0.07500000000000001,288.62500000000006,1.2750000000000001,0.007490000000000001,4.6000000000000005,44.900000000000006,-123.34999996666669
2002-08-13,2.293763738849429,302.8125,284.95000000000005,0.5125000000000001,285.2875,1.59625,0.007803750000000002,4.3875,44.900000000000006,-123.34999996666669
2002-08-21,2.0014067281657946,302.0,283.2875,0.0,268.07500000000005,1.31375,0.00829875,4.1125,44.900000000000006,-123.34999996666669
2002-08-29,2.463889843694316,298.825,282.475,0.0,248.9875,1.0574999999999999,0.0075275,4.2625,44.900000000000006,-123.34999996666669
2002-09-06,2.341486485912055,299.7249999999999,281.7125,0.15000000000000002,216.81250000000003,1.16375,0.007381250000000001,4.0875,44.900000000000006,-123.34999996666669
2002-09-14,1.924943069856781,297.05,281.01250000000005,1.4625,182.81250000000006,0.875,0.007361250000000001,5.0625,44.900000000000006,-123.34999996666669
2002-09-22,2.1427709533330734,299.75,281.425,0.48750000000000004,195.77500000000003,1.26375,0.0066625,5.25,44.900000000000006,-123.34999996666669
2002-09-30,1.838837288371463,291.1125,280.3625,2.4375,148.275,0.4575,0.006872500000000001,4.550000000000001,44.900000000000006,-123.34999996666669
2002-10-08,2.0017711210429763,292.83750000000003,276.775,0.1875,174.3875,0.77125,0.0049900000000000005,5.512499999999999,44.900000000000006,-123.34999996666669
2002-10-16,1.6937801863382405,293.72499999999997,279.95,0.05,140.21249999999998,0.675,0.006548750000000001,3.1,44.900000000000006,-123.34999996666669
2002-10-24,1.3492389606944928,286.84999999999997,273.98749999999995,0.1375,132.23749999999998,0.48875,0.004015,4.825000000000001,44.900000000000006,-123.34999996666669
2002-11-01,1.48317464653514,286.5625,275.375,4.925000000000001,94.24999999999999,0.46375,0.0043100000000000005,6.8375,44.900000000000006,-123.34999996666669
2002-11-09,1.3893944601968995,284.6875,278.67499999999995,10.225000000000001,63.662499999999994,0.21625,0.00575125,8.05,44.900000000000006,-123.34999996666669
2002-11-17,0.8783022667718411,286.25,278.875,2.4875,65.72500000000001,0.24,0.006130000000000001,4.3500000000000005,44.900000000000006,-123.34999996666669
2002-11-25,1.0266968946786437,285.55,273.45000000000005,0.0,92.025,0.3525,0.004293750000000001,3.3125000000000004,44.900000000000006,-123.34999996666669
2002-12-03,0.7075042810827776,283.3,275.15,4.2625,58.962500000000006,0.21125000000000002,0.004803750000000001,5.1625000000000005,44.900000000000006,-123.34999996666669
2002-12-11,0.6434127626774316,282.34999999999997,277.28749999999997,23.5,37.087500000000006,0.10875,0.005568750000000001,10.825000000000001,44.900000000000006,-123.34999996666669
2002-12-19,0.6446972300984497,280.40000000000003,274.8375,7.987499999999999,37.775000000000006,0.09875,0.004738750000000001,6.725,44.900000000000006,-123.34999996666669
2002-12-27,0.7354683469613259,281.4799999999999,276.32,19.82,35.7,0.06,0.0054540000000000005,8.06,44.900000000000006,-123.34999996666669
2003-01-01,0.7900827885298878,283.725,276.18749999999994,7.6375,60.3125,0.19,0.00523875,8.1,44.900000000000006,-123.34999996666669
2003-01-09,1.0297981533989664,282.2125,274.825,7.062500000000001,55.1375,0.16249999999999998,0.004803750000000001,4.5875,44.900000000000006,-123.34999996666669
2003-01-17,1.1198809419288542,284.35,276.02500000000003,4.425000000000001,62.487500000000004,0.1925,0.005335,5.9375,44.900000000000006,-123.34999996666669
2003-01-25,1.163293704606286,284.95000000000005,279.1625,18.0125,57.68750000000001,0.1525,0.006325,7.0125,44.900000000000006,-123.34999996666669
2003-02-02,1.3173585260754477,283.775,272.75,0.21250000000000002,111.25,0.30500000000000005,0.003971250000000001,4.325000000000001,44.900000000000006,-123.34999996666669
2003-02-10,1.2863853907215348,285.27500000000003,275.125,9.3375,95.28750000000001,0.26249999999999996,0.0050475,6.262500000000001,44.900000000000006,-123.34999996666669
2003-02-18,1.2744953834974164,283.35,273.8,2.1875,106.91250000000001,0.2475,0.0044287499999999995,6.575,44.900000000000006,-123.34999996666669
2003-02-26,1.0483946279068026,284.3125,274.95,2.3125,110.45000000000002,0.23875,0.004868750000000001,3.5125,44.900000000000006,-123.34999996666669
2003-03-06,1.259596306797933,285.79999999999995,279.8625,14.6625,98.48750000000001,0.175,0.0066175,10.162500000000001,44.900000000000006,-123.34999996666669
2003-03-14,1.3384774164366902,284.925,277.1875,9.3625,128.54999999999998,0.21875000000000006,0.00558125,8.425,44.900000000000006,-123.34999996666669
2003-03-22,1.508679263037724,285.65000000000003,277.07500000000005,5.925,142.51250000000002,0.28125,0.005373750000000001,5.625,44.900000000000006,-123.34999996666669
2003-03-30,1.6446972300984497,285.1875,276.9875,7.250000000000001,163.57500000000002,0.25249999999999995,0.0055025000000000004,6.1125,44.900000000000006,-123.34999996666669
2003-04-07,1.737302434481744,288.175,278.8625,5.9,182.0125,0.28375000000000006,0.006458750000000001,6.475000000000001,44.900000000000006,-123.34999996666669
2003-04-15,1.926100755590614,286.1875,276.7875,2.6000000000000005,181.72500000000002,0.265,0.00553875,3.9000000000000004,44.900000000000006,-123.34999996666669
2003-04-23,2.523578339737207,288.225,277.31249999999994,6.3500000000000005,214.5625,0.34875,0.00584875,4.5249999999999995,44.900000000000006,-123.34999996666669
2003-05-01,2.759596306797933,289.875,277.26250000000005,2.1,250.26250000000005,0.50875,0.00538875,4.4624999999999995,44.900000000000006,-123.34999996666669
2003-05-09,2.904432245129971,291.1375,277.8125,2.075,273.63750000000005,0.55,0.005806250000000001,4.1875,44.900000000000006,-123.34999996666669
2003-05-17,2.839288005514455,293.15,279.6875,0.5125,250.4875,0.585,0.007025,3.525,44.900000000000006,-123.34999996666669
2003-05-25,2.7569689264208646,296.11249999999995,283.175,0.4,254.15000000000003,0.7300000000000001,0.008195000000000001,3.7125000000000004,44.900000000000006,-123.34999996666669
2003-06-02,3.571705284954196,300.70000000000005,283.375,0.0,343.5625,1.175,0.008403750000000001,5.0874999999999995,44.900000000000006,-123.34999996666669
2003-06-10,2.8966775775784934,297.08750000000003,281.7625,0.1625,309.575,0.9312499999999999,0.007077500000000001,3.8625000000000007,44.900000000000006,-123.34999996666669
2003-06-18,3.3893944601969,294.96250000000003,280.625,0.25,274.425,0.8312499999999999,0.00631,4.9625,44.900000000000006,-123.34999996666669
2003-06-26,3.164578172027304,300.93749999999994,283.075,0.1,325.0375,1.245,0.007980000000000001,6.2,44.900000000000006,-123.34999996666669
2003-07-04,3.0079909347047358,301.55,282.75,0.0,307.4375,1.26625,0.008057500000000002,3.6375,44.900000000000006,-123.34999996666669
2003-07-12,2.804293536896383,301.95,284.475,0.0625,291.9125,1.3925,0.00801875,3.9000000000000004,44.900000000000006,-123.34999996666669
2003-07-20,2.7347800186283373,303.675,284.2625,0.0,313.0375,1.5075,0.00853625,4.925000000000001,44.900000000000006,-123.34999996666669
2003-07-28,2.65589890898958,304.58750000000003,286.83750000000003,0.0,284.85,1.71625,0.008988750000000002,3.1,44.900000000000006,-123.34999996666669
2003-08-05,2.1460574392756144,299.8125,283.675,0.41250000000000003,244.8375,1.0887499999999999,0.00812875,3.225,44.900000000000006,-123.34999996666669
2003-08-13,2.3421748142450434,303.18749999999994,283.5875,0.0,297.92500000000007,1.3912499999999999,0.00864125,4.7875000000000005,44.900000000000006,-123.34999996666669
2003-08-21,2.223468854271135,301.21250000000003,283.23749999999995,0.21250000000000002,245.47500000000002,1.33375,0.007512500000000001,3.575,44.900000000000006,-123.34999996666669
2003-08-29,2.2079909347047355,304.6,284.9875,0.0,261.4375,1.6775000000000002,0.008485000000000001,4.262500000000001,44.900000000000006,-123.34999996666669
2003-09-06,2.219192613595866,295.65000000000003,282.45000000000005,2.6500000000000004,168.7125,0.7012500000000002,0.0080125,5.612500000000001,44.900000000000006,-123.34999996666669
2003-09-14,2.1340916902953495,296.325,280.58750000000003,0.9,195.2875,0.895,0.006647500000000001,5.075,44.900000000000006,-123.34999996666669
2003-09-22,2.0671005878807107,302.375,283.225,0.0,200.125,1.37625,0.008141250000000001,5.0125,44.900000000000006,-123.34999996666669
2003-09-30,1.7353424140064417,295.7375,282.825,1.8,157.41250000000002,0.6737500000000001,0.0081975,2.6375,44.900000000000006,-123.34999996666669
2003-10-08,1.7893944601968996,287.825,279.725,4.5375000000000005,114.2125,0.29625,0.006433750000000001,6.000000000000002,44.900000000000006,-123.34999996666669
2003-10-16,1.3235783397372072,293.775,283.85,2.7125000000000004,104.57500000000002,0.42000000000000004,0.009173750000000001,8.325000000000001,44.900000000000006,-123.34999996666669
2003-10-24,1.549679095327821,289.96250000000003,278.1125,1.0125000000000002,118.36250000000001,0.5750000000000001,0.005591250000000001,6.675,44.900000000000006,-123.34999996666669
2003-11-01,1.3590466866985331,282.37500000000006,272.7875,0.8750000000000001,77.0125,0.31375,0.00361375,4.025,44.900000000000006,-123.34999996666669
2003-11-09,1.2528268730367735,285.46250000000003,277.2375,5.2125,76.2375,0.2575,0.005472500000000001,6.275,44.900000000000006,-123.34999996666669
2003-11-17,1.0147895912334113,281.7375,275.34999999999997,7.9625,49.5125,0.15625,0.00483625,7.35,44.900000000000006,-123.34999996666669
2003-11-25,1.0112016788911304,282.93749999999994,277.2625,9.0375,38.574999999999996,0.11374999999999999,0.005668750000000001,6.8500000000000005,44.900000000000006,-123.34999996666669
2003-12-03,0.8751837118304046,280.9,275.17499999999995,10.962500000000002,41.225,0.06875,0.005098750000000001,6.837500000000001,44.900000000000006,-123.34999996666669
2003-12-11,0.7297981533989666,281.975,275.75,12.312499999999998,48.2625,0.09375,0.005275000000000001,7.15,44.900000000000006,-123.34999996666669
2003-12-19,0.9602846351309213,281.09999999999997,275.3,5.8125,45.212500000000006,0.08374999999999999,0.00509,6.0,44.900000000000006,-123.34999996666669
2003-12-27,0.4148990766994832,276.66,271.6,18.4,43.74,0.072,0.0037300000000000007,6.540000000000001,44.900000000000006,-123.34999996666669
2004-01-01,0.39378018633824063,274.3875,271.0625,10.412500000000001,29.9125,0.04875,0.00343125,7.187500000000001,44.900000000000006,-123.34999996666669
2004-01-09,0.8744953834974162,281.2625,275.26249999999993,1.8000000000000003,49.900000000000006,0.12125000000000001,0.004875,5.5875,44.900000000000006,-123.34999996666669
2004-01-17,1.0136611282670949,281.6625,274.7625,4.512500000000001,68.95,0.10375000000000001,0.005001250000000001,5.3375,44.900000000000006,-123.34999996666669
2004-01-25,0.9682755698356569,280.575,274.16249999999997,13.8625,51.900000000000006,0.08875,0.004747500000000001,8.05,44.900000000000006,-123.34999996666669
2004-02-02,1.0752931972964768,282.425,275.625,3.3375,80.0,0.16,0.00495375,5.2,44.900000000000006,-123.34999996666669
2004-02-10,1.340999832290097,284.73749999999995,274.5,8.2125,97.1,0.24000000000000002,0.00493,6.5375000000000005,44.900000000000006,-123.34999996666669
2004-02-18,1.35589890898958,283.8125,275.72499999999997,5.25,99.61250000000001,0.205,0.005058750000000001,5.4624999999999995,44.900000000000006,-123.34999996666669
2004-02-26,1.3937801863382406,284.27500000000003,275.75,6.1375,108.83749999999999,0.22999999999999998,0.00504625,5.512500000000001,44.900000000000006,-123.34999996666669
2004-03-05,1.6297981533989663,289.125,276.29999999999995,0.7000000000000001,145.7125,0.36875,0.005886250000000001,5.1,44.900000000000006,-123.34999996666669
2004-03-13,1.5235783397372071,288.825,276.475,0.6750000000000002,181.2125,0.4325,0.0053612500000000006,4.2,44.900000000000006,-123.34999996666669
2004-03-21,1.890082788529888,289.15000000000003,277.21250000000003,5.925,191.8375,0.43875,0.0056625,6.862500000000001,44.900000000000006,-123.34999996666669
2004-03-29,2.1198809419288542,289.9125,276.12499999999994,0.5875,212.60000000000002,0.5275,0.005186250000000001,4.9,44.900000000000006,-123.34999996666669
2004-04-06,2.1297981533989665,292.72499999999997,278.875,0.1625,226.16250000000002,0.645,0.006155000000000001,4.5125,44.900000000000006,-123.34999996666669
2004-04-14,1.880715197159176,286.8625,277.4375,9.887500000000001,163.37500000000003,0.33875000000000005,0.00540375,6.950000000000001,44.900000000000006,-123.34999996666669
2004-04-22,3.014899076699483,295.02500000000003,277.65,0.125,288.625,0.77875,0.006206250000000001,4.425000000000001,44.900000000000006,-123.34999996666669
2004-04-30,2.836017967060726,293.8875,281.45,1.05,273.90000000000003,0.65625,0.007096250000000001,3.525,44.900000000000006,-123.34999996666669
2004-05-08,2.1650603047068526,291.35,279.3625,0.8625000000000002,251.8375,0.4675,0.0066525,3.9375,44.900000000000006,-123.34999996666669
2004-05-16,2.49890528074361,292.55,280.5,2.075,287.83750000000003,0.48,0.007296250000000001,4.15,44.900000000000006,-123.34999996666669
2004-05-24,3.3193313218294547,291.475,281.2375,2.25,227.91250000000002,0.4562500000000001,0.007247500000000001,4.9375,44.900000000000006,-123.34999996666669
2004-06-01,3.2528268730367738,294.075,281.53749999999997,3.4125,264.5375,0.6575,0.007252500000000001,4.487500000000001,44.900000000000006,-123.34999996666669
2004-06-09,2.747127456706898,293.5875,281.53749999999997,0.675,263.9375,0.69875,0.006755,5.5,44.900000000000006,-123.34999996666669
2004-06-17,3.24410109101042,301.13750000000005,286.15,0.0,348.20000000000005,1.2575000000000003,0.00871,3.5875000000000004,44.900000000000006,-123.34999996666669
2004-06-25,3.112926280945477,299.5,283.3875,0.0,332.77500000000003,1.0275,0.00825375,4.275000000000001,44.900000000000006,-123.34999996666669
2004-07-03,2.8571833764105987,299.1,282.475,0.037500000000000006,294.82500000000005,1.055,0.007635,4.9,44.900000000000006,-123.34999996666669
2004-07-11,2.837192949015672,302.2875,285.05,0.0,292.9125,1.31,0.0088675,2.9875000000000003,44.900000000000006,-123.34999996666669
2004-07-19,2.535908481594654,304.0375,286.4125,0.037500000000000006,292.775,1.5787499999999999,0.009245000000000001,5.000000000000001,44.900000000000006,-123.34999996666669
2004-07-27,2.1319899200851173,302.675,285.8125,0.0,303.6625,1.3525,0.00912375,3.75,44.900000000000006,-123.34999996666669
2004-08-04,2.4191926135958663,302.9375,286.13750000000005,0.41250000000000003,267.90000000000003,1.42625,0.00922625,4.487500000000001,44.900000000000006,-123.34999996666669
2004-08-12,2.209275402125754,304.15000000000003,286.725,0.0,290.95,1.46125,0.0098075,4.0625,44.900000000000006,-123.34999996666669
2004-08-20,1.9695600372566753,296.7,283.9,5.5875,175.75000000000003,0.7250000000000001,0.008853749999999999,6.012500000000001,44.900000000000006,-123.34999996666669
2004-08-28,1.908679263037724,299.3,284.0875,0.65,238.4375,1.00375,0.00876375,4.725,44.900000000000006,-123.34999996666669
2004-09-05,1.8285602049665783,296.99999999999994,283.275,0.5625,191.925,0.78625,0.008265,4.55,44.900000000000006,-123.34999996666669
2004-09-13,2.219192613595866,290.825,281.05,6.3500000000000005,146.47500000000002,0.3425,0.007565000000000001,5.4624999999999995,44.900000000000006,-123.34999996666669
2004-09-21,1.885991775076837,297.74999999999994,282.78749999999997,0.0,199.65000000000003,0.7925,0.008566250000000001,3.2625,44.900000000000006,-123.34999996666669
2004-09-29,2.219192613595866,295.5125,281.5625,1.4,171.36249999999998,0.6087500000000001,0.00816,3.075,44.900000000000006,-123.34999996666669
2004-10-07,1.8458722120533961,294.55,282.0625,3.1625000000000005,143.0125,0.59375,0.008005,6.4375,44.900000000000006,-123.34999996666669
2004-10-15,1.768275569835657,288.72499999999997,280.1875,6.775,91.46249999999999,0.22124999999999997,0.0073975,6.1875,44.900000000000006,-123.34999996666669
2004-10-23,1.5893944601968997,286.57500000000005,277.3375,4.275,91.67500000000001,0.20124999999999998,0.006145000000000001,4.762500000000001,44.900000000000006,-123.34999996666669
2004-10-31,1.3925422379058525,284.41249999999997,274.77500000000003,4.1125,99.6875,0.18125,0.0052787500000000005,5.2875,44.900000000000006,-123.34999996666669
2004-11-08,1.3533764931361736,285.5625,277.3625,1.225,86.48750000000001,0.14500000000000002,0.006202500000000001,3.7625,44.900000000000006,-123.34999996666669
2004-11-16,1.2347800186283377,281.85,274.9625,1.4625,76.02500000000002,0.09125000000000001,0.005188750000000001,3.7875000000000005,44.900000000000006,-123.34999996666669
2004-11-24,1.1707979856890636,281.325,274.7125,2.4499999999999997,65.66250000000001,0.10500000000000001,0.0049787500000000005,4.4,44.900000000000006,-123.34999996666669
2004-12-02,0.7347800186283375,280.40000000000003,274.9,12.562500000000002,47.1375,0.07750000000000001,0.004888750000000001,7.562500000000001,44.900000000000006,-123.34999996666669
2004-12-10,0.8744953834974162,284.0125,277.7375,5.2250000000000005,52.67500000000001,0.16375,0.00573375,6.2749999999999995,44.900000000000006,-123.34999996666669
2004-12-18,1.0900827885298878,281.5125,274.3,1.6375000000000002,56.025000000000006,0.1375,0.004695,4.3375,44.900000000000006,-123.34999996666669
2004-12-26,0.7801655770597755,280.43333333333334,274.3666666666666,3.0666666666666664,54.06666666666666,0.10333333333333333,0.004635,5.716666666666668,44.900000000000006,-123.34999996666669
2005-01-01,0.7689638981686451,277.71250000000003,270.8125,4.575,62.1375,0.14625,0.0033812500000000006,6.9,44.900000000000006,-123.34999996666669
2005-01-09,0.8744953834974162,279.08750000000003,272.8875,2.5375,52.8125,0.11375,0.00409875,5.087500000000001,44.900000000000006,-123.34999996666669
2005-01-17,0.913661128267095,286.525,278.5625,4.7375,62.9375,0.245,0.006156249999999999,7.012500000000001,44.900000000000006,-123.34999996666669
2005-01-25,1.0384774164366903,284.52500000000003,276.875,2.975,64.11250000000001,0.21875000000000003,0.005365000000000001,4.525,44.900000000000006,-123.34999996666669
2005-02-02,1.086385390721535,282.28749999999997,273.95,1.1625,93.4375,0.25125000000000003,0.00416875,3.5124999999999997,44.900000000000006,-123.34999996666669
2005-02-10,1.3235783397372072,282.5875,271.15,0.5125000000000001,113.86250000000001,0.29875,0.00354375,5.262500000000001,44.900000000000006,-123.34999996666669
2005-02-18,1.4086792630377238,286.375,273.1625,0.17500000000000002,140.65000000000003,0.39749999999999996,0.00421,4.0625,44.900000000000006,-123.34999996666669
2005-02-26,1.340999832290097,287.425,276.1875,0.8375000000000001,123.525,0.3375,0.005378750000000001,5.2375,44.900000000000006,-123.34999996666669
2005-03-06,1.4900827885298877,292.8125,277.8875,0.0,182.5125,0.6062500000000001,0.006096250000000001,4.35,44.900000000000006,-123.34999996666669
2005-03-14,1.4000000000000001,287.29999999999995,275.0375,5.487500000000001,157.0375,0.45125000000000004,0.00449875,5.95,44.900000000000006,-123.34999996666669
2005-03-22,1.6261007555906135,284.83750000000003,276.05,16.875,129.85000000000002,0.22125,0.005300000000000001,7.862500000000001,44.900000000000006,-123.34999996666669
2005-03-30,1.3921650697499666,286.51250000000005,276.6875,1.6875,150.6125,0.31000000000000005,0.005366250000000001,6.362500000000001,44.900000000000006,-123.34999996666669
2005-04-07,1.623578339737207,285.7875,275.925,6.000000000000001,176.96250000000003,0.28125,0.0051512500000000004,6.637500000000001,44.900000000000006,-123.34999996666669
2005-04-15,2.24469723009845,289.4125,277.8875,3.5250000000000004,215.13750000000002,0.41250000000000003,0.0060662500000000005,5.45,44.900000000000006,-123.34999996666669
2005-04-23,2.169513518268045,292.0625,280.1625,1.5500000000000003,212.47500000000002,0.44375000000000003,0.0072975,3.5000000000000004,44.900000000000006,-123.34999996666669
2005-05-01,2.324816288169596,291.875,282.0375,3.1500000000000004,192.10000000000002,0.4750000000000001,0.007388750000000001,3.45,44.900000000000006,-123.34999996666669
2005-05-09,2.8285136859779483,291.0,282.025,5.612500000000001,179.85000000000002,0.39625,0.007625,4.125,44.900000000000006,-123.34999996666669
2005-05-17,2.832257602774931,290.20000000000005,279.025,5.9875,240.1125,0.42750000000000005,0.006368749999999999,7.7125,44.900000000000006,-123.34999996666669
2005-05-25,3.074495383497416,296.375,283.15000000000003,0.75,296.72499999999997,0.745,0.0085075,4.275,44.900000000000006,-123.34999996666669
2005-06-02,3.2595963067979326,291.57500000000005,279.975,5.187500000000001,263.23750000000007,0.5175,0.006563750000000001,4.4375,44.900000000000006,-123.34999996666669
2005-06-10,2.824127959836607,292.65000000000003,281.5625,1.6,239.62500000000003,0.5525,0.007124999999999999,4.95,44.900000000000006,-123.34999996666669
2005-06-18,3.2106985777803603,296.5875,283.32500000000005,0.625,295.525,0.7025000000000001,0.00858125,4.45,44.900000000000006,-123.34999996666669
2005-06-26,3.4200999128609983,297.27500000000003,283.7625,0.5750000000000001,284.6875,0.7725000000000001,0.008731250000000001,4.1625000000000005,44.900000000000006,-123.34999996666669
2005-07-04,3.30900771943594,297.325,283.9,0.5875000000000001,213.15000000000003,0.86375,0.008211250000000002,4.0375,44.900000000000006,-123.34999996666669
2005-07-12,3.253485978602246,301.8125,284.625,0.0,308.575,1.295,0.008625,5.7125,44.900000000000006,-123.34999996666669
2005-07-20,3.0489907669948324,303.15,284.3,0.15000000000000002,314.96250000000003,1.4387500000000002,0.008656250000000002,5.1125,44.900000000000006,-123.34999996666669
2005-07-28,2.808037453693365,303.21250000000003,284.575,0.0,307.475,1.485,0.008358750000000002,4.3374999999999995,44.900000000000006,-123.34999996666669
2005-08-05,2.691963395038936,303.34999999999997,283.56249999999994,0.0,312.0875,1.48,0.008188750000000002,4.487500000000001,44.900000000000006,-123.34999996666669
2005-08-13,2.660192445885963,303.67499999999995,285.0,0.0,274.75000000000006,1.53875,0.0085675,3.825,44.900000000000006,-123.34999996666669
2005-08-21,2.5116883325130885,302.6375,282.75000000000006,0.0,278.20000000000005,1.52125,0.007262500000000001,4.4,44.900000000000006,-123.34999996666669
2005-08-29,2.2932013434713245,298.55,282.33750000000003,0.3875,226.6125,1.02375,0.00749,4.175,44.900000000000006,-123.34999996666669
2005-09-06,2.175670365452363,297.87500000000006,281.025,0.38750000000000007,221.025,0.97875,0.007096250000000001,4.925,44.900000000000006,-123.34999996666669
2005-09-14,2.0980737232346236,295.84999999999997,280.775,0.21250000000000002,188.375,0.86875,0.00655875,3.7875000000000005,44.900000000000006,-123.34999996666669
2005-09-22,1.9434592816660616,296.9625,279.05,0.0,191.4375,0.9875,0.00604875,4.3125,44.900000000000006,-123.34999996666669
2005-09-30,1.7632937046062858,289.025,280.425,4.249999999999999,108.35000000000001,0.22625000000000003,0.007491250000000001,4.5125,44.900000000000006,-123.34999996666669
2005-10-08,1.5384774164366903,290.7,280.32500000000005,3.1625,105.9625,0.30125,0.0075925,5.0875,44.900000000000006,-123.34999996666669
2005-10-16,1.4012844674210183,291.59999999999997,281.825,1.6625,105.16250000000001,0.28,0.00846625,3.2750000000000004,44.900000000000006,-123.34999996666669
2005-10-24,1.3297981533989665,287.075,278.47499999999997,7.4375,85.775,0.17124999999999999,0.0067825,6.6000000000000005,44.900000000000006,-123.34999996666669
2005-11-01,1.0194408072955263,283.025,275.77500000000003,13.537500000000001,71.45,0.14625,0.0052,7.0125,44.900000000000006,-123.34999996666669
2005-11-09,1.3750742263643325,284.1625,274.62500000000006,5.3625,78.025,0.15625,0.0052825,5.5125,44.900000000000006,-123.34999996666669
2005-11-17,1.4347800186283377,285.1375,272.79999999999995,1.9375,96.20000000000002,0.23750000000000002,0.00477125,3.95,44.900000000000006,-123.34999996666669
2005-11-25,1.24469723009845,279.3625,273.6625,12.9875,51.2,0.09874999999999999,0.004356250000000001,6.7125,44.900000000000006,-123.34999996666669
2005-12-03,0.9181563398745081,278.4375,271.1125,0.8875000000000001,69.2625,0.18875,0.0032800000000000004,3.975,44.900000000000006,-123.34999996666669
2005-12-11,0.9900827885298878,277.425,268.95,0.3375,76.37500000000001,0.19999999999999998,0.0027762500000000005,4.7125,44.900000000000006,-123.34999996666669
2005-12-19,0.8036973978083528,282.86249999999995,277.9625,18.174999999999997,39.4625,0.1275,0.0057550000000000014,10.825000000000001,44.900000000000006,-123.34999996666669
2005-12-27,0.48510092330051674,282.21999999999997,277.9,40.94,40.68,0.06999999999999999,0.005848,9.94,44.900000000000006,-123.34999996666669
2006-01-01,0.6900827885298879,282.38749999999993,276.4625,12.4875,39.8,0.0825,0.005577500000000002,8.9125,44.900000000000006,-123.34999996666669
2006-01-09,0.7533764931361737,282.15,276.475,22.0125,37.1375,0.0675,0.00562125,10.187500000000002,44.900000000000006,-123.34999996666669
2006-01-17,1.0297981533989664,282.17499999999995,275.41249999999997,11.462500000000002,66.5,0.13,0.005067500000000001,5.3500000000000005,44.900000000000006,-123.34999996666669
2006-01-25,1.1297981533989665,281.525,275.7125,20.200000000000003,50.712500000000006,0.09625,0.0051487500000000005,10.9875,44.900000000000006,-123.34999996666669
2006-02-02,1.24469723009845,284.8625,275.625,6.8375,83.72500000000001,0.3325,0.0045675,7.275,44.900000000000006,-123.34999996666669
2006-02-10,1.2261007555906138,281.675,271.5,0.6375000000000001,94.92500000000001,0.3475,0.00313875,5.5375,44.900000000000006,-123.34999996666669
2006-02-18,1.2261007555906138,281.2375,270.2875,0.225,102.2875,0.30874999999999997,0.003095,5.0625,44.900000000000006,-123.34999996666669
2006-02-26,1.0962396357142052,284.70000000000005,275.86249999999995,6.474999999999999,99.2125,0.27875,0.0048737500000000005,7.6125,44.900000000000006,-123.34999996666669
2006-03-06,1.3,281.7375,273.2,7.725,128.3,0.2225,0.00404625,7.075000000000001,44.900000000000006,-123.34999996666669
2006-03-14,1.304981865229371,282.9625,274.6375,4.3500000000000005,141.05,0.2525,0.00434875,6.300000000000002,44.900000000000006,-123.34999996666669
2006-03-22,1.6148990766994833,286.65000000000003,277.28749999999997,3.4875000000000003,157.7375,0.34125,0.0053300000000000005,6.262500000000001,44.900000000000006,-123.34999996666669
2006-03-30,1.7963026021916473,287.4625,277.0125,2.9000000000000004,159.86249999999998,0.34125,0.0055000000000000005,5.3375,44.900000000000006,-123.34999996666669
2006-04-07,1.9148990766994833,289.3125,278.0375,3.9375000000000004,184.275,0.39125,0.00606,4.350000000000001,44.900000000000006,-123.34999996666669
2006-04-15,2.2148990766994836,288.04999999999995,275.1875,4.950000000000001,222.425,0.42000000000000004,0.004963750000000001,6.3625,44.900000000000006,-123.34999996666669
2006-04-23,2.533495551207319,292.8875,277.45,0.15000000000000002,268.3625,0.6049999999999999,0.0061087500000000005,4.4125,44.900000000000006,-123.34999996666669
2006-05-01,2.4478450078074023,292.33750000000003,276.8875,0.7250000000000001,289.40000000000003,0.745,0.00499125,6.112500000000001,44.900000000000006,-123.34999996666669
2006-05-09,2.863385893851244,296.3875,279.45,0.0,319.1125,0.935,0.006488750000000001,4.2125,44.900000000000006,-123.34999996666669
2006-05-17,2.7358282188960983,294.47499999999997,283.1,4.500000000000001,227.10000000000002,0.70375,0.0075137500000000005,5.175,44.900000000000006,-123.34999996666669
2006-05-25,2.5068579507960096,292.5875,281.5125,4.1125,222.97500000000002,0.635,0.006770000000000002,4.4125,44.900000000000006,-123.34999996666669
2006-06-02,1.9656901875048085,294.28749999999997,283.7625,1.375,233.0,0.65875,0.007826250000000002,4.7125,44.900000000000006,-123.34999996666669
2006-06-10,2.999026692756084,295.1499999999999,283.54999999999995,0.525,229.88750000000002,0.71875,0.00782125,4.4750000000000005,44.900000000000006,-123.34999996666669
2006-06-18,3.440999832290097,298.1875,281.1875,0.0,335.86250000000007,1.0025,0.007392500000000001,6.512500000000001,44.900000000000006,-123.34999996666669
2006-06-26,2.7496790953278207,302.225,285.7625,0.0,318.26250000000005,1.395,0.008675,3.95,44.900000000000006,-123.34999996666669
2006-07-04,2.4068159527497897,300.75,284.4,0.21250000000000002,306.425,1.25,0.00801,3.575,44.900000000000006,-123.34999996666669
2006-07-12,2.3519487965391574,299.375,282.5,0.21250000000000002,293.625,1.09125,0.00760125,4.675000000000001,44.900000000000006,-123.34999996666669
2006-07-20,2.302065833731267,306.475,288.58750000000003,0.0,310.0375,1.8087500000000003,0.010503750000000001,4.975,44.900000000000006,-123.34999996666669
2006-07-28,2.327246514778044,298.525,281.77500000000003,0.0,292.0,1.07875,0.006930000000000001,4.800000000000001,44.900000000000006,-123.34999996666669
2006-08-05,2.050778335526621,301.25,283.2375,0.0,296.8125,1.2725,0.00792375,4.0625,44.900000000000006,-123.34999996666669
2006-08-13,2.455898908989581,302.03749999999997,283.2375,0.0,289.1375,1.42,0.00765875,4.1,44.900000000000006,-123.34999996666669
2006-08-21,2.242284299711115,302.1125,283.4125,0.0,267.7375,1.4425000000000001,0.007587500000000001,4.125,44.900000000000006,-123.34999996666669
2006-08-29,1.9587625565199067,301.7875,282.42499999999995,0.07500000000000001,245.0,1.53125,0.00667625,4.6875,44.900000000000006,-123.34999996666669
2006-09-06,2.1950016872818168,299.0125,281.92499999999995,0.0,227.2625,1.105,0.00717375,4.7875000000000005,44.900000000000006,-123.34999996666669
2006-09-14,2.2794772487267876,292.79999999999995,280.925,2.2375,141.33750000000003,0.5687500000000001,0.007013750000000001,4.375,44.900000000000006,-123.34999996666669
2006-09-22,2.268275569835657,301.61249999999995,281.55,0.0,208.81250000000003,1.48375,0.0065125,3.8625000000000007,44.900000000000006,-123.34999996666669
2006-09-30,2.0384774164366903,293.16249999999997,279.31249999999994,0.037500000000000006,167.2125,0.6125,0.006532499999999999,3.4625,44.900000000000006,-123.34999996666669
2006-10-08,1.9744953834974166,293.75,278.23749999999995,1.05,145.1,0.8624999999999999,0.00519,4.437500000000001,44.900000000000006,-123.34999996666669
2006-10-16,1.7446972300984498,290.65,278.0375,2.175,114.0875,0.4175,0.006430000000000001,4.5875,44.900000000000006,-123.34999996666669
2006-10-24,1.6049818652293708,287.625,273.75,0.275,126.60000000000001,0.42000000000000004,0.0046525,4.1875,44.900000000000006,-123.34999996666669
2006-11-01,1.4446972300984497,287.5375,280.3,35.025,49.825,0.16,0.00745,10.200000000000001,44.900000000000006,-123.34999996666669
2006-11-09,1.0185964745078362,284.1375,277.575,13.95,69.4,0.17750000000000002,0.0056187500000000005,9.425,44.900000000000006,-123.34999996666669
2006-11-17,0.8509170437602092,282.4875,276.575,15.425,60.962500000000006,0.14875,0.0052337500000000006,9.2,44.900000000000006,-123.34999996666669
2006-11-25,0.8788811096387573,278.8,272.9125,6.112500000000001,62.137499999999996,0.15375,0.0037887500000000005,6.4624999999999995,44.900000000000006,-123.34999996666669
2006-12-03,0.9148990766994833,282.45,274.4625,2.8500000000000005,63.36250000000001,0.19125,0.00461125,4.675000000000001,44.900000000000006,-123.34999996666669
2006-12-11,0.7788811096387573,280.07500000000005,273.175,19.55,56.5,0.11875000000000001,0.0045275,8.987500000000002,44.900000000000006,-123.34999996666669
2006-12-19,1.1235783397372072,279.8875,273.95000000000005,16.2,39.36250000000001,0.07375000000000001,0.0047462500000000005,7.112500000000001,44.900000000000006,-123.34999996666669
2006-12-27,1.035468346961326,279.48,272.97999999999996,1.0,60.720000000000006,0.16999999999999998,0.0038380000000000003,4.92,44.900000000000006,-123.34999996666669
2007-01-01,0.5,282.42500000000007,276.4625,14.212500000000002,35.16250000000001,0.11750000000000001,0.005393750000000001,8.4625,44.900000000000006,-123.34999996666669
2007-01-09,0.667679430747627,277.13750000000005,268.75,2.4625000000000004,74.97500000000001,0.14125000000000001,0.00316125,4.7625,44.900000000000006,-123.34999996666669
2007-01-17,0.8006253618555462,278.925,272.66249999999997,0.575,58.72500000000001,0.18875000000000003,0.0035712500000000006,3.5000000000000004,44.900000000000006,-123.34999996666669
2007-01-25,1.190082788529888,281.2,269.18750000000006,0.0,111.9375,0.265,0.0031425000000000003,4.6875,44.900000000000006,-123.34999996666669
2007-02-02,1.1297981533989665,285.05,275.75,1.475,79.75,0.23125,0.0053575,4.4625,44.900000000000006,-123.34999996666669
2007-02-10,1.1689638981686454,284.675,277.9875,10.175,61.625,0.1325,0.006157500000000001,6.312499999999999,44.900000000000006,-123.34999996666669
2007-02-18,1.1161835441205015,281.0125,274.85,12.937500000000002,73.7875,0.16000000000000003,0.0044875,8.125,44.900000000000006,-123.34999996666669
2007-02-26,1.2198809419288545,284.41249999999997,275.325,6.7250000000000005,100.26250000000002,0.26,0.00499,6.2625,44.900000000000006,-123.34999996666669
2007-03-06,1.2297981533989666,287.95,277.625,3.5125000000000006,118.1875,0.28625,0.006209999999999999,6.85,44.900000000000006,-123.34999996666669
2007-03-14,1.5148990766994834,287.59999999999997,276.475,1.7125000000000001,159.85000000000002,0.36500000000000005,0.00543,3.975,44.900000000000006,-123.34999996666669
2007-03-22,1.681403525492164,287.4625,276.1875,3.1375,156.125,0.36375,0.0052812499999999995,4.775,44.900000000000006,-123.34999996666669
2007-03-30,1.9075042810827778,289.1625,276.28749999999997,0.275,180.0625,0.44499999999999995,0.005547500000000001,3.2875000000000005,44.900000000000006,-123.34999996666669
2007-04-07,2.114899076699483,287.275,276.23749999999995,6.275000000000001,159.4875,0.29375,0.005637500000000002,5.9625,44.900000000000006,-123.34999996666669
2007-04-15,2.3851009233005174,286.4625,274.925,4.375,188.25,0.33999999999999997,0.004855,4.612500000000001,44.900000000000006,-123.34999996666669
2007-04-23,2.7099172114701124,291.225,277.90000000000003,0.1,234.5,0.49500000000000005,0.006127500000000001,3.9875000000000007,44.900000000000006,-123.34999996666669
2007-05-01,2.9603941205969933,291.1125,278.6375,2.5125,231.17500000000004,0.6112500000000001,0.005732500000000001,4.6625,44.900000000000006,-123.34999996666669
2007-05-09,2.848348108918173,293.72499999999997,277.6625,0.0,316.825,0.7175,0.005858750000000001,5.125000000000001,44.900000000000006,-123.34999996666669
2007-05-17,2.9943425817163445,292.87499999999994,279.15,1.0125,255.46249999999998,0.6849999999999999,0.00589375,4.0,44.900000000000006,-123.34999996666669
2007-05-25,3.476468179251423,297.2125,281.4375,0.0,324.725,0.8887500000000002,0.007430000000000002,3.812500000000001,44.900000000000006,-123.34999996666669
2007-06-02,3.4284042005118764,293.8875,281.9625,1.4125,219.16250000000002,0.6375,0.0075025000000000005,4.2250000000000005,44.900000000000006,-123.34999996666669
2007-06-10,3.1279640658785484,293.9625,281.23749999999995,0.1,280.46250000000003,0.7162499999999999,0.006622500000000001,3.8500000000000005,44.900000000000006,-123.34999996666669
2007-06-18,2.6656601160049904,295.5,280.175,0.30000000000000004,297.18750000000006,0.7987500000000001,0.006710000000000001,3.8374999999999995,44.900000000000006,-123.34999996666669
2007-06-26,2.966550967781311,297.7625,283.125,0.925,267.6125,0.9437500000000001,0.007768750000000001,3.8249999999999997,44.900000000000006,-123.34999996666669
2007-07-04,2.8397618838577086,303.41249999999997,284.16249999999997,0.0,323.26250000000005,1.3825,0.0091375,5.2,44.900000000000006,-123.34999996666669
2007-07-12,2.681999664580194,300.425,287.1875,0.9750000000000001,225.675,1.13625,0.00944375,2.9625000000000004,44.900000000000006,-123.34999996666669
2007-07-20,2.501330986409648,298.95000000000005,284.975,0.48750000000000004,215.1875,0.9525000000000001,0.008905,5.1625000000000005,44.900000000000006,-123.34999996666669
2007-07-28,2.14503846177537,300.6125,283.95,0.0,292.775,1.19,0.008199999999999999,5.862500000000001,44.900000000000006,-123.34999996666669
2007-08-05,2.373257435065028,298.7,283.0125,0.0,280.5,1.0112500000000002,0.0077525,3.4625000000000004,44.900000000000006,-123.34999996666669
2007-08-13,2.2943763254262706,298.28749999999997,284.5625,2.1625,223.26250000000005,1.00125,0.0081525,3.4125,44.900000000000006,-123.34999996666669
2007-08-21,2.195660792847289,300.12499999999994,284.125,0.0,264.8375,1.13,0.008272500000000002,4.787500000000001,44.900000000000006,-123.34999996666669
2007-08-29,2.027431742000262,298.9,284.3375,0.5875,216.1125,1.025,0.00835,3.8875,44.900000000000006,-123.34999996666669
2007-09-06,2.0745419024860463,299.96250000000003,282.025,0.0,247.32500000000002,1.29,0.006657500000000001,5.35,44.900000000000006,-123.34999996666669
2007-09-14,2.0427709533330733,294.8375,281.6625,0.3875,194.07500000000005,0.745,0.007003750000000001,4.237500000000001,44.900000000000006,-123.34999996666669
2007-09-22,1.92787187663359,293.425,279.5375,1.5625,183.8875,0.72125,0.0060575,5.125000000000001,44.900000000000006,-123.34999996666669
2007-09-30,1.8340916902953492,287.1125,278.9625,7.2749999999999995,95.7,0.21375,0.00656125,6.425,44.900000000000006,-123.34999996666669
2007-10-08,1.4800268688261875,290.03749999999997,280.75,1.3875000000000002,110.8875,0.3325000000000001,0.007228750000000001,4.7125,44.900000000000006,-123.34999996666669
2007-10-16,1.6042935368963827,288.1125,278.95,12.7875,95.35000000000001,0.27,0.006746250000000001,7.875,44.900000000000006,-123.34999996666669
2007-10-24,1.623578339737207,287.9875,275.4,0.11250000000000002,124.0875,0.37875,0.005211250000000001,5.2875000000000005,44.900000000000006,-123.34999996666669
2007-11-01,1.4123766608460768,287.5375,275.92499999999995,0.037500000000000006,115.4,0.36874999999999997,0.0051975,3.35,44.900000000000006,-123.34999996666669
2007-11-09,1.4744953834974164,284.24999999999994,277.3625,3.812500000000001,65.8125,0.15375000000000003,0.00578625,8.700000000000001,44.900000000000006,-123.34999996666669
2007-11-17,1.4446972300984497,280.475,273.175,13.8375,74.0125,0.1325,0.0043612500000000005,5.0625,44.900000000000006,-123.34999996666669
2007-11-25,1.2658161204596925,278.95000000000005,272.76250000000005,2.875,50.075,0.0675,0.0043475,7.0875,44.900000000000006,-123.34999996666669
2007-12-03,1.2788811096387573,281.8375,275.7375,10.8,48.0125,0.09125,0.005413750000000001,6.675000000000001,44.900000000000006,-123.34999996666669
2007-12-11,1.0446972300984498,280.075,273.47499999999997,1.3875000000000002,47.175,0.1025,0.00446,6.575,44.900000000000006,-123.34999996666669
2007-12-19,0.9049818652293711,279.82500000000005,274.1375,19.450000000000003,36.537499999999994,0.08125,0.0046325,8.0625,44.900000000000006,-123.34999996666669
2007-12-27,0.6086792630377239,278.72,273.34000000000003,27.080000000000002,41.800000000000004,0.10200000000000001,0.004148,7.6,44.900000000000006,-123.34999996666669
2008-01-01,0.7261007555906137,279.95,274.6,17.325000000000003,42.50000000000001,0.13375,0.004412500000000001,10.0375,44.900000000000006,-123.34999996666669
2008-01-09,1.0788811096387574,280.47499999999997,274.45,6.8500000000000005,58.97500000000001,0.16,0.004366250000000001,6.7375,44.900000000000006,-123.34999996666669
2008-01-17,1.2297981533989666,276.375,267.775,0.4625,88.61250000000001,0.15125,0.002775,4.8125,44.900000000000006,-123.34999996666669
2008-01-25,1.208679263037724,278.025,272.375,15.5375,54.68750000000001,0.125,0.0037612500000000003,7.9125,44.900000000000006,-123.34999996666669
2008-02-02,1.259596306797933,280.175,273.75,8.200000000000001,54.324999999999996,0.10125,0.0045575,7.225000000000001,44.900000000000006,-123.34999996666669
2008-02-10,1.2347800186283377,284.75,273.9875,0.3125,100.9625,0.22625,0.0049162500000000005,3.8000000000000003,44.900000000000006,-123.34999996666669
2008-02-18,1.140999832290097,284.37500000000006,273.5,0.5625,109.32500000000002,0.22624999999999998,0.004769999999999999,4.0875,44.900000000000006,-123.34999996666669
2008-02-26,1.1198809419288542,283.825,274.2125,1.75,107.31250000000001,0.21375,0.00482875,3.8875,44.900000000000006,-123.34999996666669
2008-03-05,1.191916876050306,286.56249999999994,275.15,3.0500000000000003,150.025,0.2875,0.0052762500000000006,4.575,44.900000000000006,-123.34999996666669
2008-03-13,1.3483946279068026,282.475,275.1625,9.737499999999999,121.22500000000001,0.16624999999999998,0.0048562499999999995,6.35,44.900000000000006,-123.34999996666669
2008-03-21,1.5148990766994834,282.475,273.425,6.525,162.78750000000002,0.22749999999999998,0.0042475,5.5875,44.900000000000006,-123.34999996666669
2008-03-29,1.6297981533989663,283.99999999999994,272.1,2.1125000000000003,198.9375,0.32375000000000004,0.00388125,4.7875,44.900000000000006,-123.34999996666669
2008-04-06,1.7086792630377239,287.425,276.45,2.0625,183.05,0.395,0.005367500000000001,4.275,44.900000000000006,-123.34999996666669
2008-04-14,1.9148990766994833,283.8625,274.38750000000005,2.5250000000000004,187.025,0.26,0.004543750000000001,5.425,44.900000000000006,-123.34999996666669
2008-04-22,1.9913207369622763,287.76250000000005,276.58750000000003,4.625,205.7,0.3625,0.005540000000000001,5.375,44.900000000000006,-123.34999996666669
2008-04-30,2.3775966422177395,289.8875,277.98749999999995,0.1875,234.72500000000002,0.54625,0.0053775,4.1375,44.900000000000006,-123.34999996666669
2008-05-08,2.2558523900009506,291.1875,278.975,0.05,242.86249999999998,0.58875,0.005996250000000001,4.3125,44.900000000000006,-123.34999996666669
2008-05-16,3.029798153398967,295.5625,282.6625,1.2125,264.4125,0.7950000000000002,0.0079325,4.6375,44.900000000000006,-123.34999996666669
2008-05-24,2.9762026893306492,293.15000000000003,281.9375,0.42499999999999993,233.15000000000003,0.58375,0.0072625,2.7125,44.900000000000006,-123.34999996666669
2008-06-01,2.712486146312149,290.625,279.1,2.375,224.01250000000005,0.53625,0.0059125,4.737500000000001,44.900000000000006,-123.34999996666669
2008-06-09,3.0305330007205846,293.275,277.95,0.5375000000000001,286.95000000000005,0.6437499999999999,0.0061600000000000005,5.4625,44.900000000000006,-123.34999996666669
2008-06-17,2.5783780085279875,296.525,281.4125,0.0,300.5375000000001,0.9112500000000001,0.006846250000000002,3.275,44.900000000000006,-123.34999996666669
2008-06-25,2.5966438338685673,301.4625,284.5125,0.0,324.9125,1.1862500000000002,0.009123750000000002,3.225,44.900000000000006,-123.34999996666669
2008-07-03,2.917358526075448,300.225,284.45,0.0,274.5,1.17,0.008255000000000002,5.8500000000000005,44.900000000000006,-123.34999996666669
2008-07-11,2.39979161157752,301.975,282.50000000000006,0.0,333.85,1.4200000000000002,0.0073325000000000005,4.800000000000001,44.900000000000006,-123.34999996666669
2008-07-19,2.834091690295349,299.38750000000005,281.28749999999997,0.0,311.63750000000005,1.15875,0.0068762499999999996,3.9625000000000004,44.900000000000006,-123.34999996666669
2008-07-27,2.5981832087006955,297.7375,283.38750000000005,0.2,236.56250000000006,1.01375,0.007353750000000001,3.900000000000001,44.900000000000006,-123.34999996666669
2008-08-04,2.4806522306817342,301.5125,284.35,0.037500000000000006,268.6625,1.20625,0.008901250000000001,3.1500000000000004,44.900000000000006,-123.34999996666669
2008-08-12,2.0862129387780213,302.4,287.0375,1.5625,232.18749999999997,1.2125000000000001,0.010398750000000002,4.1,44.900000000000006,-123.34999996666669
2008-08-20,2.341218803222241,297.95,283.3125,2.3125,218.2875,0.96,0.00783375,4.075,44.900000000000006,-123.34999996666669
2008-08-28,2.115432249310071,296.8625,281.05,0.125,234.7375,0.92125,0.006903750000000001,4.95,44.900000000000006,-123.34999996666669
2008-09-05,2.0253029417915536,301.05,282.375,0.0,246.0875,1.28,0.007483750000000001,6.162500000000001,44.900000000000006,-123.34999996666669
2008-09-13,2.2489907669948326,300.3125,282.4625,0.0,216.10000000000002,1.2337500000000001,0.007430000000000001,3.1624999999999996,44.900000000000006,-123.34999996666669
2008-09-21,2.094376325426271,296.05,281.11249999999995,0.7124999999999999,177.825,0.8825000000000001,0.0067125,3.812500000000001,44.900000000000006,-123.34999996666669
2008-09-29,2.0191926135958664,293.7875,282.36250000000007,5.749999999999999,119.4375,0.5725,0.008037500000000001,5.7,44.900000000000006,-123.34999996666669
2008-10-07,1.849679095327821,287.6625,277.075,0.6375,131.8875,0.41250000000000003,0.00520125,4.0125,44.900000000000006,-123.34999996666669
2008-10-15,1.7062663326503893,289.55,277.22499999999997,0.75,119.86250000000003,0.39625,0.006007500000000001,3.8875,44.900000000000006,-123.34999996666669
2008-10-23,1.6198809419288542,290.9125,276.97499999999997,0.0625,126.85,0.54625,0.0055225000000000005,4.65,44.900000000000006,-123.34999996666669
2008-10-31,1.5595963067979328,285.4875,279.70000000000005,10.4375,58.849999999999994,0.11374999999999999,0.006901250000000001,7.675000000000001,44.900000000000006,-123.34999996666669
2008-11-08,1.3086792630377238,285.6625,279.0875,6.5,58.16250000000001,0.13125,0.00667375,6.7875,44.900000000000006,-123.34999996666669
2008-11-16,1.2235783397372073,285.20000000000005,276.3125,2.5875,84.975,0.21125000000000002,0.0055725,4.3625,44.900000000000006,-123.34999996666669
2008-11-24,1.059596306797933,284.6375,275.3,1.25,73.75,0.16874999999999998,0.00552,4.2749999999999995,44.900000000000006,-123.34999996666669
2008-12-02,1.1751837118304047,282.5625,273.63750000000005,1.35,64.1625,0.2,0.004475000000000001,3.6125000000000003,44.900000000000006,-123.34999996666669
2008-12-10,0.7744953834974163,276.97499999999997,270.07500000000005,5.725,46.5125,0.11249999999999999,0.0035200000000000006,6.825000000000001,44.900000000000006,-123.34999996666669
2008-12-18,1.0297981533989664,274.2625,270.025,12.8625,39.362500000000004,0.02875,0.00343125,6.700000000000001,44.900000000000006,-123.34999996666669
2008-12-26,0.7615691025519395,279.45,274.18333333333334,10.783333333333333,41.91666666666667,0.12166666666666666,0.004336666666666667,9.133333333333335,44.900000000000006,-123.34999996666669
2009-01-01,1.0049818652293712,280.3125,275.1875,19.6125,36.95,0.10000000000000002,0.004848750000000001,9.2125,44.900000000000006,-123.34999996666669
2009-01-09,1.1384774164366904,281.88749999999993,273.8,0.2,78.85000000000001,0.17625000000000002,0.004485,3.5625,44.900000000000006,-123.34999996666669
2009-01-17,1.3198809419288544,280.925,271.25,0.0,83.15,0.23625,0.0035050000000000003,3.6374999999999997,44.900000000000006,-123.34999996666669
2009-01-25,1.0937801863382406,278.525,271.0875,1.6125,81.55,0.1625,0.0034775,4.075,44.900000000000006,-123.34999996666669
2009-02-02,1.1049818652293713,283.32500000000005,272.6,1.8875000000000002,99.275,0.22499999999999998,0.00437375,3.9625,44.900000000000006,-123.34999996666669
2009-02-10,1.1297981533989665,280.1625,271.84999999999997,2.25,75.975,0.14500000000000002,0.003975000000000001,4.775,44.900000000000006,-123.34999996666669
2009-02-18,1.1112016788911305,284.15,275.42499999999995,6.875000000000001,92.41250000000001,0.2025,0.005177500000000001,6.1625000000000005,44.900000000000006,-123.34999996666669
2009-02-26,1.181403525492164,282.70000000000005,274.21250000000003,5.8125,97.10000000000002,0.21875,0.00456375,6.175,44.900000000000006,-123.34999996666669
2009-03-06,1.3261007555906137,282.025,270.675,1.2375,152.1875,0.28500000000000003,0.0034675,4.725,44.900000000000006,-123.34999996666669
2009-03-14,1.4148990766994833,283.96250000000003,275.9,7.775,128.6875,0.22125,0.005030000000000001,7.112500000000002,44.900000000000006,-123.34999996666669
2009-03-22,1.4062198136617594,283.42499999999995,275.6875,3.2875000000000005,116.48750000000001,0.2175,0.0048675,5.737500000000001,44.900000000000006,-123.34999996666669
2009-03-30,1.7049818652293711,286.86249999999995,274.65,1.7750000000000001,184.925,0.43625,0.0045562499999999995,5.425,44.900000000000006,-123.34999996666669
2009-04-07,1.6446972300984497,287.03749999999997,276.3875,2.8125000000000004,163.55,0.3375,0.005410000000000001,5.8125,44.900000000000006,-123.34999996666669
2009-04-15,1.8744953834974165,292.16249999999997,277.77500000000003,0.4375,256.5625,0.625,0.0058425000000000005,4.237500000000001,44.900000000000006,-123.34999996666669
2009-04-23,1.7444317401776759,287.6,274.28749999999997,1.0625000000000002,235.46250000000003,0.43125,0.00457875,4.1875,44.900000000000006,-123.34999996666669
2009-05-01,2.281999664580194,289.3125,277.875,9.274999999999999,197.62500000000003,0.44375000000000003,0.005687500000000001,6.8374999999999995,44.900000000000006,-123.34999996666669
2009-05-09,2.594734004592003,292.225,277.78749999999997,3.375,258.75000000000006,0.6325000000000001,0.005848750000000001,5.200000000000001,44.900000000000006,-123.34999996666669
2009-05-17,2.7417976460891573,295.325,279.3875,0.2,338.6625,0.7875000000000001,0.006570000000000001,5.1125,44.900000000000006,-123.34999996666669
2009-05-25,3.3086792630377238,299.00000000000006,282.7125,0.0,346.40000000000003,0.98625,0.008125,2.8375000000000004,44.900000000000006,-123.34999996666669
2009-06-02,3.0228900114042188,296.46250000000003,283.975,2.2500000000000004,273.525,0.75,0.00855,3.3874999999999997,44.900000000000006,-123.34999996666669
2009-06-10,2.359596306797933,294.62499999999994,284.55,1.9000000000000001,233.28750000000002,0.6062500000000001,0.00848125,2.4625000000000004,44.900000000000006,-123.34999996666669
2009-06-18,2.982486318202152,293.96250000000003,281.8,0.38750000000000007,275.4375,0.63625,0.007288750000000002,4.45,44.900000000000006,-123.34999996666669
2009-06-26,2.613911514735795,299.07500000000005,281.4125,0.0,345.76250000000005,1.14125,0.0070625,5.55,44.900000000000006,-123.34999996666669
2009-07-04,2.221900256671491,299.525,282.65,0.0,302.51250000000005,1.145,0.007483750000000001,3.7625,44.900000000000006,-123.34999996666669
2009-07-12,2.5551010951905204,300.7,284.1,1.05,314.5,1.22,0.00818625,4.0375,44.900000000000006,-123.34999996666669
2009-07-20,2.5515131828482396,303.6375,285.23749999999995,0.0,319.83750000000003,1.4725000000000001,0.009063749999999999,3.8499999999999996,44.900000000000006,-123.34999996666669
2009-07-28,2.72787187663359,305.41249999999997,287.82500000000005,0.0,310.2125,1.6462500000000002,0.010426250000000003,2.6500000000000004,44.900000000000006,-123.34999996666669
2009-08-05,2.5303942924869967,297.72499999999997,284.15000000000003,1.05,247.83750000000003,0.7899999999999999,0.00890125,3.2125,44.900000000000006,-123.34999996666669
2009-08-13,2.300533172610588,300.78749999999997,283.6375,0.0,281.4875,1.2325,0.00816875,4.3625,44.900000000000006,-123.34999996666669
2009-08-21,2.248441146895433,299.125,282.325,0.125,258.21250000000003,1.11,0.0073437500000000005,3.7375000000000007,44.900000000000006,-123.34999996666669
2009-08-29,2.162055756173898,297.65,283.45000000000005,1.0375,218.05000000000004,0.8275,0.008466250000000002,4.175000000000001,44.900000000000006,-123.34999996666669
2009-09-06,2.1850087340555584,298.4,283.8875,2.0375,214.37500000000003,0.97875,0.00830125,4.0625,44.900000000000006,-123.34999996666669
2009-09-14,2.0024594493759644,297.53749999999997,283.09999999999997,0.3375,180.7125,0.94625,0.0076875,4.425,44.900000000000006,-123.34999996666669
2009-09-22,2.1044030223624546,297.47499999999997,280.83750000000003,0.4375,191.35000000000002,1.0825000000000002,0.0065175,5.2,44.900000000000006,-123.34999996666669
2009-09-30,1.791476741416978,289.96250000000003,278.575,0.55,149.26250000000005,0.5525000000000001,0.00543875,3.6375,44.900000000000006,-123.34999996666669
2009-10-08,1.5533764931361738,289.7125,277.87499999999994,3.075,137.33750000000003,0.49000000000000005,0.00559375,5.3125,44.900000000000006,-123.34999996666669
2009-10-16,1.5893944601968997,291.03749999999997,282.675,3.2125000000000004,101.65000000000002,0.36500000000000005,0.007930000000000001,4.25,44.900000000000006,-123.34999996666669
2009-10-24,1.3024594493759645,285.82500000000005,278.4375,4.2125,84.8875,0.21250000000000002,0.006107500000000001,5.85,44.900000000000006,-123.34999996666669
2009-11-01,1.0074413146053356,286.075,276.375,10.0625,89.525,0.28875,0.005342500000000001,7.5249999999999995,44.900000000000006,-123.34999996666669
2009-11-09,1.2198809419288545,282.6875,276.32499999999993,7.7875000000000005,57.275,0.13,0.005331250000000001,7.975,44.900000000000006,-123.34999996666669
2009-11-17,1.0553492888901803,282.55,275.84999999999997,12.299999999999999,54.925000000000004,0.11499999999999999,0.0053037499999999994,9.6875,44.900000000000006,-123.34999996666669
2009-11-25,1.2689638981686453,283.0,274.22499999999997,4.3374999999999995,81.37500000000001,0.17625000000000002,0.0048025,3.9375,44.900000000000006,-123.34999996666669
2009-12-03,1.2838629748681285,274.2625,265.58750000000003,0.0,84.75,0.2475,0.0017150000000000002,5.2375,44.900000000000006,-123.34999996666669
2009-12-11,1.4086792630377238,279.8875,274.1125,10.3875,47.550000000000004,0.1575,0.00436625,5.8125,44.900000000000006,-123.34999996666669
2009-12-19,0.9900198220524457,280.025,273.41249999999997,3.95,56.837500000000006,0.19625,0.003925,5.575000000000001,44.900000000000006,-123.34999996666669
2009-12-27,0.804981865229371,277.71999999999997,272.02,15.520000000000001,42.34,0.132,0.0036060000000000007,6.459999999999999,44.900000000000006,-123.34999996666669
2010-01-01,0.39999999999999997,282.45000000000005,276.725,10.7125,37.75,0.10375000000000001,0.005713750000000001,6.625,44.900000000000006,-123.34999996666669
2010-01-09,0.5036973978083528,283.22499999999997,277.3625,10.6125,52.7375,0.07875,0.006281250000000001,8.375,44.900000000000006,-123.34999996666669
2010-01-17,0.9453855584314381,283.66249999999997,275.8,8.162500000000001,58.225,0.15375,0.005355,7.8375,44.900000000000006,-123.34999996666669
2010-01-25,0.8788811096387573,282.58750000000003,276.04999999999995,2.8625,69.75,0.13875,0.0051875,3.75,44.900000000000006,-123.34999996666669
2010-02-02,1.0198809419288544,283.6125,275.825,3.2,85.2125,0.1625,0.00530375,4.1125,44.900000000000006,-123.34999996666669
2010-02-10,1.0198809419288544,285.25,276.975,5.862500000000001,76.78750000000001,0.20625000000000002,0.00566375,7.1625000000000005,44.900000000000006,-123.34999996666669
2010-02-18,1.2198809419288545,286.53749999999997,273.875,7.175000000000001,125.85,0.46125000000000005,0.00399375,5.800000000000001,44.900000000000006,-123.34999996666669
2010-02-26,1.259596306797933,285.7375,276.975,2.6874999999999996,133.3625,0.23874999999999996,0.0056,4.1000000000000005,44.900000000000006,-123.34999996666669
2010-03-06,1.3198809419288544,284.08750000000003,274.3,8.1625,143.53750000000002,0.2775,0.00450875,7.025,44.900000000000006,-123.34999996666669
2010-03-14,1.3900827885298879,288.4625,275.16249999999997,0.5125,174.2375,0.45,0.004913750000000001,6.137499999999999,44.900000000000006,-123.34999996666669
2010-03-22,1.423578339737207,286.45,276.34999999999997,13.55,163.88750000000002,0.29000000000000004,0.005470000000000001,7.675000000000001,44.900000000000006,-123.34999996666669
2010-03-30,1.5446972300984498,282.325,274.825,13.125000000000002,165.95000000000002,0.20249999999999999,0.00453875,8.4375,44.900000000000006,-123.34999996666669
2010-04-07,1.5974775841465934,287.90000000000003,275.57500000000005,5.2125,209.06250000000003,0.38749999999999996,0.00517875,4.7375,44.900000000000006,-123.34999996666669
2010-04-15,1.8365968099276424,290.3125,278.175,0.65,208.37499999999997,0.42625,0.00628375,5.2,44.900000000000006,-123.34999996666669
2010-04-23,2.066504448792681,287.5875,276.55,7.762500000000001,204.4625,0.36000000000000004,0.00539625,5.45,44.900000000000006,-123.34999996666669
2010-05-01,2.44469723009845,288.2875,276.08750000000003,1.55,262.61250000000007,0.48375,0.0048475,4.862500000000001,44.900000000000006,-123.34999996666669
2010-05-09,2.4030848112315106,293.8125,278.99999999999994,0.525,306.925,0.6987499999999999,0.00632375,3.2625,44.900000000000006,-123.34999996666669
2010-05-17,2.723578339737207,288.1875,279.03749999999997,4.937500000000001,220.06250000000003,0.39749999999999996,0.005881250000000001,6.3,44.900000000000006,-123.34999996666669
2010-05-25,2.8893944601968995,290.16249999999997,281.0,4.4375,220.78749999999997,0.44125000000000003,0.00664875,4.487500000000001,44.900000000000006,-123.34999996666669
2010-06-02,3.1974775841465934,291.6375,281.0625,6.5625,207.4875,0.44375,0.007313750000000001,4.6625000000000005,44.900000000000006,-123.34999996666669
2010-06-10,3.1068451755173054,291.875,280.03749999999997,0.38749999999999996,292.3625,0.555,0.006602500000000002,5.537500000000001,44.900000000000006,-123.34999996666669
2010-06-18,3.2015034383531624,295.1375,281.825,0.07500000000000001,272.96250000000003,0.6625,0.007841250000000001,3.575,44.900000000000006,-123.34999996666669
2010-06-26,3.3161835441205016,295.2875,281.34999999999997,0.25,265.4375,0.7137500000000001,0.00742,3.6375,44.900000000000006,-123.34999996666669
2010-07-04,3.2714698665332396,302.70000000000005,284.57500000000005,0.0,323.0250000000001,1.3724999999999998,0.00921375,5.3625,44.900000000000006,-123.34999996666669
2010-07-12,3.196898741279677,299.25,281.5,0.0,334.2375,1.05625,0.0075675000000000004,4.7125,44.900000000000006,-123.34999996666669
2010-07-20,2.895001687281817,303.12500000000006,283.16249999999997,0.0,325.18750000000006,1.3762500000000002,0.008696250000000003,4.3500000000000005,44.900000000000006,-123.34999996666669
2010-07-28,2.8638898436943157,300.175,282.675,0.0,317.70000000000005,0.95875,0.008932500000000001,3.0500000000000003,44.900000000000006,-123.34999996666669
2010-08-05,2.737898573569774,299.36250000000007,283.76250000000005,0.0,285.7,0.8674999999999999,0.009408749999999999,3.5625000000000004,44.900000000000006,-123.34999996666669
2010-08-13,2.5142085555974547,304.25,284.15,0.0,296.52500000000003,1.5337500000000002,0.009157500000000002,3.3875,44.900000000000006,-123.34999996666669
2010-08-21,2.0419220996029734,299.6125,281.7625,0.0,261.2375,1.23625,0.007102500000000001,4.5375000000000005,44.900000000000006,-123.34999996666669
2010-08-29,2.409275402125754,296.125,281.84999999999997,1.3625,201.78750000000002,0.75875,0.007925,4.575,44.900000000000006,-123.34999996666669
2010-09-06,2.373257435065028,294.8875,281.1125,0.7125,181.70000000000002,0.6649999999999999,0.007470000000000001,2.9375,44.900000000000006,-123.34999996666669
2010-09-14,2.412972799934107,293.5625,284.4,5.7625,135.1125,0.44500000000000006,0.009025,4.625,44.900000000000006,-123.34999996666669
2010-09-22,2.4645781720273043,297.01250000000005,283.7125,0.525,169.4125,0.68,0.009272500000000001,4.062500000000001,44.900000000000006,-123.34999996666669
2010-09-30,2.332257602774931,294.1625,281.8375,0.07500000000000001,166.78750000000002,0.5650000000000001,0.008055,4.5375000000000005,44.900000000000006,-123.34999996666669
2010-10-08,2.128560204966578,292.1,279.525,4.25,133.3,0.44625000000000004,0.007182500000000001,5.6375,44.900000000000006,-123.34999996666669
2010-10-16,2.0347800186283376,291.3,278.3125,6.9125000000000005,140.925,0.5249999999999999,0.006098750000000001,5.15,44.900000000000006,-123.34999996666669
2010-10-24,1.9595963067979332,285.2375,278.15000000000003,13.087500000000002,88.6625,0.10625000000000001,0.006492500000000001,7.787500000000001,44.900000000000006,-123.34999996666669
2010-11-01,1.623578339737207,288.5375,280.34999999999997,5.3125,91.775,0.285,0.0070062499999999995,5.187499999999999,44.900000000000006,-123.34999996666669
2010-11-09,1.508679263037724,284.5125,277.8625,4.2375,62.43750000000001,0.15125000000000002,0.005980000000000001,4.8500000000000005,44.900000000000006,-123.34999996666669
2010-11-17,1.3595963067979329,277.9,271.82500000000005,11.45,51.0375,0.07,0.00411125,7.0375000000000005,44.900000000000006,-123.34999996666669
2010-11-25,1.1496790953278209,280.21250000000003,274.3,10.05,50.8875,0.12124999999999998,0.004493750000000001,5.387499999999999,44.900000000000006,-123.34999996666669
2010-12-03,0.8446972300984498,282.075,276.3625,11.225000000000001,49.20000000000001,0.18625,0.0048375,7.775,44.900000000000006,-123.34999996666669
2010-12-11,0.7788811096387573,282.45,276.2625,14.599999999999998,45.2625,0.15500000000000003,0.00524375,8.425,44.900000000000006,-123.34999996666669
2010-12-19,0.8112016788911304,280.875,275.77500000000003,9.0625,45.612500000000004,0.10499999999999998,0.004948750000000001,9.087500000000002,44.900000000000006,-123.34999996666669
2010-12-27,0.5602846351309214,278.52,272.41999999999996,22.560000000000002,50.64,0.13,0.004,6.780000000000001,44.900000000000006,-123.34999996666669
2011-01-01,0.8453855584314381,278.0375,270.2625,1.175,56.412499999999994,0.13124999999999998,0.0034712500000000004,3.8,44.900000000000006,-123.34999996666669
2011-01-09,1.0148990766994832,282.325,276.67499999999995,15.2375,38.3375,0.12375000000000001,0.00553875,8.537500000000001,44.900000000000006,-123.34999996666669
2011-01-17,0.9564777518564965,282.0,273.5625,2.7,70.0,0.14,0.004718750000000001,3.75,44.900000000000006,-123.34999996666669
2011-01-25,1.2193313218294541,283.925,275.02500000000003,0.05,79.0875,0.19124999999999998,0.005053750000000001,3.7875000000000005,44.900000000000006,-123.34999996666669
2011-02-02,1.3838629748681286,283.3125,274.4,1.2250000000000003,81.0125,0.25,0.004477500000000001,4.1000000000000005,44.900000000000006,-123.34999996666669
2011-02-10,0.9148990766994833,282.8125,274.1875,10.187500000000004,86.5875,0.21875000000000003,0.0045075,6.875000000000001,44.900000000000006,-123.34999996666669
2011-02-18,0.9148990766994833,279.5,271.3,4.375,105.33750000000002,0.18999999999999997,0.0034975000000000006,5.737500000000001,44.900000000000006,-123.34999996666669
2011-02-26,0.9,280.675,272.575,13.4,92.73750000000001,0.2,0.00392125,8.55,44.900000000000006,-123.34999996666669
2011-03-06,0.8665044487926808,284.9375,275.775,9.3625,126.2,0.25375000000000003,0.005061250000000001,7.975,44.900000000000006,-123.34999996666669
2011-03-14,0.6838629748681284,284.17500000000007,275.65,9.275,156.14999999999998,0.26375,0.004753750000000001,7.9624999999999995,44.900000000000006,-123.34999996666669
2011-03-22,1.2062198136617595,284.37500000000006,275.35,5.35,132.025,0.27875,0.004685,6.425,44.900000000000006,-123.34999996666669
2011-03-30,1.3148990766994832,286.5375,277.41249999999997,4.25,145.3375,0.25625,0.005906250000000001,6.5625,44.900000000000006,-123.34999996666669
2011-04-07,1.6714863140220517,284.95000000000005,274.36249999999995,3.6000000000000005,172.9875,0.2925,0.004613750000000001,6.050000000000001,44.900000000000006,-123.34999996666669
2011-04-15,1.9297981533989668,286.3625,273.3875,4.1000000000000005,225.0,0.32125,0.004736250000000001,5.2,44.900000000000006,-123.34999996666669
2011-04-23,2.0198809419288546,286.6625,275.28749999999997,8.4625,219.9375,0.31625000000000003,0.0051400000000000005,6.2,44.900000000000006,-123.34999996666669
2011-05-01,2.1577622192775148,289.425,276.6625,2.1750000000000003,232.975,0.48000000000000004,0.005319999999999999,4.5125,44.900000000000006,-123.34999996666669
2011-05-09,2.1788811096387573,290.29999999999995,277.1375,1.5125,256.5125,0.48250000000000004,0.0057175,4.449999999999999,44.900000000000006,-123.34999996666669
2011-05-17,2.683862974868129,291.2,278.625,0.8875000000000001,244.9875,0.58375,0.005718750000000001,3.25,44.900000000000006,-123.34999996666669
2011-05-25,3.04469723009845,288.4125,277.6125,6.675000000000001,221.10000000000002,0.38000000000000006,0.0057125,4.9125000000000005,44.900000000000006,-123.34999996666669
2011-06-02,3.1130649891790654,295.6375,280.4375,0.35000000000000003,289.9125,0.765,0.0071312500000000004,4.6625000000000005,44.900000000000006,-123.34999996666669
2011-06-10,3.1,294.2375,280.81250000000006,0.41250000000000003,288.02500000000003,0.6725,0.006930000000000001,4.2625,44.900000000000006,-123.34999996666669
2011-06-18,3.6347800186283377,295.68750000000006,282.3125,0.21250000000000002,286.38750000000005,0.71625,0.00781625,3.9250000000000003,44.900000000000006,-123.34999996666669
2011-06-26,3.4607712887528796,297.0125,282.72499999999997,0.3375,260.8375,0.81125,0.00804375,3.5875,44.900000000000006,-123.34999996666669
2011-07-04,3.435955000583284,298.8375,281.15,0.0,309.675,0.9862500000000001,0.0076412500000000005,5.2875,44.900000000000006,-123.34999996666669
2011-07-12,3.101284467421018,294.91249999999997,282.90000000000003,2.5500000000000003,182.25,0.6212500000000001,0.0080825,3.4000000000000004,44.900000000000006,-123.34999996666669
2011-07-20,3.1384774164366904,298.40000000000003,283.575,0.0,264.65000000000003,0.9312499999999999,0.00829375,3.8375,44.900000000000006,-123.34999996666669
2011-07-28,3.264578172027304,300.15,282.53749999999997,0.0,306.9,1.01875,0.00848875,4.1125,44.900000000000006,-123.34999996666669
2011-08-05,2.842065328778971,299.82500000000005,282.775,0.0,308.325,1.02875,0.00827625,3.2375000000000003,44.900000000000006,-123.34999996666669
2011-08-13,2.9422842997111154,299.65,281.275,0.0,279.3,1.04125,0.007791250000000001,3.525,44.900000000000006,-123.34999996666669
2011-08-21,2.98317464653514,302.8125,284.875,0.05,258.825,1.1925000000000001,0.0099325,3.5500000000000003,44.900000000000006,-123.34999996666669
2011-08-29,2.7142572673551246,299.5875,281.0,0.0,253.6875,1.13875,0.007137499999999999,4.1625000000000005,44.900000000000006,-123.34999996666669
2011-09-06,2.5993581906556416,303.8875,284.65,0.0,242.81250000000003,1.4175,0.009355,3.6375,44.900000000000006,-123.34999996666669
2011-09-14,2.4191926135958663,297.12500000000006,282.7,0.2,171.6125,0.8099999999999999,0.00809875,3.5125,44.900000000000006,-123.34999996666669
2011-09-22,2.262055756173898,297.25,282.2125,0.7625000000000001,163.05,0.7900000000000001,0.008291250000000002,6.2875000000000005,44.900000000000006,-123.34999996666669
2011-09-30,1.640999832290097,290.15000000000003,280.0,4.650000000000001,106.93749999999999,0.30874999999999997,0.007326250000000001,5.0625,44.900000000000006,-123.34999996666669
2011-10-08,1.7079909347047355,290.56250000000006,280.375,4.0375,105.9375,0.29125,0.00758875,4.575000000000001,44.900000000000006,-123.34999996666669
2011-10-16,1.7583583583655447,291.875,279.675,0.037500000000000006,116.17500000000001,0.39999999999999997,0.007347500000000001,3.8999999999999995,44.900000000000006,-123.34999996666669
2011-10-24,1.5136611282670949,287.8875,276.1875,1.6375000000000002,109.8375,0.2925,0.0058525,4.575000000000001,44.900000000000006,-123.34999996666669
2011-11-01,1.772661295976998,283.3125,274.72499999999997,3.3250000000000006,83.375,0.20125,0.00478875,4.125,44.900000000000006,-123.34999996666669
2011-11-09,1.1546144415685622,285.2,276.26250000000005,3.7875,81.45000000000002,0.24000000000000002,0.005358750000000001,4.8625,44.900000000000006,-123.34999996666669
2011-11-17,1.3036973978083528,281.53749999999997,275.21250000000003,19.6625,57.625,0.08375,0.0052325,9.8125,44.900000000000006,-123.34999996666669
2011-11-25,1.3788811096387574,282.7375,274.5875,2.325,73.78750000000001,0.16249999999999998,0.004865,5.624999999999999,44.900000000000006,-123.34999996666669
2011-12-03,1.4714863140220518,279.74999999999994,269.33750000000003,0.0,83.80000000000001,0.18374999999999997,0.0033187500000000005,3.587500000000001,44.900000000000006,-123.34999996666669
2011-12-11,1.3161835441205016,280.1125,271.2375,0.8125,69.2375,0.16,0.0038275,4.0,44.900000000000006,-123.34999996666669
2011-12-19,1.0235783397372071,280.325,271.45000000000005,0.525,65.5375,0.175,0.0037725000000000002,4.3375,44.900000000000006,-123.34999996666669
2011-12-27,0.7148990766994833,282.47999999999996,276.22,27.5,29.76,0.06999999999999999,0.005664000000000001,9.9,44.900000000000006,-123.34999996666669
2012-01-01,0.9198809419288544,282.41249999999997,274.7375,2.125,58.4,0.17749999999999996,0.0047125,6.199999999999999,44.900000000000006,-123.34999996666669
2012-01-09,1.2483946279068028,279.6625,270.875,2.1875,65.3125,0.18875000000000003,0.0034900000000000005,4.9375,44.900000000000006,-123.34999996666669
2012-01-17,1.360880774218951,280.6875,274.85,36.7,38.925000000000004,0.10875,0.004772500000000001,10.662500000000001,44.900000000000006,-123.34999996666669
2012-01-25,1.4099637304587422,282.45000000000005,275.1125,4.0375000000000005,78.95000000000002,0.18,0.004785000000000001,6.012500000000001,44.900000000000006,-123.34999996666669
2012-02-02,1.4987620515676117,284.95,273.9375,2.6750000000000003,87.6125,0.3225,0.00439125,5.175000000000001,44.900000000000006,-123.34999996666669
2012-02-10,1.2744953834974164,282.0125,274.6625,3.1875000000000004,69.77499999999999,0.14,0.004865,4.5125,44.900000000000006,-123.34999996666669
2012-02-18,1.3235783397372072,282.8125,274.5,8.4875,84.6375,0.19,0.004707500000000001,7.512500000000001,44.900000000000006,-123.34999996666669
2012-02-26,1.259596306797933,281.65,272.625,6.7125,104.575,0.22000000000000003,0.00402375,5.575,44.900000000000006,-123.34999996666669
2012-03-05,1.3384774164366902,284.1875,273.4,7.112500000000001,135.10000000000002,0.29,0.004347500000000001,7.65,44.900000000000006,-123.34999996666669
2012-03-13,1.3086792630377238,282.275,274.475,15.8875,118.60000000000001,0.18375,0.00461,8.775,44.900000000000006,-123.34999996666669
2012-03-21,1.4086792630377238,284.9875,274.975,7.325000000000001,160.2,0.28375,0.0048025,6.025000000000001,44.900000000000006,-123.34999996666669
2012-03-29,1.5446972300984498,284.07500000000005,274.775,17.800000000000004,132.9,0.21875,0.00489,8.9125,44.900000000000006,-123.34999996666669
2012-04-06,1.8446972300984499,288.725,276.33750000000003,1.2875,207.55,0.44625000000000004,0.005303750000000001,3.5250000000000004,44.900000000000006,-123.34999996666669
2012-04-14,1.9744953834974166,289.875,278.1,4.4875,191.7375,0.3975,0.006307499999999999,4.9875,44.900000000000006,-123.34999996666669
2012-04-22,2.3962396357142053,291.77500000000003,280.525,2.5500000000000003,215.1,0.41375000000000006,0.007625,4.862500000000001,44.900000000000006,-123.34999996666669
2012-04-30,2.5049818652293707,289.2875,275.9,5.725,236.99999999999997,0.45625000000000004,0.00537625,4.987500000000001,44.900000000000006,-123.34999996666669
2012-05-08,3.187560372676481,295.4625,278.6375,0.0,338.2375,0.8625,0.0062562500000000005,4.800000000000001,44.900000000000006,-123.34999996666669
2012-05-16,3.186385390721535,291.075,279.1,2.9000000000000004,232.56250000000003,0.5325000000000001,0.006103750000000001,4.8125,44.900000000000006,-123.34999996666669
2012-05-24,3.0533764931361733,293.075,280.225,1.3125,243.75,0.5925,0.0068275,3.5375000000000005,44.900000000000006,-123.34999996666669
2012-06-01,2.9192218363633824,290.875,280.35,4.35,196.07500000000002,0.45874999999999994,0.006761250000000001,4.475,44.900000000000006,-123.34999996666669
2012-06-09,3.6347800186283377,295.5375,280.6375,0.3125,287.25000000000006,0.77,0.00702,3.6624999999999996,44.900000000000006,-123.34999996666669
2012-06-17,3.526037789113172,294.075,281.4125,2.4375000000000004,236.66250000000002,0.6162500000000001,0.007435000000000001,3.4875000000000003,44.900000000000006,-123.34999996666669
2012-06-25,3.301284467421018,295.40000000000003,282.62499999999994,1.3750000000000002,228.37500000000006,0.6912499999999999,0.00790875,3.1999999999999997,44.900000000000006,-123.34999996666669
2012-07-03,3.653376493136174,300.1625,282.4,0.1625,328.0375,1.04625,0.00839875,4.2749999999999995,44.900000000000006,-123.34999996666669
2012-07-11,3.012816795479405,300.4625,283.51250000000005,0.037500000000000006,316.9875,0.9950000000000001,0.009106250000000001,3.7749999999999995,44.900000000000006,-123.34999996666669
2012-07-19,3.4191926135958663,300.17499999999995,282.8625,0.037500000000000006,297.07500000000005,1.02375,0.00865625,4.05,44.900000000000006,-123.34999996666669
2012-07-27,3.1340916902953495,299.9125,283.37500000000006,0.0,294.675,1.02125,0.008551250000000002,3.825,44.900000000000006,-123.34999996666669
2012-08-04,2.7170278769081917,303.35,284.475,0.0,309.42500000000007,1.3,0.00966,3.6499999999999995,44.900000000000006,-123.34999996666669
2012-08-12,2.7900198220524457,304.6875,286.08750000000003,0.0,285.575,1.3325,0.011008750000000001,3.8375000000000004,44.900000000000006,-123.34999996666669
2012-08-20,2.668166084369585,299.3,281.3,0.07500000000000001,260.58750000000003,1.01125,0.00775875,4.7625,44.900000000000006,-123.34999996666669
2012-08-28,2.3836102602260585,298.17499999999995,280.25000000000006,0.0,246.41250000000002,1.00125,0.0068787499999999994,4.4,44.900000000000006,-123.34999996666669
2012-09-05,2.582218635512338,299.7625,280.8375,0.07500000000000001,235.75000000000003,1.145,0.007292500000000001,4.937500000000001,44.900000000000006,-123.34999996666669
2012-09-13,2.4980737232346235,302.1125,282.1,0.0,224.875,1.4575,0.007077500000000001,3.0125,44.900000000000006,-123.34999996666669
2012-09-21,2.3968987412796774,297.3875,280.125,0.07500000000000001,191.4625,0.9062500000000001,0.006998750000000001,3.3875,44.900000000000006,-123.34999996666669
2012-09-29,2.2359550005832842,296.025,278.45,0.0,191.55,0.9600000000000001,0.005628750000000001,6.7875000000000005,44.900000000000006,-123.34999996666669
2012-10-07,2.139761883857709,293.68750000000006,278.7,3.1625,134.37500000000003,0.6862499999999999,0.006265,4.15,44.900000000000006,-123.34999996666669
2012-10-15,1.6168089059760478,289.5875,278.125,10.9875,113.29999999999998,0.36125,0.00648875,6.375,44.900000000000006,-123.34999996666669
2012-10-23,1.5173585260754476,287.2375,277.575,10.312500000000002,78.41250000000001,0.22000000000000003,0.0063437499999999996,6.9125,44.900000000000006,-123.34999996666669
2012-10-31,1.6446972300984497,288.9375,281.3125,5.2,75.67500000000001,0.20375,0.007890000000000001,6.3999999999999995,44.900000000000006,-123.34999996666669
2012-11-08,1.5639820329392742,284.09999999999997,275.5875,3.6000000000000005,81.91250000000001,0.19374999999999998,0.005197500000000001,4.0875,44.900000000000006,-123.34999996666669
2012-11-16,1.3075800228389238,283.6125,277.26250000000005,28.9,49.887499999999996,0.10500000000000001,0.0058737500000000005,9.924999999999999,44.900000000000006,-123.34999996666669
2012-11-24,1.1148990766994833,282.8875,274.77500000000003,10.25,66.78750000000001,0.14375,0.0050925,7.737500000000001,44.900000000000006,-123.34999996666669
2012-12-02,1.14469723009845,281.2625,276.775,11.137500000000001,42.8125,0.10375,0.005208750000000001,6.8500000000000005,44.900000000000006,-123.34999996666669
2012-12-10,0.7963026021916472,280.075,274.225,8.9375,44.43750000000001,0.08625,0.004657500000000001,6.3500000000000005,44.900000000000006,-123.34999996666669
2012-12-18,0.9297981533989667,278.42499999999995,273.8,18.55,38.737500000000004,0.09375,0.00421,9.125,44.900000000000006,-123.34999996666669
2012-12-26,0.8652665003602924,279.59999999999997,273.8833333333333,1.7666666666666668,55.01666666666667,0.09666666666666666,0.004440000000000001,3.4000000000000004,44.900000000000006,-123.34999996666669
2013-01-01,1.250367423660809,281.1125,273.175,2.1625,60.15,0.16249999999999998,0.004305000000000001,5.4375,44.900000000000006,-123.34999996666669
2013-01-09,1.254174306935234,278.2125,269.825,1.4625000000000001,75.7625,0.13625,0.0034212500000000002,4.4625,44.900000000000006,-123.34999996666669
2013-01-17,1.140999832290097,281.45,269.68749999999994,0.9875,92.22500000000001,0.23875000000000002,0.00341875,3.5125,44.900000000000006,-123.34999996666669
2013-01-25,0.9744953834974164,282.33750000000003,276.05,2.8125000000000004,58.275000000000006,0.155,0.00507125,5.637500000000001,44.900000000000006,-123.34999996666669
2013-02-02,1.1454320774200681,283.40000000000003,273.6,1.625,88.91250000000002,0.245,0.004392500000000001,5.4625,44.900000000000006,-123.34999996666669
2013-02-10,1.3937801863382406,283.95000000000005,274.875,0.0,95.7625,0.22624999999999998,0.004826250000000001,3.525,44.900000000000006,-123.34999996666669
2013-02-18,1.2235783397372073,281.225,274.1125,7.262500000000001,76.91250000000001,0.1925,0.0042325,6.5375000000000005,44.900000000000006,-123.34999996666669
2013-02-26,1.208679263037724,286.03749999999997,275.4875,2.225,118.35000000000002,0.31375,0.005035,5.6625000000000005,44.900000000000006,-123.34999996666669
2013-03-06,1.5012844674210184,286.92499999999995,276.05,1.675,137.88750000000002,0.35375,0.00512125,3.375,44.900000000000006,-123.34999996666669
2013-03-14,1.3222938723161888,285.125,275.9125,5.425000000000001,145.78750000000002,0.2525,0.0052312500000000015,6.1875,44.900000000000006,-123.34999996666669
2013-03-22,1.5,285.2625,275.8375,0.5875,120.01250000000002,0.31375,0.004883750000000001,2.6625,44.900000000000006,-123.34999996666669
2013-03-30,1.9000000000000004,290.775,278.33750000000003,4.4,190.45000000000002,0.39,0.00672375,5.325,44.900000000000006,-123.34999996666669
2013-04-07,2.1509170437602094,285.8,275.7,4.0,149.57500000000002,0.2775,0.0051775,5.4625,44.900000000000006,-123.34999996666669
2013-04-15,2.5261007555906136,288.1,276.95,1.1375,199.89999999999998,0.38750000000000007,0.00544,4.2250000000000005,44.900000000000006,-123.34999996666669
2013-04-23,2.826100755590614,293.09999999999997,277.225,0.08750000000000001,279.59999999999997,0.7087500000000001,0.00562,4.8375,44.900000000000006,-123.34999996666669
2013-05-01,3.264578172027304,297.8375,278.7,0.0,338.6625,1.00375,0.0064025,6.1375,44.900000000000006,-123.34999996666669
2013-05-09,3.4235783397372077,295.65,282.05,0.45000000000000007,267.725,0.78,0.007461250000000001,3.9375000000000004,44.900000000000006,-123.34999996666669
2013-05-17,3.5893944601968997,290.25,278.7125,3.6875,224.53750000000002,0.47875,0.006012500000000001,5.5625,44.900000000000006,-123.34999996666669
2013-05-25,3.4496790953278214,292.4375,279.95,5.4875,248.22500000000002,0.5725000000000001,0.006578750000000001,5.1000000000000005,44.900000000000006,-123.34999996666669
2013-06-02,3.7831746465351404,298.81250000000006,282.4875,0.0,331.75000000000006,0.9737500000000001,0.00793625,4.6875,44.900000000000006,-123.34999996666669
2013-06-10,3.394925945525671,294.9625,280.5375,1.0625,284.96250000000003,0.7562500000000001,0.006781250000000001,4.025,44.900000000000006,-123.34999996666669
2013-06-18,3.250586394592953,294.05,283.025,2.55,196.07500000000002,0.7100000000000001,0.007197500000000001,4.575000000000001,44.900000000000006,-123.34999996666669
2013-06-26,3.3129727999341068,302.40000000000003,286.5125,0.35000000000000003,293.9125,1.19625,0.010331250000000002,4.2125,44.900000000000006,-123.34999996666669
2013-07-04,3.160880774218951,300.78749999999997,282.11249999999995,0.0,336.05,1.1225,0.0082,5.0874999999999995,44.900000000000006,-123.34999996666669
2013-07-12,3.1638898436943155,301.025,281.6,0.0,298.87500000000006,1.20625,0.0077675,4.95,44.900000000000006,-123.34999996666669
2013-07-20,2.880039644104891,304.34999999999997,283.7125,0.0,325.38750000000005,1.5037500000000001,0.0088675,4.9625,44.900000000000006,-123.34999996666669
2013-07-28,2.7583583583655447,302.1625,283.59999999999997,0.037500000000000006,299.3,1.3237500000000002,0.008322500000000002,3.1500000000000004,44.900000000000006,-123.34999996666669
2013-08-05,2.734091690295349,303.2,285.15,0.2,280.225,1.3875,0.00914,3.3625000000000003,44.900000000000006,-123.34999996666669
2013-08-13,2.3887061318639113,302.82499999999993,285.125,0.0,272.9875,1.335,0.009128750000000001,3.55,44.900000000000006,-123.34999996666669
2013-08-21,2.519192613595866,300.275,284.625,0.425,184.4875,1.07375,0.00893,3.8625000000000003,44.900000000000006,-123.34999996666669
2013-08-29,2.0496161288503787,299.075,285.59999999999997,3.75,187.675,0.87,0.0096675,3.4875000000000003,44.900000000000006,-123.34999996666669
2013-09-06,2.3434592816660618,303.5375,285.9,0.7625000000000001,225.075,1.2762499999999999,0.01041625,3.7875,44.900000000000006,-123.34999996666669
2013-09-14,2.0380372818033625,296.675,283.0875,0.55,169.025,0.6849999999999999,0.00883125,3.4250000000000003,44.900000000000006,-123.34999996666669
2013-09-22,2.1707979856890636,290.38749999999993,279.9125,20.637500000000003,103.53750000000001,0.30625,0.007372500000000001,6.6625000000000005,44.900000000000006,-123.34999996666669
2013-09-30,2.149679095327821,290.7625,278.15000000000003,4.8999999999999995,154.58750000000003,0.45125000000000004,0.00630375,5.4625,44.900000000000006,-123.34999996666669
2013-10-08,1.9744953834974166,289.0,277.11249999999995,0.47500000000000003,134.25,0.3675,0.005933750000000001,3.7750000000000004,44.900000000000006,-123.34999996666669
2013-10-16,1.9856970623885468,294.125,278.0,0.0,156.07500000000002,0.6462500000000001,0.006446250000000001,3.1375,44.900000000000006,-123.34999996666669
2013-10-24,1.8595963067979333,288.51250000000005,276.125,0.1625,111.0375,0.35,0.005797500000000001,3.7624999999999997,44.900000000000006,-123.34999996666669
2013-11-01,1.5478450078074024,283.325,276.6,6.450000000000001,67.41250000000001,0.11625000000000002,0.005695000000000001,5.787500000000001,44.900000000000006,-123.34999996666669
2013-11-09,1.6446972300984497,285.38750000000005,277.3375,2.3875,77.025,0.23875000000000002,0.005620000000000001,4.15,44.900000000000006,-123.34999996666669
2013-11-17,1.5788811096387572,281.4,272.58750000000003,5.6000000000000005,79.60000000000001,0.2075,0.004087500000000001,7.600000000000001,44.900000000000006,-123.34999996666669
2013-11-25,1.436643328916272,281.3375,272.6625,6.237500000000001,72.4625,0.17875000000000002,0.0042025000000000005,4.4625,44.900000000000006,-123.34999996666669
2013-12-03,1.1788811096387575,273.09999999999997,265.5,0.6000000000000001,66.05,0.135,0.0022012500000000005,4.1125,44.900000000000006,-123.34999996666669
2013-12-11,1.2000000000000002,278.775,271.4375,0.6625000000000001,54.75,0.08625000000000001,0.0040437500000000005,3.6750000000000003,44.900000000000006,-123.34999996666669
2013-12-19,1.6205692702618428,280.65,273.9125,1.1875,52.0125,0.08875,0.00480375,4.5875,44.900000000000006,-123.34999996666669
2013-12-27,1.0602846351309214,281.25999999999993,271.8,0.0,67.52000000000001,0.148,0.004208000000000001,3.06,44.900000000000006,-123.34999996666669
2014-01-01,0.9751837118304046,280.725,272.7125,2.8375000000000004,63.81249999999999,0.15750000000000003,0.00423875,5.4375,44.900000000000006,-123.34999996666669
2014-01-09,1.1509170437602092,282.05,275.75,6.9875,63.25000000000001,0.13375,0.005085,7.7625,44.900000000000006,-123.34999996666669
2014-01-17,1.2937801863382408,280.8625,271.96250000000003,0.0,96.70000000000002,0.18,0.003953750000000001,4.7125,44.900000000000006,-123.34999996666669
2014-01-25,1.304981865229371,282.1875,273.96250000000003,2.55,71.5375,0.17625,0.004551250000000001,4.2375,44.900000000000006,-123.34999996666669
2014-02-02,0.821853737682861,274.8125,269.2875,5.85,65.39999999999999,0.08125000000000002,0.0032600000000000007,3.7750000000000004,44.900000000000006,-123.34999996666669
2014-02-10,1.14469723009845,283.6375,277.3625,20.25,63.212500000000006,0.23875,0.005088750000000001,9.15,44.900000000000006,-123.34999996666669
2014-02-18,1.2049818652293711,283.575,275.2,6.0625,83.2125,0.19875,0.00496,5.5375000000000005,44.900000000000006,-123.34999996666669
2014-02-26,1.4446972300984497,285.8125,278.1875,13.1375,97.26250000000002,0.2475,0.0058224999999999996,5.487500000000001,44.900000000000006,-123.34999996666669
2014-03-06,1.6198809419288542,287.81250000000006,276.70000000000005,7.1625000000000005,155.51250000000005,0.32125000000000004,0.005738750000000002,6.7,44.900000000000006,-123.34999996666669
2014-03-14,1.6801655770597757,286.83750000000003,274.4,1.7125000000000001,155.9875,0.31625,0.00506875,5.2375,44.900000000000006,-123.34999996666669
2014-03-22,1.876468179251423,287.5125,277.1375,11.437500000000002,179.6875,0.4412499999999999,0.00502625,7.125,44.900000000000006,-123.34999996666669
2014-03-30,1.9528898395142158,286.075,276.8125,2.1,182.075,0.25,0.005625000000000001,5.1875,44.900000000000006,-123.34999996666669
2014-04-07,2.1714863140220517,293.4124999999999,276.675,0.0,267.21250000000003,0.6525000000000001,0.0058425,5.1375,44.900000000000006,-123.34999996666669
2014-04-15,2.3297981533989667,287.775,276.86250000000007,5.3375,209.1625,0.34125,0.005675000000000001,4.6625000000000005,44.900000000000006,-123.34999996666669
2014-04-23,2.6012844674210185,289.43749999999994,277.29999999999995,8.1625,202.6125,0.51,0.00563375,6.65,44.900000000000006,-123.34999996666669
2014-05-01,2.904981865229371,291.6,279.54999999999995,4.1875,238.6625,0.5575,0.00650625,5.612500000000001,44.900000000000006,-123.34999996666669
2014-05-09,3.223578339737207,296.40000000000003,280.7625,2.2125,283.9125,0.8550000000000001,0.0073124999999999996,4.5125,44.900000000000006,-123.34999996666669
2014-05-17,3.4384774164366907,295.06249999999994,281.79999999999995,1.1125,273.2,0.64375,0.007815,3.8874999999999997,44.900000000000006,-123.34999996666669
2014-05-25,3.2893771639757863,294.375,280.1875,0.5750000000000001,320.2375,0.6425,0.007080000000000001,4.3500000000000005,44.900000000000006,-123.34999996666669
2014-06-02,3.685697062388547,298.2,280.0625,0.0,344.57500000000005,0.8087500000000001,0.008032500000000001,5.5625,44.900000000000006,-123.34999996666669
2014-06-10,3.3640285519279036,292.125,281.075,1.0,256.6125,0.56125,0.0068625,4.6000000000000005,44.900000000000006,-123.34999996666669
2014-06-18,3.2073783481278935,297.7625,281.6875,0.30000000000000004,294.6375,0.87375,0.007765,3.2,44.900000000000006,-123.34999996666669
2014-06-26,3.0733669205311003,297.675,284.7375,1.6875000000000002,277.13750000000005,0.8812500000000001,0.00889625,4.975,44.900000000000006,-123.34999996666669
2014-07-04,2.8737875661742747,304.4,284.77500000000003,0.0,328.125,1.4024999999999999,0.0098475,4.225,44.900000000000006,-123.34999996666669
2014-07-12,2.866550967781311,304.875,285.1625,0.28750000000000003,316.31250000000006,1.41125,0.010497500000000002,3.65,44.900000000000006,-123.34999996666669
2014-07-20,2.8732574350650277,298.7625,284.23749999999995,1.7750000000000001,262.625,0.9675,0.00863375,3.787500000000001,44.900000000000006,-123.34999996666669
2014-07-28,2.82787187663359,306.77500000000003,285.9875,0.125,315.225,1.7112500000000002,0.01030375,4.612500000000001,44.900000000000006,-123.34999996666669
2014-08-05,2.724174478825237,303.52500000000003,284.97499999999997,0.07500000000000001,301.6125,1.40125,0.00941875,3.9875,44.900000000000006,-123.34999996666669
2014-08-13,2.606752986272347,301.825,286.0,0.1125,275.4125,1.1125,0.010165,3.4375,44.900000000000006,-123.34999996666669
2014-08-21,2.3153857303214416,303.95000000000005,284.3875,0.0,281.15,1.61,0.00818625,3.7375000000000003,44.900000000000006,-123.34999996666669
2014-08-29,2.2569644054784543,299.6,283.1,0.4,235.27500000000003,1.11875,0.007858750000000001,4.5125,44.900000000000006,-123.34999996666669
2014-09-06,2.24529336918648,302.35,282.8375,0.0,242.675,1.6262499999999998,0.00653875,4.625,44.900000000000006,-123.34999996666669
2014-09-14,2.241046351278727,302.0,284.3625,0.2,187.5625,1.3850000000000002,0.00819125,3.025,44.900000000000006,-123.34999996666669
2014-09-22,2.137348953470374,294.1875,283.8125,4.125,159.12500000000003,0.5775,0.0083075,5.325000000000001,44.900000000000006,-123.34999996666669
2014-09-30,2.109275402125754,299.275,281.8625,0.1375,182.575,1.0375,0.007935000000000001,3.6999999999999993,44.900000000000006,-123.34999996666669
2014-10-08,1.9985430806354678,294.26250000000005,281.2375,5.075,137.975,0.58,0.007827500000000001,4.45,44.900000000000006,-123.34999996666669
2014-10-16,1.7521385447037854,290.9125,283.22499999999997,11.2125,88.41250000000001,0.32874999999999993,0.008275000000000001,8.3375,44.900000000000006,-123.34999996666669
2014-10-24,1.7893944601968996,288.0125,281.42499999999995,9.5375,74.45000000000002,0.15875,0.00775,6.6125,44.900000000000006,-123.34999996666669
2014-11-01,1.6086792630377236,286.88750000000005,279.975,3.675,79.94999999999999,0.1775,0.00700875,5.5375000000000005,44.900000000000006,-123.34999996666669
2014-11-09,1.6937801863382405,281.27500000000003,272.35,4.1625000000000005,98.12500000000003,0.2575,0.0037237500000000005,6.275,44.900000000000006,-123.34999996666669
2014-11-17,1.423578339737207,283.46250000000003,275.7375,8.675,64.9375,0.18500000000000003,0.00518375,6.375,44.900000000000006,-123.34999996666669
2014-11-25,1.4987620515676117,282.7875,276.5625,4.625,68.1875,0.13,0.00583375,6.975000000000001,44.900000000000006,-123.34999996666669
2014-12-03,1.2658161204596925,284.525,277.9125,13.262500000000003,42.587500000000006,0.10875,0.00630375,8.3875,44.900000000000006,-123.34999996666669
2014-12-11,0.9751837118304046,283.3625,276.52500000000003,4.1875,49.35,0.19500000000000003,0.005147500000000001,4.925,44.900000000000006,-123.34999996666669
2014-12-19,1.1148990766994833,284.32500000000005,278.7125,18.5875,32.675,0.1925,0.005841250000000001,6.812500000000001,44.900000000000006,-123.34999996666669
2014-12-27,0.9466700258524563,278.2,271.62,2.98,50.620000000000005,0.14200000000000002,0.003654,6.980000000000001,44.900000000000006,-123.34999996666669
2015-01-01,1.0049818652293712,281.0125,274.0,0.8,64.6375,0.16000000000000003,0.004450000000000001,4.4750000000000005,44.900000000000006,-123.34999996666669
2015-01-09,1.0446972300984498,281.9,274.9875,6.275,65.0375,0.07,0.0053412500000000005,3.9000000000000004,44.900000000000006,-123.34999996666669
2015-01-17,1.040450212190697,284.23749999999995,276.6875,9.75,57.72500000000001,0.20124999999999998,0.00541125,5.5625,44.900000000000006,-123.34999996666669
2015-01-25,1.1987620515676118,284.3375,276.6,1.6875,81.86250000000001,0.061250000000000006,0.00625875,3.2625000000000006,44.900000000000006,-123.34999996666669
2015-02-02,1.423578339737207,285.36249999999995,280.125,22.112500000000004,50.125,0.12125000000000001,0.006825,8.2125,44.900000000000006,-123.34999996666669
2015-02-10,1.3900827885298879,287.45,276.975,0.0,118.2625,0.31125,0.005706250000000001,4.825,44.900000000000006,-123.34999996666669
2015-02-18,1.5937801863382406,286.65,275.1125,0.0625,130.8125,0.42125,0.00443375,4.7124999999999995,44.900000000000006,-123.34999996666669
2015-02-26,1.6416251941456432,285.72499999999997,273.9125,1.85,145.05,0.35375000000000006,0.0044275,3.8625,44.900000000000006,-123.34999996666669
2015-03-06,1.705091350695443,290.79999999999995,277.8125,1.5000000000000002,182.26250000000002,0.48625,0.006030000000000001,4.05,44.900000000000006,-123.34999996666669
2015-03-14,1.8838629748681286,288.70000000000005,277.775,9.875000000000002,164.05,0.30375,0.006461249999999999,5.2125,44.900000000000006,-123.34999996666669
2015-03-22,2.090082788529888,288.9875,278.6875,4.737500000000001,167.43750000000003,0.34625000000000006,0.006382500000000001,5.5375000000000005,44.900000000000006,-123.34999996666669
2015-03-30,2.4185964745078365,286.17500000000007,275.0125,3.6250000000000004,191.40000000000003,0.2899999999999999,0.0051175000000000005,4.362500000000001,44.900000000000006,-123.34999996666669
2015-04-07,2.2329459311079196,287.1,275.6375,4.625,186.3875,0.32375000000000004,0.005288750000000001,4.55,44.900000000000006,-123.34999996666669
2015-04-15,2.8466700258524567,294.025,276.7375,0.0,273.225,0.6687500000000001,0.0062625,5.375,44.900000000000006,-123.34999996666669
2015-04-23,3.0453225919539957,290.21250000000003,276.95000000000005,1.45,216.83750000000003,0.4275,0.0061675,4.2875000000000005,44.900000000000006,-123.34999996666669
2015-05-01,3.1638725474732023,294.15000000000003,277.4125,0.23750000000000004,313.4125,0.7374999999999999,0.005888750000000001,4.925000000000001,44.900000000000006,-123.34999996666669
2015-05-09,3.066689676014899,291.48750000000007,280.8125,2.15,231.4,0.55125,0.00668875,3.6000000000000005,44.900000000000006,-123.34999996666669
2015-05-17,3.042174814245043,293.22499999999997,282.675,0.47500000000000003,265.55,0.47000000000000003,0.0081975,3.05,44.900000000000006,-123.34999996666669
2015-05-25,3.62727573754556,297.7375,282.33750000000003,1.75,318.83750000000003,0.7237500000000001,0.009035,2.8375000000000004,44.900000000000006,-123.34999996666669
2015-06-02,3.567788916213699,300.575,284.0875,0.1875,289.1875,1.1400000000000001,0.00921625,4.987500000000001,44.900000000000006,-123.34999996666669
2015-06-10,3.2705790147569194,299.98749999999995,280.15000000000003,0.0,347.675,1.03,0.007803750000000002,5.1875,44.900000000000006,-123.34999996666669
2015-06-18,3.097368098680522,301.55000000000007,282.8375,0.0,311.4625,1.3,0.00789125,3.2,44.900000000000006,-123.34999996666669
2015-06-26,3.181999664580194,307.50000000000006,287.65,0.0,312.7750000000001,1.6812500000000001,0.01178625,3.9625,44.900000000000006,-123.34999996666669
2015-07-04,2.9881565117645117,303.3625,285.45,0.0,294.175,1.3800000000000001,0.009677500000000002,3.2000000000000006,44.900000000000006,-123.34999996666669
2015-07-12,2.7638898436943156,303.025,284.2625,0.0,292.81250000000006,1.50875,0.00816625,4.8500000000000005,44.900000000000006,-123.34999996666669
2015-07-20,2.5396989173802664,298.8625,282.8,0.325,268.425,1.0374999999999999,0.00777125,3.6125000000000003,44.900000000000006,-123.34999996666669
2015-07-28,2.5659721249143943,307.05,286.55,0.0,292.11250000000007,2.0975,0.008847500000000001,4.45,44.900000000000006,-123.34999996666669
2015-08-05,2.4448532345531517,302.825,284.8374999999999,0.0,293.725,1.445,0.008422500000000003,4.300000000000001,44.900000000000006,-123.34999996666669
2015-08-13,2.3806522306817337,303.61250000000007,285.05,0.08750000000000001,296.01250000000005,1.6300000000000001,0.00819125,4.3875,44.900000000000006,-123.34999996666669
2015-08-21,2.4260377891131717,302.875,283.45,0.7750000000000001,260.08750000000003,1.6337499999999998,0.006917500000000001,4.275,44.900000000000006,-123.34999996666669
2015-08-29,2.2018806065090484,294.63750000000005,282.925,2.2625,200.425,0.73,0.007315000000000001,5.75,44.900000000000006,-123.34999996666669
2015-09-06,2.3620557561738975,301.525,283.8,0.0,234.70000000000002,1.3825,0.0078112500000000005,4.6375,44.900000000000006,-123.34999996666669
2015-09-14,2.101221500943576,294.875,281.57500000000005,2.8125000000000004,163.5625,0.7287500000000001,0.007208750000000001,4.8625,44.900000000000006,-123.34999996666669
2015-09-22,2.2893944601969,296.1625,279.7125,1.3875000000000002,182.75000000000003,0.935,0.006143750000000001,4.575000000000001,44.900000000000006,-123.34999996666669
2015-09-30,2.08317464653514,296.17499999999995,281.2375,0.3875,172.0375,0.915,0.006665000000000001,4.1125,44.900000000000006,-123.34999996666669
2015-10-08,1.750304457183367,295.9875,281.425,0.8875000000000001,144.8625,0.68375,0.00787875,4.6625,44.900000000000006,-123.34999996666669
2015-10-16,1.5347800186283376,291.5125,281.1,1.7000000000000002,108.175,0.39999999999999997,0.007532500000000001,3.3625,44.900000000000006,-123.34999996666669
2015-10-24,1.4744953834974164,290.4,281.66249999999997,12.2125,79.225,0.395,0.00723125,6.762500000000001,44.900000000000006,-123.34999996666669
2015-11-01,1.3179373689423641,286.075,277.4625,4.8125,82.0,0.21125,0.00598875,5.4750000000000005,44.900000000000006,-123.34999996666669
2015-11-09,1.3925422379058525,284.225,276.65000000000003,6.7125,65.1,0.135,0.00588625,6.2875000000000005,44.900000000000006,-123.34999996666669
2015-11-17,1.1707979856890636,282.3625,274.0125,6.875,73.775,0.10375,0.0051675,6.325000000000001,44.900000000000006,-123.34999996666669
2015-11-25,1.5049818652293712,280.625,271.0125,6.2875,74.7625,0.26625000000000004,0.00326375,5.8125,44.900000000000006,-123.34999996666669
2015-12-03,0.9851009233005168,285.72499999999997,280.0625,33.8625,45.75,0.2525,0.0061575000000000015,12.650000000000002,44.900000000000006,-123.34999996666669
2015-12-11,1.1,281.0125,276.65,21.800000000000004,39.4375,0.1375,0.004951250000000002,8.412500000000001,44.900000000000006,-123.34999996666669
2015-12-19,1.0639820329392742,279.875,274.71250000000003,11.1125,49.300000000000004,0.13624999999999998,0.004398750000000001,7.5249999999999995,44.900000000000006,-123.34999996666669
2015-12-27,1.0242666680701955,278.24,272.19999999999993,2.9000000000000004,52.44,0.08800000000000001,0.004,4.16,44.900000000000006,-123.34999996666669
2016-01-01,0.8391657447696788,276.375,270.7,3.1250000000000004,54.175,0.055,0.0035937500000000006,5.2124999999999995,44.900000000000006,-123.34999996666669
2016-01-09,1.1261007555906137,281.5625,275.88750000000005,17.225,44.82500000000001,0.10625000000000001,0.005008750000000001,7.2,44.900000000000006,-123.34999996666669
2016-01-17,0.8123766608460767,283.42499999999995,277.8125,12.2,57.112500000000004,0.15125,0.005760000000000001,7.2125,44.900000000000006,-123.34999996666669
2016-01-25,1.1788811096387575,284.1375,276.6875,7.662500000000001,64.9,0.22375,0.005477500000000001,6.6625,44.900000000000006,-123.34999996666669
2016-02-02,1.290082788529888,286.1375,276.4125,2.9124999999999996,73.4,0.2475,0.005375000000000001,6.0625,44.900000000000006,-123.34999996666669
2016-02-10,0.9,286.90000000000003,280.04999999999995,3.6875000000000004,66.20000000000002,0.24500000000000002,0.006746250000000001,6.862500000000001,44.900000000000006,-123.34999996666669
2016-02-26,0.8148990766994831,286.4125,277.825,6.15,109.0125,0.24250000000000002,0.005813750000000001,8.4875,44.900000000000006,-123.34999996666669
2016-03-05,0.9148990766994833,284.5125,277.1375,14.3125,105.4625,0.255,0.00560875,9.025,44.900000000000006,-123.34999996666669
2016-03-13,1.508679263037724,286.13750000000005,278.05,9.012500000000001,144.9875,0.33375000000000005,0.00532875,6.6125,44.900000000000006,-123.34999996666669
2016-03-21,1.759596306797933,284.9875,276.72499999999997,5.425000000000001,153.9875,0.27125,0.005277500000000001,5.9875,44.900000000000006,-123.34999996666669
2016-03-29,2.0987620515676118,293.02500000000003,276.9125,1.3625000000000003,242.4625,0.6187499999999999,0.00579,3.3750000000000004,44.900000000000006,-123.34999996666669
2016-04-06,2.223578339737207,293.17499999999995,279.2,2.5375,241.58750000000003,0.6125,0.006892500000000001,4.862500000000001,44.900000000000006,-123.34999996666669
2016-04-14,2.6049818652293713,296.15000000000003,279.3,4.525,249.85000000000002,0.7775000000000001,0.0071625000000000005,3.9499999999999997,44.900000000000006,-123.34999996666669
2016-04-22,2.959596306797933,288.8,277.3625,3.4125,201.2125,0.48375,0.005313750000000002,4.1875,44.900000000000006,-123.34999996666669
2016-04-30,3.508679263037724,297.08750000000003,281.6625,0.1625,309.1,0.9125,0.007268750000000001,5.875,44.900000000000006,-123.34999996666669
2016-05-08,3.292495718917223,295.275,280.7625,2.175,274.25,0.7675000000000001,0.007121250000000001,3.7125,44.900000000000006,-123.34999996666669
2016-05-16,3.1483946279068027,291.6875,280.76250000000005,2.125,249.60000000000002,0.56,0.006600000000000001,4.8,44.900000000000006,-123.34999996666669
2016-05-24,2.7464975739089423,294.9,280.3875,0.05,304.20000000000005,0.6987500000000001,0.00704875,3.6875000000000004,44.900000000000006,-123.34999996666669
2016-06-01,3.2794772487267876,302.5375,284.875,0.3625,293.46250000000003,1.1825,0.010456250000000002,3.4750000000000005,44.900000000000006,-123.34999996666669
2016-06-09,2.857670030032556,291.8875,279.8875,2.1999999999999997,265.98750000000007,0.63125,0.006096250000000001,4.825,44.900000000000006,-123.34999996666669
2016-06-17,3.1261007555906137,295.2875,281.05,1.0125000000000002,287.275,0.7462499999999999,0.006913750000000001,4.075,44.900000000000006,-123.34999996666669
2016-06-25,3.323578339737207,301.4625,283.05,0.0,342.33750000000003,1.1525,0.00866125,4.7125,44.900000000000006,-123.34999996666669
2016-07-03,2.6154952157875133,295.9375,283.21250000000003,1.5875,216.75,0.785,0.007705000000000001,4.9125000000000005,44.900000000000006,-123.34999996666669
2016-07-11,2.7191926135958657,296.4875,284.2625,0.0625,293.09999999999997,0.8225,0.008010000000000001,4.250000000000001,44.900000000000006,-123.34999996666669
2016-07-19,2.6383679309706185,299.92499999999995,284.16249999999997,0.0,303.175,1.01,0.008775,3.6875000000000004,44.900000000000006,-123.34999996666669
2016-07-27,2.6129727999341066,301.99999999999994,283.28749999999997,0.0,313.0375,1.2537500000000001,0.008748750000000001,5.375,44.900000000000006,-123.34999996666669
2016-08-04,2.5295791824668226,298.6875,282.875,1.175,260.85,0.915,0.008515000000000002,4.275,44.900000000000006,-123.34999996666669
2016-08-12,2.5116883325130885,306.725,285.1375,0.0,296.7375,1.7974999999999999,0.009857500000000002,4.325,44.900000000000006,-123.34999996666669
2016-08-20,2.4278718766335903,304.28749999999997,283.3625,0.0,285.5375,1.7500000000000002,0.007613750000000001,4.4,44.900000000000006,-123.34999996666669
2016-08-28,2.3377890881037025,295.8125,282.6625,1.5750000000000002,211.425,0.7637499999999999,0.007983750000000001,3.8250000000000006,44.900000000000006,-123.34999996666669
2016-09-05,2.2980737232346233,297.925,282.2625,0.4,218.925,1.0587499999999999,0.0071287500000000005,4.5375000000000005,44.900000000000006,-123.34999996666669
2016-09-13,2.1608807742189513,296.6875,280.8125,1.2875,185.3,0.9275,0.006635,3.325,44.900000000000006,-123.34999996666669
2016-09-21,2.168275569835657,296.55,281.1375,0.25,185.075,0.8612500000000001,0.007383750000000001,4.4625,44.900000000000006,-123.34999996666669
2016-09-29,1.7340916902953492,289.8125,280.7,10.2375,121.2,0.34125,0.00679,6.075000000000001,44.900000000000006,-123.34999996666669
2016-10-07,1.5533764931361738,290.38750000000005,281.3375,15.037500000000001,111.23749999999998,0.31375000000000003,0.00803125,7.2875000000000005,44.900000000000006,-123.34999996666669
2016-10-15,1.3079909347047356,288.22499999999997,281.225,12.0,88.5375,0.2525,0.007263750000000001,8.05,44.900000000000006,-123.34999996666669
2016-10-23,1.1893944601968995,288.59999999999997,281.82500000000005,9.325000000000001,93.5,0.27875,0.007410000000000001,7.175000000000001,44.900000000000006,-123.34999996666669
2016-10-31,1.2707979856890637,288.9625,280.25,3.6,75.3375,0.23500000000000001,0.007121250000000001,7.612500000000001,44.900000000000006,-123.34999996666669
2016-11-08,1.564578172027304,288.275,280.65000000000003,6.300000000000001,74.35,0.245,0.007456250000000001,6.6000000000000005,44.900000000000006,-123.34999996666669
2016-11-16,1.0371929490156722,284.1875,277.78749999999997,10.025000000000002,61.125000000000014,0.19124999999999998,0.005541250000000001,7.325,44.900000000000006,-123.34999996666669
2016-11-24,1.0695135182680453,282.92499999999995,276.8375,15.574999999999998,47.42500000000001,0.2725,0.004810000000000001,7.45,44.900000000000006,-123.34999996666669
2016-12-02,1.1893944601968995,277.9625,273.16249999999997,10.462500000000002,41.3875,0.18874999999999997,0.00355,6.2250000000000005,44.900000000000006,-123.34999996666669
2016-12-10,0.9869350108209352,276.95,270.45,6.362500000000001,52.37500000000001,0.17375000000000002,0.0032312499999999997,4.7125,44.900000000000006,-123.34999996666669
2016-12-18,1.3819996645801937,278.95,271.4625,6.437499999999999,50.46249999999999,0.21125,0.0032500000000000007,4.8875,44.900000000000006,-123.34999996666669
2016-12-26,1.3590466866985331,279.05,272.43333333333334,5.75,56.88333333333333,0.235,0.003335,5.6833333333333345,44.900000000000006,-123.34999996666669
2017-01-01,0.6900827885298879,274.4375,267.77500000000003,6.575000000000001,51.03750000000001,0.13625,0.0025550000000000004,6.900000000000001,44.900000000000006,-123.34999996666669
2017-01-09,0.8297981533989665,275.27500000000003,268.325,6.112500000000001,72.275,0.1325,0.0027775,4.175000000000001,44.900000000000006,-123.34999996666669
2017-01-17,1.1652665003602924,282.6125,274.01250000000005,16.262500000000003,55.800000000000004,0.3425,0.0036262500000000006,8.7375,44.900000000000006,-123.34999996666669
2017-01-25,0.7751837118304046,280.6125,273.5625,0.22500000000000003,84.8375,0.315,0.0032600000000000007,4.1,44.900000000000006,-123.34999996666669
2017-02-02,1.059596306797933,282.1125,275.075,31.825,46.650000000000006,0.24750000000000003,0.004338750000000001,9.1875,44.900000000000006,-123.34999996666669
2017-02-10,1.1235783397372072,284.3875,274.9,11.400000000000002,95.625,0.42125,0.0037675000000000004,6.687500000000001,44.900000000000006,-123.34999996666669
2017-02-18,0.913661128267095,281.16249999999997,274.0875,11.050000000000002,79.7625,0.29875,0.0035787500000000003,4.3125,44.900000000000006,-123.34999996666669
2017-02-26,1.0042935368963828,281.0,273.8125,8.6375,97.975,0.29750000000000004,0.00350125,6.7,44.900000000000006,-123.34999996666669
2017-03-06,1.2235783397372073,285.29999999999995,278.6,10.937500000000002,94.05000000000001,0.36875,0.005045000000000001,7.275000000000001,44.900000000000006,-123.34999996666669
2017-03-14,1.2297981533989666,285.7,276.9625,9.85,135.1625,0.33875000000000005,0.005065,6.5,44.900000000000006,-123.34999996666669
2017-03-22,1.3297981533989665,285.1,277.8625,9.3875,105.725,0.41374999999999995,0.00448625,7.3,44.900000000000006,-123.34999996666669
2017-03-30,1.7533764931361737,287.08750000000003,276.15,1.6375000000000002,162.4875,0.39875000000000005,0.004912500000000001,4.4625,44.900000000000006,-123.34999996666669
2017-04-07,1.9781927813057694,285.00000000000006,276.0375,9.625,173.45,0.34875,0.00453625,8.05,44.900000000000006,-123.34999996666669
2017-04-15,2.168275569835657,288.95,277.8625,4.337500000000001,194.625,0.4725,0.0054037500000000014,6.1125,44.900000000000006,-123.34999996666669
2017-04-23,2.4185964745078365,287.375,277.325,4.675,174.475,0.3475,0.005531250000000001,5.387500000000001,44.900000000000006,-123.34999996666669
2017-05-01,2.982687992913182,292.875,278.725,0.48750000000000004,242.4375,0.5650000000000001,0.006928750000000001,4.1125,44.900000000000006,-123.34999996666669
2017-05-09,3.359596306797933,289.525,278.0125,4.125,242.05,0.45375000000000004,0.00588375,5.7250000000000005,44.900000000000006,-123.34999996666669
2017-05-17,3.5334955512073196,296.925,280.1375,0.0,332.15000000000003,0.78625,0.00791,5.0875,44.900000000000006,-123.34999996666669
2017-05-25,3.729798153398967,296.82500000000005,281.925,0.25,322.01250000000005,0.6749999999999999,0.008720000000000002,3.1125000000000003,44.900000000000006,-123.34999996666669
2017-06-02,3.039647877449227,294.36249999999995,281.425,1.9500000000000002,273.78749999999997,0.68375,0.007242500000000001,4.3125,44.900000000000006,-123.34999996666669
2017-06-10,3.6267890839236023,291.5,282.325,2.1125000000000003,211.15000000000003,0.52,0.007050000000000001,4.3125,44.900000000000006,-123.34999996666669
2017-06-18,3.5179081461748476,302.875,284.3375,0.0,333.52500000000003,1.24625,0.009774999999999999,5.45,44.900000000000006,-123.34999996666669
2017-06-26,3.474495383497416,298.7125,283.08750000000003,0.05,343.025,0.7875000000000001,0.0092175,3.6750000000000003,44.900000000000006,-123.34999996666669
2017-07-04,3.404293536896383,301.8875,282.1375,0.0,332.85,1.1500000000000001,0.008856250000000001,3.4875,44.900000000000006,-123.34999996666669
2017-07-12,3.2377890881037024,300.5,281.73749999999995,0.0,319.925,1.11125,0.0080075,3.5874999999999995,44.900000000000006,-123.34999996666669
2017-07-20,3.219192613595866,302.7625,283.94999999999993,0.0,313.6125,1.2899999999999998,0.009153750000000002,4.1000000000000005,44.900000000000006,-123.34999996666669
2017-07-28,3.0340916902953494,307.65000000000003,285.125,0.0,318.8125,1.95625,0.00968375,4.9,44.900000000000006,-123.34999996666669
2017-08-05,2.9191926135958663,304.3625,286.075,0.7125,303.55,1.3737499999999998,0.01047125,2.4124999999999996,44.900000000000006,-123.34999996666669
2017-08-13,2.6893944601968993,300.41249999999997,282.8875,0.05,274.8,1.125,0.008186249999999999,4.7,44.900000000000006,-123.34999996666669
2017-08-21,2.509275402125754,303.91249999999997,284.8875,0.0,276.85,1.56,0.00869875,4.025,44.900000000000006,-123.34999996666669
2017-08-29,2.18178069364805,305.0625,286.1375,0.0,258.22499999999997,1.625,0.00957,3.4125,44.900000000000006,-123.34999996666669
2017-09-06,2.0751672643415926,300.82500000000005,285.75,0.11250000000000002,205.7875,1.17625,0.009098750000000001,4.025,44.900000000000006,-123.34999996666669
2017-09-14,2.0161205776430595,293.23750000000007,281.2375,7.2125,157.47500000000002,0.76625,0.0061375,4.800000000000001,44.900000000000006,-123.34999996666669
2017-09-22,2.40059613908803,297.0,281.9625,0.7000000000000001,158.26250000000002,0.87125,0.007625000000000001,3.3500000000000005,44.900000000000006,-123.34999996666669
2017-09-30,2.3620557561738975,293.08750000000003,278.8875,0.825,166.60000000000002,0.74375,0.0055725,4.4750000000000005,44.900000000000006,-123.34999996666669
2017-10-08,2.281999664580194,288.2875,276.8625,5.25,134.75000000000003,0.39125,0.00548125,5.0125,44.900000000000006,-123.34999996666669
2017-10-16,1.986872044343493,289.3625,280.775,16.3,92.91250000000001,0.33875,0.006975,7.9,44.900000000000006,-123.34999996666669
2017-10-24,1.953376493136174,292.1625,278.85,0.125,136.97500000000002,0.5037499999999999,0.006710000000000001,4.5375000000000005,44.900000000000006,-123.34999996666669
2017-11-01,1.282515540969668,283.3125,275.65000000000003,8.575,73.60000000000001,0.2,0.004965,5.8375,44.900000000000006,-123.34999996666669
2017-11-09,1.6297981533989663,284.4875,279.2375,13.400000000000002,61.199999999999996,0.20125000000000004,0.005903750000000001,9.875,44.900000000000006,-123.34999996666669
2017-11-17,1.1148990766994833,285.875,277.675,9.012500000000001,56.15,0.23249999999999998,0.005980000000000001,7.987500000000001,44.900000000000006,-123.34999996666669
2017-11-25,1.1036973978083529,282.2,276.0875,6.9750000000000005,44.7875,0.115,0.00526375,5.775,44.900000000000006,-123.34999996666669
2017-12-03,1.5900827885298878,281.8875,271.9375,0.1,82.30000000000001,0.2925,0.0034850000000000007,4.9125000000000005,44.900000000000006,-123.34999996666669
2017-12-11,1.2148990766994834,280.65,272.4125,0.6625000000000001,50.575,0.18000000000000002,0.003985000000000001,4.0875,44.900000000000006,-123.34999996666669
2017-12-19,1.0937801863382406,278.17499999999995,272.0625,7.2125,41.875,0.05374999999999999,0.0042250000000000005,4.675000000000001,44.900000000000006,-123.34999996666669
2017-12-27,0.8689638981686452,283.53999999999996,275.38,9.42,47.2,0.15999999999999998,0.005226,7.0200000000000005,44.900000000000006,-123.34999996666669
2018-01-01,0.663982032939274,280.675,274.4375,3.9625000000000004,43.68750000000001,0.09499999999999999,0.004778750000000001,4.2875000000000005,44.900000000000006,-123.34999996666669
2018-01-09,0.9490829562397909,285.05,277.525,7.512500000000001,60.75,0.19,0.005801250000000001,6.300000000000001,44.900000000000006,-123.34999996666669
2018-01-17,1.0148990766994832,282.7625,276.9625,13.825000000000001,43.3625,0.18875,0.00509875,10.200000000000001,44.900000000000006,-123.34999996666669
2018-01-25,1.0,283.67499999999995,277.42499999999995,6.925,54.887499999999996,0.20749999999999996,0.0053375,7.225000000000001,44.900000000000006,-123.34999996666669
2018-02-02,1.035468346961326,286.75,276.7125,0.08750000000000001,79.3625,0.21749999999999997,0.0060187500000000015,3.3125000000000004,44.900000000000006,-123.34999996666669
2018-02-10,1.5347800186283376,282.2,273.15,2.675,86.82499999999999,0.23875000000000002,0.0040375,5.1000000000000005,44.900000000000006,-123.34999996666669
2018-02-18,1.5483946279068026,277.9375,270.95,5.175,89.575,0.155,0.0033800000000000006,6.6125,44.900000000000006,-123.34999996666669
2018-02-26,1.1384774164366904,281.3,272.95,4.925000000000001,109.80000000000001,0.18,0.004167500000000001,5.575,44.900000000000006,-123.34999996666669
2018-03-06,1.5446972300984498,287.0375,275.16249999999997,4.4375,167.43750000000003,0.3,0.00543375,5.1,44.900000000000006,-123.34999996666669
2018-03-14,1.481340559014722,284.6125,274.125,2.875,164.85,0.28375,0.004537500000000001,3.7250000000000005,44.900000000000006,-123.34999996666669
2018-03-22,1.368229050847027,282.97499999999997,274.7,5.5125,171.1625,0.17250000000000001,0.004947500000000001,5.7,44.900000000000006,-123.34999996666669
2018-03-30,1.4254124272576254,287.2375,276.7,2.1625,120.83749999999999,0.31625000000000003,0.00568,4.2250000000000005,44.900000000000006,-123.34999996666669
2018-04-07,2.0036973978083528,286.6,278.3875,14.337499999999999,167.4375,0.265,0.0059900000000000005,9.8875,44.900000000000006,-123.34999996666669
2018-04-15,2.24469723009845,287.7625,275.8125,3.6750000000000003,228.2875,0.39875,0.00515625,5.0125,44.900000000000006,-123.34999996666669
2018-04-23,2.6198809419288542,292.71250000000003,280.15,2.375,241.225,0.6587500000000001,0.0066075000000000005,4.125,44.900000000000006,-123.34999996666669
2018-05-01,2.489191936753568,293.57500000000005,280.075,0.6875,274.63750000000005,0.50125,0.00760125,3.1125000000000007,44.900000000000006,-123.34999996666669
2018-05-09,3.3373024344817446,295.4375,281.3875,0.1375,292.5625,0.6575,0.00803,3.7250000000000005,44.900000000000006,-123.34999996666669
2018-05-17,3.2466070593750143,295.125,281.3,0.0,331.975,0.5325,0.008450000000000001,2.8375,44.900000000000006,-123.34999996666669
2018-05-25,3.2886423166541676,293.53749999999997,278.5125,0.1875,310.8,0.5725,0.006792500000000001,4.5875,44.900000000000006,-123.34999996666669
2018-06-02,3.702412930387335,295.27500000000003,279.85,1.375,267.63750000000005,0.74,0.006906250000000001,4.025,44.900000000000006,-123.34999996666669
2018-06-10,3.321009404895171,295.83750000000003,281.3125,1.2750000000000001,283.075,0.8362500000000002,0.007148750000000001,4.8125,44.900000000000006,-123.34999996666669
2018-06-18,3.088907806574942,300.36249999999995,283.75,0.1125,324.75,1.025,0.00913625,3.375,44.900000000000006,-123.34999996666669
2018-06-26,3.256008394455652,298.09999999999997,280.86249999999995,0.30000000000000004,311.925,0.9737500000000001,0.0071400000000000005,4.6375,44.900000000000006,-123.34999996666669
2018-07-04,3.167100587880711,299.3875,283.6625,0.07500000000000001,287.96250000000003,1.0525,0.00820875,3.85,44.900000000000006,-123.34999996666669
2018-07-12,2.9189249309060523,305.57500000000005,285.4625,0.0,328.7625,1.6737500000000003,0.00959375,3.5625,44.900000000000006,-123.34999996666669
2018-07-20,2.7154952157875134,305.3375,284.36249999999995,0.0,324.70000000000005,1.7862500000000003,0.008296250000000002,3.8875000000000006,44.900000000000006,-123.34999996666669
2018-07-28,2.7129727999341067,302.7,284.325,0.0,314.42500000000007,1.325,0.0090825,2.4125,44.900000000000006,-123.34999996666669
2018-08-05,2.361003034963727,304.0125,285.32500000000005,0.0,298.96250000000003,1.47875,0.00939875,3.0875000000000004,44.900000000000006,-123.34999996666669
2018-08-13,2.573807055164428,303.25,283.51250000000005,0.0,297.47499999999997,1.39375,0.008685000000000002,3.4499999999999997,44.900000000000006,-123.34999996666669
2018-08-21,2.404293536896383,299.475,283.0375,0.0,252.98750000000004,1.21,0.0074600000000000005,4.1875,44.900000000000006,-123.34999996666669
2018-08-29,2.3191926135958663,299.46250000000003,281.675,0.0,246.06250000000003,1.14375,0.007161250000000001,4.550000000000001,44.900000000000006,-123.34999996666669
2018-09-06,2.3340916902953497,295.7,281.975,1.3,179.5125,0.7937500000000001,0.00735375,3.6125000000000003,44.900000000000006,-123.34999996666669
2018-09-14,2.0044157976411587,294.02500000000003,279.725,1.475,182.82500000000002,0.7212500000000001,0.006308750000000001,4.125,44.900000000000006,-123.34999996666669
2018-09-22,2.2831746465351404,297.575,281.02500000000003,0.11250000000000002,187.01250000000002,1.085,0.006440000000000001,5.1375,44.900000000000006,-123.34999996666669
2018-09-30,1.9831746465351403,291.425,280.3375,2.2750000000000004,106.5125,0.51375,0.0066975,4.125,44.900000000000006,-123.34999996666669
2018-10-08,1.8831746465351402,293.625,279.1125,0.0625,156.88750000000002,0.81375,0.0054487500000000005,5.8125,44.900000000000006,-123.34999996666669
2018-10-16,1.759596306797933,294.8,277.625,0.1125,148.60000000000002,0.8675,0.005463750000000001,3.1750000000000007,44.900000000000006,-123.34999996666669
2018-10-24,1.5807151971591755,288.58750000000003,281.65,8.575000000000001,71.4625,0.22999999999999998,0.007566250000000001,6.437500000000001,44.900000000000006,-123.34999996666669
2018-11-01,1.304981865229371,288.25,279.25,1.0999999999999999,93.42500000000001,0.34375,0.006325,4.6,44.900000000000006,-123.34999996666669
2018-11-09,1.3235783397372072,285.45,274.2625,0.0,93.92500000000001,0.30625,0.004665,5.075,44.900000000000006,-123.34999996666669
2018-11-17,1.3086792630377238,284.7,275.38750000000005,5.4,79.60000000000001,0.27375,0.0048850000000000005,5.775,44.900000000000006,-123.34999996666669
2018-11-25,1.24469723009845,283.0875,277.15,10.6875,56.6,0.12750000000000003,0.005656250000000001,6.6625000000000005,44.900000000000006,-123.34999996666669
2018-12-03,1.2049818652293711,279.6625,272.2375,3.2625,70.5125,0.16500000000000004,0.00388625,5.025,44.900000000000006,-123.34999996666669
2018-12-11,1.0695135182680453,283.79999999999995,276.51250000000005,18.95,40.75,0.19874999999999995,0.00522875,10.912500000000001,44.900000000000006,-123.34999996666669
2018-12-19,0.9893944601968996,282.48749999999995,275.2125,7.625000000000001,48.43750000000001,0.13125,0.005105,6.525,44.900000000000006,-123.34999996666669
2018-12-27,1.0553492888901803,282.35999999999996,275.71999999999997,4.06,39.18,0.18400000000000002,0.004834,5.360000000000001,44.900000000000006,-123.34999996666669
2019-01-01,0.9198809419288544,280.52500000000003,274.35,5.337500000000001,46.75000000000001,0.1225,0.00460625,6.6875,44.900000000000006,-123.34999996666669
2019-01-09,1.1682755698356568,282.8625,274.225,2.8375000000000004,70.45,0.195,0.0046725,5.762500000000001,44.900000000000006,-123.34999996666669
2019-01-17,1.1235783397372072,283.3375,276.2,11.2375,60.45,0.18,0.00516875,6.587500000000001,44.900000000000006,-123.34999996666669
2019-01-25,1.2235783397372073,283.3125,273.36250000000007,0.48750000000000004,97.8375,0.2675,0.00422,4.125,44.900000000000006,-123.34999996666669
2019-02-02,0.9993116716670117,278.1625,272.025,3.0875000000000004,75.475,0.12375,0.0037925000000000007,4.050000000000001,44.900000000000006,-123.34999996666669
2019-02-10,0.7744953834974163,279.4125,274.32499999999993,12.662500000000001,79.625,0.1275,0.0042825,7.362500000000001,44.900000000000006,-123.34999996666669
2019-02-18,1.249679095327821,279.25,272.35,7.125,88.3375,0.15125000000000002,0.0038275000000000006,4.8375,44.900000000000006,-123.34999996666669
2019-02-26,1.3384774164366902,279.375,269.85,1.4125,142.20000000000002,0.21875,0.0031575,5.187500000000001,44.900000000000006,-123.34999996666669
2019-03-06,1.345981697519468,281.75,272.2,3.525,159.775,0.23750000000000002,0.003865,5.0125,44.900000000000006,-123.34999996666669
2019-03-14,1.55589890898958,291.4125,276.3875,0.125,209.17499999999998,0.6525000000000001,0.0051075,4.55,44.900000000000006,-123.34999996666669
2019-03-22,1.5744953834974162,286.42499999999995,275.98749999999995,3.1999999999999997,177.22500000000002,0.30625,0.005220000000000001,4.1625,44.900000000000006,-123.34999996666669
2019-03-30,1.8198809419288544,288.3625,279.7875,14.05,153.16250000000002,0.355,0.006317500000000001,4.7875000000000005,44.900000000000006,-123.34999996666669
2019-04-07,1.8980737232346234,285.55,278.5874999999999,6.574999999999999,132.7125,0.1975,0.0061200000000000004,5.762500000000001,44.900000000000006,-123.34999996666669
2019-04-15,2.34469723009845,290.1875,279.09999999999997,2.4875000000000003,185.475,0.3925,0.0067262500000000005,3.7,44.900000000000006,-123.34999996666669
2019-04-23,2.940999832290097,292.20000000000005,277.0375,0.0,288.5125,0.655,0.005381250000000001,6.0375000000000005,44.900000000000006,-123.34999996666669
2019-05-01,3.2446972300984496,295.85,278.1125,0.0,334.5375,0.7949999999999999,0.006526250000000001,4.175,44.900000000000006,-123.34999996666669
2019-05-09,3.4483946279068025,295.01249999999993,281.08750000000003,1.5750000000000002,274.15000000000003,0.76,0.00724125,4.050000000000001,44.900000000000006,-123.34999996666669
2019-05-17,3.2819366981027516,291.9875,281.1125,2.6625,273.88750000000005,0.50375,0.007063750000000001,5.2375,44.900000000000006,-123.34999996666669
2019-05-25,3.417954665163478,295.2375,281.1625,1.6125,322.8375,0.5850000000000001,0.008280000000000001,4.325,44.900000000000006,-123.34999996666669
2019-06-02,3.376954832873381,295.07499999999993,280.4375,0.275,293.83750000000003,0.78125,0.006755000000000001,4.5375000000000005,44.900000000000006,-123.34999996666669
2019-06-10,2.6913335122409805,302.5125,283.85,0.0,340.2125,1.2012500000000002,0.009600000000000001,5.225000000000001,44.900000000000006,-123.34999996666669
2019-06-18,2.742284299711115,295.0875,281.45,0.0,304.7125,0.73875,0.00707,4.375,44.900000000000006,-123.34999996666669
2019-06-26,2.791228547717318,295.69999999999993,282.1,1.1625,282.35,0.7712500000000001,0.007458750000000001,3.4000000000000004,44.900000000000006,-123.34999996666669
2019-07-04,2.5723620623462984,297.55,284.2625,1.5,264.3625,0.8324999999999999,0.00861,3.35,44.900000000000006,-123.34999996666669
2019-07-12,2.9489907669948328,298.9875,284.84999999999997,1.5,259.7625,1.0125,0.008485000000000001,4.075,44.900000000000006,-123.34999996666669
2019-07-20,2.9129727999341064,301.8875,283.2625,0.0,308.1875,1.33875,0.0079875,3.95,44.900000000000006,-123.34999996666669
2019-07-28,2.867587241502669,302.1625,285.075,0.0,298.375,1.29375,0.00897,4.0125,44.900000000000006,-123.34999996666669
2019-08-05,2.363999329160388,299.0,285.28749999999997,0.037500000000000006,281.0375,0.9025,0.009393750000000001,2.575,44.900000000000006,-123.34999996666669
2019-08-13,2.591963395038936,301.3875,284.1875,0.0,291.625,1.24375,0.008431250000000001,3.5750000000000006,44.900000000000006,-123.34999996666669
2019-08-21,2.458907978464945,302.42499999999995,284.02500000000003,0.6375000000000001,253.91249999999997,1.5187499999999998,0.00778625,4.6000000000000005,44.900000000000006,-123.34999996666669
2019-08-29,2.4191926135958663,301.475,285.7,0.0,226.22500000000002,1.165,0.009395,3.5000000000000004,44.900000000000006,-123.34999996666669
2019-09-06,2.1893944601968993,295.675,285.4,2.7,173.57500000000002,0.6787500000000001,0.00888625,3.7375000000000003,44.900000000000006,-123.34999996666669
2019-09-14,2.2930918580052526,293.2875,284.0125,6.8875,150.26250000000002,0.5449999999999999,0.00810125,4.325,44.900000000000006,-123.34999996666669
2019-09-22,2.142174814245043,292.13750000000005,280.4125,1.9375,137.06250000000003,0.47875,0.007245000000000001,4.2,44.900000000000006,-123.34999996666669
2019-09-30,2.219192613595866,290.375,277.34999999999997,1.55,168.20000000000002,0.49124999999999996,0.0057262500000000004,4.125,44.900000000000006,-123.34999996666669
2019-10-08,2.3434592816660618,289.3,275.65,0.23750000000000002,137.7125,0.5225,0.004796250000000001,4.425000000000001,44.900000000000006,-123.34999996666669
2019-10-16,1.8893944601968997,288.5,280.16249999999997,9.375000000000002,91.16250000000001,0.245,0.007095000000000001,7.4125,44.900000000000006,-123.34999996666669
2019-10-24,1.9496790953278211,287.35,272.8,0.0,133.575,0.48875,0.004,5.8500000000000005,44.900000000000006,-123.34999996666669
2019-11-01,1.6533764931361734,287.975,273.575,0.0,124.97500000000001,0.42624999999999996,0.00462625,4.2125,44.900000000000006,-123.34999996666669
2019-11-09,1.6707979856890633,286.5625,278.40000000000003,0.525,84.625,0.16625,0.006568750000000001,3.375,44.900000000000006,-123.34999996666669
2019-11-17,1.5347800186283376,285.4875,275.475,2.2125000000000004,76.0875,0.25875000000000004,0.0052250000000000005,4.175,44.900000000000006,-123.34999996666669
2019-11-25,1.337192949015672,279.6625,271.3,2.2375000000000003,67.55,0.19125,0.00354375,5.75,44.900000000000006,-123.34999996666669
2019-12-03,1.1334955512073195,281.2875,275.2125,5.5625,50.612500000000004,0.052500000000000005,0.0053725000000000005,3.1000000000000005,44.900000000000006,-123.34999996666669
2019-12-11,1.0744953834974162,281.03749999999997,274.2875,5.0249999999999995,40.087500000000006,0.1325,0.004611250000000001,5.300000000000001,44.900000000000006,-123.34999996666669
2019-12-19,1.0042935368963828,281.7,275.875,8.675,46.6125,0.11125000000000002,0.005227500000000001,6.812499999999999,44.900000000000006,-123.34999996666669
2019-12-27,0.8198809419288543,280.41999999999996,275.58000000000004,4.28,47.7,0.088,0.0049759999999999995,3.0599999999999996,44.900000000000006,-123.34999996666669
2020-01-01,0.7453855584314381,282.75,277.1125,9.4,41.6375,0.15625,0.0053300000000000005,9.350000000000001,44.900000000000006,-123.34999996666669
2020-01-09,0.8851009233005168,279.3625,273.625,11.750000000000002,40.050000000000004,0.135,0.0041225,8.4625,44.900000000000006,-123.34999996666669
2020-01-17,1.2148990766994834,283.325,278.0,9.85,43.45,0.23625,0.0051675,8.7625,44.900000000000006,-123.34999996666669
2020-01-25,1.054614441568562,285.1875,278.925,11.5875,49.1,0.21500000000000002,0.00598375,8.8625,44.900000000000006,-123.34999996666669
2020-02-02,1.6496790953278206,282.5625,274.7375,3.0375000000000005,65.325,0.195,0.0047125000000000005,6.0125,44.900000000000006,-123.34999996666669
2020-02-10,1.7707979856890634,282.225,273.875,2.6125000000000003,99.75000000000001,0.20125,0.0043725000000000005,4.175,44.900000000000006,-123.34999996666669
2020-02-18,1.8893944601968997,285.27500000000003,272.5,0.575,128.775,0.38625000000000004,0.00386,4.3500000000000005,44.900000000000006,-123.34999996666669
2020-02-26,1.953376493136174,285.4625,274.3875,1.15,135.175,0.3125,0.004693750000000001,4.175,44.900000000000006,-123.34999996666669
2020-03-05,2.0744953834974162,285.0625,272.5,1.425,177.72500000000002,0.31625000000000003,0.00429,4.0,44.900000000000006,-123.34999996666669
2020-03-13,2.063293704606286,285.8125,273.00000000000006,2.6875000000000004,192.07500000000002,0.39,0.00421,4.4750000000000005,44.900000000000006,-123.34999996666669
2020-03-21,2.1067822090398636,284.725,275.05,3.1875,157.8375,0.31749999999999995,0.00456375,5.250000000000001,44.900000000000006,-123.34999996666669
2020-03-29,2.390082788529888,284.1,275.58750000000003,6.8,162.8,0.275,0.00473375,5.4,44.900000000000006,-123.34999996666669
2020-04-06,2.54469723009845,292.27500000000003,275.56250000000006,0.0,278.425,0.65,0.0052625,4.75,44.900000000000006,-123.34999996666669
2020-04-14,2.6235783397372074,291.41249999999997,276.9875,0.9500000000000001,252.27500000000003,0.61375,0.00540875,3.65,44.900000000000006,-123.34999996666669
2020-04-22,2.653376493136174,291.65,280.575,2.3625000000000003,192.3375,0.4775000000000001,0.00696375,4.987500000000001,44.900000000000006,-123.34999996666669
2020-04-30,3.208679263037724,291.0875,277.5875,4.3875,246.24999999999997,0.55125,0.005707500000000001,5.4625,44.900000000000006,-123.34999996666669
2020-05-08,3.1553027699015503,294.23749999999995,282.35,3.325,248.5,0.7587499999999999,0.007186250000000001,4.775,44.900000000000006,-123.34999996666669
2020-05-16,3.063293704606286,289.5,279.7625,4.800000000000001,245.425,0.40750000000000003,0.0063625,4.0375,44.900000000000006,-123.34999996666669
2020-05-24,3.4099637304587422,296.32499999999993,281.9875,1.25,274.27500000000003,0.7475,0.00815625,3.7750000000000004,44.900000000000006,-123.34999996666669
2020-06-01,3.4340916902953493,293.3125,280.48749999999995,1.7,287.27500000000003,0.695,0.00637875,4.6125,44.900000000000006,-123.34999996666669
2020-06-09,3.4154952157875136,292.02500000000003,282.4125,3.0,180.7375,0.515,0.007381250000000001,4.862500000000001,44.900000000000006,-123.34999996666669
2020-06-17,3.4079909347047357,299.175,283.7125,0.75,313.88750000000005,0.91125,0.009075000000000001,4.0125,44.900000000000006,-123.34999996666669
2020-06-25,3.154770446023264,296.4875,283.57500000000005,0.0,315.02500000000003,0.82625,0.007983750000000001,4.6375,44.900000000000006,-123.34999996666669
2020-07-03,3.0303942924869967,296.21250000000003,283.65,0.0,293.95000000000005,0.83375,0.007645000000000001,2.6375,44.900000000000006,-123.34999996666669
2020-07-11,3.037789088103702,300.9125,283.225,0.0,319.7625,1.145,0.008505000000000002,5.15,44.900000000000006,-123.34999996666669
2020-07-19,2.688686642873758,302.5875,284.65,0.0,322.32500000000005,1.3462500000000002,0.00910125,4.3375,44.900000000000006,-123.34999996666669
2020-07-27,2.9116883325130885,304.05,285.7125,0.0,308.675,1.52625,0.00918,2.1875000000000004,44.900000000000006,-123.34999996666669
2020-08-04,2.7993581906556417,300.32500000000005,282.65,0.08750000000000001,288.875,1.1099999999999999,0.008233750000000001,4.8999999999999995,44.900000000000006,-123.34999996666669
2020-08-12,2.4818609563466056,303.1875,284.49999999999994,0.0,286.8125,1.4662499999999998,0.008700000000000001,3.587500000000001,44.900000000000006,-123.34999996666669
2020-08-20,2.6153857303214414,300.3875,283.88750000000005,0.0,250.01250000000002,1.1487500000000002,0.008215000000000002,5.1125,44.900000000000006,-123.34999996666669
2020-08-28,2.548990766994833,301.9375,283.7375,0.0,258.4125,1.35375,0.0082275,5.075,44.900000000000006,-123.34999996666669
2020-09-05,2.280761716147806,297.16249999999997,284.325,0.0,248.77500000000003,1.1275,0.006915,5.4,44.900000000000006,-123.34999996666669
2020-09-13,2.268275569835657,294.8875,284.0625,3.3375,189.74999999999997,0.51375,0.00907875,2.8625000000000003,44.900000000000006,-123.34999996666669
2020-09-21,1.8966332513589033,294.91249999999997,284.225,5.675000000000001,152.0875,0.72125,0.007916250000000001,6.325,44.900000000000006,-123.34999996666669
2020-09-29,2.3496790953278213,297.3125,283.3,0.0,190.93750000000003,0.6950000000000001,0.00907375,3.5500000000000003,44.900000000000006,-123.34999996666669
2020-10-07,1.8198809419288544,291.2,282.7125,6.0625,128.58750000000003,0.36125,0.008018750000000002,5.800000000000001,44.900000000000006,-123.34999996666669
2020-10-15,1.9161835441205017,290.6875,278.525,0.037500000000000006,130.8625,0.37625000000000003,0.0068200000000000005,3.9125,44.900000000000006,-123.34999996666669
2020-10-23,1.8893944601968997,287.025,274.1125,0.0,115.7125,0.34500000000000003,0.00494,4.7625,44.900000000000006,-123.34999996666669
2020-10-31,1.6173585260754477,288.025,276.5625,2.5125,82.6875,0.28750000000000003,0.006136249999999999,5.55,44.900000000000006,-123.34999996666669
2020-11-08,1.55589890898958,283.1625,274.04999999999995,14.187500000000002,72.64999999999999,0.18625000000000003,0.00479875,7.425000000000001,44.900000000000006,-123.34999996666669
2020-11-16,1.4744953834974164,282.2,275.3125,6.5875,65.025,0.09250000000000001,0.00536875,6.4875,44.900000000000006,-123.34999996666669
2020-11-24,1.3305330007205847,281.25,273.72499999999997,3.0625,69.61250000000001,0.10125,0.0047687499999999996,4.75,44.900000000000006,-123.34999996666669
2020-12-02,1.4446972300984497,283.25,273.75,0.6125,68.625,0.20875,0.00456875,4.112500000000001,44.900000000000006,-123.34999996666669
2020-12-10,1.3595963067979329,280.91249999999997,275.6375,8.55,44.06250000000001,0.12,0.004855,6.4750000000000005,44.900000000000006,-123.34999996666669
2020-12-18,1.3496790953278208,282.45,275.0625,13.650000000000002,54.699999999999996,0.14500000000000002,0.005112500000000001,8.0625,44.900000000000006,-123.34999996666669
2020-12-26,0.9950646537592588,281.68333333333334,274.4666666666667,5.900000000000001,58.400000000000006,0.15666666666666665,0.00466,7.033333333333334,44.900000000000006,-123.34999996666669
2021-01-01,0.7751837118304046,282.9125,277.73749999999995,16.9,46.8625,0.135,0.0055975,9.475000000000001,44.900000000000006,-123.34999996666669
2021-01-09,0.9211188903612426,283.4,277.1,14.325000000000003,58.975,0.16499999999999998,0.005488750000000001,7.137499999999999,44.900000000000006,-123.34999996666669
2021-01-17,1.0937801863382406,281.625,272.7875,1.5125000000000002,70.4125,0.165,0.00432,4.250000000000001,44.900000000000006,-123.34999996666669
2021-01-25,1.14469723009845,280.58750000000003,275.6875,9.75,66.0875,0.11375,0.0048875,6.800000000000001,44.900000000000006,-123.34999996666669
2021-02-02,0.8099637304587421,281.9375,273.85,3.8750000000000004,76.6125,0.15250000000000002,0.004602500000000001,4.5125,44.900000000000006,-123.34999996666669
2021-02-10,1.267100587880711,279.475,273.38750000000005,11.0625,65.2125,0.12125,0.004391250000000001,6.100000000000001,44.900000000000006,-123.34999996666669
2021-02-18,1.140999832290097,282.36249999999995,275.62500000000006,5.7125,66.6375,0.20125,0.0046775,6.425,44.900000000000006,-123.34999996666669
2021-02-26,1.2235783397372073,284.625,274.7625,1.9,128.6125,0.24375000000000002,0.004895000000000001,5.85,44.900000000000006,-123.34999996666669
2021-03-06,1.5925422379058523,285.1125,273.3625,2.6375,181.9875,0.3225,0.00434375,4.775,44.900000000000006,-123.34999996666669
2021-03-14,1.5480639787395465,283.3125,274.3125,3.2375,121.5375,0.23249999999999998,0.00456125,6.675,44.900000000000006,-123.34999996666669
2021-03-22,1.7555682598223243,284.425,273.41249999999997,1.3,176.5875,0.22875,0.00474125,5.0875,44.900000000000006,-123.34999996666669
2021-03-30,1.8938267053268705,289.1375,273.6875,0.0,237.77499999999995,0.47375,0.0047775000000000005,3.625,44.900000000000006,-123.34999996666669
2021-04-07,2.1533764931361734,287.2625,274.5,0.32500000000000007,252.72500000000002,0.49,0.004205,6.725,44.900000000000006,-123.34999996666669
2021-04-15,2.264578172027304,296.67499999999995,278.45000000000005,0.0,296.01250000000005,1.01,0.005673750000000001,4.4375,44.900000000000006,-123.34999996666669
2021-04-23,2.5744953834974162,290.6125,278.58750000000003,2.0,203.625,0.47375,0.006316250000000001,3.4499999999999997,44.900000000000006,-123.34999996666669
2021-05-01,2.1658161204596924,290.65000000000003,278.4625,0.35000000000000003,214.1125,0.45625000000000004,0.006335,3.8000000000000007,44.900000000000006,-123.34999996666669
2021-05-09,3.5421748142450435,296.77500000000003,279.5625,0.0,316.5,0.8,0.007273750000000001,5.3500000000000005,44.900000000000006,-123.34999996666669
2021-05-17,3.4893944601968996,289.6375,278.1875,2.3500000000000005,254.5375,0.39999999999999997,0.006152500000000001,4.8,44.900000000000006,-123.34999996666669
2021-05-25,3.670797985689064,297.1,280.9375,0.625,317.0375,0.8450000000000001,0.0079575,4.7125,44.900000000000006,-123.34999996666669
2021-06-02,3.5278718766335904,294.52500000000003,279.925,0.9875,261.2375,0.6875,0.00713125,3.925,44.900000000000006,-123.34999996666669
2021-06-10,3.634091690295349,294.9375,281.8875,5.362500000000001,225.4875,0.62375,0.007985,5.1625000000000005,44.900000000000006,-123.34999996666669
2021-06-18,3.4576700300325562,303.0875,284.65,0.0,343.51250000000005,1.18125,0.010246250000000002,4.45,44.900000000000006,-123.34999996666669
2021-06-26,2.640873899335213,305.88749999999993,287.9125,0.0,335.9125,1.6062500000000004,0.012007499999999999,3.4499999999999997,44.900000000000006,-123.34999996666669
2021-07-04,3.263889843694316,302.925,283.675,0.0,337.51250000000005,1.3675,0.0087,4.375,44.900000000000006,-123.34999996666669
2021-07-12,3.0787889203937993,301.75,282.70000000000005,0.0,319.7625,1.2287499999999998,0.0083525,4.550000000000001,44.900000000000006,-123.34999996666669
2021-07-20,2.8638898436943157,302.375,284.17499999999995,0.0,308.15,1.375,0.00842375,5.2625,44.900000000000006,-123.34999996666669
2021-07-28,2.7204770810168846,306.6375,287.5,0.0,294.13750000000005,1.8275000000000001,0.010001250000000001,3.925,44.900000000000006,-123.34999996666669
2021-08-05,2.2518078955365297,304.74999999999994,286.8625,0.0,284.475,1.64625,0.00974875,4.5375000000000005,44.900000000000006,-123.34999996666669
2021-08-13,2.322780525938147,302.8625,285.4875,0.0,283.85,1.44625,0.0090125,3.9750000000000005,44.900000000000006,-123.34999996666669
2021-08-21,2.552688164803185,299.05,282.275,0.1375,242.41250000000002,1.11375,0.007302500000000001,4.6875,44.900000000000006,-123.34999996666669
2021-08-29,2.1706885002229916,300.9,282.225,0.0,257.7375,1.42375,0.006573750000000001,4.8875,44.900000000000006,-123.34999996666669
2021-09-06,2.1576700300325564,300.1625,284.05,0.0,218.71250000000003,1.1975000000000002,0.00797625,4.025,44.900000000000006,-123.34999996666669
2021-09-14,2.237789088103702,297.0875000000001,281.71250000000003,4.525,201.275,1.0625,0.0063325000000000005,6.0125,44.900000000000006,-123.34999996666669
2021-09-22,2.1245973172374515,296.40000000000003,283.55,5.0625,155.78750000000002,0.9725,0.0071375,5.675000000000001,44.900000000000006,-123.34999996666669
2021-09-30,2.2719729676440097,291.6625,279.61249999999995,1.9375,147.625,0.5025,0.006640000000000001,4.4750000000000005,44.900000000000006,-123.34999996666669
2021-10-08,2.103697397808353,288.73749999999995,277.3125,2.0875,115.21250000000002,0.3762500000000001,0.0058137499999999995,4.425,44.900000000000006,-123.34999996666669
2021-10-16,1.6788181431613152,289.125,280.2625,7.362500000000001,94.32500000000002,0.315,0.006937500000000001,6.5625,44.900000000000006,-123.34999996666669
2021-10-24,1.6652665003602922,288.77500000000003,281.2,7.25,78.56250000000001,0.3450000000000001,0.006840000000000001,8.737500000000002,44.900000000000006,-123.34999996666669
2021-11-01,1.14469723009845,285.125,279.06249999999994,9.899999999999999,62.075,0.17250000000000001,0.0062450000000000006,8.150000000000002,44.900000000000006,-123.34999996666669
2021-11-09,0.9496790953278208,287.65,280.125,12.450000000000001,53.275000000000006,0.16999999999999998,0.0073950000000000005,7.6375,44.900000000000006,-123.34999996666669
2021-11-17,1.0744953834974162,282.7125,274.01250000000005,2.4625,71.125,0.1625,0.0047825,5.2375,44.900000000000006,-123.34999996666669
2021-11-25,1.5975870696126653,287.4875,279.7375,1.5250000000000001,52.212500000000006,0.21625,0.006861249999999999,5.374999999999999,44.900000000000006,-123.34999996666669
2021-12-03,1.3740087298754584,282.4875,274.9625,6.95,45.425000000000004,0.15874999999999997,0.004900000000000001,5.525,44.900000000000006,-123.34999996666669
2021-12-11,1.2042935368963827,280.72499999999997,274.81250000000006,16.575000000000003,36.400000000000006,0.12375000000000001,0.004681250000000001,7.824999999999999,44.900000000000006,-123.34999996666669
2021-12-19,1.178788920393799,279.6125,274.625,19.4875,39.225,0.085,0.0047975000000000005,7.6375,44.900000000000006,-123.34999996666669
2021-12-27,0.7893944601968995,276.9599999999999,271.43999999999994,2.8400000000000003,47.4,0.152,0.003268,4.680000000000001,44.900000000000006,-123.34999996666669
2022-01-01,0.9,281.2125,274.025,17.637500000000003,36.075,0.14125,0.004645,9.2375,44.900000000000006,-123.34999996666669
2022-01-09,1.2744953834974164,282.8375,275.125,1.275,64.18750000000001,0.12375,0.005283750000000001,5.737500000000001,44.900000000000006,-123.34999996666669
2022-01-17,1.6446972300984497,282.17499999999995,274.04999999999995,0.7750000000000001,75.28750000000001,0.16749999999999998,0.004655000000000001,3.8125,44.900000000000006,-123.34999996666669
2022-01-25,1.7086792630377239,282.4375,270.625,1.5250000000000001,92.40000000000002,0.245,0.0037312500000000006,4.3875,44.900000000000006,-123.34999996666669
2022-02-02,1.7347800186283375,283.9875,273.675,0.0625,82.0125,0.20750000000000002,0.0047825,3.525000000000001,44.900000000000006,-123.34999996666669
2022-02-10,1.8409998322900971,285.625,274.8125,0.32500000000000007,119.56250000000001,0.3225,0.004775000000000001,4.975000000000001,44.900000000000006,-123.34999996666669
2022-02-18,1.5107615442578024,280.8875,270.575,0.7625,115.97500000000001,0.2325,0.0035312500000000005,4.6499999999999995,44.900000000000006,-123.34999996666669
2022-02-26,1.8595963067979333,285.1625,277.3875,13.200000000000001,95.125,0.23125,0.00566875,7.55,44.900000000000006,-123.34999996666669
2022-03-06,1.8744953834974165,285.55,273.33750000000003,8.3375,139.2375,0.35125,0.00430375,5.225,44.900000000000006,-123.34999996666669
2022-03-14,1.591367255950906,285.1,277.25000000000006,5.737500000000001,119.4625,0.25125000000000003,0.0053950000000000005,6.000000000000001,44.900000000000006,-123.34999996666669
2022-03-22,1.5807151971591755,289.8,279.0875,0.325,155.4375,0.31,0.00694625,3.0124999999999997,44.900000000000006,-123.34999996666669
2022-03-30,2.04469723009845,286.975,275.77500000000003,5.312500000000001,180.05,0.37875000000000003,0.00491,5.35,44.900000000000006,-123.34999996666669
2022-04-07,2.186385390721535,284.25,274.5875,7.637500000000001,186.6875,0.29625,0.00465125,6.3875,44.900000000000006,-123.34999996666669
2022-04-15,2.1112016788911303,285.0125,275.175,6.687500000000001,180.37500000000003,0.2725,0.004883750000000001,5.7125,44.900000000000006,-123.34999996666669
2022-04-23,2.223578339737207,288.17499999999995,277.975,3.25,180.8,0.3875,0.00566875,4.0375,44.900000000000006,-123.34999996666669
2022-05-01,2.3062198136617598,287.75,278.46250000000003,7.012500000000001,195.5875,0.335,0.006015000000000001,5.462500000000001,44.900000000000006,-123.34999996666669
2022-05-09,1.981403525492164,288.32500000000005,277.65,4.8375,222.9875,0.34249999999999997,0.006061250000000001,5.525,44.900000000000006,-123.34999996666669
2022-05-17,2.3699828756688897,291.625,278.1375,0.4625,288.8625,0.565,0.005986250000000001,4.312500000000001,44.900000000000006,-123.34999996666669
2022-05-25,2.8893944601968995,292.425,282.03749999999997,1.9125,196.35,0.5025000000000001,0.0076212499999999996,3.9375000000000004,44.900000000000006,-123.34999996666669
2022-06-02,2.8950181347706287,293.1,283.4375,4.7125,167.37500000000003,0.49500000000000005,0.008195000000000001,4.825000000000001,44.900000000000006,-123.34999996666669
2022-06-10,2.124816288169596,290.75,282.45,4.2875000000000005,177.8375,0.445,0.00724125,3.9625000000000004,44.900000000000006,-123.34999996666669
2022-06-18,3.578192781305769,297.2125,282.68750000000006,0.1625,298.0,0.855,0.00816375,5.675000000000001,44.900000000000006,-123.34999996666669
2022-06-26,3.023486150492249,298.975,283.7625,0.0,314.15000000000003,0.9400000000000001,0.00890875,4.1625000000000005,44.900000000000006,-123.34999996666669
2022-07-04,3.5795867341928593,299.3,284.45,0.5125000000000001,254.50000000000003,0.9287500000000001,0.009260000000000001,3.3875000000000006,44.900000000000006,-123.34999996666669
2022-07-12,3.560192445885963,300.775,282.77500000000003,0.0,307.4875,1.00375,0.009243750000000002,4.475,44.900000000000006,-123.34999996666669
2022-07-20,2.7364881731938713,304.3625,285.55,0.0,321.8125,1.41125,0.010329999999999999,3.65,44.900000000000006,-123.34999996666669
2022-07-28,2.9365046206826837,305.46250000000003,287.0125,0.0,281.425,1.5,0.01109625,2.6,44.900000000000006,-123.34999996666669
2022-08-05,2.4465148701300565,302.225,284.675,0.0,279.125,1.185,0.009711250000000001,2.7125,44.900000000000006,-123.34999996666669
2022-08-13,2.66634929307028,303.63750000000005,286.325,0.0,267.175,1.2537499999999997,0.010753750000000003,3.3375000000000004,44.900000000000006,-123.34999996666669
2022-08-21,2.6278718766335896,302.77500000000003,285.34999999999997,0.0,266.4875,1.23,0.009963750000000002,4.3375,44.900000000000006,-123.34999996666669
2022-08-29,2.359596306797933,304.19999999999993,285.125,0.0,250.225,1.4275,0.00974125,3.3249999999999997,44.900000000000006,-123.34999996666669
2022-09-06,2.236723591614828,301.92499999999995,285.28749999999997,0.07500000000000001,194.0625,1.4412500000000001,0.008135000000000002,5.1499999999999995,44.900000000000006,-123.34999996666669
2022-09-14,1.999671543601784,297.71250000000003,284.1125,0.0,168.5,0.95375,0.007865,2.9000000000000004,44.900000000000006,-123.34999996666669
2022-09-22,2.1980737232346232,299.17499999999995,282.88750000000005,1.2875,180.9875,0.98,0.008387499999999999,3.6875,44.900000000000006,-123.34999996666669
2022-09-30,2.1427709533330734,298.025,282.5125,0.0,187.82500000000005,0.7725,0.008920000000000003,3.6,44.900000000000006,-123.34999996666669
2022-10-08,1.9130822854001788,301.075,281.6125,0.0,174.025,1.2449999999999999,0.007595000000000001,3.9750000000000005,44.900000000000006,-123.34999996666669
2022-10-24,1.7228900114042187,288.375,278.925,4.65,75.55,0.265,0.00666375,5.0625,44.900000000000006,-123.34999996666669
2022-11-01,1.8042935368963828,282.6625,276.125,15.687500000000002,69.3375,0.15625000000000003,0.00517375,7.7,44.900000000000006,-123.34999996666669
2022-11-09,1.5173585260754476,283.3,272.76250000000005,0.7625000000000001,98.775,0.27749999999999997,0.00402625,4.35,44.900000000000006,-123.34999996666669
2022-11-17,1.3347800186283374,282.40000000000003,272.4,0.8750000000000001,81.075,0.275,0.0037850000000000006,4.425000000000001,44.900000000000006,-123.34999996666669
2022-11-25,0.8161835441205014,280.3375,273.62499999999994,10.85,55.97500000000001,0.12374999999999999,0.004392500000000001,6.875,44.900000000000006,-123.34999996666669
2022-12-03,1.0744953834974162,279.5,274.1125,4.9625,54.2,0.17375,0.00398625,6.15,44.900000000000006,-123.34999996666669
2022-12-11,0.9347800186283376,280.29999999999995,271.65000000000003,0.3125,68.4875,0.23,0.003465,3.8125000000000004,44.900000000000006,-123.34999996666669
2022-12-19,0.9446972300984499,280.34999999999997,273.7625,12.875,35.6125,0.11625,0.004846250000000001,7.6000000000000005,44.900000000000006,-123.34999996666669
2022-12-27,1.1255511354912138,284.03999999999996,277.52,19.540000000000003,35.68,0.236,0.005208,8.52,44.900000000000006,-123.34999996666669
