date,LAI,tmmx,tmmn,pr,srad,vpd,sph,vs,lat,lon
2000-02-18,9.985863632353485,300.7,286.22499999999997,1.275,166.0625,1.28875,0.00846,4.500000000000001,28.98333333333333,-99.51666663333334
2000-02-26,0.621803703718345,299.51250000000005,284.25,0.0,202.31250000000003,1.3225000000000002,0.00686875,3.7750000000000004,28.98333333333333,-99.51666663333334
2000-03-05,0.7318856321037641,300.55,286.4,0.7125000000000001,194.925,1.3250000000000004,0.008420000000000002,4.237500000000001,28.98333333333333,-99.51666663333334
2000-03-13,0.7508781620213261,296.40000000000003,282.9875,1.2125000000000001,180.3625,0.86375,0.0075725,4.000000000000001,28.98333333333333,-99.51666663333334
2000-03-21,0.7637712642075283,305.0,289.0,0.21250000000000002,220.68750000000003,1.4975,0.011210000000000001,4.4,28.98333333333333,-99.51666663333334
2000-03-29,0.821803703718345,300.57500000000005,287.25,1.7375,227.07500000000002,1.3737499999999998,0.0083,4.2875000000000005,28.98333333333333,-99.51666663333334
2000-04-06,0.8290744583029812,300.725,286.8375,1.575,242.975,1.1624999999999999,0.00951625,4.4375,28.98333333333333,-99.51666663333334
2000-04-14,0.8290744583029812,304.97499999999997,289.375,0.0,266.27500000000003,1.525,0.011216249999999999,4.425,28.98333333333333,-99.51666663333334
2000-04-22,0.8290744583029812,306.59999999999997,289.47499999999997,0.0,275.71250000000003,1.9775,0.00972875,4.6625000000000005,28.98333333333333,-99.51666663333334
2000-04-30,0.8290744583029812,305.3375,292.42499999999995,2.3375,270.65,1.36375,0.013808750000000002,5.1875,28.98333333333333,-99.51666663333334
2000-05-08,0.8100819283854193,307.925,294.325,2.0375,275.32500000000005,1.79875,0.014450000000000001,4.7625,28.98333333333333,-99.51666663333334
2000-05-16,0.8971888261992171,306.31250000000006,293.25,1.6625,268.425,1.47,0.014347500000000001,4.7625,28.98333333333333,-99.51666663333334
2000-05-24,0.9100819283854191,308.3875,296.3875,1.8750000000000002,271.5375,1.7387500000000002,0.01614625,5.000000000000001,28.98333333333333,-99.51666663333334
2000-06-01,0.9681143678962361,306.42499999999995,296.05,3.9125000000000005,261.2,1.5812500000000003,0.015036250000000004,4.4125000000000005,28.98333333333333,-99.51666663333334
2000-06-09,0.978196296281655,304.96250000000003,295.4125,7.750000000000001,251.82500000000002,1.09875,0.01649625,5.5375000000000005,28.98333333333333,-99.51666663333334
2000-06-17,1.118992529917562,307.6625,295.8,2.5,288.5,1.52125,0.01643375,5.425,28.98333333333333,-99.51666663333334
2000-06-25,1.0971888261992173,309.775,295.0375,0.23750000000000002,326.26250000000005,1.9825,0.0152325,4.525,28.98333333333333,-99.51666663333334
2000-07-03,1.0971888261992173,310.76250000000005,294.84999999999997,0.0,342.63750000000005,2.285,0.0143275,5.0625,28.98333333333333,-99.51666663333334
2000-07-11,0.997188826199217,313.07500000000005,296.5,0.0,342.575,3.1950000000000003,0.0122225,3.9750000000000005,28.98333333333333,-99.51666663333334
2000-07-19,,312.175,296.5875,0.05,331.59999999999997,2.94375,0.012707500000000002,4.025,28.98333333333333,-99.51666663333334
2000-07-27,,310.16249999999997,296.16249999999997,0.36250000000000004,289.625,2.29875,0.0143,3.7875000000000005,28.98333333333333,-99.51666663333334
2000-08-04,,310.975,295.45,0.1,298.82500000000005,2.3675000000000006,0.0143575,5.2250000000000005,28.98333333333333,-99.51666663333334
2000-08-12,,311.4875,295.86249999999995,0.0,299.5625,2.7475000000000005,0.01281625,4.000000000000001,28.98333333333333,-99.51666663333334
2000-08-20,,310.4125,296.1125,0.3875,273.4375,2.3425000000000002,0.014250000000000002,4.2875000000000005,28.98333333333333,-99.51666663333334
2000-08-28,0.687106897813798,313.5,295.25,0.0,304.5875,3.1500000000000004,0.01235375,3.6875000000000004,28.98333333333333,-99.51666663333334
2000-09-05,0.687106897813798,312.4,295.5625,0.4625,277.5375,2.9974999999999996,0.01236125,3.6625000000000005,28.98333333333333,-99.51666663333334
2000-09-13,0.6000000000000001,307.675,291.47499999999997,0.5,254.18750000000006,1.82625,0.012588750000000003,3.1875,28.98333333333333,-99.51666663333334
2000-09-21,0.6000000000000001,305.8375,289.3,2.375,262.725,1.675,0.01180875,3.925,28.98333333333333,-99.51666663333334
2000-09-29,0.5971888261992172,306.25,290.675,0.125,235.0625,1.8512500000000003,0.01084125,3.8499999999999996,28.98333333333333,-99.51666663333334
2000-10-07,0.665303194095453,290.925,284.04999999999995,9.0875,105.725,0.4,0.008991250000000001,2.9375,28.98333333333333,-99.51666663333334
2000-10-15,0.7060994277313599,300.8375,293.0,3.85,147.65,0.9075000000000001,0.013348750000000001,3.8750000000000004,28.98333333333333,-99.51666663333334
2000-10-23,0.818992529917562,301.92499999999995,292.675,1.7750000000000001,157.7125,0.8925,0.014005000000000002,5.300000000000001,28.98333333333333,-99.51666663333334
2000-10-31,1.037985059835124,298.7125,287.525,7.775,129.1875,0.7550000000000001,0.010912500000000002,3.7875000000000005,28.98333333333333,-99.51666663333334
2000-11-08,1.20609942773136,291.325,278.8125,0.7625,115.32500000000003,0.54875,0.006293750000000001,3.225,28.98333333333333,-99.51666663333334
2000-11-16,1.2189925299175621,289.3125,279.225,8.2125,98.57500000000002,0.37500000000000006,0.006557500000000001,2.7250000000000005,28.98333333333333,-99.51666663333334
2000-11-24,1.208910601532143,294.34999999999997,282.28749999999997,0.0,145.8,0.6875,0.0073662499999999995,2.6125,28.98333333333333,-99.51666663333334
2000-12-02,1.021803703718345,286.8625,276.75,1.4125,108.7375,0.47875,0.0045962500000000005,2.325,28.98333333333333,-99.51666663333334
2000-12-10,0.950878162021326,289.8125,276.3625,0.7875,129.9,0.56,0.0053025,3.1125,28.98333333333333,-99.51666663333334
2000-12-18,0.9028111738007831,287.1875,275.125,0.9125000000000001,123.88750000000002,0.46625,0.0044912500000000005,3.6625000000000005,28.98333333333333,-99.51666663333334
2000-12-26,0.8318856321037642,284.5833333333333,273.68333333333334,1.2,118.56666666666666,0.3833333333333333,0.00387,3.5500000000000003,28.98333333333333,-99.51666663333334
2001-01-01,0.7000000000000002,288.475,275.38750000000005,0.05,121.08749999999999,0.61375,0.004208750000000001,2.6375,28.98333333333333,-99.51666663333334
2001-01-09,0.721803703718345,289.8875,278.65,4.075,105.9625,0.46875000000000006,0.006028750000000001,3.2375,28.98333333333333,-99.51666663333334
2001-01-17,0.7436074074366898,285.90000000000003,274.825,0.8750000000000001,115.36250000000001,0.36624999999999996,0.00459875,2.9499999999999997,28.98333333333333,-99.51666663333334
2001-01-25,0.872681865739671,291.04999999999995,281.575,0.42500000000000004,107.4625,0.58625,0.006423749999999999,3.7625,28.98333333333333,-99.51666663333334
2001-02-02,0.9754930395404539,293.35,279.76250000000005,0.0625,162.62500000000003,0.7087500000000001,0.006411250000000001,3.4625000000000004,28.98333333333333,-99.51666663333334
2001-02-10,1.091674395657233,292.4375,281.53749999999997,1.0500000000000003,146.78750000000002,0.5862499999999999,0.0075537500000000014,3.6374999999999997,28.98333333333333,-99.51666663333334
2001-02-18,1.210666925574795,296.9375,283.15,0.15000000000000002,178.2,0.8250000000000001,0.0083175,4.0249999999999995,28.98333333333333,-99.51666663333334
2001-02-26,1.269870691938888,293.9375,282.79999999999995,3.125,141.10000000000002,0.6025,0.0080675,2.9250000000000007,28.98333333333333,-99.51666663333334
2001-03-06,1.2508781620213263,295.91249999999997,283.41249999999997,1.1625,161.7375,0.84875,0.007482500000000001,3.45,28.98333333333333,-99.51666663333334
2001-03-14,1.3303537022158394,292.425,279.5625,1.9000000000000004,178.8,0.74125,0.00569125,3.6500000000000004,28.98333333333333,-99.51666663333334
2001-03-22,1.5218037037183447,294.2375,280.9875,1.0,169.75,0.64125,0.007663750000000001,4.1125,28.98333333333333,-99.51666663333334
2001-03-30,1.3447787342899662,302.95,289.3875,0.0,242.11249999999998,1.0925,0.012408750000000001,4.425000000000001,28.98333333333333,-99.51666663333334
2001-04-07,1.4011713268532766,304.72499999999997,292.13750000000005,0.0,241.1875,1.4250000000000003,0.0127475,4.8,28.98333333333333,-99.51666663333334
2001-04-15,1.1910893984678574,301.6625,289.5875,0.5875,221.0375,1.205,0.01153375,5.3375,28.98333333333333,-99.51666663333334
2001-04-23,1.2592037663640934,297.125,287.7125,2.7625,229.45,0.77125,0.009920000000000002,4.0125,28.98333333333333,-99.51666663333334
2001-05-01,1.3563925925633105,303.5625,292.3625,4.9625,240.93750000000003,1.03,0.0142775,5.0625,28.98333333333333,-99.51666663333334
2001-05-09,1.3882782246670744,303.53749999999997,291.425,0.375,260.25,1.15375,0.0131775,4.0125,28.98333333333333,-99.51666663333334
2001-05-17,1.3753851224808724,307.84999999999997,291.75,2.25,279.125,1.9162499999999998,0.012485,3.9,28.98333333333333,-99.51666663333334
2001-05-25,1.3535814187625275,308.98749999999995,294.65,0.8250000000000001,264.6625,1.9074999999999998,0.014712500000000002,4.887500000000001,28.98333333333333,-99.51666663333334
2001-06-02,1.2072707545846364,310.16249999999997,295.675,0.47500000000000003,312.55,2.1550000000000002,0.014993750000000002,4.7375,28.98333333333333,-99.51666663333334
2001-06-10,1.1753851224808725,310.15,296.47499999999997,0.8375,305.75,2.0775,0.01590375,4.612500000000001,28.98333333333333,-99.51666663333334
2001-07-04,1.0781962962816554,309.81250000000006,295.225,0.0,332.33750000000003,2.0625,0.014955000000000001,3.725,28.98333333333333,-99.51666663333334
2001-07-12,0.978196296281655,312.5875,296.4375,0.0,324.7375,2.70125,0.014673750000000001,4.375,28.98333333333333,-99.51666663333334
2001-07-20,0.8971888261992171,312.75000000000006,297.21250000000003,0.0,307.1125,2.8550000000000004,0.014328750000000001,4.7875000000000005,28.98333333333333,-99.51666663333334
2001-07-28,0.8100819283854193,311.5375,297.0375,0.1875,293.0375,2.5100000000000002,0.015005000000000001,4.7125,28.98333333333333,-99.51666663333334
2001-08-05,0.7971888261992172,312.325,297.2375,0.08750000000000001,301.1375,2.7775,0.014327500000000002,4.525,28.98333333333333,-99.51666663333334
2001-08-13,0.7971888261992172,312.1375,297.46250000000003,0.8625,276.18750000000006,2.71625,0.014651250000000001,3.925,28.98333333333333,-99.51666663333334
2001-08-21,0.7781962962816552,310.0875,296.02500000000003,4.175,269.35,1.9837500000000001,0.0162275,5.075,28.98333333333333,-99.51666663333334
2001-08-29,0.7971888261992172,303.2625,293.075,9.3,189.22500000000002,0.8475,0.0158975,3.375,28.98333333333333,-99.51666663333334
2001-09-06,0.8971888261992171,307.175,294.7,0.9625,254.95000000000002,1.4625,0.015806250000000004,3.9250000000000003,28.98333333333333,-99.51666663333334
2001-09-14,0.8971888261992171,307.775,293.03749999999997,0.2625,244.10000000000002,1.6225,0.014607500000000002,4.1875,28.98333333333333,-99.51666663333334
2001-09-22,0.9624920202946701,303.3875,288.5625,3.325,258.475,1.4537499999999999,0.010163750000000003,3.1250000000000004,28.98333333333333,-99.51666663333334
2001-09-30,0.9653031940954531,301.29999999999995,287.8875,0.175,206.5375,1.1662500000000002,0.0100725,3.9124999999999996,28.98333333333333,-99.51666663333334
2001-10-08,0.9624920202946701,303.725,289.95,1.9000000000000001,199.9875,1.2675,0.01210625,4.6125,28.98333333333333,-99.51666663333334
2001-10-16,0.8653031940954531,301.7,284.75000000000006,0.0,211.17500000000004,1.16125,0.00972,3.7625,28.98333333333333,-99.51666663333334
2001-10-24,0.7842957240130151,301.09999999999997,285.95000000000005,0.0,185.50000000000003,1.3625,0.00826375,4.4625,28.98333333333333,-99.51666663333334
2001-11-01,0.7524100919092509,301.84999999999997,288.325,0.0,149.7,1.305,0.00971875,3.525,28.98333333333333,-99.51666663333334
2001-11-09,0.684295724013015,298.42499999999995,288.4125,4.950000000000001,118.35,0.8362500000000002,0.010507500000000001,4.5125,28.98333333333333,-99.51666663333334
2001-11-17,0.6000000000000001,295.03749999999997,284.025,1.5125000000000002,118.325,0.6712500000000001,0.00849625,2.9875000000000003,28.98333333333333,-99.51666663333334
2001-11-25,0.6000000000000001,290.475,277.45000000000005,2.85,106.61250000000001,0.505,0.006193750000000001,3.4125,28.98333333333333,-99.51666663333334
2001-12-03,0.587106897813798,294.8625,283.3625,1.8625000000000003,108.65,0.59375,0.00885375,3.025000000000001,28.98333333333333,-99.51666663333334
2001-12-11,0.6000000000000001,292.5,279.93749999999994,0.7625000000000001,115.9875,0.6425,0.006305,3.0500000000000003,28.98333333333333,-99.51666663333334
2001-12-19,0.6000000000000001,290.625,276.6125,0.0,142.41250000000002,0.7424999999999999,0.0042775,2.8625000000000003,28.98333333333333,-99.51666663333334
2001-12-27,0.6000000000000001,288.94000000000005,276.24,0.0,142.06,0.744,0.0035280000000000008,2.9800000000000004,28.98333333333333,-99.51666663333334
2002-01-01,0.502811173800783,287.0125,273.98749999999995,0.1125,116.78750000000001,0.615,0.0034387500000000004,2.9875,28.98333333333333,-99.51666663333334
2002-01-09,0.502811173800783,294.575,278.11249999999995,0.0,140.225,0.965,0.00479875,2.9875,28.98333333333333,-99.51666663333334
2002-01-25,0.45368933582210896,295.1875,280.17499999999995,0.037500000000000006,140.4625,0.9325000000000001,0.006145,3.4875000000000007,28.98333333333333,-99.51666663333334
2002-02-02,0.5407962336359069,290.8125,275.875,0.5125000000000001,129.2375,0.7050000000000001,0.004517500000000001,2.937500000000001,28.98333333333333,-99.51666663333334
2002-02-10,0.450878162021326,292.275,275.4125,0.0,168.6125,0.965,0.0033787500000000002,3.0,28.98333333333333,-99.51666663333334
2002-02-18,0.450878162021326,299.27500000000003,278.87500000000006,0.0,195.3,1.4324999999999999,0.0047125,3.8250000000000006,28.98333333333333,-99.51666663333334
2002-02-26,0.450878162021326,288.29999999999995,272.3625,0.05,190.10000000000002,0.72375,0.00295,4.125000000000001,28.98333333333333,-99.51666663333334
2002-03-06,0.36987069193888794,298.26250000000005,282.0125,0.0,187.73750000000004,1.3375000000000001,0.00569375,4.4,28.98333333333333,-99.51666663333334
2002-03-14,0.350878162021326,302.52500000000003,287.0875,1.0875000000000001,196.05,1.635,0.00813875,4.2250000000000005,28.98333333333333,-99.51666663333334
2002-03-22,0.44079623363590686,299.5,284.325,0.0,202.01250000000002,1.3625000000000003,0.0072525,4.175000000000001,28.98333333333333,-99.51666663333334
2002-03-30,0.518992529917562,297.06250000000006,287.3875,0.7375,173.7875,1.01375,0.00858125,4.925000000000001,28.98333333333333,-99.51666663333334
2002-04-07,0.7000000000000002,303.25,290.725,4.225,246.475,1.25,0.012013750000000002,4.3,28.98333333333333,-99.51666663333334
2002-04-15,0.8971888261992171,306.725,292.825,0.8875000000000001,257.42500000000007,1.44375,0.014565000000000002,5.1625,28.98333333333333,-99.51666663333334
2002-04-23,0.9290744583029811,309.8125,293.5,0.07500000000000001,262.9,2.2,0.013261249999999999,4.762499999999999,28.98333333333333,-99.51666663333334
2002-05-01,1.0781962962816554,310.9125,295.43749999999994,0.05,277.7375,2.6300000000000003,0.012766250000000003,5.1125,28.98333333333333,-99.51666663333334
2002-05-09,1.0491218379786742,306.1625,292.825,0.4,244.18749999999997,1.8387499999999999,0.012035000000000002,5.7625,28.98333333333333,-99.51666663333334
2002-05-17,1.0434994903771082,301.55,290.5375,3.25,268.0375,0.9750000000000001,0.012622500000000002,5.825000000000001,28.98333333333333,-99.51666663333334
2002-05-25,0.8781962962816552,306.72499999999997,293.6,1.5125000000000002,275.4875,1.51875,0.014452500000000002,4.575,28.98333333333333,-99.51666663333334
2002-06-02,0.8781962962816552,308.34999999999997,295.5125,0.1375,260.0,1.8262500000000004,0.015128750000000003,5.050000000000001,28.98333333333333,-99.51666663333334
2002-06-10,0.8781962962816552,311.02500000000003,296.76250000000005,0.1125,295.5875,2.4237499999999996,0.014822500000000002,5.212500000000001,28.98333333333333,-99.51666663333334
2002-06-18,0.8781962962816552,310.0125,295.48749999999995,0.0,304.00000000000006,2.3200000000000003,0.01365625,5.175,28.98333333333333,-99.51666663333334
2002-06-26,0.9072707545846361,303.81249999999994,294.95,23.9875,197.975,1.0100000000000002,0.0162225,4.3625,28.98333333333333,-99.51666663333334
2002-07-04,1.1463106641778913,305.6375,296.34999999999997,8.625,266.56250000000006,1.12125,0.01738,3.8625000000000003,28.98333333333333,-99.51666663333334
2002-07-12,1.2434994903771082,305.375,295.97499999999997,14.5875,245.41250000000002,1.0987500000000001,0.017205,3.9125,28.98333333333333,-99.51666663333334
2002-07-20,1.5524100919092512,308.7875,295.08750000000003,0.05,327.21250000000003,1.57,0.016827500000000002,4.550000000000001,28.98333333333333,-99.51666663333334
2002-07-28,1.584295724013015,309.3875,295.65,0.7125,313.5375,1.70875,0.01684,4.75,28.98333333333333,-99.51666663333334
2002-08-05,1.6306063881909063,307.46250000000003,297.72499999999997,2.15,222.8125,1.6625,0.016351249999999998,3.2875000000000005,28.98333333333333,-99.51666663333334
2002-08-13,1.2290744583029811,309.075,295.78749999999997,0.15000000000000002,287.40000000000003,1.6125000000000003,0.017205,5.875,28.98333333333333,-99.51666663333334
2002-08-21,1.2000000000000002,310.95,295.4875,0.037500000000000006,307.6625,2.0875,0.01607625,4.3500000000000005,28.98333333333333,-99.51666663333334
2002-08-29,1.289918071614581,307.725,296.3875,1.075,227.9125,1.67,0.015833750000000004,3.425,28.98333333333333,-99.51666663333334
2002-09-06,1.487106897813798,303.21250000000003,291.725,17.525000000000002,171.56250000000003,0.9062500000000001,0.014901250000000003,2.4625,28.98333333333333,-99.51666663333334
2002-09-14,1.5770249694283789,305.0625,292.7375,1.8375000000000001,232.51250000000002,1.16625,0.01490625,3.0,28.98333333333333,-99.51666663333334
2002-09-22,1.5669430410429597,305.23749999999995,290.21250000000003,0.0,266.1625,1.5975000000000001,0.011208750000000002,3.1374999999999997,28.98333333333333,-99.51666663333334
2002-09-30,1.545139337324615,305.6875,294.5,0.47500000000000003,211.52500000000003,1.18875,0.01606,4.2875,28.98333333333333,-99.51666663333334
2002-10-08,1.526146807407053,298.43749999999994,287.8125,5.85,159.8375,0.6475000000000001,0.01175625,2.9125,28.98333333333333,-99.51666663333334
2002-10-16,1.52333563360627,299.09999999999997,289.575,5.300000000000001,160.64999999999998,0.6912499999999999,0.012285000000000003,3.5625,28.98333333333333,-99.51666663333334
2002-10-24,1.439039909593255,296.86249999999995,289.0125,10.087500000000002,136.5375,0.4425,0.012220000000000002,3.0124999999999997,28.98333333333333,-99.51666663333334
2002-11-01,1.3871068978137981,294.37500000000006,282.34999999999997,3.1125000000000003,125.7875,0.60875,0.007898750000000001,3.2,28.98333333333333,-99.51666663333334
2002-11-09,1.2971888261992173,296.42499999999995,282.125,0.15000000000000002,163.425,0.9862500000000001,0.006761250000000001,2.8125000000000004,28.98333333333333,-99.51666663333334
2002-11-17,1.239039909593255,295.46250000000003,278.6625,0.0,156.93750000000003,0.8987499999999998,0.00571,2.9000000000000004,28.98333333333333,-99.51666663333334
2002-11-25,0.9491218379786741,290.47499999999997,277.9625,0.5125,109.8125,0.565,0.00561,2.8125000000000004,28.98333333333333,-99.51666663333334
2002-12-03,0.7810074700824381,289.375,277.325,1.75,99.15,0.35750000000000004,0.0065075,2.7750000000000004,28.98333333333333,-99.51666663333334
2002-12-11,0.8,294.7875,278.90000000000003,0.325,142.70000000000002,0.735,0.0065525,2.6374999999999997,28.98333333333333,-99.51666663333334
2002-12-19,0.7810074700824381,291.2375,276.425,0.65,134.07500000000002,0.6187499999999999,0.005300000000000001,3.6500000000000004,28.98333333333333,-99.51666663333334
2002-12-27,0.7810074700824381,294.90000000000003,280.18,0.24000000000000005,141.62,0.9,0.005854000000000001,3.3200000000000003,28.98333333333333,-99.51666663333334
2003-01-01,0.6810074700824382,292.83750000000003,277.6125,0.0,135.6875,0.82875,0.004732500000000001,2.6625,28.98333333333333,-99.51666663333334
2003-01-09,0.6157042759869852,288.8125,276.4125,2.1750000000000003,105.9375,0.505,0.0051600000000000005,2.8125,28.98333333333333,-99.51666663333334
2003-01-17,0.6447787342899662,289.05,274.96250000000003,0.0,138.5125,0.61875,0.00457875,2.8375000000000004,28.98333333333333,-99.51666663333334
2003-01-25,0.6475899080907492,292.0625,278.46250000000003,0.22500000000000003,134.1125,0.5537500000000001,0.006396250000000001,2.6125,28.98333333333333,-99.51666663333334
2003-02-02,0.7536893358221091,289.9625,279.0125,2.2750000000000004,129.88750000000002,0.5962500000000001,0.00573625,3.3375000000000004,28.98333333333333,-99.51666663333334
2003-02-10,0.7665824380083113,293.90000000000003,281.79999999999995,0.95,168.8375,0.65875,0.007475000000000001,3.6125000000000003,28.98333333333333,-99.51666663333334
2003-02-18,0.788386141726656,291.15,278.15000000000003,2.5125,150.73749999999998,0.5,0.00646125,3.9125000000000005,28.98333333333333,-99.51666663333334
2003-02-26,0.8085499984974943,292.8375,280.35,0.6375000000000001,166.65,0.47625,0.0076162500000000015,3.3875000000000006,28.98333333333333,-99.51666663333334
2003-03-06,0.9665824380083111,299.2124999999999,285.88750000000005,0.07500000000000001,192.52500000000003,0.845,0.0100525,3.1125,28.98333333333333,-99.51666663333334
2003-03-14,1.1419675604891835,297.5125,284.15,1.5125,201.3,1.03,0.007570000000000001,4.0375000000000005,28.98333333333333,-99.51666663333334
2003-03-22,1.2318856321037641,295.07499999999993,281.7375,1.7875,197.48749999999998,0.8537500000000001,0.006920000000000001,3.7500000000000004,28.98333333333333,-99.51666663333334
2003-03-30,1.3100819283854193,298.8375,284.2125,0.0,253.62500000000003,0.9800000000000001,0.00901,3.9875000000000007,28.98333333333333,-99.51666663333334
2003-04-07,1.2100819283854194,298.15000000000003,285.3125,0.275,251.55,0.9837499999999999,0.008598750000000002,4.425000000000001,28.98333333333333,-99.51666663333334
2003-04-15,1.268114367896236,303.375,290.825,0.2,241.32499999999996,1.3749999999999998,0.0114025,4.7250000000000005,28.98333333333333,-99.51666663333334
2003-04-23,1.2781962962816553,305.9375,291.8375,0.0,270.77500000000003,1.80625,0.011195,4.5625,28.98333333333333,-99.51666663333334
2003-05-01,1.268114367896236,309.1375,294.4875,0.0625,272.1,1.675,0.0162775,4.275,28.98333333333333,-99.51666663333334
2003-05-09,1.1971888261992172,309.05,294.825,0.05,280.2625,1.7862500000000001,0.015662500000000003,5.125,28.98333333333333,-99.51666663333334
2003-05-17,1.1971888261992172,305.9,293.51250000000005,0.15000000000000002,266.725,1.69875,0.012757500000000001,4.525,28.98333333333333,-99.51666663333334
2003-05-25,1.1971888261992172,305.3625,293.71250000000003,1.4000000000000001,265.125,1.4375,0.0141125,3.4375,28.98333333333333,-99.51666663333334
2003-06-02,1.2781962962816553,308.70000000000005,294.175,4.3875,309.20000000000005,1.8599999999999999,0.014596250000000002,4.4625,28.98333333333333,-99.51666663333334
2003-06-10,1.3971888261992174,305.95,295.1,6.862500000000001,292.30000000000007,1.0699999999999998,0.01733625,3.900000000000001,28.98333333333333,-99.51666663333334
2003-06-18,1.516181356116779,308.25,294.53749999999997,1.1750000000000003,303.25,1.5274999999999999,0.016358750000000002,4.75,28.98333333333333,-99.51666663333334
2003-06-26,1.487106897813798,307.4375,296.28749999999997,2.4875000000000003,242.01250000000005,1.6687499999999997,0.015531250000000002,3.3499999999999996,28.98333333333333,-99.51666663333334
2003-07-04,1.503288253930577,304.35,295.05,8.525,250.57500000000002,0.8200000000000001,0.01753625,4.512500000000001,28.98333333333333,-99.51666663333334
2003-07-12,1.784295724013015,306.675,294.95,8.65,307.90000000000003,1.2775,0.016598750000000002,4.15,28.98333333333333,-99.51666663333334
2003-07-20,1.781484550212232,308.15,295.175,0.1,324.475,1.4037500000000003,0.0172825,4.4,28.98333333333333,-99.51666663333334
2003-07-28,1.713370182315996,309.075,294.1875,0.1125,322.625,1.60375,0.01647875,4.1,28.98333333333333,-99.51666663333334
2003-08-05,1.713370182315996,310.6125,295.87499999999994,0.9750000000000001,276.46250000000003,2.0925000000000002,0.01611875,3.3249999999999997,28.98333333333333,-99.51666663333334
2003-08-13,1.494377652398434,307.51250000000005,294.91249999999997,0.28750000000000003,257.65000000000003,1.5775000000000001,0.015575000000000004,4.0375000000000005,28.98333333333333,-99.51666663333334
2003-08-21,1.481484550212232,308.6375,296.4875,0.1875,243.5,1.8825,0.015493750000000002,3.575,28.98333333333333,-99.51666663333334
2003-08-29,1.3943776523984344,305.22499999999997,295.11249999999995,5.6375,203.57500000000002,1.23625,0.01575125,2.775,28.98333333333333,-99.51666663333334
2003-09-06,1.4463106641778911,306.8625,292.8625,5.3875,279.6125,1.4212500000000001,0.014842500000000002,4.1375,28.98333333333333,-99.51666663333334
2003-09-14,1.436228735792472,302.1125,292.525,5.725,201.40000000000003,0.7725,0.014882500000000003,3.5875000000000004,28.98333333333333,-99.51666663333334
2003-09-22,1.465303194095453,302.9,291.65,2.4250000000000003,217.80000000000004,0.91125,0.014205000000000002,3.2875000000000005,28.98333333333333,-99.51666663333334
2003-09-30,1.4463106641778911,302.48749999999995,290.125,0.17500000000000002,209.9,1.06,0.012520000000000002,3.8625000000000003,28.98333333333333,-99.51666663333334
2003-10-08,1.3653031940954532,298.725,289.3375,8.075000000000001,128.82500000000002,0.43125,0.013416250000000003,2.8375000000000004,28.98333333333333,-99.51666663333334
2003-10-16,1.336228735792472,302.58750000000003,288.51249999999993,0.0,211.85000000000002,1.2475,0.01068375,2.1250000000000004,28.98333333333333,-99.51666663333334
2003-10-24,1.168114367896236,300.975,284.7,0.6875,178.66250000000002,1.0675000000000001,0.009671250000000001,3.5374999999999996,28.98333333333333,-99.51666663333334
2003-11-01,0.9491218379786741,299.36249999999995,289.55,0.925,126.36250000000001,0.76,0.012078750000000001,4.425000000000001,28.98333333333333,-99.51666663333334
2003-11-09,0.7781962962816552,297.8375,286.9875,0.225,131.01250000000002,0.755,0.010270000000000001,3.6625000000000005,28.98333333333333,-99.51666663333334
2003-11-17,0.7128931021862022,294.8875,280.975,0.9750000000000001,151.55,0.9049999999999999,0.00623125,3.6375,28.98333333333333,-99.51666663333334
2003-11-25,0.6028111738007831,293.16249999999997,277.4375,0.08750000000000001,135.16250000000002,0.77125,0.0054712499999999996,3.2125,28.98333333333333,-99.51666663333334
2003-12-03,0.5157042759869851,294.1125,278.3625,0.0,129.8625,0.9362499999999999,0.0050325000000000005,3.3625000000000003,28.98333333333333,-99.51666663333334
2003-12-11,0.5056223476015659,293.275,274.6375,0.0,135.75,0.9550000000000001,0.00378125,3.3000000000000003,28.98333333333333,-99.51666663333334
2003-12-19,0.40562234760156596,294.25,276.0875,0.0,145.41250000000002,0.90375,0.0047,3.0875000000000004,28.98333333333333,-99.51666663333334
2003-12-27,0.402811173800783,293.15999999999997,278.34000000000003,0.0,124.02000000000002,0.8320000000000001,0.005282,3.6399999999999997,28.98333333333333,-99.51666663333334
2004-01-01,0.25650050962289195,293.6125,281.075,0.05,111.7125,0.8237500000000001,0.006523750000000001,3.3625,28.98333333333333,-99.51666663333334
2004-01-09,0.3565005096228919,293.0625,281.88750000000005,2.75,106.15,0.6699999999999998,0.0068787499999999994,3.2875000000000005,28.98333333333333,-99.51666663333334
2004-01-17,0.4274260513199108,289.4375,279.675,1.35,103.11250000000001,0.45125000000000004,0.006245,3.4125000000000005,28.98333333333333,-99.51666663333334
2004-01-25,0.388386141726656,291.6625,277.825,0.1,152.06250000000003,0.72875,0.005002500000000001,3.6000000000000005,28.98333333333333,-99.51666663333334
2004-02-02,0.4073786716442179,292.0875,279.55,0.575,158.175,0.73875,0.005525,3.7500000000000004,28.98333333333333,-99.51666663333334
2004-02-10,0.47549303954045385,289.2625,276.975,0.5,146.5375,0.55125,0.00505375,3.3375000000000004,28.98333333333333,-99.51666663333334
2004-02-18,0.4726818657396709,295.5125,280.9125,2.9000000000000004,165.16250000000002,0.8737500000000001,0.006643750000000001,4.2250000000000005,28.98333333333333,-99.51666663333334
2004-02-26,0.521803703718345,295.72499999999997,283.8625,0.4,157.81250000000003,0.7925,0.00816375,4.575000000000001,28.98333333333333,-99.51666663333334
2004-03-05,0.58276379412509,297.225,283.9125,3.7125000000000004,182.55,1.2225,0.0059900000000000005,3.9125,28.98333333333333,-99.51666663333334
2004-03-13,0.8452558144197602,299.2,287.73750000000007,2.9625,196.15000000000003,0.73375,0.011462500000000002,3.8375000000000004,28.98333333333333,-99.51666663333334
2004-03-21,1.1452558144197602,299.83750000000003,287.5375,0.1,188.3125,0.8712500000000001,0.010935,5.687500000000002,28.98333333333333,-99.51666663333334
2004-03-29,1.587106897813798,297.53749999999997,287.15,11.850000000000001,201.54999999999998,0.7837500000000001,0.009801250000000001,3.65,28.98333333333333,-99.51666663333334
2004-04-06,1.8842957240130151,296.51250000000005,285.77500000000003,2.7750000000000004,231.01250000000002,0.7899999999999999,0.009205000000000001,3.3375000000000004,28.98333333333333,-99.51666663333334
2004-04-14,1.981484550212232,300.5875,286.2875,0.0,257.9625,0.87375,0.01095625,4.925000000000001,28.98333333333333,-99.51666663333334
2004-04-22,2.1306063881909063,300.975,290.27500000000003,7.562500000000001,233.87500000000003,0.8725,0.01256625,4.3875,28.98333333333333,-99.51666663333334
2004-04-30,2.043499490377108,298.05000000000007,287.9125,3.0625000000000004,282.77500000000003,0.6325000000000001,0.011477500000000002,4.3500000000000005,28.98333333333333,-99.51666663333334
2004-05-08,2.0277952143901232,301.28749999999997,292.275,2.2125,248.50000000000003,0.57125,0.0154425,5.2250000000000005,28.98333333333333,-99.51666663333334
2004-05-16,1.959680846493887,304.65,292.41249999999997,0.0,288.925,1.07875,0.01488125,5.8500000000000005,28.98333333333333,-99.51666663333334
2004-05-24,1.959680846493887,309.7125,295.7875,0.05,292.35,2.27625,0.013840000000000002,4.8375,28.98333333333333,-99.51666663333334
2004-06-01,2.049598918108468,307.8125,294.34999999999997,3.3500000000000005,298.25,1.84,0.014287500000000002,5.9,28.98333333333333,-99.51666663333334
2004-06-09,1.5201638567708384,306.36249999999995,294.225,1.8250000000000002,311.55,1.045,0.017445000000000002,5.5375000000000005,28.98333333333333,-99.51666663333334
2004-06-17,1.6781962962816552,306.2375,294.4875,9.9625,295.48749999999995,1.2824999999999998,0.01604875,4.237500000000001,28.98333333333333,-99.51666663333334
2004-06-25,1.618992529917562,303.275,295.1625,13.3375,255.1125,0.6562500000000001,0.017731250000000004,3.8249999999999997,28.98333333333333,-99.51666663333334
2004-07-03,1.959680846493887,307.2,294.575,0.0,330.5,1.205,0.017251250000000003,5.1625000000000005,28.98333333333333,-99.51666663333334
2004-07-11,1.8943776523984344,307.28749999999997,293.85,0.3,320.23749999999995,1.65875,0.014293750000000003,3.6000000000000005,28.98333333333333,-99.51666663333334
2004-07-19,1.687106897813798,307.7625,295.725,1.05,293.95000000000005,1.6225000000000003,0.015861250000000004,4.4375,28.98333333333333,-99.51666663333334
2004-07-27,1.468114367896236,308.5125,296.7875000000001,2.3625000000000003,289.95000000000005,1.7875,0.016103750000000003,3.4375,28.98333333333333,-99.51666663333334
2004-08-04,1.3608436133116,309.0125,295.9875,1.0125,279.425,1.96875,0.015081250000000003,3.0625000000000004,28.98333333333333,-99.51666663333334
2004-08-12,1.358032439510817,306.54999999999995,292.5875,0.525,282.08750000000003,1.78625,0.012203750000000003,4.5875,28.98333333333333,-99.51666663333334
2004-08-20,1.358032439510817,308.6875,295.43749999999994,5.4750000000000005,282.70000000000005,1.5325000000000002,0.017185000000000002,5.1375,28.98333333333333,-99.51666663333334
2004-08-28,1.358032439510817,304.6125,294.25,5.3375,219.67500000000004,1.095,0.015613750000000003,3.0250000000000004,28.98333333333333,-99.51666663333334
2004-09-05,1.594261175303289,305.03749999999997,293.40000000000003,1.425,220.50000000000003,1.39375,0.013722500000000002,2.9000000000000004,28.98333333333333,-99.51666663333334
2004-09-13,1.672457471584944,307.7,293.7375,0.6375,250.37500000000003,1.4850000000000003,0.015607500000000002,4.325000000000001,28.98333333333333,-99.51666663333334
2004-09-21,1.433417561991689,304.55,292.53749999999997,1.7000000000000004,196.95000000000002,1.275,0.01359,2.9625000000000004,28.98333333333333,-99.51666663333334
2004-09-29,1.3914500015025058,303.35,292.975,2.45,196.95000000000002,1.0025,0.014617500000000002,3.7000000000000006,28.98333333333333,-99.51666663333334
2004-10-07,1.2914500015025059,301.575,290.925,1.8750000000000002,198.20000000000005,1.0037500000000001,0.012373750000000001,2.7624999999999997,28.98333333333333,-99.51666663333334
2004-10-15,1.1233356336062699,306.0875,290.38750000000005,0.08750000000000001,207.53750000000002,1.4687500000000002,0.013087500000000002,2.6500000000000004,28.98333333333333,-99.51666663333334
2004-10-23,1.0451393373246147,304.725,293.43750000000006,0.2,169.73749999999998,1.07625,0.0153825,4.45,28.98333333333333,-99.51666663333334
2004-10-31,0.9770249694283787,297.6625,282.275,2.2625,171.75,1.02,0.007345,3.0125,28.98333333333333,-99.51666663333334
2004-11-08,0.8899180716145809,294.51250000000005,283.125,6.375,111.51250000000002,0.54625,0.00888125,3.875000000000001,28.98333333333333,-99.51666663333334
2004-11-16,0.7798361432291617,297.625,287.275,8.775000000000002,110.23750000000001,0.52125,0.011512499999999998,3.175,28.98333333333333,-99.51666663333334
2004-11-24,0.6927292454153638,294.15,278.775,0.0,145.8125,0.7012499999999999,0.006495000000000001,3.4000000000000004,28.98333333333333,-99.51666663333334
2004-12-02,0.624614877519128,295.8625,281.20000000000005,0.35000000000000003,113.18750000000001,0.9375,0.006443750000000001,2.425,28.98333333333333,-99.51666663333334
2004-12-10,0.624614877519128,291.4625,275.27500000000003,0.0,137.5625,0.8325,0.0039525,2.8375,28.98333333333333,-99.51666663333334
2004-12-18,0.624614877519128,289.125,272.4625,0.037500000000000006,139.375,0.7487499999999999,0.0033262500000000006,2.9750000000000005,28.98333333333333,-99.51666663333334
2004-12-26,0.5246148775191278,294.43333333333334,279.9166666666667,0.0,137.80000000000004,0.7650000000000001,0.006663333333333334,3.6833333333333336,28.98333333333333,-99.51666663333334
2005-01-01,0.3475899080907492,295.65,283.9,0.25,120.31250000000003,0.67375,0.0087,4.1000000000000005,28.98333333333333,-99.51666663333334
2005-01-09,0.3346968059045471,293.0,279.3625,0.0,140.85,0.7562500000000001,0.0060475,3.4625000000000004,28.98333333333333,-99.51666663333334
2005-01-17,0.45040108189153216,290.2125,277.625,0.05,127.26250000000002,0.70875,0.004745,2.9625000000000004,28.98333333333333,-99.51666663333334
2005-01-25,0.44758990809074917,291.95000000000005,280.5,4.8875,106.48750000000001,0.56,0.006897500000000001,2.9375000000000004,28.98333333333333,-99.51666663333334
2005-02-02,0.502811173800783,289.7125,280.83750000000003,0.9125000000000001,126.7,0.40875,0.006977500000000001,2.5875000000000004,28.98333333333333,-99.51666663333334
2005-02-10,0.5548606626753854,293.30000000000007,283.4,0.47500000000000003,139.7125,0.8075000000000001,0.00674,3.4000000000000004,28.98333333333333,-99.51666663333334
2005-02-18,0.6548606626753855,295.15,284.95000000000005,4.3374999999999995,145.96250000000003,0.6349999999999999,0.00924,3.5500000000000003,28.98333333333333,-99.51666663333334
2005-02-26,0.7447787342899663,294.61249999999995,282.15,4.6375,166.81250000000003,0.7024999999999999,0.007517500000000001,2.9250000000000003,28.98333333333333,-99.51666663333334
2005-03-06,0.8738531925929474,298.33750000000003,283.1375,0.275,207.875,1.14,0.006978750000000001,3.25,28.98333333333333,-99.51666663333334
2005-03-14,1.0419675604891834,295.25,280.9375,0.35000000000000003,185.36250000000004,0.845,0.006792500000000001,3.3125000000000004,28.98333333333333,-99.51666663333334
2005-03-22,1.3100819283854193,299.92499999999995,282.95,2.4625000000000004,225.375,1.2675,0.007153750000000001,3.6125,28.98333333333333,-99.51666663333334
2005-03-30,1.5,298.9875,283.68749999999994,0.0,252.35000000000002,1.13875,0.007711250000000001,3.9125000000000005,28.98333333333333,-99.51666663333334
2005-04-07,1.5781962962816554,301.95000000000005,284.925,0.375,265.15000000000003,1.56125,0.00711125,3.8125000000000004,28.98333333333333,-99.51666663333334
2005-04-15,1.5753851224808724,302.56249999999994,287.5375,0.1125,210.4875,1.01125,0.011961250000000001,5.275,28.98333333333333,-99.51666663333334
2005-04-23,1.665303194095453,303.03749999999997,286.70000000000005,0.08750000000000001,246.6375,1.8450000000000002,0.007051250000000001,4.25,28.98333333333333,-99.51666663333334
2005-05-01,1.6624920202946702,299.475,287.3125,2.1875,230.85000000000002,0.9125,0.010295000000000002,5.637499999999999,28.98333333333333,-99.51666663333334
2005-05-09,1.6524100919092513,304.34999999999997,291.375,3.45,259.8125,1.09,0.014142500000000002,5.2875000000000005,28.98333333333333,-99.51666663333334
2005-05-17,1.7524100919092511,307.28749999999997,292.25,0.0,290.27500000000003,1.71625,0.013163750000000002,3.8249999999999997,28.98333333333333,-99.51666663333334
2005-05-25,1.8205244598054868,306.4125000000001,294.625,6.0375,277.875,1.5262499999999999,0.014662499999999998,4.0125,28.98333333333333,-99.51666663333334
2005-06-02,1.6714026218268132,308.47499999999997,294.875,0.875,328.025,1.435,0.01722,5.3375,28.98333333333333,-99.51666663333334
2005-06-10,1.6714026218268132,308.425,294.7875,0.0,336.1625,1.6525,0.015765,5.025,28.98333333333333,-99.51666663333334
2005-06-18,1.593206325545158,308.4375,294.75,0.0,336.26250000000005,2.15375,0.012680000000000002,4.4625,28.98333333333333,-99.51666663333334
2005-06-26,1.40609942773136,310.42499999999995,294.6375,0.0,335.25,2.255,0.0141925,4.5875,28.98333333333333,-99.51666663333334
2005-07-04,1.287106897813798,312.38750000000005,296.175,0.36250000000000004,335.3375000000001,2.8462500000000004,0.013413750000000002,3.9750000000000005,28.98333333333333,-99.51666663333334
2005-07-12,1.20609942773136,308.8625,296.12500000000006,1.825,294.51250000000005,1.7,0.016698750000000005,5.112500000000001,28.98333333333333,-99.51666663333334
2005-07-20,1.135173886034341,308.15,295.125,0.9625000000000001,277.45000000000005,1.44625,0.016966250000000002,4.9125000000000005,28.98333333333333,-99.51666663333334
2005-07-28,1.1842957240130152,308.775,296.3,3.1625,273.95,1.95,0.015086250000000002,3.3000000000000007,28.98333333333333,-99.51666663333334
2005-08-05,1.0971888261992173,307.93749999999994,295.5125,4.65,240.0625,1.5862500000000002,0.0161275,4.0,28.98333333333333,-99.51666663333334
2005-08-13,1.0681143678962361,309.8,295.0125,1.1375000000000002,283.8875,1.7699999999999998,0.01656625,5.625000000000001,28.98333333333333,-99.51666663333334
2005-08-21,0.997188826199217,311.1375,296.575,0.25,285.925,2.3475,0.01527,3.7,28.98333333333333,-99.51666663333334
2005-08-29,1.055221265710034,310.11250000000007,296.875,0.05,240.525,2.4725,0.0135425,3.5,28.98333333333333,-99.51666663333334
2005-09-06,1.055221265710034,307.1,294.21250000000003,2.7250000000000005,227.8375,1.66375,0.01421625,4.175000000000001,28.98333333333333,-99.51666663333334
2005-09-14,1.036228735792472,309.6375,293.425,0.0,278.9875,1.7137499999999999,0.01598625,4.525000000000001,28.98333333333333,-99.51666663333334
2005-09-22,1.033417561991689,311.875,294.8125,0.0,262.7125,2.97625,0.01135875,2.925,28.98333333333333,-99.51666663333334
2005-09-30,0.9653031940954531,305.4125,292.3125,0.36250000000000004,157.50000000000003,1.60875,0.01267625,4.55,28.98333333333333,-99.51666663333334
2005-10-08,0.9552212657100339,301.3,288.46250000000003,7.1875,162.10000000000002,1.0325000000000002,0.011153750000000002,2.9125,28.98333333333333,-99.51666663333334
2005-10-16,0.9653031940954531,302.9375,287.9625,0.125,197.5875,1.3175000000000001,0.010355000000000001,2.9125,28.98333333333333,-99.51666663333334
2005-10-24,0.9653031940954531,297.2,282.95000000000005,0.7125,149.3625,0.9712500000000002,0.00745375,3.8000000000000007,28.98333333333333,-99.51666663333334
2005-11-01,0.9653031940954531,300.9,283.85,0.0,168.66250000000002,1.2325000000000002,0.008345,3.1250000000000004,28.98333333333333,-99.51666663333334
2005-11-09,0.8781962962816552,301.75,287.0125,0.0,142.0125,1.2787499999999998,0.009867500000000001,3.6375,28.98333333333333,-99.51666663333334
2005-11-17,0.7653031940954531,294.61249999999995,277.84999999999997,0.0,131.375,1.2737500000000002,0.0031450000000000002,2.7125,28.98333333333333,-99.51666663333334
2005-11-25,0.668114367896236,296.2875,279.42499999999995,0.4625,146.45000000000002,1.1375000000000002,0.005065000000000001,3.4750000000000005,28.98333333333333,-99.51666663333334
2005-12-03,0.5,290.33750000000003,274.525,0.1125,135.07500000000002,0.77125,0.00417,2.8125000000000004,28.98333333333333,-99.51666663333334
2005-12-11,0.568114367896236,290.51249999999993,276.7375,0.55,106.28750000000001,0.6512500000000001,0.0048525,3.0875000000000004,28.98333333333333,-99.51666663333334
2005-12-19,0.4810074700824381,293.45000000000005,277.2625,0.0,136.51250000000002,0.9774999999999999,0.00411375,2.9375,28.98333333333333,-99.51666663333334
2005-12-27,0.4810074700824381,299.18,281.21999999999997,0.0,149.76,1.6039999999999999,0.004042000000000001,2.72,28.98333333333333,-99.51666663333334
2006-01-01,0.42461487751912785,299.625,277.9875,0.0,142.13750000000002,1.665,0.0034412500000000007,2.8875,28.98333333333333,-99.51666663333334
2006-01-09,0.42461487751912785,296.41249999999997,277.2625,0.0,135.75,1.1325,0.004606250000000001,3.1,28.98333333333333,-99.51666663333334
2006-01-17,0.43750797970532995,294.0,276.8,0.125,127.92500000000001,0.8925000000000002,0.00483875,3.4499999999999997,28.98333333333333,-99.51666663333334
2006-01-25,0.4565005096228919,297.05000000000007,280.21250000000003,0.41250000000000003,142.9875,1.0925000000000002,0.00574,3.7625000000000006,28.98333333333333,-99.51666663333334
2006-02-02,0.4593116834236749,295.8125,277.0,0.0,177.72500000000002,1.31375,0.00309375,3.6125,28.98333333333333,-99.51666663333334
2006-02-10,0.4565005096228919,295.325,276.28749999999997,0.05,164.6875,1.1600000000000001,0.004150000000000001,3.7500000000000004,28.98333333333333,-99.51666663333334
2006-02-18,0.4654111111550347,294.42499999999995,280.7,0.4,147.65000000000003,0.8212499999999999,0.006877500000000001,3.9500000000000006,28.98333333333333,-99.51666663333334
2006-02-26,0.4654111111550347,300.38750000000005,284.475,0.0,193.50000000000003,1.2225,0.0083325,4.1625000000000005,28.98333333333333,-99.51666663333334
2006-03-06,0.45368933582210896,304.075,288.36249999999995,0.07500000000000001,210.8625,2.0775,0.006638750000000001,4.0625,28.98333333333333,-99.51666663333334
2006-03-14,0.4726818657396709,300.71250000000003,287.575,0.9500000000000001,201.25000000000003,1.46375,0.00799125,4.925000000000001,28.98333333333333,-99.51666663333334
2006-03-22,0.5407962336359069,295.7125,282.375,0.625,197.96250000000003,0.8525,0.00743375,4.725,28.98333333333333,-99.51666663333334
2006-03-30,0.637985059835124,306.9125,290.4875,0.037500000000000006,247.53750000000002,1.7175,0.0120475,4.4750000000000005,28.98333333333333,-99.51666663333334
2006-04-07,0.7189925299175621,302.52500000000003,287.15000000000003,0.0,248.78750000000002,1.5574999999999999,0.00835375,4.7124999999999995,28.98333333333333,-99.51666663333334
2006-04-15,0.7480669882205431,308.2875,292.48749999999995,1.9375000000000002,253.5,1.97875,0.01281375,3.9250000000000003,28.98333333333333,-99.51666663333334
2006-04-23,0.8,305.0375000000001,292.3125,0.3125,257.08750000000003,1.59625,0.012055,4.750000000000001,28.98333333333333,-99.51666663333334
2006-05-01,0.916181356116779,308.03749999999997,292.7875,1.9625000000000004,267.3125,1.70125,0.01424125,4.687500000000001,28.98333333333333,-99.51666663333334
2006-05-09,0.918992529917562,307.08750000000003,291.67499999999995,0.08750000000000001,270.32500000000005,2.25625,0.009796250000000001,4.074999999999999,28.98333333333333,-99.51666663333334
2006-05-17,0.916181356116779,309.425,291.0125,0.0,294.5125,2.5737499999999995,0.009370000000000002,4.25,28.98333333333333,-99.51666663333334
2006-05-25,0.8971888261992171,307.375,294.07499999999993,5.0875,263.675,1.6124999999999998,0.014950000000000001,5.075000000000001,28.98333333333333,-99.51666663333334
2006-06-02,0.8290744583029812,309.3125,291.9875,0.05,327.71250000000003,2.06875,0.01289375,3.4875000000000003,28.98333333333333,-99.51666663333334
2006-06-10,0.8,312.1125,293.72499999999997,0.35000000000000003,330.7750000000001,2.7975,0.01214375,4.7250000000000005,28.98333333333333,-99.51666663333334
2006-06-18,0.8,310.77500000000003,296.575,0.037500000000000006,279.57500000000005,2.30375,0.015193749999999999,4.9375,28.98333333333333,-99.51666663333334
2006-06-26,0.8,307.6125,295.725,3.3625000000000007,267.9,2.1625,0.012400000000000001,3.95,28.98333333333333,-99.51666663333334
2006-07-04,0.802811173800783,307.3625,296.1625,1.6,247.05,1.49125,0.01653,4.4125,28.98333333333333,-99.51666663333334
2006-07-12,0.821803703718345,311.6875,295.27500000000003,0.0,326.90000000000003,2.44875,0.014548750000000003,4.3875,28.98333333333333,-99.51666663333334
2006-07-20,0.821803703718345,310.72499999999997,296.3125,0.5875,283.9125,2.34625,0.01466125,4.1875,28.98333333333333,-99.51666663333334
2006-07-28,0.9000000000000001,310.9375,295.6,1.25,292.70000000000005,2.0975,0.016078750000000003,5.9375,28.98333333333333,-99.51666663333334
2006-08-05,0.818992529917562,310.9,296.12499999999994,0.2,286.83750000000003,2.2675,0.015256250000000002,4.4750000000000005,28.98333333333333,-99.51666663333334
2006-08-13,0.7318856321037641,311.7125,297.125,0.0,277.66249999999997,2.57125,0.014850000000000002,4.612500000000001,28.98333333333333,-99.51666663333334
2006-08-21,0.7000000000000002,311.8875,298.2375,0.0,272.925,2.6287499999999997,0.01529875,4.65,28.98333333333333,-99.51666663333334
2006-08-29,0.7000000000000002,308.5875,294.95000000000005,1.3125,233.53750000000002,2.3375,0.012018750000000002,3.5125,28.98333333333333,-99.51666663333334
2006-09-06,0.8971888261992171,304.65000000000003,293.2,4.925,207.875,1.4337499999999999,0.013120000000000001,2.0250000000000004,28.98333333333333,-99.51666663333334
2006-09-14,0.997188826199217,306.41249999999997,293.66249999999997,5.9750000000000005,259.2375,1.4387500000000002,0.014781250000000001,4.0125,28.98333333333333,-99.51666663333334
2006-09-22,1.233417561991689,306.625,291.3125,0.8625,256.9,1.6612500000000001,0.01269375,3.6125,28.98333333333333,-99.51666663333334
2006-09-30,1.255221265710034,305.1375,291.0,0.0,212.9625,1.27625,0.01340375,3.7875,28.98333333333333,-99.51666663333334
2006-10-08,1.1580324395108168,303.325,291.50000000000006,1.2875,171.63750000000002,1.11875,0.013280000000000002,3.6750000000000007,28.98333333333333,-99.51666663333334
2006-10-16,1.236228735792472,301.95,287.9625,0.05,180.26250000000002,1.45125,0.00909625,3.2625000000000006,28.98333333333333,-99.51666663333334
2006-10-24,1.1580324395108168,299.8,284.875,0.9375,162.925,1.16375,0.008375,3.2625,28.98333333333333,-99.51666663333334
2006-11-01,1.087106897813798,298.84999999999997,286.85,0.2625,118.70000000000002,1.06125,0.009116250000000001,3.5750000000000006,28.98333333333333,-99.51666663333334
2006-11-09,1.058032439510817,299.67499999999995,283.0,0.0,162.91250000000002,1.44125,0.006427500000000001,3.6750000000000003,28.98333333333333,-99.51666663333334
2006-11-17,0.9580324395108168,296.625,278.8125,0.0,157.25,1.145,0.00488625,3.0375000000000005,28.98333333333333,-99.51666663333334
2006-11-25,0.8390399095932549,296.71250000000003,281.22499999999997,0.0,131.75,0.7887500000000001,0.008297500000000001,4.8,28.98333333333333,-99.51666663333334
2006-12-03,0.7608436133115998,287.03749999999997,276.36249999999995,0.3125,101.7,0.59,0.003922500000000001,3.1500000000000004,28.98333333333333,-99.51666663333334
2006-12-11,0.689918071614581,298.09999999999997,283.0875,0.0,145.4875,0.9287500000000001,0.008008750000000002,2.825,28.98333333333333,-99.51666663333334
2006-12-19,0.6798361432291619,289.9375,279.775,3.95,108.875,0.64125,0.00558125,3.5875000000000004,28.98333333333333,-99.51666663333334
2006-12-27,0.5899180716145809,292.12,279.78000000000003,1.8,143.26000000000002,0.678,0.00595,3.5200000000000005,28.98333333333333,-99.51666663333334
2007-01-01,0.402811173800783,288.88749999999993,275.52500000000003,4.4625,117.3375,0.57375,0.0044687500000000005,2.9250000000000003,28.98333333333333,-99.51666663333334
2007-01-09,0.4,292.24999999999994,279.2875,2.425,99.7125,0.6125,0.006867500000000001,3.8875,28.98333333333333,-99.51666663333334
2007-01-17,0.4189925299175619,282.00000000000006,275.1125,4.0,61.41250000000001,0.24000000000000002,0.0045,2.1000000000000005,28.98333333333333,-99.51666663333334
2007-01-25,0.4218037037183449,288.48749999999995,275.8375,0.0,132.3625,0.49,0.00488375,3.125,28.98333333333333,-99.51666663333334
2007-02-02,0.43188563210376407,293.4125,278.975,0.0,157.675,0.72,0.006265000000000001,2.9125000000000005,28.98333333333333,-99.51666663333334
2007-02-10,0.5318856321037642,289.50000000000006,275.9625,0.1375,162.5625,0.6675000000000001,0.004450000000000001,4.0375000000000005,28.98333333333333,-99.51666663333334
2007-02-18,0.6028111738007831,297.625,281.32500000000005,0.0625,189.75,1.21125,0.005795,3.6875000000000004,28.98333333333333,-99.51666663333334
2007-02-26,0.621803703718345,296.1375,280.3,0.0,211.00000000000003,1.38375,0.00386,3.0125,28.98333333333333,-99.51666663333334
2007-03-06,0.6508781620213261,297.7875,283.875,4.675,185.6625,0.9425000000000001,0.0081975,3.8875,28.98333333333333,-99.51666663333334
2007-03-14,0.8,299.37500000000006,287.29999999999995,0.11250000000000002,187.2375,0.9537499999999999,0.009911250000000002,4.975,28.98333333333333,-99.51666663333334
2007-03-22,0.978196296281655,300.85,288.90000000000003,3.6750000000000003,185.175,1.01625,0.011058750000000001,5.65,28.98333333333333,-99.51666663333334
2007-03-30,1.487106897813798,298.15,288.5,7.2375,201.2,0.77875,0.010983750000000002,4.2250000000000005,28.98333333333333,-99.51666663333334
2007-04-07,1.468114367896236,295.06250000000006,281.5125,2.0500000000000003,221.45,0.82125,0.007506250000000002,4.1875,28.98333333333333,-99.51666663333334
2007-04-15,1.468114367896236,299.09999999999997,284.0625,0.0,240.56250000000003,0.96875,0.008801250000000002,4.7875000000000005,28.98333333333333,-99.51666663333334
2007-04-23,1.468114367896236,302.4,289.8,4.0,244.325,1.1025,0.01197625,5.0625,28.98333333333333,-99.51666663333334
2007-05-01,1.468114367896236,305.4125,292.875,7.325,248.60000000000005,1.1287500000000001,0.015411250000000001,4.949999999999999,28.98333333333333,-99.51666663333334
2007-05-09,1.5971888261992173,302.15,291.11249999999995,2.7,262.4875,1.11875,0.01208625,3.4000000000000004,28.98333333333333,-99.51666663333334
2007-05-17,1.5753851224808724,300.45,290.8,3.9250000000000007,198.5125,0.8187500000000001,0.012830000000000001,5.325,28.98333333333333,-99.51666663333334
2007-05-25,1.665303194095453,302.17500000000007,291.975,7.75,261.88750000000005,0.7474999999999999,0.01495625,4.1,28.98333333333333,-99.51666663333334
2007-06-02,1.6781962962816552,306.3625,293.7625,2.2375000000000003,318.35,1.12,0.0167075,4.1375,28.98333333333333,-99.51666663333334
2007-06-10,1.7624920202946703,305.81250000000006,293.3375,9.175,304.725,1.32,0.01482375,4.075,28.98333333333333,-99.51666663333334
2007-06-18,1.765303194095453,303.40000000000003,295.275,4.2124999999999995,238.76250000000005,0.8062499999999999,0.016962500000000002,4.5125,28.98333333333333,-99.51666663333334
2007-06-26,1.687106897813798,304.5125,295.17500000000007,7.2875,241.775,0.9737500000000001,0.01669,4.075,28.98333333333333,-99.51666663333334
2007-07-04,1.9145415091692723,305.25,295.15,3.3625000000000007,269.63750000000005,1.0037500000000001,0.01730625,3.55,28.98333333333333,-99.51666663333334
2007-07-12,1.9044595807838531,306.13750000000005,294.625,3.2,273.43749999999994,1.24125,0.0162875,3.9500000000000006,28.98333333333333,-99.51666663333334
2007-07-20,1.7262632845021981,302.7375,294.3625,16.8,220.5,0.70875,0.016555000000000004,3.0125,28.98333333333333,-99.51666663333334
2007-07-28,1.6971888261992172,306.075,296.70000000000005,3.9000000000000004,243.85,1.0975,0.018073750000000003,3.575,28.98333333333333,-99.51666663333334
2007-08-05,1.735173886034341,308.775,295.3125,0.0,316.3625,1.5525,0.016996250000000004,4.2625,28.98333333333333,-99.51666663333334
2007-08-13,1.781484550212232,307.1375,295.2,6.975,242.3875,1.39,0.01656125,4.175000000000001,28.98333333333333,-99.51666663333334
2007-08-21,1.3753851224808724,305.7125,295.975,0.725,230.7125,1.1300000000000001,0.017125,4.4375,28.98333333333333,-99.51666663333334
2007-08-29,1.4714026218268128,303.2,294.7375,9.162500000000001,188.9625,0.9012500000000001,0.01613625,2.7375,28.98333333333333,-99.51666663333334
2007-09-06,1.5624920202946702,305.8625,294.38750000000005,0.325,243.26250000000002,1.0362500000000001,0.0170975,3.7250000000000005,28.98333333333333,-99.51666663333334
2007-09-14,1.4524100919092509,306.025,293.77500000000003,0.225,234.63750000000002,1.185,0.016003750000000004,3.6250000000000004,28.98333333333333,-99.51666663333334
2007-09-22,1.3653031940954532,306.525,292.98750000000007,0.5,247.9875,1.35375,0.015033750000000002,3.4875000000000003,28.98333333333333,-99.51666663333334
2007-09-30,1.265303194095453,305.8,291.425,0.05,214.41250000000002,1.31,0.013955000000000002,3.575,28.98333333333333,-99.51666663333334
2007-10-08,1.1,304.71250000000003,291.6375,0.4,171.23749999999998,1.22125,0.013721250000000003,3.5,28.98333333333333,-99.51666663333334
2007-10-16,1.0681143678962361,304.12499999999994,286.41249999999997,0.8250000000000001,204.65,1.645,0.009143750000000003,4.1499999999999995,28.98333333333333,-99.51666663333334
2007-10-24,0.9709255416970191,298.725,280.33750000000003,0.0,204.425,1.305,0.005353750000000001,3.075,28.98333333333333,-99.51666663333334
2007-11-01,0.802811173800783,299.09999999999997,285.775,0.0,148.52500000000003,1.14,0.008155,3.3500000000000005,28.98333333333333,-99.51666663333334
2007-11-09,0.773736715497802,300.2875,285.675,0.0,152.51250000000002,1.12125,0.009081249999999999,4.3125,28.98333333333333,-99.51666663333334
2007-11-17,0.6056223476015661,295.1375,283.825,0.0,109.85,0.9,0.00792375,3.375,28.98333333333333,-99.51666663333334
2007-11-25,0.5274260513199108,294.425,279.625,1.4250000000000003,132.87500000000003,0.7437499999999999,0.0069587500000000005,3.0375,28.98333333333333,-99.51666663333334
2007-12-03,0.4955404192161467,298.21250000000003,280.9125,0.3375,141.925,1.02125,0.0073012500000000004,3.4125,28.98333333333333,-99.51666663333334
2007-12-11,0.42461487751912785,292.40000000000003,277.22499999999997,0.4625,119.5375,0.62625,0.00622125,3.5125,28.98333333333333,-99.51666663333334
2007-12-19,0.40562234760156596,293.2125,275.8375,0.1,148.66250000000002,1.02,0.0036875000000000002,3.4625000000000004,28.98333333333333,-99.51666663333334
2007-12-27,0.40562234760156596,291.03999999999996,274.26,0.0,152.24,0.9,0.00305,2.8400000000000003,28.98333333333333,-99.51666663333334
2008-01-01,0.32180370371834494,293.075,275.8,0.0,137.5875,0.8575,0.0050425,3.6,28.98333333333333,-99.51666663333334
2008-01-09,0.3436074074366898,292.58750000000003,276.4125,0.0,128.5625,0.96,0.0036662500000000002,3.1250000000000004,28.98333333333333,-99.51666663333334
2008-01-17,0.3407962336359069,287.75000000000006,275.6875,0.275,93.56250000000001,0.42375,0.00521875,3.437500000000001,28.98333333333333,-99.51666663333334
2008-01-25,0.3436074074366898,293.34999999999997,277.3375,0.037500000000000006,142.05,0.93125,0.004665000000000001,3.7125000000000004,28.98333333333333,-99.51666663333334
2008-02-02,0.3407962336359069,299.37500000000006,280.0875,0.0,178.8125,1.4975000000000003,0.0048975,2.8875,28.98333333333333,-99.51666663333334
2008-02-10,0.4218037037183449,299.825,281.775,0.21250000000000002,176.51250000000002,1.1412499999999999,0.00756875,4.487500000000001,28.98333333333333,-99.51666663333334
2008-02-18,0.4218037037183449,301.42499999999995,282.8,0.0,183.8375,1.58125,0.006533750000000001,3.5875,28.98333333333333,-99.51666663333334
2008-02-26,0.4218037037183449,298.02500000000003,279.7,0.0,197.51250000000002,1.2275000000000003,0.00568125,4.999999999999999,28.98333333333333,-99.51666663333334
2008-03-05,0.521803703718345,295.23749999999995,278.375,1.8375000000000001,190.6375,1.0325000000000002,0.004908750000000001,4.050000000000001,28.98333333333333,-99.51666663333334
2008-03-13,0.621803703718345,303.0625,283.3125,0.41250000000000003,220.87500000000006,1.815,0.006205000000000001,4.775,28.98333333333333,-99.51666663333334
2008-03-21,0.7089106015321429,300.71250000000003,284.68750000000006,0.0,191.85000000000002,1.45875,0.007345000000000001,4.700000000000001,28.98333333333333,-99.51666663333334
2008-03-29,0.9089106015321428,304.25,289.8875,0.42500000000000004,230.82500000000005,1.4312500000000004,0.011472500000000002,4.9625,28.98333333333333,-99.51666663333334
2008-04-06,0.9089106015321428,303.2625,287.51249999999993,0.2625,259.075,1.8399999999999999,0.007455,4.15,28.98333333333333,-99.51666663333334
2008-04-14,1.00609942773136,301.8625,284.13750000000005,0.55,273.825,1.465,0.00770875,4.6499999999999995,28.98333333333333,-99.51666663333334
2008-04-22,1.10609942773136,303.13750000000005,288.7375,0.925,265.375,1.3625000000000003,0.01103,4.7749999999999995,28.98333333333333,-99.51666663333334
2008-04-30,1.1161813561167793,304.975,290.65,0.48750000000000004,265.88750000000005,1.6250000000000002,0.011111250000000001,5.087500000000001,28.98333333333333,-99.51666663333334
2008-05-08,1.1842957240130152,307.9875,294.57500000000005,4.125,265.425,2.27,0.011680000000000001,3.9125000000000005,28.98333333333333,-99.51666663333334
2008-05-16,1.287106897813798,305.1,292.275,0.9375,258.425,1.7525,0.01169875,3.3875,28.98333333333333,-99.51666663333334
2008-05-24,1.284295724013015,309.45,294.7375,0.0,285.5625,1.9987499999999998,0.0146275,5.525,28.98333333333333,-99.51666663333334
2008-06-01,1.187106897813798,310.3,295.175,0.0625,314.175,2.16,0.01479875,7.175,28.98333333333333,-99.51666663333334
2008-06-09,1.118992529917562,310.41249999999997,295.53749999999997,0.0,333.65000000000003,2.215,0.014707500000000002,5.800000000000001,28.98333333333333,-99.51666663333334
2008-06-17,1.087106897813798,310.2375,296.82500000000005,0.9375,300.4750000000001,2.585,0.012933750000000003,3.8625000000000003,28.98333333333333,-99.51666663333334
2008-06-25,1.0100819283854192,308.65,295.925,2.3625000000000003,283.425,2.04,0.014208750000000003,5.575,28.98333333333333,-99.51666663333334
2008-07-03,1.0,302.8,295.225,3.9,213.88750000000002,0.93125,0.01566375,4.0625,28.98333333333333,-99.51666663333334
2008-07-11,1.0100819283854192,309.78749999999997,294.7,0.0,337.475,2.0775,0.014486249999999999,4.637500000000001,28.98333333333333,-99.51666663333334
2008-07-19,1.0072707545846362,308.575,295.18749999999994,2.1125000000000003,284.9375,1.97,0.01437875,5.1125,28.98333333333333,-99.51666663333334
2008-07-27,1.0753851224808724,311.3,295.01250000000005,0.0,327.2875,2.26625,0.015105000000000004,4.475,28.98333333333333,-99.51666663333334
2008-08-04,1.0072707545846362,311.075,295.0375,0.30000000000000004,316.65000000000003,2.4137500000000003,0.013950000000000002,4.175000000000001,28.98333333333333,-99.51666663333334
2008-08-12,1.0653031940954532,307.82500000000005,297.15000000000003,4.9625,242.16250000000002,1.71875,0.016175000000000002,3.6625,28.98333333333333,-99.51666663333334
2008-08-20,1.3434994903771083,304.7625,295.71250000000003,7.1125,201.3,1.02,0.016903750000000002,3.2625,28.98333333333333,-99.51666663333334
2008-08-28,1.4015319298879247,307.1,294.8875,1.35,264.1875,1.5524999999999998,0.01523375,2.6750000000000007,28.98333333333333,-99.51666663333334
2008-09-05,1.352410091909251,307.075,292.55,1.2125000000000001,249.325,1.3937499999999998,0.015098750000000001,3.45,28.98333333333333,-99.51666663333334
2008-09-13,1.233417561991689,303.3875,290.3375,0.525,205.1875,1.6099999999999999,0.010126250000000002,2.875,28.98333333333333,-99.51666663333334
2008-09-21,1.133417561991689,305.32500000000005,290.97499999999997,0.1,228.80000000000004,1.6424999999999998,0.011281250000000001,2.4625,28.98333333333333,-99.51666663333334
2008-09-29,1.101531929887925,306.47499999999997,288.20000000000005,0.0,239.32500000000002,1.9975,0.009030000000000002,3.1500000000000004,28.98333333333333,-99.51666663333334
2008-10-07,0.933417561991689,304.075,288.53749999999997,0.7250000000000001,189.5,1.4249999999999998,0.01083125,4.225,28.98333333333333,-99.51666663333334
2008-10-15,0.8653031940954531,301.375,286.625,0.6375000000000001,186.07500000000002,1.1837499999999999,0.00959,2.55,28.98333333333333,-99.51666663333334
2008-10-23,0.833417561991689,299.3125,281.96250000000003,0.0,188.75,1.425,0.005563750000000001,3.1375000000000006,28.98333333333333,-99.51666663333334
2008-10-31,0.7681143678962361,301.42499999999995,284.4125,0.0,172.03750000000002,1.205,0.008793750000000001,3.5749999999999997,28.98333333333333,-99.51666663333334
2008-11-08,0.687106897813798,298.98749999999995,283.0625,0.0,145.6875,1.19625,0.007061250000000001,3.3125000000000004,28.98333333333333,-99.51666663333334
2008-11-16,0.5899180716145809,293.925,278.05,0.0,127.75000000000003,1.0050000000000001,0.0043225,2.6,28.98333333333333,-99.51666663333334
2008-11-24,0.521803703718345,296.7625,281.375,0.0,136.72500000000002,1.09125,0.005967500000000001,2.95,28.98333333333333,-99.51666663333334
2008-12-02,0.5117217753329257,293.7625,276.26250000000005,0.2,148.9,0.9900000000000001,0.00424125,3.1125000000000003,28.98333333333333,-99.51666663333334
2008-12-10,0.4436074074366898,291.2625,275.9375,0.275,134.2,0.7612499999999999,0.004395,3.8625000000000003,28.98333333333333,-99.51666663333334
2008-12-18,0.42461487751912785,293.9375,279.75,0.15000000000000002,115.82499999999999,0.83125,0.0063300000000000006,3.5500000000000003,28.98333333333333,-99.51666663333334
2008-12-26,0.4145329491337087,294.09999999999997,280.5,0.0,132.71666666666667,1.07,0.00461,2.8333333333333335,28.98333333333333,-99.51666663333334
2009-01-01,0.3565005096228919,296.3125,277.96250000000003,0.3375,123.83750000000002,1.06125,0.00532,2.8500000000000005,28.98333333333333,-99.51666663333334
2009-01-09,0.39835159301692974,290.675,274.02500000000003,0.0,126.22500000000001,0.8162499999999999,0.0034575000000000005,3.1750000000000003,28.98333333333333,-99.51666663333334
2009-01-17,0.34641858123747277,295.92499999999995,276.1375,0.0,146.76250000000002,1.2162499999999998,0.0036187500000000004,3.0875000000000004,28.98333333333333,-99.51666663333334
2009-01-25,0.353689335822109,294.5,276.38749999999993,0.05,145.53750000000002,0.9437500000000001,0.00483125,3.2,28.98333333333333,-99.51666663333334
2009-02-02,0.3346968059045471,296.75,280.1,0.0,171.1125,1.1075,0.00557875,4.525,28.98333333333333,-99.51666663333334
2009-02-10,0.3246148775191279,298.9875,283.075,0.15000000000000002,153.675,1.31875,0.006281250000000001,4.05,28.98333333333333,-99.51666663333334
2009-02-18,0.3436074074366898,298.475,279.33750000000003,0.0,196.925,1.4637499999999999,0.004465,3.6,28.98333333333333,-99.51666663333334
2009-02-26,0.41172177533292575,300.43750000000006,281.125,0.0,208.9375,1.6375,0.0051937500000000004,3.9875000000000003,28.98333333333333,-99.51666663333334
2009-03-06,0.41172177533292575,298.84999999999997,285.0,3.8625,157.225,1.1524999999999999,0.00897375,3.9624999999999995,28.98333333333333,-99.51666663333334
2009-03-14,0.44079623363590686,297.9375,282.475,0.22500000000000003,196.57500000000002,1.08125,0.007221250000000001,3.3500000000000005,28.98333333333333,-99.51666663333334
2009-03-22,0.518992529917562,302.2875,286.5,1.3125,215.6875,1.595,0.00786875,4.8,28.98333333333333,-99.51666663333334
2009-03-30,0.618992529917562,300.375,283.68749999999994,0.0,241.8,1.745,0.00468625,4.3125,28.98333333333333,-99.51666663333334
2009-04-07,0.7000000000000002,302.32500000000005,285.1625,0.65,251.12500000000003,2.0124999999999997,0.004857500000000001,4.5875,28.98333333333333,-99.51666663333334
2009-04-15,0.7189925299175621,302.8125,287.01250000000005,1.1125,249.75,1.6212499999999999,0.008081250000000002,4.3125,28.98333333333333,-99.51666663333334
2009-04-23,0.7161813561167791,306.0,290.5375,0.9500000000000001,245.55,1.4625,0.012886250000000002,6.45,28.98333333333333,-99.51666663333334
2009-05-01,0.7971888261992172,309.95,293.175,0.0,279.3,2.0975,0.013886250000000001,4.4625,28.98333333333333,-99.51666663333334
2009-05-09,0.6971888261992172,308.43750000000006,293.4125,1.0375,263.70000000000005,1.7925,0.014356250000000001,5.262499999999999,28.98333333333333,-99.51666663333334
2009-05-17,0.8653031940954531,302.4625,290.2625,0.6625,257.90000000000003,1.52,0.0096725,3.2625,28.98333333333333,-99.51666663333334
2009-05-25,0.8971888261992171,307.2125,294.2,3.1374999999999997,289.4875,1.7212500000000002,0.013882500000000004,3.4250000000000003,28.98333333333333,-99.51666663333334
2009-06-02,0.8842957240130149,309.625,293.25,0.5125000000000001,331.27500000000003,2.28875,0.0123025,4.2125,28.98333333333333,-99.51666663333334
2009-06-10,0.7971888261992172,312.33750000000003,295.65000000000003,0.0,334.68750000000006,2.56,0.014848750000000004,5.6375,28.98333333333333,-99.51666663333334
2009-06-18,0.7971888261992172,310.275,295.9125,0.0,320.80000000000007,2.14,0.01527125,5.3875,28.98333333333333,-99.51666663333334
2009-06-26,0.7871068978137981,311.7625,297.3625,0.0,316.87500000000006,2.7375000000000003,0.013955,3.6625,28.98333333333333,-99.51666663333334
2009-07-04,0.7000000000000002,312.525,296.8,1.1375000000000002,325.05,2.6449999999999996,0.015246250000000001,4.5,28.98333333333333,-99.51666663333334
2009-07-12,0.6971888261992172,312.0625,295.55,0.325,333.8625,2.6287499999999997,0.014003750000000002,4.35,28.98333333333333,-99.51666663333334
2009-07-20,0.6971888261992172,312.3625,294.9375,0.0,327.65,2.89,0.012463750000000003,4.525,28.98333333333333,-99.51666663333334
2009-07-28,0.687106897813798,312.4125,296.375,1.3625,316.425,2.6675,0.01464375,4.7875000000000005,28.98333333333333,-99.51666663333334
2009-08-05,0.5971888261992172,312.0625,295.42499999999995,0.0,324.8375,2.57625,0.01424875,5.162500000000001,28.98333333333333,-99.51666663333334
2009-08-13,0.5971888261992172,311.35,296.1,0.0,303.05,2.39625,0.014932500000000003,5.249999999999999,28.98333333333333,-99.51666663333334
2009-08-21,0.5971888261992172,311.675,295.5625,0.8250000000000001,303.9125,2.71375,0.013005,3.6875,28.98333333333333,-99.51666663333334
2009-08-29,0.665303194095453,306.85,294.70000000000005,0.30000000000000004,263.46250000000003,1.9125,0.01279125,3.775,28.98333333333333,-99.51666663333334
2009-09-06,0.6781962962816552,304.4875,295.0875,8.3,205.21250000000003,1.225,0.015098750000000003,3.6125000000000007,28.98333333333333,-99.51666663333334
2009-09-14,0.7971888261992172,306.00000000000006,292.3125,0.0,260.56250000000006,1.5225000000000002,0.013200000000000002,3.3375000000000004,28.98333333333333,-99.51666663333334
2009-09-22,1.130606388190906,302.46250000000003,292.02500000000003,3.3625000000000003,190.45000000000002,0.98,0.01402125,3.45,28.98333333333333,-99.51666663333334
2009-09-30,1.2797282261695802,306.95,294.9875,0.05,206.775,1.52875,0.015345,5.225,28.98333333333333,-99.51666663333334
2009-10-08,1.47972822616958,301.15,289.5625,2.3000000000000003,183.91250000000002,0.875,0.013118750000000002,4.062500000000001,28.98333333333333,-99.51666663333334
2009-10-16,1.4245069604595462,297.46250000000003,285.4875,4.0875,190.72500000000002,0.8462500000000002,0.008905,4.5375,28.98333333333333,-99.51666663333334
2009-10-24,1.482539399970363,296.26250000000005,282.9125,3.075,184.91250000000002,0.78,0.00808375,3.7375000000000003,28.98333333333333,-99.51666663333334
2009-11-01,1.4926213283557823,297.3,281.95,1.7625000000000002,170.07500000000002,0.7825000000000001,0.008162500000000001,2.9625,28.98333333333333,-99.51666663333334
2009-11-09,1.482539399970363,299.1875,283.9875,0.037500000000000006,157.13750000000002,0.87375,0.009302500000000002,3.1750000000000007,28.98333333333333,-99.51666663333334
2009-11-17,1.414425032074127,294.00000000000006,279.3125,3.9875000000000003,137.08750000000003,0.5824999999999999,0.007167500000000001,3.0375,28.98333333333333,-99.51666663333334
2009-11-25,1.149121837978674,290.475,278.12499999999994,1.8875,113.1125,0.48875,0.006186250000000001,2.9125000000000005,28.98333333333333,-99.51666663333334
2009-12-03,0.9491218379786741,286.7875,274.7125,0.1375,118.32500000000002,0.4312500000000001,0.0048275,3.2875000000000005,28.98333333333333,-99.51666663333334
2009-12-11,0.851933011779457,289.475,278.925,0.5375,100.94999999999999,0.43999999999999995,0.00625875,2.3000000000000003,28.98333333333333,-99.51666663333334
2009-12-19,0.670925541697019,289.68749999999994,276.03749999999997,0.6125,137.5875,0.5937500000000001,0.00479375,3.2750000000000004,28.98333333333333,-99.51666663333334
2009-12-27,0.6028111738007831,286.06,275.6,1.34,120.16,0.396,0.0046700000000000005,2.5,28.98333333333333,-99.51666663333334
2010-01-01,0.43750797970532995,284.4125,271.525,0.0,117.5125,0.35375,0.0038562500000000007,3.1750000000000007,28.98333333333333,-99.51666663333334
2010-01-09,0.5246148775191278,286.24999999999994,275.6375,5.2875,100.88750000000002,0.345,0.005163750000000001,3.1625,28.98333333333333,-99.51666663333334
2010-01-17,0.5274260513199108,295.87500000000006,280.0875,0.0,151.75,0.8724999999999999,0.006497500000000001,3.375,28.98333333333333,-99.51666663333334
2010-01-25,0.5593116834236749,289.1625,276.2625,0.8250000000000001,133.32500000000002,0.5375000000000001,0.005235,4.0875,28.98333333333333,-99.51666663333334
2010-02-02,0.6346968059045471,289.825,279.72499999999997,5.987500000000001,138.35,0.4325,0.0065512500000000015,3.825,28.98333333333333,-99.51666663333334
2010-02-10,0.6565005096228921,287.72499999999997,273.6625,2.25,169.9625,0.585,0.0037425,2.8000000000000003,28.98333333333333,-99.51666663333334
2010-02-18,0.6883861417266561,290.85,277.1,0.475,171.3625,0.62375,0.00546375,4.0125,28.98333333333333,-99.51666663333334
2010-02-26,0.8346968059045472,293.1875,276.8625,0.5125000000000001,185.875,0.75625,0.005247500000000001,4.125,28.98333333333333,-99.51666663333334
2010-03-06,1.0346968059045472,297.2,282.25,0.3125,187.97500000000002,1.0975,0.006425000000000001,4.025,28.98333333333333,-99.51666663333334
2010-03-14,1.1318856321037642,294.9625,279.15,1.55,202.62500000000003,0.8900000000000001,0.005915,4.375000000000001,28.98333333333333,-99.51666663333334
2010-03-22,1.085574967925873,298.3,278.6,0.1125,232.68750000000003,1.2,0.00544,3.7625,28.98333333333333,-99.51666663333334
2010-03-30,1.1536893358221092,302.53749999999997,287.40000000000003,0.0,251.70000000000002,1.34375,0.0098,5.000000000000001,28.98333333333333,-99.51666663333334
2010-04-07,1.1609600904067452,297.2625,285.5375,2.625,211.425,0.7949999999999999,0.009268750000000001,4.825,28.98333333333333,-99.51666663333334
2010-04-15,1.3971888261992174,297.7875,288.175,6.800000000000001,210.23750000000004,0.5924999999999999,0.01149375,3.8,28.98333333333333,-99.51666663333334
2010-04-23,1.3290744583029812,302.70000000000005,286.05,1.475,276.475,1.50125,0.008458750000000001,4.075,28.98333333333333,-99.51666663333334
2010-05-01,1.4189925299175623,304.92499999999995,287.6625,0.0,276.51250000000005,1.9475000000000002,0.008176250000000001,4.3125,28.98333333333333,-99.51666663333334
2010-05-09,1.2971888261992173,304.11249999999995,293.32500000000005,1.975,248.60000000000002,1.225,0.013975000000000001,6.0,28.98333333333333,-99.51666663333334
2010-05-17,1.3871068978137981,304.2125,294.225,5.1,257.0875,0.98625,0.01594875,5.5875,28.98333333333333,-99.51666663333334
2010-05-25,1.475385122480872,305.7875,292.275,0.0,283.1625,1.4912500000000002,0.013177500000000002,3.8625000000000003,28.98333333333333,-99.51666663333334
2010-06-02,1.237985059835124,306.725,293.87499999999994,0.525,315.175,1.44125,0.015143750000000001,4.4125000000000005,28.98333333333333,-99.51666663333334
2010-06-10,1.2189925299175621,308.325,296.4125,0.625,310.7875,1.7125,0.0161875,6.800000000000001,28.98333333333333,-99.51666663333334
2010-06-18,1.1971888261992172,309.3125,295.6625,0.0,319.65000000000003,2.0275,0.014791250000000002,5.3375,28.98333333333333,-99.51666663333334
2010-06-26,1.1971888261992172,306.6,296.4,11.512500000000001,239.25000000000003,1.3725000000000003,0.01681875,4.5875,28.98333333333333,-99.51666663333334
2010-07-04,1.284295724013015,305.775,295.84999999999997,2.9250000000000003,257.5375,0.9550000000000001,0.018237500000000004,4.325000000000001,28.98333333333333,-99.51666663333334
2010-07-12,1.3133701823159962,308.35,296.3125,0.0,322.025,1.5112500000000002,0.01737375,4.5125,28.98333333333333,-99.51666663333334
2010-07-20,1.265303194095453,307.85,295.76250000000005,0.625,268.3125,1.555,0.016308750000000004,4.9875,28.98333333333333,-99.51666663333334
2010-07-28,1.1653031940954532,309.27500000000003,294.85,0.1,306.45000000000005,1.9587500000000002,0.01484875,4.612500000000001,28.98333333333333,-99.51666663333334
2010-08-05,1.133417561991689,310.75,296.7375,0.0,295.4375,2.1500000000000004,0.01612375,4.275,28.98333333333333,-99.51666663333334
2010-08-13,0.9653031940954531,311.525,296.95,0.0,291.00000000000006,2.31625,0.0160975,4.9625,28.98333333333333,-99.51666663333334
2010-08-21,0.9653031940954531,310.3875,294.8125,1.9375,269.9125,2.45125,0.013025000000000002,3.45,28.98333333333333,-99.51666663333334
2010-08-29,1.036228735792472,308.525,295.16249999999997,2.9375,259.975,1.7925,0.015323749999999999,4.8500000000000005,28.98333333333333,-99.51666663333334
2010-09-06,1.133417561991689,306.79999999999995,296.175,5.737500000000001,234.075,1.42,0.016418750000000003,4.050000000000001,28.98333333333333,-99.51666663333334
2010-09-14,1.1580324395108168,304.58750000000003,294.2125,2.2375,204.32500000000002,1.12,0.01553,3.6374999999999997,28.98333333333333,-99.51666663333334
2010-09-22,1.255221265710034,304.13750000000005,290.7625,0.17500000000000002,219.38750000000002,1.2525,0.012915000000000003,3.0750000000000006,28.98333333333333,-99.51666663333334
2010-09-30,1.1842957240130152,302.66249999999997,285.2,0.0,241.97500000000002,1.6062500000000002,0.0074625,3.125,28.98333333333333,-99.51666663333334
2010-10-08,1.1233356336062699,303.8625,285.65000000000003,0.1,216.45,1.6375000000000002,0.008320000000000001,3.0125,28.98333333333333,-99.51666663333334
2010-10-16,0.9552212657100339,303.375,288.9125,0.125,207.28750000000002,1.3825,0.010592500000000001,4.200000000000001,28.98333333333333,-99.51666663333334
2010-10-24,0.9552212657100339,303.5125,283.63750000000005,0.0,195.85000000000002,1.86,0.0063950000000000005,3.2875000000000005,28.98333333333333,-99.51666663333334
2010-11-01,0.8580324395108169,298.25,280.2125,0.3875,172.275,1.4337500000000003,0.0044475,3.8625000000000007,28.98333333333333,-99.51666663333334
2010-11-09,0.689918071614581,298.1,283.3125,0.0,141.66250000000002,1.1750000000000003,0.006693750000000002,3.8000000000000003,28.98333333333333,-99.51666663333334
2010-11-17,0.6580324395108169,299.84999999999997,284.83750000000003,0.0,154.0875,1.29875,0.007855000000000001,3.6125000000000003,28.98333333333333,-99.51666663333334
2010-11-25,0.5899180716145809,294.825,274.525,0.0,153.28750000000002,1.1175,0.0036125000000000007,3.4125000000000005,28.98333333333333,-99.51666663333334
2010-12-03,0.48991807161458084,294.0875,275.3999999999999,0.0,152.13750000000002,1.03,0.003865000000000001,3.0250000000000004,28.98333333333333,-99.51666663333334
2010-12-11,0.48991807161458084,293.675,273.975,0.0,150.57500000000002,1.0725,0.0031337500000000003,2.9125000000000005,28.98333333333333,-99.51666663333334
2010-12-19,0.4218037037183449,294.025,278.6875,0.7250000000000001,135.46249999999998,0.8562500000000001,0.005797500000000001,3.2750000000000004,28.98333333333333,-99.51666663333334
2010-12-27,0.4218037037183449,293.8,279.5,0.16,131.52,1.044,0.004482,3.22,28.98333333333333,-99.51666663333334
2011-01-01,0.34641858123747277,293.825,278.09999999999997,0.2,130.60000000000002,1.08125,0.00385,2.9,28.98333333333333,-99.51666663333334
2011-01-09,0.34641858123747277,286.02500000000003,274.8125,2.725,99.0625,0.47000000000000003,0.0041287500000000005,3.0625,28.98333333333333,-99.51666663333334
2011-01-17,0.3783042133412368,292.25,275.27500000000003,0.0,153.4375,0.77375,0.004517500000000001,3.0625,28.98333333333333,-99.51666663333334
2011-01-25,0.36822228495581766,294.125,276.8875,0.30000000000000004,157.65,0.9837500000000001,0.00453625,2.8125,28.98333333333333,-99.51666663333334
2011-02-02,0.34641858123747277,284.97499999999997,268.725,0.0,169.35000000000002,0.6074999999999999,0.0024675,4.2,28.98333333333333,-99.51666663333334
2011-02-10,0.34641858123747277,294.02500000000003,274.7625,0.0,193.4625,0.9762500000000002,0.004633750000000001,3.1375,28.98333333333333,-99.51666663333334
2011-02-18,0.34641858123747277,303.0375,284.85,0.1875,198.5875,1.4562499999999998,0.00851875,4.2250000000000005,28.98333333333333,-99.51666663333334
2011-02-26,0.42461487751912785,300.1875,281.79999999999995,0.0,203.625,1.5200000000000002,0.0055425000000000006,4.0625,28.98333333333333,-99.51666663333334
2011-03-06,0.4436074074366898,299.675,280.29999999999995,0.0,214.4875,1.58875,0.00445375,3.825,28.98333333333333,-99.51666663333334
2011-03-14,0.4436074074366898,303.8,285.975,0.0,213.6125,1.57625,0.0087075,5.575,28.98333333333333,-99.51666663333334
2011-03-22,0.45368933582210896,306.825,288.5125,0.0,224.3625,2.03875,0.009215000000000001,3.875000000000001,28.98333333333333,-99.51666663333334
2011-03-30,0.5407962336359069,304.95,285.9625,0.0,247.70000000000002,2.0025,0.0073575,4.125,28.98333333333333,-99.51666663333334
2011-04-07,0.5407962336359069,307.4375,288.425,0.0,266.225,2.3249999999999997,0.00827375,4.612500000000001,28.98333333333333,-99.51666663333334
2011-04-15,0.5508781620213261,307.78749999999997,289.6125,0.0,273.7375,2.41875,0.00855875,4.7125,28.98333333333333,-99.51666663333334
2011-04-23,0.618992529917562,307.99999999999994,290.2375,0.0,281.775,2.60625,0.007711250000000001,4.8500000000000005,28.98333333333333,-99.51666663333334
2011-05-01,0.618992529917562,303.1,286.34999999999997,0.45000000000000007,247.3875,1.6712500000000001,0.0085325,4.6125,28.98333333333333,-99.51666663333334
2011-05-09,0.621803703718345,304.63750000000005,291.71250000000003,3.3125000000000004,254.67499999999998,1.6700000000000002,0.01130375,4.437500000000001,28.98333333333333,-99.51666663333334
2011-05-17,0.6407962336359069,309.86249999999995,293.45,0.0,284.9875,2.2199999999999998,0.013315,4.8125,28.98333333333333,-99.51666663333334
2011-05-25,0.6508781620213261,312.03749999999997,295.37499999999994,0.0,299.27500000000003,2.795,0.012921250000000002,5.9750000000000005,28.98333333333333,-99.51666663333334
2011-06-02,0.6318856321037641,310.4625,293.8,0.0,337.33750000000003,2.6550000000000002,0.011201250000000001,4.2375,28.98333333333333,-99.51666663333334
2011-06-10,0.6508781620213261,312.68750000000006,295.1375,0.0,338.9125,2.82125,0.013380000000000001,5.362500000000001,28.98333333333333,-99.51666663333334
2011-06-18,0.7000000000000002,311.22499999999997,296.5,4.7875000000000005,322.45000000000005,2.2924999999999995,0.015891250000000003,5.3875,28.98333333333333,-99.51666663333334
2011-06-26,0.7189925299175621,310.6125,295.2875,0.0,312.88750000000005,2.0549999999999997,0.015825000000000002,4.9125000000000005,28.98333333333333,-99.51666663333334
2011-07-04,0.7000000000000002,311.47499999999997,295.625,0.0,330.03749999999997,2.5549999999999997,0.013827500000000003,4.5,28.98333333333333,-99.51666663333334
2011-07-12,0.7000000000000002,311.9625,296.55,0.8625,318.3125,2.60875,0.0145675,4.7875,28.98333333333333,-99.51666663333334
2011-07-20,0.7000000000000002,312.17499999999995,297.09999999999997,0.7000000000000001,322.125,2.48125,0.015866250000000002,4.8999999999999995,28.98333333333333,-99.51666663333334
2011-07-28,0.6971888261992172,312.58750000000003,296.6875,0.5125000000000001,315.9125,2.72125,0.014731250000000001,4.5125,28.98333333333333,-99.51666663333334
2011-08-05,0.6290744583029813,314.33750000000003,297.5125,0.8,321.7375,3.0075000000000003,0.015541250000000001,5.0375,28.98333333333333,-99.51666663333334
2011-08-13,0.6000000000000001,312.91249999999997,296.425,0.0,313.57500000000005,2.8175,0.0143175,4.5875,28.98333333333333,-99.51666663333334
2011-08-21,0.6000000000000001,313.1125,296.9125,0.0,302.61250000000007,2.86875,0.014527500000000002,3.9000000000000004,28.98333333333333,-99.51666663333334
2011-08-29,0.6000000000000001,312.40000000000003,296.3625,0.0,297.67500000000007,3.0700000000000003,0.012165,4.325,28.98333333333333,-99.51666663333334
2011-09-06,0.5971888261992172,310.07500000000005,291.125,0.0,298.79999999999995,3.1399999999999997,0.00665375,2.8375000000000004,28.98333333333333,-99.51666663333334
2011-09-14,0.6971888261992172,309.1625,293.525,1.5000000000000002,257.33750000000003,2.03375,0.013607500000000002,4.4375,28.98333333333333,-99.51666663333334
2011-09-22,0.6971888261992172,311.15000000000003,293.45,0.9875,262.83750000000003,2.695,0.011673750000000002,3.1500000000000004,28.98333333333333,-99.51666663333334
2011-09-30,0.6971888261992172,304.8875,290.08750000000003,0.05,222.35,1.7550000000000001,0.0099875,4.8125,28.98333333333333,-99.51666663333334
2011-10-08,0.7681143678962361,302.7875,288.7,9.375,203.5375,1.165,0.011516250000000002,4.0125,28.98333333333333,-99.51666663333334
2011-10-16,0.8653031940954531,302.40000000000003,285.6875,0.0,212.26250000000005,1.3925,0.008947500000000002,3.5500000000000003,28.98333333333333,-99.51666663333334
2011-10-24,0.8781962962816552,299.9625,283.34999999999997,0.0,192.8375,1.16375,0.00827125,3.4750000000000005,28.98333333333333,-99.51666663333334
2011-11-01,0.8781962962816552,300.0625,283.3375,0.037500000000000006,155.66250000000002,1.17375,0.00825875,4.4625,28.98333333333333,-99.51666663333334
2011-11-09,0.9653031940954531,297.9125,282.33750000000003,2.9000000000000004,146.13750000000002,1.2500000000000002,0.006170000000000001,3.1125,28.98333333333333,-99.51666663333334
2011-11-17,0.8871068978137979,299.1875,284.2125,0.0,145.46250000000003,1.0875,0.00844125,3.5375,28.98333333333333,-99.51666663333334
2011-11-25,0.8,294.61249999999995,278.05,0.6625000000000001,138.17499999999998,0.9675,0.0049499999999999995,4.1000000000000005,28.98333333333333,-99.51666663333334
2011-12-03,0.7899180716145809,289.825,276.28749999999997,2.325,123.22500000000001,0.52125,0.0056725000000000005,3.9375,28.98333333333333,-99.51666663333334
2011-12-11,0.7436074074366898,290.575,282.6,1.8125000000000002,66.6375,0.37875000000000003,0.008051250000000001,3.6375,28.98333333333333,-99.51666663333334
2011-12-19,0.6464185812374729,288.9875,277.97499999999997,2.9250000000000007,122.62500000000001,0.52,0.0053125,3.337500000000001,28.98333333333333,-99.51666663333334
2011-12-27,0.624614877519128,294.2,276.78000000000003,0.0,151.4,1.036,0.003976,2.2,28.98333333333333,-99.51666663333334
2012-01-01,0.6436074074366899,292.90000000000003,277.55,0.0,137.12500000000003,0.8812500000000001,0.00449875,2.4625000000000004,28.98333333333333,-99.51666663333334
2012-01-09,0.6464185812374729,291.76250000000005,276.225,0.325,129.65,0.7949999999999999,0.004420000000000001,3.3125000000000004,28.98333333333333,-99.51666663333334
2012-01-17,0.5492297550382557,299.025,281.225,0.0,148.55,1.29875,0.005925,2.8125000000000004,28.98333333333333,-99.51666663333334
2012-01-25,0.6274260513199109,294.7875,281.1875,2.2,140.72500000000002,0.8750000000000001,0.006263750000000001,3.1625,28.98333333333333,-99.51666663333334
2012-02-02,0.6464185812374729,292.05,282.775,1.35,118.87500000000003,0.66625,0.0069475000000000006,3.4875000000000003,28.98333333333333,-99.51666663333334
2012-02-10,0.662122857224458,291.725,279.1875,1.9875,140.75000000000003,0.75125,0.0055225000000000005,3.7750000000000004,28.98333333333333,-99.51666663333334
2012-02-18,0.9185154497877681,296.175,279.70000000000005,0.65,191.475,1.05,0.005790000000000001,3.5625,28.98333333333333,-99.51666663333334
2012-02-26,1.0621228572244579,299.5125,282.825,0.375,199.60000000000002,1.3562500000000002,0.006611250000000001,3.8875,28.98333333333333,-99.51666663333334
2012-03-05,1.077827133211443,297.04999999999995,282.09999999999997,2.0500000000000003,167.2125,1.08125,0.006882500000000001,4.2125,28.98333333333333,-99.51666663333334
2012-03-13,1.2576632764406048,303.1625,288.05,5.1625000000000005,195.65,1.36625,0.010357500000000002,5.65,28.98333333333333,-99.51666663333334
2012-03-21,1.449229755038256,302.2875,285.375,2.3875,223.06250000000003,1.5875,0.007505000000000001,3.95,28.98333333333333,-99.51666663333334
2012-03-29,1.446418581237473,305.225,290.00000000000006,0.6000000000000001,245.5,1.755,0.01015625,3.325,28.98333333333333,-99.51666663333334
2012-04-06,1.408910601532143,304.475,288.4125,0.21250000000000002,256.425,1.46625,0.010716250000000002,5.012500000000001,28.98333333333333,-99.51666663333334
2012-04-14,1.268114367896236,303.25,288.35,0.0,239.95000000000002,1.6600000000000001,0.00869125,4.7625,28.98333333333333,-99.51666663333334
2012-04-22,1.189918071614581,307.36249999999995,287.875,0.0,277.1875,2.17625,0.008772499999999999,5.175000000000001,28.98333333333333,-99.51666663333334
2012-04-30,1.1842957240130152,309.2375,293.75,3.2625,271.5375,2.0337500000000004,0.01377125,4.5875,28.98333333333333,-99.51666663333334
2012-05-08,1.255221265710034,299.175,290.8375,9.425,236.4875,0.7275,0.012455,3.7750000000000004,28.98333333333333,-99.51666663333334
2012-05-16,1.265303194095453,304.8374999999999,289.7625,0.0,291.625,1.4412500000000001,0.011703750000000002,3.7250000000000005,28.98333333333333,-99.51666663333334
2012-05-24,1.2000000000000002,310.325,293.46250000000003,0.0,291.15000000000003,2.20125,0.013745,5.275,28.98333333333333,-99.51666663333334
2012-06-01,1.1842957240130152,311.11249999999995,295.06250000000006,0.0,325.8875,2.64875,0.01257,4.4625,28.98333333333333,-99.51666663333334
2012-06-09,1.0971888261992173,312.78749999999997,295.45,0.0,321.6,2.88625,0.013255000000000001,5.2375,28.98333333333333,-99.51666663333334
2012-06-17,1.0653031940954532,309.93749999999994,295.25,0.48750000000000004,314.7875,2.2800000000000002,0.01363625,5.2250000000000005,28.98333333333333,-99.51666663333334
2012-06-25,0.9871068978137979,311.17499999999995,297.5625,0.9375,294.3625,2.79125,0.013277500000000001,4.2250000000000005,28.98333333333333,-99.51666663333334
2012-07-03,0.916181356116779,310.25000000000006,296.15000000000003,1.8375000000000004,290.9875,2.2162499999999996,0.014916250000000002,4.6375,28.98333333333333,-99.51666663333334
2012-07-11,0.8871068978137979,308.65000000000003,296.7,5.187500000000001,260.0375,1.7825,0.0162425,3.7875,28.98333333333333,-99.51666663333334
2012-07-19,0.818992529917562,310.9875,295.43750000000006,0.0,327.9750000000001,2.2750000000000004,0.014945000000000003,4.825,28.98333333333333,-99.51666663333334
2012-07-27,0.818992529917562,312.675,295.63750000000005,1.0250000000000001,323.4375,2.8487499999999994,0.013484999999999999,4.0625,28.98333333333333,-99.51666663333334
2012-08-04,0.818992529917562,312.6875,296.575,0.3125,309.65,2.8037500000000004,0.01428125,3.6625,28.98333333333333,-99.51666663333334
2012-08-12,0.8,312.05,296.33750000000003,3.5375,309.3,2.67625,0.0141875,4.75,28.98333333333333,-99.51666663333334
2012-08-20,0.8971888261992171,310.05,295.5875,0.0,291.9375,2.17625,0.014610000000000001,4.625,28.98333333333333,-99.51666663333334
2012-08-28,0.8781962962816552,312.6875,296.25000000000006,0.0,290.8375,3.0125,0.012735000000000002,3.8000000000000003,28.98333333333333,-99.51666663333334
2012-09-05,0.8971888261992171,311.42499999999995,293.52500000000003,0.0,298.5625,2.9987500000000002,0.0101725,3.6625,28.98333333333333,-99.51666663333334
2012-09-13,0.9753851224808721,303.25,290.33750000000003,5.225,218.13750000000005,1.0962500000000002,0.01314125,3.1375,28.98333333333333,-99.51666663333334
2012-09-21,1.0653031940954532,306.72499999999997,291.3875,4.9750000000000005,251.81250000000003,1.4525000000000001,0.013878750000000004,4.25,28.98333333333333,-99.51666663333334
2012-09-29,1.1653031940954532,303.725,289.47499999999997,3.4875,225.9375,1.215,0.01216,3.9000000000000004,28.98333333333333,-99.51666663333334
2012-10-07,1.1434994903771083,303.0625,290.025,0.037500000000000006,177.95,1.09625,0.013007500000000002,4.6625,28.98333333333333,-99.51666663333334
2012-10-15,1.2434994903771082,305.5625,290.3,0.0,188.66250000000002,1.59875,0.01168625,3.9375,28.98333333333333,-99.51666663333334
2012-10-23,1.1753851224808725,300.02500000000003,285.2,0.5625,171.525,1.23875,0.00868,3.9374999999999996,28.98333333333333,-99.51666663333334
2012-10-31,1.1753851224808725,303.57500000000005,287.72499999999997,0.2,168.125,1.5812499999999998,0.00907,2.7,28.98333333333333,-99.51666663333334
2012-11-08,1.0971888261992173,297.5125,284.08750000000003,0.0,137.15000000000003,1.23625,0.0065337500000000005,4.1625000000000005,28.98333333333333,-99.51666663333334
2012-11-16,1.0,297.7,285.9,0.0,112.5125,1.08,0.007766250000000001,3.3500000000000005,28.98333333333333,-99.51666663333334
2012-11-24,0.9028111738007831,297.83750000000003,282.975,0.1,133.6125,1.13125,0.006830000000000001,3.375,28.98333333333333,-99.51666663333334
2012-12-02,0.821803703718345,302.13750000000005,285.01250000000005,0.0,145.2,1.3787500000000001,0.008476250000000001,3.0000000000000004,28.98333333333333,-99.51666663333334
2012-12-10,0.724614877519128,294.72499999999997,278.79999999999995,0.25,130.38750000000002,1.06625,0.004803750000000001,3.4125000000000005,28.98333333333333,-99.51666663333334
2012-12-18,0.624614877519128,296.1875,279.0,0.0,140.325,1.2312500000000002,0.0044875,3.4250000000000003,28.98333333333333,-99.51666663333334
2012-12-26,0.624614877519128,288.5833333333333,273.8,0.16666666666666666,126.60000000000001,0.7283333333333334,0.003146666666666667,3.3333333333333335,28.98333333333333,-99.51666663333334
2013-01-01,0.5117217753329257,287.1125,275.87500000000006,2.125,98.02499999999999,0.525,0.004248750000000001,2.7874999999999996,28.98333333333333,-99.51666663333334
2013-01-09,0.5145329491337087,290.98749999999995,277.075,2.1750000000000003,129.05,0.57,0.00578,3.4000000000000004,28.98333333333333,-99.51666663333334
2013-01-17,0.5145329491337087,294.7,278.1125,0.0,148.95000000000002,0.82375,0.00587,2.9375000000000004,28.98333333333333,-99.51666663333334
2013-01-25,0.5436074074366898,298.175,282.075,0.0,159.96250000000003,1.13625,0.00692,4.2,28.98333333333333,-99.51666663333334
2013-02-02,0.5436074074366898,297.775,284.575,0.6875,148.4125,1.0687499999999999,0.0073975,3.3625000000000003,28.98333333333333,-99.51666663333334
2013-02-10,0.624614877519128,294.45000000000005,279.59999999999997,0.23750000000000002,179.3,1.00125,0.00493,3.5500000000000003,28.98333333333333,-99.51666663333334
2013-02-18,0.553689335822109,297.1125,281.3125,0.0,191.8875,1.175,0.005592500000000001,4.9750000000000005,28.98333333333333,-99.51666663333334
2013-02-26,0.6028111738007831,295.71250000000003,277.225,0.0,213.9875,1.45375,0.0023112500000000004,3.5500000000000003,28.98333333333333,-99.51666663333334
2013-03-06,0.553689335822109,297.46250000000003,280.7,0.1125,205.07500000000002,1.3675000000000002,0.004577500000000001,4.35,28.98333333333333,-99.51666663333334
2013-03-14,0.6318856321037641,302.375,284.70000000000005,0.0,205.15,1.86,0.0057775,4.025,28.98333333333333,-99.51666663333334
2013-03-22,0.6290744583029813,298.575,282.05,0.0,215.15,1.5587499999999999,0.0050725,4.487500000000001,28.98333333333333,-99.51666663333334
2013-03-30,0.6290744583029813,300.5875,286.0625,2.075,223.66250000000002,1.14375,0.009446250000000002,4.2124999999999995,28.98333333333333,-99.51666663333334
2013-04-07,0.6290744583029813,302.83750000000003,285.375,0.08750000000000001,264.0625,1.48875,0.008587500000000001,4.525,28.98333333333333,-99.51666663333334
2013-04-15,0.6318856321037641,302.9125,285.56249999999994,0.1625,260.5125,1.68625,0.008041250000000002,5.1625,28.98333333333333,-99.51666663333334
2013-04-23,0.6971888261992172,301.4125,288.13750000000005,2.2,217.5125,1.115,0.01093375,4.2625,28.98333333333333,-99.51666663333334
2013-05-01,0.6971888261992172,300.5125,283.92499999999995,0.2,256.90000000000003,1.3987500000000002,0.0072250000000000005,4.525,28.98333333333333,-99.51666663333334
2013-05-09,0.6971888261992172,305.81250000000006,290.5,1.125,276.1375,1.76,0.011057500000000001,4.4125000000000005,28.98333333333333,-99.51666663333334
2013-05-17,0.6971888261992172,310.075,294.5875,3.2375000000000003,270.78749999999997,2.3362500000000006,0.013342499999999998,5.125000000000001,28.98333333333333,-99.51666663333334
2013-05-25,0.7971888261992172,307.975,293.8375,0.5125000000000001,274.05,1.61375,0.01540625,6.175000000000001,28.98333333333333,-99.51666663333334
2013-06-02,0.8262632845021982,309.1,293.7,2.95,303.55,2.14375,0.013166250000000001,4.3375,28.98333333333333,-99.51666663333334
2013-06-10,0.8290744583029812,307.275,295.47499999999997,7.9,268.31250000000006,1.385,0.016742500000000004,4.550000000000001,28.98333333333333,-99.51666663333334
2013-06-18,1.0753851224808724,309.63750000000005,294.15,0.0,333.2125,1.87625,0.015272500000000001,5.825,28.98333333333333,-99.51666663333334
2013-06-26,0.978196296281655,311.7249999999999,295.58750000000003,0.45,340.3,3.0175,0.01137875,3.3875,28.98333333333333,-99.51666663333334
2013-07-04,0.978196296281655,310.31250000000006,294.65,0.037500000000000006,319.16249999999997,2.36625,0.013302500000000002,4.6625000000000005,28.98333333333333,-99.51666663333334
2013-07-12,0.8781962962816552,307.2,295.0125,1.125,254.87499999999997,1.81625,0.014148750000000002,4.1375,28.98333333333333,-99.51666663333334
2013-07-20,0.8,311.075,295.7125,0.65,306.0625,2.205,0.015686250000000002,4.2250000000000005,28.98333333333333,-99.51666663333334
2013-07-28,0.8,312.025,295.08750000000003,0.0,324.7625,2.47,0.014785000000000001,4.312500000000001,28.98333333333333,-99.51666663333334
2013-08-05,0.7318856321037641,312.4375,295.2875,0.0,307.9125,2.7600000000000002,0.013666250000000003,4.425000000000001,28.98333333333333,-99.51666663333334
2013-08-13,0.7100819283854193,311.83750000000003,295.5875,0.0,316.51250000000005,2.835,0.012502500000000001,3.3874999999999997,28.98333333333333,-99.51666663333334
2013-08-21,0.7100819283854193,306.1625,295.09999999999997,0.8125,209.63750000000002,1.395,0.015508750000000002,3.7625,28.98333333333333,-99.51666663333334
2013-08-29,0.7100819283854193,311.05,296.34999999999997,0.8500000000000001,274.8125,2.3925,0.014768750000000002,2.875,28.98333333333333,-99.51666663333334
2013-09-06,0.6100819283854193,305.16249999999997,294.48750000000007,1.5125000000000002,194.32500000000002,1.285,0.015088750000000001,3.8625000000000007,28.98333333333333,-99.51666663333334
2013-09-14,0.7072707545846363,303.96250000000003,294.0625,4.737500000000001,187.9125,0.9624999999999999,0.015875,4.175000000000001,28.98333333333333,-99.51666663333334
2013-09-22,0.7072707545846363,306.27500000000003,291.3375,2.0500000000000003,251.6875,1.5162499999999999,0.013155,3.375,28.98333333333333,-99.51666663333334
2013-09-30,0.6971888261992172,305.725,291.85,1.225,239.02500000000003,1.37375,0.013928750000000004,3.5125000000000006,28.98333333333333,-99.51666663333334
2013-10-08,0.6971888261992172,303.2625,291.12500000000006,7.025000000000001,178.1125,1.09625,0.013232500000000003,4.0625,28.98333333333333,-99.51666663333334
2013-10-16,0.7000000000000002,298.425,286.6375,1.2000000000000002,167.925,0.7575,0.010351250000000003,3.05,28.98333333333333,-99.51666663333334
2013-10-24,0.7000000000000002,302.42499999999995,289.41249999999997,1.6,157.1875,1.0162499999999999,0.012425,4.237500000000001,28.98333333333333,-99.51666663333334
2013-11-01,0.7681143678962361,296.3875,285.12499999999994,0.07500000000000001,122.37500000000001,1.06,0.007138750000000001,3.5375,28.98333333333333,-99.51666663333334
2013-11-09,0.770925541697019,295.2125,281.3,0.0,140.175,0.82875,0.00690625,3.1999999999999997,28.98333333333333,-99.51666663333334
2013-11-17,0.7000000000000002,295.16249999999997,283.6875,0.9500000000000001,103.26250000000002,0.8312500000000002,0.00852375,4.0,28.98333333333333,-99.51666663333334
2013-11-25,0.6927292454153638,289.5875,276.2375,0.8500000000000001,126.30000000000001,0.5525,0.005357500000000001,2.4875000000000003,28.98333333333333,-99.51666663333334
2013-12-03,0.621803703718345,289.4875,275.68750000000006,0.1125,125.35,0.63,0.00541125,2.8625000000000003,28.98333333333333,-99.51666663333334
2013-12-11,0.6145329491337088,290.09999999999997,274.4125,0.0,137.65000000000003,0.6625000000000001,0.0041175000000000005,2.5375000000000005,28.98333333333333,-99.51666663333334
2013-12-19,0.5464185812374728,292.7375,277.5375,0.8250000000000001,133.775,0.70375,0.005807500000000001,3.125,28.98333333333333,-99.51666663333334
2013-12-27,0.5246148775191278,286.34,276.7,0.54,105.78000000000002,0.296,0.005456000000000001,1.4000000000000001,28.98333333333333,-99.51666663333334
2014-01-01,0.44641858123747274,285.9,272.3875,0.0,138.15,0.4675,0.0038050000000000002,3.2125,28.98333333333333,-99.51666663333334
2014-01-09,0.44641858123747274,294.71250000000003,276.675,0.07500000000000001,141.95000000000002,0.915,0.004955,3.1374999999999997,28.98333333333333,-99.51666663333334
2014-01-17,0.44641858123747274,292.8,273.85,0.28750000000000003,128.97500000000002,0.9825000000000002,0.0035187500000000006,3.2749999999999995,28.98333333333333,-99.51666663333334
2014-01-25,0.3492297550382557,291.51250000000005,275.50000000000006,0.05,150.78750000000002,0.96875,0.00371125,3.3125,28.98333333333333,-99.51666663333334
2014-02-02,0.42461487751912785,286.28749999999997,273.95000000000005,0.07500000000000001,135.075,0.50625,0.0042525,3.4000000000000004,28.98333333333333,-99.51666663333334
2014-02-10,0.3565005096228919,294.45,277.77500000000003,0.07500000000000001,173.45,1.0225,0.005613750000000001,3.2375,28.98333333333333,-99.51666663333334
2014-02-18,0.3436074074366898,299.5625,283.8125,0.17500000000000002,181.57500000000002,1.16,0.007841250000000001,3.6750000000000003,28.98333333333333,-99.51666663333334
2014-02-26,0.353689335822109,291.6375,276.3375,0.65,153.6,0.65375,0.00633,3.45,28.98333333333333,-99.51666663333334
2014-03-06,0.4218037037183449,292.88750000000005,280.01250000000005,1.4375,172.88750000000002,0.7187500000000001,0.006136250000000001,3.4749999999999996,28.98333333333333,-99.51666663333334
2014-03-14,0.4218037037183449,299.0125,281.54999999999995,0.0,195.1,1.34625,0.0057425,3.9625000000000004,28.98333333333333,-99.51666663333334
2014-03-22,0.521803703718345,297.43750000000006,285.1375,1.2750000000000001,166.7875,1.1375,0.007322500000000001,3.7750000000000004,28.98333333333333,-99.51666663333334
2014-03-30,0.621803703718345,301.1375,287.875,1.4875,222.3875,1.4275000000000002,0.0087225,4.612500000000001,28.98333333333333,-99.51666663333334
2014-04-07,0.7000000000000002,303.1875,284.55,0.6625000000000001,259.58750000000003,1.69125,0.00747,4.65,28.98333333333333,-99.51666663333334
2014-04-15,0.7971888261992172,299.34999999999997,285.8375,0.0,227.6,1.10625,0.008787500000000002,4.400000000000001,28.98333333333333,-99.51666663333334
2014-04-23,0.8871068978137979,306.425,290.1375,0.0,278.875,2.3512500000000003,0.007718750000000001,4.6625000000000005,28.98333333333333,-99.51666663333334
2014-05-01,0.8971888261992171,306.02500000000003,289.025,0.0,253.06250000000003,2.3175,0.007350000000000001,4.437500000000001,28.98333333333333,-99.51666663333334
2014-05-09,0.9653031940954531,303.03749999999997,287.0125,4.3875,260.7375,1.27375,0.01125125,4.7875,28.98333333333333,-99.51666663333334
2014-05-17,1.0434994903771082,305.375,292.71250000000003,1.5,259.3875,1.60125,0.01235875,5.65,28.98333333333333,-99.51666663333334
2014-05-25,1.0653031940954532,305.86249999999995,293.25,8.55,265.77500000000003,1.42,0.014265,3.8249999999999997,28.98333333333333,-99.51666663333334
2014-06-02,1.0753851224808724,307.375,295.625,0.175,320.425,1.6787499999999997,0.01501,5.862500000000001,28.98333333333333,-99.51666663333334
2014-06-10,1.0781962962816554,309.6875,296.04999999999995,0.9375,311.59999999999997,2.2825,0.01384875,5.1000000000000005,28.98333333333333,-99.51666663333334
2014-06-18,1.0781962962816554,306.83750000000003,296.15,4.1000000000000005,211.65000000000003,1.29,0.0172475,4.3875,28.98333333333333,-99.51666663333334
2014-06-26,1.0781962962816554,308.7875,295.72499999999997,0.0,320.9,1.715,0.0162775,5.725,28.98333333333333,-99.51666663333334
2014-07-04,1.0781962962816554,308.475,294.925,1.05,291.15000000000003,1.9162499999999998,0.01425125,4.8375,28.98333333333333,-99.51666663333334
2014-07-12,1.1463106641778913,308.6375,295.90000000000003,6.8875,294.0625,1.8887500000000002,0.0151725,4.050000000000001,28.98333333333333,-99.51666663333334
2014-07-20,1.1653031940954532,309.55,296.575,0.0,305.9000000000001,1.8625,0.016567500000000002,4.275,28.98333333333333,-99.51666663333334
2014-07-28,1.087106897813798,309.5,295.63750000000005,0.0,283.65000000000003,2.1574999999999998,0.01421875,3.1375,28.98333333333333,-99.51666663333334
2014-08-05,0.997188826199217,310.9375,296.4375,0.28750000000000003,293.70000000000005,2.35,0.014958750000000002,3.8875,28.98333333333333,-99.51666663333334
2014-08-13,0.978196296281655,311.0875,296.4875,1.825,296.7375,2.5037499999999997,0.014185,4.4,28.98333333333333,-99.51666663333334
2014-08-21,0.8781962962816552,311.15,296.2625,0.0,291.5625,2.46625,0.01433,4.237500000000001,28.98333333333333,-99.51666663333334
2014-08-29,0.8781962962816552,309.2375,297.075,1.1375,255.08750000000003,2.04375,0.0154,5.7,28.98333333333333,-99.51666663333334
2014-09-06,0.868114367896236,307.65,295.2375,0.4625,229.78749999999997,1.8087499999999999,0.014785,4.2125,28.98333333333333,-99.51666663333334
2014-09-14,0.9434994903771082,306.05,295.4125000000001,3.5125000000000006,170.83749999999998,1.4975,0.014926250000000002,3.3875,28.98333333333333,-99.51666663333334
2014-09-22,1.014425032074127,304.15000000000003,291.8625,2.7125000000000004,206.275,1.19375,0.01358125,2.8125,28.98333333333333,-99.51666663333334
2014-09-30,1.0434994903771082,305.875,292.11249999999995,0.0,235.42499999999998,1.4775,0.01342625,3.5875000000000004,28.98333333333333,-99.51666663333334
2014-10-08,1.0434994903771082,303.25,289.2625,0.1,214.77499999999998,1.3050000000000002,0.011563750000000003,4.425,28.98333333333333,-99.51666663333334
2014-10-16,1.0245069604595463,303.0625,288.625,0.23750000000000002,160.06250000000003,1.3425,0.01052375,3.1624999999999996,28.98333333333333,-99.51666663333334
2014-10-24,0.9463106641778911,303.03749999999997,287.75000000000006,2.2375,187.3625,1.28625,0.010552500000000001,3.325,28.98333333333333,-99.51666663333334
2014-11-01,0.9362287357924719,294.56249999999994,285.09999999999997,5.9625,95.75,0.685,0.00843875,4.1125,28.98333333333333,-99.51666663333334
2014-11-09,0.868114367896236,287.9375,276.85,0.037500000000000006,133.3,0.5087499999999999,0.005058750000000001,3.25,28.98333333333333,-99.51666663333334
2014-11-17,0.8,293.5125,278.8875,1.3,138.8125,0.74375,0.006277500000000001,3.5750000000000006,28.98333333333333,-99.51666663333334
2014-11-25,0.7681143678962361,294.57500000000005,279.81250000000006,0.0,139.8625,0.8287500000000001,0.006190000000000001,3.0000000000000004,28.98333333333333,-99.51666663333334
2014-12-03,0.670925541697019,293.62499999999994,284.15,0.16250000000000003,101.16250000000001,0.56125,0.00825875,2.3875,28.98333333333333,-99.51666663333334
2014-12-11,0.5927292454153639,294.29999999999995,284.475,0.1375,124.03750000000002,0.6937499999999999,0.007916250000000001,3.5125,28.98333333333333,-99.51666663333334
2014-12-19,0.5927292454153639,290.78749999999997,279.075,0.0,119.17500000000001,0.6012500000000001,0.005785,3.5750000000000006,28.98333333333333,-99.51666663333334
2014-12-27,0.5927292454153639,285.3,274.36,3.12,72.50000000000001,0.24,0.005318000000000001,3.4200000000000004,28.98333333333333,-99.51666663333334
2015-01-01,0.5246148775191278,285.275,273.7875,1.2750000000000001,106.92500000000001,0.42125,0.00404625,2.55,28.98333333333333,-99.51666663333334
2015-01-09,0.44641858123747274,283.475,274.525,0.4625,93.26250000000002,0.35125,0.004105,2.1375,28.98333333333333,-99.51666663333334
2015-01-17,0.5274260513199108,292.2,276.35,3.2375000000000003,122.67500000000001,0.74625,0.00517375,2.95,28.98333333333333,-99.51666663333334
2015-01-25,0.5274260513199108,296.01250000000005,279.5125,0.5875,136.4375,0.9762499999999998,0.005885,3.1125,28.98333333333333,-99.51666663333334
2015-02-02,0.53750797970533,289.29999999999995,279.77500000000003,1.2625,150.95000000000002,0.5625,0.00591875,2.7500000000000004,28.98333333333333,-99.51666663333334
2015-02-10,0.624614877519128,294.45,280.7375,0.45,134.6125,0.7925,0.006603750000000001,3.3000000000000003,28.98333333333333,-99.51666663333334
2015-02-18,0.6565005096228921,291.4875,277.2375,0.05,163.02500000000003,0.705,0.005840000000000001,3.7375000000000003,28.98333333333333,-99.51666663333334
2015-02-26,0.6565005096228921,285.0625,276.175,1.2625000000000002,147.93750000000003,0.15125,0.00675,4.200000000000001,28.98333333333333,-99.51666663333334
2015-03-06,0.7565005096228921,292.0375,280.275,2.275,163.81250000000003,0.635,0.0063212500000000005,2.4124999999999996,28.98333333333333,-99.51666663333334
2015-03-14,0.853689335822109,296.07499999999993,287.475,6.675000000000001,154.4375,0.67,0.009822500000000001,2.85,28.98333333333333,-99.51666663333334
2015-03-22,1.156500509622892,300.27500000000003,283.7375,0.0,229.1125,1.07375,0.008797500000000001,3.4875,28.98333333333333,-99.51666663333334
2015-03-30,1.156500509622892,299.225,290.4875,0.0,210.45000000000002,0.8762500000000001,0.011585000000000002,4.125,28.98333333333333,-99.51666663333334
2015-04-07,1.512893102186202,300.46250000000003,290.375,4.787500000000001,239.875,0.7512500000000002,0.013046250000000002,4.425,28.98333333333333,-99.51666663333334
2015-04-15,1.4910893984678573,298.5625,289.2875,1.75,224.22500000000002,0.6024999999999999,0.012411250000000002,3.437500000000001,28.98333333333333,-99.51666663333334
2015-04-23,1.8882782246670744,301.2125,287.4625,3.475,261.4875,1.01375,0.0111975,3.525,28.98333333333333,-99.51666663333334
2015-05-01,1.5882782246670746,301.3625,291.7375,0.6875000000000001,243.97500000000002,0.9750000000000001,0.012888750000000001,5.3875,28.98333333333333,-99.51666663333334
2015-05-09,1.6334175619916893,301.61249999999995,293.33750000000003,13.375,234.91250000000002,0.66,0.015732500000000003,5.062500000000001,28.98333333333333,-99.51666663333334
2015-05-17,1.102811173800783,302.85,292.9625,16.700000000000003,246.02500000000006,0.4825,0.0175075,5.262500000000001,28.98333333333333,-99.51666663333334
2015-05-25,1.994377652398434,304.1,292.80000000000007,6.7749999999999995,262.5625,0.6675,0.017213750000000003,4.45,28.98333333333333,-99.51666663333334
2015-06-02,1.965303194095453,305.525,293.325,0.0,324.37500000000006,1.05,0.016142500000000004,4.05,28.98333333333333,-99.51666663333334
2015-06-10,1.953581418762527,306.4625,295.62499999999994,1.5875000000000001,285.6,1.1325,0.01759375,4.7875000000000005,28.98333333333333,-99.51666663333334
2015-06-18,1.670925541697019,304.5,295.97499999999997,4.5625,230.46250000000003,0.835,0.01794,4.55,28.98333333333333,-99.51666663333334
2015-06-26,1.677024969428379,305.625,294.9,0.1875,273.55,0.9525000000000001,0.01762375,4.2625,28.98333333333333,-99.51666663333334
2015-07-04,1.5089106015321427,306.8125,295.85,0.0,309.5375,1.3000000000000003,0.016967500000000003,6.275,28.98333333333333,-99.51666663333334
2015-07-12,1.50609942773136,309.225,295.63750000000005,0.0,342.4125,1.8112499999999998,0.0160375,4.612500000000001,28.98333333333333,-99.51666663333334
2015-07-20,1.30609942773136,310.1125,296.65,0.0,335.90000000000003,2.04875,0.016002500000000003,4.612500000000001,28.98333333333333,-99.51666663333334
2015-07-28,1.235173886034341,310.7,295.5875,0.07500000000000001,324.68750000000006,2.5087499999999996,0.013225000000000002,4.05,28.98333333333333,-99.51666663333334
2015-08-05,1.137985059835124,312.1375,296.5,0.28750000000000003,325.37499999999994,2.7825,0.01362625,4.5875,28.98333333333333,-99.51666663333334
2015-08-13,1.087106897813798,310.22499999999997,295.925,0.07500000000000001,278.3,2.2125000000000004,0.014807500000000001,4.2,28.98333333333333,-99.51666663333334
2015-08-21,1.018992529917562,310.15000000000003,294.90000000000003,0.0,307.3,2.15125,0.014535000000000003,4.4375,28.98333333333333,-99.51666663333334
2015-08-29,1.00609942773136,309.24999999999994,295.5125,0.0,265.5125,2.16875,0.013772500000000002,4.6875,28.98333333333333,-99.51666663333334
2015-09-06,0.916181356116779,309.03749999999997,295.3625,1.6625,266.20000000000005,1.9987499999999998,0.014646250000000001,4.575,28.98333333333333,-99.51666663333334
2015-09-14,0.8871068978137979,308.2125,294.90000000000003,0.0,256.70000000000005,1.8787500000000001,0.014275,5.000000000000001,28.98333333333333,-99.51666663333334
2015-09-22,0.8,307.6,291.425,0.6875,263.1375,2.0425,0.010981250000000001,3.025,28.98333333333333,-99.51666663333334
2015-09-30,0.7189925299175621,305.91249999999997,290.82500000000005,0.0,216.36249999999998,2.06625,0.009140000000000002,3.312500000000001,28.98333333333333,-99.51666663333334
2015-10-08,0.8899180716145809,305.8625,291.5625,16.575,205.71250000000003,1.55875,0.012591250000000002,3.2250000000000005,28.98333333333333,-99.51666663333334
2015-10-16,0.9608436133115998,303.2375,290.575,1.1500000000000001,178.51250000000002,1.3575,0.011371250000000001,4.5875,28.98333333333333,-99.51666663333334
2015-10-24,1.070925541697019,299.675,285.9875,10.537500000000001,171.77500000000003,0.7987500000000001,0.010643750000000002,4.1000000000000005,28.98333333333333,-99.51666663333334
2015-11-01,1.3709255416970192,298.32500000000005,287.09999999999997,5.775,131.2625,0.80625,0.010790000000000001,3.5375000000000005,28.98333333333333,-99.51666663333334
2015-11-09,1.280890992987293,296.01250000000005,288.02500000000003,0.2,102.0,0.7650000000000001,0.00944,3.2875,28.98333333333333,-99.51666663333334
2015-11-17,1.222858553476476,294.75,278.0,0.0,138.1875,0.7250000000000001,0.00668,3.35,28.98333333333333,-99.51666663333334
2015-11-25,1.1937840951734948,291.13750000000005,282.2875,5.9625,98.6375,0.34625,0.009066250000000001,3.2250000000000005,28.98333333333333,-99.51666663333334
2015-12-03,1.222858553476476,294.6875,277.75,0.0,140.7,0.7324999999999999,0.006295000000000001,2.125,28.98333333333333,-99.51666663333334
2015-12-11,1.0810074700824381,294.71250000000003,278.25,2.075,136.8125,0.85,0.0057799999999999995,3.0,28.98333333333333,-99.51666663333334
2015-12-19,1.070925541697019,296.975,281.6375,0.08750000000000001,138.60000000000002,0.8799999999999999,0.00743875,3.4375,28.98333333333333,-99.51666663333334
2015-12-27,1.051933011779457,285.26,276.06000000000006,3.1000000000000005,113.86000000000001,0.31800000000000006,0.005502000000000001,4.64,28.98333333333333,-99.51666663333334
2016-01-01,0.9491218379786741,287.1375,277.975,3.8625000000000007,90.625,0.4525,0.005392500000000001,2.55,28.98333333333333,-99.51666663333334
2016-01-09,0.8927292454153639,291.29999999999995,274.0,0.0,143.06250000000003,0.6925000000000001,0.00439125,2.9875,28.98333333333333,-99.51666663333334
2016-01-17,0.920047379675693,292.1125,275.6,0.0,152.75,0.65875,0.004954999999999999,3.4750000000000005,28.98333333333333,-99.51666663333334
2016-01-25,0.8838186438832212,296.7625,277.20000000000005,0.30000000000000004,152.10000000000002,1.2975,0.0044150000000000005,3.2375000000000007,28.98333333333333,-99.51666663333334
2016-02-02,0.9519330117794571,292.975,273.8625,0.0,183.05,1.0475,0.0029100000000000003,3.075,28.98333333333333,-99.51666663333334
2016-02-10,0.978196296281655,300.35,279.725,0.0,191.38750000000002,1.3487500000000001,0.005525,3.0625,28.98333333333333,-99.51666663333334
2016-02-26,1.0910893984678574,299.16249999999997,283.075,0.0,201.85,1.045,0.007528750000000001,3.7375,28.98333333333333,-99.51666663333334
2016-03-05,1.2882782246670743,296.9375,288.11249999999995,6.0125,165.8,0.95875,0.009205,4.3500000000000005,28.98333333333333,-99.51666663333334
2016-03-13,1.4854670508662913,300.1375,283.8875,1.5250000000000001,209.83750000000003,1.2662499999999999,0.008248750000000001,3.2625,28.98333333333333,-99.51666663333334
2016-03-21,1.8463106641778912,297.47499999999997,281.6875,0.6125,218.9125,0.8175,0.007181250000000001,3.9375000000000004,28.98333333333333,-99.51666663333334
2016-03-29,1.9145415091692723,299.45000000000005,284.0,0.5375000000000001,234.175,1.3624999999999998,0.007180000000000001,3.8625000000000003,28.98333333333333,-99.51666663333334
2016-04-06,1.8697627748793062,300.525,287.81250000000006,6.2250000000000005,233.1375,1.05875,0.009731250000000002,4.45,28.98333333333333,-99.51666663333334
2016-04-14,1.991566478597651,300.93750000000006,290.68749999999994,0.17500000000000002,239.43750000000006,0.7324999999999999,0.013511249999999999,4.4875,28.98333333333333,-99.51666663333334
2016-04-22,1.9697627748793063,304.25,290.2,0.6875000000000001,255.66250000000002,1.41375,0.012101250000000001,4.1000000000000005,28.98333333333333,-99.51666663333334
2016-04-30,1.8915664785976514,303.075,287.4,0.0,257.63750000000005,1.56875,0.008360000000000001,4.0875,28.98333333333333,-99.51666663333334
2016-05-08,1.781484550212232,303.34999999999997,293.47499999999997,7.8500000000000005,243.02500000000003,1.1849999999999998,0.01361375,4.9875,28.98333333333333,-99.51666663333334
2016-05-16,1.8495989181084678,302.35,293.1,14.975000000000001,242.35,0.56875,0.016188750000000002,4.3500000000000005,28.98333333333333,-99.51666663333334
2016-05-24,2.020524459805487,305.79999999999995,294.625,4.925000000000001,254.03750000000002,1.07,0.017183750000000005,4.8875,28.98333333333333,-99.51666663333334
2016-06-01,1.9495989181084679,304.6375,291.52500000000003,5.3500000000000005,300.475,1.0675000000000001,0.014605,3.2,28.98333333333333,-99.51666663333334
2016-06-09,1.8842957240130151,308.04999999999995,296.66249999999997,0.0,326.46250000000003,1.4425000000000001,0.01775625,4.8875,28.98333333333333,-99.51666663333334
2016-06-17,1.7624920202946703,308.0625,295.525,0.23750000000000002,309.6375,1.69,0.015510000000000001,4.7250000000000005,28.98333333333333,-99.51666663333334
2016-06-25,1.6624920202946702,308.67499999999995,295.77500000000003,1.0125,292.07500000000005,1.7800000000000002,0.01577875,4.6625000000000005,28.98333333333333,-99.51666663333334
2016-07-03,1.465303194095453,312.15,297.8875,0.0,342.45,2.6437500000000003,0.015563750000000001,5.7375,28.98333333333333,-99.51666663333334
2016-07-11,1.287106897813798,311.97499999999997,296.59999999999997,0.0,341.725,2.62,0.014427500000000001,6.075000000000001,28.98333333333333,-99.51666663333334
2016-07-19,1.1971888261992172,310.85,296.25,0.47500000000000003,305.91249999999997,2.23875,0.015086250000000002,4.7375,28.98333333333333,-99.51666663333334
2016-07-27,1.1072707545846365,309.4,295.85,0.17500000000000002,301.81250000000006,1.75875,0.01706125,4.6625,28.98333333333333,-99.51666663333334
2016-08-04,1.0290744583029812,311.6125,297.2375,0.0,325.6375,2.46625,0.0156325,4.575,28.98333333333333,-99.51666663333334
2016-08-12,1.1072707545846365,305.75,296.57500000000005,6.7625,217.18750000000003,1.2537500000000001,0.01634375,3.1375,28.98333333333333,-99.51666663333334
2016-08-20,1.3100819283854193,305.5625,295.85,7.9,262.35,0.99875,0.018000000000000002,4.3500000000000005,28.98333333333333,-99.51666663333334
2016-08-28,1.475385122480872,305.2625,295.49999999999994,4.0875,192.00000000000003,1.095,0.016700000000000003,2.95,28.98333333333333,-99.51666663333334
2016-09-05,1.45639259256331,307.1125,295.1,0.30000000000000004,259.18750000000006,1.3412499999999998,0.0166775,4.475,28.98333333333333,-99.51666663333334
2016-09-13,1.4072707545846364,307.95,295.09999999999997,0.1375,251.0625,1.3912499999999999,0.017267500000000005,3.2625000000000006,28.98333333333333,-99.51666663333334
2016-09-21,1.2882782246670743,304.625,293.4625,2.0,201.8125,1.175,0.0154475,3.5875,28.98333333333333,-99.51666663333334
2016-09-29,1.1781962962816552,304.25,290.6625,0.0,224.625,1.2599999999999998,0.01242375,3.1375000000000006,28.98333333333333,-99.51666663333334
2016-10-07,1.0681143678962361,304.225,288.5875,0.0,203.4625,1.26,0.012006250000000003,3.7,28.98333333333333,-99.51666663333334
2016-10-15,0.9000000000000001,304.625,289.45000000000005,0.0,201.51250000000005,1.4500000000000002,0.0124275,3.9000000000000004,28.98333333333333,-99.51666663333334
2016-10-23,0.8,303.3,288.375,0.0,174.625,1.095,0.011907500000000001,3.6125,28.98333333333333,-99.51666663333334
2016-10-31,0.7028111738007831,301.8625,292.1875,0.5375000000000001,135.7,1.1037500000000002,0.012532500000000002,3.9000000000000004,28.98333333333333,-99.51666663333334
2016-11-08,0.7028111738007831,297.05,286.55,2.3125000000000004,107.25000000000001,0.8350000000000001,0.009505,2.1125000000000003,28.98333333333333,-99.51666663333334
2016-11-16,0.6056223476015661,298.13750000000005,281.00000000000006,0.0,150.7625,0.9725,0.00747375,3.2500000000000004,28.98333333333333,-99.51666663333334
2016-11-24,0.5056223476015659,297.6375,283.075,0.0,123.67500000000003,1.045,0.00720875,3.8375,28.98333333333333,-99.51666663333334
2016-12-02,0.5056223476015659,287.525,280.1375,14.262500000000001,84.7,0.41875000000000007,0.006278750000000001,2.9875000000000003,28.98333333333333,-99.51666663333334
2016-12-10,0.434696805904547,291.225,281.7,0.2,128.88750000000002,0.4025,0.008202500000000001,2.3875,28.98333333333333,-99.51666663333334
2016-12-18,0.40562234760156596,291.625,281.09999999999997,0.0,126.61250000000001,0.5462499999999999,0.0065337500000000005,3.3625,28.98333333333333,-99.51666663333334
2016-12-26,0.40562234760156596,295.93333333333334,287.25000000000006,0.18333333333333335,97.01666666666667,0.965,0.008891666666666668,3.1,28.98333333333333,-99.51666663333334
2017-01-01,0.33750797970533003,289.9375,274.4875,0.0,131.08749999999998,0.75125,0.00437125,3.0250000000000004,28.98333333333333,-99.51666663333334
2017-01-09,0.3565005096228919,299.3125,286.05,0.28750000000000003,127.01250000000002,1.01625,0.00920375,4.450000000000001,28.98333333333333,-99.51666663333334
2017-01-17,0.4218037037183449,297.5875,281.475,0.37500000000000006,135.9125,1.1975,0.005931250000000001,3.8125,28.98333333333333,-99.51666663333334
2017-01-25,0.45368933582210896,294.97499999999997,276.8625,0.125,157.3375,1.15875,0.003855,2.9750000000000005,28.98333333333333,-99.51666663333334
2017-02-02,0.553689335822109,296.12500000000006,283.37500000000006,0.0,155.63750000000002,0.9874999999999999,0.00723125,3.325,28.98333333333333,-99.51666663333334
2017-02-10,0.6536893358221091,298.46250000000003,282.8375,1.6375000000000002,175.30000000000004,1.10375,0.0074975,3.9000000000000004,28.98333333333333,-99.51666663333334
2017-02-18,0.7318856321037641,302.525,282.6875,2.9375,199.00000000000003,1.73625,0.006102500000000001,3.3875000000000006,28.98333333333333,-99.51666663333334
2017-02-26,0.853689335822109,296.775,285.6875,2.0,167.58749999999998,1.03,0.00768625,3.275,28.98333333333333,-99.51666663333334
2017-03-06,1.021803703718345,297.32500000000005,288.19999999999993,0.2875,172.9125,0.72625,0.0104925,3.9125,28.98333333333333,-99.51666663333334
2017-03-14,1.3000000000000003,301.05,287.3875,0.0,217.15,1.1425,0.00994375,4.3375,28.98333333333333,-99.51666663333334
2017-03-22,1.497188826199217,303.0375,288.4,2.3375,230.925,1.5475,0.00914625,4.062500000000001,28.98333333333333,-99.51666663333334
2017-03-30,1.584295724013015,301.9125,283.675,3.8375000000000004,242.73750000000004,1.48625,0.00738375,3.8125,28.98333333333333,-99.51666663333334
2017-04-07,1.484295724013015,301.2625,290.08750000000003,1.975,222.52500000000003,0.8975,0.012563750000000002,5.250000000000001,28.98333333333333,-99.51666663333334
2017-04-15,1.465303194095453,301.95,290.225,2.4,245.9375,0.8450000000000001,0.013515000000000001,4.7125,28.98333333333333,-99.51666663333334
2017-04-23,1.4524100919092509,304.1125,285.63750000000005,0.15000000000000002,281.2,1.7425,0.008082500000000001,4.550000000000001,28.98333333333333,-99.51666663333334
2017-05-01,1.3653031940954532,304.6375,286.05,0.0,279.725,1.8200000000000003,0.00804375,4.75,28.98333333333333,-99.51666663333334
2017-05-09,1.1971888261992172,305.05,291.95000000000005,0.1125,276.95000000000005,1.71625,0.0110975,5.0249999999999995,28.98333333333333,-99.51666663333334
2017-05-17,1.3624920202946702,303.42499999999995,292.05000000000007,12.4,238.89999999999998,1.11125,0.013896250000000002,4.362500000000001,28.98333333333333,-99.51666663333334
2017-05-25,1.3971888261992174,306.32499999999993,293.6625,6.4750000000000005,249.45,1.2725,0.01585125,3.937500000000001,28.98333333333333,-99.51666663333334
2017-06-02,1.6334175619916893,306.7250000000001,292.86249999999995,3.25,311.5875,1.3550000000000002,0.015151250000000002,3.2875,28.98333333333333,-99.51666663333334
2017-06-10,1.6406883165763253,309.3,295.8125,0.0,333.425,1.85875,0.01594875,5.112500000000001,28.98333333333333,-99.51666663333334
2017-06-18,1.472573948680089,309.62500000000006,295.15,0.275,306.58750000000003,2.27,0.01349625,3.85,28.98333333333333,-99.51666663333334
2017-06-26,1.3725739486800894,309.08750000000003,296.21250000000003,0.2875,302.40000000000003,1.73875,0.01678625,5.1375,28.98333333333333,-99.51666663333334
2017-07-04,1.2725739486800893,310.475,295.3125,0.0,331.0875,2.2425,0.014513749999999999,5.050000000000001,28.98333333333333,-99.51666663333334
2017-07-12,1.1842957240130152,309.45000000000005,296.0625,0.7000000000000001,276.65000000000003,1.97375,0.01554875,4.4750000000000005,28.98333333333333,-99.51666663333334
2017-07-20,1.1653031940954532,312.42500000000007,296.475,0.3375,325.625,2.6350000000000002,0.014877500000000002,4.887499999999999,28.98333333333333,-99.51666663333334
2017-07-28,1.1653031940954532,311.5,296.34999999999997,2.3375000000000004,292.975,2.6,0.014060000000000003,3.6375,28.98333333333333,-99.51666663333334
2017-08-05,1.1161813561167793,309.025,296.075,5.9625,266.1125,1.6087500000000001,0.017476250000000002,3.9625000000000004,28.98333333333333,-99.51666663333334
2017-08-13,1.1161813561167793,311.125,297.11250000000007,0.0,317.8125,2.245,0.016161250000000002,5.112500000000001,28.98333333333333,-99.51666663333334
2017-08-21,1.1161813561167793,306.875,295.96250000000003,0.8625,231.925,1.6712500000000001,0.014927500000000003,5.3125,28.98333333333333,-99.51666663333334
2017-08-29,1.087106897813798,308.07500000000005,292.9625,0.0,297.56250000000006,2.1125000000000003,0.011690000000000002,3.4500000000000006,28.98333333333333,-99.51666663333334
2017-09-06,0.997188826199217,306.5625,288.475,0.0,299.2,2.07875,0.008765,3.4875,28.98333333333333,-99.51666663333334
2017-09-14,0.9871068978137979,310.025,296.075,0.1375,268.7375,2.1937499999999996,0.014740000000000001,5.362500000000001,28.98333333333333,-99.51666663333334
2017-09-22,1.0681143678962361,303.20000000000005,295.53749999999997,24.925,150.3375,0.9725000000000001,0.01617125,4.5249999999999995,28.98333333333333,-99.51666663333334
2017-09-30,1.1770249694283788,303.6875,293.425,0.45,165.4875,0.8825000000000001,0.01575125,3.0375,28.98333333333333,-99.51666663333334
2017-10-08,1.326146807407053,302.27500000000003,290.925,0.1,185.76250000000002,0.93,0.013635000000000001,3.0999999999999996,28.98333333333333,-99.51666663333334
2017-10-16,1.4071542774894907,301.23749999999995,285.15,0.0,208.63750000000002,1.05625,0.01002625,3.1999999999999993,28.98333333333333,-99.51666663333334
2017-10-24,1.3681143678962362,297.0625,278.23749999999995,0.0,191.35,1.0549999999999997,0.005772500000000001,3.0874999999999995,28.98333333333333,-99.51666663333334
2017-11-01,1.307154277489491,301.56249999999994,288.8875,0.0,151.15,0.96625,0.012249999999999999,3.2375,28.98333333333333,-99.51666663333334
2017-11-09,1.1418510833940378,296.125,288.20000000000005,0.2625,109.5375,0.7175000000000001,0.0099825,2.6375000000000006,28.98333333333333,-99.51666663333334
2017-11-17,1.044662257194821,297.225,278.92499999999995,0.0,155.1,1.07125,0.006010000000000001,3.075,28.98333333333333,-99.51666663333334
2017-11-25,1.0317691550086188,298.83750000000003,282.47499999999997,0.0,127.30000000000001,0.8912499999999999,0.0085275,2.8125,28.98333333333333,-99.51666663333334
2017-12-03,0.9608436133115998,291.1375,279.1375,7.175000000000001,112.85000000000002,0.63125,0.0064399999999999995,3.4000000000000004,28.98333333333333,-99.51666663333334
2017-12-11,0.873736715497802,289.2,278.675,1.225,120.28750000000002,0.6525,0.0046725000000000004,2.2125,28.98333333333333,-99.51666663333334
2017-12-19,0.8446622571948209,292.84999999999997,277.9625,0.125,138.20000000000002,0.5837499999999999,0.006568750000000002,2.7125,28.98333333333333,-99.51666663333334
2017-12-27,0.6737367154978019,286.5,279.56,0.0,111.94000000000001,0.402,0.005514,2.5800000000000005,28.98333333333333,-99.51666663333334
2018-01-01,0.5056223476015659,286.7125,273.5125,0.0,104.48750000000001,0.5475,0.0040625,3.0625000000000004,28.98333333333333,-99.51666663333334
2018-01-09,0.540319153506113,290.775,273.85,0.41250000000000003,123.18750000000001,0.76,0.004095,3.8125000000000004,28.98333333333333,-99.51666663333334
2018-01-17,0.4274260513199108,288.26249999999993,275.15000000000003,0.037500000000000006,134.97500000000002,0.7050000000000001,0.00364625,2.825,28.98333333333333,-99.51666663333334
2018-01-25,0.4274260513199108,294.69999999999993,278.4125,0.5875,148.35000000000002,0.8812500000000001,0.005616250000000001,3.0375,28.98333333333333,-99.51666663333334
2018-02-02,0.42461487751912785,291.75,279.1625,0.1,140.675,0.5674999999999999,0.0066225,3.3375000000000004,28.98333333333333,-99.51666663333334
2018-02-10,0.534696805904547,292.98749999999995,282.05,0.15000000000000002,150.1375,0.58875,0.0079375,3.5125,28.98333333333333,-99.51666663333334
2018-02-18,0.621803703718345,296.6,285.9875,2.7875,134.36249999999998,0.69625,0.00991,4.350000000000001,28.98333333333333,-99.51666663333334
2018-02-26,0.6000000000000001,299.70000000000005,287.2875,0.1625,181.275,1.09125,0.009325000000000002,4.125,28.98333333333333,-99.51666663333334
2018-03-06,0.9318856321037641,296.83750000000003,282.6,0.0,177.16250000000002,1.2775,0.0052250000000000005,3.95,28.98333333333333,-99.51666663333334
2018-03-14,1.018992529917562,301.16249999999997,284.9125,0.0,206.00000000000003,1.70875,0.00597625,3.7125000000000004,28.98333333333333,-99.51666663333334
2018-03-22,1.1971888261992172,301.57500000000005,288.83750000000003,7.1625000000000005,202.525,1.25125,0.0101375,4.2,28.98333333333333,-99.51666663333334
2018-03-30,1.487106897813798,301.45,288.56250000000006,0.0,204.0,1.2249999999999999,0.010141250000000003,4.4625,28.98333333333333,-99.51666663333334
2018-04-07,1.487106897813798,299.225,283.225,0.125,255.53750000000002,1.16,0.007765000000000001,4.775,28.98333333333333,-99.51666663333334
2018-04-15,1.584295724013015,301.4625,285.6125,0.42500000000000004,245.5,1.56625,0.00706625,4.675000000000001,28.98333333333333,-99.51666663333334
2018-04-23,1.5334175619916892,301.6375,287.9125,0.225,255.8625,1.3575000000000002,0.009134999999999999,4.2375,28.98333333333333,-99.51666663333334
2018-05-01,1.5524100919092512,305.125,290.98750000000007,5.925,265.96250000000003,1.54625,0.01199875,4.2375,28.98333333333333,-99.51666663333334
2018-05-09,1.5306063881909062,306.8125,293.0,0.0,281.7875,1.79,0.0125725,4.875000000000001,28.98333333333333,-99.51666663333334
2018-05-17,1.5306063881909062,307.175,293.90000000000003,2.5375,263.675,1.7737500000000002,0.013523750000000003,5.362500000000001,28.98333333333333,-99.51666663333334
2018-05-25,1.2943776523984343,310.9375,295.05,0.0,298.1125,2.59125,0.012700000000000001,4.325,28.98333333333333,-99.51666663333334
2018-06-02,1.1943776523984344,311.4875,296.4125,0.0,328.2375,2.78375,0.012852500000000001,4.6875,28.98333333333333,-99.51666663333334
2018-06-10,1.0971888261992173,309.925,296.88750000000005,1.4625000000000001,289.73750000000007,2.1625,0.015248750000000002,5.9625,28.98333333333333,-99.51666663333334
2018-06-18,1.0452558144197601,307.95,296.6875,0.0,269.63750000000005,1.745,0.01590375,5.4,28.98333333333333,-99.51666663333334
2018-06-26,1.016181356116779,311.38749999999993,296.9625,0.0,329.80000000000007,2.44625,0.015132500000000002,5.887499999999999,28.98333333333333,-99.51666663333334
2018-07-04,1.016181356116779,307.8,295.1875,4.0,256.58750000000003,1.55,0.016121250000000004,3.475,28.98333333333333,-99.51666663333334
2018-07-12,1.016181356116779,311.57500000000005,296.25,0.0,341.26250000000005,2.51375,0.014557500000000001,4.4125,28.98333333333333,-99.51666663333334
2018-07-20,0.9871068978137979,312.95,295.675,0.0,336.55,3.1087500000000006,0.012266250000000003,3.4375,28.98333333333333,-99.51666663333334
2018-07-28,0.9262632845021981,310.88750000000005,295.325,0.0,318.125,2.5062499999999996,0.01339125,4.125,28.98333333333333,-99.51666663333334
2018-08-05,0.994377652398434,308.375,295.5625,8.975,275.1625,1.76375,0.015608750000000001,4.637499999999999,28.98333333333333,-99.51666663333334
2018-08-13,0.997188826199217,309.83750000000003,296.44999999999993,0.08750000000000001,309.38750000000005,1.8499999999999999,0.0168625,4.85,28.98333333333333,-99.51666663333334
2018-08-21,1.0753851224808724,310.875,296.58750000000003,0.0,311.83750000000003,2.325,0.01507625,4.8375,28.98333333333333,-99.51666663333334
2018-08-29,1.0781962962816554,308.5625,296.375,6.95,251.775,1.77375,0.016063749999999998,4.625,28.98333333333333,-99.51666663333334
2018-09-06,1.2463106641778912,302.3,295.12500000000006,18.637500000000003,159.2,0.8037500000000001,0.016076250000000004,2.4125000000000005,28.98333333333333,-99.51666663333334
2018-09-14,1.1943776523984344,303.7,295.9375,11.875,191.47500000000002,0.8849999999999999,0.017011250000000002,3.3375000000000004,28.98333333333333,-99.51666663333334
2018-09-22,1.5954325021565654,302.7375,293.13750000000005,0.4375,220.1,0.8025,0.015510000000000001,3.5125000000000006,28.98333333333333,-99.51666663333334
2018-09-30,1.6334175619916893,304.0625,295.65,0.8250000000000001,182.61249999999998,1.0662500000000001,0.01597125,4.375,28.98333333333333,-99.51666663333334
2018-10-08,1.6362287357924723,299.76250000000005,289.84999999999997,7.2125,159.75,0.525,0.014732500000000003,4.2250000000000005,28.98333333333333,-99.51666663333334
2018-10-16,1.5172362058749103,290.7125,285.0,6.525000000000001,55.41250000000001,0.26749999999999996,0.009210000000000001,2.375,28.98333333333333,-99.51666663333334
2018-10-24,1.339039909593255,298.95,286.76250000000005,0.8875000000000001,172.49999999999997,0.5750000000000001,0.011996250000000002,2.75,28.98333333333333,-99.51666663333334
2018-11-01,1.239039909593255,298.5375,286.16249999999997,1.075,157.08750000000003,0.7075,0.010871250000000002,3.0374999999999996,28.98333333333333,-99.51666663333334
2018-11-09,1.168114367896236,288.35,276.1125,0.55,112.51250000000002,0.5175,0.00480125,3.375,28.98333333333333,-99.51666663333334
2018-11-17,0.802811173800783,291.9125,281.9875,0.0,120.1375,0.4775,0.007626250000000001,2.9124999999999996,28.98333333333333,-99.51666663333334
2018-11-25,0.624614877519128,296.25,279.8,0.1875,147.4875,0.905,0.00655,3.0875000000000004,28.98333333333333,-99.51666663333334
2018-12-03,0.6000000000000001,288.8875,278.5875,4.4875,115.5125,0.47125,0.0056837500000000004,2.875,28.98333333333333,-99.51666663333334
2018-12-11,0.5318856321037642,292.46250000000003,277.225,0.0,133.4625,0.78125,0.004825,3.5375000000000005,28.98333333333333,-99.51666663333334
2018-12-19,0.5246148775191278,295.5,279.15,0.525,141.1125,0.82125,0.006465,3.5125,28.98333333333333,-99.51666663333334
2018-12-27,0.521803703718345,288.43999999999994,278.28,0.24000000000000005,94.28,0.532,0.005228000000000001,2.9,28.98333333333333,-99.51666663333334
2019-01-01,0.553689335822109,292.025,277.575,0.625,123.28750000000002,0.5875,0.006340000000000001,2.7750000000000004,28.98333333333333,-99.51666663333334
2019-01-09,0.5754930395404539,288.175,280.5625,0.5875000000000001,82.8125,0.47750000000000004,0.005807500000000001,2.9,28.98333333333333,-99.51666663333334
2019-01-17,0.6346968059045471,291.91249999999997,276.16249999999997,0.0,151.22500000000002,0.5962500000000001,0.0056300000000000005,3.675,28.98333333333333,-99.51666663333334
2019-01-25,0.6754930395404539,290.26250000000005,279.02500000000003,0.375,129.175,0.5937500000000001,0.0055962500000000005,3.0,28.98333333333333,-99.51666663333334
2019-02-02,0.6754930395404539,292.5,284.5625,0.7250000000000001,127.61250000000001,0.6224999999999998,0.0083575,3.3875,28.98333333333333,-99.51666663333334
2019-02-10,0.7565005096228921,294.22499999999997,279.2125,0.1625,169.95000000000002,0.79,0.00641625,2.8750000000000004,28.98333333333333,-99.51666663333334
2019-02-18,0.769393611809094,292.4125,279.3125,0.0,162.925,0.7087500000000001,0.0057687500000000004,4.025,28.98333333333333,-99.51666663333334
2019-02-26,0.8565005096228919,290.075,280.7375,0.0625,164.9625,0.3125,0.008467500000000001,3.3875,28.98333333333333,-99.51666663333334
2019-03-06,0.934696805904547,299.0,286.425,0.36250000000000004,188.625,0.99625,0.00969875,4.1125,28.98333333333333,-99.51666663333334
2019-03-14,1.102811173800783,294.09999999999997,281.5625,0.0,145.1875,0.945,0.0055537500000000005,3.1625000000000005,28.98333333333333,-99.51666663333334
2019-03-22,1.3000000000000003,299.96250000000003,288.4,0.0,205.4,1.0350000000000001,0.0100975,4.8374999999999995,28.98333333333333,-99.51666663333334
2019-03-30,1.4000000000000004,297.175,283.075,3.0,215.9375,0.88375,0.0083975,3.825,28.98333333333333,-99.51666663333334
2019-04-07,1.497188826199217,302.3,284.025,1.5500000000000003,259.8125,1.4962500000000003,0.007918749999999999,4.050000000000001,28.98333333333333,-99.51666663333334
2019-04-15,1.665303194095453,302.1125,286.32500000000005,2.475,265.26249999999993,1.23,0.009790000000000002,4.6625,28.98333333333333,-99.51666663333334
2019-04-23,1.587106897813798,301.9625,289.42499999999995,1.1625,245.46249999999998,1.1862500000000002,0.011258750000000001,4.9625,28.98333333333333,-99.51666663333334
2019-05-01,1.561320693441394,303.0125,292.3125,10.725000000000001,250.71250000000003,0.855,0.014963750000000001,4.7,28.98333333333333,-99.51666663333334
2019-05-09,1.425091957648922,300.2125,290.125,0.35,230.925,0.71625,0.01317375,3.9000000000000004,28.98333333333333,-99.51666663333334
2019-05-17,1.4351738860343413,306.6,296.9125,0.08750000000000001,283.5375,1.74625,0.014578750000000001,6.412500000000001,28.98333333333333,-99.51666663333334
2019-05-25,1.584295724013015,307.3375,295.33750000000003,8.012500000000001,269.5625,1.57125,0.01552125,6.35,28.98333333333333,-99.51666663333334
2019-06-02,1.86249202029467,309.03749999999997,295.3,3.6500000000000004,310.2625,1.9200000000000004,0.015125000000000001,3.975,28.98333333333333,-99.51666663333334
2019-06-10,1.7753851224808723,305.75,293.925,3.7,294.86249999999995,1.32125,0.01520625,4.3500000000000005,28.98333333333333,-99.51666663333334
2019-06-18,1.7434994903771084,308.6875,296.125,2.075,318.33750000000003,1.6875000000000002,0.016671250000000002,5.4125,28.98333333333333,-99.51666663333334
2019-06-26,1.5653031940954532,307.0999999999999,295.07500000000005,0.75,297.01250000000005,1.4849999999999999,0.015705,4.575,28.98333333333333,-99.51666663333334
2019-07-04,1.472573948680089,309.9875,296.81250000000006,0.0,328.75,2.13625,0.0154275,4.6625000000000005,28.98333333333333,-99.51666663333334
2019-07-12,1.3725739486800894,311.21250000000003,296.92499999999995,1.6875,330.1500000000001,2.41125,0.015118749999999999,4.625,28.98333333333333,-99.51666663333334
2019-07-20,1.2725739486800893,309.66249999999997,293.05,0.0,326.58750000000003,2.2912500000000007,0.012381250000000002,4.075,28.98333333333333,-99.51666663333334
2019-07-28,1.1725739486800895,311.375,296.2625,0.07500000000000001,312.0625,2.56875,0.013957500000000001,4.15,28.98333333333333,-99.51666663333334
2019-08-05,1.1044595807838535,312.6,297.4,0.0,322.21250000000003,2.6575,0.015462500000000004,5.0375000000000005,28.98333333333333,-99.51666663333334
2019-08-13,1.0072707545846362,312.31249999999994,297.275,0.0,312.9125,2.6775,0.014937500000000001,4.55,28.98333333333333,-99.51666663333334
2019-08-21,0.9173526829700553,310.8875,297.2625,1.5625000000000002,293.88750000000005,2.23,0.01608375,4.7250000000000005,28.98333333333333,-99.51666663333334
2019-08-29,0.9072707545846361,309.7875,296.1125,0.07500000000000001,269.525,2.2912500000000002,0.01389625,3.8875,28.98333333333333,-99.51666663333334
2019-09-06,0.8971888261992171,309.0875,295.925,4.1625000000000005,246.1375,1.88125,0.015605,5.1625,28.98333333333333,-99.51666663333334
2019-09-14,0.8971888261992171,310.05,295.6,0.0,249.9625,2.17,0.014686250000000001,4.2,28.98333333333333,-99.51666663333334
2019-09-22,0.868114367896236,309.675,296.9375,0.1,248.95000000000005,2.0825,0.01549375,5.362500000000001,28.98333333333333,-99.51666663333334
2019-09-30,0.7971888261992172,307.9625,294.275,0.037500000000000006,197.22500000000002,1.86875,0.013841250000000001,4.475,28.98333333333333,-99.51666663333334
2019-10-08,0.7971888261992172,303.0625,290.275,4.7875,189.55,1.5975000000000001,0.01023375,4.0125,28.98333333333333,-99.51666663333334
2019-10-16,0.7971888261992172,302.09999999999997,287.175,0.25,194.2,1.2075,0.01045125,3.3375,28.98333333333333,-99.51666663333334
2019-10-24,0.8,295.83750000000003,279.625,4.9750000000000005,179.51250000000002,0.7225,0.00854625,4.625,28.98333333333333,-99.51666663333334
2019-11-01,0.8,295.975,282.73749999999995,1.9125,141.4875,0.8175000000000001,0.00803875,3.6125000000000003,28.98333333333333,-99.51666663333334
2019-11-09,0.721803703718345,288.8625,276.4125,0.6625000000000001,111.31250000000001,0.5075000000000001,0.0052675,2.8875,28.98333333333333,-99.51666663333334
2019-11-17,0.721803703718345,297.4875,282.1625,0.0,146.12500000000003,0.83625,0.0081775,3.1125000000000007,28.98333333333333,-99.51666663333334
2019-11-25,0.7028111738007831,296.1500000000001,282.0375,0.05,130.175,1.0699999999999998,0.00627,3.5000000000000004,28.98333333333333,-99.51666663333334
2019-12-03,0.624614877519128,296.2,279.825,0.7375,136.525,1.04,0.005745000000000001,3.0250000000000004,28.98333333333333,-99.51666663333334
2019-12-11,0.6274260513199109,294.95,274.9375,0.0,149.26250000000002,1.115,0.00411125,2.95,28.98333333333333,-99.51666663333334
2019-12-19,0.5464185812374728,293.75,277.40000000000003,0.36250000000000004,130.5625,0.92,0.00483625,2.4750000000000005,28.98333333333333,-99.51666663333334
2019-12-27,0.5246148775191278,294.0,279.88,0.0,137.64000000000001,0.944,0.0052499999999999995,3.8,28.98333333333333,-99.51666663333334
2020-01-01,0.42461487751912785,293.6375,276.4875,0.0,123.8125,0.9475,0.0043075000000000006,3.4625,28.98333333333333,-99.51666663333334
2020-01-09,0.43352547905127065,296.6875,284.425,1.6125000000000003,130.95000000000002,0.88375,0.008239999999999999,4.025,28.98333333333333,-99.51666663333334
2020-01-17,0.4436074074366898,292.3875,279.275,1.0625000000000002,125.21250000000002,0.6312500000000001,0.006178750000000001,3.5250000000000004,28.98333333333333,-99.51666663333334
2020-01-25,0.4436074074366898,293.875,279.40000000000003,0.0,148.04999999999998,0.91,0.005305000000000001,3.1250000000000004,28.98333333333333,-99.51666663333334
2020-02-02,0.5307143052504877,296.0125,278.8625,0.05,160.4125,1.085,0.005615,3.825,28.98333333333333,-99.51666663333334
2020-02-10,0.46259993735425176,294.2625,280.75,3.9375,153.175,0.7749999999999999,0.006893750000000001,3.4250000000000007,28.98333333333333,-99.51666663333334
2020-02-18,0.5407962336359069,292.375,280.7625,0.0,139.51250000000002,0.7224999999999999,0.00611375,3.9000000000000004,28.98333333333333,-99.51666663333334
2020-02-26,0.521803703718345,296.15,280.3125,0.4375,198.05,1.2000000000000002,0.005083750000000001,4.075000000000001,28.98333333333333,-99.51666663333334
2020-03-05,0.618992529917562,299.4375,286.72499999999997,0.17500000000000002,165.425,1.31125,0.0077875,4.35,28.98333333333333,-99.51666663333334
2020-03-13,0.816181356116779,301.7875,291.6875,3.725,190.62500000000003,1.3250000000000002,0.0110325,5.0375,28.98333333333333,-99.51666663333334
2020-03-21,1.018992529917562,301.3125,288.58750000000003,0.9125,207.4375,1.3875000000000002,0.009768750000000001,3.325,28.98333333333333,-99.51666663333334
2020-03-29,1.187106897813798,297.8625,286.0625,6.275,170.3875,0.7662500000000001,0.010275000000000001,3.5375,28.98333333333333,-99.51666663333334
2020-04-06,1.5552212657100342,301.68749999999994,289.725,0.0,247.22500000000002,0.93875,0.012766250000000002,4.025,28.98333333333333,-99.51666663333334
2020-04-14,1.5552212657100342,299.975,284.625,0.0,241.0875,1.12375,0.00901125,3.9250000000000007,28.98333333333333,-99.51666663333334
2020-04-22,1.478196296281655,306.7625,287.8375,2.375,271.51250000000005,2.10125,0.00865875,4.4625,28.98333333333333,-99.51666663333334
2020-04-30,1.465303194095453,308.1375,291.65,0.375,267.875,2.2387499999999996,0.0106075,4.6625,28.98333333333333,-99.51666663333334
2020-05-08,1.5434994903771082,305.1625,290.675,5.525,262.4125,1.3425,0.01299875,4.9625,28.98333333333333,-99.51666663333334
2020-05-16,1.6245069604595463,308.425,293.72499999999997,7.9375,279.425,1.645,0.015451250000000003,4.3375,28.98333333333333,-99.51666663333334
2020-05-24,1.5434994903771082,304.83750000000003,292.09999999999997,2.075,273.7875,1.1549999999999998,0.014460000000000002,3.9625,28.98333333333333,-99.51666663333334
2020-06-01,1.487106897813798,307.2625,294.85,0.037500000000000006,293.5875,1.5137500000000002,0.015735000000000002,3.4750000000000005,28.98333333333333,-99.51666663333334
2020-06-09,1.46249202029467,307.79999999999995,291.875,0.5,312.6875,2.18875,0.010573750000000002,3.9625000000000004,28.98333333333333,-99.51666663333334
2020-06-17,1.2044595807838534,308.35,296.01250000000005,1.9000000000000001,309.8625,1.7337500000000001,0.015865,5.25,28.98333333333333,-99.51666663333334
2020-06-25,1.1072707545846365,307.87500000000006,297.42499999999995,0.1125,290.625,1.77125,0.0160375,5.450000000000001,28.98333333333333,-99.51666663333334
2020-07-03,1.0971888261992173,312.1,297.57500000000005,0.0,332.525,2.8125000000000004,0.0140375,4.5625,28.98333333333333,-99.51666663333334
2020-07-11,1.0753851224808724,313.0875,296.59999999999997,0.1125,334.40000000000003,3.1525000000000003,0.012645,4.525,28.98333333333333,-99.51666663333334
2020-07-19,0.994377652398434,310.35,297.275,1.5125000000000002,284.9,2.3225,0.014992500000000004,5.012500000000001,28.98333333333333,-99.51666663333334
2020-07-27,0.997188826199217,309.7,295.56249999999994,2.3000000000000003,294.26250000000005,1.8050000000000002,0.01652375,3.437500000000001,28.98333333333333,-99.51666663333334
2020-08-04,0.9072707545846361,310.5125,296.9625,0.0,322.45,2.275,0.015211250000000003,5.175000000000001,28.98333333333333,-99.51666663333334
2020-08-12,0.8971888261992171,311.72499999999997,296.4625,0.2,310.96250000000003,2.75,0.013383750000000002,3.4250000000000003,28.98333333333333,-99.51666663333334
2020-08-20,0.8971888261992171,310.225,295.6875,2.1375,287.33750000000003,2.4725,0.013031250000000001,3.1375000000000006,28.98333333333333,-99.51666663333334
2020-08-28,0.868114367896236,310.32500000000005,298.15,1.35,264.2875,2.17875,0.01643125,4.2125,28.98333333333333,-99.51666663333334
2020-09-05,0.8653031940954531,303.475,292.625,0.9875000000000002,191.63750000000002,1.0225,0.014745,3.3375,28.98333333333333,-99.51666663333334
2020-09-13,0.868114367896236,305.775,293.21250000000003,2.9250000000000003,232.63750000000002,1.57375,0.013121250000000003,2.7125000000000004,28.98333333333333,-99.51666663333334
2020-09-21,0.868114367896236,305.15000000000003,291.83750000000003,0.0,236.8625,1.5125000000000002,0.012577500000000002,3.6000000000000005,28.98333333333333,-99.51666663333334
2020-09-29,0.7971888261992172,304.59999999999997,286.1875,0.0,249.51250000000005,1.90375,0.007401250000000001,2.8500000000000005,28.98333333333333,-99.51666663333334
2020-10-07,0.7681143678962361,307.575,290.33750000000003,0.0,224.28750000000002,2.1437500000000003,0.009997500000000003,2.675,28.98333333333333,-99.51666663333334
2020-10-15,0.7000000000000002,304.65,292.53749999999997,0.0,193.08750000000003,1.6100000000000003,0.0118225,4.1625,28.98333333333333,-99.51666663333334
2020-10-23,0.687106897813798,296.225,281.375,0.5,169.50000000000003,0.8162500000000001,0.00813625,3.9125000000000005,28.98333333333333,-99.51666663333334
2020-10-31,0.668114367896236,300.3375,282.325,0.0,175.8625,1.38625,0.006425,2.9625000000000004,28.98333333333333,-99.51666663333334
2020-11-08,0.5899180716145809,301.05,288.8625,0.0625,146.82500000000002,1.26,0.009728750000000001,3.9749999999999996,28.98333333333333,-99.51666663333334
2020-11-16,0.521803703718345,299.02500000000003,284.725,0.0,142.45000000000002,1.19375,0.00743,3.8625,28.98333333333333,-99.51666663333334
2020-11-24,0.42461487751912785,295.09999999999997,281.0875,6.375,128.70000000000002,0.8549999999999999,0.00689375,3.3500000000000005,28.98333333333333,-99.51666663333334
2020-12-02,0.42461487751912785,293.325,275.8125,0.36250000000000004,145.7125,1.04375,0.0035175000000000007,2.5125,28.98333333333333,-99.51666663333334
2020-12-10,0.40562234760156596,294.27500000000003,276.53749999999997,0.0,146.8625,0.92375,0.004795000000000001,2.9875000000000007,28.98333333333333,-99.51666663333334
2020-12-18,0.3246148775191279,295.65,276.91249999999997,0.0,140.2375,1.0362500000000001,0.0047887500000000005,3.1750000000000007,28.98333333333333,-99.51666663333334
2020-12-26,0.3346968059045471,294.6833333333333,281.61666666666673,2.816666666666667,117.78333333333336,0.9366666666666666,0.0067283333333333336,4.666666666666667,28.98333333333333,-99.51666663333334
2021-01-01,0.35931168342367487,292.075,275.4875,0.0,144.1875,0.81625,0.0042075,2.7875000000000005,28.98333333333333,-99.51666663333334
2021-01-09,0.35931168342367487,287.3,272.65,1.6,127.3875,0.6325000000000001,0.00327375,3.0374999999999996,28.98333333333333,-99.51666663333334
2021-01-17,0.38392656094280275,293.59999999999997,283.0625,0.8999999999999999,117.0,0.60875,0.007961250000000001,2.975,28.98333333333333,-99.51666663333334
2021-01-25,0.44922975503825574,295.33750000000003,278.6625,0.0,155.45000000000002,1.0150000000000001,0.005057500000000001,3.1250000000000004,28.98333333333333,-99.51666663333334
2021-02-02,0.5492297550382557,298.98749999999995,280.7375,0.0,178.47500000000002,1.305,0.0058575,3.225,28.98333333333333,-99.51666663333334
2021-02-10,0.4593116834236749,279.125,270.2125,5.8125,105.82500000000002,0.16875,0.0039875,3.8250000000000006,28.98333333333333,-99.51666663333334
2021-02-18,0.534696805904547,293.0625,277.625,0.8125,181.25,0.83125,0.005985,3.0125,28.98333333333333,-99.51666663333334
2021-02-26,0.556500509622892,296.38750000000005,282.5875,0.037500000000000006,183.425,0.8237500000000001,0.007907500000000001,3.6875,28.98333333333333,-99.51666663333334
2021-03-06,0.6157042759869852,299.81249999999994,287.2625,0.2,160.88750000000002,1.19625,0.008977500000000001,5.3375,28.98333333333333,-99.51666663333334
2021-03-14,0.7157042759869852,299.82500000000005,281.52500000000003,0.0,221.4375,1.48625,0.00532375,4.0125,28.98333333333333,-99.51666663333334
2021-03-22,0.7346968059045471,302.09999999999997,284.7625,0.07500000000000001,198.7125,1.74625,0.00616375,4.1375,28.98333333333333,-99.51666663333334
2021-03-30,0.7157042759869852,299.6875,288.15,0.0,172.61250000000004,1.3312500000000003,0.008192500000000002,5.2625,28.98333333333333,-99.51666663333334
2021-04-07,0.802811173800783,307.0,289.86249999999995,0.0,247.10000000000002,2.21875,0.00900125,4.275,28.98333333333333,-99.51666663333334
2021-04-15,0.7346968059045471,297.7625,284.6625,0.0,157.225,1.1112499999999998,0.0072925,4.375,28.98333333333333,-99.51666663333334
2021-04-23,0.8318856321037642,304.975,290.075,5.4625,215.65000000000003,1.5862499999999997,0.01143625,4.5875,28.98333333333333,-99.51666663333334
2021-05-01,0.9100819283854191,305.675,289.8125,7.175000000000001,272.40000000000003,1.6012499999999998,0.011675000000000001,3.8500000000000005,28.98333333333333,-99.51666663333334
2021-05-09,1.0781962962816554,302.38750000000005,292.175,10.0875,217.2375,0.87625,0.014537500000000002,4.4125,28.98333333333333,-99.51666663333334
2021-05-17,1.4463106641778911,303.02500000000003,292.65000000000003,0.375,250.05,0.9050000000000001,0.014848750000000003,5.275000000000001,28.98333333333333,-99.51666663333334
2021-05-25,1.6116138582733444,304.725,294.24999999999994,5.65,260.0,0.9574999999999999,0.016592500000000003,5.3375,28.98333333333333,-99.51666663333334
2021-06-02,1.646310664177891,305.075,294.84999999999997,11.2125,292.63750000000005,1.0587499999999999,0.01667625,4.3125,28.98333333333333,-99.51666663333334
2021-06-10,1.7306063881909062,308.8625,295.35,0.0,323.8625,1.87125,0.015118750000000002,3.825,28.98333333333333,-99.51666663333334
2021-06-18,1.494377652398434,308.3125,296.55,0.21250000000000002,311.63750000000005,1.6950000000000003,0.01635375,5.3375,28.98333333333333,-99.51666663333334
2021-06-26,1.403288253930577,307.4125,296.225,1.9125,267.5375,1.5699999999999998,0.01612375,4.775,28.98333333333333,-99.51666663333334
2021-07-04,1.3842957240130151,305.1875,296.45,9.925,223.7875,1.19625,0.016606250000000003,3.8625000000000007,28.98333333333333,-99.51666663333334
2021-07-12,1.603288253930577,307.925,296.45,3.8125,308.325,1.5312500000000002,0.01690625,4.8,28.98333333333333,-99.51666663333334
2021-07-20,1.513370182315996,308.8625,295.62499999999994,2.2125,307.6,1.8824999999999998,0.015246250000000001,3.9124999999999996,28.98333333333333,-99.51666663333334
2021-07-28,1.532362712233558,308.525,296.2375,6.275,284.15000000000003,1.76375,0.0160125,3.2,28.98333333333333,-99.51666663333334
2021-08-05,1.483240874254884,308.6875,296.5,3.9375,278.96250000000003,1.5312500000000002,0.0177675,5.050000000000001,28.98333333333333,-99.51666663333334
2021-08-13,1.4642483443373222,310.125,296.7875,2.8750000000000004,277.38750000000005,1.93125,0.016852500000000003,4.5,28.98333333333333,-99.51666663333334
2021-08-21,1.3452558144197602,310.0375,296.18749999999994,0.15000000000000002,277.7875,2.0575,0.0156225,4.550000000000001,28.98333333333333,-99.51666663333334
2021-08-29,1.2363452128876173,310.9375,296.84999999999997,0.0,263.6625,2.3249999999999997,0.015322500000000003,3.9,28.98333333333333,-99.51666663333334
2021-09-06,1.1581489166059622,309.425,293.875,0.08750000000000001,270.175,2.345,0.012133750000000002,3.2,28.98333333333333,-99.51666663333334
2021-09-14,1.0581489166059623,310.03749999999997,294.09999999999997,0.1875,278.85,2.2425,0.01348875,3.175,28.98333333333333,-99.51666663333334
2021-09-22,1.0391563866884004,306.51250000000005,289.2375,0.1,277.875,1.98375,0.00966375,3.8875,28.98333333333333,-99.51666663333334
2021-09-30,1.0100819283854192,306.8125,291.04999999999995,1.5625,212.73750000000004,1.7712500000000002,0.01190875,3.2625,28.98333333333333,-99.51666663333334
2021-10-08,0.9318856321037641,306.625,291.7,2.725,201.8,1.6150000000000002,0.01305125,3.7874999999999996,28.98333333333333,-99.51666663333334
2021-10-16,0.9128931021862021,302.97499999999997,287.8125,0.0,204.6875,1.35875,0.010247500000000001,3.725,28.98333333333333,-99.51666663333334
2021-10-24,0.9000000000000001,304.675,285.80000000000007,0.7625000000000001,191.72500000000002,1.84875,0.0080325,3.8875,28.98333333333333,-99.51666663333334
2021-11-01,0.802811173800783,297.2125,284.15000000000003,2.5625,144.3625,0.875,0.008537500000000002,3.475,28.98333333333333,-99.51666663333334
2021-11-09,0.708433521402349,301.0375,284.78749999999997,0.0,158.2375,1.2175,0.008623750000000001,3.3000000000000007,28.98333333333333,-99.51666663333334
2021-11-17,0.708433521402349,297.25,282.98749999999995,0.275,130.32500000000002,1.0225,0.007113750000000001,3.5625000000000004,28.98333333333333,-99.51666663333334
2021-11-25,0.5302372251206938,294.71250000000003,280.85,1.7000000000000002,121.4125,0.77125,0.006901250000000001,2.625,28.98333333333333,-99.51666663333334
2021-12-03,0.5112446952031319,299.37500000000006,285.725,0.0,143.12500000000003,1.1425,0.008502500000000001,2.8625000000000003,28.98333333333333,-99.51666663333334
2021-12-11,0.5011627668177127,297.1125,284.17500000000007,0.275,130.1,0.98625,0.00799875,3.8125000000000004,28.98333333333333,-99.51666663333334
2021-12-19,0.4983515930169297,296.02500000000003,281.62500000000006,0.125,134.2625,1.0,0.006610000000000001,2.5875000000000004,28.98333333333333,-99.51666663333334
2021-12-27,0.4274260513199108,300.36,287.64,0.0,142.98,1.3900000000000001,0.008008000000000001,2.5000000000000004,28.98333333333333,-99.51666663333334
2022-01-01,0.3318856321037641,293.03749999999997,273.7125,0.037500000000000006,137.82500000000002,1.00625,0.0037449999999999996,3.3,28.98333333333333,-99.51666663333334
2022-01-09,0.30281117380078304,293.8375,274.3125,0.0,125.89999999999999,1.0987500000000001,0.0031975000000000003,3.1125000000000007,28.98333333333333,-99.51666663333334
2022-01-17,0.305622347601566,290.4375,275.725,0.0,116.9625,1.0,0.0029050000000000005,2.912500000000001,28.98333333333333,-99.51666663333334
2022-01-25,0.3318856321037641,292.9,278.05,0.23750000000000002,140.375,0.8462500000000001,0.0049675000000000006,2.8750000000000004,28.98333333333333,-99.51666663333334
2022-02-02,0.402811173800783,289.1625,270.95,0.625,159.41250000000002,0.6912499999999999,0.0034725,3.1874999999999996,28.98333333333333,-99.51666663333334
2022-02-10,0.402811173800783,297.2,276.47499999999997,0.0,181.05,1.215,0.004628750000000001,3.9375000000000004,28.98333333333333,-99.51666663333334
2022-02-18,0.402811173800783,292.8,277.825,0.0,148.9375,0.96125,0.0050775,3.5000000000000004,28.98333333333333,-99.51666663333334
2022-02-26,0.402811173800783,295.95,279.9375,0.05,172.32500000000002,1.1199999999999999,0.00565625,3.5250000000000004,28.98333333333333,-99.51666663333334
2022-03-06,0.402811173800783,294.075,275.975,0.05,176.02499999999998,0.86125,0.0051075,4.2125,28.98333333333333,-99.51666663333334
2022-03-14,0.4157042759869851,302.575,280.7375,0.1125,225.70000000000002,1.8825000000000003,0.004555,4.65,28.98333333333333,-99.51666663333334
2022-03-22,0.4157042759869851,303.03749999999997,282.0625,0.0,229.3,2.11125,0.004275,4.5125,28.98333333333333,-99.51666663333334
2022-03-30,0.502811173800783,304.8625,286.3125,1.4875,247.57500000000002,1.8675,0.00801375,4.2125,28.98333333333333,-99.51666663333334
2022-04-07,0.502811173800783,306.0375,287.05,0.0,264.15000000000003,2.33375,0.006735,4.074999999999999,28.98333333333333,-99.51666663333334
2022-04-15,0.434696805904547,304.47499999999997,293.125,0.41250000000000003,252.97499999999997,1.4975,0.012602500000000003,5.575,28.98333333333333,-99.51666663333334
2022-04-23,0.4637712642075282,303.8875,292.86249999999995,0.7000000000000001,226.71250000000003,1.3075,0.0132875,5.362500000000001,28.98333333333333,-99.51666663333334
2022-05-01,0.553689335822109,308.325,295.575,1.85,264.1625,1.8575,0.0151,5.025,28.98333333333333,-99.51666663333334
2022-05-09,0.6318856321037641,310.02500000000003,295.2,0.0,275.73750000000007,2.5275,0.012257500000000001,5.125,28.98333333333333,-99.51666663333334
2022-05-17,0.6637712642075282,309.0375,294.25,6.1000000000000005,270.90000000000003,2.1925,0.013215000000000001,5.387499999999999,28.98333333333333,-99.51666663333334
2022-05-25,0.7290744583029812,309.4875,295.43749999999994,0.0,298.125,2.13125,0.0144025,5.2250000000000005,28.98333333333333,-99.51666663333334
2022-06-02,0.7480669882205431,312.1625,296.025,0.0,326.6,2.8125000000000004,0.013331250000000001,4.5,28.98333333333333,-99.51666663333334
2022-06-10,0.7480669882205431,312.41249999999997,296.75,0.0,321.9375,2.915,0.013357500000000001,5.5625,28.98333333333333,-99.51666663333334
2022-06-18,0.7480669882205431,311.275,296.3375,0.0,331.43750000000006,2.72125,0.0129325,4.687500000000001,28.98333333333333,-99.51666663333334
2022-06-26,0.7452558144197601,311.3125,296.2375,2.775,293.575,2.49375,0.014391250000000001,3.7000000000000006,28.98333333333333,-99.51666663333334
2022-07-04,0.7452558144197601,313.9875,297.925,0.0,342.98750000000007,3.1050000000000004,0.0147575,3.7874999999999996,28.98333333333333,-99.51666663333334
2022-07-12,0.7452558144197601,313.15000000000003,296.7,1.4875,321.11250000000007,2.8512500000000003,0.014572500000000002,3.8625,28.98333333333333,-99.51666663333334
2022-07-20,0.7262632845021982,313.0875,297.9875,0.0,330.4125,2.8825000000000003,0.015000000000000001,5.5874999999999995,28.98333333333333,-99.51666663333334
2022-07-28,0.7262632845021982,313.17499999999995,297.66249999999997,0.0,329.1875,3.01,0.014141250000000001,5.4625,28.98333333333333,-99.51666663333334
2022-08-05,0.7351738860343411,312.0875,297.27500000000003,1.1125,278.55,2.7175,0.01442,4.225,28.98333333333333,-99.51666663333334
2022-08-13,0.816181356116779,308.3375,296.93749999999994,9.325,260.92499999999995,1.655,0.01706125,4.237500000000001,28.98333333333333,-99.51666663333334
2022-08-21,1.003288253930577,307.28749999999997,296.9125,17.05,219.95000000000002,1.3049999999999997,0.01806125,3.0875000000000004,28.98333333333333,-99.51666663333334
2022-08-29,0.9842957240130149,305.425,296.675,2.9125,237.7,1.115,0.017417500000000002,3.3125000000000004,28.98333333333333,-99.51666663333334
2022-09-06,1.355221265710034,307.27500000000003,294.88750000000005,0.2625,269.4125,1.5837499999999998,0.015122500000000002,2.6125,28.98333333333333,-99.51666663333334
2022-09-14,1.265303194095453,307.62499999999994,294.8625,0.0,269.27500000000003,1.54875,0.0157225,4.15,28.98333333333333,-99.51666663333334
2022-09-22,1.0653031940954532,307.66249999999997,290.5875,0.0,269.01250000000005,2.0500000000000003,0.0108075,2.9250000000000007,28.98333333333333,-99.51666663333334
2022-09-30,0.9653031940954531,304.28749999999997,288.5125,0.0,199.54999999999998,1.69875,0.009172500000000002,2.6875000000000004,28.98333333333333,-99.51666663333334
2022-10-08,0.9362287357924719,306.2875,291.96250000000003,0.0,201.5,1.8162499999999997,0.01150125,3.4125000000000005,28.98333333333333,-99.51666663333334
2022-10-24,0.9362287357924719,299.97499999999997,283.40000000000003,2.225,194.27500000000003,1.1612500000000001,0.00796875,3.5875,28.98333333333333,-99.51666663333334
2022-11-01,0.868114367896236,301.84999999999997,289.03749999999997,0.1,157.08750000000003,1.30125,0.01021,3.7375000000000007,28.98333333333333,-99.51666663333334
2022-11-09,0.868114367896236,295.0875,281.3125,0.9,151.03750000000002,0.8900000000000001,0.006945000000000001,3.6875000000000004,28.98333333333333,-99.51666663333334
2022-11-17,0.8463106641778911,286.375,281.675,4.0875,61.025000000000006,0.46875,0.00551625,2.3375000000000004,28.98333333333333,-99.51666663333334
2022-11-25,0.7681143678962361,293.4125,280.28749999999997,2.4375000000000004,128.475,0.7175,0.006626250000000001,2.9250000000000003,28.98333333333333,-99.51666663333334
2022-12-03,0.8089106015321428,295.775,289.92499999999995,0.4875,140.16250000000002,0.68625,0.0106075,3.0625000000000004,28.98333333333333,-99.51666663333334
2022-12-11,0.8,294.48749999999995,280.675,0.3375,136.0625,0.9099999999999999,0.006130000000000002,3.475,28.98333333333333,-99.51666663333334
2022-12-19,0.7810074700824381,285.825,271.46250000000003,0.1125,142.3,0.59875,0.0029649999999999998,2.6250000000000004,28.98333333333333,-99.51666663333334
2022-12-27,0.7000000000000002,296.76000000000005,277.9,0.0,132.52,1.066,0.005376000000000001,2.54,28.98333333333333,-99.51666663333334
