date,LAI,tmmx,tmmn,pr,srad,vpd,sph,vs,lat,lon
2000-02-18,0.2557874649137696,297.13750000000005,281.025,1.7750000000000001,181.77500000000003,0.98875,0.0069925000000000005,5.575,30.73333333333333,-99.93333330000002
2000-02-26,0.415231939837526,295.81250000000006,278.99999999999994,0.1375,202.3625,1.1375000000000002,0.004913750000000001,4.65,30.73333333333333,-99.93333330000002
2000-03-05,0.430463879675052,297.6875,280.2375,0.0,214.13750000000002,1.1812500000000001,0.0061975,4.95,30.73333333333333,-99.93333330000002
2000-03-13,0.4944481977375939,296.5625,277.3625,0.0,223.6375,1.00125,0.005790000000000001,4.875,30.73333333333333,-99.93333330000002
2000-03-21,0.515231939837526,302.3875,284.8,1.25,220.1875,1.43,0.0086275,4.775,30.73333333333333,-99.93333330000002
2000-03-29,0.5096801375751199,297.475,280.975,0.65,238.275,1.16625,0.006092499999999999,4.5,30.73333333333333,-99.93333330000002
2000-04-06,0.520072008625086,299.06249999999994,282.96250000000003,3.0125,247.38750000000002,1.26375,0.00715375,5.2125,30.73333333333333,-99.93333330000002
2000-04-14,0.5048400687875599,302.7375,287.4625,0.07500000000000001,271.77500000000003,1.5425000000000002,0.0091125,4.6875,30.73333333333333,-99.93333330000002
2000-04-22,0.515231939837526,303.975,286.83750000000003,0.75,277.9125,1.7362499999999998,0.008535,4.800000000000001,30.73333333333333,-99.93333330000002
2000-04-30,0.5743761891125081,303.7375,290.3875,1.5625,279.03749999999997,1.49625,0.011508750000000002,5.1,30.73333333333333,-99.93333330000002
2000-05-08,0.5695361203249482,306.4125,291.5125,0.0,283.5875,1.9650000000000003,0.0112675,5.8375,30.73333333333333,-99.93333330000002
2000-05-16,0.5743761891125081,305.0125,290.5375,2.7125,259.225,1.5475,0.012371250000000002,4.8125,30.73333333333333,-99.93333330000002
2000-05-24,0.584056326687628,308.01249999999993,294.325,2.0125,294.6125,1.93375,0.014142500000000002,5.1375,30.73333333333333,-99.93333330000002
2000-06-01,0.6591442492749822,303.51249999999993,292.91249999999997,3.6375,261.6375,1.2837500000000002,0.013533749999999999,4.15,30.73333333333333,-99.93333330000002
2000-06-09,0.7152319398375262,302.925,292.3875,7.2250000000000005,262.81250000000006,0.9862500000000001,0.014883750000000001,5.737500000000001,30.73333333333333,-99.93333330000002
2000-06-17,0.8490526038737904,304.1,293.84999999999997,5.512500000000001,267.2875,1.1875,0.015200000000000002,5.137500000000001,30.73333333333333,-99.93333330000002
2000-06-25,0.8048400687875601,307.0,294.275,0.0,302.13750000000005,1.7174999999999998,0.01445625,4.225,30.73333333333333,-99.93333330000002
2000-07-03,0.7435008016113842,308.41249999999997,292.8625,0.0,345.6,2.07,0.012875000000000003,4.762499999999999,30.73333333333333,-99.93333330000002
2000-07-11,0.6850682858112487,311.0375,295.20000000000005,0.0,341.20000000000005,2.95875,0.011135,3.825,30.73333333333333,-99.93333330000002
2000-07-19,,310.61249999999995,295.27500000000003,0.42500000000000004,335.3625,2.86,0.011303750000000001,3.775,30.73333333333333,-99.93333330000002
2000-07-27,,307.9875,294.46250000000003,0.8750000000000001,280.475,2.19875,0.012386250000000001,3.2625,30.73333333333333,-99.93333330000002
2000-08-04,,308.37500000000006,292.625,0.0,306.8125,2.1137500000000005,0.012417500000000001,4.925,30.73333333333333,-99.93333330000002
2000-08-12,,309.0625,293.0125,0.0,308.0,2.51125,0.01072875,3.6000000000000005,30.73333333333333,-99.93333330000002
2000-08-20,,307.8,292.67500000000007,0.48750000000000004,279.9875,2.08625,0.01204375,4.025,30.73333333333333,-99.93333330000002
2000-08-28,0.5103918710499661,310.3125,292.7625,0.0,290.45,2.725,0.01061375,3.9500000000000006,30.73333333333333,-99.93333330000002
2000-09-05,0.5048400687875599,309.7375,292.1,0.6875,272.97499999999997,2.5362500000000003,0.01100625,3.6875,30.73333333333333,-99.93333330000002
2000-09-13,0.4383605071750498,305.55,288.6125,0.2,259.975,1.7250000000000003,0.010617500000000002,3.4375000000000004,30.73333333333333,-99.93333330000002
2000-09-21,0.4487523782250159,301.75,283.9625,5.375,246.75000000000003,1.21,0.010196249999999999,3.9625000000000004,30.73333333333333,-99.93333330000002
2000-09-29,0.4408557507250181,302.5,287.975,0.0,217.60000000000002,1.55875,0.00916125,4.85,30.73333333333333,-99.93333330000002
2000-10-07,0.415231939837526,289.775,281.425,4.8875,136.125,0.505,0.007342500000000001,4.4,30.73333333333333,-99.93333330000002
2000-10-15,0.389608128950034,296.325,288.7,6.9375,139.275,0.6412500000000001,0.011061250000000002,3.4875,30.73333333333333,-99.93333330000002
2000-10-23,0.36398431806254194,297.66249999999997,289.825,7.5125,156.60000000000002,0.6687500000000001,0.012056250000000001,4.6875,30.73333333333333,-99.93333330000002
2000-10-31,0.45944447492375645,293.88750000000005,283.1375,17.1625,117.12500000000001,0.5375,0.00886625,4.1625,30.73333333333333,-99.93333330000002
2000-11-08,0.4896081289500339,287.0625,273.4125,2.325,129.4625,0.39,0.004976250000000001,3.7375000000000007,30.73333333333333,-99.93333330000002
2000-11-16,0.43382066403626446,286.2,275.325,5.2749999999999995,109.1875,0.34625000000000006,0.0052250000000000005,3.3125000000000004,30.73333333333333,-99.93333330000002
2000-11-24,0.45460440613619657,289.41249999999997,275.925,0.0,134.1625,0.5025000000000001,0.005315,3.4000000000000004,30.73333333333333,-99.93333330000002
2000-12-02,0.45460440613619657,284.46250000000003,272.65,1.0,123.05,0.40750000000000003,0.00385375,3.6625000000000005,30.73333333333333,-99.93333330000002
2000-12-10,0.4137486554111785,287.75,272.525,0.0,129.76250000000002,0.535,0.004323750000000001,4.975,30.73333333333333,-99.93333330000002
2000-12-18,0.45944447492375645,285.15,272.3375,0.9500000000000001,130.25,0.47874999999999995,0.0035050000000000007,4.5375,30.73333333333333,-99.93333330000002
2000-12-26,0.35944447492375653,281.1166666666667,269.11666666666673,1.5166666666666668,115.7,0.30833333333333335,0.0030816666666666666,3.866666666666667,30.73333333333333,-99.93333330000002
2001-01-01,0.37437618911250803,286.13750000000005,269.975,0.0,127.175,0.45875,0.0037187500000000007,3.3,30.73333333333333,-99.93333330000002
2001-01-09,0.46983634597372254,288.48749999999995,274.1375,2.2750000000000004,117.45,0.47625,0.004883750000000001,3.7625,30.73333333333333,-99.93333330000002
2001-01-17,0.45944447492375645,283.175,270.55,0.7125,123.80000000000001,0.30124999999999996,0.00383875,3.7875,30.73333333333333,-99.93333330000002
2001-01-25,0.5594444749237566,287.425,275.7125,3.2,118.75000000000001,0.38875000000000004,0.005366250000000001,4.237500000000001,30.73333333333333,-99.93333330000002
2001-02-02,0.5594444749237566,291.31250000000006,275.625,0.125,166.68750000000003,0.635,0.005425,4.8,30.73333333333333,-99.93333330000002
2001-02-10,0.6442125350862307,288.7,276.47499999999997,2.9250000000000003,136.4625,0.36875,0.006465,3.9875,30.73333333333333,-99.93333330000002
2001-02-18,0.7338206640362644,293.25000000000006,278.88750000000005,0.7250000000000001,171.475,0.64,0.0068000000000000005,4.625,30.73333333333333,-99.93333330000002
2001-02-26,0.6569492313737882,290.6,277.9375,1.8125,152.0,0.5162500000000001,0.0063187500000000014,2.8125,30.73333333333333,-99.93333330000002
2001-03-06,0.7594444749237566,292.40000000000003,278.86249999999995,2.0,188.21250000000003,0.66625,0.0060862500000000005,4.112500000000001,30.73333333333333,-99.93333330000002
2001-03-14,0.8338206640362645,288.8875,275.7625,2.1375,181.96250000000003,0.6037500000000001,0.0046300000000000004,4.0375,30.73333333333333,-99.93333330000002
2001-03-22,0.8881248445236865,291.17499999999995,277.6125,2.0375,189.425,0.5062499999999999,0.00664125,3.8375000000000004,30.73333333333333,-99.93333330000002
2001-03-30,0.9341208896850389,300.0,286.375,0.125,240.3125,0.9087500000000001,0.010997500000000002,4.625,30.73333333333333,-99.93333330000002
2001-04-07,1.2130369219363324,300.2875,287.9,0.1875,258.7375,1.05875,0.010638750000000002,4.875000000000001,30.73333333333333,-99.93333330000002
2001-04-15,1.2127366962875579,297.5,284.4875,2.6375,234.70000000000005,0.7775,0.010075,6.325,30.73333333333333,-99.93333330000002
2001-04-23,1.3130369219363325,295.6375,282.625,1.3125,282.85,0.88375,0.00718625,3.9625000000000004,30.73333333333333,-99.93333330000002
2001-05-01,1.2178769907238922,300.95,288.59999999999997,7.550000000000001,246.86249999999998,0.8962500000000001,0.012296250000000002,5.175000000000001,30.73333333333333,-99.93333330000002
2001-05-09,1.1978049820988064,301.5625,287.88749999999993,0.0625,266.6375,1.085,0.011336249999999999,4.5,30.73333333333333,-99.93333330000002
2001-05-17,1.0185887241987384,304.5,287.88750000000005,0.42500000000000004,282.6875,1.6475000000000002,0.010284999999999999,4.3,30.73333333333333,-99.93333330000002
2001-05-25,0.921945508559951,305.6875,292.2375,2.7125000000000004,270.83750000000003,1.5725,0.01322625,5.1375,30.73333333333333,-99.93333330000002
2001-06-02,0.8989880408763793,306.94999999999993,291.975,0.0,304.9375,1.585,0.01423375,5.3125,30.73333333333333,-99.93333330000002
2001-06-10,0.7484521525762415,308.9625,293.7375,0.5125000000000001,306.925,2.1237500000000002,0.0136025,4.750000000000001,30.73333333333333,-99.93333330000002
2001-07-04,0.8045398431387856,309.3,293.0,0.0,343.05000000000007,2.2800000000000002,0.0125225,3.975,30.73333333333333,-99.93333330000002
2001-07-12,0.603056558712438,311.46250000000003,295.4,0.0,337.52500000000003,2.7725,0.012942500000000001,4.3375,30.73333333333333,-99.93333330000002
2001-07-20,0.6992882665251539,310.22499999999997,296.2875,0.0,289.8,2.63,0.01300625,4.2250000000000005,30.73333333333333,-99.93333330000002
2001-07-28,0.6591442492749822,309.4375,294.325,0.0,301.375,2.32,0.01306875,4.25,30.73333333333333,-99.93333330000002
2001-08-05,0.6543041804874222,309.8625,294.2125,0.225,301.92500000000007,2.585,0.011698750000000003,3.95,30.73333333333333,-99.93333330000002
2001-08-13,0.6000000000000001,308.25,294.4375,2.6,248.87500000000003,2.1075,0.0132125,3.25,30.73333333333333,-99.93333330000002
2001-08-21,0.7453955938638036,306.55,293.09999999999997,5.2250000000000005,251.60000000000002,1.7525,0.013455000000000002,4.25,30.73333333333333,-99.93333330000002
2001-08-29,0.6782042987764473,301.78749999999997,290.18749999999994,4.2875,216.75000000000003,0.8625000000000002,0.013835,2.525,30.73333333333333,-99.93333330000002
2001-09-06,0.7688243868501019,304.09999999999997,290.92499999999995,2.3875,252.62500000000006,1.1749999999999998,0.013881250000000001,4.125000000000001,30.73333333333333,-99.93333330000002
2001-09-14,0.9246118517638714,304.575,290.12499999999994,2.1750000000000003,230.49999999999997,1.3225,0.01303,4.337500000000001,30.73333333333333,-99.93333330000002
2001-09-22,0.9792162579000678,299.41249999999997,284.375,1.0250000000000001,245.22500000000002,1.0987500000000001,0.0087075,2.9250000000000003,30.73333333333333,-99.93333330000002
2001-09-30,0.9383605071750499,298.5375,282.70000000000005,2.4625000000000004,205.22500000000002,0.9462499999999999,0.00858125,3.875,30.73333333333333,-99.93333330000002
2001-10-08,0.8535924470125759,300.2,285.3625,0.6375,192.13750000000002,1.0462500000000001,0.009802500000000002,4.825000000000001,30.73333333333333,-99.93333330000002
2001-10-16,0.8685241612013274,299.58750000000003,281.75,0.0,192.625,1.1099999999999999,0.008211250000000002,4.6875,30.73333333333333,-99.93333330000002
2001-10-24,0.718288498549964,297.3625,282.05,0.0,167.6125,1.1024999999999998,0.006662500000000001,4.737500000000001,30.73333333333333,-99.93333330000002
2001-11-01,0.7045398431387855,298.775,285.17499999999995,0.5125000000000001,146.70000000000002,1.07,0.008506250000000002,3.650000000000001,30.73333333333333,-99.93333330000002
2001-11-09,0.6743761891125082,294.3,284.04999999999995,9.65,118.57500000000002,0.57875,0.00891625,3.95,30.73333333333333,-99.93333330000002
2001-11-17,0.5743761891125081,292.25,279.4875,0.9625,128.85,0.615,0.0066575,4.050000000000001,30.73333333333333,-99.93333330000002
2001-11-25,0.5197717829763114,287.825,274.25,1.1500000000000004,105.38750000000002,0.5525,0.004695,4.3875,30.73333333333333,-99.93333330000002
2001-12-03,0.5896081289500341,293.025,278.875,0.43750000000000006,125.88750000000002,0.6525000000000001,0.00692375,4.375,30.73333333333333,-99.93333330000002
2001-12-11,0.5896081289500341,288.7,274.5,1.675,106.95000000000002,0.48624999999999996,0.005006250000000001,4.275,30.73333333333333,-99.93333330000002
2001-12-19,0.5896081289500341,286.9,271.675,0.0,139.4375,0.5787500000000001,0.0032862499999999997,3.45,30.73333333333333,-99.93333330000002
2001-12-27,0.548752378225016,283.62,269.64,0.0,129.85999999999999,0.5199999999999999,0.0025320000000000004,3.9,30.73333333333333,-99.93333330000002
2002-01-01,0.5591442492749821,283.29999999999995,268.63749999999993,0.08750000000000001,119.62500000000001,0.43125,0.0029775,3.9875000000000003,30.73333333333333,-99.93333330000002
2002-01-09,0.5591442492749821,291.5125,273.46250000000003,0.0,141.71250000000003,0.825,0.0037612500000000007,4.575,30.73333333333333,-99.93333330000002
2002-01-25,0.6000000000000001,292.9625,275.05,0.9500000000000001,154.85000000000002,0.7637500000000002,0.00543,4.3875,30.73333333333333,-99.93333330000002
2002-02-02,0.6152319398375261,286.4,272.26250000000005,2.2125000000000004,119.9,0.51125,0.0037075000000000003,3.4875000000000003,30.73333333333333,-99.93333330000002
2002-02-10,0.6000000000000001,288.725,271.025,0.0,178.125,0.73625,0.00287,4.0125,30.73333333333333,-99.93333330000002
2002-02-18,0.5847680601624742,294.4875,275.975,0.275,181.86249999999998,1.0725,0.00394375,5.075,30.73333333333333,-99.93333330000002
2002-02-26,0.5390722406498961,284.9875,267.0625,0.0,202.72500000000002,0.59375,0.00227375,5.4625,30.73333333333333,-99.93333330000002
2002-03-06,0.5695361203249482,295.78749999999997,278.18749999999994,0.0,208.16250000000002,1.2237500000000001,0.004335,5.875,30.73333333333333,-99.93333330000002
2002-03-14,0.515231939837526,295.51249999999993,281.62500000000006,4.1375,179.41250000000002,1.00375,0.0062375,4.2125,30.73333333333333,-99.93333330000002
2002-03-22,0.6152319398375261,295.3375,278.6,0.0,227.41250000000002,1.03375,0.0057887500000000005,5.0125,30.73333333333333,-99.93333330000002
2002-03-30,0.5896081289500341,293.8625,281.7625,1.0,201.32500000000002,0.775,0.007051250000000001,5.4,30.73333333333333,-99.93333330000002
2002-04-07,0.6743761891125082,300.25,285.925,3.6125000000000007,252.06250000000003,1.1462500000000002,0.00934,4.7125,30.73333333333333,-99.93333330000002
2002-04-15,0.774376189112508,303.91249999999997,289.92499999999995,0.1375,259.38750000000005,1.405,0.011721250000000003,6.100000000000001,30.73333333333333,-99.93333330000002
2002-04-23,0.7896081289500341,306.575,291.1125,0.30000000000000004,267.3375,1.9775,0.011073750000000002,5.062500000000001,30.73333333333333,-99.93333330000002
2002-05-01,0.8045398431387856,307.02500000000003,291.225,0.9625,274.07500000000005,2.0612500000000002,0.01087875,5.8125,30.73333333333333,-99.93333330000002
2002-05-09,0.7197717829763115,303.7375,288.425,0.0,272.5625,1.58625,0.010212500000000001,6.300000000000001,30.73333333333333,-99.93333330000002
2002-05-17,0.6896081289500341,301.2125,286.32500000000005,0.0,277.4125,1.2725000000000002,0.0094925,6.4625,30.73333333333333,-99.93333330000002
2002-05-25,0.7152319398375262,304.18750000000006,290.4875,2.2875,280.8125,1.36375,0.012455,4.3,30.73333333333333,-99.93333330000002
2002-06-02,0.6896081289500341,305.8,292.475,0.7375,278.425,1.57375,0.013425000000000001,4.9625,30.73333333333333,-99.93333330000002
2002-06-10,0.6439123094374561,307.1375,293.7375,1.7875,293.65000000000003,1.8025000000000002,0.013781250000000002,5.2875000000000005,30.73333333333333,-99.93333330000002
2002-06-18,0.6847680601624742,306.95,292.82500000000005,0.037500000000000006,290.925,1.955,0.012138749999999998,4.575000000000001,30.73333333333333,-99.93333330000002
2002-06-26,0.7152319398375262,301.5875,292.23749999999995,8.5625,220.07500000000002,1.01125,0.01386125,3.5875,30.73333333333333,-99.93333330000002
2002-07-04,0.7896081289500341,304.20000000000005,292.8375,2.2125000000000004,271.07500000000005,1.06125,0.01564,3.2,30.73333333333333,-99.93333330000002
2002-07-12,0.73352043838749,304.44999999999993,293.57500000000005,5.55,267.26250000000005,1.2287500000000002,0.015133750000000001,3.9125000000000005,30.73333333333333,-99.93333330000002
2002-07-20,0.8487523782250159,308.3875,293.95,0.0,337.27500000000003,1.8312500000000003,0.014922499999999998,4.9625,30.73333333333333,-99.93333330000002
2002-07-28,0.7896081289500341,306.82499999999993,294.2,6.175000000000001,282.46250000000003,1.5637500000000002,0.015265,4.7,30.73333333333333,-99.93333330000002
2002-08-05,0.7490526038737905,305.91249999999997,293.6875,1.7625,263.0125,1.5912499999999998,0.01396,3.0500000000000003,30.73333333333333,-99.93333330000002
2002-08-13,0.7453955938638036,307.875,293.08750000000003,0.0,302.3125,1.6575,0.015125000000000001,5.812500000000001,30.73333333333333,-99.93333330000002
2002-08-21,0.7197717829763115,310.0875,293.725,0.05,298.3625,2.30875,0.013513750000000001,4.55,30.73333333333333,-99.93333330000002
2002-08-29,0.7152319398375262,306.84999999999997,292.35,0.08750000000000001,241.01250000000002,1.72625,0.01334125,3.3750000000000004,30.73333333333333,-99.93333330000002
2002-09-06,0.7048400687875601,301.9,289.71250000000003,3.7125000000000004,178.22500000000002,0.9387500000000001,0.01337875,3.6125000000000003,30.73333333333333,-99.93333330000002
2002-09-14,0.7152319398375262,304.59999999999997,288.35,3.7875,243.13750000000002,1.37,0.012091250000000001,4.025,30.73333333333333,-99.93333330000002
2002-09-22,0.6743761891125082,303.325,285.425,0.0,259.0375,1.5225000000000002,0.008938750000000002,3.5625000000000004,30.73333333333333,-99.93333330000002
2002-09-30,0.6896081289500341,302.3,290.2,3.5875000000000004,190.3375,1.0912499999999998,0.0127425,4.5125,30.73333333333333,-99.93333330000002
2002-10-08,0.6896081289500341,294.7,283.225,5.7,158.45000000000002,0.46875,0.0098975,3.2125000000000004,30.73333333333333,-99.93333330000002
2002-10-16,0.6896081289500341,294.9375,284.70000000000005,5.7875000000000005,149.0875,0.48625,0.009972500000000002,3.1625,30.73333333333333,-99.93333330000002
2002-10-24,0.6896081289500341,292.8875,283.875,7.600000000000001,137.28750000000002,0.2675,0.010226250000000001,3.1875,30.73333333333333,-99.93333330000002
2002-11-01,0.7301636540262776,291.9375,277.73749999999995,2.4875000000000003,126.93750000000003,0.55375,0.006525,4.1000000000000005,30.73333333333333,-99.93333330000002
2002-11-09,0.6439123094374561,292.29999999999995,277.70000000000005,0.23750000000000002,146.9,0.8175,0.005117500000000001,4.4750000000000005,30.73333333333333,-99.93333330000002
2002-11-17,0.6442125350862307,292.9,275.48749999999995,0.0,146.0625,0.8250000000000001,0.004595000000000001,3.7875000000000005,30.73333333333333,-99.93333330000002
2002-11-25,0.6000000000000001,286.61249999999995,272.525,0.0,113.23750000000001,0.4975,0.0039362500000000005,3.8750000000000004,30.73333333333333,-99.93333330000002
2002-12-03,0.5442125350862306,285.77500000000003,272.92500000000007,3.4250000000000003,108.975,0.24375,0.005344999999999999,3.3625000000000003,30.73333333333333,-99.93333330000002
2002-12-11,0.5743761891125081,291.725,275.3875,0.05,132.4,0.73625,0.00477125,4.3875,30.73333333333333,-99.93333330000002
2002-12-19,0.5442125350862306,287.1875,272.2375,0.625,129.38750000000002,0.53,0.00385875,4.362500000000001,30.73333333333333,-99.93333330000002
2002-12-27,0.5289805952487046,289.93999999999994,275.08000000000004,0.24000000000000005,134.96,0.642,0.004514,4.78,30.73333333333333,-99.93333330000002
2003-01-01,0.48476806016247403,290.16249999999997,273.62500000000006,0.0,134.35,0.7075,0.003912500000000001,3.9000000000000004,30.73333333333333,-99.93333330000002
2003-01-09,0.47437618911250795,286.975,273.475,0.9375000000000001,124.38750000000002,0.48625,0.00437875,4.1625,30.73333333333333,-99.93333330000002
2003-01-17,0.5,287.04999999999995,270.2,0.0,149.0625,0.6200000000000001,0.0034775,4.0875,30.73333333333333,-99.93333330000002
2003-01-25,0.515231939837526,290.7625,274.2375,0.0,156.32500000000002,0.56125,0.00526125,4.15,30.73333333333333,-99.93333330000002
2003-02-02,0.5594444749237566,286.81250000000006,273.3375,0.2875,134.325,0.49750000000000005,0.00448875,4.950000000000001,30.73333333333333,-99.93333330000002
2003-02-10,0.6442125350862307,290.5375,277.3875,2.5,156.02500000000003,0.56125,0.005920000000000001,4.5625,30.73333333333333,-99.93333330000002
2003-02-18,0.6442125350862307,286.52500000000003,274.6875,3.8125,146.2125,0.40375,0.0051875,4.687500000000001,30.73333333333333,-99.93333330000002
2003-02-26,0.6000000000000001,291.425,276.4125,0.8875000000000001,189.32500000000002,0.5712499999999999,0.0059362500000000006,3.725,30.73333333333333,-99.93333330000002
2003-03-06,0.6896081289500341,297.825,281.3875,0.0,211.0875,0.9425000000000001,0.007785,3.6250000000000004,30.73333333333333,-99.93333330000002
2003-03-14,0.774376189112508,294.7375,281.26250000000005,0.25,200.54999999999998,0.8912500000000001,0.006515,4.7,30.73333333333333,-99.93333330000002
2003-03-22,0.774376189112508,293.2,278.275,3.5500000000000003,207.03750000000002,0.85125,0.005637500000000001,5.125,30.73333333333333,-99.93333330000002
2003-03-30,0.8591442492749819,298.35,281.5875,0.0,261.40000000000003,1.24875,0.0065137500000000004,5.4125000000000005,30.73333333333333,-99.93333330000002
2003-04-07,0.8045398431387856,297.98749999999995,280.8375,0.0,265.1625,1.2550000000000001,0.00605375,4.7250000000000005,30.73333333333333,-99.93333330000002
2003-04-15,0.8197717829763116,301.4125,285.6,0.23750000000000002,253.32500000000005,1.5062499999999999,0.0078175,5.8375,30.73333333333333,-99.93333330000002
2003-04-23,0.7490526038737905,304.47499999999997,287.125,0.0,280.925,1.8937500000000003,0.008068750000000001,5.300000000000001,30.73333333333333,-99.93333330000002
2003-05-01,0.8197717829763116,306.95,292.07500000000005,2.225,278.90000000000003,1.9925000000000002,0.011558750000000001,4.375000000000001,30.73333333333333,-99.93333330000002
2003-05-09,0.879216257900068,307.21250000000003,291.75,0.0,288.1625,2.01125,0.0117775,5.6,30.73333333333333,-99.93333330000002
2003-05-17,0.9045398431387854,303.8625,287.6625,0.3125,254.93750000000006,1.48125,0.010990000000000002,4.4625,30.73333333333333,-99.93333330000002
2003-05-25,0.9197717829763115,303.4,289.675,5.8,279.27500000000003,1.245,0.0125475,3.5125,30.73333333333333,-99.93333330000002
2003-06-02,1.0185887241987384,304.3375,290.7375,8.5,302.91249999999997,1.2675,0.013492500000000001,4.1375,30.73333333333333,-99.93333330000002
2003-06-10,1.0487523782250159,303.4,291.2375,2.9875000000000003,284.125,1.01875,0.014535000000000001,4.075,30.73333333333333,-99.93333330000002
2003-06-18,1.0338206640362644,305.8,291.675,0.0,302.525,1.3237500000000002,0.014735000000000002,4.5,30.73333333333333,-99.93333330000002
2003-06-26,1.0200720086250858,306.05,293.1375,1.225,267.30000000000007,1.6612500000000001,0.013382499999999999,3.375,30.73333333333333,-99.93333330000002
2003-07-04,0.8543041804874221,304.3875,291.7375,1.8125,288.83750000000003,1.0862500000000002,0.015182500000000002,4.5875,30.73333333333333,-99.93333330000002
2003-07-12,0.9200720086250859,307.7124999999999,292.4125,0.8375000000000001,329.13750000000005,1.7974999999999999,0.01384125,4.1875,30.73333333333333,-99.93333330000002
2003-07-20,0.8152319398375261,308.6375,293.76249999999993,0.35,324.075,1.84625,0.015023750000000002,4.175,30.73333333333333,-99.93333330000002
2003-07-28,0.830463879675052,308.51250000000005,292.63750000000005,2.225,303.58750000000003,1.9125,0.013960000000000004,4.075,30.73333333333333,-99.93333330000002
2003-08-05,0.7896081289500341,310.29999999999995,294.775,0.75,273.90000000000003,2.5237499999999997,0.013182500000000002,3.0875000000000004,30.73333333333333,-99.93333330000002
2003-08-13,0.7453955938638036,306.25,291.25,1.0875000000000001,266.7875,1.65375,0.01293375,3.7000000000000006,30.73333333333333,-99.93333330000002
2003-08-21,0.7301636540262776,305.42499999999995,292.91249999999997,4.7250000000000005,226.23750000000004,1.40125,0.014446250000000002,2.95,30.73333333333333,-99.93333330000002
2003-08-29,0.7000000000000002,302.375,292.025,1.125,212.8625,1.05,0.013835000000000002,2.7,30.73333333333333,-99.93333330000002
2003-09-06,0.769536120324948,304.15,290.33750000000003,4.0875,267.8,1.27875,0.013000000000000003,4.25,30.73333333333333,-99.93333330000002
2003-09-14,0.7896081289500341,299.9625,288.01249999999993,3.925,240.5625,0.65125,0.013017500000000001,3.8625000000000003,30.73333333333333,-99.93333330000002
2003-09-22,0.9487523782250159,300.75,287.8625,2.275,218.4875,0.87875,0.012015000000000001,3.4375,30.73333333333333,-99.93333330000002
2003-09-30,0.9033567843612125,300.8,286.375,0.7125,206.7125,0.95625,0.01110375,3.837500000000001,30.73333333333333,-99.93333330000002
2003-10-08,0.9033567843612125,296.78749999999997,286.9125,9.125,137.12500000000003,0.37374999999999997,0.012536250000000002,3.3125000000000004,30.73333333333333,-99.93333330000002
2003-10-16,0.7283801439511556,300.7625,283.9125,0.0,193.5,1.2037499999999999,0.0086125,2.875,30.73333333333333,-99.93333330000002
2003-10-24,0.8338206640362645,297.25,281.575,0.2,166.61250000000004,0.9850000000000001,0.007516250000000001,4.7125,30.73333333333333,-99.93333330000002
2003-11-01,0.6746764147612826,295.08750000000003,284.58750000000003,1.0375,130.7625,0.5924999999999999,0.00979125,4.300000000000001,30.73333333333333,-99.93333330000002
2003-11-09,0.518888949847513,294.87499999999994,283.09999999999997,0.2625,129.52499999999998,0.6862500000000001,0.008305,4.6625000000000005,30.73333333333333,-99.93333330000002
2003-11-17,0.5442125350862306,290.825,276.4625,1.2125000000000001,140.4375,0.71375,0.0049675000000000006,5.187500000000001,30.73333333333333,-99.93333330000002
2003-11-25,0.44391230943745597,289.6,274.0,0.0,132.0625,0.6699999999999999,0.0042075,4.7875000000000005,30.73333333333333,-99.93333330000002
2003-12-03,0.5,290.84999999999997,272.84999999999997,0.0,133.325,0.76125,0.0039075,4.3125,30.73333333333333,-99.93333330000002
2003-12-11,0.515231939837526,290.1375,270.8875,0.07500000000000001,138.3125,0.83625,0.0028012499999999995,4.6875,30.73333333333333,-99.93333330000002
2003-12-19,0.430463879675052,291.5875,273.425,0.0,136.5625,0.8162500000000001,0.0038425000000000004,4.7,30.73333333333333,-99.93333330000002
2003-12-27,0.4,289.12,272.84000000000003,0.0,132.61999999999998,0.678,0.003940000000000001,4.78,30.73333333333333,-99.93333330000002
2004-01-01,0.36983634597372256,290.08750000000003,276.41249999999997,0.35000000000000003,113.97500000000001,0.66625,0.005509999999999999,5.0875,30.73333333333333,-99.93333330000002
2004-01-09,0.36983634597372256,290.1375,277.95,2.5375,109.9625,0.5287499999999999,0.005845,3.5375000000000005,30.73333333333333,-99.93333330000002
2004-01-17,0.3850682858112485,287.21250000000003,275.3,1.2000000000000002,116.075,0.37124999999999997,0.005416250000000001,3.675,30.73333333333333,-99.93333330000002
2004-01-25,0.36983634597372256,288.26250000000005,274.2875,0.6875000000000001,152.8875,0.57375,0.004195,4.9625,30.73333333333333,-99.93333330000002
2004-02-02,0.3850682858112485,288.0625,274.1,1.0,155.5625,0.5237499999999999,0.004425,4.175,30.73333333333333,-99.93333330000002
2004-02-10,0.415231939837526,284.35,271.40000000000003,1.0750000000000002,134.06250000000003,0.375,0.003985,3.562500000000001,30.73333333333333,-99.93333330000002
2004-02-18,0.4408557507250181,291.0625,277.0125,2.5500000000000003,160.7,0.5850000000000001,0.00587625,4.712500000000001,30.73333333333333,-99.93333330000002
2004-02-26,0.515231939837526,291.95,277.8875,2.1375,172.9875,0.5762499999999999,0.006477500000000001,5.25,30.73333333333333,-99.93333330000002
2004-03-05,0.5,293.1125,279.5,5.45,188.52500000000003,0.83875,0.005452500000000001,4.500000000000001,30.73333333333333,-99.93333330000002
2004-03-13,0.515231939837526,298.2375,284.51250000000005,0.7125,210.9625,0.835,0.009786250000000002,4.3374999999999995,30.73333333333333,-99.93333330000002
2004-03-21,0.6594444749237566,297.28749999999997,284.88750000000005,1.2125000000000001,198.1125,0.79625,0.009508750000000002,6.475,30.73333333333333,-99.93333330000002
2004-03-29,0.7896081289500341,296.0875,283.0875,5.2,223.8,0.9225000000000001,0.007296250000000001,3.975,30.73333333333333,-99.93333330000002
2004-04-06,0.9185887241987385,292.1125,280.5125,4.075,224.6625,0.5725,0.007316250000000001,4.2875,30.73333333333333,-99.93333330000002
2004-04-14,1.0338206640362644,299.1375,284.34999999999997,0.0,262.9375,0.915,0.009617500000000001,6.5,30.73333333333333,-99.93333330000002
2004-04-22,1.1185887241987387,299.25,286.70000000000005,3.6125000000000003,261.2875,0.9300000000000002,0.01031625,4.3,30.73333333333333,-99.93333330000002
2004-04-30,1.2338206640362643,297.40000000000003,284.4375,3.3125000000000004,285.225,0.81375,0.00935625,4.937500000000001,30.73333333333333,-99.93333330000002
2004-05-08,1.2081968531487726,300.15,288.6,1.6625,280.8625,0.76625,0.01274,5.362500000000001,30.73333333333333,-99.93333330000002
2004-05-16,1.2081968531487726,303.4125,290.52500000000003,0.0,294.53749999999997,1.2337499999999997,0.012777499999999999,6.3875,30.73333333333333,-99.93333330000002
2004-05-24,1.074376189112508,307.325,293.4875,0.275,286.7375,2.20375,0.011180000000000002,5.550000000000001,30.73333333333333,-99.93333330000002
2004-06-01,0.9639843180625418,305.73749999999995,292.6625,1.1875,261.4125,1.7362500000000003,0.01278625,5.737500000000001,30.73333333333333,-99.93333330000002
2004-06-09,0.9152319398375259,306.25,291.9875,1.05,310.98750000000007,1.28,0.015621250000000001,5.9625,30.73333333333333,-99.93333330000002
2004-06-17,0.930463879675052,305.27500000000003,292.375,8.3375,297.46250000000003,1.39625,0.014171250000000002,4.3,30.73333333333333,-99.93333330000002
2004-06-25,0.930463879675052,302.525,291.5125,4.5375,266.55000000000007,0.87875,0.0148675,3.4625000000000004,30.73333333333333,-99.93333330000002
2004-07-03,0.930463879675052,306.56250000000006,293.05,0.0,344.9875,1.5162500000000003,0.0147375,5.5875,30.73333333333333,-99.93333330000002
2004-07-11,0.930463879675052,306.78749999999997,292.2,0.325,327.325,1.88375,0.012272500000000002,4.0,30.73333333333333,-99.93333330000002
2004-07-19,0.9152319398375259,305.375,293.31249999999994,0.6375000000000001,281.5375,1.535,0.013813750000000003,3.95,30.73333333333333,-99.93333330000002
2004-07-27,0.9152319398375259,305.8875,294.09999999999997,3.2375000000000003,274.0625,1.5,0.014787500000000002,3.4250000000000003,30.73333333333333,-99.93333330000002
2004-08-04,0.9490526038737904,305.525,293.075,4.0,265.95000000000005,1.5662500000000001,0.0136275,2.8000000000000003,30.73333333333333,-99.93333330000002
2004-08-12,1.0048400687875598,302.7625,289.4875,2.2125000000000004,262.20000000000005,1.3787500000000001,0.01084875,4.112500000000001,30.73333333333333,-99.93333330000002
2004-08-20,1.089608128950034,305.7375,292.71250000000003,8.4125,273.45000000000005,1.2687499999999998,0.01550875,5.0875,30.73333333333333,-99.93333330000002
2004-08-28,1.079216257900068,302.26250000000005,290.40000000000003,2.125,243.9625,1.0325000000000002,0.01306375,3.1875000000000004,30.73333333333333,-99.93333330000002
2004-09-05,1.1350037228138374,302.0,288.75,0.8250000000000001,247.80000000000004,1.1875000000000002,0.01130625,3.4000000000000004,30.73333333333333,-99.93333330000002
2004-09-13,1.079216257900068,305.2625,290.77500000000003,0.0,261.9875,1.3025000000000002,0.013928750000000002,4.2625,30.73333333333333,-99.93333330000002
2004-09-21,0.9502356626513634,300.9625,289.025,3.8125,202.04999999999998,0.95,0.0120975,3.4375,30.73333333333333,-99.93333330000002
2004-09-29,0.9502356626513634,299.6625,288.9125,4.35,181.70000000000002,0.7025,0.012798750000000001,3.7250000000000005,30.73333333333333,-99.93333330000002
2004-10-07,0.8453955938638036,296.775,285.51249999999993,1.3250000000000002,188.1125,0.57125,0.01076875,3.1625000000000005,30.73333333333333,-99.93333330000002
2004-10-15,0.8048400687875601,302.22499999999997,286.95,2.575,187.20000000000002,1.2850000000000001,0.01024625,3.962500000000001,30.73333333333333,-99.93333330000002
2004-10-23,0.7152319398375262,299.22499999999997,289.6375,3.0,151.7375,0.58875,0.013512500000000002,4.637500000000001,30.73333333333333,-99.93333330000002
2004-10-31,0.7152319398375262,293.90000000000003,278.8125,1.6000000000000003,150.01250000000002,0.7700000000000001,0.00641,3.8625000000000003,30.73333333333333,-99.93333330000002
2004-11-08,0.6152319398375261,290.25,278.8625,8.625,109.81250000000001,0.39,0.00730625,4.2875000000000005,30.73333333333333,-99.93333330000002
2004-11-16,0.6152319398375261,292.8125,281.83750000000003,8.725000000000001,113.62500000000001,0.33625,0.00910125,3.1875,30.73333333333333,-99.93333330000002
2004-11-24,0.6152319398375261,289.025,275.1125,0.3125,138.4875,0.51375,0.005132499999999999,4.7125,30.73333333333333,-99.93333330000002
2004-12-02,0.5256238108874921,292.3875,276.40000000000003,1.0875000000000001,124.55,0.74875,0.00520875,4.175000000000001,30.73333333333333,-99.93333330000002
2004-12-10,0.515231939837526,287.525,271.98749999999995,0.0,139.3375,0.66125,0.0032675,3.8625000000000003,30.73333333333333,-99.93333330000002
2004-12-18,0.515231939837526,284.1,268.6375,0.6375000000000001,126.33749999999999,0.5387500000000001,0.00269625,4.5,30.73333333333333,-99.93333330000002
2004-12-26,0.46983634597372254,290.78333333333336,276.23333333333335,0.0,133.25,0.5366666666666667,0.005858333333333334,4.866666666666667,30.73333333333333,-99.93333330000002
2005-01-01,0.384768060162474,292.425,279.1375,0.037500000000000006,127.63750000000002,0.4987500000000001,0.007571250000000001,4.7625,30.73333333333333,-99.93333330000002
2005-01-09,0.4,289.88750000000005,275.77500000000003,0.0,140.07500000000002,0.62375,0.0052625,4.5875,30.73333333333333,-99.93333330000002
2005-01-17,0.415231939837526,288.15000000000003,272.4875,0.0,136.9,0.5950000000000001,0.0039700000000000004,4.275,30.73333333333333,-99.93333330000002
2005-01-25,0.42562381088749207,288.5875,275.6,5.362500000000001,110.85000000000001,0.4662499999999999,0.0054687500000000005,4.0625,30.73333333333333,-99.93333330000002
2005-02-02,0.5,286.975,275.08750000000003,1.1,148.76250000000002,0.31375,0.0057,3.5625000000000004,30.73333333333333,-99.93333330000002
2005-02-10,0.515231939837526,289.65,278.7875,0.275,130.47500000000002,0.5987500000000002,0.0056862499999999995,4.475,30.73333333333333,-99.93333330000002
2005-02-18,0.5408557507250181,292.5625,280.625,1.4625,135.9875,0.595,0.007581250000000001,3.8875,30.73333333333333,-99.93333330000002
2005-02-26,0.5847680601624742,291.375,278.175,5.237500000000001,172.775,0.51,0.006685000000000001,2.7375000000000007,30.73333333333333,-99.93333330000002
2005-03-06,0.5743761891125081,294.8625,278.775,0.1125,218.3875,0.91125,0.00567125,4.4125,30.73333333333333,-99.93333330000002
2005-03-14,0.6439123094374561,290.95,276.75,2.1500000000000004,196.31250000000003,0.7024999999999999,0.005166250000000001,4.487500000000001,30.73333333333333,-99.93333330000002
2005-03-22,0.7000000000000002,295.7625,278.8125,1.2375,231.9875,0.9912500000000001,0.005838750000000001,4.7,30.73333333333333,-99.93333330000002
2005-03-30,0.6695361203249482,296.2375,279.9,0.0,257.25000000000006,1.11375,0.005506250000000002,5.574999999999999,30.73333333333333,-99.93333330000002
2005-04-07,0.7543041804874221,298.8625,281.0125,0.0,268.65,1.35375,0.005593750000000001,4.0375000000000005,30.73333333333333,-99.93333330000002
2005-04-15,0.830463879675052,301.08750000000003,284.5625,0.0,256.32500000000005,1.0875,0.009955000000000002,5.5,30.73333333333333,-99.93333330000002
2005-04-23,0.8453955938638036,298.5125,281.3375,1.0375,260.825,1.4375000000000002,0.00539875,5.0125,30.73333333333333,-99.93333330000002
2005-05-01,0.869536120324948,296.125,283.41249999999997,2.375,242.39999999999998,0.7375,0.0087825,4.750000000000001,30.73333333333333,-99.93333330000002
2005-05-09,0.9301636540262774,301.1375,288.7375,3.0625,263.80000000000007,1.0075,0.01188375,5.6625000000000005,30.73333333333333,-99.93333330000002
2005-05-17,1.0442125350862306,305.45,290.48750000000007,0.0,294.68750000000006,1.665,0.01169875,4.55,30.73333333333333,-99.93333330000002
2005-05-25,1.10484006878756,302.275,291.3875,12.450000000000001,266.6875,1.1300000000000001,0.01298625,3.4375,30.73333333333333,-99.93333330000002
2005-06-02,1.174376189112508,304.9875,293.0,4.425,305.5625,1.15125,0.015696250000000002,4.987500000000001,30.73333333333333,-99.93333330000002
2005-06-10,1.189608128950034,305.71250000000003,292.925,0.05,312.95,1.4912500000000002,0.014073750000000003,5.087500000000001,30.73333333333333,-99.93333330000002
2005-06-18,1.1591442492749822,305.75,291.90000000000003,0.0,320.0125,1.81125,0.011556250000000002,3.8625000000000003,30.73333333333333,-99.93333330000002
2005-06-26,1.0149317141887515,308.5375,292.82500000000005,0.0,329.38750000000005,2.21,0.012237500000000002,4.3125,30.73333333333333,-99.93333330000002
2005-07-04,0.9896081289500339,310.075,294.575,0.4375,329.06250000000006,2.56875,0.01227875,3.4375,30.73333333333333,-99.93333330000002
2005-07-12,0.884768060162474,306.04999999999995,293.6625,3.6500000000000004,275.1875,1.5074999999999998,0.0146475,3.875,30.73333333333333,-99.93333330000002
2005-07-20,0.9301636540262774,306.1375,293.0875,0.8875000000000001,296.1375,1.4475000000000002,0.01483625,4.65,30.73333333333333,-99.93333330000002
2005-07-28,0.9405555250762436,304.2625,292.25,6.637500000000001,261.71250000000003,1.31,0.013791250000000001,2.6375,30.73333333333333,-99.93333330000002
2005-08-05,0.985951118940047,303.7,292.45000000000005,1.9000000000000001,236.38750000000002,1.1675,0.014215000000000002,3.725,30.73333333333333,-99.93333330000002
2005-08-13,1.1149317141887516,305.62500000000006,292.0375,6.45,282.05,1.3050000000000002,0.014788750000000002,5.075000000000001,30.73333333333333,-99.93333330000002
2005-08-21,0.9979162642761036,307.35,292.625,4.625,291.725,1.6862499999999998,0.014235000000000001,3.225,30.73333333333333,-99.93333330000002
2005-08-29,1.0893079033012596,304.63750000000005,291.98749999999995,0.0,229.70000000000005,1.4825,0.012753750000000001,2.8375000000000004,30.73333333333333,-99.93333330000002
2005-09-06,0.9235400751635956,304.8125,289.65,0.15000000000000002,256.1125,1.395,0.012450000000000003,4.012499999999999,30.73333333333333,-99.93333330000002
2005-09-14,0.8996997743512255,307.45,291.36249999999995,0.7125,262.55,1.6349999999999998,0.01408,4.2125,30.73333333333333,-99.93333330000002
2005-09-22,0.8606275337013295,308.2125,290.7125,0.0,256.77500000000003,2.395,0.009812500000000002,3.4749999999999996,30.73333333333333,-99.93333330000002
2005-09-30,0.7862513445888215,301.7,286.66249999999997,2.65,170.77500000000003,1.2100000000000002,0.011103749999999999,5.05,30.73333333333333,-99.93333330000002
2005-10-08,0.7453955938638036,298.525,284.77500000000003,4.75,178.08750000000003,0.85625,0.009658749999999999,2.4125,30.73333333333333,-99.93333330000002
2005-10-16,0.7405555250762436,299.84999999999997,284.05,0.0,181.325,1.11625,0.008736250000000001,3.6875000000000004,30.73333333333333,-99.93333330000002
2005-10-24,0.7103918710499662,293.7875,279.3,2.4125,152.93750000000003,0.7412500000000001,0.006467500000000001,4.1375,30.73333333333333,-99.93333330000002
2005-11-01,0.7405555250762436,299.4625,280.8125,0.0,160.675,1.25875,0.006731250000000001,4.325,30.73333333333333,-99.93333330000002
2005-11-09,0.6301636540262776,298.1125,280.9125,0.5375,150.0625,1.11875,0.007237500000000001,4.4625,30.73333333333333,-99.93333330000002
2005-11-17,0.543912309437456,292.6625,273.8875,0.0,137.10000000000002,1.0825,0.0027862500000000005,3.3875,30.73333333333333,-99.93333330000002
2005-11-25,0.5453955938638035,292.22499999999997,274.4,0.0,137.5,0.9637499999999999,0.003537500000000001,4.675000000000001,30.73333333333333,-99.93333330000002
2005-12-03,0.48476806016247403,285.3875,267.0,0.0,137.51250000000002,0.64375,0.0024562500000000005,4.275,30.73333333333333,-99.93333330000002
2005-12-11,0.5,288.075,272.17499999999995,0.7,115.8875,0.60375,0.0036762500000000007,3.4375000000000004,30.73333333333333,-99.93333330000002
2005-12-19,0.48476806016247403,291.775,273.0,0.0,137.975,0.845,0.0036987500000000006,4.25,30.73333333333333,-99.93333330000002
2005-12-27,0.3951599312124401,294.58,277.14000000000004,0.0,140.16000000000003,1.242,0.0030160000000000005,4.4399999999999995,30.73333333333333,-99.93333330000002
2006-01-01,0.4,296.79999999999995,274.475,0.0,137.79999999999998,1.4687499999999998,0.0025237500000000004,4.7250000000000005,30.73333333333333,-99.93333330000002
2006-01-09,0.4408557507250181,294.15000000000003,273.4875,0.0,133.275,1.1175,0.00316375,4.625000000000001,30.73333333333333,-99.93333330000002
2006-01-17,0.45578746491376954,290.8875,272.15,0.1375,135.45,0.7637500000000002,0.0038275,4.4125000000000005,30.73333333333333,-99.93333330000002
2006-01-25,0.4103918710499661,292.9125000000001,275.1,2.1,141.76250000000002,0.8012500000000001,0.004750000000000001,4.8,30.73333333333333,-99.93333330000002
2006-02-02,0.415231939837526,291.2375,273.925,0.0,172.23749999999998,0.975,0.0027312499999999997,4.275,30.73333333333333,-99.93333330000002
2006-02-10,0.42562381088749207,291.11249999999995,272.2125,0.25,157.82500000000002,0.98875,0.0028487500000000006,5.15,30.73333333333333,-99.93333330000002
2006-02-18,0.430463879675052,290.825,275.3,1.6625,152.28750000000002,0.6275,0.005603750000000001,4.2875000000000005,30.73333333333333,-99.93333330000002
2006-02-26,0.48476806016247403,297.4625,280.4375,0.0,201.85000000000002,1.09375,0.0066500000000000005,4.8125,30.73333333333333,-99.93333330000002
2006-03-06,0.5103918710499661,299.0875,283.9875,0.0,214.47500000000002,1.6262500000000002,0.004881250000000001,4.9625,30.73333333333333,-99.93333330000002
2006-03-14,0.5546044061361967,294.09999999999997,281.1875,5.1375,197.96249999999998,0.9500000000000002,0.005798750000000001,5.3375,30.73333333333333,-99.93333330000002
2006-03-22,0.6103918710499663,291.83750000000003,277.00000000000006,0.6625000000000001,229.425,0.6462500000000001,0.0061087500000000005,4.775,30.73333333333333,-99.93333330000002
2006-03-30,0.6152319398375261,302.1875,286.75,0.0,251.3,1.38875,0.0093325,5.0875,30.73333333333333,-99.93333330000002
2006-04-07,0.7048400687875601,299.6125,282.65000000000003,0.0,255.925,1.31,0.006942500000000001,5.2875000000000005,30.73333333333333,-99.93333330000002
2006-04-15,0.8048400687875601,304.6625,288.525,2.325,258.6,1.9150000000000003,0.008838750000000001,4.2250000000000005,30.73333333333333,-99.93333330000002
2006-04-23,0.8453955938638036,300.5,286.34999999999997,3.5625,260.65,1.18625,0.00949375,5.4625,30.73333333333333,-99.93333330000002
2006-05-01,0.8999999999999999,304.175,289.7375,4.1375,270.325,1.3862500000000002,0.01203,5.3125,30.73333333333333,-99.93333330000002
2006-05-09,0.9896081289500339,301.875,286.675,0.0,274.00000000000006,1.6262499999999998,0.00786125,4.512499999999999,30.73333333333333,-99.93333330000002
2006-05-17,0.9152319398375259,306.97499999999997,288.3,0.0,298.33750000000003,2.295,0.0081375,4.675,30.73333333333333,-99.93333330000002
2006-05-25,0.8743761891125079,306.97499999999997,291.15,0.925,277.11249999999995,1.83375,0.0122925,5.4625,30.73333333333333,-99.93333330000002
2006-06-02,0.8289805952487045,309.025,291.3625,0.0,316.8375,2.51625,0.009986250000000002,3.5625,30.73333333333333,-99.93333330000002
2006-06-10,0.8698363459737226,310.05,292.23749999999995,3.0875000000000004,319.73750000000007,2.70125,0.01023375,5.112500000000001,30.73333333333333,-99.93333330000002
2006-06-18,0.7494641116998622,306.675,292.65000000000003,2.45,284.01250000000005,1.61875,0.01399625,3.9250000000000007,30.73333333333333,-99.93333330000002
2006-06-26,0.7642845437113164,304.34999999999997,290.9125,0.4375,281.7375,1.72125,0.01047875,3.325,30.73333333333333,-99.93333330000002
2006-07-04,0.6591442492749822,306.3125,293.025,2.6125000000000003,293.46250000000003,1.60375,0.01396125,4.1625,30.73333333333333,-99.93333330000002
2006-07-12,0.6494641116998622,310.5,294.1125,0.0,336.46250000000003,2.6287499999999997,0.012095,3.8500000000000005,30.73333333333333,-99.93333330000002
2006-07-20,0.7000000000000002,309.1875,294.15,0.5375,307.11249999999995,2.4125000000000005,0.012061250000000003,4.0,30.73333333333333,-99.93333330000002
2006-07-28,0.6710194047512956,309.325,293.35,0.1125,317.08750000000003,2.1925000000000003,0.0132475,5.925000000000001,30.73333333333333,-99.93333330000002
2006-08-05,0.52868036959993,309.24999999999994,294.1625,0.3125,292.35,2.38125,0.012366250000000002,4.0625,30.73333333333333,-99.93333330000002
2006-08-13,0.620072008625086,309.29999999999995,294.68750000000006,0.1,281.8875,2.4425000000000003,0.012265,4.1625000000000005,30.73333333333333,-99.93333330000002
2006-08-21,0.60484006878756,308.71250000000003,295.5125,4.487500000000001,258.9375,2.2975,0.013105,3.6875000000000004,30.73333333333333,-99.93333330000002
2006-08-29,0.5606275337013295,304.09999999999997,290.72499999999997,5.1,224.81250000000003,1.52625,0.011668750000000002,3.1,30.73333333333333,-99.93333330000002
2006-09-06,0.5543041804874221,302.3125,288.8625,1.25,232.38750000000005,1.2475,0.011181250000000002,2.6,30.73333333333333,-99.93333330000002
2006-09-14,0.6103918710499663,303.97499999999997,288.925,1.675,249.66250000000002,1.3525,0.011859999999999999,4.7375,30.73333333333333,-99.93333330000002
2006-09-22,0.5543041804874221,302.9875,287.16249999999997,0.0,232.32500000000005,1.5662500000000001,0.00929625,4.2250000000000005,30.73333333333333,-99.93333330000002
2006-09-30,0.6152319398375261,304.1625,288.425,0.0,211.56250000000003,1.45125,0.011057500000000001,3.7000000000000006,30.73333333333333,-99.93333330000002
2006-10-08,0.5710194047512955,301.03749999999997,287.15,6.6875,183.45000000000002,1.10125,0.010582500000000002,3.8375,30.73333333333333,-99.93333330000002
2006-10-16,0.6152319398375261,297.38750000000005,281.625,0.4625,184.02500000000003,1.10375,0.00682875,4.3500000000000005,30.73333333333333,-99.93333330000002
2006-10-24,0.5710194047512955,296.5375,281.5875,0.7375,153.88750000000002,0.99625,0.0068249999999999995,4.7124999999999995,30.73333333333333,-99.93333330000002
2006-11-01,0.6152319398375261,295.3125,281.0,0.0,137.7625,0.92625,0.006681250000000001,4.25,30.73333333333333,-99.93333330000002
2006-11-09,0.48476806016247403,295.6625,278.0125,0.0,153.78750000000002,1.2125,0.00437375,5.05,30.73333333333333,-99.93333330000002
2006-11-17,0.47437618911250795,294.61249999999995,275.9375,0.0,142.26250000000002,1.08125,0.00390375,3.9750000000000005,30.73333333333333,-99.93333330000002
2006-11-25,0.47101940475129556,294.26250000000005,278.17499999999995,0.375,129.5625,0.82625,0.006355,5.312500000000001,30.73333333333333,-99.93333330000002
2006-12-03,0.3951599312124401,284.775,269.525,0.0,123.6125,0.45,0.0033275000000000006,4.362500000000001,30.73333333333333,-99.93333330000002
2006-12-11,0.3951599312124401,295.34999999999997,277.225,0.0,139.85000000000002,0.95625,0.00536875,4.425000000000001,30.73333333333333,-99.93333330000002
2006-12-19,0.420072008625086,287.36249999999995,274.125,1.8875000000000002,123.3125,0.5,0.00443125,4.125,30.73333333333333,-99.93333330000002
2006-12-27,0.4,288.75999999999993,275.26000000000005,0.76,129.52000000000004,0.544,0.004836,5.4,30.73333333333333,-99.93333330000002
2007-01-01,0.4,284.98749999999995,271.325,3.0250000000000004,125.95,0.41874999999999996,0.00376375,3.4625,30.73333333333333,-99.93333330000002
2007-01-09,0.36983634597372256,286.58750000000003,274.625,1.3625000000000003,111.375,0.34625000000000006,0.005817500000000001,5.1375,30.73333333333333,-99.93333330000002
2007-01-17,0.415231939837526,278.9625,270.275,2.075,72.80000000000001,0.16124999999999998,0.0037725000000000002,3.6125000000000003,30.73333333333333,-99.93333330000002
2007-01-25,0.415231939837526,284.6125,271.33750000000003,0.5625,136.7375,0.3175,0.004200000000000001,3.925,30.73333333333333,-99.93333330000002
2007-02-02,0.5,289.76250000000005,272.8625,0.0,168.63750000000005,0.49124999999999996,0.005276250000000001,3.6,30.73333333333333,-99.93333330000002
2007-02-10,0.530463879675052,285.8875,270.7,0.0,161.17500000000004,0.47500000000000003,0.00393875,5.15,30.73333333333333,-99.93333330000002
2007-02-18,0.515231939837526,294.0125,277.175,0.0,180.65,1.0075,0.00443,5.375000000000001,30.73333333333333,-99.93333330000002
2007-02-26,0.515231939837526,292.1625,275.3,0.0,207.46250000000003,1.1600000000000001,0.00254125,4.250000000000001,30.73333333333333,-99.93333330000002
2007-03-06,0.530463879675052,296.3125,280.3375,2.05,198.25,0.9525000000000001,0.006635000000000001,3.6,30.73333333333333,-99.93333330000002
2007-03-14,0.5850682858112486,297.9,283.9375,0.0,210.525,0.9637500000000001,0.008385,5.325,30.73333333333333,-99.93333330000002
2007-03-22,0.7152319398375262,297.8625,286.01250000000005,12.825000000000001,195.3,0.8475,0.009750000000000002,5.6000000000000005,30.73333333333333,-99.93333330000002
2007-03-30,0.7301636540262776,295.8125,283.4,1.4000000000000001,214.00000000000003,0.82875,0.008244999999999999,4.5375000000000005,30.73333333333333,-99.93333330000002
2007-04-07,0.8,292.5875,278.3125,1.8,235.2875,0.7925000000000001,0.006048750000000001,5.300000000000001,30.73333333333333,-99.93333330000002
2007-04-15,0.8896081289500339,298.075,281.25,0.0,263.9875,0.9912500000000001,0.00769625,5.075000000000001,30.73333333333333,-99.93333330000002
2007-04-23,0.9896081289500339,300.51250000000005,286.41249999999997,6.062500000000001,259.30000000000007,1.1775,0.00949375,4.825,30.73333333333333,-99.93333330000002
2007-05-01,1.089608128950034,302.0875,290.525,8.1125,240.47500000000005,0.93875,0.013662500000000001,4.525,30.73333333333333,-99.93333330000002
2007-05-09,1.189608128950034,298.95,287.475,4.3875,255.01250000000005,0.8575,0.01077875,3.2499999999999996,30.73333333333333,-99.93333330000002
2007-05-17,1.115231939837526,298.0125,287.28749999999997,2.575,215.77499999999998,0.7337499999999999,0.011281250000000001,5.050000000000001,30.73333333333333,-99.93333330000002
2007-05-25,1.2338206640362643,301.16249999999997,289.55,3.25,259.88750000000005,0.90625,0.012976250000000002,4.0875,30.73333333333333,-99.93333330000002
2007-06-02,1.2490526038737904,305.02500000000003,292.53749999999997,1.5625,299.51250000000005,1.2512500000000002,0.014883750000000001,4.0,30.73333333333333,-99.93333330000002
2007-06-10,1.2490526038737904,303.7375,292.25,3.6,274.6875,1.275,0.013515000000000004,3.825,30.73333333333333,-99.93333330000002
2007-06-18,1.2084970787975469,303.34999999999997,292.375,4.1000000000000005,273.9625,1.00875,0.01500125,4.6125,30.73333333333333,-99.93333330000002
2007-06-26,1.1792162579000682,302.6375,293.0,12.550000000000002,259.4875,0.9424999999999999,0.01513625,3.075,30.73333333333333,-99.93333330000002
2007-07-04,1.10484006878756,304.575,293.58750000000003,0.6875,305.175,1.175,0.015622500000000001,3.7500000000000004,30.73333333333333,-99.93333330000002
2007-07-12,1.2639843180625419,305.21250000000003,293.075,2.1500000000000004,315.77500000000003,1.3575000000000002,0.01461375,3.7750000000000004,30.73333333333333,-99.93333330000002
2007-07-20,1.1792162579000682,301.08750000000003,292.05,7.875000000000001,224.58750000000003,0.75,0.014816250000000001,2.9,30.73333333333333,-99.93333330000002
2007-07-28,1.2639843180625419,303.9125,293.7625,1.8125,259.5,1.0637500000000002,0.01572625,2.9375,30.73333333333333,-99.93333330000002
2007-08-05,1.2792162579000679,307.25,293.675,0.0,313.68750000000006,1.66875,0.014701250000000003,4.4125000000000005,30.73333333333333,-99.93333330000002
2007-08-13,1.2350037228138375,304.92499999999995,293.9625,11.5875,254.45000000000002,1.3862499999999998,0.014665000000000004,4.45,30.73333333333333,-99.93333330000002
2007-08-21,1.2896081289500338,305.05,292.59999999999997,0.0,288.075,1.23875,0.01495625,4.575,30.73333333333333,-99.93333330000002
2007-08-29,1.20484006878756,301.76250000000005,291.975,6.4125,211.91250000000002,0.97875,0.013827500000000003,2.95,30.73333333333333,-99.93333330000002
2007-09-06,1.189608128950034,303.725,291.88750000000005,0.8250000000000001,245.33749999999998,1.0475,0.01492125,3.75,30.73333333333333,-99.93333330000002
2007-09-14,1.174376189112508,304.0,291.26250000000005,2.0,250.52499999999998,1.1075000000000002,0.014313750000000002,3.75,30.73333333333333,-99.93333330000002
2007-09-22,1.1453955938638036,304.15000000000003,290.8,0.0,249.675,1.23625,0.013400000000000002,3.65,30.73333333333333,-99.93333330000002
2007-09-30,1.0442125350862306,305.0,288.90000000000003,0.1,210.78750000000002,1.4024999999999999,0.012271250000000001,3.8875,30.73333333333333,-99.93333330000002
2007-10-08,0.9896081289500339,302.92499999999995,288.0375,0.9,171.425,1.21875,0.011481249999999998,3.75,30.73333333333333,-99.93333330000002
2007-10-16,0.8999999999999999,301.0125,282.8625,1.0625,191.33750000000003,1.515,0.00688375,5.2125,30.73333333333333,-99.93333330000002
2007-10-24,0.8,296.6375,277.70000000000005,0.0,184.8375,1.1325000000000003,0.004938750000000001,3.3499999999999996,30.73333333333333,-99.93333330000002
2007-11-01,0.8,296.8875,281.65000000000003,0.0,144.22500000000002,1.0725,0.006561249999999999,3.9625000000000004,30.73333333333333,-99.93333330000002
2007-11-09,0.7000000000000002,298.1125,283.4,0.0,146.65,1.125,0.007555,5.025,30.73333333333333,-99.93333330000002
2007-11-17,0.6152319398375261,291.65,278.0625,0.0,117.225,0.78375,0.00588625,4.65,30.73333333333333,-99.93333330000002
2007-11-25,0.60484006878756,290.3,276.175,4.2125,123.975,0.55875,0.00578,4.5125,30.73333333333333,-99.93333330000002
2007-12-03,0.5850682858112486,294.61249999999995,276.5375,0.0,133.86249999999998,0.8050000000000002,0.006052500000000001,4.2625,30.73333333333333,-99.93333330000002
2007-12-11,0.5408557507250181,289.0625,272.25,1.0,126.0875,0.54,0.0047125000000000005,4.700000000000001,30.73333333333333,-99.93333330000002
2007-12-19,0.5408557507250181,288.2625,270.825,0.0,139.57500000000002,0.705,0.0030062500000000007,4.9,30.73333333333333,-99.93333330000002
2007-12-27,0.515231939837526,285.48,269.18,0.0,142.52,0.5960000000000001,0.0023920000000000005,4.040000000000001,30.73333333333333,-99.93333330000002
2008-01-01,0.4,288.375,272.75,0.0,137.9625,0.60625,0.00438625,4.8999999999999995,30.73333333333333,-99.93333330000002
2008-01-09,0.42562381088749207,287.83750000000003,272.5,0.0,132.91250000000002,0.68375,0.0030000000000000005,3.9,30.73333333333333,-99.93333330000002
2008-01-17,0.4408557507250181,283.9125,269.40000000000003,0.5,112.2,0.32875,0.0038650000000000004,3.925,30.73333333333333,-99.93333330000002
2008-01-25,0.40484006878755996,289.78749999999997,272.5875,0.0,145.375,0.70375,0.00387875,5.4125000000000005,30.73333333333333,-99.93333330000002
2008-02-02,0.515231939837526,294.72499999999997,274.4625,0.0,170.4375,1.1387500000000002,0.0035775,4.425,30.73333333333333,-99.93333330000002
2008-02-10,0.515231939837526,294.6125,276.1875,0.5625,163.51250000000002,0.7324999999999999,0.006327500000000001,5.275000000000001,30.73333333333333,-99.93333330000002
2008-02-18,0.515231939837526,296.9625,276.8625,0.0,186.5625,1.2025000000000001,0.00491875,4.3375,30.73333333333333,-99.93333330000002
2008-02-26,0.5256238108874921,295.02500000000003,274.6875,0.6375000000000001,188.26250000000002,0.99375,0.004725,5.8375,30.73333333333333,-99.93333330000002
2008-03-05,0.5,291.075,274.15,1.225,200.5875,0.8400000000000001,0.0037412500000000007,4.7625,30.73333333333333,-99.93333330000002
2008-03-13,0.5408557507250181,297.575,280.525,6.300000000000001,214.76250000000005,1.2900000000000003,0.0053612500000000006,5.4625,30.73333333333333,-99.93333330000002
2008-03-21,0.6152319398375261,295.42499999999995,280.1,1.5875000000000001,201.65,0.9125000000000001,0.006705000000000001,5.5874999999999995,30.73333333333333,-99.93333330000002
2008-03-29,0.6710194047512956,299.4125,283.775,1.3750000000000002,241.76250000000002,1.07625,0.008752500000000002,5.112500000000001,30.73333333333333,-99.93333330000002
2008-04-06,0.7557874649137696,298.1125,282.95,1.9875000000000003,269.2,1.295,0.006373750000000001,5.074999999999999,30.73333333333333,-99.93333330000002
2008-04-14,0.8,300.1,281.01250000000005,0.1875,276.4375,1.4025000000000003,0.00640875,5.4125000000000005,30.73333333333333,-99.93333330000002
2008-04-22,0.8743761891125079,301.85,284.07500000000005,2.125,259.7625,1.46375,0.008355000000000001,5.1125,30.73333333333333,-99.93333330000002
2008-04-30,0.8896081289500339,302.5,286.47499999999997,0.175,272.05,1.6362499999999998,0.00806375,6.0375000000000005,30.73333333333333,-99.93333330000002
2008-05-08,0.8743761891125079,305.1125,288.9125,7.8875,284.4125,2.0100000000000002,0.00883625,4.525,30.73333333333333,-99.93333330000002
2008-05-16,0.884768060162474,303.9375,287.7875,0.037500000000000006,278.52500000000003,1.7562499999999999,0.009358750000000002,4.4624999999999995,30.73333333333333,-99.93333330000002
2008-05-24,0.8896081289500339,307.9625,291.95,0.0,295.22499999999997,1.9125,0.013055000000000002,5.662500000000001,30.73333333333333,-99.93333330000002
2008-06-01,0.8743761891125079,309.63750000000005,294.4125,0.0,318.4750000000001,2.4150000000000005,0.012691250000000001,8.275,30.73333333333333,-99.93333330000002
2008-06-09,0.8546044061361966,309.5625,294.65,0.0,318.825,2.4775,0.01229875,6.2,30.73333333333333,-99.93333330000002
2008-06-17,0.7594444749237566,307.25,295.20000000000005,3.8750000000000004,303.95000000000005,2.2575000000000003,0.011715,3.425,30.73333333333333,-99.93333330000002
2008-06-25,0.8405555250762436,305.8125,294.0375,3.9624999999999995,270.1375,1.76625,0.012916249999999999,4.5874999999999995,30.73333333333333,-99.93333330000002
2008-07-03,0.8557874649137696,304.8375,291.61249999999995,1.4000000000000001,293.0125,1.435,0.013043750000000002,4.550000000000001,30.73333333333333,-99.93333330000002
2008-07-11,0.8301636540262776,309.20000000000005,293.4875,1.9625,332.4125,2.35875,0.012122500000000001,4.4125000000000005,30.73333333333333,-99.93333330000002
2008-07-19,0.6588440236262075,308.3875,293.4,1.5625,310.675,2.2700000000000005,0.011962500000000001,4.4750000000000005,30.73333333333333,-99.93333330000002
2008-07-27,0.6588440236262075,310.625,294.4625,2.0375,310.95000000000005,2.55125,0.0129525,4.4750000000000005,30.73333333333333,-99.93333330000002
2008-08-04,0.7237290186350729,309.0875,293.55,3.7625,280.475,2.3237500000000004,0.01230125,3.8874999999999993,30.73333333333333,-99.93333330000002
2008-08-12,0.7386607328238244,304.58750000000003,292.76249999999993,8.3625,232.8375,1.40125,0.013756250000000001,2.9125,30.73333333333333,-99.93333330000002
2008-08-20,0.7546044061361965,304.62499999999994,291.5,3.0875,239.7875,1.3099999999999998,0.013673750000000002,2.9375,30.73333333333333,-99.93333330000002
2008-08-28,0.8442125350862305,305.15,290.725,1.7125000000000004,257.85,1.4412500000000001,0.012988750000000002,3.1,30.73333333333333,-99.93333330000002
2008-09-05,0.763984318062542,304.3,289.37500000000006,2.25,221.08750000000003,1.3125,0.01249875,3.1375000000000006,30.73333333333333,-99.93333330000002
2008-09-13,0.7546044061361965,301.2875,285.13750000000005,0.5,248.25,1.3025,0.00893,2.8875,30.73333333333333,-99.93333330000002
2008-09-21,0.7000000000000002,303.075,286.975,0.6125,227.5875,1.3987500000000002,0.00997625,2.3,30.73333333333333,-99.93333330000002
2008-09-29,0.7698363459737225,303.425,285.525,6.000000000000001,222.01250000000005,1.6962500000000003,0.007845000000000001,3.7125,30.73333333333333,-99.93333330000002
2008-10-07,0.6152319398375261,300.8625,284.73749999999995,1.55,186.5,1.0962500000000002,0.0096725,4.425000000000001,30.73333333333333,-99.93333330000002
2008-10-15,0.6896081289500341,298.0125,281.15000000000003,1.3,183.175,0.9250000000000002,0.007875000000000002,3.6,30.73333333333333,-99.93333330000002
2008-10-23,0.7152319398375262,296.4125,277.2625,1.0,182.75,1.15,0.004785,3.8500000000000005,30.73333333333333,-99.93333330000002
2008-10-31,0.6594444749237566,298.65,280.875,1.2625,162.3125,1.0887499999999999,0.007253750000000001,4.2125,30.73333333333333,-99.93333330000002
2008-11-08,0.6594444749237566,294.825,277.12499999999994,1.6375000000000002,148.3625,0.9587500000000001,0.00519625,4.0,30.73333333333333,-99.93333330000002
2008-11-16,0.5698363459737226,291.2125,272.59999999999997,0.15000000000000002,145.78750000000002,0.7787500000000002,0.0038462500000000003,4.187500000000001,30.73333333333333,-99.93333330000002
2008-11-24,0.46983634597372254,292.0875,275.57499999999993,0.21250000000000002,128.925,0.82875,0.0044037500000000005,3.7375000000000007,30.73333333333333,-99.93333330000002
2008-12-02,0.46983634597372254,289.9875,271.54999999999995,1.1125,135.8625,0.76625,0.00341625,5.0875,30.73333333333333,-99.93333330000002
2008-12-10,0.45578746491376954,289.325,270.93750000000006,0.0,137.37500000000003,0.68,0.00362625,5.0,30.73333333333333,-99.93333330000002
2008-12-18,0.4253235852387176,291.175,274.13750000000005,0.0,126.1125,0.77125,0.004597500000000001,4.85,30.73333333333333,-99.93333330000002
2008-12-26,0.4,291.71666666666664,273.88333333333327,0.0,137.66666666666669,0.8966666666666668,0.0035200000000000006,4.616666666666667,30.73333333333333,-99.93333330000002
2009-01-01,0.415231939837526,291.28749999999997,272.07500000000005,0.037500000000000006,132.05,0.79,0.0039225,4.8875,30.73333333333333,-99.93333330000002
2009-01-09,0.4408557507250181,288.02500000000003,269.3875,0.0,135.425,0.72375,0.0025912500000000002,4.2375,30.73333333333333,-99.93333330000002
2009-01-17,0.4408557507250181,294.1,272.8625,0.0,151.0875,1.125,0.0030250000000000003,5.0,30.73333333333333,-99.93333330000002
2009-01-25,0.42562381088749207,291.575,270.0125,0.1625,156.75,0.69375,0.004203750000000001,4.1000000000000005,30.73333333333333,-99.93333330000002
2009-02-02,0.42562381088749207,293.5,275.55,1.175,168.5125,0.83625,0.005013750000000001,5.8875,30.73333333333333,-99.93333330000002
2009-02-10,0.48506828581124856,294.28749999999997,276.61249999999995,0.0,154.5125,0.9725000000000001,0.0046575,5.012499999999999,30.73333333333333,-99.93333330000002
2009-02-18,0.4442125350862305,295.0,274.725,0.0,197.20000000000005,1.25875,0.0032425000000000006,4.699999999999999,30.73333333333333,-99.93333330000002
2009-02-26,0.515231939837526,297.025,277.8,0.0,209.10000000000002,1.39375,0.00426375,5.275,30.73333333333333,-99.93333330000002
2009-03-06,0.5256238108874921,295.37500000000006,281.95000000000005,10.287500000000001,160.25,0.9724999999999999,0.007450000000000002,5.2875,30.73333333333333,-99.93333330000002
2009-03-14,0.515231939837526,295.54999999999995,280.16249999999997,0.0,213.4375,0.9337500000000001,0.00640375,4.1000000000000005,30.73333333333333,-99.93333330000002
2009-03-22,0.5698363459737226,296.5125,281.1,0.325,229.83750000000003,1.185,0.00555875,6.2875,30.73333333333333,-99.93333330000002
2009-03-30,0.5442125350862306,295.9,279.075,0.7250000000000001,263.0375,1.3737499999999998,0.00347375,5.775,30.73333333333333,-99.93333330000002
2009-04-07,0.6152319398375261,297.8375,280.45000000000005,1.4375,255.37500000000006,1.5137500000000002,0.0039787500000000005,5.1625000000000005,30.73333333333333,-99.93333330000002
2009-04-15,0.7152319398375262,299.4125,282.92500000000007,5.487500000000001,260.4,1.43375,0.006059999999999999,4.65,30.73333333333333,-99.93333330000002
2009-04-23,0.8152319398375261,302.47499999999997,287.7125,6.3375,253.22500000000002,1.25,0.010883750000000001,6.175,30.73333333333333,-99.93333330000002
2009-05-01,1.089608128950034,304.625,289.0,0.125,278.0375,1.2149999999999999,0.01358,4.8125,30.73333333333333,-99.93333330000002
2009-05-09,1.0338206640362644,304.975,290.3375,0.925,268.77500000000003,1.4375,0.012702500000000002,5.200000000000001,30.73333333333333,-99.93333330000002
2009-05-17,1.0,299.0125,285.325,2.225,265.725,1.1800000000000002,0.008067500000000002,3.25,30.73333333333333,-99.93333330000002
2009-05-25,1.0048400687875598,304.275,290.21250000000003,3.9625000000000004,284.50000000000006,1.6987500000000002,0.010217500000000001,3.3875,30.73333333333333,-99.93333330000002
2009-06-02,0.9453955938638035,306.9,291.3875,0.3875,310.75000000000006,1.9975,0.011234999999999998,4.8875,30.73333333333333,-99.93333330000002
2009-06-10,0.869536120324948,309.8875,294.6875,0.037500000000000006,307.71250000000003,2.4275,0.013052500000000002,5.862500000000001,30.73333333333333,-99.93333330000002
2009-06-18,0.8557874649137696,308.0625,293.98749999999995,0.1875,311.6125,2.0187500000000003,0.013403750000000002,4.9125000000000005,30.73333333333333,-99.93333330000002
2009-06-26,0.8,307.98749999999995,295.6875,4.550000000000001,281.52500000000003,2.2375000000000003,0.012812500000000001,2.875,30.73333333333333,-99.93333330000002
2009-07-04,0.8152319398375261,309.2125,294.9125,1.2125000000000001,328.57500000000005,2.2975000000000003,0.013295000000000003,4.025,30.73333333333333,-99.93333330000002
2009-07-12,0.8453955938638036,308.82500000000005,293.6625,2.125,337.00000000000006,2.285,0.012278750000000001,3.9250000000000007,30.73333333333333,-99.93333330000002
2009-07-20,0.774376189112508,308.21250000000003,293.90000000000003,4.4125000000000005,301.5875,2.4175000000000004,0.010932500000000001,4.250000000000001,30.73333333333333,-99.93333330000002
2009-07-28,0.863984318062542,308.675,294.05,9.975,293.75,2.16375,0.013096249999999999,3.8875000000000006,30.73333333333333,-99.93333330000002
2009-08-05,0.9606275337013295,308.6875,292.65,0.75,309.075,2.205,0.01217375,4.487500000000001,30.73333333333333,-99.93333330000002
2009-08-13,0.9639843180625418,308.1875,293.2875,0.7000000000000001,289.1125,2.0412500000000002,0.01302875,4.8875,30.73333333333333,-99.93333330000002
2009-08-21,0.9048400687875598,308.40000000000003,293.58750000000003,1.0750000000000002,287.5,2.3675,0.011266250000000002,3.5500000000000003,30.73333333333333,-99.93333330000002
2009-08-29,0.8152319398375261,304.25,289.95000000000005,0.9500000000000001,275.95000000000005,1.5750000000000002,0.010932500000000001,3.7625,30.73333333333333,-99.93333330000002
2009-09-06,0.8408557507250181,301.5375,292.3875,14.6,181.35000000000002,1.0225000000000002,0.0135625,3.5875000000000004,30.73333333333333,-99.93333330000002
2009-09-14,0.9896081289500339,301.7875,288.325,0.037500000000000006,231.5,0.97375,0.012413750000000001,3.9000000000000004,30.73333333333333,-99.93333330000002
2009-09-22,0.9442125350862305,299.7625,286.15,1.9000000000000001,214.03750000000002,0.98375,0.01037125,3.75,30.73333333333333,-99.93333330000002
2009-09-30,0.9338206640362645,302.8,289.3875,2.5875000000000004,198.56250000000003,1.14375,0.012498750000000003,4.6875,30.73333333333333,-99.93333330000002
2009-10-08,0.9896081289500339,298.18750000000006,284.55,3.3125,184.72500000000002,0.64375,0.011311250000000002,3.9875000000000007,30.73333333333333,-99.93333330000002
2009-10-16,0.9639843180625418,293.175,281.32500000000005,2.2875,177.8,0.6025,0.007462500000000001,4.9,30.73333333333333,-99.93333330000002
2009-10-24,0.9338206640362645,292.46250000000003,278.13750000000005,4.3875,166.75,0.6025,0.00651875,4.8875,30.73333333333333,-99.93333330000002
2009-11-01,0.8442125350862305,295.175,278.5,0.30000000000000004,157.3,0.7175,0.006993750000000001,3.0375,30.73333333333333,-99.93333330000002
2009-11-09,0.7896081289500341,296.15,279.68750000000006,0.0,149.5,0.72,0.007926250000000003,3.6625,30.73333333333333,-99.93333330000002
2009-11-17,0.6896081289500341,292.225,274.525,0.6000000000000001,138.4125,0.6875000000000001,0.005132500000000001,3.6125,30.73333333333333,-99.93333330000002
2009-11-25,0.6000000000000001,287.78749999999997,273.45,2.9875,111.95000000000002,0.5125000000000001,0.00462375,3.6125000000000003,30.73333333333333,-99.93333330000002
2009-12-03,0.6000000000000001,283.6875,269.33750000000003,0.25,123.48750000000001,0.34750000000000003,0.00387,4.275,30.73333333333333,-99.93333330000002
2009-12-11,0.5256238108874921,289.3625,273.0,0.0,131.125,0.52125,0.0048850000000000005,3.5375,30.73333333333333,-99.93333330000002
2009-12-19,0.5103918710499661,286.9625,271.91249999999997,1.3375000000000001,119.17500000000001,0.49000000000000005,0.0041400000000000005,4.2125,30.73333333333333,-99.93333330000002
2009-12-27,0.5,283.02,269.3,0.8200000000000001,107.73999999999998,0.306,0.0037600000000000003,3.3400000000000007,30.73333333333333,-99.93333330000002
2010-01-01,0.4,281.63750000000005,266.0,0.0,129.8375,0.32000000000000006,0.0029812500000000004,3.9875000000000003,30.73333333333333,-99.93333330000002
2010-01-09,0.415231939837526,285.7625,272.775,1.1500000000000001,119.0875,0.41,0.00440875,3.5875,30.73333333333333,-99.93333330000002
2010-01-17,0.430463879675052,294.425,277.15,0.08750000000000001,145.775,0.9737499999999999,0.004953750000000001,5.05,30.73333333333333,-99.93333330000002
2010-01-25,0.415231939837526,286.4625,272.0125,5.65,144.91250000000002,0.42875,0.0044925,4.4375,30.73333333333333,-99.93333330000002
2010-02-02,0.47101940475129556,283.7625,275.09999999999997,3.7875,142.45000000000002,0.18874999999999997,0.005536250000000001,4.075,30.73333333333333,-99.93333330000002
2010-02-10,0.515231939837526,285.05,269.55,1.1875,157.9,0.48250000000000004,0.0032,3.3625,30.73333333333333,-99.93333330000002
2010-02-18,0.515231939837526,288.075,274.3625,0.1625,172.35000000000002,0.5675,0.0045625,4.875,30.73333333333333,-99.93333330000002
2010-02-26,0.515231939837526,288.77500000000003,274.0625,1.1375000000000002,185.5875,0.565,0.004600000000000001,4.4625,30.73333333333333,-99.93333330000002
2010-03-06,0.5408557507250181,294.01250000000005,276.7,0.525,207.16250000000002,0.95125,0.004767500000000001,5.1625,30.73333333333333,-99.93333330000002
2010-03-14,0.5710194047512955,290.975,274.03749999999997,4.275,194.17500000000004,0.6975,0.00490625,4.7875000000000005,30.73333333333333,-99.93333330000002
2010-03-22,0.5850682858112486,296.7375,275.3875,0.9750000000000001,242.85000000000002,1.165,0.00442875,4.8875,30.73333333333333,-99.93333330000002
2010-03-30,0.6698363459737227,300.97499999999997,283.4875,0.0,257.275,1.335,0.008072500000000002,6.1625000000000005,30.73333333333333,-99.93333330000002
2010-04-07,0.6850682858112487,296.01249999999993,282.575,0.6625000000000001,244.32500000000002,0.9,0.0075087500000000015,4.737500000000001,30.73333333333333,-99.93333330000002
2010-04-15,0.7594444749237566,294.5125,284.8,8.275,219.06250000000003,0.50875,0.009753750000000002,3.7625,30.73333333333333,-99.93333330000002
2010-04-23,0.8896081289500339,300.21250000000003,282.625,0.9125000000000001,286.6125,1.35375,0.006998750000000001,5.1875,30.73333333333333,-99.93333330000002
2010-05-01,0.9442125350862305,301.75000000000006,283.9,0.0,265.6125,1.72875,0.0064175000000000005,5.3125,30.73333333333333,-99.93333330000002
2010-05-09,0.974376189112508,301.68749999999994,290.45,1.0125000000000002,273.35,1.0550000000000002,0.012551250000000002,5.7250000000000005,30.73333333333333,-99.93333330000002
2010-05-17,1.0,303.53749999999997,292.13750000000005,4.9625,282.9125,1.21625,0.013662500000000003,5.725,30.73333333333333,-99.93333330000002
2010-05-25,0.974376189112508,305.1625,289.5625,0.5750000000000001,295.3625,1.5950000000000002,0.011483750000000001,3.5749999999999997,30.73333333333333,-99.93333330000002
2010-06-02,0.9152319398375259,307.35,292.7875,1.1375,303.425,1.84875,0.013317500000000001,4.0249999999999995,30.73333333333333,-99.93333330000002
2010-06-10,0.8896081289500339,306.725,295.3375,0.0,313.57500000000005,1.7337500000000001,0.01466625,7.1625000000000005,30.73333333333333,-99.93333330000002
2010-06-18,0.8,308.925,294.58750000000003,0.0,300.02500000000003,2.23375,0.013144999999999999,4.9125,30.73333333333333,-99.93333330000002
2010-06-26,0.9152319398375259,303.9,294.11249999999995,16.1875,226.77500000000003,1.2075,0.0151575,4.275000000000001,30.73333333333333,-99.93333330000002
2010-07-04,0.863984318062542,304.2875,293.86249999999995,0.47500000000000003,260.725,1.04625,0.016205,3.8125,30.73333333333333,-99.93333330000002
2010-07-12,0.974376189112508,307.5625,294.6375,0.0,332.02500000000003,1.6650000000000003,0.01554875,4.5375000000000005,30.73333333333333,-99.93333330000002
2010-07-20,0.9279686361250838,306.66249999999997,293.4875,1.5,305.5375,1.5800000000000003,0.014636250000000002,4.612500000000001,30.73333333333333,-99.93333330000002
2010-07-28,0.8896081289500339,309.32500000000005,292.77500000000003,0.30000000000000004,322.85,2.27625,0.01250375,4.5,30.73333333333333,-99.93333330000002
2010-08-05,0.8698363459737226,310.25,295.32499999999993,0.0,280.84999999999997,2.3699999999999997,0.014131250000000001,3.5875000000000004,30.73333333333333,-99.93333330000002
2010-08-13,0.7475693194474431,310.2,295.0125,1.4000000000000001,279.75,2.2950000000000004,0.01442125,3.95,30.73333333333333,-99.93333330000002
2010-08-21,0.7386607328238244,307.7375,291.5625,1.9875000000000003,245.13750000000002,2.1225,0.011633750000000002,3.6625000000000005,30.73333333333333,-99.93333330000002
2010-08-29,0.7048400687875601,306.175,291.25000000000006,0.7250000000000001,270.3625,1.6937499999999999,0.012663750000000001,4.425000000000001,30.73333333333333,-99.93333330000002
2010-09-06,0.7100916454011916,305.1375,293.98749999999995,4.1125,232.63750000000002,1.38,0.01500625,4.125,30.73333333333333,-99.93333330000002
2010-09-14,0.8,304.125,292.175,0.225,241.26250000000002,1.34375,0.013432500000000002,4.0,30.73333333333333,-99.93333330000002
2010-09-22,0.6847680601624742,302.5125,286.675,1.4375000000000002,244.1875,1.205,0.011107500000000001,3.425,30.73333333333333,-99.93333330000002
2010-09-30,0.588425070172461,300.90000000000003,281.3375,0.0,213.9875,1.4812500000000002,0.00621875,3.2125000000000004,30.73333333333333,-99.93333330000002
2010-10-08,0.6185887241987386,301.8625,281.08750000000003,0.0,204.70000000000002,1.525,0.006580000000000001,3.3375,30.73333333333333,-99.93333330000002
2010-10-16,0.7000000000000002,301.0625,285.96250000000003,0.5,179.78750000000002,1.2625000000000002,0.0091225,4.1125,30.73333333333333,-99.93333330000002
2010-10-24,0.5896081289500341,301.75,278.9125,0.0,184.9375,1.865,0.0041225,4.6125,30.73333333333333,-99.93333330000002
2010-11-01,0.6152319398375261,295.475,277.2,0.0,164.25,1.26,0.0035212499999999996,4.9,30.73333333333333,-99.93333330000002
2010-11-09,0.5710194047512955,295.38750000000005,276.09999999999997,0.0,151.12500000000003,0.9337500000000001,0.00545625,4.6625000000000005,30.73333333333333,-99.93333330000002
2010-11-17,0.47437618911250795,297.7875,281.125,0.0,145.10000000000002,1.2625,0.0060187500000000015,4.925000000000001,30.73333333333333,-99.93333330000002
2010-11-25,0.4,291.03749999999997,269.66249999999997,0.0,145.2,0.8999999999999999,0.0026025,4.6625,30.73333333333333,-99.93333330000002
2010-12-03,0.42562381088749207,291.3,270.4625,0.0,144.375,0.95125,0.002585,4.4125000000000005,30.73333333333333,-99.93333330000002
2010-12-11,0.4408557507250181,289.8,270.225,0.0,140.7125,0.9325000000000001,0.0022362500000000004,4.5125,30.73333333333333,-99.93333330000002
2010-12-19,0.3792162579000679,291.2625,273.7625,1.05,130.86249999999998,0.8437500000000002,0.004301250000000001,4.2875,30.73333333333333,-99.93333330000002
2010-12-27,0.389608128950034,290.23999999999995,277.46,0.4800000000000001,133.78000000000003,0.906,0.0035700000000000003,4.9,30.73333333333333,-99.93333330000002
2011-01-01,0.31523193983752607,290.175,273.2,1.3375000000000001,138.85000000000002,0.8562500000000001,0.002895,3.4875000000000003,30.73333333333333,-99.93333330000002
2011-01-09,0.415231939837526,285.5625,270.71250000000003,1.3625000000000003,129.7125,0.46875,0.0036612500000000004,3.4875000000000007,30.73333333333333,-99.93333330000002
2011-01-17,0.415231939837526,289.55,271.775,0.0,147.875,0.71,0.0034962500000000002,4.3875,30.73333333333333,-99.93333330000002
2011-01-25,0.415231939837526,291.78749999999997,272.425,1.2750000000000001,153.70000000000002,0.935,0.0031850000000000003,4.000000000000001,30.73333333333333,-99.93333330000002
2011-02-02,0.430463879675052,280.7125,266.05,0.1375,153.125,0.45125,0.00219125,5.737500000000001,30.73333333333333,-99.93333330000002
2011-02-10,0.4408557507250181,293.575,273.08750000000003,0.0,185.0375,1.0725,0.0038887500000000003,4.4125,30.73333333333333,-99.93333330000002
2011-02-18,0.4408557507250181,300.125,281.66249999999997,0.0,192.65,1.2800000000000002,0.007135000000000001,4.8500000000000005,30.73333333333333,-99.93333330000002
2011-02-26,0.4350037228138374,298.37500000000006,279.0375,0.0,205.90000000000003,1.4725,0.004410000000000001,5.112500000000001,30.73333333333333,-99.93333330000002
2011-03-06,0.420072008625086,298.03749999999997,277.84999999999997,0.0,218.025,1.52375,0.003535000000000001,4.9624999999999995,30.73333333333333,-99.93333330000002
2011-03-14,0.45944447492375645,302.1125,283.6375,0.0,223.5375,1.5287499999999998,0.007616250000000001,6.3500000000000005,30.73333333333333,-99.93333330000002
2011-03-22,0.4244407521099191,303.9375,284.375,0.0,231.57500000000002,1.8787499999999997,0.006733750000000001,4.75,30.73333333333333,-99.93333330000002
2011-03-30,0.4207837420999322,303.0125,281.3875,0.0,255.9125,1.9999999999999998,0.004985,5.7125,30.73333333333333,-99.93333330000002
2011-04-07,0.4802282170236886,304.9375,286.475,0.9625000000000001,272.83750000000003,2.19875,0.00653375,5.3875,30.73333333333333,-99.93333330000002
2011-04-15,0.5256238108874921,305.6,287.02500000000003,1.7125000000000001,278.42500000000007,2.345,0.00653375,5.4,30.73333333333333,-99.93333330000002
2011-04-23,0.5,304.95,287.22499999999997,0.0,287.725,2.2637500000000004,0.0062924999999999995,6.1375,30.73333333333333,-99.93333330000002
2011-05-01,0.4746764147612825,299.40000000000003,281.025,1.5250000000000001,265.875,1.3900000000000001,0.00706875,5.1625000000000005,30.73333333333333,-99.93333330000002
2011-05-09,0.5408557507250181,303.16249999999997,287.36249999999995,0.9500000000000001,279.21250000000003,1.8362500000000002,0.007835,4.7250000000000005,30.73333333333333,-99.93333330000002
2011-05-17,0.5792162579000679,308.0,291.2125,0.07500000000000001,295.425,2.32,0.010276250000000002,5.1875,30.73333333333333,-99.93333330000002
2011-05-25,0.515231939837526,310.2875,292.5375,0.0,303.11249999999995,2.8074999999999997,0.0101475,6.5125,30.73333333333333,-99.93333330000002
2011-06-02,0.5408557507250181,308.9125,292.1375,0.0,320.2375,2.61125,0.00952875,4.7625,30.73333333333333,-99.93333330000002
2011-06-10,0.5408557507250181,311.76249999999993,293.96250000000003,0.0,321.9,2.9162500000000002,0.011680000000000001,5.950000000000001,30.73333333333333,-99.93333330000002
2011-06-18,0.5408557507250181,310.9875,294.46250000000003,1.7750000000000001,305.7875,2.5575,0.013445000000000002,5.5625,30.73333333333333,-99.93333330000002
2011-06-26,0.530463879675052,310.175,293.7125,0.28750000000000003,310.5375,2.3775000000000004,0.0132175,4.8500000000000005,30.73333333333333,-99.93333330000002
2011-07-04,0.515231939837526,310.55000000000007,294.275,0.0,332.83750000000003,2.71875,0.011631250000000001,4.1,30.73333333333333,-99.93333330000002
2011-07-12,0.4661793359637356,310.66249999999997,295.7625,0.1125,313.475,2.6825,0.012811250000000003,4.1875,30.73333333333333,-99.93333330000002
2011-07-20,0.5103918710499661,310.9375,295.68749999999994,0.3875,322.98749999999995,2.555,0.013920000000000002,4.6375,30.73333333333333,-99.93333330000002
2011-07-28,0.4103918710499661,311.0125,294.9875,0.05,320.125,2.7012500000000004,0.012719999999999999,3.95,30.73333333333333,-99.93333330000002
2011-08-05,0.4792162579000679,312.4375,295.8125,0.8625,309.9375,2.915,0.013447500000000001,4.45,30.73333333333333,-99.93333330000002
2011-08-13,0.4792162579000679,310.2375,294.525,0.05,279.95,2.5612500000000002,0.012495000000000001,3.9125,30.73333333333333,-99.93333330000002
2011-08-21,0.5256238108874921,311.1625,294.4875,0.225,290.85,2.7837500000000004,0.012057500000000002,3.1875000000000004,30.73333333333333,-99.93333330000002
2011-08-29,0.5408557507250181,309.52500000000003,293.4,0.1375,289.26250000000005,2.7525,0.010118750000000001,4.675000000000001,30.73333333333333,-99.93333330000002
2011-09-06,0.4944481977375939,306.71250000000003,288.45,0.0,271.55,2.7637500000000004,0.004942500000000001,2.9625000000000004,30.73333333333333,-99.93333330000002
2011-09-14,0.3758594735388555,306.85,290.15000000000003,1.425,263.6625,2.0387500000000003,0.010368750000000001,4.237500000000001,30.73333333333333,-99.93333330000002
2011-09-22,0.4051402944363345,308.27500000000003,290.2,1.3,242.4,2.44125,0.00931,2.9625000000000004,30.73333333333333,-99.93333330000002
2011-09-30,0.4222670265262797,302.90000000000003,285.9,0.5,218.175,1.68125,0.0077375,4.7375,30.73333333333333,-99.93333330000002
2011-10-08,0.43601568193745815,300.78749999999997,286.15000000000003,9.1875,195.2,1.10625,0.009999999999999998,4.0,30.73333333333333,-99.93333330000002
2011-10-16,0.4661793359637356,299.8625,282.1125,0.0,194.70000000000002,1.275,0.007365000000000001,4.2250000000000005,30.73333333333333,-99.93333330000002
2011-10-24,0.4408557507250181,296.15,279.7,0.0,173.8,0.96625,0.0066949999999999996,4.0625,30.73333333333333,-99.93333330000002
2011-11-01,0.4408557507250181,296.62500000000006,279.04999999999995,0.5625,159.275,0.9625000000000001,0.006815,5.300000000000001,30.73333333333333,-99.93333330000002
2011-11-09,0.42562381088749207,295.475,278.2625,1.2375,149.65,1.1475000000000002,0.00475125,4.275,30.73333333333333,-99.93333330000002
2011-11-17,0.4103918710499661,296.3125,279.75,0.375,142.4625,0.935,0.006925000000000001,4.300000000000001,30.73333333333333,-99.93333330000002
2011-11-25,0.3256238108874921,291.0375,274.45,0.55,132.66250000000002,0.7474999999999999,0.004262500000000001,4.912500000000001,30.73333333333333,-99.93333330000002
2011-12-03,0.34085575072501806,284.59999999999997,270.4625,4.6499999999999995,119.5,0.35875,0.0041624999999999995,4.6625000000000005,30.73333333333333,-99.93333330000002
2011-12-11,0.3256238108874921,289.00000000000006,277.7125,1.0250000000000001,89.975,0.44250000000000006,0.006211250000000001,4.4625,30.73333333333333,-99.93333330000002
2011-12-19,0.31523193983752607,285.375,272.8375,0.2375,114.7375,0.40875,0.00422125,4.475,30.73333333333333,-99.93333330000002
2011-12-27,0.30000000000000004,292.36,273.18,0.0,141.6,0.9760000000000002,0.003136,4.0,30.73333333333333,-99.93333330000002
2012-01-01,0.30000000000000004,289.91249999999997,272.76250000000005,0.1375,138.3,0.76375,0.00334125,3.7500000000000004,30.73333333333333,-99.93333330000002
2012-01-09,0.31523193983752607,288.8125,272.5875,1.6125,130.775,0.65625,0.0038825000000000005,5.162500000000001,30.73333333333333,-99.93333330000002
2012-01-17,0.389608128950034,295.45000000000005,276.22499999999997,0.0,147.2375,1.1,0.0043175,4.362500000000001,30.73333333333333,-99.93333330000002
2012-01-25,0.45944447492375645,292.0,276.43750000000006,3.45,153.60000000000002,0.71875,0.005263750000000001,4.45,30.73333333333333,-99.93333330000002
2012-02-02,0.5490526038737904,289.3125,276.3,0.0,140.2625,0.5725,0.00524,4.4625,30.73333333333333,-99.93333330000002
2012-02-10,0.603657010009987,287.1125,273.9875,4.3375,143.07500000000002,0.52125,0.004485,4.3,30.73333333333333,-99.93333330000002
2012-02-18,0.678033199122495,292.175,276.48749999999995,2.575,176.02500000000003,0.86375,0.004601250000000001,4.8,30.73333333333333,-99.93333330000002
2012-02-26,0.688425070172461,295.5875,277.15,0.15000000000000002,199.75,1.0625,0.004973750000000001,4.675000000000001,30.73333333333333,-99.93333330000002
2012-03-05,0.778033199122495,292.98749999999995,276.725,7.65,179.15,0.7662500000000001,0.0059700000000000005,5.6000000000000005,30.73333333333333,-99.93333330000002
2012-03-13,0.952409388235003,300.13750000000005,285.4375,1.0375,206.0625,1.07,0.009653750000000001,6.1125,30.73333333333333,-99.93333330000002
2012-03-21,0.9676413280725289,300.29999999999995,282.1375,0.07500000000000001,234.9125,1.41,0.00668,4.1625,30.73333333333333,-99.93333330000002
2012-03-29,1.062801259284969,303.25,285.6,0.0,253.30000000000004,1.79875,0.00724125,3.875,30.73333333333333,-99.93333330000002
2012-04-06,1.0326376052586914,301.825,286.0,1.3375000000000001,259.15000000000003,1.2449999999999999,0.0097725,4.737500000000001,30.73333333333333,-99.93333330000002
2012-04-14,1.0185887241987384,299.35,283.325,0.0625,251.96250000000003,1.2975,0.0071525,5.187500000000001,30.73333333333333,-99.93333330000002
2012-04-22,0.7594444749237566,306.93750000000006,286.5625,0.0,283.6875,2.33,0.007535000000000001,5.6875,30.73333333333333,-99.93333330000002
2012-04-30,0.8999999999999999,308.3125,291.82500000000005,1.6750000000000003,278.375,2.18125,0.011565,5.3625,30.73333333333333,-99.93333330000002
2012-05-08,0.6847680601624742,296.31249999999994,285.51250000000005,8.0875,241.15,0.595,0.010225,3.4500000000000006,30.73333333333333,-99.93333330000002
2012-05-16,0.7850682858112485,303.325,287.6375,0.0,293.2,1.45875,0.01012375,4.375000000000001,30.73333333333333,-99.93333330000002
2012-05-24,0.7408557507250182,308.125,291.51250000000005,0.0,292.5875,1.96125,0.01274125,5.5625,30.73333333333333,-99.93333330000002
2012-06-01,0.7758594735388555,308.28749999999997,293.4,0.36250000000000004,303.58750000000003,2.25375,0.011865000000000002,4.425,30.73333333333333,-99.93333330000002
2012-06-09,0.7502356626513635,311.175,294.20000000000005,0.8,312.4000000000001,2.7725000000000004,0.012095000000000002,5.4,30.73333333333333,-99.93333330000002
2012-06-17,0.7453955938638036,307.8875,292.9125,2.3875,310.0375,1.96875,0.012982500000000001,5.125,30.73333333333333,-99.93333330000002
2012-06-25,0.7197717829763115,309.67499999999995,295.07499999999993,1.0625,304.05,2.68125,0.0115575,3.825,30.73333333333333,-99.93333330000002
2012-07-03,0.7103918710499662,307.925,293.9875,2.6875,297.13750000000005,2.0175,0.013277500000000001,4.3374999999999995,30.73333333333333,-99.93333330000002
2012-07-11,0.7000000000000002,307.29999999999995,293.58750000000003,0.6625000000000001,298.32500000000005,1.7675000000000003,0.014075,3.5500000000000003,30.73333333333333,-99.93333330000002
2012-07-19,0.6896081289500341,310.33750000000003,294.2125,0.0,333.1,2.4787500000000002,0.012923750000000003,4.575,30.73333333333333,-99.93333330000002
2012-07-27,0.6408557507250182,311.225,294.69999999999993,0.525,321.125,2.8925,0.011598750000000001,3.8750000000000004,30.73333333333333,-99.93333330000002
2012-08-04,0.6164149986150991,311.12499999999994,293.95000000000005,0.8250000000000001,305.02500000000003,2.7962499999999997,0.011635,3.4875000000000003,30.73333333333333,-99.93333330000002
2012-08-12,0.6606275337013295,310.2,294.3875,1.7000000000000002,289.97499999999997,2.55875,0.012410000000000001,4.0375000000000005,30.73333333333333,-99.93333330000002
2012-08-20,0.6197717829763114,307.425,292.22499999999997,0.6875,264.8625,1.9124999999999999,0.01262125,4.300000000000001,30.73333333333333,-99.93333330000002
2012-08-28,0.6453955938638035,309.1875,292.8875,0.0,276.7,2.38875,0.011701250000000002,3.7625,30.73333333333333,-99.93333330000002
2012-09-05,0.5896081289500341,308.625,290.125,0.0,281.5625,2.6762499999999996,0.00821125,3.825,30.73333333333333,-99.93333330000002
2012-09-13,0.60484006878756,300.4625,286.475,5.950000000000001,202.7875,1.00875,0.010740000000000003,3.35,30.73333333333333,-99.93333330000002
2012-09-21,0.6000000000000001,304.71250000000003,288.4,2.225,244.025,1.5025,0.01119125,4.250000000000001,30.73333333333333,-99.93333330000002
2012-09-29,0.6591442492749822,299.8125,285.7875,4.225,197.03750000000002,0.91125,0.010687500000000003,4.075,30.73333333333333,-99.93333330000002
2012-10-07,0.6152319398375261,300.0875,285.1875,0.9,190.72500000000002,0.9837500000000001,0.0106975,4.775,30.73333333333333,-99.93333330000002
2012-10-15,0.5850682858112486,302.3125,286.3125,0.0,184.1125,1.44375,0.0091575,4.737500000000001,30.73333333333333,-99.93333330000002
2012-10-23,0.5746764147612825,295.9625,280.83750000000003,0.0625,157.70000000000002,0.995,0.00723375,4.762500000000001,30.73333333333333,-99.93333330000002
2012-10-31,0.6152319398375261,301.025,283.35,0.6000000000000001,160.1125,1.46375,0.0069075000000000004,2.9,30.73333333333333,-99.93333330000002
2012-11-08,0.5896081289500341,295.32500000000005,278.58750000000003,0.0,151.22500000000002,1.07,0.0053975,4.8125,30.73333333333333,-99.93333330000002
2012-11-16,0.4896081289500339,295.71250000000003,280.5375,0.0,130.675,0.9462499999999999,0.0063825,3.95,30.73333333333333,-99.93333330000002
2012-11-24,0.5048400687875599,296.1875,278.0125,0.0,137.65,1.085,0.005357500000000001,4.5875,30.73333333333333,-99.93333330000002
2012-12-02,0.4746764147612825,299.0875,280.35,0.0,139.55,1.2675,0.006240000000000001,4.0125,30.73333333333333,-99.93333330000002
2012-12-10,0.415231939837526,291.19999999999993,273.7,0.05,138.275,0.87375,0.0035512500000000006,4.6375,30.73333333333333,-99.93333330000002
2012-12-18,0.3850682858112485,293.6,273.975,0.225,137.5625,1.15,0.0030100000000000005,5.2,30.73333333333333,-99.93333330000002
2012-12-26,0.31523193983752607,285.66666666666663,267.8,0.0,131.55,0.5683333333333334,0.0026183333333333336,4.333333333333333,30.73333333333333,-99.93333330000002
2013-01-01,0.3338206640362644,284.25,269.72499999999997,2.4625000000000004,108.17500000000001,0.42375,0.00324125,2.875,30.73333333333333,-99.93333330000002
2013-01-09,0.42562381088749207,285.95,272.6375,2.9875000000000003,127.47500000000001,0.39875000000000005,0.004726250000000001,4.6375,30.73333333333333,-99.93333330000002
2013-01-17,0.42562381088749207,293.25000000000006,275.59999999999997,0.0,150.9625,0.8300000000000001,0.00496875,3.6875000000000004,30.73333333333333,-99.93333330000002
2013-01-25,0.43937246629867055,295.6625,279.2375,0.1125,152.75,0.9737500000000001,0.00619875,5.137500000000001,30.73333333333333,-99.93333330000002
2013-02-02,0.47101940475129556,295.25,279.1125,0.0,158.32500000000002,0.9562499999999999,0.005740000000000001,4.275,30.73333333333333,-99.93333330000002
2013-02-10,0.515231939837526,290.6625,274.78749999999997,1.0125,173.10000000000002,0.8325,0.0035525,4.4125000000000005,30.73333333333333,-99.93333330000002
2013-02-18,0.5,293.0625,276.2125,0.5875,179.025,0.9062500000000001,0.00439,5.9125000000000005,30.73333333333333,-99.93333330000002
2013-02-26,0.45578746491376954,292.01250000000005,273.475,0.0,211.43750000000003,1.1287500000000001,0.00224125,4.825,30.73333333333333,-99.93333330000002
2013-03-06,0.45578746491376954,294.97499999999997,276.4375,1.2750000000000001,211.36249999999998,1.1475,0.00393625,4.8375,30.73333333333333,-99.93333330000002
2013-03-14,0.4802282170236886,300.1875,281.87499999999994,0.0,219.70000000000002,1.6412499999999999,0.00496,5.15,30.73333333333333,-99.93333330000002
2013-03-22,0.45094739612620965,295.59999999999997,276.7125,0.0,238.47500000000002,1.1712500000000001,0.00453875,5.15,30.73333333333333,-99.93333330000002
2013-03-30,0.5256238108874921,298.5125,281.78749999999997,2.7875,226.51250000000002,1.1199999999999999,0.00758,4.6125,30.73333333333333,-99.93333330000002
2013-04-07,0.5256238108874921,300.7125,281.4625,0.0,269.25000000000006,1.42,0.006987500000000001,5.3500000000000005,30.73333333333333,-99.93333330000002
2013-04-15,0.5405555250762436,301.275,281.8,0.65,273.7625,1.6112499999999998,0.006635,5.7375,30.73333333333333,-99.93333330000002
2013-04-23,0.5512476217749841,300.33750000000003,283.48749999999995,0.8500000000000001,239.28750000000002,1.36,0.007886250000000001,5.025,30.73333333333333,-99.93333330000002
2013-05-01,0.5512476217749841,299.2875,280.15,0.28750000000000003,260.46250000000003,1.4275,0.00573125,4.775,30.73333333333333,-99.93333330000002
2013-05-09,0.6256238108874922,302.5,286.7125,2.35,283.725,1.47625,0.00926625,4.675,30.73333333333333,-99.93333330000002
2013-05-17,0.5500645629974112,308.35,291.48749999999995,6.8375,287.15,2.26125,0.01119375,5.550000000000001,30.73333333333333,-99.93333330000002
2013-05-25,0.7000000000000002,305.575,291.725,3.6375,291.95,1.4412500000000001,0.013931250000000001,6.7875,30.73333333333333,-99.93333330000002
2013-06-02,0.7103918710499662,306.42499999999995,290.8,1.5250000000000001,299.525,1.89625,0.011331250000000001,4.562500000000001,30.73333333333333,-99.93333330000002
2013-06-10,0.72384030081237,306.6375,292.9625,2.475,294.775,1.59125,0.01430875,4.375000000000001,30.73333333333333,-99.93333330000002
2013-06-18,0.8743761891125079,307.90000000000003,292.975,1.375,311.0625,1.8875,0.013605,5.8374999999999995,30.73333333333333,-99.93333330000002
2013-06-26,0.7546044061361965,309.11249999999995,292.875,0.42500000000000004,320.1,2.73625,0.009607500000000001,3.775,30.73333333333333,-99.93333330000002
2013-07-04,0.7802282170236886,309.0375,292.3,0.0,341.78749999999997,2.4274999999999998,0.010946250000000001,4.15,30.73333333333333,-99.93333330000002
2013-07-12,0.8405555250762436,305.2875,292.7875,6.362500000000001,267.9375,1.705,0.012628750000000001,3.6125000000000003,30.73333333333333,-99.93333330000002
2013-07-20,0.9137486554111786,308.37500000000006,293.7,0.3125,318.47499999999997,1.9225,0.014278750000000003,4.0625,30.73333333333333,-99.93333330000002
2013-07-28,0.8594444749237564,309.1125,292.93750000000006,0.36250000000000004,312.4625,2.175,0.01295125,4.075,30.73333333333333,-99.93333330000002
2013-08-05,0.8594444749237564,310.02500000000003,293.5125,0.675,296.9750000000001,2.45875,0.012431250000000001,4.025,30.73333333333333,-99.93333330000002
2013-08-13,0.8125655966336055,308.15,291.63749999999993,0.5,292.41249999999997,2.19,0.011257500000000002,3.2500000000000004,30.73333333333333,-99.93333330000002
2013-08-21,0.9188889498475129,304.7375,291.52500000000003,5.175,230.7,1.44125,0.01307875,3.2875,30.73333333333333,-99.93333330000002
2013-08-29,0.9442125350862305,308.3375,293.27500000000003,2.3375,260.225,2.17625,0.01228375,2.5125,30.73333333333333,-99.93333330000002
2013-09-06,0.8528208960610746,303.4,290.9125,2.0250000000000004,202.67499999999998,1.2425000000000002,0.01304125,3.1500000000000004,30.73333333333333,-99.93333330000002
2013-09-14,0.984768060162474,302.9875,290.63750000000005,9.55,205.8625,1.1250000000000002,0.013263750000000003,3.8000000000000003,30.73333333333333,-99.93333330000002
2013-09-22,0.9698363459737226,303.825,287.7875,1.5250000000000001,247.91250000000002,1.4337499999999999,0.0108225,3.6500000000000004,30.73333333333333,-99.93333330000002
2013-09-30,0.9695361203249481,304.0125,287.4125,0.0,217.88750000000002,1.5225000000000002,0.010423749999999999,4.1875,30.73333333333333,-99.93333330000002
2013-10-08,0.940855750725018,301.8125,287.05,6.0625,172.65000000000003,1.1375000000000002,0.010926250000000002,4.45,30.73333333333333,-99.93333330000002
2013-10-16,0.9746764147612825,295.48749999999995,280.40000000000003,2.8625000000000003,184.1125,0.695,0.007835000000000002,3.6250000000000004,30.73333333333333,-99.93333330000002
2013-10-24,0.9442125350862305,299.5125,285.28749999999997,0.17500000000000002,167.47500000000002,0.9075,0.010203750000000001,4.675000000000001,30.73333333333333,-99.93333330000002
2013-11-01,0.8896081289500339,293.06250000000006,278.775,1.7750000000000004,123.32500000000002,0.8525,0.005327500000000001,4.1499999999999995,30.73333333333333,-99.93333330000002
2013-11-09,0.8,293.4125,276.71250000000003,0.0,134.2,0.815,0.0056275000000000006,3.95,30.73333333333333,-99.93333330000002
2013-11-17,0.7000000000000002,292.3625,278.4,1.6125,105.5125,0.775,0.0065525,5.125,30.73333333333333,-99.93333330000002
2013-11-25,0.6000000000000001,288.83750000000003,273.0,0.925,137.73749999999998,0.63625,0.004206250000000001,3.8874999999999997,30.73333333333333,-99.93333330000002
2013-12-03,0.4512476217749842,285.7125,268.125,0.0625,127.7,0.57875,0.00368,4.187500000000001,30.73333333333333,-99.93333330000002
2013-12-11,0.4951599312124401,288.51250000000005,270.675,0.0,136.9375,0.6300000000000001,0.0034675,3.7875000000000005,30.73333333333333,-99.93333330000002
2013-12-19,0.5103918710499661,288.84999999999997,273.3125,2.1500000000000004,132.4875,0.5075,0.005033750000000001,4.3375,30.73333333333333,-99.93333330000002
2013-12-27,0.389608128950034,285.36,270.86,0.36000000000000004,105.98000000000002,0.34600000000000003,0.004198,2.5200000000000005,30.73333333333333,-99.93333330000002
2014-01-01,0.36983634597372256,284.525,268.46250000000003,0.0,137.8375,0.47125000000000006,0.0032700000000000008,5.449999999999999,30.73333333333333,-99.93333330000002
2014-01-09,0.43937246629867055,292.4875,272.50000000000006,0.0,144.25,0.85125,0.0038425000000000004,4.612500000000001,30.73333333333333,-99.93333330000002
2014-01-17,0.3106920966987406,289.675,270.21250000000003,0.0,136.5625,0.895,0.00244625,4.5125,30.73333333333333,-99.93333330000002
2014-01-25,0.48506828581124856,289.48749999999995,270.175,0.0,154.26250000000002,0.8562500000000001,0.0030875,5.3125,30.73333333333333,-99.93333330000002
2014-02-02,0.3966432156387876,283.025,269.4,0.30000000000000004,141.025,0.50875,0.0033162500000000006,4.7375,30.73333333333333,-99.93333330000002
2014-02-10,0.515231939837526,290.91249999999997,273.4375,0.0,169.92500000000004,0.9125000000000001,0.0043187500000000005,4.487500000000001,30.73333333333333,-99.93333330000002
2014-02-18,0.515231939837526,297.35,278.88750000000005,0.0,170.02499999999998,1.11625,0.006247500000000001,4.7,30.73333333333333,-99.93333330000002
2014-02-26,0.515231939837526,289.4125,270.08750000000003,0.0625,180.60000000000002,0.78625,0.004645000000000001,4.5,30.73333333333333,-99.93333330000002
2014-03-06,0.3710194047512955,292.95,274.625,0.0,197.57500000000002,0.8762500000000001,0.00452625,4.7125,30.73333333333333,-99.93333330000002
2014-03-14,0.4652965028349372,296.8875,276.5875,0.0,212.33750000000003,1.3225000000000002,0.004148750000000001,5.0125,30.73333333333333,-99.93333330000002
2014-03-22,0.5103918710499661,294.96250000000003,279.7,0.36250000000000004,217.875,1.0750000000000002,0.0053975,5.325,30.73333333333333,-99.93333330000002
2014-03-30,0.4966432156387876,299.5375,283.4,0.07500000000000001,227.57500000000005,1.50125,0.0063625,5.7875000000000005,30.73333333333333,-99.93333330000002
2014-04-07,0.5256238108874921,300.4375,280.53749999999997,0.275,263.6,1.5999999999999999,0.005721250000000001,5.824999999999999,30.73333333333333,-99.93333330000002
2014-04-15,0.5408557507250181,297.61249999999995,283.15000000000003,1.6500000000000001,233.70000000000002,1.1850000000000003,0.00690375,4.625,30.73333333333333,-99.93333330000002
2014-04-23,0.45608769056254406,303.0,283.9,0.0,287.625,1.9025000000000003,0.005993750000000001,5.8,30.73333333333333,-99.93333330000002
2014-05-01,0.4515478474237587,305.4375,286.63750000000005,1.2000000000000002,276.575,2.4462499999999996,0.0056575,5.1875,30.73333333333333,-99.93333330000002
2014-05-09,0.5408557507250181,302.1,284.125,1.2000000000000002,266.4125,1.5437500000000002,0.008193750000000001,5.625,30.73333333333333,-99.93333330000002
2014-05-17,0.6710194047512956,304.45,290.975,4.5375000000000005,269.9,1.7850000000000001,0.010187500000000002,6.487500000000001,30.73333333333333,-99.93333330000002
2014-05-25,0.6408557507250182,303.25,289.5125,5.8125,284.06250000000006,1.29375,0.012022500000000004,4.0,30.73333333333333,-99.93333330000002
2014-06-02,0.7594444749237566,304.90000000000003,292.4,0.875,302.0625,1.44,0.01353,5.900000000000001,30.73333333333333,-99.93333330000002
2014-06-10,0.903657010009987,306.6625,292.9625,3.4625000000000004,312.425,1.9662500000000003,0.0119775,5.050000000000001,30.73333333333333,-99.93333330000002
2014-06-18,0.8430294763086574,303.425,293.20000000000005,3.7375000000000003,245.9875,1.19,0.014233750000000002,5.1625,30.73333333333333,-99.93333330000002
2014-06-26,0.9338206640362645,306.21250000000003,294.1875,0.0,328.0,1.7200000000000002,0.013682500000000002,6.5125,30.73333333333333,-99.93333330000002
2014-07-04,0.779216257900068,307.18749999999994,293.1,0.0,324.02500000000003,2.07,0.011715,4.737500000000001,30.73333333333333,-99.93333330000002
2014-07-12,0.8292808208974791,306.0625,293.48750000000007,4.5875,290.67500000000007,1.7274999999999998,0.01332375,3.9,30.73333333333333,-99.93333330000002
2014-07-20,0.7408557507250182,309.37500000000006,293.8125,0.0,333.425,2.04,0.01454,3.8875,30.73333333333333,-99.93333330000002
2014-07-28,0.6850682858112487,307.4125,291.95,0.0,289.20000000000005,2.1225,0.01124875,3.4750000000000005,30.73333333333333,-99.93333330000002
2014-08-05,0.5954601568612147,309.4125,293.3875,0.9,284.57500000000005,2.39625,0.01208625,3.5000000000000004,30.73333333333333,-99.93333330000002
2014-08-13,0.7152319398375262,306.325,291.925,5.6875,261.8625,1.825,0.012203750000000001,3.85,30.73333333333333,-99.93333330000002
2014-08-21,0.7453955938638036,307.3875,292.975,0.0,294.1375,1.97125,0.012510000000000002,4.137500000000001,30.73333333333333,-99.93333330000002
2014-08-29,0.6838852270336756,306.2625,293.57500000000005,1.2125000000000001,282.75,1.6875,0.0135875,5.15,30.73333333333333,-99.93333330000002
2014-09-06,0.6790451582461157,303.1125,290.6125,4.9375,202.8375,1.25875,0.013,4.25,30.73333333333333,-99.93333330000002
2014-09-14,0.7280977621199061,302.6875,292.225,0.8625,178.7,1.15125,0.013478750000000001,2.7750000000000004,30.73333333333333,-99.93333330000002
2014-09-22,0.8338206640362645,300.68749999999994,287.86249999999995,0.9500000000000001,192.2375,1.0175,0.0110775,2.825,30.73333333333333,-99.93333330000002
2014-09-30,0.7594444749237566,304.8125,287.5125,0.0,219.5375,1.62375,0.010418750000000001,4.3875,30.73333333333333,-99.93333330000002
2014-10-08,0.7103918710499662,300.04999999999995,284.3625,2.4375,201.62500000000003,1.145,0.0092525,5.1125,30.73333333333333,-99.93333330000002
2014-10-16,0.6557874649137696,300.7125,284.03749999999997,0.037500000000000006,158.675,1.23875,0.008503750000000001,3.3125000000000004,30.73333333333333,-99.93333330000002
2014-10-24,0.6304638796750521,300.9875,284.775,0.0,180.01250000000002,1.2737499999999997,0.00871875,3.8750000000000004,30.73333333333333,-99.93333330000002
2014-11-01,0.6000000000000001,292.25,281.71250000000003,6.0625,114.5125,0.70875,0.006548749999999999,5.5,30.73333333333333,-99.93333330000002
2014-11-09,0.5408557507250181,285.4875,272.05,0.0,139.5625,0.49499999999999994,0.003955,4.9750000000000005,30.73333333333333,-99.93333330000002
2014-11-17,0.49546015686121464,291.175,274.7375,1.4625000000000001,139.6875,0.7275,0.004806250000000001,4.6625,30.73333333333333,-99.93333330000002
2014-11-25,0.3954601568612146,290.9125,275.12499999999994,0.0,141.05,0.74875,0.004595,4.4,30.73333333333333,-99.93333330000002
2014-12-03,0.3814112758012616,292.0625,278.73749999999995,0.07500000000000001,117.9,0.5212500000000001,0.006985,3.3875,30.73333333333333,-99.93333330000002
2014-12-11,0.25608769056254405,290.9375,279.7375,0.5875,122.23750000000001,0.5875,0.0062975,4.237500000000001,30.73333333333333,-99.93333330000002
2014-12-19,0.28506828581124855,288.2,275.72499999999997,0.4375,112.6875,0.54125,0.004806250000000001,4.9875,30.73333333333333,-99.93333330000002
2014-12-27,0.2256238108874921,280.98,269.3,0.52,77.7,0.27,0.0038900000000000002,4.0600000000000005,30.73333333333333,-99.93333330000002
2015-01-01,0.2802282170236886,282.0,268.875,1.0375,115.825,0.34500000000000003,0.003330000000000001,3.7874999999999996,30.73333333333333,-99.93333330000002
2015-01-09,0.3256238108874921,281.0875,271.26250000000005,0.275,102.42500000000001,0.31875,0.0034575,3.5500000000000007,30.73333333333333,-99.93333330000002
2015-01-17,0.36983634597372256,289.425,272.70000000000005,2.5500000000000003,116.4125,0.6925000000000002,0.004135000000000001,4.250000000000001,30.73333333333333,-99.93333330000002
2015-01-25,0.3850682858112485,293.0,276.00000000000006,0.5875,140.21249999999998,0.82125,0.0050375,4.2875000000000005,30.73333333333333,-99.93333330000002
2015-02-02,0.38625134458882154,290.7625,274.825,0.0,164.3625,0.7112499999999999,0.004945000000000001,4.45,30.73333333333333,-99.93333330000002
2015-02-10,0.4408557507250181,292.1,275.5125,0.0625,129.75,0.7675000000000001,0.0053925,4.4,30.73333333333333,-99.93333330000002
2015-02-18,0.5,287.9625,274.1875,0.08750000000000001,161.05,0.61,0.00479,4.8500000000000005,30.73333333333333,-99.93333330000002
2015-02-26,0.5103918710499661,280.12500000000006,270.4625,0.6500000000000001,157.91250000000002,0.10874999999999999,0.005416250000000001,5.1375,30.73333333333333,-99.93333330000002
2015-03-06,0.5256238108874921,290.1625,274.55,0.6125,185.04999999999998,0.52625,0.005371250000000001,2.9375,30.73333333333333,-99.93333330000002
2015-03-14,0.6152319398375261,293.0875,281.11249999999995,8.9625,152.8375,0.545,0.007858750000000001,3.3000000000000003,30.73333333333333,-99.93333330000002
2015-03-22,0.6152319398375261,299.825,279.95,0.0,239.725,1.2550000000000001,0.006932500000000001,4.4750000000000005,30.73333333333333,-99.93333330000002
2015-03-30,0.6850682858112487,298.825,286.675,0.17500000000000002,220.775,1.09625,0.00921125,5.2375,30.73333333333333,-99.93333330000002
2015-04-07,0.7140488810599531,298.8875,285.98749999999995,0.1,245.96250000000003,0.99625,0.009644999999999999,5.250000000000001,30.73333333333333,-99.93333330000002
2015-04-15,0.8746764147612824,298.75,283.88750000000005,2.525,247.85000000000002,0.99125,0.008785000000000001,4.3,30.73333333333333,-99.93333330000002
2015-04-23,0.8755592478900809,299.725,282.0125,1.1875,257.6375,1.31375,0.00716625,4.375,30.73333333333333,-99.93333330000002
2015-05-01,0.9152319398375259,300.88750000000005,289.8875,0.175,270.56250000000006,1.25125,0.010620000000000001,5.9,30.73333333333333,-99.93333330000002
2015-05-09,0.930463879675052,299.51249999999993,289.1875,11.7625,242.875,0.7475,0.0127775,5.137500000000001,30.73333333333333,-99.93333330000002
2015-05-17,1.0048400687875598,300.7875,289.425,5.1875,277.8875,0.765,0.013840000000000002,5.2125,30.73333333333333,-99.93333330000002
2015-05-25,1.0453955938638035,302.40000000000003,289.81250000000006,5.825000000000001,282.225,0.85,0.01421375,4.637500000000001,30.73333333333333,-99.93333330000002
2015-06-02,1.015231939837526,304.6375,291.15000000000003,0.0,313.65,1.32,0.013415000000000002,4.1125,30.73333333333333,-99.93333330000002
2015-06-10,0.931646938452625,304.5125,293.3375,5.375,283.225,1.19125,0.015227500000000001,4.862500000000001,30.73333333333333,-99.93333330000002
2015-06-18,0.8954601568612146,303.975,293.18750000000006,0.7625,301.20000000000005,1.13375,0.014996250000000001,4.7125,30.73333333333333,-99.93333330000002
2015-06-26,0.8143491067087275,304.675,292.3625,1.7000000000000002,313.1875,1.15875,0.015045,4.262499999999999,30.73333333333333,-99.93333330000002
2015-07-04,0.8363159075862326,304.925,293.90000000000003,2.6625,326.9375,1.31375,0.01502375,6.3500000000000005,30.73333333333333,-99.93333330000002
2015-07-12,0.8850682858112485,308.5875,293.875,0.0,345.20000000000005,2.03875,0.013738750000000001,4.8375,30.73333333333333,-99.93333330000002
2015-07-20,0.8152319398375261,309.9625,295.0,0.0,338.1875,2.33625,0.013875000000000002,4.5,30.73333333333333,-99.93333330000002
2015-07-28,0.7746764147612826,310.0125,293.9625,0.0,320.325,2.61375,0.011536250000000001,3.9250000000000007,30.73333333333333,-99.93333330000002
2015-08-05,0.7304638796750522,312.05,294.1375,0.037500000000000006,314.98750000000007,3.01125,0.011437500000000001,4.237500000000001,30.73333333333333,-99.93333330000002
2015-08-13,0.5408557507250181,309.0625,292.7,0.8875000000000001,279.725,2.23125,0.01246125,4.125,30.73333333333333,-99.93333330000002
2015-08-21,0.6256238108874922,309.5375,292.7,0.41250000000000003,292.9375,2.2575000000000003,0.012753750000000001,4.0625,30.73333333333333,-99.93333330000002
2015-08-29,0.5814112758012616,307.2,292.1125,0.23750000000000002,265.95000000000005,1.94625,0.012132500000000003,3.825,30.73333333333333,-99.93333330000002
2015-09-06,0.5850682858112486,306.8,292.7,0.37500000000000006,244.5625,1.8612500000000003,0.012695000000000001,3.9625000000000004,30.73333333333333,-99.93333330000002
2015-09-14,0.6000000000000001,306.2375,292.175,1.1,255.80000000000004,1.74875,0.012535000000000001,4.7125,30.73333333333333,-99.93333330000002
2015-09-22,0.6152319398375261,305.425,288.0625,0.0,240.76250000000005,1.8912499999999999,0.009165,3.1874999999999996,30.73333333333333,-99.93333330000002
2015-09-30,0.4512476217749842,303.98749999999995,287.05,0.0,193.6125,1.94625,0.0072562500000000005,3.3000000000000007,30.73333333333333,-99.93333330000002
2015-10-08,0.556087690562544,304.65,287.33750000000003,3.575,191.91250000000002,1.69625,0.009705000000000002,3.6875,30.73333333333333,-99.93333330000002
2015-10-16,0.6152319398375261,300.8875,287.71250000000003,7.65,172.475,1.3125,0.00929375,4.55,30.73333333333333,-99.93333330000002
2015-10-24,0.5408557507250181,296.66249999999997,280.83750000000003,5.85,162.9375,0.6662500000000001,0.008878750000000001,4.300000000000001,30.73333333333333,-99.93333330000002
2015-11-01,0.5710194047512955,296.175,282.6625,1.85,139.75000000000003,0.8425,0.007983750000000001,4.2125,30.73333333333333,-99.93333330000002
2015-11-09,0.5408557507250181,293.375,282.6375,2.25,129.0,0.685,0.007457500000000001,4.4875,30.73333333333333,-99.93333330000002
2015-11-17,0.5408557507250181,291.4875,274.125,0.0,143.2,0.6625,0.005150000000000001,4.7125,30.73333333333333,-99.93333330000002
2015-11-25,0.515231939837526,287.625,277.33750000000003,5.1375,99.1375,0.35875,0.006812500000000001,3.9375,30.73333333333333,-99.93333330000002
2015-12-03,0.515231939837526,293.53749999999997,272.71250000000003,0.0,143.01250000000002,0.78125,0.00491,3.3625000000000003,30.73333333333333,-99.93333330000002
2015-12-11,0.42562381088749207,292.5625,273.3625,1.9125,133.97500000000002,0.8137500000000001,0.004512500000000001,4.7,30.73333333333333,-99.93333330000002
2015-12-19,0.46983634597372254,295.15,275.46250000000003,2.3125,131.6875,0.7937499999999998,0.006036250000000001,4.95,30.73333333333333,-99.93333330000002
2015-12-27,0.415231939837526,281.02000000000004,271.34000000000003,0.9000000000000001,115.84,0.242,0.00428,4.52,30.73333333333333,-99.93333330000002
2016-01-01,0.44539559386380345,283.8625,273.3875,0.1,110.42500000000003,0.36375,0.0044,3.825,30.73333333333333,-99.93333330000002
2016-01-09,0.5594444749237566,286.6125,270.16249999999997,0.0,138.325,0.49375,0.003640000000000001,3.8125,30.73333333333333,-99.93333330000002
2016-01-17,0.5197717829763114,288.3375,270.57500000000005,0.0,146.6625,0.4625,0.0043437499999999995,4.4375,30.73333333333333,-99.93333330000002
2016-01-25,0.501183058777573,293.02500000000003,273.65,0.6000000000000001,154.2125,1.05375,0.0037012500000000005,4.6875,30.73333333333333,-99.93333330000002
2016-02-02,0.45608769056254406,288.8125,269.1875,0.0,174.0,0.77,0.0024100000000000002,4.0375000000000005,30.73333333333333,-99.93333330000002
2016-02-10,0.5606275337013295,297.47499999999997,274.475,0.0,181.85000000000002,1.0862500000000002,0.0046812500000000005,3.9625000000000004,30.73333333333333,-99.93333330000002
2016-02-26,0.6453955938638035,295.8125,275.2875,0.0,205.58750000000003,0.7687500000000002,0.006042499999999999,4.8375,30.73333333333333,-99.93333330000002
2016-03-05,0.7594444749237566,291.98749999999995,282.975,14.0125,154.0,0.49125,0.008561250000000001,4.787500000000001,30.73333333333333,-99.93333330000002
2016-03-13,0.7490526038737905,297.26250000000005,276.6125,0.0,226.10000000000002,1.03125,0.006620000000000001,4.6625000000000005,30.73333333333333,-99.93333330000002
2016-03-21,0.6453955938638035,296.1,275.32500000000005,0.0,240.98749999999998,0.8224999999999999,0.0056775,5.275,30.73333333333333,-99.93333330000002
2016-03-29,0.8490526038737904,297.0625,279.02500000000003,0.15000000000000002,238.13750000000002,1.18625,0.00618125,4.575000000000001,30.73333333333333,-99.93333330000002
2016-04-06,0.9048400687875598,296.82500000000005,282.48749999999995,2.7375,228.8625,0.9000000000000001,0.007586250000000001,4.85,30.73333333333333,-99.93333330000002
2016-04-14,0.8594444749237564,296.7875000000001,284.40000000000003,10.275,250.91250000000002,0.47375,0.01131875,4.112500000000001,30.73333333333333,-99.93333330000002
2016-04-22,1.0442125350862306,300.96250000000003,283.51249999999993,0.7000000000000001,283.96250000000003,1.10875,0.009604999999999999,4.737500000000001,30.73333333333333,-99.93333330000002
2016-04-30,0.9881248445236864,298.4625,281.4625,0.0,258.5125,1.025,0.007288750000000001,4.0875,30.73333333333333,-99.93333330000002
2016-05-08,1.0538926726613504,302.075,289.42499999999995,0.7000000000000001,261.02500000000003,1.13375,0.0120925,5.175000000000001,30.73333333333333,-99.93333330000002
2016-05-16,1.0642845437113164,299.75,289.625,10.45,275.975,0.61375,0.01371125,4.5,30.73333333333333,-99.93333330000002
2016-05-24,0.9792162579000678,303.3125,291.3625,11.4375,267.9375,1.06875,0.0145425,5.2125,30.73333333333333,-99.93333330000002
2016-06-01,1.0294519205514314,301.16249999999997,288.4,4.8375,280.77500000000003,0.9199999999999999,0.01242375,3.45,30.73333333333333,-99.93333330000002
2016-06-09,0.9398437916013974,306.16249999999997,294.5,0.7375,306.6125,1.385,0.015822500000000003,4.812500000000001,30.73333333333333,-99.93333330000002
2016-06-17,0.9944481977375939,307.0625,294.0,0.0,310.3,1.72125,0.014301250000000001,4.4750000000000005,30.73333333333333,-99.93333330000002
2016-06-25,0.9502356626513634,306.275,292.6875,2.4625000000000004,285.975,1.45875,0.01471875,3.9875000000000003,30.73333333333333,-99.93333330000002
2016-07-03,0.9350037228138374,309.84999999999997,295.025,0.0,343.4875,2.2475000000000005,0.014537500000000002,5.8375,30.73333333333333,-99.93333330000002
2016-07-11,0.8294519205514314,309.52500000000003,294.3125,0.0,343.56250000000006,2.33,0.013042500000000002,5.924999999999999,30.73333333333333,-99.93333330000002
2016-07-19,0.7152319398375262,309.4375,293.9875,0.0,327.55,2.23625,0.013302500000000002,4.1375,30.73333333333333,-99.93333330000002
2016-07-27,0.6093799119263454,308.3625,293.5375,0.3125,308.67500000000007,2.06625,0.013450000000000002,4.3375,30.73333333333333,-99.93333330000002
2016-08-04,0.7000000000000002,309.8125,294.575,0.45,313.88750000000005,2.39875,0.01293375,4.0125,30.73333333333333,-99.93333330000002
2016-08-12,0.9197717829763115,302.575,291.75,10.162500000000001,208.93750000000003,1.025,0.013945,3.4374999999999996,30.73333333333333,-99.93333330000002
2016-08-20,0.8606275337013295,302.725,292.1875,8.450000000000001,257.58750000000003,1.0237500000000002,0.0145175,4.325,30.73333333333333,-99.93333330000002
2016-08-28,0.9003002256487745,302.4624999999999,291.72499999999997,2.75,214.8875,0.90375,0.014571250000000001,3.3750000000000004,30.73333333333333,-99.93333330000002
2016-09-05,1.1350037228138374,303.95000000000005,291.71250000000003,0.15000000000000002,272.2,1.16875,0.014297500000000001,4.95,30.73333333333333,-99.93333330000002
2016-09-13,1.0825730422612805,305.66249999999997,291.45000000000005,0.0,235.36250000000004,1.2512500000000002,0.015035,3.2625,30.73333333333333,-99.93333330000002
2016-09-21,1.1453955938638036,300.075,288.325,13.8125,197.32500000000002,0.905,0.01281875,3.7000000000000006,30.73333333333333,-99.93333330000002
2016-09-29,1.1197717829763114,300.8375,285.98749999999995,0.0,215.475,0.9162500000000001,0.010861250000000001,3.5250000000000004,30.73333333333333,-99.93333330000002
2016-10-07,0.9175767650751178,298.3,283.86249999999995,0.25,193.40000000000003,0.7025,0.010438750000000002,3.825,30.73333333333333,-99.93333330000002
2016-10-15,0.9152319398375259,300.7,284.575,0.0,182.325,1.05875,0.010771250000000001,4.6,30.73333333333333,-99.93333330000002
2016-10-23,0.818288498549964,299.11249999999995,284.1375,0.0,172.9,0.7625,0.0104475,4.1625000000000005,30.73333333333333,-99.93333330000002
2016-10-31,0.7383605071750499,297.29999999999995,289.00000000000006,3.6250000000000004,131.16250000000002,0.8287500000000001,0.010707500000000002,3.75,30.73333333333333,-99.93333330000002
2016-11-08,0.5929649133112465,292.7,281.6125,2.9000000000000004,114.2125,0.595,0.0078875,3.1875000000000004,30.73333333333333,-99.93333330000002
2016-11-16,0.5847680601624742,293.41249999999997,275.775,0.0,145.18749999999997,0.7137500000000001,0.005803750000000001,4.750000000000001,30.73333333333333,-99.93333330000002
2016-11-24,0.6000000000000001,290.9,277.2125,0.8125,131.775,0.57625,0.00592375,4.65,30.73333333333333,-99.93333330000002
2016-12-02,0.6000000000000001,280.86249999999995,275.77500000000003,4.737500000000001,88.37499999999999,0.215,0.004985000000000002,4.175000000000001,30.73333333333333,-99.93333330000002
2016-12-10,0.415231939837526,291.16249999999997,274.2,0.0,136.025,0.5675,0.0062875,4.862500000000001,30.73333333333333,-99.93333330000002
2016-12-18,0.415231939837526,287.22499999999997,275.8375,0.05,132.525,0.39625,0.00523625,4.8875,30.73333333333333,-99.93333330000002
2016-12-26,0.34539559386380353,291.3666666666666,280.4666666666667,0.11666666666666668,110.81666666666666,0.6716666666666667,0.006724999999999999,4.116666666666667,30.73333333333333,-99.93333330000002
2017-01-01,0.36983634597372256,284.6875,268.95000000000005,1.925,129.925,0.4475,0.0036187500000000004,4.3375,30.73333333333333,-99.93333330000002
2017-01-09,0.5,293.62499999999994,278.225,2.8125000000000004,131.2375,0.49875,0.007992500000000001,5.275,30.73333333333333,-99.93333330000002
2017-01-17,0.5,291.88750000000005,276.21250000000003,1.7000000000000002,134.275,0.8537500000000001,0.004633750000000001,5.4625,30.73333333333333,-99.93333330000002
2017-01-25,0.4686532871961496,290.225,271.03749999999997,0.125,153.0625,0.87375,0.0028937500000000005,3.8625,30.73333333333333,-99.93333330000002
2017-02-02,0.6000000000000001,293.0125,278.6875,0.0,162.7,0.84625,0.005750000000000001,4.637499999999999,30.73333333333333,-99.93333330000002
2017-02-10,0.6152319398375261,292.55,277.7875,3.2125000000000004,157.4875,0.755,0.00604,5.0375000000000005,30.73333333333333,-99.93333330000002
2017-02-18,0.4207837420999322,297.71250000000003,277.75,4.1375,191.13750000000002,1.2725,0.0050575,4.3500000000000005,30.73333333333333,-99.93333330000002
2017-02-26,0.6896081289500341,293.025,279.76249999999993,0.4375,181.04999999999998,0.87,0.00569,4.3125,30.73333333333333,-99.93333330000002
2017-03-06,0.7896081289500341,294.6125,283.01250000000005,0.0625,204.8875,0.6300000000000001,0.00862875,4.9375,30.73333333333333,-99.93333330000002
2017-03-14,0.760327308052555,299.45,284.43749999999994,0.0,227.07500000000005,1.14,0.00855875,5.175,30.73333333333333,-99.93333330000002
2017-03-22,0.8896081289500339,299.9875,281.675,3.825,237.9375,1.2675000000000003,0.00716375,5.375,30.73333333333333,-99.93333330000002
2017-03-30,0.9792162579000678,297.575,279.11249999999995,3.475,250.61250000000004,1.15125,0.006145000000000001,4.875,30.73333333333333,-99.93333330000002
2017-04-07,0.9048400687875598,297.82500000000005,287.65,1.1375000000000002,248.3625,0.8337500000000001,0.010387500000000001,5.600000000000001,30.73333333333333,-99.93333330000002
2017-04-15,1.0490526038737904,299.72499999999997,285.65,0.23750000000000002,256.05,0.9262500000000001,0.01055375,5.275000000000001,30.73333333333333,-99.93333330000002
2017-04-23,0.9185887241987385,300.67499999999995,282.58750000000003,0.0,288.1375,1.5475,0.0063637500000000005,5.95,30.73333333333333,-99.93333330000002
2017-05-01,0.879216257900068,301.62499999999994,283.575,0.0,289.85,1.6724999999999999,0.006470000000000001,5.3375,30.73333333333333,-99.93333330000002
2017-05-09,0.7896081289500341,302.725,286.72499999999997,0.7250000000000001,282.1125,1.48875,0.00929625,5.425000000000001,30.73333333333333,-99.93333330000002
2017-05-17,0.8896081289500339,299.54999999999995,286.425,5.074999999999999,262.675,0.86375,0.011237500000000001,4.275,30.73333333333333,-99.93333330000002
2017-05-25,0.8152319398375261,302.9625,290.8875,3.8,251.78750000000002,1.31125,0.012536249999999999,4.2625,30.73333333333333,-99.93333330000002
2017-06-02,0.8594444749237564,304.20000000000005,289.55,1.9,273.5625,1.2537500000000001,0.012838750000000003,3.5125,30.73333333333333,-99.93333330000002
2017-06-10,0.7887252958212356,307.1375,293.8125,0.0,312.6,1.79125,0.013953750000000003,6.1625000000000005,30.73333333333333,-99.93333330000002
2017-06-18,0.7500645629974112,308.0,291.53749999999997,1.1125,305.1375,2.005,0.012595,3.7875000000000005,30.73333333333333,-99.93333330000002
2017-06-26,0.7649962771861626,306.95,292.48749999999995,1.0,308.18750000000006,1.52625,0.01488375,4.9125,30.73333333333333,-99.93333330000002
2017-07-04,0.7887252958212356,307.52500000000003,292.13750000000005,4.250000000000001,313.51250000000005,1.76375,0.01362875,4.0625,30.73333333333333,-99.93333330000002
2017-07-12,0.8453955938638036,307.38749999999993,292.55,2.0125,304.7875,1.71,0.014034999999999999,3.6125000000000007,30.73333333333333,-99.93333330000002
2017-07-20,0.8386607328238245,308.95,293.26250000000005,1.9500000000000002,310.72499999999997,2.03625,0.013855000000000003,3.9125,30.73333333333333,-99.93333330000002
2017-07-28,0.9301636540262774,306.625,292.0625,1.5625000000000002,274.4125,1.77625,0.013047500000000002,3.0625000000000004,30.73333333333333,-99.93333330000002
2017-08-05,0.6155321654863006,305.51249999999993,292.4625,5.437500000000001,271.33750000000003,1.28125,0.015178750000000001,3.7,30.73333333333333,-99.93333330000002
2017-08-13,0.9152319398375259,307.225,293.58750000000003,1.4375000000000002,286.05,1.7387499999999998,0.014181250000000001,4.737500000000001,30.73333333333333,-99.93333330000002
2017-08-21,0.9152319398375259,302.2625,291.26250000000005,2.9,231.175,1.0025,0.0138025,5.012500000000001,30.73333333333333,-99.93333330000002
2017-08-29,0.9152319398375259,304.625,287.23749999999995,0.75,288.88750000000005,1.4587500000000002,0.011101250000000002,3.1875,30.73333333333333,-99.93333330000002
2017-09-06,0.6966432156387876,303.6375,284.0625,0.0,284.45,1.73125,0.00753,3.15,30.73333333333333,-99.93333330000002
2017-09-14,0.830463879675052,308.61249999999995,292.0,0.9500000000000001,258.375,2.055,0.01281375,5.2875000000000005,30.73333333333333,-99.93333330000002
2017-09-22,0.830463879675052,299.5,291.7875,6.9,156.8625,0.8125,0.013545000000000001,4.7250000000000005,30.73333333333333,-99.93333330000002
2017-09-30,0.754904631784971,300.59999999999997,289.1125,0.3125,174.2625,0.7575000000000001,0.013206250000000001,3.7875,30.73333333333333,-99.93333330000002
2017-10-08,0.6664795616125101,299.77500000000003,284.29999999999995,0.4625,191.35000000000002,0.9050000000000001,0.0104125,4.325,30.73333333333333,-99.93333330000002
2017-10-16,0.7408557507250182,298.68749999999994,278.8,0.0,193.55,0.98625,0.007606250000000001,4.15,30.73333333333333,-99.93333330000002
2017-10-24,0.6408557507250182,293.40000000000003,273.5,0.1625,174.32500000000002,1.0125,0.0037975000000000005,4.325,30.73333333333333,-99.93333330000002
2017-11-01,0.6557874649137696,299.2,283.0375,0.6625,144.075,1.2262499999999998,0.00819375,4.5375,30.73333333333333,-99.93333330000002
2017-11-09,0.48141127580126164,293.2875,285.325,0.41250000000000003,140.18750000000003,0.6525000000000001,0.0085225,3.9625000000000004,30.73333333333333,-99.93333330000002
2017-11-17,0.45944447492375645,293.525,274.125,0.0,144.625,0.9225,0.004456250000000001,4.487500000000001,30.73333333333333,-99.93333330000002
2017-11-25,0.515231939837526,295.08750000000003,278.41249999999997,0.0,138.5875,0.8125,0.006378750000000002,3.8499999999999996,30.73333333333333,-99.93333330000002
2017-12-03,0.4408557507250181,286.925,274.0125,3.1125000000000003,107.8375,0.55,0.004496250000000001,4.2250000000000005,30.73333333333333,-99.93333330000002
2017-12-11,0.301183058777573,288.52500000000003,272.175,0.08750000000000001,129.57500000000002,0.62875,0.0036862500000000003,3.7500000000000004,30.73333333333333,-99.93333330000002
2017-12-19,0.3710194047512955,289.90000000000003,272.6625,0.3875,130.0,0.57,0.004995,4.0125,30.73333333333333,-99.93333330000002
2017-12-27,0.31523193983752607,281.5,273.76000000000005,0.06000000000000001,125.86000000000001,0.296,0.004032000000000001,3.38,30.73333333333333,-99.93333330000002
2018-01-01,0.30000000000000004,282.9375,268.42499999999995,0.05,119.5875,0.4025000000000001,0.0034700000000000004,3.8875,30.73333333333333,-99.93333330000002
2018-01-09,0.3606275337013295,287.1375,268.82500000000005,0.0,126.825,0.61375,0.0032500000000000003,4.8999999999999995,30.73333333333333,-99.93333330000002
2018-01-17,0.30484006878756,288.6625,270.54999999999995,0.0,148.675,0.765,0.0029325,4.225,30.73333333333333,-99.93333330000002
2018-01-25,0.415231939837526,291.5375,273.7875,0.0,160.60000000000002,0.77,0.0042275,4.725,30.73333333333333,-99.93333330000002
2018-02-02,0.42562381088749207,291.075,272.75,0.125,159.375,0.6174999999999999,0.00523,4.325,30.73333333333333,-99.93333330000002
2018-02-10,0.3951599312124401,290.875,277.91249999999997,0.0,161.3875,0.64,0.0062987500000000005,4.4375,30.73333333333333,-99.93333330000002
2018-02-18,0.3951599312124401,291.81249999999994,277.9625,4.8875,149.57500000000002,0.565,0.007443750000000001,4.6625,30.73333333333333,-99.93333330000002
2018-02-26,0.48476806016247403,295.77500000000003,280.1,1.55,190.6125,0.7975,0.0074375000000000005,4.6125,30.73333333333333,-99.93333330000002
2018-03-06,0.44391230943745597,294.01249999999993,277.5,0.0,198.23749999999998,1.1137500000000002,0.0040875,4.612500000000001,30.73333333333333,-99.93333330000002
2018-03-14,0.4896081289500339,298.34999999999997,279.2375,0.07500000000000001,217.20000000000005,1.4325,0.004607500000000001,4.6,30.73333333333333,-99.93333330000002
2018-03-22,0.515231939837526,299.225,284.46250000000003,1.5500000000000003,222.16250000000002,1.15,0.008455,4.9875,30.73333333333333,-99.93333330000002
2018-03-30,0.5710194047512955,300.5,280.9375,0.0,229.4875,1.23,0.007707500000000001,5.975,30.73333333333333,-99.93333330000002
2018-04-07,0.5743761891125081,298.11249999999995,279.2125,0.0,265.61250000000007,1.3725,0.00562875,6.050000000000001,30.73333333333333,-99.93333330000002
2018-04-15,0.5453955938638035,299.96250000000003,281.17499999999995,0.1,266.725,1.59125,0.00506625,5.5125,30.73333333333333,-99.93333330000002
2018-04-23,0.5557874649137695,300.03749999999997,282.6,0.9,268.975,1.36125,0.0069275000000000005,3.95,30.73333333333333,-99.93333330000002
2018-05-01,0.6238403008123702,303.33750000000003,287.775,4.9750000000000005,265.1375,1.57125,0.0099475,4.712500000000001,30.73333333333333,-99.93333330000002
2018-05-09,0.7256238108874922,305.1,290.59999999999997,5.3625,286.8375,1.60125,0.011783749999999999,5.7,30.73333333333333,-99.93333330000002
2018-05-17,0.8152319398375261,303.7625,290.87499999999994,1.9625,278.475,1.3875000000000002,0.012320000000000001,4.800000000000001,30.73333333333333,-99.93333330000002
2018-05-25,0.7453955938638036,309.7625,293.9125,0.0,300.2,2.5250000000000004,0.0118325,4.812500000000001,30.73333333333333,-99.93333330000002
2018-06-02,0.5893079033012595,309.2875,293.26250000000005,4.2,313.3125,2.3449999999999998,0.012293750000000003,4.2875000000000005,30.73333333333333,-99.93333330000002
2018-06-10,0.7439123094374561,307.7375,294.275,0.0,308.2875000000001,2.00375,0.01329,6.0125,30.73333333333333,-99.93333330000002
2018-06-18,0.6439123094374561,308.4125,294.2125,0.0,311.9875,2.00875,0.01410375,5.5875,30.73333333333333,-99.93333330000002
2018-06-26,0.5134484297624041,310.20000000000005,295.7,0.0,329.16249999999997,2.585,0.01288375,6.0375000000000005,30.73333333333333,-99.93333330000002
2018-07-04,0.6289805952487046,306.8875,292.3875,4.862500000000001,272.65000000000003,1.6812500000000001,0.013805000000000003,3.2874999999999996,30.73333333333333,-99.93333330000002
2018-07-12,0.5350037228138373,310.875,294.9625,0.0,342.5625,2.72125,0.012396250000000001,3.9625,30.73333333333333,-99.93333330000002
2018-07-20,0.6000000000000001,312.2875,293.83750000000003,0.0,339.9125,3.25,0.010145000000000001,3.7375000000000007,30.73333333333333,-99.93333330000002
2018-07-28,0.6103918710499663,308.925,291.8,1.8375000000000001,323.5,2.3575,0.011113750000000002,3.5125000000000006,30.73333333333333,-99.93333330000002
2018-08-05,0.6253235852387177,304.9875,292.90000000000003,9.4625,274.9125,1.51,0.013614999999999999,3.8,30.73333333333333,-99.93333330000002
2018-08-13,0.6350037228138374,306.2875,293.7125,2.0125,277.9125,1.5550000000000002,0.01467,4.1875,30.73333333333333,-99.93333330000002
2018-08-21,0.7048400687875601,308.275,294.01250000000005,0.0,298.84999999999997,2.0775,0.013215000000000001,4.487500000000001,30.73333333333333,-99.93333330000002
2018-08-29,0.7487523782250161,305.5625,293.61249999999995,7.0,239.65,1.51875,0.014345000000000002,3.6250000000000004,30.73333333333333,-99.93333330000002
2018-09-06,0.82868036959993,300.07500000000005,292.0375,8.650000000000002,194.2,0.7275,0.014245000000000002,2.4875000000000003,30.73333333333333,-99.93333330000002
2018-09-14,0.8584325158001358,300.6125,292.575,11.25,199.3125,0.7599999999999999,0.014703750000000002,3.9000000000000004,30.73333333333333,-99.93333330000002
2018-09-22,1.03836050717505,299.475,289.37499999999994,0.0,230.5,0.7300000000000001,0.01289375,3.7875,30.73333333333333,-99.93333330000002
2018-09-30,0.903056558712438,302.2875,292.45,7.5125,209.925,1.07,0.013725000000000003,5.375,30.73333333333333,-99.93333330000002
2018-10-08,0.959144249274982,296.1375,284.9125,13.662500000000001,161.32500000000002,0.52375,0.0112425,4.512500000000001,30.73333333333333,-99.93333330000002
2018-10-16,0.959144249274982,287.82500000000005,282.12500000000006,7.275,65.475,0.29625,0.00765125,3.187500000000001,30.73333333333333,-99.93333330000002
2018-10-24,0.8546044061361966,296.8125,283.175,3.125,156.6875,0.61125,0.010066250000000002,3.8375000000000004,30.73333333333333,-99.93333330000002
2018-11-01,0.7896081289500341,295.725,280.45,0.08750000000000001,155.42500000000004,0.7775000000000001,0.00783875,4.05,30.73333333333333,-99.93333330000002
2018-11-09,0.6152319398375261,286.79999999999995,272.57500000000005,0.2,134.42499999999998,0.5125000000000001,0.0040125000000000004,4.5,30.73333333333333,-99.93333330000002
2018-11-17,0.40305655871243795,289.2875,274.15000000000003,0.0,130.4,0.43000000000000005,0.005770000000000001,3.6500000000000004,30.73333333333333,-99.93333330000002
2018-11-25,0.6152319398375261,292.97499999999997,274.85,0.0,138.13750000000002,0.79625,0.005025,4.775,30.73333333333333,-99.93333330000002
2018-12-03,0.47101940475129556,284.8,272.575,4.1375,110.87500000000001,0.34375000000000006,0.0044875,3.475,30.73333333333333,-99.93333330000002
2018-12-11,0.48476806016247403,289.1125,273.90000000000003,0.7250000000000001,111.53750000000001,0.58625,0.004393750000000001,5.000000000000001,30.73333333333333,-99.93333330000002
2018-12-19,0.389608128950034,292.2875,275.83750000000003,1.1,133.8,0.72,0.00532375,4.5125,30.73333333333333,-99.93333330000002
2018-12-27,0.384768060162474,283.18,274.03999999999996,1.6,108.38000000000002,0.386,0.0038900000000000002,3.94,30.73333333333333,-99.93333330000002
2019-01-01,0.47437618911250795,287.25,273.6375,0.275,128.3625,0.51,0.00492375,4.2375,30.73333333333333,-99.93333330000002
2019-01-09,0.4408557507250181,285.59999999999997,276.53749999999997,0.3375,111.42500000000001,0.3575,0.0051737499999999995,3.825,30.73333333333333,-99.93333330000002
2019-01-17,0.4490526038737904,290.96250000000003,272.54999999999995,0.037500000000000006,151.2625,0.65625,0.0045850000000000005,5.4,30.73333333333333,-99.93333330000002
2019-01-25,0.5,288.83750000000003,275.1125,0.35000000000000003,146.6125,0.58375,0.004645000000000001,3.837500000000001,30.73333333333333,-99.93333330000002
2019-02-02,0.5256238108874921,290.4375,281.4125,0.0,110.27499999999999,0.6575,0.00696625,4.4375,30.73333333333333,-99.93333330000002
2019-02-10,0.5743761891125081,292.4625,277.2,0.05,160.8625,0.8512500000000001,0.0049725,4.525,30.73333333333333,-99.93333330000002
2019-02-18,0.5338206640362645,288.9375,275.3875,0.05,175.22500000000002,0.63,0.00449375,4.5625,30.73333333333333,-99.93333330000002
2019-02-26,0.6000000000000001,287.4,272.94999999999993,0.0,182.5625,0.44,0.006527500000000001,4.1125,30.73333333333333,-99.93333330000002
2019-03-06,0.6442125350862307,295.3125,280.55,3.6625000000000005,200.0875,0.83625,0.007096250000000001,6.125,30.73333333333333,-99.93333330000002
2019-03-14,0.6234287929862985,291.6375,276.3625,0.0,200.25,0.7649999999999999,0.004673750000000001,3.3375000000000004,30.73333333333333,-99.93333330000002
2019-03-22,0.7185887241987385,298.325,285.13750000000005,0.0625,226.97500000000002,1.0075,0.0086625,5.45,30.73333333333333,-99.93333330000002
2019-03-30,0.7929649133112464,295.4625,280.025,0.55,244.23749999999998,0.93625,0.0066475,4.824999999999999,30.73333333333333,-99.93333330000002
2019-04-07,0.7617893001613483,299.4875,280.08750000000003,1.175,259.97499999999997,1.435,0.005920000000000001,4.6625,30.73333333333333,-99.93333330000002
2019-04-15,0.8617893001613482,299.78749999999997,283.7,4.2,269.5,1.2312500000000002,0.00787375,5.6875,30.73333333333333,-99.93333330000002
2019-04-23,1.0081968531487724,299.175,287.2625,6.4,251.03750000000002,1.0325,0.010005000000000002,5.125,30.73333333333333,-99.93333330000002
2019-05-01,1.1036570100099872,299.31249999999994,288.9375,13.3125,255.28750000000002,0.61625,0.013152500000000003,4.75,30.73333333333333,-99.93333330000002
2019-05-09,1.0734933559837097,296.28749999999997,284.7125,4.75,241.41249999999997,0.5800000000000001,0.0105275,3.85,30.73333333333333,-99.93333330000002
2019-05-17,1.1442125350862307,302.93749999999994,290.9375,1.4875,289.75,1.2349999999999999,0.012627500000000002,6.887499999999999,30.73333333333333,-99.93333330000002
2019-05-25,1.1884250701724608,303.1,292.5,2.6875,271.9875,1.1075,0.0142225,5.987500000000001,30.73333333333333,-99.93333330000002
2019-06-02,1.2780331991224951,306.0875,290.58750000000003,6.25,300.025,1.37,0.01432375,3.7750000000000004,30.73333333333333,-99.93333330000002
2019-06-10,1.2036570100099868,302.5,291.37500000000006,5.1499999999999995,271.4875,1.11125,0.01338375,4.612500000000001,30.73333333333333,-99.93333330000002
2019-06-18,1.214048881059953,307.1375,293.7625,2.3249999999999997,309.86249999999995,1.5362500000000001,0.015592500000000002,5.675000000000001,30.73333333333333,-99.93333330000002
2019-06-26,1.1368772227487025,305.2875,292.44999999999993,4.0375000000000005,304.61250000000007,1.46875,0.0136125,4.55,30.73333333333333,-99.93333330000002
2019-07-04,1.1837561010388535,307.97499999999997,293.71250000000003,5.925000000000001,323.98750000000007,1.8462500000000002,0.0143575,4.637500000000001,30.73333333333333,-99.93333330000002
2019-07-12,1.1639843180625422,308.16249999999997,293.1125,0.0,341.26250000000005,1.93125,0.013706250000000001,4.675000000000001,30.73333333333333,-99.93333330000002
2019-07-20,0.9932651389600209,307.15000000000003,290.0875,0.275,336.9750000000001,2.1037500000000002,0.010333750000000001,3.9375000000000004,30.73333333333333,-99.93333330000002
2019-07-28,0.9289805952487046,309.59999999999997,294.575,0.07500000000000001,318.0375,2.52,0.0120075,3.4625000000000004,30.73333333333333,-99.93333330000002
2019-08-05,0.8178769907238923,310.425,295.59999999999997,0.0,310.4375,2.6387500000000004,0.012710000000000003,4.2250000000000005,30.73333333333333,-99.93333330000002
2019-08-13,0.7137486554111786,310.40000000000003,294.8875,0.30000000000000004,301.3125,2.55125,0.01293125,3.8625000000000007,30.73333333333333,-99.93333330000002
2019-08-21,0.8,308.375,293.99999999999994,1.3875000000000002,270.95,1.95125,0.014203750000000001,3.9875,30.73333333333333,-99.93333330000002
2019-08-29,0.7453955938638036,307.59999999999997,291.525,0.325,278.9125,1.97125,0.01211125,3.5875,30.73333333333333,-99.93333330000002
2019-09-06,0.7197717829763115,306.83750000000003,292.88750000000005,1.1375,258.7875,1.77125,0.01328,5.05,30.73333333333333,-99.93333330000002
2019-09-14,0.6847680601624742,307.1875,292.17499999999995,0.0,250.06249999999997,1.8737500000000002,0.012690000000000002,3.85,30.73333333333333,-99.93333330000002
2019-09-22,0.6453955938638035,307.1,294.75,0.0,247.9875,1.8925,0.01366,5.1625,30.73333333333333,-99.93333330000002
2019-09-30,0.6350037228138374,305.1375,290.32500000000005,0.5750000000000001,199.6875,1.5762500000000002,0.01211375,4.7125,30.73333333333333,-99.93333330000002
2019-10-08,0.6453955938638035,298.6625,284.8625,1.5625,158.1625,1.1725,0.00856,4.7,30.73333333333333,-99.93333330000002
2019-10-16,0.6000000000000001,300.1375,281.2375,3.3875,193.23749999999998,1.3850000000000002,0.006518750000000001,4.1375,30.73333333333333,-99.93333330000002
2019-10-24,0.6152319398375261,289.525,274.6875,1.0,164.8,0.53125,0.00646625,4.95,30.73333333333333,-99.93333330000002
2019-11-01,0.5896081289500341,293.46250000000003,279.15,1.5,133.85,0.795,0.006381250000000001,4.2124999999999995,30.73333333333333,-99.93333330000002
2019-11-09,0.515231939837526,288.8125,272.7125,0.25,130.775,0.5900000000000001,0.004420000000000001,4.3500000000000005,30.73333333333333,-99.93333330000002
2019-11-17,0.42562381088749207,294.0625,276.3875,0.1375,134.72500000000002,0.71875,0.006577500000000001,4.025,30.73333333333333,-99.93333330000002
2019-11-25,0.46499627718616265,292.43750000000006,277.0375,0.3375,118.85000000000001,0.85375,0.0051375,4.7875,30.73333333333333,-99.93333330000002
2019-12-03,0.4244407521099191,294.0125,274.9625,1.5625000000000002,127.57500000000002,0.9737499999999999,0.004523749999999999,4.2625,30.73333333333333,-99.93333330000002
2019-12-11,0.4,291.6125,272.1375,0.0,140.425,0.9475,0.0035362500000000003,4.0,30.73333333333333,-99.93333330000002
2019-12-19,0.40484006878755996,293.0,272.5625,0.0,137.2375,0.95375,0.00369375,3.312500000000001,30.73333333333333,-99.93333330000002
2019-12-27,0.4,288.41999999999996,274.76000000000005,0.4,126.92,0.5860000000000001,0.004478,4.6,30.73333333333333,-99.93333330000002
2020-01-01,0.3442125350862305,291.1125,272.8875,0.0,130.9375,0.7962499999999999,0.00375625,4.4375,30.73333333333333,-99.93333330000002
2020-01-09,0.415231939837526,292.52500000000003,279.2375,2.2,128.4,0.67875,0.006637500000000001,4.699999999999999,30.73333333333333,-99.93333330000002
2020-01-17,0.42562381088749207,288.8,274.6375,2.0375,127.81250000000001,0.46375,0.005138750000000001,3.7125000000000004,30.73333333333333,-99.93333330000002
2020-01-25,0.384768060162474,289.8125,274.25,0.7875000000000001,153.87500000000003,0.64125,0.004660000000000001,3.875,30.73333333333333,-99.93333330000002
2020-02-02,0.4,291.25,275.2625,0.28750000000000003,151.53750000000002,0.7849999999999999,0.0048775,5.1375,30.73333333333333,-99.93333330000002
2020-02-10,0.515231939837526,289.9,276.975,1.475,154.925,0.6525000000000001,0.005345,4.3500000000000005,30.73333333333333,-99.93333330000002
2020-02-18,0.515231939837526,287.4,276.65000000000003,1.5125000000000002,140.0,0.48125000000000007,0.005055,4.8375,30.73333333333333,-99.93333330000002
2020-02-26,0.4844678345136995,292.45,277.1625,6.9125,160.57500000000002,0.965,0.00432875,4.862500000000001,30.73333333333333,-99.93333330000002
2020-03-05,0.6000000000000001,296.1875,284.575,0.0625,182.91250000000002,0.9912499999999999,0.007597500000000001,4.812500000000001,30.73333333333333,-99.93333330000002
2020-03-13,0.7152319398375262,295.44999999999993,286.65000000000003,8.0625,192.77499999999998,0.63125,0.010235000000000001,5.0375000000000005,30.73333333333333,-99.93333330000002
2020-03-21,0.763984318062542,297.86249999999995,283.92499999999995,2.0375,220.15,1.1125,0.008087500000000001,4.4,30.73333333333333,-99.93333330000002
2020-03-29,0.8338206640362645,293.7125,281.7625,3.9375000000000004,206.575,0.62875,0.00789375,4.5,30.73333333333333,-99.93333330000002
2020-04-06,1.0185887241987384,298.49999999999994,284.99999999999994,0.4125,240.0625,1.00875,0.009286250000000001,5.0,30.73333333333333,-99.93333330000002
2020-04-14,1.027968636125084,296.9625,279.525,0.275,266.5125,1.01125,0.0068562499999999995,4.425000000000001,30.73333333333333,-99.93333330000002
2020-04-22,0.9487523782250159,303.6375,284.15,0.0,284.83750000000003,1.83125,0.007015,5.375,30.73333333333333,-99.93333330000002
2020-04-30,0.9639843180625418,305.7375,289.0,0.0,277.21250000000003,2.11625,0.008726250000000001,5.675,30.73333333333333,-99.93333330000002
2020-05-08,0.9594444749237565,301.5125,286.1625,7.2625,278.15000000000003,1.13,0.010516250000000001,5.487500000000001,30.73333333333333,-99.93333330000002
2020-05-16,0.9244407521099192,306.5375,289.775,1.75,294.2625,1.66125,0.012651250000000001,4.7,30.73333333333333,-99.93333330000002
2020-05-24,0.800690441157292,302.2625,287.5625,4.750000000000001,270.5375,1.19,0.011097500000000001,4.2,30.73333333333333,-99.93333330000002
2020-06-01,0.914048881059953,306.3,292.22499999999997,0.36250000000000004,297.025,1.61625,0.0136675,3.5375,30.73333333333333,-99.93333330000002
2020-06-09,0.7632725845876958,306.525,288.05,0.0,323.2375,2.305,0.00751625,4.3625,30.73333333333333,-99.93333330000002
2020-06-17,0.8152319398375261,306.6375,292.9875,4.1625000000000005,311.95000000000005,1.7037499999999999,0.013681250000000002,6.112500000000001,30.73333333333333,-99.93333330000002
2020-06-25,0.6594444749237566,307.2375,294.8625,1.0875000000000001,315.75,1.7925,0.014585,5.85,30.73333333333333,-99.93333330000002
2020-07-03,0.7746764147612826,309.61250000000007,295.1,0.2,322.5375,2.38125,0.013255,3.75,30.73333333333333,-99.93333330000002
2020-07-11,0.7152319398375262,312.1125,295.22499999999997,0.0,343.42500000000007,3.1875,0.011037499999999999,4.5375,30.73333333333333,-99.93333330000002
2020-07-19,0.6642845437113165,308.51250000000005,294.41249999999997,0.3125,305.35,2.0237499999999997,0.014048750000000002,4.0375,30.73333333333333,-99.93333330000002
2020-07-27,0.6746764147612826,308.47499999999997,293.65,0.1,314.52500000000003,2.24125,0.012205000000000002,3.6125,30.73333333333333,-99.93333330000002
2020-08-04,0.5951599312124403,309.40000000000003,295.05,0.0,315.21250000000003,2.5062499999999996,0.0121575,5.2875,30.73333333333333,-99.93333330000002
2020-08-12,0.5345323975111107,310.5125,292.7,1.5250000000000001,295.33750000000003,2.74,0.010887500000000003,3.4875,30.73333333333333,-99.93333330000002
2020-08-20,0.6594444749237566,308.18749999999994,290.8875,0.25,280.675,2.2800000000000002,0.01037125,2.9125,30.73333333333333,-99.93333330000002
2020-08-28,0.7149317141887517,308.86249999999995,294.8125,0.9375000000000001,249.8625,2.14,0.014133750000000002,4.025,30.73333333333333,-99.93333330000002
2020-09-05,0.7301636540262776,300.01250000000005,287.7875,8.762500000000001,207.04999999999998,0.8775000000000001,0.01267125,3.9875000000000003,30.73333333333333,-99.93333330000002
2020-09-13,0.7896081289500341,301.6625,287.525,1.0375,238.12500000000003,0.9349999999999999,0.0122,3.275,30.73333333333333,-99.93333330000002
2020-09-21,0.8197717829763116,301.8375,286.9375,0.0625,228.96250000000003,1.1549999999999998,0.01103875,4.2,30.73333333333333,-99.93333330000002
2020-09-29,0.763984318062542,302.5375,281.5875,0.0,228.55,1.57375,0.006958750000000001,3.3625000000000003,30.73333333333333,-99.93333330000002
2020-10-07,0.6743761891125082,305.775,284.325,0.0,205.16250000000002,1.8850000000000002,0.00845125,3.375,30.73333333333333,-99.93333330000002
2020-10-15,0.6000000000000001,301.87499999999994,286.175,0.0,187.2125,1.3025000000000002,0.009662500000000001,5.1625000000000005,30.73333333333333,-99.93333330000002
2020-10-23,0.6000000000000001,290.1,275.3875,0.7250000000000001,153.4125,0.5562500000000001,0.006215000000000002,4.7875,30.73333333333333,-99.93333330000002
2020-10-31,0.5896081289500341,298.65000000000003,278.7375,0.0,163.8125,1.2575,0.00560625,3.8375000000000004,30.73333333333333,-99.93333330000002
2020-11-08,0.5453955938638035,297.8875,281.47499999999997,0.0,145.675,1.0125000000000002,0.00754375,4.5375000000000005,30.73333333333333,-99.93333330000002
2020-11-16,0.4301636540262775,296.63749999999993,280.15000000000003,0.0,135.8,1.03,0.006237500000000002,4.25,30.73333333333333,-99.93333330000002
2020-11-24,0.4182884985499639,289.6,274.65,1.35,129.4,0.6824999999999999,0.00456875,4.375000000000001,30.73333333333333,-99.93333330000002
2020-12-02,0.40789662749999783,289.4,269.63750000000005,0.0,132.35000000000002,0.8287500000000001,0.0026125000000000002,2.975,30.73333333333333,-99.93333330000002
2020-12-10,0.3893079033012595,290.83750000000003,270.26250000000005,0.4,138.3375,0.7975,0.0033462500000000007,4.1625,30.73333333333333,-99.93333330000002
2020-12-18,0.3546044061361966,291.5625,271.0875,0.1125,140.2125,0.8187500000000001,0.0035125000000000004,4.55,30.73333333333333,-99.93333330000002
2020-12-26,0.37437618911250803,290.8666666666666,276.43333333333334,7.016666666666667,109.96666666666668,0.7833333333333333,0.005146666666666667,6.0,30.73333333333333,-99.93333330000002
2021-01-01,0.30000000000000004,286.8875,270.15,0.0,141.2375,0.5087499999999999,0.0036587500000000005,3.9625000000000004,30.73333333333333,-99.93333330000002
2021-01-09,0.35944447492375653,284.09999999999997,269.225,2.2750000000000004,128.525,0.46625,0.003065,4.0125,30.73333333333333,-99.93333330000002
2021-01-17,0.3442125350862305,289.24999999999994,278.45000000000005,4.775,115.68750000000001,0.44,0.006503750000000001,3.7625000000000006,30.73333333333333,-99.93333330000002
2021-01-25,0.32414052646114455,290.925,272.125,0.0,160.12500000000003,0.7175,0.00402375,4.500000000000001,30.73333333333333,-99.93333330000002
2021-02-02,0.4103918710499661,295.0375,275.2125,0.0625,170.95000000000002,0.96375,0.00481125,4.475,30.73333333333333,-99.93333330000002
2021-02-10,0.42562381088749207,270.41249999999997,265.7,2.975,111.025,0.07125000000000001,0.0030275,4.925,30.73333333333333,-99.93333330000002
2021-02-18,0.4103918710499661,288.7625,271.3,0.0,174.65000000000003,0.6362500000000001,0.0045475,4.325,30.73333333333333,-99.93333330000002
2021-02-26,0.3954601568612146,293.7,277.8125,0.2,178.32500000000005,0.7775,0.006062500000000001,4.487500000000001,30.73333333333333,-99.93333330000002
2021-03-06,0.5,294.3375,283.7875,2.4875,194.8125,0.6787500000000002,0.008453750000000001,6.287500000000001,30.73333333333333,-99.93333330000002
2021-03-14,0.5048400687875599,294.22499999999997,275.45,0.48750000000000004,228.91250000000002,0.94125,0.00463125,4.9750000000000005,30.73333333333333,-99.93333330000002
2021-03-22,0.5743761891125081,296.825,278.1125,1.55,219.125,1.13125,0.005292500000000001,4.8,30.73333333333333,-99.93333330000002
2021-03-30,0.6442125350862307,294.55,281.65000000000003,0.4,208.8375,0.8625,0.006990000000000001,5.7749999999999995,30.73333333333333,-99.93333330000002
2021-04-07,0.6743761891125082,302.1125,281.725,0.037500000000000006,260.975,1.6575000000000002,0.006367500000000001,5.25,30.73333333333333,-99.93333330000002
2021-04-15,0.6725926790373861,290.5,278.7375,1.5125000000000002,155.4625,0.5650000000000001,0.006019999999999999,4.5875,30.73333333333333,-99.93333330000002
2021-04-23,0.7301636540262776,299.0125,286.475,2.4875000000000003,237.76250000000002,1.18625,0.00884,5.825,30.73333333333333,-99.93333330000002
2021-05-01,0.8185887241987385,300.825,284.175,4.1625000000000005,272.4125,1.195,0.009260000000000001,4.525,30.73333333333333,-99.93333330000002
2021-05-09,0.8673411024237545,297.26249999999993,287.1625,0.4,245.97500000000002,0.67875,0.011353750000000001,4.9750000000000005,30.73333333333333,-99.93333330000002
2021-05-17,0.774376189112508,300.40000000000003,288.7875,1.7875,258.75,0.7650000000000001,0.01302875,4.7250000000000005,30.73333333333333,-99.93333330000002
2021-05-25,0.8383605071750498,301.82500000000005,291.13750000000005,6.7375,281.7875,0.845,0.014411250000000002,5.05,30.73333333333333,-99.93333330000002
2021-06-02,0.8698363459737226,302.0875,291.5,3.95,292.85,0.85,0.014885,4.125,30.73333333333333,-99.93333330000002
2021-06-10,0.8999999999999999,307.4125,292.1125,0.0,310.475,1.645,0.01432625,3.7875,30.73333333333333,-99.93333330000002
2021-06-18,0.7524093882350029,306.7625,293.6625,0.0,310.925,1.50625,0.015318750000000003,5.050000000000001,30.73333333333333,-99.93333330000002
2021-06-26,0.6896081289500341,305.77500000000003,293.125,1.825,271.48750000000007,1.49,0.014243750000000001,4.1000000000000005,30.73333333333333,-99.93333330000002
2021-07-04,0.7304638796750522,303.52500000000003,292.5625,3.8875000000000006,264.82500000000005,1.01,0.015202500000000002,3.4499999999999997,30.73333333333333,-99.93333330000002
2021-07-12,0.7398437916013973,305.68750000000006,293.5125,1.975,306.2375,1.4162499999999998,0.0148475,4.6375,30.73333333333333,-99.93333330000002
2021-07-20,0.7896081289500341,307.8125,291.9375,2.0125,318.26250000000005,1.935,0.012895,4.05,30.73333333333333,-99.93333330000002
2021-07-28,0.8149317141887515,305.96250000000003,291.5625,2.8,278.5625,1.4787499999999998,0.013896249999999999,2.8,30.73333333333333,-99.93333330000002
2021-08-05,0.7781444812997921,307.38750000000005,293.725,0.0,304.12500000000006,1.7112500000000002,0.01463,5.762500000000001,30.73333333333333,-99.93333330000002
2021-08-13,0.8398437916013974,304.55,292.825,4.675000000000001,252.20000000000002,1.2650000000000001,0.01477,3.95,30.73333333333333,-99.93333330000002
2021-08-21,0.9453955938638035,306.8625,292.7125,1.9625000000000001,285.7875,1.6712500000000001,0.013858750000000001,3.9375000000000004,30.73333333333333,-99.93333330000002
2021-08-29,0.990791187727607,306.325,293.23750000000007,1.5250000000000001,247.3375,1.5849999999999997,0.01425875,3.1750000000000003,30.73333333333333,-99.93333330000002
2021-09-06,0.9301636540262774,306.0375,287.9375,0.6000000000000001,265.0125,1.6524999999999996,0.011302500000000002,2.9499999999999997,30.73333333333333,-99.93333330000002
2021-09-14,0.7740759634637336,306.54999999999995,288.8125,0.0,255.65,1.6675,0.01208375,3.3375,30.73333333333333,-99.93333330000002
2021-09-22,0.8301636540262776,304.025,284.4375,0.2625,253.62500000000003,1.6999999999999997,0.008256250000000001,3.5875000000000004,30.73333333333333,-99.93333330000002
2021-09-30,0.7045398431387855,302.0125,288.0375,2.25,195.525,1.2225,0.010815,2.7875,30.73333333333333,-99.93333330000002
2021-10-08,0.7000000000000002,301.41249999999997,286.85,8.0625,196.83750000000003,1.1975,0.010356250000000001,4.6875,30.73333333333333,-99.93333330000002
2021-10-16,0.7405555250762436,297.425,285.15,0.0,186.57500000000002,0.81875,0.009653750000000001,3.7375,30.73333333333333,-99.93333330000002
2021-10-24,0.5926646876624719,299.56250000000006,280.46250000000003,3.1875,179.575,1.2512500000000002,0.0069425,4.625,30.73333333333333,-99.93333330000002
2021-11-01,0.6850682858112487,293.08750000000003,280.5,1.7,149.3125,0.66,0.0072362500000000005,3.525,30.73333333333333,-99.93333330000002
2021-11-09,0.6152319398375261,297.68749999999994,278.325,0.0,150.6375,1.03125,0.006583750000000002,4.2625,30.73333333333333,-99.93333330000002
2021-11-17,0.4802282170236886,294.4875,277.34999999999997,0.0,138.22500000000002,0.91,0.0053925,4.7875000000000005,30.73333333333333,-99.93333330000002
2021-11-25,0.5048400687875599,293.65,275.82500000000005,0.05,125.62500000000001,0.86375,0.00512875,3.5,30.73333333333333,-99.93333330000002
2021-12-03,0.43352043838748994,297.31250000000006,279.25,0.0,137.3125,1.1525,0.0060862500000000005,4.5375000000000005,30.73333333333333,-99.93333330000002
2021-12-11,0.4896081289500339,293.2,279.29999999999995,0.3375,130.55,0.7799999999999999,0.006575000000000001,4.9,30.73333333333333,-99.93333330000002
2021-12-19,0.45944447492375645,296.95000000000005,277.40000000000003,0.0,129.125,1.3425,0.004602500000000001,4.1125,30.73333333333333,-99.93333330000002
2021-12-27,0.384768060162474,298.46000000000004,281.72,0.0,130.72,1.29,0.005920000000000001,3.9800000000000004,30.73333333333333,-99.93333330000002
2022-01-01,0.3442125350862305,288.875,267.15,0.0,141.625,0.73,0.002915,4.5125,30.73333333333333,-99.93333330000002
2022-01-09,0.31523193983752607,289.1125,269.91249999999997,0.525,127.8625,0.8737500000000001,0.0023937500000000005,4.25,30.73333333333333,-99.93333330000002
2022-01-17,0.35578746491376956,288.175,269.9,0.1375,129.55,0.84,0.0025075,4.1000000000000005,30.73333333333333,-99.93333330000002
2022-01-25,0.35578746491376956,288.7125,272.9875,1.425,154.575,0.6162500000000001,0.00416625,3.55,30.73333333333333,-99.93333330000002
2022-02-02,0.4,283.1875,267.0375,0.675,157.625,0.47875,0.0028050000000000006,4.275000000000001,30.73333333333333,-99.93333330000002
2022-02-10,0.42562381088749207,292.37499999999994,273.675,0.0625,173.97500000000002,0.91625,0.00388375,5.362500000000001,30.73333333333333,-99.93333330000002
2022-02-18,0.42562381088749207,286.52500000000003,271.8875,0.0,173.02499999999998,0.6875,0.0036425,4.7625,30.73333333333333,-99.93333330000002
2022-02-26,0.44055552507624357,292.9375,275.12499999999994,0.0,185.6125,0.9687500000000001,0.004505,3.7,30.73333333333333,-99.93333330000002
2022-03-06,0.48506828581124856,289.1375,269.27500000000003,0.375,194.52500000000003,0.6787500000000001,0.0035362500000000003,4.9625,30.73333333333333,-99.93333330000002
2022-03-14,0.48506828581124856,298.0625,274.65,0.0,231.66250000000005,1.40875,0.0035812500000000002,6.075,30.73333333333333,-99.93333330000002
2022-03-22,0.48506828581124856,299.04999999999995,278.82500000000005,0.08750000000000001,234.675,1.7537500000000001,0.0034587500000000005,5.487500000000001,30.73333333333333,-99.93333330000002
2022-03-30,0.5048400687875599,299.2375,279.875,0.0,256.675,1.3937499999999998,0.0056612500000000005,5.125000000000001,30.73333333333333,-99.93333330000002
2022-04-07,0.46953612032494807,301.95,280.5875,0.0,267.3625,1.9787500000000002,0.004305,5.1000000000000005,30.73333333333333,-99.93333330000002
2022-04-15,0.44055552507624357,302.8875,289.11249999999995,0.0,272.20000000000005,1.645,0.0092425,6.450000000000001,30.73333333333333,-99.93333330000002
2022-04-23,0.45578746491376954,299.2125,289.1875,2.3125000000000004,238.27500000000003,1.08,0.01046625,6.1499999999999995,30.73333333333333,-99.93333330000002
2022-05-01,0.44055552507624357,306.31249999999994,291.625,0.0,273.83750000000003,2.05625,0.01091375,6.075000000000001,30.73333333333333,-99.93333330000002
2022-05-09,0.45578746491376954,309.3125,292.71250000000003,3.0375000000000005,289.2,2.57125,0.010539999999999999,5.725,30.73333333333333,-99.93333330000002
2022-05-17,0.4185887241987385,307.0,291.0375,1.6625,274.6375,2.2425,0.01009875,6.2,30.73333333333333,-99.93333330000002
2022-05-25,0.4792162579000679,307.6625,291.675,0.42500000000000004,302.06250000000006,2.2199999999999998,0.011020000000000002,6.037500000000001,30.73333333333333,-99.93333330000002
2022-06-02,0.48476806016247403,309.5,293.2375,2.55,305.35,2.43375,0.012193750000000001,4.3125,30.73333333333333,-99.93333330000002
2022-06-10,0.4487523782250159,310.6,295.325,0.0,315.3625,2.8812500000000005,0.01128,5.8625,30.73333333333333,-99.93333330000002
2022-06-18,0.4944481977375939,309.61249999999995,294.07500000000005,0.0,319.15000000000003,2.6475,0.01095625,4.175,30.73333333333333,-99.93333330000002
2022-06-26,0.5096801375751199,307.5125,293.02500000000003,3.175,298.0,2.005,0.012512500000000003,3.6375,30.73333333333333,-99.93333330000002
2022-07-04,0.5096801375751199,311.1375,294.9375,0.48750000000000004,337.41249999999997,2.75,0.0125375,3.700000000000001,30.73333333333333,-99.93333330000002
2022-07-12,0.4944481977375939,310.65,293.3875,3.0625000000000004,331.90000000000003,2.6137500000000005,0.012084999999999999,3.5625,30.73333333333333,-99.93333330000002
2022-07-20,0.4490526038737904,310.4375,295.9875,0.0,337.8,2.6737499999999996,0.012713750000000001,4.7375,30.73333333333333,-99.93333330000002
2022-07-28,0.5,310.3,296.11249999999995,0.0,324.725,2.7325,0.012233750000000002,4.925,30.73333333333333,-99.93333330000002
2022-08-05,0.4442125350862305,308.7375,293.90000000000003,1.6375000000000002,283.7,2.32125,0.012108750000000001,3.7125000000000004,30.73333333333333,-99.93333330000002
2022-08-13,0.46983634597372254,307.075,293.07500000000005,1.9625000000000001,272.1875,1.74375,0.013827500000000001,3.725,30.73333333333333,-99.93333330000002
2022-08-21,0.6256238108874922,305.53749999999997,293.45000000000005,3.0000000000000004,228.2875,1.34375,0.01518125,3.0875,30.73333333333333,-99.93333330000002
2022-08-29,0.6304638796750521,302.85,293.4875,7.2125,228.07500000000002,1.0,0.015213750000000002,2.7125000000000004,30.73333333333333,-99.93333330000002
2022-09-06,0.6850682858112487,304.875,290.7625,1.1625,269.88750000000005,1.46,0.012595,2.8875,30.73333333333333,-99.93333330000002
2022-09-14,0.52868036959993,305.52500000000003,290.525,0.0,265.33750000000003,1.3225,0.01397125,4.112500000000001,30.73333333333333,-99.93333330000002
2022-09-22,0.6304638796750521,304.76250000000005,286.3125,0.41250000000000003,258.025,1.795,0.008715,3.0375,30.73333333333333,-99.93333330000002
2022-09-30,0.5792162579000679,302.5875,282.45,0.0,207.03750000000002,1.56875,0.00715375,2.3,30.73333333333333,-99.93333330000002
2022-10-08,0.5850682858112486,302.4125,285.37500000000006,0.0625,183.76250000000002,1.42625,0.008913750000000002,4.25,30.73333333333333,-99.93333330000002
2022-10-24,0.5256238108874921,295.74999999999994,277.8375,2.7625,171.35,0.78,0.0069812500000000005,4.1875,30.73333333333333,-99.93333330000002
2022-11-01,0.515231939837526,299.7625,284.67499999999995,0.0,153.4875,1.2375,0.00821125,4.6125,30.73333333333333,-99.93333330000002
2022-11-09,0.5408557507250181,290.5,276.06250000000006,0.9625000000000001,139.50000000000003,0.63875,0.00559375,4.4375,30.73333333333333,-99.93333330000002
2022-11-17,0.4207837420999322,283.5125,275.4375,2.6,91.9625,0.28875,0.00491625,2.8875,30.73333333333333,-99.93333330000002
2022-11-25,0.42562381088749207,289.96250000000003,275.2,5.1375,124.66250000000002,0.605,0.005185,4.6625,30.73333333333333,-99.93333330000002
2022-12-03,0.33937246629867057,293.68750000000006,285.5625,0.05,126.74999999999999,0.5449999999999999,0.00936,3.3875,30.73333333333333,-99.93333330000002
2022-12-11,0.33453239751111064,288.0875,274.9375,0.0,130.97500000000002,0.5237499999999999,0.004887500000000001,3.9000000000000004,30.73333333333333,-99.93333330000002
2022-12-19,0.384768060162474,282.1375,266.5875,0.0,137.05,0.39625,0.0028250000000000003,3.7625,30.73333333333333,-99.93333330000002
2022-12-27,0.30000000000000004,291.92,274.94,0.28,119.34,0.7939999999999999,0.00447,4.12,30.73333333333333,-99.93333330000002
