date,LAI,tmmx,tmmn,pr,srad,vpd,sph,vs,lat,lon
2000-02-18,0.30249449277625123,279.175,264.925,1.35,111.64999999999999,0.255,0.0026475000000000005,4.0,47.56666666666667,-93.22499996666669
2000-02-26,0.5973039824789507,281.2125,268.0125,0.1875,140.81250000000003,0.32,0.00282375,5.1125,47.56666666666667,-93.22499996666669
2000-03-05,0.5925165216712465,280.62500000000006,266.16249999999997,1.5625,157.77499999999998,0.40625,0.0025712500000000006,4.437500000000001,47.56666666666667,-93.22499996666669
2000-03-13,0.5950110144474976,275.23749999999995,263.6,0.30000000000000004,155.9125,0.23249999999999998,0.00193875,4.2625,47.56666666666667,-93.22499996666669
2000-03-21,0.6024944927762512,283.5625,270.79999999999995,2.6000000000000005,154.65,0.31375000000000003,0.0038537500000000004,5.850000000000001,47.56666666666667,-93.22499996666669
2000-03-29,0.6975055072237488,282.45,270.1375,3.5250000000000004,165.95000000000002,0.37375,0.003041250000000001,4.6875,47.56666666666667,-93.22499996666669
2000-04-06,0.7,278.2375,267.0875,0.4375,199.63750000000002,0.31000000000000005,0.00214125,4.625,47.56666666666667,-93.22499996666669
2000-04-14,0.7997984752552019,282.475,268.175,0.5375000000000001,220.95000000000005,0.40874999999999995,0.0026887500000000006,4.300000000000001,47.56666666666667,-93.22499996666669
2000-04-22,0.849245263135912,290.975,274.99999999999994,0.1875,258.15000000000003,0.7475,0.0041775,3.7625,47.56666666666667,-93.22499996666669
2000-04-30,0.9973039824789505,296.24999999999994,280.99999999999994,1.6750000000000003,242.25,0.9699999999999999,0.0068000000000000005,4.737500000000001,47.56666666666667,-93.22499996666669
2000-05-08,1.2619192517619662,288.3625,276.52500000000003,5.625,206.0875,0.47750000000000004,0.0051087500000000004,4.6875,47.56666666666667,-93.22499996666669
2000-05-16,1.5544357734332126,292.175,277.65000000000003,0.575,266.85,0.7125,0.00535625,4.4625,47.56666666666667,-93.22499996666669
2000-05-24,2.211970613877071,291.95,278.1125,1.9000000000000001,255.71250000000003,0.6375000000000001,0.005787500000000001,4.1375,47.56666666666667,-93.22499996666669
2000-06-01,2.376585883160087,292.65000000000003,280.15000000000003,1.175,251.375,0.65,0.0065725,3.375,47.56666666666667,-93.22499996666669
2000-06-09,2.8204391112538993,293.73749999999995,280.875,6.8875,222.5875,0.45000000000000007,0.00849125,5.2,47.56666666666667,-93.22499996666669
2000-06-17,3.2962776777946643,294.04999999999995,281.975,5.525,207.72500000000002,0.51375,0.008497500000000002,4.4625,47.56666666666667,-93.22499996666669
2000-06-25,3.6986520328619044,296.0,282.41249999999997,2.45,260.4,0.6950000000000001,0.008476250000000001,4.1875,47.56666666666667,-93.22499996666669
2000-07-03,3.930878914208372,298.84999999999997,286.03749999999997,3.7,270.1875,0.6150000000000001,0.011658750000000002,3.6625000000000005,47.56666666666667,-93.22499996666669
2000-07-11,4.558519859491934,296.7625,284.375,1.7375000000000003,272.05,0.6875000000000001,0.0095975,4.0625,47.56666666666667,-93.22499996666669
2000-07-19,3.2475342646629377,296.775,285.05,3.575,231.20000000000002,0.7262500000000001,0.009421249999999999,3.9625000000000004,47.56666666666667,-93.22499996666669
2000-07-27,3.6350618007816813,300.4375,286.95,0.41250000000000003,261.90000000000003,0.915,0.010956249999999999,2.7125,47.56666666666667,-93.22499996666669
2000-08-04,3.4816110463965444,297.0875,286.525,4.525,209.76250000000002,0.51625,0.011367500000000001,3.65,47.56666666666667,-93.22499996666669
2000-08-12,3.4013880685376714,294.88750000000005,283.0875,4.7250000000000005,201.41250000000002,0.37125,0.01003875,3.8375000000000004,47.56666666666667,-93.22499996666669
2000-08-20,3.196197558240371,298.57500000000005,283.6875,2.0375,214.2125,0.7200000000000001,0.00997625,4.0625,47.56666666666667,-93.22499996666669
2000-08-28,2.657915285257539,293.41249999999997,281.47499999999997,6.5625,161.1875,0.31375000000000003,0.0093025,4.55,47.56666666666667,-93.22499996666669
2000-09-05,2.2281828966873225,294.2125,279.025,2.8125,179.55,0.5387500000000001,0.007648750000000001,6.025,47.56666666666667,-93.22499996666669
2000-09-13,1.9111645148978782,292.1875,277.925,1.2125,161.1375,0.59125,0.006377500000000001,4.0875,47.56666666666667,-93.22499996666669
2000-09-21,1.4542342486884143,286.1,273.7875,1.225,144.38750000000002,0.38125,0.004605000000000001,3.425,47.56666666666667,-93.22499996666669
2000-09-29,1.1567287414646659,286.70000000000005,274.025,0.5375,125.91250000000002,0.5125000000000001,0.004595,4.425,47.56666666666667,-93.22499996666669
2000-10-07,0.7923149969264482,286.4375,271.90000000000003,4.3375,125.3875,0.47874999999999995,0.004038750000000001,3.8375000000000004,47.56666666666667,-93.22499996666669
2000-10-15,0.7403737162694868,288.6,275.05,0.07500000000000001,127.7125,0.49750000000000005,0.004900000000000001,4.325,47.56666666666667,-93.22499996666669
2000-10-23,0.5517397559121632,286.54999999999995,276.0375,3.2250000000000005,90.55000000000001,0.24750000000000003,0.006091250000000001,4.8,47.56666666666667,-93.22499996666669
2000-10-31,0.5,283.075,275.025,7.7749999999999995,51.325,0.215,0.0049412499999999995,6.325,47.56666666666667,-93.22499996666669
2000-11-08,0.4517397559121632,274.125,269.5,0.9125000000000001,43.612500000000004,0.15,0.0026700000000000005,4.1499999999999995,47.56666666666667,-93.22499996666669
2000-11-16,0.10249449277625122,267.83750000000003,262.0375,0.5625,52.587500000000006,0.09875000000000002,0.001575,4.1875,47.56666666666667,-93.22499996666669
2000-11-24,0.2,271.09999999999997,263.28749999999997,0.2,61.9375,0.08124999999999999,0.0021200000000000004,3.2125000000000004,47.56666666666667,-93.22499996666669
2000-12-02,0.2,263.61250000000007,253.67500000000004,0.5625,53.55000000000001,0.0525,0.00111,5.000000000000001,47.56666666666667,-93.22499996666669
2000-12-10,0.3022929680314531,259.33750000000003,247.46249999999998,0.8125,63.0125,0.03875,0.0007225,3.9625000000000004,47.56666666666667,-93.22499996666669
2000-12-18,0.30249449277625123,258.5625,248.8875,0.9375000000000001,50.28750000000001,0.04000000000000001,0.00068875,4.05,47.56666666666667,-93.22499996666669
2000-12-26,0.3455642265667874,260.3,249.4333333333333,0.0,59.31666666666667,0.049999999999999996,0.0007266666666666667,3.4333333333333336,47.56666666666667,-93.22499996666669
2001-01-01,0.25194128065696136,268.97499999999997,258.45,0.225,64.9375,0.10625,0.00147375,4.3375,47.56666666666667,-93.22499996666669
2001-01-09,0.25443577343321255,271.87500000000006,262.625,0.36250000000000004,65.0875,0.11124999999999999,0.0020262500000000003,3.3375000000000004,47.56666666666667,-93.22499996666669
2001-01-17,0.20269601752104938,267.35,254.375,0.1125,80.825,0.08875,0.00119875,4.4,47.56666666666667,-93.22499996666669
2001-01-25,0.20249449277625123,269.3375,255.3125,1.6,76.02499999999999,0.0975,0.0014299999999999998,4.987500000000001,47.56666666666667,-93.22499996666669
2001-02-02,0.1076850030735518,266.8125,255.2625,1.4500000000000002,84.6875,0.07625000000000001,0.0012787500000000002,4.25,47.56666666666667,-93.22499996666669
2001-02-10,0.10519051029730059,263.4625,248.8,0.7375,101.2375,0.07,0.0008162500000000001,4.175,47.56666666666667,-93.22499996666669
2001-02-18,0.10249449277625122,264.8,248.73749999999998,2.6125000000000003,118.26250000000002,0.057499999999999996,0.0010337500000000002,5.1625,47.56666666666667,-93.22499996666669
2001-02-26,0.10249449277625122,270.525,254.09999999999997,0.1375,146.0875,0.12250000000000001,0.0014087500000000003,4.175000000000001,47.56666666666667,-93.22499996666669
2001-03-06,0.10249449277625122,274.1875,261.475,0.5625,138.76250000000002,0.15250000000000002,0.001975,4.0875,47.56666666666667,-93.22499996666669
2001-03-14,0.10498898555250244,277.175,264.2875,0.037500000000000006,195.95,0.2075,0.0023075000000000005,3.3125,47.56666666666667,-93.22499996666669
2001-03-22,0.2,273.2125,261.25,0.0,168.3,0.18625,0.0017225,5.3125,47.56666666666667,-93.22499996666669
2001-03-30,0.45423424868841433,279.725,270.92499999999995,1.3875000000000002,153.4625,0.24749999999999997,0.00331875,3.2375000000000003,47.56666666666667,-93.22499996666669
2001-04-07,0.5973039824789507,281.425,272.325,8.65,133.425,0.23375,0.00395,5.5249999999999995,47.56666666666667,-93.22499996666669
2001-04-15,0.6997984752552018,283.26250000000005,270.23749999999995,2.4125,176.3,0.35875,0.00356375,5.4375,47.56666666666667,-93.22499996666669
2001-04-23,0.8517397559121632,289.81250000000006,276.625,3.4875,226.425,0.6675,0.00461625,5.7875000000000005,47.56666666666667,-93.22499996666669
2001-05-01,1.0542342486884144,290.5375,277.0375,2.875,233.88750000000002,0.5875,0.00528,5.812500000000001,47.56666666666667,-93.22499996666669
2001-05-09,1.199798475255202,294.2875,279.05,2.1375,272.125,0.6975,0.006913750000000001,4.6,47.56666666666667,-93.22499996666669
2001-05-17,1.4442562775834094,290.8,277.9875,7.4,199.33750000000003,0.5700000000000001,0.00603125,4.7250000000000005,47.56666666666667,-93.22499996666669
2001-05-25,1.8024944927762512,290.96250000000003,278.55,3.8125,243.47500000000002,0.5387500000000001,0.0060662500000000005,3.2375000000000007,47.56666666666667,-93.22499996666669
2001-06-02,2.154435773433213,292.2375,279.8,0.65,210.1875,0.6012500000000001,0.006627500000000001,3.2250000000000005,47.56666666666667,-93.22499996666669
2001-06-10,2.460611302778588,296.75,284.1375,6.925000000000001,240.0375,0.755,0.008937500000000001,3.775,47.56666666666667,-93.22499996666669
2001-07-04,3.539347411585201,297.88750000000005,283.95,0.2625,281.26250000000005,0.93375,0.00850375,3.9125000000000005,47.56666666666667,-93.22499996666669
2001-07-12,3.619131162270522,300.82500000000005,288.7,4.7625,242.01250000000002,0.9475,0.011616250000000002,3.3875,47.56666666666667,-93.22499996666669
2001-07-20,4.003761156123417,299.6375,287.125,1.725,248.41250000000005,0.9012500000000001,0.01106875,3.9875,47.56666666666667,-93.22499996666669
2001-07-28,4.121482912661846,301.92499999999995,287.90000000000003,2.425,245.275,0.74125,0.01349875,4.487500000000001,47.56666666666667,-93.22499996666669
2001-08-05,4.075135191791781,300.1375,286.98749999999995,6.4,230.875,0.81125,0.012060000000000001,4.375,47.56666666666667,-93.22499996666669
2001-08-13,3.997384102033244,296.1875,282.35,6.175,206.1625,0.5387500000000001,0.009415000000000001,3.7500000000000004,47.56666666666667,-93.22499996666669
2001-08-21,3.4785345840618143,299.43749999999994,284.1,0.0,227.82500000000002,0.815,0.009983750000000001,3.5125,47.56666666666667,-93.22499996666669
2001-08-29,3.0442562775834094,297.79999999999995,281.52500000000003,1.275,195.6125,0.7325,0.009065,5.4375,47.56666666666667,-93.22499996666669
2001-09-06,2.178131534572218,292.1875,280.9875,2.7,158.47500000000002,0.41,0.00818125,3.7875,47.56666666666667,-93.22499996666669
2001-09-14,2.098289001527026,291.125,280.2125,0.23750000000000002,124.91250000000001,0.37125,0.007562500000000001,2.1875,47.56666666666667,-93.22499996666669
2001-09-22,1.7009850190480753,288.9875,274.475,2.275,166.07500000000002,0.5,0.0048925,3.4250000000000003,47.56666666666667,-93.22499996666669
2001-09-30,1.34944678788071,287.9375,274.325,0.037500000000000006,136.275,0.5487500000000001,0.00465125,3.9375000000000004,47.56666666666667,-93.22499996666669
2001-10-08,0.9997984752552018,285.7375,275.1875,7.737500000000001,93.78750000000001,0.25249999999999995,0.005445,4.375000000000001,47.56666666666667,-93.22499996666669
2001-10-16,0.6975055072237488,283.9,272.375,0.9750000000000001,101.98750000000001,0.35125,0.0037912500000000003,4.2,47.56666666666667,-93.22499996666669
2001-10-24,0.6997984752552018,279.17499999999995,270.3,1.6,81.7125,0.1675,0.003635,6.6625000000000005,47.56666666666667,-93.22499996666669
2001-11-01,0.5455642265667875,283.8625,273.37499999999994,0.7875,82.2625,0.32125000000000004,0.004242500000000001,5.300000000000001,47.56666666666667,-93.22499996666669
2001-11-09,0.5467507703596608,284.16249999999997,272.63750000000005,0.1,79.8875,0.2525,0.004597500000000001,4.275,47.56666666666667,-93.22499996666669
2001-11-17,0.5997984752552019,280.6875,271.225,3.4625,56.775000000000006,0.17500000000000002,0.0040862500000000005,4.5375,47.56666666666667,-93.22499996666669
2001-11-25,0.6530477048955412,272.22499999999997,265.88750000000005,1.4375,43.075,0.060000000000000005,0.00261875,5.312500000000001,47.56666666666667,-93.22499996666669
2001-12-03,0.5567287414646656,273.95,265.4625,1.3250000000000002,61.975,0.09749999999999999,0.0025900000000000003,4.450000000000001,47.56666666666667,-93.22499996666669
2001-12-11,0.5873260113739458,273.84999999999997,265.3125,0.0,59.325,0.07999999999999999,0.0026750000000000003,4.9,47.56666666666667,-93.22499996666669
2001-12-19,0.6961174386860773,267.5375,258.45,1.0625,51.199999999999996,0.07125000000000001,0.0015400000000000001,5.337500000000001,47.56666666666667,-93.22499996666669
2001-12-27,0.55055321211929,262.86,255.33999999999997,0.16,46.38000000000001,0.06,0.0010180000000000002,4.960000000000001,47.56666666666667,-93.22499996666669
2002-01-01,0.4896189794053988,268.72499999999997,255.83750000000003,0.21250000000000002,59.925,0.07500000000000001,0.001515,4.225,47.56666666666667,-93.22499996666669
2002-01-09,0.49959695051040365,272.45,263.57500000000005,0.1375,64.625,0.08875,0.0022925000000000003,3.6375,47.56666666666667,-93.22499996666669
2002-01-25,0.45133670642256685,268.175,256.4875,0.3375,83.775,0.09125,0.0013875,3.187500000000001,47.56666666666667,-93.22499996666669
2002-02-02,0.2973039824789506,271.6625,257.925,0.0,96.12500000000001,0.11125,0.0017525,4.4750000000000005,47.56666666666667,-93.22499996666669
2002-02-10,0.20498898555250245,274.33750000000003,261.55,0.125,111.46250000000002,0.13874999999999998,0.0020787500000000003,5.550000000000001,47.56666666666667,-93.22499996666669
2002-02-18,0.19501101444749758,274.5625,264.6625,0.6125,103.95,0.14875000000000002,0.0023275,4.7749999999999995,47.56666666666667,-93.22499996666669
2002-02-26,0.20498898555250245,264.4125,251.2875,0.05,126.23750000000001,0.09124999999999998,0.0008112500000000001,4.575,47.56666666666667,-93.22499996666669
2002-03-06,0.19979847525520184,269.6625,258.1125,2.5125,139.76250000000002,0.1525,0.0012325,5.675000000000001,47.56666666666667,-93.22499996666669
2002-03-14,0.19979847525520184,272.8,260.8625,0.275,167.9375,0.19125,0.00159625,4.487500000000001,47.56666666666667,-93.22499996666669
2002-03-22,0.3036810365691245,273.61250000000007,260.1,0.8,199.225,0.19,0.00168,5.1125,47.56666666666667,-93.22499996666669
2002-03-30,0.45423424868841433,272.725,264.825,0.21250000000000002,127.775,0.16,0.0019575,4.5,47.56666666666667,-93.22499996666669
2002-04-07,0.5997984752552019,285.525,272.675,1.2125000000000001,194.37500000000003,0.47875,0.004002500000000001,4.45,47.56666666666667,-93.22499996666669
2002-04-15,0.6948094897026994,286.325,274.0375,1.3750000000000002,213.62500000000003,0.5625,0.00442,5.1625000000000005,47.56666666666667,-93.22499996666669
2002-04-23,0.6975055072237488,282.13750000000005,269.1375,1.425,213.70000000000005,0.38375,0.0028012500000000004,5.862500000000001,47.56666666666667,-93.22499996666669
2002-05-01,0.8915088979472555,283.825,271.6125,2.9000000000000004,170.4875,0.445,0.00310875,5.0375000000000005,47.56666666666667,-93.22499996666669
2002-05-09,0.9892159299158025,287.28749999999997,273.1,1.5250000000000001,226.4875,0.54,0.003875000000000001,5.475,47.56666666666667,-93.22499996666669
2002-05-17,1.3076850030735518,287.3125,272.8,0.3125,246.29999999999998,0.585,0.0035537500000000005,5.0625,47.56666666666667,-93.22499996666669
2002-05-25,1.5024944927762511,297.8,281.6125,1.675,293.275,1.18625,0.0062025000000000005,4.937500000000001,47.56666666666667,-93.22499996666669
2002-06-02,1.9623223012515625,293.625,280.3125,0.21250000000000002,228.95,0.73375,0.0065775,4.487500000000001,47.56666666666667,-93.22499996666669
2002-06-10,3.0560253667156827,296.70000000000005,283.30000000000007,1.5124999999999997,274.475,0.87875,0.00791875,4.1875,47.56666666666667,-93.22499996666669
2002-06-18,3.366204862565485,299.05,286.6125,16.700000000000003,253.40000000000003,0.7937500000000001,0.010775,4.9125000000000005,47.56666666666667,-93.22499996666669
2002-06-26,4.042142229620839,302.81250000000006,289.35,0.0625,280.8125,1.1537499999999998,0.012163750000000003,4.7625,47.56666666666667,-93.22499996666669
2002-07-04,4.137130639392422,298.3875,285.275,6.1875,246.0875,0.6412500000000001,0.0110875,4.0125,47.56666666666667,-93.22499996666669
2002-07-12,4.32616764923934,302.4375,287.8625,0.0,285.21250000000003,0.95625,0.0124375,3.3499999999999996,47.56666666666667,-93.22499996666669
2002-07-20,4.101804691035308,298.8875,286.16249999999997,4.85,222.425,0.6637500000000001,0.011438750000000001,3.900000000000001,47.56666666666667,-93.22499996666669
2002-07-28,4.331559684281439,297.875,286.725,5.250000000000001,225.25,0.72875,0.01047,4.0874999999999995,47.56666666666667,-93.22499996666669
2002-08-05,4.237757818302732,297.68750000000006,285.3,4.925000000000001,211.46250000000003,0.5887500000000001,0.010822500000000002,4.775,47.56666666666667,-93.22499996666669
2002-08-13,3.9933000159745236,294.20000000000005,283.38750000000005,6.0,195.0625,0.5137499999999999,0.008805,4.8875,47.56666666666667,-93.22499996666669
2002-08-21,3.958318334747135,299.06250000000006,286.7,1.1375,211.475,0.7075,0.011182500000000001,3.1625,47.56666666666667,-93.22499996666669
2002-08-29,3.3529489043809524,298.2375,286.625,2.8,183.78750000000002,0.59125,0.01153125,5.675000000000001,47.56666666666667,-93.22499996666669
2002-09-06,3.158116810002337,299.15000000000003,285.77500000000003,2.0125,193.37500000000006,0.7912500000000001,0.010727500000000001,4.875,47.56666666666667,-93.22499996666669
2002-09-14,2.6425452791104354,293.675,280.3125,2.2875,180.8,0.5887500000000001,0.0074887500000000015,4.8875,47.56666666666667,-93.22499996666669
2002-09-22,1.9034795118243262,285.47499999999997,275.04999999999995,1.0875000000000001,122.91250000000001,0.35000000000000003,0.004687500000000001,3.6250000000000004,47.56666666666667,-93.22499996666669
2002-09-30,1.5032779870795283,283.8,274.2,4.05,114.1375,0.25,0.005112500000000001,4.362500000000001,47.56666666666667,-93.22499996666669
2002-10-08,1.1517397559121632,283.27500000000003,272.4,1.2125000000000001,105.6625,0.255,0.004503750000000001,5.612500000000001,47.56666666666667,-93.22499996666669
2002-10-16,0.6490437383911138,273.51250000000005,268.025,0.9874999999999999,77.2375,0.14125000000000001,0.00247625,3.25,47.56666666666667,-93.22499996666669
2002-10-24,0.6542342486884144,272.86249999999995,266.7875,0.7375,71.3375,0.0475,0.00287,3.675,47.56666666666667,-93.22499996666669
2002-11-01,0.5465492456148626,274.975,264.4875,0.0,75.91250000000001,0.125,0.0025250000000000003,3.975,47.56666666666667,-93.22499996666669
2002-11-09,0.4973039824789506,273.29999999999995,264.4625,0.9875,58.2625,0.11499999999999999,0.00237,3.7625000000000006,47.56666666666667,-93.22499996666669
2002-11-17,0.4469522951044589,273.4625,265.6875,0.21250000000000002,55.487500000000004,0.11625,0.00240125,5.175,47.56666666666667,-93.22499996666669
2002-11-25,0.4925165216712464,267.86250000000007,258.075,0.0,52.6625,0.07125000000000001,0.0015450000000000001,4.8375,47.56666666666667,-93.22499996666669
2002-12-03,0.5997984752552019,266.90000000000003,255.5,0.0,64.16250000000001,0.07875,0.001325,4.075,47.56666666666667,-93.22499996666669
2002-12-11,0.5553406729269942,274.41249999999997,265.4625,1.0875000000000001,55.525,0.1225,0.0024925,5.0875,47.56666666666667,-93.22499996666669
2002-12-19,0.5553406729269942,270.2375,262.425,0.675,42.462500000000006,0.09,0.0019450000000000001,4.8125,47.56666666666667,-93.22499996666669
2002-12-27,0.4971024577341524,272.82,261.82,0.0,63.78000000000001,0.148,0.0018340000000000001,4.74,47.56666666666667,-93.22499996666669
2003-01-01,0.3975055072237488,272.9375,261.65,0.037500000000000006,59.91250000000001,0.15,0.0018475000000000002,4.075,47.56666666666667,-93.22499996666669
2003-01-09,0.4517397559121632,262.6875,252.6,0.0,66.3875,0.09875,0.0007175,5.8875,47.56666666666667,-93.22499996666669
2003-01-17,0.3975055072237488,259.23749999999995,249.29999999999998,0.08750000000000001,70.375,0.06625,0.0005637500000000001,4.9375,47.56666666666667,-93.22499996666669
2003-01-25,0.40249449277625127,264.8875,254.125,0.4125,80.0125,0.09500000000000001,0.00104875,4.5249999999999995,47.56666666666667,-93.22499996666669
2003-02-02,0.30748347832875367,265.65,251.61249999999998,0.21250000000000002,83.5125,0.10749999999999998,0.0009187500000000001,5.525,47.56666666666667,-93.22499996666669
2003-02-10,0.3049889855525024,262.7625,248.775,0.36250000000000004,113.86250000000001,0.095,0.0006462500000000001,5.125,47.56666666666667,-93.22499996666669
2003-02-18,0.30249449277625123,265.6875,253.9875,0.16250000000000003,106.36250000000001,0.11125,0.00094375,5.012500000000001,47.56666666666667,-93.22499996666669
2003-02-26,0.2975055072237488,265.28749999999997,251.58749999999998,0.3375,130.2125,0.10375,0.0008575,3.975,47.56666666666667,-93.22499996666669
2003-03-06,0.3517397559121632,265.9375,251.93749999999997,0.375,160.8625,0.11750000000000001,0.0008725,5.1375,47.56666666666667,-93.22499996666669
2003-03-14,0.44924526313591195,282.3625,269.07500000000005,0.1875,181.3875,0.38749999999999996,0.0027637500000000006,4.2250000000000005,47.56666666666667,-93.22499996666669
2003-03-22,0.5024944927762511,282.22499999999997,270.5125,0.7375,155.52500000000003,0.4925,0.0024749999999999998,5.175,47.56666666666667,-93.22499996666669
2003-03-30,0.6024944927762512,273.975,264.575,0.8500000000000001,142.03750000000002,0.19624999999999998,0.0019500000000000006,4.9750000000000005,47.56666666666667,-93.22499996666669
2003-04-07,0.7517397559121632,287.9875,270.03749999999997,0.05,257.77500000000003,0.6799999999999999,0.0031937500000000004,5.5875,47.56666666666667,-93.22499996666669
2003-04-15,0.8024944927762513,284.4625,271.65000000000003,3.95,200.4375,0.49000000000000005,0.00307875,5.4750000000000005,47.56666666666667,-93.22499996666669
2003-04-23,0.9049889855525024,290.325,274.12499999999994,0.0,264.76250000000005,0.82,0.0033350000000000003,3.8125,47.56666666666667,-93.22499996666669
2003-05-01,0.9975055072237486,291.05,274.9125,0.2375,259.87500000000006,0.7775000000000001,0.003886250000000001,5.075,47.56666666666667,-93.22499996666669
2003-05-09,1.210179495849803,290.6625,276.625,2.7750000000000004,229.2,0.7150000000000001,0.004655,4.4625,47.56666666666667,-93.22499996666669
2003-05-17,1.50788652781835,291.5625,275.7875,3.175,234.16250000000002,0.655,0.005141250000000001,4.650000000000001,47.56666666666667,-93.22499996666669
2003-05-25,1.8130770381156505,295.57500000000005,279.09999999999997,1.9250000000000003,296.325,1.02,0.00533125,3.9875000000000003,47.56666666666667,-93.22499996666669
2003-06-02,2.272703321846164,293.875,281.3125,0.925,240.87500000000003,0.7062499999999999,0.006863750000000002,2.4750000000000005,47.56666666666667,-93.22499996666669
2003-06-10,2.827542144768973,297.78749999999997,283.7,3.5625,254.575,0.8425,0.008861250000000001,3.6000000000000005,47.56666666666667,-93.22499996666669
2003-06-18,3.217564173663968,299.72499999999997,284.21250000000003,6.0875,281.675,0.9462500000000001,0.0094725,5.2875,47.56666666666667,-93.22499996666669
2003-06-26,3.9599079280296046,296.79999999999995,283.5375,5.2375,256.475,0.69,0.009603750000000001,4.3,47.56666666666667,-93.22499996666669
2003-07-04,4.003882561313922,296.04999999999995,283.95,5.2,235.38750000000002,0.6075,0.009413750000000002,4.3375,47.56666666666667,-93.22499996666669
2003-07-12,3.9899232283804063,298.83750000000003,284.3625,1.3625000000000003,279.5375,0.7925000000000001,0.009885,3.9875,47.56666666666667,-93.22499996666669
2003-07-20,4.180728751578679,299.42499999999995,284.33750000000003,0.28750000000000003,250.71249999999998,0.88375,0.009818750000000001,4.2875,47.56666666666667,-93.22499996666669
2003-07-28,3.691029652618986,296.9,286.1625,4.9,216.13750000000005,0.56875,0.010788750000000001,2.7125,47.56666666666667,-93.22499996666669
2003-08-05,3.896600607729967,300.25000000000006,287.375,0.8125,226.27500000000003,0.785,0.0117675,3.2125000000000004,47.56666666666667,-93.22499996666669
2003-08-13,3.9523443301465573,305.22499999999997,288.33750000000003,1.4375000000000002,236.98750000000004,1.3375000000000001,0.012476250000000001,5.025,47.56666666666667,-93.22499996666669
2003-08-21,3.3115675643874747,298.40000000000003,283.925,3.825,204.75,0.71625,0.010168750000000002,5.025,47.56666666666667,-93.22499996666669
2003-08-29,3.1175415689880523,296.1,280.47499999999997,0.15000000000000002,214.7125,0.91875,0.006621250000000001,4.4125,47.56666666666667,-93.22499996666669
2003-09-06,2.963508845044436,299.1375,284.925,6.575,180.26250000000002,0.94125,0.009485,5.0875,47.56666666666667,-93.22499996666669
2003-09-14,1.959424758985715,291.275,278.825,3.3375000000000004,145.1375,0.37125,0.00748625,5.125000000000001,47.56666666666667,-93.22499996666669
2003-09-22,1.5140620571637258,283.075,275.57500000000005,0.775,121.11250000000001,0.2125,0.005002500000000001,5.9750000000000005,47.56666666666667,-93.22499996666669
2003-09-30,1.102292968031453,285.96250000000003,272.6,0.0,137.86249999999998,0.50625,0.003995,4.5875,47.56666666666667,-93.22499996666669
2003-10-08,0.8567287414646656,290.57500000000005,278.1375,2.0625,125.46250000000002,0.5425000000000001,0.0063300000000000006,5.675000000000001,47.56666666666667,-93.22499996666669
2003-10-16,0.7,286.55,273.775,0.0,111.82500000000002,0.45625000000000004,0.0042375,4.3375,47.56666666666667,-93.22499996666669
2003-10-24,0.6024944927762512,277.36249999999995,269.91249999999997,2.875,66.98750000000001,0.15500000000000003,0.0032612500000000003,4.3375,47.56666666666667,-93.22499996666669
2003-11-01,0.389820504150197,270.57500000000005,263.22499999999997,0.6000000000000001,68.05000000000001,0.1075,0.0019375000000000002,4.7250000000000005,47.56666666666667,-93.22499996666669
2003-11-09,0.3923149969264482,275.8875,266.98749999999995,0.4,69.5875,0.13,0.0028325,4.575,47.56666666666667,-93.22499996666669
2003-11-17,0.44037371626948685,274.0625,266.25,2.5250000000000004,57.2875,0.15375000000000003,0.00251875,5.8500000000000005,47.56666666666667,-93.22499996666669
2003-11-25,0.30249449277625123,270.9,258.90000000000003,0.48750000000000004,56.6875,0.07125000000000001,0.00188625,5.075000000000001,47.56666666666667,-93.22499996666669
2003-12-03,0.25055321211928994,271.40000000000003,262.0125,0.0,48.2,0.07750000000000001,0.0021262499999999997,4.9750000000000005,47.56666666666667,-93.22499996666669
2003-12-11,0.20748347832875363,268.1125,259.2625,1.35,53.975,0.06625,0.0016550000000000002,5.137500000000001,47.56666666666667,-93.22499996666669
2003-12-19,0.20997797110500488,271.15,258.86249999999995,0.0,61.462500000000006,0.0875,0.0018300000000000002,4.2875,47.56666666666667,-93.22499996666669
2003-12-27,0.20498898555250245,271.16,263.24,1.34,40.96,0.07,0.002268,4.56,47.56666666666667,-93.22499996666669
2004-01-01,0.30000000000000004,262.34999999999997,250.0125,0.0,58.362500000000004,0.06625,0.0008962500000000002,4.6000000000000005,47.56666666666667,-93.22499996666669
2004-01-09,0.20498898555250245,264.5125,255.14999999999998,1.4625,42.4125,0.056249999999999994,0.0011837500000000003,3.75,47.56666666666667,-93.22499996666669
2004-01-17,0.20249449277625123,259.01249999999993,245.82500000000002,0.625,67.9125,0.045000000000000005,0.00063875,4.9875,47.56666666666667,-93.22499996666669
2004-01-25,0.20498898555250245,260.45,247.15,1.4375,81.85000000000001,0.0625,0.0007049999999999999,4.1875,47.56666666666667,-93.22499996666669
2004-02-02,0.15443577343321255,268.8875,256.57500000000005,0.7750000000000001,83.7,0.11625,0.0013312500000000002,4.625,47.56666666666667,-93.22499996666669
2004-02-10,0.10519051029730059,266.9125,251.75,0.05,104.725,0.105,0.0010125,4.475,47.56666666666667,-93.22499996666669
2004-02-18,0.10249449277625122,274.59999999999997,264.91249999999997,0.525,111.9,0.15625,0.00225125,3.3875,47.56666666666667,-93.22499996666669
2004-02-26,0.1,275.7625,266.45,1.1375000000000002,114.35,0.14750000000000002,0.00264125,4.275,47.56666666666667,-93.22499996666669
2004-03-05,0.10249449277625122,273.65000000000003,261.97499999999997,0.7250000000000001,120.18750000000001,0.1225,0.0021762500000000002,4.8625,47.56666666666667,-93.22499996666669
2004-03-13,0.10249449277625122,275.15000000000003,263.15,0.9500000000000001,155.8,0.14625000000000002,0.0022775,5.9875,47.56666666666667,-93.22499996666669
2004-03-21,0.2517397559121632,279.5875,266.25,1.9375,191.32500000000005,0.24125000000000002,0.0030675,4.925,47.56666666666667,-93.22499996666669
2004-03-29,0.40249449277625127,280.2125,267.1875,0.037500000000000006,204.5125,0.3325,0.00247875,4.1875,47.56666666666667,-93.22499996666669
2004-04-06,0.6024944927762512,280.3875,269.7875,0.2,153.98749999999998,0.41374999999999995,0.0024200000000000003,4.550000000000001,47.56666666666667,-93.22499996666669
2004-04-14,0.5024944927762511,286.85,272.62500000000006,2.7125000000000004,216.15000000000003,0.5225000000000001,0.0036750000000000003,4.925000000000001,47.56666666666667,-93.22499996666669
2004-04-22,0.8024944927762513,286.6125,271.2625,0.4625,233.925,0.615,0.0031600000000000005,5.4375,47.56666666666667,-93.22499996666669
2004-04-30,0.9024944927762513,284.15000000000003,270.98749999999995,0.1625,233.82500000000005,0.5037500000000001,0.00276375,5.125,47.56666666666667,-93.22499996666669
2004-05-08,1.0024944927762511,289.575,274.03749999999997,1.6750000000000003,247.31250000000003,0.6375,0.00450625,5.3125,47.56666666666667,-93.22499996666669
2004-05-16,1.3140620571637256,289.0,277.5125,3.3125,208.0,0.61,0.004662500000000001,4.6875,47.56666666666667,-93.22499996666669
2004-05-24,1.5713953728627859,289.1,277.6875,8.3125,220.47500000000002,0.52875,0.005220000000000001,5.25,47.56666666666667,-93.22499996666669
2004-06-01,2.119655616950623,295.875,282.9625,1.55,215.5875,0.82125,0.0077750000000000015,3.8750000000000004,47.56666666666667,-93.22499996666669
2004-06-09,2.576988932649683,294.3,281.3375,1.9000000000000001,242.3125,0.68125,0.0073437500000000005,5.050000000000001,47.56666666666667,-93.22499996666669
2004-06-17,3.5548388229228087,292.3875,276.8875,1.4625,261.25,0.6712500000000001,0.005591250000000001,5.3375,47.56666666666667,-93.22499996666669
2004-06-25,3.534904217907221,295.3875,279.58750000000003,0.4375,256.83750000000003,0.7325,0.007295,4.375,47.56666666666667,-93.22499996666669
2004-07-03,3.877973951697758,295.5625,283.1125,5.575,216.48749999999998,0.56375,0.00939375,3.9125000000000005,47.56666666666667,-93.22499996666669
2004-07-11,4.1218271797915715,299.48749999999995,286.7875,5.425,264.025,0.805,0.01096125,3.6125000000000003,47.56666666666667,-93.22499996666669
2004-07-19,4.514465106653322,298.3125,283.83750000000003,0.1875,262.775,0.88875,0.009145,4.0249999999999995,47.56666666666667,-93.22499996666669
2004-07-27,4.557131790954262,296.6,283.3,3.6750000000000007,234.27499999999998,0.6837500000000001,0.008927500000000001,3.825,47.56666666666667,-93.22499996666669
2004-08-04,4.261135757458689,292.2375,280.4125,3.575,179.8875,0.4075,0.0080125,4.300000000000001,47.56666666666667,-93.22499996666669
2004-08-12,4.217944618477649,293.3125,279.6125,0.43750000000000006,204.27499999999998,0.5475,0.0073100000000000005,4.5625,47.56666666666667,-93.22499996666669
2004-08-20,3.765801813075889,294.4,279.45,0.75,203.4875,0.5125,0.008286250000000002,5.0625,47.56666666666667,-93.22499996666669
2004-08-28,3.551941280656961,296.43749999999994,283.7875,4.325,186.1375,0.6725,0.009431250000000002,4.887500000000001,47.56666666666667,-93.22499996666669
2004-09-05,2.9113660396426764,294.65,283.01250000000005,8.299999999999999,166.5625,0.505,0.009126249999999999,5.225,47.56666666666667,-93.22499996666669
2004-09-13,2.3606113027785884,294.6125,283.1875,8.450000000000001,149.15,0.4875,0.00933625,6.7250000000000005,47.56666666666667,-93.22499996666669
2004-09-21,1.9086700221216268,291.93750000000006,280.05,1.6000000000000003,131.78750000000002,0.42375,0.007665000000000001,4.5,47.56666666666667,-93.22499996666669
2004-09-29,1.4569302662094636,287.6625,273.175,3.1500000000000004,149.6375,0.46625,0.0045875,5.5375000000000005,47.56666666666667,-93.22499996666669
2004-10-07,1.1544357734332125,288.45,276.9875,0.9125000000000001,122.92500000000001,0.42499999999999993,0.005635,4.775,47.56666666666667,-93.22499996666669
2004-10-15,0.8971024577341524,280.6,273.5,0.725,85.22500000000001,0.185,0.00436875,5.7250000000000005,47.56666666666667,-93.22499996666669
2004-10-23,0.6000000000000001,283.95000000000005,276.15000000000003,5.8375,72.18749999999999,0.16,0.0056387500000000005,4.325,47.56666666666667,-93.22499996666669
2004-10-31,0.5997984752552019,281.52500000000003,270.7,0.1,83.98750000000001,0.24375000000000002,0.0036475,4.5125,47.56666666666667,-93.22499996666669
2004-11-08,0.6024944927762512,277.72499999999997,266.425,0.0,82.775,0.24125000000000002,0.00239625,4.95,47.56666666666667,-93.22499996666669
2004-11-16,0.5480587193430386,278.8375,268.65000000000003,1.0625000000000002,65.75000000000001,0.1725,0.0033187500000000005,4.775,47.56666666666667,-93.22499996666669
2004-11-24,0.5478571945982406,272.22499999999997,265.11249999999995,0.1125,50.525,0.135,0.00206625,3.7500000000000004,47.56666666666667,-93.22499996666669
2004-12-02,0.45423424868841433,271.925,261.1125,1.0,48.86250000000001,0.09874999999999999,0.0020075,4.425000000000001,47.56666666666667,-93.22499996666669
2004-12-10,0.4022929680314531,268.70000000000005,257.6375,0.775,52.8875,0.09,0.00150125,6.000000000000001,47.56666666666667,-93.22499996666669
2004-12-18,0.6399706667798906,260.0,247.8125,0.6125,54.12500000000001,0.06749999999999999,0.0006437500000000001,5.575,47.56666666666667,-93.22499996666669
2004-12-26,0.451538231167365,269.85,256.71666666666664,3.4,44.73333333333334,0.08666666666666667,0.0015850000000000003,4.566666666666666,47.56666666666667,-93.22499996666669
2005-01-01,0.4351832059721863,261.1375,247.6125,1.725,70.775,0.05375,0.00074125,3.775000000000001,47.56666666666667,-93.22499996666669
2005-01-09,0.393421421165028,260.15,247.01250000000002,1.9,69.10000000000001,0.057499999999999996,0.0007700000000000002,4.1125,47.56666666666667,-93.22499996666669
2005-01-17,0.352846180150743,264.0625,251.62499999999997,1.7000000000000002,69.9125,0.0625,0.0010387500000000002,4.812500000000001,47.56666666666667,-93.22499996666669
2005-01-25,0.2542342486884144,270.68749999999994,259.07500000000005,0.6625000000000001,86.2,0.10250000000000001,0.0017525000000000002,4.7375,47.56666666666667,-93.22499996666669
2005-02-02,0.20249449277625123,271.6875,259.55,0.0,102.3125,0.12125,0.0018187500000000003,4.1375,47.56666666666667,-93.22499996666669
2005-02-10,0.1542342486884144,270.9875,259.425,0.7875000000000001,100.47500000000001,0.10999999999999999,0.0017900000000000001,4.4625,47.56666666666667,-93.22499996666669
2005-02-18,0.24654924561486258,269.12499999999994,254.43750000000003,0.65,107.325,0.11,0.0012525000000000001,2.9499999999999997,47.56666666666667,-93.22499996666669
2005-02-26,0.20347951182432633,272.7875,258.5625,0.25,132.25000000000003,0.16624999999999998,0.0015537500000000002,3.8000000000000003,47.56666666666667,-93.22499996666669
2005-03-06,0.24654924561486258,271.8,254.5625,0.6375000000000001,160.175,0.16624999999999998,0.00128375,4.6625,47.56666666666667,-93.22499996666669
2005-03-14,0.24675077035966075,273.875,260.36249999999995,0.1125,172.8625,0.21625,0.0014550000000000001,2.475,47.56666666666667,-93.22499996666669
2005-03-22,0.5490437383911138,279.7375,264.6875,0.0,180.17500000000004,0.315,0.002295,3.7500000000000004,47.56666666666667,-93.22499996666669
2005-03-30,0.49480948970269945,285.225,271.875,1.9875000000000003,191.075,0.49,0.0033174999999999997,4.9375,47.56666666666667,-93.22499996666669
2005-04-07,0.7465492456148626,290.375,274.5375,1.6750000000000003,228.75,0.7375,0.0038200000000000005,5.825000000000001,47.56666666666667,-93.22499996666669
2005-04-15,0.8465492456148626,291.68750000000006,275.54999999999995,0.275,247.36250000000007,0.80625,0.00442,5.2375,47.56666666666667,-93.22499996666669
2005-04-23,0.8542342486884145,280.4875,270.4875,1.3125,168.1,0.39000000000000007,0.0024925000000000004,4.6625000000000005,47.56666666666667,-93.22499996666669
2005-05-01,0.9490437383911138,288.11249999999995,273.8625,1.0375,232.83750000000003,0.65625,0.004081250000000001,5.525,47.56666666666667,-93.22499996666669
2005-05-09,1.0467507703596608,285.3625,275.97499999999997,3.1,192.1125,0.41625,0.004617500000000001,5.375,47.56666666666667,-93.22499996666669
2005-05-17,1.5686993553417365,292.17499999999995,281.47499999999997,2.7625,197.55,0.575,0.007011250000000001,5.325,47.56666666666667,-93.22499996666669
2005-05-25,2.0752779341767082,290.4875,280.35,8.062500000000002,211.0,0.535,0.00627625,3.7875,47.56666666666667,-93.22499996666669
2005-06-02,2.9704904733690043,295.425,283.43749999999994,4.8375,244.03750000000002,0.59875,0.008863750000000002,5.1625000000000005,47.56666666666667,-93.22499996666669
2005-06-10,3.680087999660328,294.09999999999997,284.04999999999995,4.237500000000001,219.7125,0.5587500000000001,0.008595000000000002,3.4125000000000005,47.56666666666667,-93.22499996666669
2005-06-18,4.123013723584444,299.1,286.04999999999995,1.8375000000000001,307.06250000000006,0.805,0.010557500000000001,4.8999999999999995,47.56666666666667,-93.22499996666669
2005-06-26,4.363387439853931,297.68750000000006,285.45,4.325,259.1875,0.6325,0.01061625,5.987500000000001,47.56666666666667,-93.22499996666669
2005-07-04,4.705270629851594,300.26249999999993,287.3125,2.225,276.79999999999995,0.8150000000000001,0.011813750000000001,4.725000000000001,47.56666666666667,-93.22499996666669
2005-07-12,4.3897978994742815,301.34999999999997,288.32500000000005,2.1999999999999997,266.825,0.9137500000000002,0.01226125,4.6375,47.56666666666667,-93.22499996666669
2005-07-20,4.600040101399577,298.525,284.3625,1.625,266.45000000000005,0.89,0.0092675,4.125,47.56666666666667,-93.22499996666669
2005-07-28,4.4023730875857465,299.8375,286.66249999999997,1.8125,256.77500000000003,0.82375,0.01131625,3.5875000000000004,47.56666666666667,-93.22499996666669
2005-08-05,4.34045383582378,299.29999999999995,284.35,1.925,226.33750000000003,0.905,0.009708750000000002,3.7500000000000004,47.56666666666667,-93.22499996666669
2005-08-13,3.3546146935020946,295.71250000000003,282.6125,2.575,203.3625,0.6012500000000001,0.008823750000000002,4.15,47.56666666666667,-93.22499996666669
2005-08-21,2.948138838897332,294.59999999999997,281.6,0.9500000000000001,204.58749999999998,0.5375,0.008498750000000001,4.775,47.56666666666667,-93.22499996666669
2005-08-29,3.1148455514670026,295.175,282.4875,0.5875,175.58750000000003,0.5475,0.009106250000000001,5.062500000000001,47.56666666666667,-93.22499996666669
2005-09-06,2.8461461961252663,297.53749999999997,283.69999999999993,5.1625,186.425,0.655,0.010052500000000002,4.975,47.56666666666667,-93.22499996666669
2005-09-14,2.342263634811344,295.3625,280.78749999999997,1.2875,178.3875,0.7025000000000001,0.007557500000000002,3.95,47.56666666666667,-93.22499996666669
2005-09-22,1.994406440213103,289.275,275.76250000000005,0.9625,148.6875,0.4075,0.0057625,4.687500000000001,47.56666666666667,-93.22499996666669
2005-09-30,1.402292968031453,289.75,277.2625,8.575,122.3375,0.43624999999999997,0.006845,5.6625,47.56666666666667,-93.22499996666669
2005-10-08,0.9948094897026993,286.41249999999997,274.41249999999997,0.9625,133.04999999999998,0.30375,0.005185,4.2,47.56666666666667,-93.22499996666669
2005-10-16,0.8505532121192899,282.52500000000003,272.65,0.5625,107.05,0.22999999999999998,0.00428375,4.375000000000001,47.56666666666667,-93.22499996666669
2005-10-24,0.5973039824789507,283.28749999999997,273.03749999999997,0.5625,95.68750000000001,0.2625,0.004315,3.6750000000000007,47.56666666666667,-93.22499996666669
2005-11-01,0.5542342486884144,281.675,272.73749999999995,2.1875,64.42500000000001,0.22000000000000003,0.004087500000000001,3.5875,47.56666666666667,-93.22499996666669
2005-11-09,0.40498898555250246,278.95,269.0625,4.2125,56.85,0.22375,0.0031575,6.3500000000000005,47.56666666666667,-93.22499996666669
2005-11-17,0.39979847525520185,271.0375,262.0375,0.6125,62.75,0.0475,0.00235875,5.3500000000000005,47.56666666666667,-93.22499996666669
2005-11-25,0.3542342486884144,267.3625,261.07500000000005,4.500000000000001,44.775000000000006,0.051250000000000004,0.0017800000000000001,4.325,47.56666666666667,-93.22499996666669
2005-12-03,0.2973039824789506,264.4,259.13750000000005,0.9375000000000001,46.1375,0.05375,0.0013662500000000003,4.8125,47.56666666666667,-93.22499996666669
2005-12-11,0.249245263135912,268.375,262.24999999999994,0.9375,51.025000000000006,0.05499999999999999,0.0020125000000000004,3.9999999999999996,47.56666666666667,-93.22499996666669
2005-12-19,0.20498898555250245,270.13750000000005,260.51250000000005,0.4,56.46250000000001,0.06,0.0020487500000000002,3.5750000000000006,47.56666666666667,-93.22499996666669
2005-12-27,0.1076850030735518,272.44,266.06,1.3199999999999998,51.14,0.066,0.002608,2.88,47.56666666666667,-93.22499996666669
2006-01-01,0.10249449277625122,272.725,264.2625,0.5125,56.81250000000001,0.07125000000000001,0.0024550000000000006,3.375,47.56666666666667,-93.22499996666669
2006-01-09,0.19979847525520184,272.73749999999995,264.525,0.25,64.78750000000001,0.07375000000000001,0.0024750000000000006,5.0375,47.56666666666667,-93.22499996666669
2006-01-17,0.15942475898571498,269.65,259.28749999999997,0.25,67.1125,0.0675,0.0017975000000000003,4.575,47.56666666666667,-93.22499996666669
2006-01-25,0.20229296803145305,272.57500000000005,262.8625,0.55,83.46249999999999,0.065,0.0023925,4.825000000000001,47.56666666666667,-93.22499996666669
2006-02-02,0.1567287414646656,268.2375,254.52499999999998,0.75,96.15,0.10124999999999999,0.0012000000000000001,4.3500000000000005,47.56666666666667,-93.22499996666669
2006-02-10,0.20249449277625123,264.95,251.82500000000002,0.07500000000000001,100.1,0.08250000000000002,0.0009875,4.3,47.56666666666667,-93.22499996666669
2006-02-18,0.1076850030735518,266.16249999999997,252.35,1.8375000000000001,122.775,0.08499999999999999,0.0010637500000000002,4.275,47.56666666666667,-93.22499996666669
2006-02-26,0.10249449277625122,272.5875,261.85,1.325,129.96249999999998,0.17124999999999999,0.0017362500000000004,3.525,47.56666666666667,-93.22499996666669
2006-03-06,0.20498898555250245,276.5125,266.575,1.1625,158.22500000000002,0.1775,0.0025712500000000006,4.0625,47.56666666666667,-93.22499996666669
2006-03-14,0.29979847525520187,273.6125,259.18750000000006,0.0,202.525,0.19124999999999998,0.0015000000000000002,4.1375,47.56666666666667,-93.22499996666669
2006-03-22,0.5024944927762511,278.75,268.375,0.0,173.79999999999998,0.25875,0.0027150000000000004,3.8750000000000004,47.56666666666667,-93.22499996666669
2006-03-30,0.6049889855525025,280.7625,268.59999999999997,3.6625,180.7625,0.32,0.0029850000000000002,4.5875,47.56666666666667,-93.22499996666669
2006-04-07,0.7049889855525024,290.4,274.4375,0.05,247.55,0.79,0.00394125,4.8875,47.56666666666667,-93.22499996666669
2006-04-15,0.8049889855525025,292.1375,277.6625,2.025,219.3125,0.8637500000000001,0.00436,4.75,47.56666666666667,-93.22499996666669
2006-04-23,0.8836223701289055,289.525,275.25,2.2125,213.9625,0.6825,0.00407375,5.3500000000000005,47.56666666666667,-93.22499996666669
2006-05-01,1.102292968031453,289.59999999999997,277.45,2.75,214.97500000000005,0.585,0.005251250000000001,5.1875,47.56666666666667,-93.22499996666669
2006-05-09,1.559424758985715,287.67499999999995,277.925,4.9750000000000005,189.47500000000002,0.4325,0.005637500000000001,5.712500000000001,47.56666666666667,-93.22499996666669
2006-05-17,1.822150109726874,290.9375,277.21250000000003,1.1625,272.92500000000007,0.6725,0.0052762500000000006,4.5625,47.56666666666667,-93.22499996666669
2006-05-25,2.6729048465909617,300.34999999999997,286.5625,2.1250000000000004,291.8625,1.1125,0.0096725,4.525,47.56666666666667,-93.22499996666669
2006-06-02,3.2184690731577494,296.775,282.72499999999997,4.4,268.475,0.7662500000000001,0.008512500000000001,4.3125,47.56666666666667,-93.22499996666669
2006-06-10,3.574292915128633,296.7375,281.98749999999995,0.55,258.925,0.6900000000000001,0.00898125,3.85,47.56666666666667,-93.22499996666669
2006-06-18,3.714263581908524,296.97499999999997,283.48749999999995,1.2625000000000002,274.45,0.82375,0.008247500000000001,4.4125000000000005,47.56666666666667,-93.22499996666669
2006-06-26,4.0168930528833195,298.3625,284.34999999999997,3.6750000000000007,271.96250000000003,0.87375,0.009097500000000001,4.2875,47.56666666666667,-93.22499996666669
2006-07-04,3.9741598220361256,299.025,283.9,0.5625,292.8125,0.8649999999999999,0.009523750000000001,4.45,47.56666666666667,-93.22499996666669
2006-07-12,4.298490526271824,304.2,288.6,0.675,290.325,1.3699999999999999,0.01153375,4.5625,47.56666666666667,-93.22499996666669
2006-07-20,4.14156026006236,302.2375,287.125,0.5125000000000001,277.9875,1.3325,0.0096275,3.0500000000000003,47.56666666666667,-93.22499996666669
2006-07-28,4.249648312625508,302.02500000000003,288.975,4.7125,239.22500000000002,1.02875,0.012307500000000002,3.7625,47.56666666666667,-93.22499996666669
2006-08-05,4.02419761114319,299.32500000000005,284.1875,0.125,247.1125,0.7374999999999999,0.010467500000000001,5.075,47.56666666666667,-93.22499996666669
2006-08-13,4.005795084531695,297.4875,283.1625,6.3125,215.28750000000005,0.6125,0.01005,4.3500000000000005,47.56666666666667,-93.22499996666669
2006-08-21,3.4173626489191693,297.8625,282.61249999999995,0.0,224.8875,0.82875,0.00851,3.9,47.56666666666667,-93.22499996666669
2006-08-29,3.109073071611223,297.28749999999997,281.175,0.7250000000000001,195.26250000000002,0.79625,0.008088750000000002,3.9375,47.56666666666667,-93.22499996666669
2006-09-06,2.6559452471613887,294.07500000000005,278.50000000000006,0.0,191.525,0.76375,0.006375000000000001,3.2875000000000005,47.56666666666667,-93.22499996666669
2006-09-14,2.1480587193430387,291.13750000000005,277.3125,6.075,144.0375,0.41500000000000004,0.007175000000000001,5.8125,47.56666666666667,-93.22499996666669
2006-09-22,1.508871546866425,286.15000000000003,275.775,1.6125,99.3125,0.2225,0.005888750000000001,4.950000000000001,47.56666666666667,-93.22499996666669
2006-09-30,0.976922386103429,291.5625,276.7125,1.1625,151.4625,0.64,0.005447500000000001,5.3500000000000005,47.56666666666667,-93.22499996666669
2006-10-08,0.7517397559121632,280.325,269.85,1.5250000000000001,113.275,0.2775,0.0032100000000000006,6.950000000000001,47.56666666666667,-93.22499996666669
2006-10-16,0.6997984752552018,276.6125,270.1625,2.4,71.48750000000001,0.095,0.0035287500000000006,4.6499999999999995,47.56666666666667,-93.22499996666669
2006-10-24,0.5946079649579012,279.5125,268.2125,0.0,94.075,0.2475,0.0028987500000000003,4.675000000000001,47.56666666666667,-93.22499996666669
2006-11-01,0.4917104226920537,279.09999999999997,270.075,0.6000000000000001,57.45,0.25375000000000003,0.0033012500000000004,4.737500000000001,47.56666666666667,-93.22499996666669
2006-11-09,0.4997984752552018,275.43749999999994,267.35,0.3375,75.15,0.165,0.0025712500000000006,4.637500000000001,47.56666666666667,-93.22499996666669
2006-11-17,0.5022929680314531,276.875,268.0625,0.0,65.45,0.17375000000000002,0.00286375,4.325,47.56666666666667,-93.22499996666669
2006-11-25,0.5024944927762511,271.3625,262.71250000000003,1.9875000000000003,52.8875,0.10125,0.0020375000000000002,4.7,47.56666666666667,-93.22499996666669
2006-12-03,0.5492452631359119,268.84999999999997,258.825,0.2375,53.725,0.10625000000000001,0.00151375,5.0125,47.56666666666667,-93.22499996666669
2006-12-11,0.5892159299158025,274.3125,266.2125,0.4,51.325,0.10125,0.00268875,4.500000000000001,47.56666666666667,-93.22499996666669
2006-12-19,0.6478571945982405,273.2875,262.7125,0.05,58.7625,0.12125,0.0021150000000000006,3.7250000000000005,47.56666666666667,-93.22499996666669
2006-12-27,0.451538231167365,273.54,263.42,4.460000000000001,51.06,0.05800000000000001,0.002724,2.96,47.56666666666667,-93.22499996666669
2007-01-01,0.3490437383911138,272.2875,262.46250000000003,0.5,66.075,0.09124999999999998,0.0021775,4.800000000000001,47.56666666666667,-93.22499996666669
2007-01-09,0.3544357734332126,262.325,251.74999999999997,0.0,71.83749999999999,0.06125,0.00089875,4.9125,47.56666666666667,-93.22499996666669
2007-01-17,0.35153823116736505,266.6875,255.2625,0.037500000000000006,71.17500000000001,0.07250000000000001,0.001235,4.725,47.56666666666667,-93.22499996666669
2007-01-25,0.3049889855525024,264.72499999999997,253.0625,0.0,77.575,0.07749999999999999,0.00100875,4.812500000000001,47.56666666666667,-93.22499996666669
2007-02-02,0.30249449277625123,255.9875,244.925,0.0,94.48750000000001,0.0575,0.00035000000000000005,4.9,47.56666666666667,-93.22499996666669
2007-02-10,0.29979847525520187,262.45,249.43750000000003,0.0,111.375,0.08625000000000001,0.0006425000000000001,4.2250000000000005,47.56666666666667,-93.22499996666669
2007-02-18,0.29979847525520187,271.9,260.2,1.0375,103.10000000000001,0.16375,0.0015512500000000001,5.500000000000001,47.56666666666667,-93.22499996666669
2007-02-26,0.30249449277625123,271.25,259.75,0.9375,129.65,0.16125,0.0015012500000000002,5.3,47.56666666666667,-93.22499996666669
2007-03-06,0.30249449277625123,275.27500000000003,262.20000000000005,0.11250000000000002,167.5,0.175,0.00220875,4.3875,47.56666666666667,-93.22499996666669
2007-03-14,0.4051905102973006,275.525,263.1375,0.7375,157.86249999999998,0.19499999999999998,0.0020587500000000002,5.1000000000000005,47.56666666666667,-93.22499996666669
2007-03-22,0.5517397559121632,286.86249999999995,273.76250000000005,2.0500000000000003,176.13750000000002,0.54875,0.00391,4.8375,47.56666666666667,-93.22499996666669
2007-03-30,0.7024944927762512,274.53749999999997,263.9625,2.2375000000000003,140.6,0.20249999999999996,0.0021400000000000004,6.637499999999999,47.56666666666667,-93.22499996666669
2007-04-07,0.7517397559121632,277.26249999999993,263.13750000000005,0.0,233.88750000000002,0.31000000000000005,0.0017350000000000002,4.25,47.56666666666667,-93.22499996666669
2007-04-15,0.7921134721816501,291.55,274.24999999999994,5.6000000000000005,252.0875,0.785,0.004056250000000001,4.275,47.56666666666667,-93.22499996666669
2007-04-23,0.8890144051710043,292.9875,276.61249999999995,0.07500000000000001,268.5875,1.01,0.0036487500000000005,3.8625000000000003,47.56666666666667,-93.22499996666669
2007-05-01,1.0542342486884144,291.5375,278.2375,0.7625000000000001,227.1,0.7225,0.005217500000000001,6.3625,47.56666666666667,-93.22499996666669
2007-05-09,1.199798475255202,293.525,279.475,0.17500000000000002,261.75,0.8575,0.005645000000000001,4.750000000000001,47.56666666666667,-93.22499996666669
2007-05-17,1.6569302662094638,293.8125,278.17499999999995,4.3125,264.375,0.7025000000000001,0.006562500000000001,6.362500000000001,47.56666666666667,-93.22499996666669
2007-05-25,1.9453627018219892,295.38750000000005,281.6375,3.4,247.58749999999998,0.7925000000000001,0.0074487500000000005,5.4,47.56666666666667,-93.22499996666669
2007-06-02,2.650754736864088,293.875,280.8,4.975,232.10000000000002,0.56125,0.007797500000000001,5.4,47.56666666666667,-93.22499996666669
2007-06-10,3.5511577863536843,300.87500000000006,286.1375,5.1375,277.77500000000003,0.9675,0.010600000000000002,5.0375000000000005,47.56666666666667,-93.22499996666669
2007-06-18,3.9079666473726435,299.575,284.3625,0.3125,282.175,0.9675,0.0093675,5.4625,47.56666666666667,-93.22499996666669
2007-06-26,4.246629365169156,296.925,283.525,0.21250000000000002,250.87499999999997,0.7362499999999998,0.009036250000000001,3.8999999999999995,47.56666666666667,-93.22499996666669
2007-07-04,4.400281644299092,298.48750000000007,284.21250000000003,1.725,276.12500000000006,0.8312500000000002,0.009678750000000002,5.075,47.56666666666667,-93.22499996666669
2007-07-12,4.294889609256993,296.6875,283.1625,0.9000000000000001,265.96250000000003,0.7825,0.00843375,4.1125,47.56666666666667,-93.22499996666669
2007-07-20,4.188109505677223,303.1125,287.95,4.4375,270.1125,1.105,0.0122525,4.112500000000001,47.56666666666667,-93.22499996666669
2007-07-28,4.351819875466457,301.83750000000003,285.4625,0.0,274.1375,1.2612500000000002,0.009392500000000002,4.75,47.56666666666667,-93.22499996666669
2007-08-05,4.254717417732304,300.725,285.88750000000005,0.7125,247.15,1.02875,0.010237500000000002,3.9875000000000007,47.56666666666667,-93.22499996666669
2007-08-13,4.154515892987506,295.075,280.29999999999995,0.1625,230.70000000000002,0.6587500000000001,0.007710000000000001,5.0,47.56666666666667,-93.22499996666669
2007-08-21,3.7585198594919333,295.575,283.46250000000003,2.6875,183.7125,0.45625,0.00998125,4.749999999999999,47.56666666666667,-93.22499996666669
2007-08-29,3.3040840860587206,299.0625,282.45,0.1625,217.2375,0.9712500000000002,0.008582500000000002,4.8125,47.56666666666667,-93.22499996666669
2007-09-06,2.963508845044436,288.175,277.9375,9.575000000000001,153.0625,0.305,0.006622500000000001,5.175000000000001,47.56666666666667,-93.22499996666669
2007-09-14,1.9546372981780107,291.3625,278.12500000000006,7.012500000000001,151.15,0.36875,0.0076500000000000005,5.650000000000001,47.56666666666667,-93.22499996666669
2007-09-22,1.4490437383911137,291.9375,279.2625,1.5625,151.5625,0.41374999999999995,0.0075937500000000015,5.9125,47.56666666666667,-93.22499996666669
2007-09-30,0.9973039824789505,292.1125,281.175,2.475,129.8375,0.44375,0.00779125,4.975,47.56666666666667,-93.22499996666669
2007-10-08,0.7480587193430386,282.8625,274.76250000000005,3.0625000000000004,103.1875,0.20875000000000002,0.0047887500000000005,4.3875,47.56666666666667,-93.22499996666669
2007-10-16,0.7517397559121632,284.375,276.72499999999997,8.775,73.35000000000001,0.18375,0.005735,4.987500000000001,47.56666666666667,-93.22499996666669
2007-10-24,0.5997984752552019,283.975,271.5125,0.0,106.3,0.35875,0.0036924999999999996,5.25,47.56666666666667,-93.22499996666669
2007-11-01,0.5971024577341526,278.1,269.79999999999995,0.08750000000000001,70.4375,0.27125000000000005,0.0026675,4.8,47.56666666666667,-93.22499996666669
2007-11-09,0.5946079649579012,276.90000000000003,269.6,0.875,53.550000000000004,0.19,0.0029350000000000005,5.237500000000001,47.56666666666667,-93.22499996666669
2007-11-17,0.4997984752552018,272.05,264.9,0.2,56.37500000000001,0.09875000000000002,0.0023125000000000003,4.525,47.56666666666667,-93.22499996666669
2007-11-25,0.3517397559121632,265.8125,259.25,0.1875,45.68750000000001,0.06875,0.0014475000000000002,5.375,47.56666666666667,-93.22499996666669
2007-12-03,0.3973039824789506,262.7875,250.51250000000002,3.125,60.2625,0.045,0.00098,3.975,47.56666666666667,-93.22499996666669
2007-12-11,0.2517397559121632,265.425,252.72500000000002,0.0,59.949999999999996,0.05500000000000001,0.0011925,4.075,47.56666666666667,-93.22499996666669
2007-12-19,0.2,269.6375,261.175,0.2875,51.5125,0.049999999999999996,0.00200125,4.7375,47.56666666666667,-93.22499996666669
2007-12-27,0.19730398247895065,267.86,260.88,0.6,41.42,0.05800000000000001,0.001734,2.96,47.56666666666667,-93.22499996666669
2008-01-01,0.19730398247895065,269.375,258.2375,0.05,62.6,0.10375,0.0015650000000000002,5.35,47.56666666666667,-93.22499996666669
2008-01-09,0.15693026620946376,268.5,258.475,0.25,53.2,0.10124999999999999,0.0014325000000000002,4.0,47.56666666666667,-93.22499996666669
2008-01-17,0.2,257.45,244.2,0.0,82.23750000000001,0.055,0.00045250000000000005,4.325,47.56666666666667,-93.22499996666669
2008-01-25,0.10249449277625122,266.575,250.65,0.2,86.92500000000001,0.10124999999999999,0.0010450000000000001,5.625,47.56666666666667,-93.22499996666669
2008-02-02,0.1,270.38750000000005,256.0625,0.037500000000000006,90.61250000000001,0.12375,0.0013787500000000002,4.025,47.56666666666667,-93.22499996666669
2008-02-10,0.10249449277625122,262.7,248.2125,0.625,110.10000000000001,0.08125,0.00080375,4.8875,47.56666666666667,-93.22499996666669
2008-02-18,0.10249449277625122,266.4,252.10000000000002,0.0,125.2125,0.11000000000000001,0.0009812500000000001,4.262500000000001,47.56666666666667,-93.22499996666669
2008-02-26,0.10249449277625122,270.6,256.05,0.0,126.01250000000002,0.1375,0.00130125,5.075,47.56666666666667,-93.22499996666669
2008-03-05,0.2,269.46250000000003,256.22499999999997,0.6000000000000001,145.03750000000002,0.135,0.0013400000000000003,4.45,47.56666666666667,-93.22499996666669
2008-03-13,0.19730398247895065,275.23749999999995,263.95,0.3125,145.9875,0.195,0.0020587500000000002,4.325000000000001,47.56666666666667,-93.22499996666669
2008-03-21,0.20249449277625123,274.65,261.7125,0.17500000000000002,182.33750000000003,0.195,0.0017875,4.262500000000001,47.56666666666667,-93.22499996666669
2008-03-29,0.49460796495790127,278.9125,266.97499999999997,1.125,189.35000000000002,0.2825,0.00246375,5.2875,47.56666666666667,-93.22499996666669
2008-04-06,0.5,277.375,267.1875,4.2,193.15,0.235,0.00245625,5.425,47.56666666666667,-93.22499996666669
2008-04-14,0.5973039824789507,288.275,273.6875,3.0250000000000004,234.975,0.6150000000000001,0.0038525000000000005,5.1125,47.56666666666667,-93.22499996666669
2008-04-22,0.6517397559121632,282.525,271.07500000000005,5.7,193.775,0.42125000000000007,0.00309875,5.100000000000001,47.56666666666667,-93.22499996666669
2008-04-30,0.7973039824789506,286.27500000000003,271.8,2.1375,230.5,0.53125,0.00337125,5.050000000000001,47.56666666666667,-93.22499996666669
2008-05-08,1.0024944927762511,287.1875,273.85,2.8625000000000003,213.3875,0.51375,0.00400625,4.25,47.56666666666667,-93.22499996666669
2008-05-16,1.1428682090457383,289.13750000000005,275.84999999999997,0.2375,247.40000000000003,0.6549999999999999,0.004152500000000001,4.95,47.56666666666667,-93.22499996666669
2008-05-24,1.6028975422658476,293.0875,277.225,2.6,256.0375,0.73875,0.005497500000000001,4.5125,47.56666666666667,-93.22499996666669
2008-06-01,1.8679158610384594,293.36249999999995,280.15000000000003,4.675,230.13750000000002,0.63,0.006966250000000001,4.775,47.56666666666667,-93.22499996666669
2008-06-09,2.6075060830046697,291.375,279.9875,3.4375,212.55,0.46499999999999997,0.007068750000000001,5.3500000000000005,47.56666666666667,-93.22499996666669
2008-06-17,3.0004030494895964,296.92499999999995,282.4125,0.0,273.82500000000005,0.8775000000000001,0.0076725000000000005,3.7875,47.56666666666667,-93.22499996666669
2008-06-25,3.4658244177518043,297.375,284.3625,5.0125,258.975,0.7425,0.0094275,4.9125,47.56666666666667,-93.22499996666669
2008-07-03,3.5896189794053988,296.92499999999995,283.2125,0.275,281.02500000000003,0.59875,0.00973625,4.550000000000001,47.56666666666667,-93.22499996666669
2008-07-11,3.8584623446135558,297.8125,284.6125,5.175000000000001,268.075,0.6975,0.00995375,4.9125000000000005,47.56666666666667,-93.22499996666669
2008-07-19,4.104487135548317,297.45,284.2125,2.1125000000000003,256.2375,0.6799999999999999,0.0096575,3.9000000000000004,47.56666666666667,-93.22499996666669
2008-07-27,4.113695185358084,298.7875,285.6375,0.8875000000000001,258.8125,0.7450000000000001,0.010467500000000001,3.8625000000000003,47.56666666666667,-93.22499996666669
2008-08-04,4.236168225020261,297.125,282.925,0.25,248.0,0.7375,0.008760000000000002,3.4375000000000004,47.56666666666667,-93.22499996666669
2008-08-12,4.045497680020533,298.9,284.11249999999995,0.5750000000000001,220.37500000000003,0.7562500000000001,0.010157500000000002,3.6750000000000003,47.56666666666667,-93.22499996666669
2008-08-20,4.230776189978163,298.05,282.5625,1.4375,225.47500000000002,0.7612500000000001,0.009378750000000002,6.387500000000001,47.56666666666667,-93.22499996666669
2008-08-28,3.953530873939431,296.59999999999997,281.79999999999995,1.2375,189.88750000000002,0.7350000000000001,0.008676250000000002,5.737500000000001,47.56666666666667,-93.22499996666669
2008-09-05,3.312172138621869,289.32500000000005,278.1875,2.6625,147.4625,0.33375,0.006722500000000001,3.7250000000000005,47.56666666666667,-93.22499996666669
2008-09-13,2.762725350741159,292.07500000000005,278.6625000000001,1.3375,145.26250000000002,0.4925,0.00725,4.55,47.56666666666667,-93.22499996666669
2008-09-21,2.04944678788071,293.42500000000007,280.95,6.925,155.75,0.39625000000000005,0.008703750000000001,6.050000000000001,47.56666666666667,-93.22499996666669
2008-09-29,1.3519412806569613,286.0375,275.3375,0.625,125.65000000000002,0.3175,0.0050975000000000005,4.6875,47.56666666666667,-93.22499996666669
2008-10-07,1.2000000000000002,287.1,276.52500000000003,6.9750000000000005,86.65,0.22499999999999998,0.0063412500000000005,4.9125000000000005,47.56666666666667,-93.22499996666669
2008-10-15,0.6892159299158025,283.2875,273.04999999999995,0.05,112.525,0.30375,0.00403625,4.55,47.56666666666667,-93.22499996666669
2008-10-23,0.5997984752552019,282.2,272.375,0.6000000000000001,90.1875,0.3325,0.0035562500000000004,5.2749999999999995,47.56666666666667,-93.22499996666669
2008-10-31,0.5,286.3125,275.98749999999995,4.5375000000000005,74.075,0.35625000000000007,0.0051675,5.0625,47.56666666666667,-93.22499996666669
2008-11-08,0.49460796495790127,273.25,266.625,0.17500000000000002,58.325,0.12125,0.0024512500000000003,5.275,47.56666666666667,-93.22499996666669
2008-11-16,0.44805871934303865,268.2,260.8875,0.0,57.2,0.09000000000000001,0.0016000000000000003,5.0375000000000005,47.56666666666667,-93.22499996666669
2008-11-24,0.40249449277625127,269.35,261.40000000000003,0.1125,48.6625,0.0675,0.00185375,3.7125,47.56666666666667,-93.22499996666669
2008-12-02,0.4426666843009399,264.8375,254.025,0.07500000000000001,55.0,0.065,0.00112625,5.1125,47.56666666666667,-93.22499996666669
2008-12-10,0.34805871934303867,260.5625,249.01250000000002,2.7375000000000003,44.800000000000004,0.04250000000000001,0.0008275000000000001,5.512500000000001,47.56666666666667,-93.22499996666669
2008-12-18,0.29211347218165007,261.67499999999995,247.96249999999998,1.4875,53.225,0.04375,0.00082875,4.5375000000000005,47.56666666666667,-93.22499996666669
2008-12-26,0.19979847525520184,263.71666666666664,250.4166666666667,0.4166666666666667,57.550000000000004,0.05333333333333334,0.0010816666666666668,4.433333333333334,47.56666666666667,-93.22499996666669
2009-01-01,0.15173975591216318,264.1875,250.475,1.9375000000000002,51.425000000000004,0.07500000000000001,0.0008862500000000002,4.3375,47.56666666666667,-93.22499996666669
2009-01-09,0.19730398247895065,258.6125,241.7375,0.08750000000000001,78.0625,0.056249999999999994,0.0005137500000000001,3.9875000000000007,47.56666666666667,-93.22499996666669
2009-01-17,0.10249449277625122,266.28749999999997,252.0375,0.0,75.925,0.0925,0.0010537500000000002,4.262500000000001,47.56666666666667,-93.22499996666669
2009-01-25,0.10249449277625122,263.73749999999995,248.71249999999998,0.08750000000000001,90.85,0.08625000000000001,0.0008725000000000001,5.1499999999999995,47.56666666666667,-93.22499996666669
2009-02-02,0.09979847525520183,268.775,253.89999999999998,0.7250000000000001,81.85,0.08374999999999999,0.0014225000000000002,5.2875000000000005,47.56666666666667,-93.22499996666669
2009-02-10,0.10249449277625122,270.0125,260.6125,2.025,64.775,0.08375,0.00184125,3.95,47.56666666666667,-93.22499996666669
2009-02-18,0.10249449277625122,267.02500000000003,253.23750000000004,0.375,111.03750000000001,0.07875,0.0011637500000000003,4.3375,47.56666666666667,-93.22499996666669
2009-02-26,0.1,268.1875,253.27499999999998,0.30000000000000004,145.525,0.11125,0.0012000000000000001,4.675,47.56666666666667,-93.22499996666669
2009-03-06,0.15173975591216318,271.59999999999997,257.5125,1.075,165.06250000000003,0.14125,0.0015812500000000002,5.2625,47.56666666666667,-93.22499996666669
2009-03-14,0.249245263135912,279.4875,266.25,0.35000000000000003,193.54999999999998,0.2975,0.00247625,4.7625,47.56666666666667,-93.22499996666669
2009-03-22,0.3517397559121632,275.625,267.27500000000003,9.15,126.27500000000002,0.19625,0.00244625,5.25,47.56666666666667,-93.22499996666669
2009-03-30,0.5973039824789507,275.3,267.58750000000003,2.0375,136.05,0.18625,0.00241125,4.887500000000001,47.56666666666667,-93.22499996666669
2009-04-07,0.5997984752552019,283.1625,269.3125,0.0,233.08750000000003,0.48875,0.0024300000000000003,4.1625000000000005,47.56666666666667,-93.22499996666669
2009-04-15,0.6997984752552018,287.8,274.3,0.05,217.7375,0.6712499999999999,0.0034425000000000002,4.775,47.56666666666667,-93.22499996666669
2009-04-23,0.8973039824789506,287.6875,273.625,4.6875,216.875,0.59125,0.00375375,5.3875,47.56666666666667,-93.22499996666669
2009-05-01,0.8877064561876264,289.01250000000005,275.15,1.0375,232.95000000000002,0.6575,0.00409125,4.824999999999999,47.56666666666667,-93.22499996666669
2009-05-09,1.1024944927762514,287.1875,273.8,4.5,231.12500000000003,0.51875,0.004123750000000001,6.175,47.56666666666667,-93.22499996666669
2009-05-17,1.2374761740036393,292.6625,275.0625,0.3125,279.22499999999997,0.7525000000000001,0.0049450000000000015,4.9750000000000005,47.56666666666667,-93.22499996666669
2009-05-25,1.6490437383911138,291.2125,276.65,1.3125,235.75000000000003,0.655,0.0050675,4.4375,47.56666666666667,-93.22499996666669
2009-06-02,2.2090730716112232,288.475,276.2625,3.0875000000000004,222.0875,0.4725,0.005141250000000001,4.362500000000001,47.56666666666667,-93.22499996666669
2009-06-10,2.646750770359661,295.1125,281.675,0.7125000000000001,240.71250000000006,0.77375,0.007243750000000001,3.5250000000000004,47.56666666666667,-93.22499996666669
2009-06-18,3.504084086058721,300.975,287.16249999999997,4.7625,270.1125,1.04,0.01055875,3.55,47.56666666666667,-93.22499996666669
2009-06-26,3.810403625270517,292.8375,283.0125,0.5,173.52500000000003,0.49624999999999997,0.008396250000000001,5.8875,47.56666666666667,-93.22499996666669
2009-07-04,3.912172138621869,295.9375,281.5125,0.325,293.35,0.71375,0.007926250000000001,4.8,47.56666666666667,-93.22499996666669
2009-07-12,3.586050316358903,293.225,281.2,2.5625000000000004,215.77500000000003,0.55125,0.007693750000000001,5.2,47.56666666666667,-93.22499996666669
2009-07-20,3.670075735977405,298.2,284.3125,3.6500000000000004,232.0,0.78125,0.009496250000000001,4.8125,47.56666666666667,-93.22499996666669
2009-07-28,3.440172191524689,293.1125,280.4125,2.1750000000000003,209.28750000000002,0.47875000000000006,0.007803750000000001,4.6625000000000005,47.56666666666667,-93.22499996666669
2009-08-05,4.1388642425413105,297.1375,284.275,1.7125000000000001,216.0,0.66625,0.009965,3.625000000000001,47.56666666666667,-93.22499996666669
2009-08-13,3.938864242541311,297.3,284.9125,8.0625,192.91250000000002,0.735,0.010502500000000001,5.7125,47.56666666666667,-93.22499996666669
2009-08-21,4.082918995379922,294.8625,282.91249999999997,1.7750000000000001,216.9125,0.45500000000000007,0.009458750000000002,4.5875,47.56666666666667,-93.22499996666669
2009-08-29,3.897908556713345,294.4375,279.2625,0.0,209.375,0.6275000000000001,0.007337500000000001,3.9125000000000005,47.56666666666667,-93.22499996666669
2009-09-06,3.3376776987484376,298.69999999999993,284.65000000000003,0.5625,184.96249999999998,0.72375,0.01029375,3.7,47.56666666666667,-93.22499996666669
2009-09-14,3.0521428054017594,297.77500000000003,284.0125,0.325,171.38750000000002,0.7162499999999999,0.009580000000000002,3.8750000000000004,47.56666666666667,-93.22499996666669
2009-09-22,2.399216505696723,290.5125,278.9625,1.1125000000000003,146.6125,0.37125,0.007638750000000001,4.862500000000001,47.56666666666667,-93.22499996666669
2009-09-30,1.2611357574586892,283.45,275.4375,1.3875000000000002,99.63750000000002,0.21625000000000003,0.005025,5.075,47.56666666666667,-93.22499996666669
2009-10-08,1.2480587193430388,276.01250000000005,270.5625,0.7375,80.2,0.15625000000000003,0.0030724999999999997,3.687500000000001,47.56666666666667,-93.22499996666669
2009-10-16,0.9844284691080982,279.3375,272.0875,3.1500000000000004,94.15,0.1275,0.0041425,4.075,47.56666666666667,-93.22499996666669
2009-10-24,0.5024944927762511,279.5625,272.3625,5.7125,58.325,0.08375,0.004548750000000001,4.7375,47.56666666666667,-93.22499996666669
2009-11-01,0.5453627018219893,279.95,269.675,0.65,76.28750000000001,0.21625,0.0034087500000000008,4.7125,47.56666666666667,-93.22499996666669
2009-11-09,0.54266668430094,282.35,271.725,2.9000000000000004,67.78750000000001,0.26875000000000004,0.003843750000000001,4.7250000000000005,47.56666666666667,-93.22499996666669
2009-11-17,0.4997984752552018,280.7125,270.5375,1.1875,58.6,0.1575,0.0039775,3.8625000000000003,47.56666666666667,-93.22499996666669
2009-11-25,0.44556422656678746,273.5375,265.98750000000007,0.2625,54.35,0.08500000000000002,0.0026249999999999997,4.0,47.56666666666667,-93.22499996666669
2009-12-03,0.40249449277625127,262.6875,257.41249999999997,0.225,48.5625,0.05875,0.0011450000000000002,4.25,47.56666666666667,-93.22499996666669
2009-12-11,0.30249449277625123,260.575,251.08749999999998,0.037500000000000006,48.43750000000001,0.043750000000000004,0.0008600000000000001,3.7625000000000006,47.56666666666667,-93.22499996666669
2009-12-19,0.25693026620946374,268.4125,260.8875,2.3375000000000004,38.6375,0.055,0.00185,3.8375,47.56666666666667,-93.22499996666669
2009-12-27,0.15173975591216318,262.53999999999996,251.5,0.12000000000000002,52.34000000000001,0.041999999999999996,0.0010120000000000003,5.14,47.56666666666667,-93.22499996666669
2010-01-01,0.14556422656678747,258.2875,243.05,0.0,70.2625,0.0475,0.0005125,3.975,47.56666666666667,-93.22499996666669
2010-01-09,0.2,269.8875,257.17499999999995,0.0,76.1125,0.1325,0.0014000000000000002,4.975,47.56666666666667,-93.22499996666669
2010-01-17,0.1,272.45000000000005,266.5,2.35,72.72500000000001,0.14875,0.0021725,4.275,47.56666666666667,-93.22499996666669
2010-01-25,0.053450754385137425,261.225,247.48750000000004,0.21250000000000002,85.40000000000002,0.05125,0.00075125,4.5625,47.56666666666667,-93.22499996666669
2010-02-02,0.1,267.7375,256.0625,0.1625,80.60000000000001,0.07250000000000001,0.001425,3.3875,47.56666666666667,-93.22499996666669
2010-02-10,0.14805871934303866,271.3,254.5125,0.1,119.15000000000002,0.16125,0.0012175,4.312500000000001,47.56666666666667,-93.22499996666669
2010-02-18,0.15443577343321255,271.41249999999997,253.01250000000002,0.125,123.85000000000001,0.14375,0.0013025,3.0375,47.56666666666667,-93.22499996666669
2010-02-26,0.30249449277625123,277.9875,258.8,0.0,165.0625,0.27375,0.00171875,2.825,47.56666666666667,-93.22499996666669
2010-03-06,0.5,281.07500000000005,272.975,1.7375,130.63750000000002,0.35749999999999993,0.0031537500000000003,3.225,47.56666666666667,-93.22499996666669
2010-03-14,0.6973039824789506,282.8875,269.7625,0.17500000000000002,146.05,0.40625,0.0030675000000000008,4.675000000000001,47.56666666666667,-93.22499996666669
2010-03-22,0.6997984752552018,281.7,266.35,0.4,187.2,0.43499999999999994,0.0021625,5.387500000000001,47.56666666666667,-93.22499996666669
2010-03-30,0.7453627018219893,289.72499999999997,273.16249999999997,0.275,214.2875,0.71375,0.0036187500000000004,5.4624999999999995,47.56666666666667,-93.22499996666669
2010-04-07,0.8455642265667875,287.3,271.78749999999997,0.2,210.90000000000003,0.6725,0.0029387500000000004,5.125,47.56666666666667,-93.22499996666669
2010-04-15,0.7909269283887768,290.59999999999997,271.61249999999995,0.0,278.6875,0.8187500000000001,0.0030337500000000004,4.425000000000001,47.56666666666667,-93.22499996666669
2010-04-23,0.7917104226920537,289.5125,275.75,3.1500000000000004,214.225,0.6775,0.004126250000000001,4.6625,47.56666666666667,-93.22499996666669
2010-05-01,1.0884324356125257,283.4625,274.575,3.0000000000000004,172.4125,0.37749999999999995,0.003915,5.3500000000000005,47.56666666666667,-93.22499996666669
2010-05-09,1.5598278084753114,288.85,275.6875,2.0250000000000004,213.025,0.67875,0.00406,4.075,47.56666666666667,-93.22499996666669
2010-05-17,1.6115675643874745,299.325,281.2875,1.9375,285.225,1.14375,0.0072787500000000005,4.3,47.56666666666667,-93.22499996666669
2010-05-25,2.810784070084198,297.6125,280.9375,0.4625,286.75000000000006,1.00375,0.007083750000000001,4.7,47.56666666666667,-93.22499996666669
2010-06-02,2.7758023888568095,292.86249999999995,280.4625,4.6375,218.425,0.5862499999999999,0.007020000000000001,3.5999999999999996,47.56666666666667,-93.22499996666669
2010-06-10,3.3327326550662733,292.475,284.54999999999995,3.8000000000000003,172.575,0.425,0.008981250000000001,3.5875000000000004,47.56666666666667,-93.22499996666669
2010-06-18,3.6746158450639363,297.4,285.0125,7.362500000000001,243.46250000000003,0.7625,0.009396250000000002,4.3125,47.56666666666667,-93.22499996666669
2010-06-26,3.7796048306164383,298.37499999999994,285.48750000000007,5.7125,287.8,0.8999999999999999,0.00967625,5.9625,47.56666666666667,-93.22499996666669
2010-07-04,4.40158959328247,299.25,285.6375,2.9125,266.55,0.865,0.01008625,3.9125000000000005,47.56666666666667,-93.22499996666669
2010-07-12,4.1189522422016385,298.1,285.6875,4.1,278.6125,0.8512500000000001,0.009368750000000002,4.7125,47.56666666666667,-93.22499996666669
2010-07-20,4.197626912414254,298.78749999999997,287.425,6.1125,243.91250000000002,0.8775000000000001,0.01025375,4.275,47.56666666666667,-93.22499996666669
2010-07-28,4.194607964957901,299.25,288.075,7.55,242.31250000000003,0.88625,0.01070125,3.6125,47.56666666666667,-93.22499996666669
2010-08-05,4.038282272982832,299.725,287.0125,2.3375000000000004,231.4375,0.7374999999999999,0.011735,3.6750000000000003,47.56666666666667,-93.22499996666669
2010-08-13,3.992830419938673,295.025,283.6,4.3125,215.0,0.5700000000000001,0.00902375,5.212500000000001,47.56666666666667,-93.22499996666669
2010-08-21,3.7450397718866864,298.9125,285.325,1.6125,233.6875,0.935,0.009545,5.9125,47.56666666666667,-93.22499996666669
2010-08-29,3.285211963411375,295.3125,282.575,2.0875000000000004,197.83750000000003,0.7987500000000001,0.0080775,6.187499999999999,47.56666666666667,-93.22499996666669
2010-09-06,2.8442562775834097,289.5125,279.3625,5.625,168.08750000000003,0.4575,0.006175000000000001,5.637500000000001,47.56666666666667,-93.22499996666669
2010-09-14,2.1322856637063388,286.90000000000003,276.0125,0.9875,155.47500000000002,0.35000000000000003,0.005255000000000001,4.1000000000000005,47.56666666666667,-93.22499996666669
2010-09-22,1.642868209045738,288.5375,277.825,4.425000000000001,132.6375,0.35375,0.006257500000000001,4.612500000000001,47.56666666666667,-93.22499996666669
2010-09-30,1.2544357734332126,290.975,274.8,0.325,154.2125,0.6725000000000001,0.00465375,4.9125000000000005,47.56666666666667,-93.22499996666669
2010-10-08,0.8971024577341524,293.02500000000003,276.275,0.0,136.01250000000002,0.66375,0.005934999999999999,3.6375000000000006,47.56666666666667,-93.22499996666669
2010-10-16,0.6973039824789506,285.0875,272.0625,0.1375,115.82500000000002,0.45625,0.003445,4.675000000000001,47.56666666666667,-93.22499996666669
2010-10-24,0.6973039824789506,280.4,272.6,8.200000000000001,76.05000000000001,0.14375000000000002,0.004486250000000001,5.5375,47.56666666666667,-93.22499996666669
2010-11-01,0.5973039824789507,283.7,269.7625,0.1,92.50000000000001,0.3725,0.0033724999999999996,5.100000000000001,47.56666666666667,-93.22499996666669
2010-11-09,0.4997984752552018,279.2875,270.975,0.8625,67.6375,0.22875000000000004,0.0035962500000000005,4.1375,47.56666666666667,-93.22499996666669
2010-11-17,0.30000000000000004,270.2,261.6875,2.5125,59.2625,0.06625,0.0020375000000000002,5.025,47.56666666666667,-93.22499996666669
2010-11-25,0.3517397559121632,268.54999999999995,260.975,1.7125000000000001,50.275000000000006,0.07625000000000001,0.0018525000000000002,5.625000000000001,47.56666666666667,-93.22499996666669
2010-12-03,0.20249449277625123,264.5625,254.625,1.0750000000000002,55.70000000000001,0.0625,0.0011137500000000002,3.9000000000000004,47.56666666666667,-93.22499996666669
2010-12-11,0.19730398247895065,262.0,249.1875,0.0625,58.112500000000004,0.06875,0.000765,4.075,47.56666666666667,-93.22499996666669
2010-12-19,0.10249449277625122,266.8375,260.2,0.8500000000000001,50.2875,0.05125,0.0017112500000000003,3.4250000000000003,47.56666666666667,-93.22499996666669
2010-12-27,0.1,270.68,260.56,3.66,52.82000000000001,0.144,0.0015660000000000001,6.220000000000001,47.56666666666667,-93.22499996666669
2011-01-01,0.1,262.71250000000003,249.6375,0.22500000000000003,60.675000000000004,0.06625,0.00077625,4.225,47.56666666666667,-93.22499996666669
2011-01-09,0.1,266.4,255.9375,2.125,62.050000000000004,0.095,0.00117,2.9875000000000003,47.56666666666667,-93.22499996666669
2011-01-17,0.1,260.03749999999997,249.2375,1.075,57.9375,0.06125,0.00067625,4.45,47.56666666666667,-93.22499996666669
2011-01-25,0.1,266.9625,255.0875,0.7250000000000001,81.28750000000001,0.09,0.00123125,3.9125000000000005,47.56666666666667,-93.22499996666669
2011-02-02,0.1,266.9875,250.73749999999998,0.45,98.575,0.10625000000000001,0.0010762500000000002,4.8375,47.56666666666667,-93.22499996666669
2011-02-10,0.1,273.5125,259.4625,0.05,105.1375,0.1575,0.00190875,4.8875,47.56666666666667,-93.22499996666669
2011-02-18,0.1,268.16249999999997,254.5875,0.6625000000000001,108.6375,0.12499999999999999,0.00109625,5.500000000000001,47.56666666666667,-93.22499996666669
2011-02-26,0.1,268.725,253.5125,0.0,133.3625,0.14375,0.0009862500000000001,4.5125,47.56666666666667,-93.22499996666669
2011-03-06,0.1,274.43749999999994,261.575,0.36250000000000004,133.2375,0.2075,0.0016887500000000001,4.2125,47.56666666666667,-93.22499996666669
2011-03-14,0.20249449277625123,278.625,268.4,0.8375,138.32500000000002,0.255,0.0026887500000000006,5.0375000000000005,47.56666666666667,-93.22499996666669
2011-03-22,0.3455642265667874,274.3,261.41249999999997,0.0,231.275,0.22375,0.0015275000000000002,3.6750000000000003,47.56666666666667,-93.22499996666669
2011-03-30,0.4973039824789506,278.9,268.1,2.0125,171.13750000000002,0.27375,0.0026,3.5875,47.56666666666667,-93.22499996666669
2011-04-07,0.6024944927762512,288.2375,272.575,1.7750000000000001,225.68750000000006,0.5725000000000001,0.0039724999999999995,4.925,47.56666666666667,-93.22499996666669
2011-04-15,0.5975055072237488,280.05,268.775,3.7750000000000004,166.41250000000002,0.36500000000000005,0.0023637500000000004,4.7125,47.56666666666667,-93.22499996666669
2011-04-23,0.5938244706546243,287.77500000000003,274.08750000000003,5.7125,215.08750000000003,0.60375,0.0037137500000000005,5.512500000000001,47.56666666666667,-93.22499996666669
2011-05-01,0.9453627018219892,287.9,273.1375,2.3125000000000004,212.27500000000003,0.6000000000000001,0.0037275000000000003,4.7,47.56666666666667,-93.22499996666669
2011-05-09,1.1,291.7875,277.30000000000007,0.47500000000000003,250.925,0.6900000000000001,0.0053525000000000005,5.6375,47.56666666666667,-93.22499996666669
2011-05-17,1.5544357734332126,294.23749999999995,279.6375,2.025,248.66250000000002,0.7762500000000001,0.00632375,4.2,47.56666666666667,-93.22499996666669
2011-05-25,1.7059740046005776,292.77500000000003,277.0375,2.4125,269.0625,0.70125,0.005555000000000001,6.112500000000001,47.56666666666667,-93.22499996666669
2011-06-02,2.353047704895541,297.675,281.375,1.7000000000000002,267.58750000000003,0.9362499999999999,0.007890000000000001,5.4125000000000005,47.56666666666667,-93.22499996666669
2011-06-10,3.3583183347471346,294.4625,281.5125,1.1375,226.97500000000002,0.80125,0.00670875,3.8250000000000006,47.56666666666667,-93.22499996666669
2011-06-18,3.7140620571637255,295.91249999999997,283.025,6.362500000000001,217.56249999999997,0.7212500000000001,0.008380000000000002,4.8375,47.56666666666667,-93.22499996666669
2011-06-26,4.154838822922809,300.48749999999995,285.7375,8.2875,282.90000000000003,0.9612499999999999,0.0105225,5.1,47.56666666666667,-93.22499996666669
2011-07-04,4.3948094897027,302.34999999999997,287.525,1.7750000000000001,275.40000000000003,1.06375,0.011576250000000001,4.1125,47.56666666666667,-93.22499996666669
2011-07-12,4.389820504150197,303.3,289.3,2.4625000000000004,254.65000000000003,1.15625,0.013188750000000003,4.325,47.56666666666667,-93.22499996666669
2011-07-20,4.541560260062361,303.2,286.83750000000003,3.825,274.675,1.29375,0.010848749999999999,4.612500000000001,47.56666666666667,-93.22499996666669
2011-07-28,4.412955632925146,304.72499999999997,286.75,5.4375,266.5875,1.5387500000000003,0.010123749999999999,4.25,47.56666666666667,-93.22499996666669
2011-08-05,4.483523569614317,300.875,285.41249999999997,3.4875000000000003,221.275,1.1487500000000002,0.009298750000000001,3.7874999999999996,47.56666666666667,-93.22499996666669
2011-08-13,3.6861530405891125,300.54999999999995,284.975,2.5375000000000005,230.8875,1.0912500000000003,0.00931375,4.3375,47.56666666666667,-93.22499996666669
2011-08-21,4.138944362095605,301.225,283.48749999999995,0.4625,228.84999999999997,1.3425,0.00791625,4.6625,47.56666666666667,-93.22499996666669
2011-08-29,4.043933347648107,298.78749999999997,284.125,2.275,184.65000000000003,0.9774999999999998,0.0089925,4.3875,47.56666666666667,-93.22499996666669
2011-09-06,3.4469522951044587,301.875,282.875,0.1,200.4375,1.4812500000000002,0.007435,4.4,47.56666666666667,-93.22499996666669
2011-09-14,2.8925165216712467,288.23749999999995,275.825,2.6750000000000003,135.225,0.48000000000000004,0.0050862500000000005,5.574999999999999,47.56666666666667,-93.22499996666669
2011-09-22,2.195011014447498,292.8,278.3625,1.3625,155.35,0.7062500000000002,0.0060662500000000005,3.7625,47.56666666666667,-93.22499996666669
2011-09-30,1.4480587193430385,297.54999999999995,278.7875,2.1750000000000003,159.725,1.29875,0.004875000000000001,5.950000000000001,47.56666666666667,-93.22499996666669
2011-10-08,1.042868209045738,291.3125,280.875,2.5250000000000004,113.07500000000002,0.635,0.006478750000000002,6.6,47.56666666666667,-93.22499996666669
2011-10-16,0.7542342486884144,283.0,272.8625,0.8625,99.6875,0.3812500000000001,0.0034737500000000007,5.4,47.56666666666667,-93.22499996666669
2011-10-24,0.6401721915246887,282.1875,271.875,0.1875,88.9875,0.35750000000000004,0.0032025,2.975,47.56666666666667,-93.22499996666669
2011-11-01,0.5403737162694869,283.7375,270.9125,0.1375,84.0625,0.45375,0.0029225,6.1375,47.56666666666667,-93.22499996666669
2011-11-09,0.5973039824789507,279.65000000000003,268.75,0.5125000000000001,68.13749999999999,0.31375000000000003,0.0026025000000000006,4.8875,47.56666666666667,-93.22499996666669
2011-11-17,0.5984905262718239,273.1375,263.2250000000001,0.45000000000000007,68.9875,0.125,0.00216,4.6000000000000005,47.56666666666667,-93.22499996666669
2011-11-25,0.5455642265667875,273.425,263.425,1.1,61.962500000000006,0.10875,0.0023250000000000002,5.0249999999999995,47.56666666666667,-93.22499996666669
2011-12-03,0.7425452791104353,268.1,258.0875,0.0,63.375,0.08750000000000001,0.0014775,4.9,47.56666666666667,-93.22499996666669
2011-12-11,0.6440547528386114,272.22499999999997,261.4375,0.35,52.012499999999996,0.11000000000000001,0.0020262500000000003,4.050000000000001,47.56666666666667,-93.22499996666669
2011-12-19,0.5413587353175621,271.125,261.61249999999995,0.2,54.0,0.10625000000000001,0.0018712500000000003,5.0625,47.56666666666667,-93.22499996666669
2011-12-27,0.498490526271824,271.12,259.28000000000003,0.5,55.74000000000001,0.10200000000000001,0.001742,3.96,47.56666666666667,-93.22499996666669
2012-01-01,0.39979847525520185,271.2375,261.3875,0.037500000000000006,57.16250000000001,0.1275,0.0018062500000000001,5.3,47.56666666666667,-93.22499996666669
2012-01-09,0.40498898555250246,269.5,259.8625,0.23750000000000002,59.4,0.11624999999999999,0.0016550000000000004,5.112500000000001,47.56666666666667,-93.22499996666669
2012-01-17,0.39979847525520185,264.12500000000006,252.98749999999998,0.9,69.80000000000001,0.08375,0.00101125,4.8875,47.56666666666667,-93.22499996666669
2012-01-25,0.30249449277625123,271.9,260.025,0.8625,85.8375,0.12375000000000001,0.0017837500000000002,4.6125,47.56666666666667,-93.22499996666669
2012-02-02,0.25443577343321255,272.95000000000005,259.81249999999994,0.0,106.89999999999999,0.14875,0.00174625,3.5875000000000004,47.56666666666667,-93.22499996666669
2012-02-10,0.29460796495790126,269.67499999999995,257.525,0.5375000000000001,101.97500000000001,0.13,0.0014475,4.5125,47.56666666666667,-93.22499996666669
2012-02-18,0.2,272.98749999999995,264.0625,0.9500000000000002,92.5875,0.14875,0.0019975,4.325,47.56666666666667,-93.22499996666669
2012-02-26,0.39979847525520185,273.1375,262.3,1.4750000000000003,103.1125,0.155,0.0018650000000000003,4.137500000000001,47.56666666666667,-93.22499996666669
2012-03-05,0.5,276.82500000000005,264.0875,1.1875,144.32500000000002,0.23125,0.00220875,5.1625000000000005,47.56666666666667,-93.22499996666669
2012-03-13,0.6946079649579013,290.2875,275.775,1.0875000000000001,191.42500000000004,0.7399999999999999,0.0042775,4.862500000000001,47.56666666666667,-93.22499996666669
2012-03-21,0.6946079649579013,285.82500000000005,273.40000000000003,1.3000000000000003,159.58750000000003,0.5287499999999999,0.0036050000000000006,5.025,47.56666666666667,-93.22499996666669
2012-03-29,0.7453627018219893,287.45,273.325,1.85,194.77500000000003,0.5575,0.00373875,4.7250000000000005,47.56666666666667,-93.22499996666669
2012-04-06,0.7909269283887768,283.8375,270.27500000000003,2.0875000000000004,183.51250000000002,0.535,0.0025262500000000003,5.5875,47.56666666666667,-93.22499996666669
2012-04-14,0.8813294020974525,283.4375,272.42499999999995,9.05,168.825,0.41125,0.0034850000000000003,5.1625000000000005,47.56666666666667,-93.22499996666669
2012-04-22,0.8997984752552018,287.58750000000003,273.4625,0.65,241.75,0.65125,0.0032712500000000003,3.8875,47.56666666666667,-93.22499996666669
2012-04-30,1.1428682090457383,293.1875,278.55,2.075,203.37500000000003,0.7424999999999999,0.005791250000000001,4.8375,47.56666666666667,-93.22499996666669
2012-05-08,1.6053920350420987,293.6625,276.7,0.725,268.5625,0.9425000000000001,0.0044887500000000006,4.75,47.56666666666667,-93.22499996666669
2012-05-16,2.146750770359661,297.9125,279.9375,8.325,261.70000000000005,1.135,0.006390000000000001,6.075,47.56666666666667,-93.22499996666669
2012-05-24,3.1481388388973324,292.27500000000003,279.6125,8.762500000000001,214.75,0.58125,0.0066175,4.2250000000000005,47.56666666666667,-93.22499996666669
2012-06-01,3.496197558240371,298.8125,282.925,1.2625000000000002,276.0125,1.09375,0.007600000000000002,3.3875,47.56666666666667,-93.22499996666669
2012-06-09,4.005270629851594,298.99999999999994,282.4375,6.0125,285.32500000000005,0.95375,0.00871125,6.1625000000000005,47.56666666666667,-93.22499996666669
2012-06-17,4.085154448532998,296.5375,283.8,10.700000000000001,238.12500000000006,0.7237500000000001,0.008828750000000002,4.3375,47.56666666666667,-93.22499996666669
2012-06-25,4.59889357576142,302.0,285.125,2.5500000000000003,295.8125,1.1862499999999998,0.009900000000000003,4.375,47.56666666666667,-93.22499996666669
2012-07-03,4.647937314152534,301.87500000000006,287.59999999999997,2.9375,280.0875,1.09,0.011352500000000001,3.325,47.56666666666667,-93.22499996666669
2012-07-11,4.464830367035853,303.2125,288.59999999999997,1.0875000000000001,279.08750000000003,1.18875,0.01181375,4.15,47.56666666666667,-93.22499996666669
2012-07-19,4.486600031949046,302.875,287.7,5.987500000000001,266.08750000000003,1.1199999999999999,0.0116575,3.8625,47.56666666666667,-93.22499996666669
2012-07-27,4.336449869319353,302.6875,287.7375,3.2,271.1,1.2125,0.01091125,4.05,47.56666666666667,-93.22499996666669
2012-08-04,4.092193591735943,298.1375,283.35,1.225,242.22500000000002,0.8275000000000001,0.00898375,3.837500000000001,47.56666666666667,-93.22499996666669
2012-08-12,3.840834280637461,296.8875,281.5,1.3000000000000003,221.2375,0.83625,0.00775125,4.0625,47.56666666666667,-93.22499996666669
2012-08-20,3.699878594809496,302.1125,284.6125,0.7375,220.5875,1.3425,0.00885875,4.487500000000001,47.56666666666667,-93.22499996666669
2012-08-28,3.2531278244498347,303.70000000000005,285.46250000000003,0.0,203.125,1.65625,0.008165,4.425000000000001,47.56666666666667,-93.22499996666669
2012-09-05,2.606175529345376,296.475,280.2875,0.575,171.975,1.05125,0.006095,5.362500000000001,47.56666666666667,-93.22499996666669
2012-09-13,1.8153700061471034,291.9125,275.8625,0.7,172.8875,0.8612500000000001,0.00409625,4.95,47.56666666666667,-93.22499996666669
2012-09-21,1.5946079649579012,289.8625,274.7875,0.875,158.23749999999998,0.7575000000000001,0.0037975,4.3375,47.56666666666667,-93.22499996666669
2012-09-29,1.2542342486884146,291.58750000000003,276.275,0.2375,132.35,0.9137500000000001,0.00422625,5.2875,47.56666666666667,-93.22499996666669
2012-10-07,0.9997984752552018,283.6625,271.68749999999994,1.375,104.20000000000002,0.45499999999999996,0.0030750000000000005,5.125,47.56666666666667,-93.22499996666669
2012-10-15,0.6971024577341525,288.3875,278.1375,1.85,90.7375,0.45625000000000004,0.00551875,3.8750000000000004,47.56666666666667,-93.22499996666669
2012-10-23,0.5517397559121632,280.55000000000007,272.325,2.0375,60.962500000000006,0.26,0.0036925000000000005,4.5875,47.56666666666667,-93.22499996666669
2012-10-31,0.5024944927762511,279.11249999999995,269.7875,0.925,71.1875,0.25875000000000004,0.002896250000000001,3.2,47.56666666666667,-93.22499996666669
2012-11-08,0.4973039824789506,278.45,269.375,3.0125,64.61250000000001,0.24874999999999997,0.00286,5.3500000000000005,47.56666666666667,-93.22499996666669
2012-11-16,0.39979847525520185,280.625,269.425,0.36250000000000004,67.7125,0.31875,0.0029825000000000003,5.6499999999999995,47.56666666666667,-93.22499996666669
2012-11-24,0.39979847525520185,271.59999999999997,263.025,0.45,48.050000000000004,0.1575,0.0017412500000000002,4.65,47.56666666666667,-93.22499996666669
2012-12-02,0.2973039824789506,273.075,263.175,0.525,59.925,0.14875000000000002,0.002075,5.275,47.56666666666667,-93.22499996666669
2012-12-10,0.19730398247895065,269.725,260.04999999999995,2.0375,49.150000000000006,0.08499999999999999,0.00178,3.8000000000000003,47.56666666666667,-93.22499996666669
2012-12-18,0.19730398247895065,266.675,257.7,0.0,51.5,0.07875,0.0013675000000000002,3.662500000000001,47.56666666666667,-93.22499996666669
2012-12-26,0.1,266.9666666666667,258.4166666666667,0.16666666666666666,42.88333333333333,0.08666666666666667,0.0013333333333333333,2.766666666666667,47.56666666666667,-93.22499996666669
2013-01-01,0.15173975591216318,269.9625,258.9125,0.225,66.1,0.12375,0.0014612500000000003,4.300000000000001,47.56666666666667,-93.22499996666669
2013-01-09,0.2,269.4,258.15000000000003,3.075,58.3875,0.11,0.0016587500000000005,5.625000000000002,47.56666666666667,-93.22499996666669
2013-01-17,0.1,259.175,245.9125,0.8625000000000002,64.525,0.0525,0.0006200000000000001,4.6375,47.56666666666667,-93.22499996666669
2013-01-25,0.10249449277625122,266.025,255.32500000000002,1.2000000000000002,65.7125,0.08250000000000002,0.0013050000000000002,4.925000000000001,47.56666666666667,-93.22499996666669
2013-02-02,0.1,266.6125,254.2875,1.1,89.36250000000001,0.10875000000000001,0.0010712500000000002,3.6125000000000003,47.56666666666667,-93.22499996666669
2013-02-10,0.1,271.1125,259.675,2.2375,108.3875,0.13125,0.00160125,4.9125,47.56666666666667,-93.22499996666669
2013-02-18,0.1,270.3875,257.5375,0.037500000000000006,105.17500000000001,0.1325,0.00152,4.437500000000001,47.56666666666667,-93.22499996666669
2013-02-26,0.1,273.8375,262.26250000000005,2.0875,150.70000000000002,0.17625,0.00181125,4.050000000000001,47.56666666666667,-93.22499996666669
2013-03-06,0.1,274.32499999999993,262.9125,1.375,153.5,0.175,0.001965,4.225,47.56666666666667,-93.22499996666669
2013-03-14,0.1,270.825,259.2875,1.275,157.05,0.1425,0.0014850000000000002,5.75,47.56666666666667,-93.22499996666669
2013-03-22,0.1,277.3375,266.13750000000005,0.0,173.275,0.265,0.0021750000000000003,2.9625,47.56666666666667,-93.22499996666669
2013-03-30,0.1,275.4,264.25,2.4625000000000004,186.125,0.19,0.00217375,5.1375,47.56666666666667,-93.22499996666669
2013-04-07,0.2973039824789506,276.7625,266.6875,4.3125,164.6625,0.21125,0.0024162500000000004,4.7250000000000005,47.56666666666667,-93.22499996666669
2013-04-15,0.5,277.59999999999997,267.84999999999997,2.9875000000000003,162.8,0.24,0.0025200000000000005,5.5625,47.56666666666667,-93.22499996666669
2013-04-23,0.6024944927762512,289.32500000000005,272.5,0.2625,266.775,0.7625000000000001,0.0035025,5.15,47.56666666666667,-93.22499996666669
2013-05-01,0.7024944927762512,286.3125,273.95,0.3875,177.725,0.5800000000000001,0.0038612500000000005,3.887500000000001,47.56666666666667,-93.22499996666669
2013-05-09,0.9024944927762513,290.88750000000005,274.5,0.43750000000000006,260.51250000000005,0.8025,0.00415125,5.7,47.56666666666667,-93.22499996666669
2013-05-17,1.259424758985715,292.8375,279.26249999999993,4.8375,224.4,0.68875,0.00618,5.375,47.56666666666667,-93.22499996666669
2013-05-25,1.8598278084753113,294.51250000000005,281.6875,3.1500000000000004,202.48749999999998,0.77875,0.0070825,5.287500000000001,47.56666666666667,-93.22499996666669
2013-06-02,2.0957945087507746,291.525,279.26250000000005,3.3500000000000005,207.79999999999998,0.60375,0.006052500000000001,3.825,47.56666666666667,-93.22499996666669
2013-06-10,3.458318334747135,298.05,283.61249999999995,1.1375000000000002,274.825,0.9625,0.00805375,4.075,47.56666666666667,-93.22499996666669
2013-06-18,4.10408408605872,300.575,285.71250000000003,4.925000000000001,260.675,1.0462500000000001,0.009885,4.1000000000000005,47.56666666666667,-93.22499996666669
2013-06-26,4.192395116480742,300.3625,286.4375,3.3125000000000004,274.02500000000003,1.09125,0.00957625,4.262500000000001,47.56666666666667,-93.22499996666669
2013-07-04,4.25733331569906,302.32500000000005,287.45,2.7125,272.46250000000003,1.11125,0.011255000000000001,4.375,47.56666666666667,-93.22499996666669
2013-07-12,4.26199937131626,303.6125,289.76250000000005,5.7125,248.18750000000003,1.11625,0.013093750000000001,5.0375000000000005,47.56666666666667,-93.22499996666669
2013-07-20,4.204867580361998,295.36249999999995,282.71250000000003,2.6125,218.25,0.75,0.0078825,4.325,47.56666666666667,-93.22499996666669
2013-07-28,3.9177430937328506,297.6,282.2625,0.125,233.05,1.045,0.00696625,4.2375,47.56666666666667,-93.22499996666669
2013-08-05,4.2469522951044585,296.42499999999995,283.925,1.6,190.5375,0.88,0.007778750000000001,3.2624999999999997,47.56666666666667,-93.22499996666669
2013-08-13,4.000985019048075,302.52500000000003,284.5125,0.0,232.58750000000003,1.60375,0.0076475000000000015,4.275,47.56666666666667,-93.22499996666669
2013-08-21,4.1486632935774335,306.15,288.9625,2.1500000000000004,215.73749999999998,1.8074999999999999,0.010776250000000001,4.0375000000000005,47.56666666666667,-93.22499996666669
2013-08-29,3.7935015407193218,301.2,284.2875,4.237500000000001,201.95000000000002,1.22625,0.0090425,4.0625,47.56666666666667,-93.22499996666669
2013-09-06,3.147937314152534,299.23749999999995,284.525,1.6500000000000004,165.525,1.04,0.009018750000000002,4.125,47.56666666666667,-93.22499996666669
2013-09-14,2.6477357894077356,295.025,280.025,1.125,164.425,0.7112499999999999,0.00749875,4.9,47.56666666666667,-93.22499996666669
2013-09-22,2.000985019048075,296.71250000000003,280.45,1.5375,155.10000000000002,0.88625,0.00710125,6.762500000000001,47.56666666666667,-93.22499996666669
2013-09-30,1.2948094897026994,290.425,278.77500000000003,5.9125000000000005,112.58750000000002,0.615,0.0055725,5.125000000000001,47.56666666666667,-93.22499996666669
2013-10-08,1.1946079649579013,291.58750000000003,278.5,4.675000000000001,123.075,0.7124999999999999,0.00552,5.9624999999999995,47.56666666666667,-93.22499996666669
2013-10-16,0.659424758985715,279.075,271.75,0.9875,70.125,0.17875000000000002,0.0037037500000000004,4.025,47.56666666666667,-93.22499996666669
2013-10-24,0.6517397559121632,278.45000000000005,270.6375,0.23750000000000004,69.97500000000001,0.20375,0.00324625,3.9375000000000004,47.56666666666667,-93.22499996666669
2013-11-01,0.5973039824789507,279.40000000000003,270.84999999999997,1.0125,73.65,0.2675,0.0030537500000000005,4.8875,47.56666666666667,-93.22499996666669
2013-11-09,0.5,276.35,267.325,0.6000000000000001,60.7625,0.18374999999999997,0.00269875,5.487500000000001,47.56666666666667,-93.22499996666669
2013-11-17,0.4544357734332125,272.30000000000007,263.9125,0.625,53.275,0.14125,0.002125,6.2,47.56666666666667,-93.22499996666669
2013-11-25,0.40249449277625127,270.0,263.6125,2.0125,37.75,0.09625,0.00195625,4.4125,47.56666666666667,-93.22499996666669
2013-12-03,0.3026960175210494,263.2625,255.0,2.3625000000000003,42.7875,0.03875,0.00133,5.4125,47.56666666666667,-93.22499996666669
2013-12-11,0.349245263135912,260.84999999999997,249.4,0.625,47.075,0.05375,0.0007750000000000001,4.2,47.56666666666667,-93.22499996666669
2013-12-19,0.49211347218165,262.3375,251.0125,0.9375,52.087500000000006,0.046250000000000006,0.00093625,3.9750000000000005,47.56666666666667,-93.22499996666669
2013-12-27,0.3948094897026994,261.7,246.92,0.0,49.28000000000001,0.048,0.000984,4.12,47.56666666666667,-93.22499996666669
2014-01-01,0.19730398247895065,254.325,240.675,1.1,61.8,0.035,0.0004475000000000001,4.6625000000000005,47.56666666666667,-93.22499996666669
2014-01-09,0.25055321211928994,268.62500000000006,257.6875,0.8250000000000001,61.074999999999996,0.11875000000000002,0.0013887500000000002,5.6875,47.56666666666667,-93.22499996666669
2014-01-17,0.19979847525520184,262.125,246.0125,0.6125,76.9375,0.060000000000000005,0.0008275000000000001,5.3875,47.56666666666667,-93.22499996666669
2014-01-25,0.19730398247895065,257.6375,244.0875,0.5375,83.83749999999999,0.0375,0.00057625,5.575,47.56666666666667,-93.22499996666669
2014-02-02,0.14805871934303866,259.4,244.9125,0.0,97.425,0.036250000000000004,0.00065875,4.1625,47.56666666666667,-93.22499996666669
2014-02-10,0.10249449277625122,263.8125,248.35,2.8000000000000003,101.43750000000001,0.0575,0.0009162500000000002,4.9,47.56666666666667,-93.22499996666669
2014-02-18,0.10249449277625122,266.875,256.125,2.2875,111.50000000000001,0.10875000000000001,0.0013925000000000003,6.275000000000001,47.56666666666667,-93.22499996666669
2014-02-26,0.09730398247895063,259.625,242.41250000000002,0.21250000000000002,137.375,0.058750000000000004,0.0005387500000000001,4.7125,47.56666666666667,-93.22499996666669
2014-03-06,0.09730398247895063,276.16249999999997,261.8625,0.325,152.9,0.265,0.00184,4.95,47.56666666666667,-93.22499996666669
2014-03-14,0.09730398247895063,272.75,258.55,2.25,155.8375,0.11625,0.0019575,4.425000000000001,47.56666666666667,-93.22499996666669
2014-03-22,0.15075473686408805,269.975,253.64999999999998,0.15000000000000002,161.38750000000002,0.11500000000000002,0.0013700000000000001,5.1000000000000005,47.56666666666667,-93.22499996666669
2014-03-30,0.30249449277625123,279.0,264.78749999999997,2.8500000000000005,192.60000000000002,0.2975,0.0023525000000000004,5.15,47.56666666666667,-93.22499996666669
2014-04-07,0.30249449277625123,280.7625,269.45,0.41250000000000003,211.575,0.3475,0.0028562500000000003,5.45,47.56666666666667,-93.22499996666669
2014-04-15,0.5946079649579012,281.925,267.5125,0.925,248.63750000000002,0.4075,0.0026750000000000003,4.887500000000001,47.56666666666667,-93.22499996666669
2014-04-23,0.6024944927762512,280.53749999999997,273.02500000000003,3.7875000000000005,178.9,0.33875,0.0031312500000000004,6.7875000000000005,47.56666666666667,-93.22499996666669
2014-05-01,0.6973039824789506,283.825,274.125,4.075,148.125,0.33375,0.00420125,4.4,47.56666666666667,-93.22499996666669
2014-05-09,1.0807248278630581,285.325,274.35,5.512500000000001,178.6125,0.395,0.0046725,4.462500000000001,47.56666666666667,-93.22499996666669
2014-05-17,1.550230282183987,294.00000000000006,280.125,0.8625,239.55,0.905,0.00571375,4.750000000000001,47.56666666666667,-93.22499996666669
2014-05-25,1.8975055072237488,300.0875,284.82499999999993,7.325,275.9125,1.0637500000000002,0.00921625,4.075,47.56666666666667,-93.22499996666669
2014-06-02,2.7539113187531115,295.65,281.575,2.5125,244.375,0.6937500000000001,0.00791125,3.8125,47.56666666666667,-93.22499996666669
2014-06-10,3.1622008960610577,293.6,282.25,11.387500000000001,223.00000000000003,0.5900000000000001,0.00808,5.3500000000000005,47.56666666666667,-93.22499996666669
2014-06-18,4.001388068537672,296.575,284.6625,2.5,257.5375,0.55125,0.010210000000000002,4.3625,47.56666666666667,-93.22499996666669
2014-06-26,4.151237905907977,296.83750000000003,285.4875,3.2250000000000005,240.625,0.74375,0.0095275,6.650000000000001,47.56666666666667,-93.22499996666669
2014-07-04,4.083322044869519,298.38750000000005,285.55,3.2250000000000005,270.66249999999997,0.72125,0.01048375,5.4125,47.56666666666667,-93.22499996666669
2014-07-12,4.035061800781682,295.93750000000006,282.9875,1.3625000000000003,253.68750000000003,0.6425000000000001,0.00885,5.1000000000000005,47.56666666666667,-93.22499996666669
2014-07-20,3.9896189794053987,299.03749999999997,286.31250000000006,2.5875000000000004,245.46250000000003,0.68625,0.011487500000000001,4.5125,47.56666666666667,-93.22499996666669
2014-07-28,4.399677070064697,298.32500000000005,282.84999999999997,0.5875,254.875,0.7775,0.00915625,3.1875,47.56666666666667,-93.22499996666669
2014-08-05,4.344659327073006,299.2125,284.225,1.5875000000000001,235.5125,0.82125,0.009866250000000002,3.1375,47.56666666666667,-93.22499996666669
2014-08-13,3.377325435593025,296.7125,284.7125,0.9375,204.36249999999998,0.58,0.01013,3.0500000000000003,47.56666666666667,-93.22499996666669
2014-08-21,3.618347667967245,295.20000000000005,284.67499999999995,4.8125,193.26250000000005,0.4325,0.010313750000000002,4.4125000000000005,47.56666666666667,-93.22499996666669
2014-08-29,3.6442562775834095,294.83750000000003,284.475,3.4250000000000003,181.84999999999997,0.42250000000000004,0.01002625,4.5875,47.56666666666667,-93.22499996666669
2014-09-06,3.6779300098274197,289.975,277.4625,1.4250000000000003,159.82500000000002,0.53125,0.00589375,5.0,47.56666666666667,-93.22499996666669
2014-09-14,2.9440547528386114,290.225,279.025,2.8625000000000003,154.76250000000002,0.4425,0.0064975,4.825000000000001,47.56666666666667,-93.22499996666669
2014-09-22,2.0915315026231713,295.02500000000003,281.6125,0.23750000000000002,160.35,0.6825,0.008001250000000001,4.987500000000001,47.56666666666667,-93.22499996666669
2014-09-30,1.8,282.83750000000003,275.5625,1.6125000000000003,102.8125,0.23875,0.004872500000000001,6.15,47.56666666666667,-93.22499996666669
2014-10-08,1.1401721915246887,285.7375,271.94999999999993,1.5625,124.57499999999999,0.38749999999999996,0.0041600000000000005,4.8375,47.56666666666667,-93.22499996666669
2014-10-16,0.9463477208700644,286.2625,275.5375,0.42500000000000004,120.4,0.41874999999999996,0.004636250000000001,5.6625000000000005,47.56666666666667,-93.22499996666669
2014-10-24,0.6919119474368519,283.025,271.9125,1.2875,84.48750000000001,0.34875,0.0039612499999999995,5.0,47.56666666666667,-93.22499996666669
2014-11-01,0.5997984752552019,278.03749999999997,270.33750000000003,1.2375000000000003,62.25000000000001,0.24499999999999997,0.0028762500000000008,5.525,47.56666666666667,-93.22499996666669
2014-11-09,0.5480587193430386,268.0625,260.27500000000003,0.4375,66.45,0.08374999999999999,0.0016112500000000003,4.7749999999999995,47.56666666666667,-93.22499996666669
2014-11-17,0.5973039824789507,269.0875,259.83750000000003,0.675,40.62500000000001,0.09624999999999999,0.0017900000000000001,6.237500000000001,47.56666666666667,-93.22499996666669
2014-11-25,0.5024944927762511,264.4,252.72499999999997,0.125,53.16250000000001,0.0675,0.0010712500000000002,4.8,47.56666666666667,-93.22499996666669
2014-12-03,0.4973039824789506,270.675,260.0375,0.45,59.3125,0.12000000000000001,0.00169125,5.0375000000000005,47.56666666666667,-93.22499996666669
2014-12-11,0.4973039824789506,272.3625,265.875,0.9875,49.337500000000006,0.14125000000000001,0.0023550000000000003,4.9375,47.56666666666667,-93.22499996666669
2014-12-19,0.6997984752552018,272.72499999999997,269.6875,1.1,25.825,0.1375,0.002585,4.3375,47.56666666666667,-93.22499996666669
2014-12-27,0.6359667002754632,260.98,251.57999999999998,0.1,49.06,0.05,0.0009120000000000002,4.6,47.56666666666667,-93.22499996666669
2015-01-01,0.39211347218165005,259.7875,247.61250000000004,1.1625,55.28750000000001,0.0625,0.00066,5.3,47.56666666666667,-93.22499996666669
2015-01-09,0.39211347218165005,263.42499999999995,249.38750000000002,0.30000000000000004,68.725,0.08625000000000001,0.00078125,4.675,47.56666666666667,-93.22499996666669
2015-01-17,0.3490437383911138,272.43749999999994,264.075,0.1125,64.0125,0.15125,0.001955,4.4125,47.56666666666667,-93.22499996666669
2015-01-25,0.20347951182432633,267.8375,257.9,0.2,68.1125,0.07875000000000001,0.0016512500000000002,4.9,47.56666666666667,-93.22499996666669
2015-02-02,0.24904373839111377,265.2625,255.4875,0.1625,73.125,0.1025,0.00103125,3.5624999999999996,47.56666666666667,-93.22499996666669
2015-02-10,0.19730398247895065,260.67499999999995,249.7125,1.3,76.00000000000001,0.036250000000000004,0.00093,5.7,47.56666666666667,-93.22499996666669
2015-02-18,0.24654924561486258,260.8375,244.76250000000005,0.525,111.93750000000001,0.05499999999999999,0.0007149999999999999,5.775,47.56666666666667,-93.22499996666669
2015-02-26,0.4973039824789506,265.2375,247.025,0.7375,140.375,0.07625000000000001,0.0009125,5.4625,47.56666666666667,-93.22499996666669
2015-03-06,0.5517397559121632,280.1,269.05,0.037500000000000006,155.82500000000005,0.3725,0.0024675000000000005,4.387500000000001,47.56666666666667,-93.22499996666669
2015-03-14,0.7490437383911138,280.65,267.625,0.875,165.8625,0.3775,0.00256625,5.000000000000001,47.56666666666667,-93.22499996666669
2015-03-22,0.641358735317562,277.225,264.5625,1.2750000000000001,186.51250000000002,0.31375000000000003,0.0017637500000000001,6.050000000000001,47.56666666666667,-93.22499996666669
2015-03-30,0.7997984752552019,281.4375,267.86249999999995,0.0,213.11250000000007,0.3975,0.0024987499999999997,4.637500000000001,47.56666666666667,-93.22499996666669
2015-04-07,0.7971024577341526,286.22499999999997,271.2625,0.35,216.4375,0.6262500000000001,0.0029612500000000003,5.5,47.56666666666667,-93.22499996666669
2015-04-15,0.6463477208700645,284.46250000000003,272.0125,2.725,190.16250000000002,0.5525,0.0032300000000000007,6.7125,47.56666666666667,-93.22499996666669
2015-04-23,0.7463477208700644,288.0875,271.2625,0.0,247.78750000000005,0.7024999999999999,0.002895,3.825,47.56666666666667,-93.22499996666669
2015-05-01,0.9997984752552018,293.15,276.1875,0.45000000000000007,240.6875,0.78625,0.005211250000000001,5.8,47.56666666666667,-93.22499996666669
2015-05-09,1.2544357734332126,285.1,275.63750000000005,9.462499999999999,171.4375,0.34,0.00485875,4.95,47.56666666666667,-93.22499996666669
2015-05-17,1.4036810365691244,291.96250000000003,275.8375,3.4250000000000003,275.325,0.7862500000000001,0.00495125,4.8125,47.56666666666667,-93.22499996666669
2015-05-25,1.998490526271824,292.625,278.45,2.4875000000000003,235.91250000000002,0.6649999999999999,0.0062175,4.425000000000001,47.56666666666667,-93.22499996666669
2015-06-02,2.709274596356021,295.33750000000003,283.1,4.825,252.47500000000002,0.62875,0.00863375,4.862500000000001,47.56666666666667,-93.22499996666669
2015-06-10,3.5952125391922958,296.3875,280.8375,0.21250000000000002,273.4125,0.75125,0.0078125,3.925,47.56666666666667,-93.22499996666669
2015-06-18,4.034457226547287,296.325,281.96250000000003,5.0,247.38750000000005,0.7275,0.00820875,3.9375,47.56666666666667,-93.22499996666669
2015-06-26,3.94882353268602,298.2875,283.95,2.7625,264.7,0.8325,0.009138750000000001,3.2375000000000003,47.56666666666667,-93.22499996666669
2015-07-04,4.470648056243465,298.0875,284.0625,2.7125000000000004,273.875,0.9037499999999999,0.008960000000000003,4.9750000000000005,47.56666666666667,-93.22499996666669
2015-07-12,4.609915348274372,299.6875,288.3375,2.45,259.37500000000006,0.7449999999999999,0.0119425,4.9875,47.56666666666667,-93.22499996666669
2015-07-20,4.673142549019716,301.0625,286.1375,1.3500000000000003,274.52500000000003,1.1500000000000001,0.00974,4.4375,47.56666666666667,-93.22499996666669
2015-07-28,3.7963577973489575,297.41249999999997,284.475,0.8750000000000001,221.1375,0.9174999999999999,0.0083575,5.925000000000001,47.56666666666667,-93.22499996666669
2015-08-05,3.5072244387055775,298.0375,285.3125,3.2249999999999996,223.3625,0.77125,0.009815,3.6875,47.56666666666667,-93.22499996666669
2015-08-13,4.059362136155081,297.3375,284.6,4.775,203.72500000000002,0.8150000000000002,0.009648750000000001,5.200000000000001,47.56666666666667,-93.22499996666669
2015-08-21,3.8935015407193214,293.76249999999993,281.24999999999994,2.075,194.55,0.515,0.00855875,6.15,47.56666666666667,-93.22499996666669
2015-08-29,3.476766070710462,300.58750000000003,288.7625,5.3125,216.51250000000005,0.8362500000000002,0.01214875,5.475000000000001,47.56666666666667,-93.22499996666669
2015-09-06,3.1986920510166224,294.325,279.86249999999995,3.7375000000000003,175.3,0.5725,0.007831250000000001,4.4750000000000005,47.56666666666667,-93.22499996666669
2015-09-14,2.399798475255202,296.625,283.625,0.9875,177.6125,0.71625,0.00911,5.925000000000001,47.56666666666667,-93.22499996666669
2015-09-22,1.8995969505104036,291.25,280.7875,1.4125,141.9375,0.39625,0.0078087500000000015,4.2,47.56666666666667,-93.22499996666669
2015-09-30,1.1113660396426763,288.0875,272.52500000000003,1.225,141.66250000000002,0.44000000000000006,0.00455375,3.8125,47.56666666666667,-93.22499996666669
2015-10-08,1.1478571945982408,288.4125,276.11249999999995,0.625,119.0375,0.50375,0.005380000000000001,5.800000000000001,47.56666666666667,-93.22499996666669
2015-10-16,0.5946079649579012,284.21250000000003,271.8375,1.8125000000000002,108.9625,0.3675,0.0038575000000000007,5.050000000000001,47.56666666666667,-93.22499996666669
2015-10-24,0.6530477048955412,281.9125,273.95000000000005,3.3,89.775,0.1875,0.004612499999999999,4.9875,47.56666666666667,-93.22499996666669
2015-11-01,0.5971024577341526,284.65000000000003,274.4625,1.1375000000000002,75.61250000000001,0.27625,0.0050025,5.1875,47.56666666666667,-93.22499996666669
2015-11-09,0.5997984752552019,282.41249999999997,272.925,2.9000000000000004,66.8625,0.305,0.003953750000000001,5.387499999999999,47.56666666666667,-93.22499996666669
2015-11-17,0.55055321211929,274.65,266.6125,5.999999999999999,40.987500000000004,0.08750000000000001,0.0032225,5.3125,47.56666666666667,-93.22499996666669
2015-11-25,0.4997984752552018,273.4,263.6125,1.05,48.7,0.11750000000000001,0.0023475,3.9000000000000004,47.56666666666667,-93.22499996666669
2015-12-03,0.4453627018219893,277.3875,268.9375,2.15,60.112500000000004,0.18125,0.0029625,4.8375,47.56666666666667,-93.22499996666669
2015-12-11,0.39979847525520185,270.875,266.0875,2.575,40.25,0.04750000000000001,0.00267125,5.050000000000001,47.56666666666667,-93.22499996666669
2015-12-19,0.25443577343321255,269.3,262.15000000000003,0.375,54.050000000000004,0.08125000000000002,0.0019325000000000002,4.325,47.56666666666667,-93.22499996666669
2015-12-27,0.2,265.52,257.78000000000003,0.0,63.36,0.066,0.0013520000000000003,3.4400000000000004,47.56666666666667,-93.22499996666669
2016-01-01,0.19730398247895065,271.625,264.01250000000005,0.175,57.925,0.16625,0.0017862499999999999,4.4125,47.56666666666667,-93.22499996666669
2016-01-09,0.20249449277625123,258.025,247.27499999999998,0.95,50.462500000000006,0.027500000000000004,0.0008125000000000001,4.45,47.56666666666667,-93.22499996666669
2016-01-17,0.10498898555250244,263.09999999999997,254.95,0.2875,64.10000000000001,0.03375,0.00123375,3.6375,47.56666666666667,-93.22499996666669
2016-01-25,0.1567287414646656,272.8875,263.6375,1.2625000000000002,68.025,0.15999999999999998,0.00203375,4.650000000000001,47.56666666666667,-93.22499996666669
2016-02-02,0.1555421976717923,268.40000000000003,256.49999999999994,1.0250000000000001,73.2,0.11000000000000001,0.00149125,5.6375,47.56666666666667,-93.22499996666669
2016-02-10,0.10498898555250244,264.42499999999995,248.8125,0.5750000000000001,113.60000000000001,0.06125,0.00086125,4.4125000000000005,47.56666666666667,-93.22499996666669
2016-02-26,0.2567287414646656,272.025,258.45,0.8,136.0875,0.17125,0.00155,3.7625,47.56666666666667,-93.22499996666669
2016-03-05,0.3542342486884144,282.675,270.825,1.0,178.00000000000003,0.4,0.0029600000000000004,4.3625,47.56666666666667,-93.22499996666669
2016-03-13,0.5517397559121632,278.575,269.74999999999994,7.200000000000001,126.60000000000001,0.28625,0.0029975,3.7000000000000006,47.56666666666667,-93.22499996666669
2016-03-21,0.6024944927762512,279.125,267.5875,0.5875,188.58750000000003,0.27125,0.0024200000000000003,3.2500000000000004,47.56666666666667,-93.22499996666669
2016-03-29,0.6000000000000001,277.6875,266.825,2.9375,162.875,0.28125000000000006,0.0025337500000000004,5.0625,47.56666666666667,-93.22499996666669
2016-04-06,0.6973039824789506,277.5375,265.6375,0.4625,170.175,0.22999999999999998,0.00225375,5.675,47.56666666666667,-93.22499996666669
2016-04-14,0.8453627018219894,292.86249999999995,277.8375,1.1125,195.48749999999998,0.8400000000000001,0.0055337500000000005,5.15,47.56666666666667,-93.22499996666669
2016-04-22,0.6961174386860773,284.625,273.3375,3.6875,189.58750000000003,0.44749999999999995,0.00352,4.612500000000001,47.56666666666667,-93.22499996666669
2016-04-30,0.9973039824789505,294.2625,274.5625,0.0625,273.21250000000003,1.00875,0.00423875,5.0,47.56666666666667,-93.22499996666669
2016-05-08,1.3517397559121633,286.9125,275.75,0.7625,196.41250000000002,0.5475000000000001,0.00433125,5.3375,47.56666666666667,-93.22499996666669
2016-05-16,1.23478015648259,295.8375,277.45,0.30000000000000004,288.63750000000005,0.95,0.00523,4.487500000000001,47.56666666666667,-93.22499996666669
2016-05-24,1.8881095056772228,293.925,282.8125,5.362500000000001,232.6125,0.6325,0.00810125,4.0125,47.56666666666667,-93.22499996666669
2016-06-01,2.642868209045738,292.0125,280.0375,2.5125,229.20000000000005,0.44625000000000004,0.0071075,4.7625,47.56666666666667,-93.22499996666669
2016-06-09,3.158116810002337,295.625,284.3875,7.3,267.17500000000007,0.4674999999999999,0.00988375,4.6625000000000005,47.56666666666667,-93.22499996666669
2016-06-17,4.065478883140586,298.6125,284.5875,2.0875000000000004,279.3,0.7525000000000002,0.009915,4.7,47.56666666666667,-93.22499996666669
2016-06-25,4.084687508731275,296.22499999999997,281.875,1.6500000000000001,256.1125,0.7525000000000001,0.008705000000000001,4.5125,47.56666666666667,-93.22499996666669
2016-07-03,4.274104963391875,297.925,286.0625,9.987500000000002,260.70000000000005,0.5225000000000001,0.011007500000000002,3.9125,47.56666666666667,-93.22499996666669
2016-07-11,4.030618607103703,296.225,285.75,3.1624999999999996,238.23749999999998,0.5975,0.01033875,5.4,47.56666666666667,-93.22499996666669
2016-07-19,4.357211910508556,301.82500000000005,288.5,0.8500000000000001,287.3,0.8462500000000001,0.012845,4.575,47.56666666666667,-93.22499996666669
2016-07-27,4.301566988606554,299.425,285.975,8.012500000000001,244.82500000000005,0.63,0.01161875,3.9749999999999996,47.56666666666667,-93.22499996666669
2016-08-04,3.380768769733396,297.81250000000006,285.65000000000003,6.3375,242.82500000000002,0.5175,0.011380000000000001,4.6000000000000005,47.56666666666667,-93.22499996666669
2016-08-12,4.048138838897332,298.3,285.59999999999997,1.0,221.4875,0.71375,0.01085625,3.1375,47.56666666666667,-93.22499996666669
2016-08-20,3.8556223172260857,295.91249999999997,283.5875,2.0625,195.0,0.5862499999999999,0.009138750000000001,5.325000000000001,47.56666666666667,-93.22499996666669
2016-08-28,3.692919571160843,296.45,283.53749999999997,7.85,215.825,0.5562500000000001,0.00961875,5.3875,47.56666666666667,-93.22499996666669
2016-09-05,3.0392672920309067,294.6875,283.2875,4.375,198.15,0.5875,0.009410000000000002,4.55,47.56666666666667,-93.22499996666669
2016-09-13,2.5,292.0875,278.3875,0.5750000000000001,171.31250000000003,0.33999999999999997,0.00780375,4.4125000000000005,47.56666666666667,-93.22499996666669
2016-09-21,1.99211347218165,288.925,281.1875,6.25,122.825,0.28624999999999995,0.00766,6.2625,47.56666666666667,-93.22499996666669
2016-09-29,1.4490437383911137,291.48749999999995,278.8875,1.5125,148.26250000000002,0.5537500000000001,0.0067875,4.7125,47.56666666666667,-93.22499996666669
2016-10-07,0.9971024577341525,284.5125,275.275,0.425,108.375,0.2425,0.004900000000000001,5.925000000000001,47.56666666666667,-93.22499996666669
2016-10-15,0.9997984752552018,284.78749999999997,272.7125,2.1125000000000003,106.05000000000001,0.28375,0.00497875,4.3374999999999995,47.56666666666667,-93.22499996666669
2016-10-23,0.6946079649579013,281.25,274.20000000000005,0.1375,97.36250000000001,0.1575,0.004625000000000001,4.25,47.56666666666667,-93.22499996666669
2016-10-31,0.5997984752552019,288.2875,273.925,0.125,85.3625,0.46,0.00504875,5.012500000000001,47.56666666666667,-93.22499996666669
2016-11-08,0.5997984752552019,285.35,271.30000000000007,0.037500000000000006,83.31249999999999,0.41125,0.00378375,5.025,47.56666666666667,-93.22499996666669
2016-11-16,0.45423424868841433,274.0375,266.55,7.4875,48.25,0.10750000000000001,0.0027925000000000003,5.275,47.56666666666667,-93.22499996666669
2016-11-24,0.3567287414646656,275.1375,271.28749999999997,2.5375000000000005,41.050000000000004,0.11875000000000001,0.00337375,3.85,47.56666666666667,-93.22499996666669
2016-12-02,0.30347951182432636,269.425,264.625,2.0,49.575,0.11124999999999999,0.00214625,5.375,47.56666666666667,-93.22499996666669
2016-12-10,0.3465492456148626,257.83750000000003,248.25,0.5125000000000001,46.61250000000001,0.02375,0.0007650000000000001,4.6625,47.56666666666667,-93.22499996666669
2016-12-18,0.29828900152702575,270.9375,259.34999999999997,2.0375,53.43750000000001,0.1125,0.00166875,5.6875,47.56666666666667,-93.22499996666669
2016-12-26,0.3967795277988497,267.8666666666666,258.05,1.1,47.833333333333336,0.08166666666666667,0.0016316666666666667,5.633333333333334,47.56666666666667,-93.22499996666669
2017-01-01,0.1076850030735518,260.875,247.95000000000005,1.2625,54.775000000000006,0.037500000000000006,0.0009600000000000001,4.824999999999999,47.56666666666667,-93.22499996666669
2017-01-09,0.10519051029730059,265.4375,248.3625,0.7625,73.7,0.09625,0.0009175000000000001,4.4875,47.56666666666667,-93.22499996666669
2017-01-17,0.10249449277625122,275.9375,269.1625,0.675,60.375,0.20999999999999996,0.0026262499999999997,3.3499999999999996,47.56666666666667,-93.22499996666669
2017-01-25,0.14805871934303866,268.625,261.01250000000005,1.1125,72.9375,0.09875,0.0016337500000000002,4.575,47.56666666666667,-93.22499996666669
2017-02-02,0.14805871934303866,264.04999999999995,252.04999999999998,1.9875000000000003,96.51249999999999,0.08,0.0008850000000000003,4.699999999999999,47.56666666666667,-93.22499996666669
2017-02-10,0.14805871934303866,276.65000000000003,264.15,0.0,107.65,0.27375000000000005,0.0019525000000000002,5.2125,47.56666666666667,-93.22499996666669
2017-02-18,0.14805871934303866,277.58750000000003,266.85,3.075,116.62500000000001,0.275,0.00252,4.8,47.56666666666667,-93.22499996666669
2017-02-26,0.2,272.35,259.075,0.05,149.9625,0.15749999999999997,0.0017400000000000002,4.8500000000000005,47.56666666666667,-93.22499996666669
2017-03-06,0.29979847525520187,267.7125,255.58749999999998,0.75,154.1625,0.10124999999999999,0.0013425000000000002,6.4125000000000005,47.56666666666667,-93.22499996666669
2017-03-14,0.40867002212162695,276.08750000000003,262.725,1.2875,172.125,0.21875,0.00207375,5.1000000000000005,47.56666666666667,-93.22499996666669
2017-03-22,0.5024944927762511,280.57500000000005,269.82500000000005,1.9500000000000002,185.57500000000002,0.30125,0.0031125000000000002,3.3500000000000005,47.56666666666667,-93.22499996666669
2017-03-30,0.7024944927762512,285.375,270.6375,0.0,221.0875,0.465,0.0032562500000000005,4.0375000000000005,47.56666666666667,-93.22499996666669
2017-04-07,0.6606113027785883,288.425,272.3125,0.0,238.4625,0.65375,0.00344375,4.65,47.56666666666667,-93.22499996666669
2017-04-15,0.8378792234932356,286.5125,273.1375,6.0249999999999995,221.21250000000003,0.4625,0.004158750000000001,4.187500000000001,47.56666666666667,-93.22499996666669
2017-04-23,0.9946079649579012,279.81249999999994,270.43750000000006,2.375,163.8375,0.29000000000000004,0.00310625,5.2,47.56666666666667,-93.22499996666669
2017-05-01,0.9024944927762513,289.86249999999995,274.25,1.8875000000000002,225.7125,0.71375,0.0038824999999999997,4.375000000000001,47.56666666666667,-93.22499996666669
2017-05-09,1.256930266209464,292.125,277.175,0.9,230.58750000000003,0.6800000000000002,0.00541875,3.775,47.56666666666667,-93.22499996666669
2017-05-17,1.9544357734332125,286.2375,275.3625,1.9625000000000001,210.225,0.36374999999999996,0.0048825000000000006,4.5375,47.56666666666667,-93.22499996666669
2017-05-25,1.9130770381156506,292.2125,278.9,3.9,246.1125,0.7050000000000001,0.005826250000000001,5.2625,47.56666666666667,-93.22499996666669
2017-06-02,3.4467507703596603,299.6625,282.65000000000003,1.475,295.75000000000006,1.01625,0.008495,4.575,47.56666666666667,-93.22499996666669
2017-06-10,3.415651650446195,297.16249999999997,284.45,6.8875,244.37500000000003,0.7099999999999999,0.0094475,5.612500000000001,47.56666666666667,-93.22499996666669
2017-06-18,3.903962680868216,292.1875,281.2,5.0625,215.91250000000002,0.5375000000000001,0.00719875,5.1625000000000005,47.56666666666667,-93.22499996666669
2017-06-26,3.469505454320929,294.525,282.675,2.0,241.08750000000003,0.5825,0.00835625,3.7250000000000005,47.56666666666667,-93.22499996666669
2017-07-04,3.7125725318773384,299.58750000000003,285.27500000000003,5.1125,283.625,0.8175000000000001,0.010511250000000003,3.812500000000001,47.56666666666667,-93.22499996666669
2017-07-12,3.5776347925202883,296.875,283.475,1.9500000000000002,262.4875,0.5775,0.010110000000000001,4.25,47.56666666666667,-93.22499996666669
2017-07-20,4.291611622177465,299.825,285.825,2.3375000000000004,270.02500000000003,0.8725,0.01041375,4.0375000000000005,47.56666666666667,-93.22499996666669
2017-07-28,4.090526535133307,298.575,285.2375,1.2375,237.0875,0.89375,0.009625,4.0375,47.56666666666667,-93.22499996666669
2017-08-05,3.5592258904750445,297.525,281.7625,2.375,239.775,0.88125,0.0078000000000000005,2.6875,47.56666666666667,-93.22499996666669
2017-08-13,4.164573983646805,296.675,283.475,9.275,200.1125,0.585,0.009810000000000001,3.7875000000000005,47.56666666666667,-93.22499996666669
2017-08-21,3.9685779501512313,292.5125,281.2125,3.7500000000000004,160.26250000000002,0.40249999999999997,0.008226250000000001,3.6125,47.56666666666667,-93.22499996666669
2017-08-29,3.6639118945340323,294.825,281.525,2.7,191.38750000000002,0.64625,0.00799375,5.3125,47.56666666666667,-93.22499996666669
2017-09-06,3.206377054090174,295.05,280.3,0.2,181.7125,0.645,0.007942500000000002,4.4125000000000005,47.56666666666667,-93.22499996666669
2017-09-14,2.206175529345376,292.82500000000005,281.6,6.0375000000000005,167.725,0.35,0.009013750000000001,5.0625,47.56666666666667,-93.22499996666669
2017-09-22,2.0490437383911138,291.29999999999995,281.7375,5.15,123.81250000000001,0.22000000000000003,0.009400000000000002,4.1375,47.56666666666667,-93.22499996666669
2017-09-30,1.2997984752552019,288.2125,277.4875,2.8125,123.725,0.30874999999999997,0.006345,5.000000000000001,47.56666666666667,-93.22499996666669
2017-10-08,1.099798475255202,285.3625,272.06249999999994,0.55,141.92499999999998,0.3475,0.0042675000000000005,4.6625000000000005,47.56666666666667,-93.22499996666669
2017-10-16,0.7049889855525024,290.7749999999999,276.875,0.4625000000000001,119.86250000000001,0.5912500000000002,0.005397500000000001,6.9125,47.56666666666667,-93.22499996666669
2017-10-24,0.45423424868841433,276.1875,270.1375,2.1375000000000006,71.5125,0.15500000000000003,0.0031125000000000007,6.0875,47.56666666666667,-93.22499996666669
2017-11-01,0.4997984752552018,271.77500000000003,264.38749999999993,2.85,63.56250000000001,0.055,0.0024887500000000005,4.675000000000001,47.56666666666667,-93.22499996666669
2017-11-09,0.30768500307355184,271.5375,262.575,0.25,70.31250000000001,0.08375,0.0023262499999999998,5.175,47.56666666666667,-93.22499996666669
2017-11-17,0.4438532280938132,272.15,261.3375,0.55,57.6,0.06625,0.00236,5.3999999999999995,47.56666666666667,-93.22499996666669
2017-11-25,0.5994755453198991,276.3875,266.07500000000005,0.0,63.29999999999999,0.18125,0.0025275000000000002,5.125,47.56666666666667,-93.22499996666669
2017-12-03,0.7472113347276349,268.5,260.6,1.65,45.93750000000001,0.08499999999999999,0.0017525000000000002,5.925000000000002,47.56666666666667,-93.22499996666669
2017-12-11,1.5475504939051046,267.3625,260.7875,0.875,44.21249999999999,0.05625,0.0017687500000000001,4.1875,47.56666666666667,-93.22499996666669
2017-12-19,0.8976431416564201,259.96250000000003,248.66249999999997,0.5,45.775000000000006,0.01125,0.00106875,4.550000000000001,47.56666666666667,-93.22499996666669
2017-12-27,0.6979660715917229,256.15999999999997,243.02000000000004,0.32,44.28,0.038,0.0005620000000000001,4.140000000000001,47.56666666666667,-93.22499996666669
2018-01-01,0.20249449277625123,261.09999999999997,246.7375,0.1875,69.69999999999999,0.07,0.0007262500000000001,4.775,47.56666666666667,-93.22499996666669
2018-01-09,0.10788652781834997,262.325,248.95,2.4749999999999996,57.712500000000006,0.07,0.0009212500000000002,5.612500000000001,47.56666666666667,-93.22499996666669
2018-01-17,0.2051905102973006,272.53749999999997,261.45,0.0,82.15,0.17500000000000002,0.00166875,3.6750000000000003,47.56666666666667,-93.22499996666669
2018-01-25,0.10519051029730059,266.1125,253.96249999999998,0.48750000000000004,84.825,0.10250000000000001,0.0012125000000000003,5.712500000000001,47.56666666666667,-93.22499996666669
2018-02-02,0.15324922964033927,259.8125,244.4125,0.3625,93.5875,0.0475,0.0005875,3.8375000000000004,47.56666666666667,-93.22499996666669
2018-02-10,0.10249449277625122,268.3375,252.8875,0.08750000000000001,116.08749999999999,0.13625,0.0011012500000000002,5.5125,47.56666666666667,-93.22499996666669
2018-02-18,0.053249229640339256,268.13750000000005,252.8,4.375,101.15,0.08,0.0013037500000000002,4.7375,47.56666666666667,-93.22499996666669
2018-02-26,0.053249229640339256,278.475,262.78749999999997,0.0,135.8125,0.27125000000000005,0.0021125000000000002,4.75,47.56666666666667,-93.22499996666669
2018-03-06,0.10249449277625122,273.9875,258.475,0.0,161.7,0.14125000000000001,0.00184,3.6000000000000005,47.56666666666667,-93.22499996666669
2018-03-14,0.10249449277625122,277.0,262.475,0.0,181.3125,0.255,0.0019000000000000002,2.8125000000000004,47.56666666666667,-93.22499996666669
2018-03-22,0.1,277.2875,265.975,2.625,189.55,0.25,0.00226,4.687500000000001,47.56666666666667,-93.22499996666669
2018-03-30,0.14924526313591197,270.22499999999997,258.875,0.3375,185.83750000000003,0.13375,0.0013950000000000002,4.975000000000001,47.56666666666667,-93.22499996666669
2018-04-07,0.4997984752552018,275.7875,263.8375,1.1375000000000002,226.46250000000003,0.23750000000000002,0.00194625,4.125,47.56666666666667,-93.22499996666669
2018-04-15,0.5495681930712148,283.2375,268.4375,1.5375,258.825,0.50375,0.0024887500000000005,4.362500000000001,47.56666666666667,-93.22499996666669
2018-04-23,0.7505532121192899,288.5875,272.8125,0.5,248.6,0.63375,0.0037875,5.4,47.56666666666667,-93.22499996666669
2018-05-01,0.7606113027785883,293.0625,276.0625,0.5125000000000001,236.55,0.84125,0.004841250000000001,3.6125000000000007,47.56666666666667,-93.22499996666669
2018-05-09,1.1559452471613887,293.05,275.3,0.775,269.9375,0.85125,0.00482375,3.925,47.56666666666667,-93.22499996666669
2018-05-17,1.8049889855525025,296.1,279.8875,3.5,285.9875,0.8712500000000001,0.007095000000000001,4.612500000000001,47.56666666666667,-93.22499996666669
2018-05-25,2.458641264682438,299.46250000000003,285.9875,3.35,279.86250000000007,0.9687500000000001,0.010015,4.300000000000001,47.56666666666667,-93.22499996666669
2018-06-02,2.9441761580291157,293.6875,280.4,6.9125000000000005,255.97499999999997,0.5562499999999999,0.007705,4.8500000000000005,47.56666666666667,-93.22499996666669
2018-06-10,3.5313807642125568,297.5,285.375,5.912500000000001,258.61250000000007,0.61625,0.010492500000000002,4.7,47.56666666666667,-93.22499996666669
2018-06-18,3.5285109345748804,299.47499999999997,284.1125,0.6125,267.9125,0.77625,0.010320000000000001,3.1125,47.56666666666667,-93.22499996666669
2018-06-26,3.8571118425124733,298.88750000000005,287.29999999999995,10.9625,241.03750000000002,0.51125,0.012673750000000001,4.012500000000001,47.56666666666667,-93.22499996666669
2018-07-04,4.510259615404096,300.26249999999993,287.4375,4.3875,274.50000000000006,0.7062500000000002,0.012320000000000001,5.2,47.56666666666667,-93.22499996666669
2018-07-12,3.8590792243744962,299.8125,286.2375,0.08750000000000001,285.275,0.8562500000000001,0.010760000000000002,3.9125,47.56666666666667,-93.22499996666669
2018-07-20,4.595615588681893,297.25,284.425,2.7500000000000004,222.5625,0.66125,0.009823750000000001,3.75,47.56666666666667,-93.22499996666669
2018-07-28,4.213681612350045,296.95,283.3500000000001,0.2625,250.82500000000002,0.6425000000000002,0.009863750000000001,3.6500000000000004,47.56666666666667,-93.22499996666669
2018-08-05,4.698692051016622,300.83750000000003,285.425,0.0,254.06250000000003,0.9025000000000001,0.01087,3.45,47.56666666666667,-93.22499996666669
2018-08-13,3.315574187126029,298.90000000000003,284.65,0.0,239.28750000000002,0.8350000000000002,0.009813750000000001,3.4625000000000004,47.56666666666667,-93.22499996666669
2018-08-21,3.89889357576142,295.3625,284.1,2.875,199.10000000000002,0.565,0.0096775,4.2,47.56666666666667,-93.22499996666669
2018-08-29,3.4521428054017598,295.725,280.6875,3.9750000000000005,204.9,0.5075,0.00904375,4.3375,47.56666666666667,-93.22499996666669
2018-09-06,2.805392035042099,295.825,283.7375,0.9000000000000001,180.36249999999998,0.6575000000000001,0.00891125,5.4125,47.56666666666667,-93.22499996666669
2018-09-14,1.8053920350420989,291.17499999999995,281.8375,6.8999999999999995,158.825,0.20875000000000002,0.009455,4.4875,47.56666666666667,-93.22499996666669
2018-09-22,1.4639118945340321,284.3125,275.6375,2.9,117.75,0.1825,0.00555625,4.925000000000001,47.56666666666667,-93.22499996666669
2018-09-30,0.9952125391922957,280.95,274.2375,3.1875,111.40000000000003,0.17250000000000001,0.0046700000000000005,4.112500000000001,47.56666666666667,-93.22499996666669
2018-10-08,0.7480587193430386,276.325,271.625,5.4375,68.3375,0.09999999999999999,0.00361375,5.7375,47.56666666666667,-93.22499996666669
2018-10-16,0.6505532121192898,281.53749999999997,270.41249999999997,0.1625,114.30000000000001,0.31625,0.00339625,5.825,47.56666666666667,-93.22499996666669
2018-10-24,0.5946079649579012,279.75,274.29999999999995,2.9125,81.2125,0.11125000000000002,0.004602500000000001,4.7125,47.56666666666667,-93.22499996666669
2018-11-01,0.5,275.425,268.1625,1.25,60.72500000000001,0.11875000000000001,0.0030174999999999998,3.1375,47.56666666666667,-93.22499996666669
2018-11-09,0.4973039824789506,268.7375,260.3,0.8,57.3625,0.065,0.0018350000000000003,5.125,47.56666666666667,-93.22499996666669
2018-11-17,0.2948094897026995,269.1375,260.6125,0.4375,59.425000000000004,0.08499999999999999,0.0018900000000000006,5.2125,47.56666666666667,-93.22499996666669
2018-11-25,0.3936229459098261,268.375,263.75000000000006,0.5375000000000001,46.7875,0.0625,0.00199875,5.087500000000001,47.56666666666667,-93.22499996666669
2018-12-03,0.2963189634308755,268.3625,256.9,0.125,57.5625,0.06375,0.001605,3.8625000000000003,47.56666666666667,-93.22499996666669
2018-12-11,0.6251251153128878,274.3375,263.47499999999997,0.0,61.900000000000006,0.18,0.0020275,4.300000000000001,47.56666666666667,-93.22499996666669
2018-12-19,0.3428682090457381,269.82500000000005,261.61249999999995,2.225,39.7875,0.08500000000000002,0.0018700000000000004,3.4750000000000005,47.56666666666667,-93.22499996666669
2018-12-27,0.3428682090457381,265.78000000000003,252.72000000000003,3.6800000000000006,48.1,0.024,0.00148,4.94,47.56666666666667,-93.22499996666669
2019-01-01,0.1,271.03749999999997,259.2625,0.6000000000000001,52.4625,0.1525,0.0016025000000000002,5.062500000000001,47.56666666666667,-93.22499996666669
2019-01-09,0.10249449277625122,267.22499999999997,257.7875,0.0,62.125,0.0775,0.00149125,4.050000000000001,47.56666666666667,-93.22499996666669
2019-01-17,0.10249449277625122,259.3625,245.8,0.9875,77.73750000000001,0.04000000000000001,0.0007149999999999999,3.6999999999999997,47.56666666666667,-93.22499996666669
2019-01-25,0.10249449277625122,254.03750000000002,238.52499999999998,0.4625,77.07500000000002,0.025,0.00045125000000000005,4.6499999999999995,47.56666666666667,-93.22499996666669
2019-02-02,0.1,261.62500000000006,250.65,3.4000000000000004,78.9375,0.05875000000000001,0.00089875,4.5625,47.56666666666667,-93.22499996666669
2019-02-10,0.1,267.11249999999995,253.3125,1.1375000000000002,98.525,0.075,0.0012475,4.187500000000001,47.56666666666667,-93.22499996666669
2019-02-18,0.10249449277625122,267.40000000000003,253.55,1.7750000000000004,100.875,0.07875,0.001375,4.3875,47.56666666666667,-93.22499996666669
2019-02-26,0.10249449277625122,262.175,247.225,0.4,120.2625,0.04875,0.0008162500000000001,4.1875,47.56666666666667,-93.22499996666669
2019-03-06,0.10249449277625122,273.125,258.96250000000003,4.325,147.08750000000003,0.14875,0.0019325,4.7875000000000005,47.56666666666667,-93.22499996666669
2019-03-14,0.1,277.6,265.7625,0.47500000000000003,165.13750000000002,0.2375,0.0024062500000000004,4.7124999999999995,47.56666666666667,-93.22499996666669
2019-03-22,0.2,280.575,264.5625,0.0,218.53750000000002,0.33375,0.0023275,4.425000000000001,47.56666666666667,-93.22499996666669
2019-03-30,0.30249449277625123,277.1375,267.775,0.4,180.5375,0.22625,0.0025900000000000003,4.75,47.56666666666667,-93.22499996666669
2019-04-07,0.5024944927762511,277.7625,268.8,5.3125,168.45,0.21499999999999997,0.00289375,4.9125000000000005,47.56666666666667,-93.22499996666669
2019-04-15,0.5997984752552019,287.375,273.475,3.4125,201.8375,0.5050000000000001,0.00416625,4.4,47.56666666666667,-93.22499996666669
2019-04-23,0.7024944927762512,286.4375,272.675,1.0750000000000002,222.8,0.6012500000000001,0.0033537500000000004,4.75,47.56666666666667,-93.22499996666669
2019-05-01,0.9997984752552018,284.20000000000005,271.5625,2.05,199.83750000000003,0.38875,0.0035887500000000004,3.7875000000000005,47.56666666666667,-93.22499996666669
2019-05-09,0.8063770540901739,290.5875,274.725,0.6625000000000001,228.875,0.65625,0.00454,5.1375,47.56666666666667,-93.22499996666669
2019-05-17,1.6465492456148625,286.58750000000003,277.2,2.7750000000000004,196.9,0.47,0.004741250000000001,5.025,47.56666666666667,-93.22499996666669
2019-05-25,1.731179239467759,293.0125,276.96250000000003,0.5875,258.45,0.6575,0.006132500000000001,3.6500000000000004,47.56666666666667,-93.22499996666669
2019-06-02,2.547534264662938,297.375,282.83750000000003,0.7875000000000001,265.5,0.8462500000000001,0.00869375,4.5875,47.56666666666667,-93.22499996666669
2019-06-10,3.0938819855330024,293.13749999999993,279.1875,0.725,259.8625,0.68125,0.0062900000000000005,3.7875,47.56666666666667,-93.22499996666669
2019-06-18,3.5967795277988497,295.5125,282.975,4.0875,246.675,0.7075,0.00813375,3.85,47.56666666666667,-93.22499996666669
2019-06-26,3.998870971085504,301.1125,285.8625,3.4625000000000004,285.425,1.01125,0.0104475,3.0,47.56666666666667,-93.22499996666669
2019-07-04,4.252926299705036,299.3875,285.075,2.125,265.8625,0.735,0.010795000000000003,3.85,47.56666666666667,-93.22499996666669
2019-07-12,4.5531278244498345,300.8875,287.4125,3.4000000000000004,275.1125,0.76375,0.0123125,4.125,47.56666666666667,-93.22499996666669
2019-07-20,4.501388068537672,299.5875,285.1,1.1875,265.01250000000005,1.02125,0.009130000000000001,4.5874999999999995,47.56666666666667,-93.22499996666669
2019-07-28,4.479260563486713,299.33750000000003,284.97499999999997,0.8500000000000001,249.3375,0.8150000000000001,0.0103975,3.85,47.56666666666667,-93.22499996666669
2019-08-05,4.611702542586019,297.4,282.91249999999997,2.5125,222.32500000000005,0.80125,0.008560000000000002,3.5625000000000004,47.56666666666667,-93.22499996666669
2019-08-13,4.396399082985169,297.4,283.1,1.35,215.9625,0.76125,0.00888875,4.25,47.56666666666667,-93.22499996666669
2019-08-21,3.829266716249987,293.33750000000003,282.53749999999997,5.0375000000000005,178.8625,0.5325,0.008108750000000001,5.737500000000001,47.56666666666667,-93.22499996666669
2019-08-29,2.868238790973762,291.87499999999994,280.47499999999997,2.1,181.53750000000002,0.42999999999999994,0.0075362499999999995,4.4625,47.56666666666667,-93.22499996666669
2019-09-06,2.557131790954262,288.775,280.50000000000006,6.050000000000001,134.0125,0.19874999999999998,0.00791375,4.425000000000001,47.56666666666667,-93.22499996666669
2019-09-14,1.851538231167365,296.65,284.425,2.6625000000000005,166.48749999999998,0.31875000000000003,0.011701250000000002,5.7375,47.56666666666667,-93.22499996666669
2019-09-22,1.5465492456148624,288.9,276.9125,3.6875,142.375,0.3225,0.00644125,4.6875,47.56666666666667,-93.22499996666669
2019-09-30,1.1544357734332125,283.475,276.6375,4.25,121.81250000000003,0.1625,0.005698750000000001,5.000000000000001,47.56666666666667,-93.22499996666669
2019-10-08,0.9380807482380338,283.31249999999994,276.325,2.6125000000000003,82.075,0.31,0.004951250000000001,5.625,47.56666666666667,-93.22499996666669
2019-10-16,0.7022929680314531,283.675,273.475,3.7875,95.14999999999999,0.2525,0.00469625,5.825000000000001,47.56666666666667,-93.22499996666669
2019-10-24,0.6024944927762512,277.025,269.36249999999995,0.0,89.89999999999999,0.275,0.00256125,5.237500000000001,47.56666666666667,-93.22499996666669
2019-11-01,0.6024944927762512,270.8875,262.28749999999997,0.3625,53.225,0.09250000000000001,0.00201,4.65,47.56666666666667,-93.22499996666669
2019-11-09,0.5,268.91249999999997,259.9375,0.3375,65.2,0.0975,0.0017062500000000003,5.2375,47.56666666666667,-93.22499996666669
2019-11-17,0.3923149969264482,274.42499999999995,268.2125,1.9500000000000002,53.987500000000004,0.11125,0.0028600000000000006,4.0625,47.56666666666667,-93.22499996666669
2019-11-25,0.3517397559121632,271.13750000000005,263.1375,4.2749999999999995,45.837500000000006,0.04875000000000001,0.0024500000000000004,4.9125000000000005,47.56666666666667,-93.22499996666669
2019-12-03,0.2948094897026995,268.03749999999997,259.03749999999997,1.6125,50.974999999999994,0.08875,0.00167375,4.6625,47.56666666666667,-93.22499996666669
2019-12-11,0.3009850190480751,262.6,248.9125,0.5750000000000001,57.3125,0.048749999999999995,0.0009625000000000001,4.025,47.56666666666667,-93.22499996666669
2019-12-19,0.24904373839111377,273.4375,264.9375,0.5375,57.525000000000006,0.205,0.0018775000000000003,3.7875,47.56666666666667,-93.22499996666669
2019-12-27,0.20098501904807514,270.76000000000005,261.94,6.26,39.96000000000001,0.08399999999999999,0.002032,5.7,47.56666666666667,-93.22499996666669
2020-01-01,0.1,269.25,258.85,0.4,60.8875,0.13375,0.0014412500000000003,4.7250000000000005,47.56666666666667,-93.22499996666669
2020-01-09,0.1,263.08750000000003,250.3125,1.4625000000000001,62.875,0.04625000000000001,0.0010562500000000001,4.187500000000001,47.56666666666667,-93.22499996666669
2020-01-17,0.1,268.20000000000005,258.3,1.9000000000000001,69.85,0.08625000000000001,0.0015175000000000002,5.1625,47.56666666666667,-93.22499996666669
2020-01-25,0.10249449277625122,269.85,264.65,0.0,79.9375,0.12375,0.00182375,2.85,47.56666666666667,-93.22499996666669
2020-02-02,0.10249449277625122,268.5,252.325,0.0,91.9875,0.10500000000000001,0.0012250000000000002,4.112500000000001,47.56666666666667,-93.22499996666669
2020-02-10,0.10249449277625122,267.6625,251.14999999999998,0.65,109.45,0.1175,0.0010600000000000002,5.062500000000001,47.56666666666667,-93.22499996666669
2020-02-18,0.10249449277625122,272.825,253.48749999999998,0.0,129.68750000000003,0.20249999999999999,0.00137,4.9125000000000005,47.56666666666667,-93.22499996666669
2020-02-26,0.10249449277625122,273.08750000000003,258.66249999999997,0.1,150.3375,0.15125,0.0018262500000000002,4.725,47.56666666666667,-93.22499996666669
2020-03-05,0.10249449277625122,277.55,264.5875,0.35000000000000003,149.22500000000002,0.25625000000000003,0.0022587500000000003,4.9375,47.56666666666667,-93.22499996666669
2020-03-13,0.20249449277625123,273.4375,261.35,1.05,135.15,0.14750000000000002,0.0019275,4.574999999999999,47.56666666666667,-93.22499996666669
2020-03-21,0.4517397559121632,279.13750000000005,265.4875,0.6125,204.63750000000002,0.29375,0.0023925000000000005,4.175000000000001,47.56666666666667,-93.22499996666669
2020-03-29,0.40498898555250246,282.225,267.7125,2.25,220.7625,0.42375,0.00245,4.1125,47.56666666666667,-93.22499996666669
2020-04-06,0.6973039824789506,279.8125,268.475,0.7625,198.05,0.33625000000000005,0.0025725,5.9625,47.56666666666667,-93.22499996666669
2020-04-14,0.7973039824789506,278.5875,266.3,0.0,189.46249999999998,0.37875000000000003,0.0017550000000000003,5.2875000000000005,47.56666666666667,-93.22499996666669
2020-04-22,0.8973039824789506,289.45,273.0375,0.9500000000000001,261.5375,0.65375,0.0038275000000000006,4.0625,47.56666666666667,-93.22499996666669
2020-04-30,0.8517397559121632,288.025,272.54999999999995,0.5125000000000001,251.66250000000002,0.6275000000000001,0.0035012500000000005,4.775,47.56666666666667,-93.22499996666669
2020-05-08,1.051538231167365,284.84999999999997,272.09999999999997,0.5125000000000001,246.81250000000003,0.5225,0.0031125,4.6000000000000005,47.56666666666667,-93.22499996666669
2020-05-16,1.8024944927762512,295.66249999999997,280.875,0.0625,273.62500000000006,0.9,0.00657125,4.862500000000001,47.56666666666667,-93.22499996666669
2020-05-24,2.066786832123964,294.7,281.4125,2.5625,252.90000000000003,0.7625,0.00726125,4.1125,47.56666666666667,-93.22499996666669
2020-06-01,2.8983691210813194,297.475,283.30000000000007,5.6000000000000005,289.475,0.80875,0.008766250000000001,5.3625,47.56666666666667,-93.22499996666669
2020-06-09,3.2571317909542623,295.46250000000003,282.7625,4.187500000000001,276.82500000000005,0.73,0.0083525,6.512500000000001,47.56666666666667,-93.22499996666669
2020-06-17,3.999095100506218,297.1625,282.9125,0.9125000000000001,261.5,0.74625,0.008931250000000002,4.4625,47.56666666666667,-93.22499996666669
2020-06-25,4.243472783280132,302.325,287.6875,1.1375000000000002,299.7125,0.9700000000000001,0.01218875,4.3125,47.56666666666667,-93.22499996666669
2020-07-03,3.9523443301465573,302.55,287.5,6.575,275.3375,0.9275000000000001,0.01262125,3.475,47.56666666666667,-93.22499996666669
2020-07-11,4.244457802328207,299.56249999999994,285.9875,6.9624999999999995,269.0625,0.7625000000000001,0.0110275,4.512499999999999,47.56666666666667,-93.22499996666669
2020-07-19,3.7289651235091057,298.1,285.48749999999995,5.812500000000001,247.42500000000004,0.59375,0.01128875,4.75,47.56666666666667,-93.22499996666669
2020-07-27,3.990725403643979,297.8625,283.0,0.30000000000000004,252.4375,0.7525,0.009151250000000001,3.575,47.56666666666667,-93.22499996666669
2020-08-04,3.951237905907978,298.16249999999997,284.9,7.837500000000001,251.45,0.6675000000000001,0.01037875,3.9625000000000004,47.56666666666667,-93.22499996666669
2020-08-12,3.896399082985169,297.075,284.3125,6.35,227.31250000000006,0.505,0.010918750000000001,4.799999999999999,47.56666666666667,-93.22499996666669
2020-08-20,3.451739755912163,299.6,287.0125,1.4875000000000003,217.2875,0.5437500000000001,0.012712500000000002,2.7874999999999996,47.56666666666667,-93.22499996666669
2020-08-28,3.2608128275233863,293.3125,280.425,5.125,194.675,0.52,0.0076075000000000005,5.6125,47.56666666666667,-93.22499996666669
2020-09-05,2.9519412806569614,289.425,275.725,0.875,172.91250000000002,0.42875,0.00577625,4.1625000000000005,47.56666666666667,-93.22499996666669
2020-09-13,2.294227520144221,290.22499999999997,275.2,0.05,181.47500000000002,0.42500000000000004,0.0060212500000000006,4.5375000000000005,47.56666666666667,-93.22499996666669
2020-09-21,1.6636302502349405,291.77500000000003,280.6875,2.6500000000000004,142.54999999999998,0.4875,0.00742125,4.3500000000000005,47.56666666666667,-93.22499996666669
2020-09-29,1.4532492296403392,285.175,274.3875,0.9,132.25000000000003,0.38375,0.0044487500000000004,4.562499999999999,47.56666666666667,-93.22499996666669
2020-10-07,0.9049889855525024,287.4375,274.65000000000003,5.362500000000001,129.5125,0.41874999999999996,0.0049375,5.612500000000001,47.56666666666667,-93.22499996666669
2020-10-15,0.7530477048955411,273.29999999999995,267.33750000000003,2.0125,90.88750000000002,0.10500000000000002,0.00259375,4.1625,47.56666666666667,-93.22499996666669
2020-10-23,0.6997984752552018,273.17499999999995,265.2125,0.0,82.5625,0.1125,0.0023375,4.0125,47.56666666666667,-93.22499996666669
2020-10-31,0.6480587193430387,286.67499999999995,271.6,0.05,95.3875,0.5012500000000001,0.004002500000000001,5.3500000000000005,47.56666666666667,-93.22499996666669
2020-11-08,0.6973039824789506,276.0875,265.6375,3.5875000000000004,65.41250000000001,0.1375,0.00325875,6.0125,47.56666666666667,-93.22499996666669
2020-11-16,0.7480587193430386,273.3875,265.2375,0.07500000000000001,65.73750000000001,0.12000000000000001,0.0023775000000000003,4.612500000000001,47.56666666666667,-93.22499996666669
2020-11-24,0.8453627018219894,273.42499999999995,265.675,0.1625,56.8125,0.13874999999999998,0.0023087499999999996,4.5,47.56666666666667,-93.22499996666669
2020-12-02,0.8453627018219894,274.375,266.45,0.0,62.8125,0.17,0.002305,2.8874999999999997,47.56666666666667,-93.22499996666669
2020-12-10,2.144816909947466,268.525,261.7625,0.28750000000000003,54.8125,0.09999999999999999,0.0017274999999999999,4.275,47.56666666666667,-93.22499996666669
2020-12-18,0.9386627177965127,268.93750000000006,256.28749999999997,2.075,51.900000000000006,0.09250000000000001,0.0015637500000000003,5.4750000000000005,47.56666666666667,-93.22499996666669
2020-12-26,0.7440547528386114,264.98333333333335,253.7833333333334,1.116666666666667,58.45000000000001,0.04833333333333334,0.0012716666666666668,4.133333333333334,47.56666666666667,-93.22499996666669
2021-01-01,0.1,272.925,261.53749999999997,0.0,69.5375,0.16500000000000004,0.0017287500000000003,3.6999999999999997,47.56666666666667,-93.22499996666669
2021-01-09,0.1505532121192899,272.46250000000003,266.0625,0.5125000000000001,70.85000000000001,0.17624999999999996,0.00193625,3.6000000000000005,47.56666666666667,-93.22499996666669
2021-01-17,0.1,265.9875,254.575,0.47500000000000003,66.6375,0.07500000000000001,0.0012487500000000003,4.9125000000000005,47.56666666666667,-93.22499996666669
2021-01-25,0.2,265.5625,254.7,0.2,70.2625,0.0775,0.0013187500000000003,3.4875000000000007,47.56666666666667,-93.22499996666669
2021-02-02,0.2,260.4375,250.0,0.0,88.75,0.06875,0.0009200000000000001,6.050000000000001,47.56666666666667,-93.22499996666669
2021-02-10,0.2,255.99999999999994,239.2625,0.1,112.9,0.0425,0.00038750000000000004,2.8375000000000004,47.56666666666667,-93.22499996666669
2021-02-18,0.34805871934303867,273.175,261.1375,0.275,113.20000000000002,0.225,0.0015937500000000001,4.2875,47.56666666666667,-93.22499996666669
2021-02-26,0.4051905102973006,276.0875,262.6875,0.0,153.72499999999997,0.27125000000000005,0.0017812499999999998,4.425000000000001,47.56666666666667,-93.22499996666669
2021-03-06,0.4505532121192899,281.65000000000003,267.025,1.4375,184.04999999999998,0.40375000000000005,0.0024850000000000002,5.175,47.56666666666667,-93.22499996666669
2021-03-14,0.7024944927762512,282.2125,268.625,0.3875,191.45000000000002,0.40625,0.00265625,4.9750000000000005,47.56666666666667,-93.22499996666669
2021-03-22,0.6505532121192898,280.675,268.65000000000003,3.6000000000000005,187.1875,0.31750000000000006,0.0028787500000000002,5.0625,47.56666666666667,-93.22499996666669
2021-03-30,0.6505532121192898,284.125,268.3375,0.75,213.01250000000002,0.59375,0.0025887500000000003,5.6875,47.56666666666667,-93.22499996666669
2021-04-07,0.8505532121192899,279.125,273.7625,10.4125,99.025,0.12125,0.004355,4.275,47.56666666666667,-93.22499996666669
2021-04-15,0.8024944927762513,282.71250000000003,269.7625,0.48750000000000004,203.8375,0.47375,0.00253,4.825,47.56666666666667,-93.22499996666669
2021-04-23,0.8480587193430387,283.98749999999995,270.6,0.6625000000000001,232.6875,0.41000000000000003,0.0033862500000000004,4.1875,47.56666666666667,-93.22499996666669
2021-05-01,1.05055321211929,288.97499999999997,273.3125,0.037500000000000006,225.07500000000005,0.7124999999999999,0.0036637499999999995,4.425000000000001,47.56666666666667,-93.22499996666669
2021-05-09,1.348058719343039,291.1625,274.92499999999995,0.3375,276.58750000000003,0.8400000000000001,0.003821250000000001,4.062500000000001,47.56666666666667,-93.22499996666669
2021-05-17,2.0063770540901738,296.95000000000005,284.2375,0.8374999999999999,271.1875,0.8475,0.0089075,5.6125,47.56666666666667,-93.22499996666669
2021-05-25,2.8028975422658475,292.3,274.9875,1.8000000000000003,307.17500000000007,0.73375,0.00503125,4.7625,47.56666666666667,-93.22499996666669
2021-06-02,3.544054752838611,303.9125,286.375,4.7250000000000005,284.2375,1.3362500000000002,0.010723750000000002,4.45,47.56666666666667,-93.22499996666669
2021-06-10,4.005270629851594,299.22499999999997,283.25,0.6000000000000001,292.125,0.89625,0.009170000000000001,4.5125,47.56666666666667,-93.22499996666669
2021-06-18,4.457211910508556,295.575,281.9875,3.0625,261.9875,0.8862500000000001,0.007028749999999999,4.0875,47.56666666666667,-93.22499996666669
2021-06-26,4.74314985334483,300.3375,285.3625,1.2375000000000003,262.5125,1.1412499999999999,0.008985000000000002,2.4,47.56666666666667,-93.22499996666669
2021-07-04,4.650834856418381,299.4375,283.8625,0.21250000000000002,275.375,1.07625,0.0087825,3.2875,47.56666666666667,-93.22499996666669
2021-07-12,4.610058090659299,301.77500000000003,285.4125,5.8125,290.1125,1.335,0.008755,3.5375,47.56666666666667,-93.22499996666669
2021-07-20,4.566003337820687,301.025,286.7875,2.9875000000000003,265.31250000000006,1.1575000000000002,0.009983750000000001,3.7125,47.56666666666667,-93.22499996666669
2021-07-28,4.315450125701397,299.7375,285.25,0.41250000000000003,254.95,1.17625,0.0082625,4.4,47.56666666666667,-93.22499996666669
2021-08-05,3.963508845044436,298.9,287.29999999999995,0.7250000000000001,253.375,1.0362500000000001,0.009388750000000001,4.8125,47.56666666666667,-93.22499996666669
2021-08-13,3.751941280656961,303.6375,287.86249999999995,0.6375000000000001,246.58750000000003,1.6775000000000002,0.009083750000000002,6.25,47.56666666666667,-93.22499996666669
2021-08-21,3.0283256390722495,295.6,283.6875,3.1875,184.375,0.6275000000000002,0.00904625,4.800000000000001,47.56666666666667,-93.22499996666669
2021-08-29,3.0063770540901738,294.975,281.8125,0.9750000000000002,173.65000000000003,0.5387500000000001,0.00867125,4.3875,47.56666666666667,-93.22499996666669
2021-09-06,2.8011865437928734,294.28749999999997,280.03749999999997,2.8000000000000003,184.9875,0.62125,0.007366250000000001,4.3375,47.56666666666667,-93.22499996666669
2021-09-14,2.197303982478951,294.72499999999997,279.5,7.987500000000001,172.53750000000002,0.5800000000000001,0.008105000000000001,6.3,47.56666666666667,-93.22499996666669
2021-09-22,1.7455642265667874,294.9125,279.075,0.6625000000000001,162.425,0.80375,0.0064687500000000005,4.050000000000001,47.56666666666667,-93.22499996666669
2021-09-30,1.1480587193430387,295.35,283.425,2.825,132.02500000000003,0.5875,0.008972500000000001,3.4625000000000004,47.56666666666667,-93.22499996666669
2021-10-08,1.1453627018219894,288.90000000000003,281.45000000000005,4.8875,107.28750000000001,0.265,0.00779,5.1375,47.56666666666667,-93.22499996666669
2021-10-16,0.7997984752552019,286.65,271.86249999999995,0.0,125.72500000000001,0.47125,0.0041400000000000005,4.0,47.56666666666667,-93.22499996666669
2021-10-24,0.6505532121192898,282.62499999999994,273.4,1.9625000000000001,87.475,0.28625,0.00403125,4.425,47.56666666666667,-93.22499996666669
2021-11-01,0.45324922964033926,282.61250000000007,270.5,0.05,75.5875,0.3025,0.00363625,4.625,47.56666666666667,-93.22499996666669
2021-11-09,0.4973039824789506,276.01250000000005,267.7375,5.2875000000000005,61.2625,0.155,0.00288625,4.5625,47.56666666666667,-93.22499996666669
2021-11-17,0.40249449277625127,273.42499999999995,263.2,0.0,57.85,0.1225,0.00221375,6.0,47.56666666666667,-93.22499996666669
2021-11-25,0.30000000000000004,272.8625,266.08750000000003,0.5375000000000001,56.475,0.16375,0.0021600000000000005,4.4750000000000005,47.56666666666667,-93.22499996666669
2021-12-03,0.30000000000000004,268.42499999999995,258.65,1.6875,56.525,0.09,0.0016200000000000001,5.012500000000001,47.56666666666667,-93.22499996666669
2021-12-11,0.45043180692878526,272.55,264.57500000000005,3.2375,57.44999999999999,0.17750000000000002,0.00205,4.9125000000000005,47.56666666666667,-93.22499996666669
2021-12-19,0.35023028218398705,268.05,255.32500000000005,1.4500000000000002,51.75,0.10250000000000001,0.00136125,4.625,47.56666666666667,-93.22499996666669
2021-12-27,0.15173975591216318,262.56,248.5,3.44,51.18000000000001,0.024,0.0011040000000000002,3.72,47.56666666666667,-93.22499996666669
2022-01-01,0.25443577343321255,259.2125,244.1625,0.9625,68.4625,0.0375,0.0007050000000000001,5.1625,47.56666666666667,-93.22499996666669
2022-01-09,0.20249449277625123,263.85,250.825,0.1375,73.95,0.08875000000000001,0.0009025000000000001,4.5375,47.56666666666667,-93.22499996666669
2022-01-17,0.20249449277625123,261.13750000000005,246.6,1.1624999999999999,78.05000000000001,0.053750000000000006,0.0008175000000000001,5.5125,47.56666666666667,-93.22499996666669
2022-01-25,0.1542342486884144,265.1875,250.76250000000002,0.05,86.17500000000001,0.07625000000000001,0.0010400000000000001,5.275,47.56666666666667,-93.22499996666669
2022-02-02,0.19730398247895065,263.63750000000005,249.7375,1.8125000000000002,77.2,0.07375000000000001,0.00100625,4.65,47.56666666666667,-93.22499996666669
2022-02-10,0.10249449277625122,262.7375,244.9625,1.6875,105.97500000000001,0.05625,0.0008325,4.8125,47.56666666666667,-93.22499996666669
2022-02-18,0.10249449277625122,262.9,245.225,1.3625,118.65,0.08375,0.0006775,5.9625,47.56666666666667,-93.22499996666669
2022-02-26,0.10249449277625122,270.62499999999994,258.34999999999997,0.05,133.02500000000003,0.15250000000000002,0.00137125,3.475,47.56666666666667,-93.22499996666669
2022-03-06,0.1,268.38750000000005,253.3125,0.175,145.05,0.08750000000000001,0.0013475,5.6375,47.56666666666667,-93.22499996666669
2022-03-14,0.1,281.9375,269.15,0.7,194.87500000000003,0.43374999999999997,0.0024637500000000002,3.575,47.56666666666667,-93.22499996666669
2022-03-22,0.10249449277625122,274.225,263.8375,3.1,169.01250000000002,0.21250000000000002,0.0019900000000000004,5.525,47.56666666666667,-93.22499996666669
2022-03-30,0.19979847525520184,277.0125,267.2375,2.1875,176.81250000000003,0.2,0.00263125,4.6125,47.56666666666667,-93.22499996666669
2022-04-07,0.25693026620946374,278.4,268.025,3.0750000000000006,184.475,0.2625,0.0025937500000000006,5.350000000000001,47.56666666666667,-93.22499996666669
2022-04-15,0.5024944927762511,276.2125,267.375,3.3625000000000007,154.0375,0.21875,0.0024375,5.4750000000000005,47.56666666666667,-93.22499996666669
2022-04-23,0.5024944927762511,280.4,270.825,3.3875,175.2125,0.3125,0.0031200000000000004,5.712500000000001,47.56666666666667,-93.22499996666669
2022-05-01,0.7997984752552019,287.76250000000005,275.15,1.525,243.46249999999998,0.5812499999999999,0.004295,5.15,47.56666666666667,-93.22499996666669
2022-05-09,0.9997984752552018,292.825,279.75,5.2,244.29999999999998,0.6262500000000001,0.006645000000000001,6.1000000000000005,47.56666666666667,-93.22499996666669
2022-05-17,1.1024944927762514,289.40000000000003,277.34999999999997,1.3250000000000002,243.05,0.6287499999999999,0.0047599999999999995,4.0,47.56666666666667,-93.22499996666669
2022-05-25,1.658116810002337,292.26250000000005,281.23750000000007,8.3,235.75000000000003,0.48374999999999996,0.007730000000000001,4.9875,47.56666666666667,-93.22499996666669
2022-06-02,2.555622317226086,293.67500000000007,277.875,0.0,292.475,0.7375,0.005825,3.6125000000000003,47.56666666666667,-93.22499996666669
2022-06-10,3.167391406358359,296.8625,284.8625,1.425,263.925,0.68875,0.009495000000000002,5.3625,47.56666666666667,-93.22499996666669
2022-06-18,3.945765751311586,300.6,287.1625,5.3999999999999995,290.26250000000005,0.7787500000000002,0.012395000000000002,6.375,47.56666666666667,-93.22499996666669
2022-06-26,4.35733331569906,295.5625,280.27500000000003,0.9750000000000001,269.03749999999997,0.6525,0.00791,4.6000000000000005,47.56666666666667,-93.22499996666669
2022-07-04,4.399216505696723,297.71250000000003,285.375,3.6875000000000004,261.8875,0.37250000000000005,0.012186250000000001,3.6000000000000005,47.56666666666667,-93.22499996666669
2022-07-12,4.6950110144474975,300.66249999999997,286.5625,1.6875,265.7875,0.625,0.012920000000000001,3.8750000000000004,47.56666666666667,-93.22499996666669
2022-07-20,4.545442821376283,297.275,285.61249999999995,9.75,249.32500000000005,0.6375,0.010331250000000002,4.862500000000001,47.56666666666667,-93.22499996666669
2022-07-28,4.380948957283771,296.875,285.2875,3.2750000000000004,238.8375,0.5525,0.010510000000000002,4.8374999999999995,47.56666666666667,-93.22499996666669
2022-08-05,4.550956261608887,296.8125,284.86249999999995,0.975,208.77500000000003,0.59625,0.01019875,4.2,47.56666666666667,-93.22499996666669
2022-08-13,4.087648941309248,297.77500000000003,285.78749999999997,3.4375,203.53750000000002,0.47375,0.01166,3.2875000000000005,47.56666666666667,-93.22499996666669
2022-08-21,4.302292968031452,297.75,285.66249999999997,9.575,198.76250000000002,0.47124999999999995,0.011690000000000002,3.3625000000000003,47.56666666666667,-93.22499996666669
2022-08-29,4.137879223493235,296.9375,282.875,0.05,220.56249999999997,0.695,0.00911875,4.625,47.56666666666667,-93.22499996666669
2022-09-06,3.7979085567133453,296.68749999999994,279.68749999999994,0.5125000000000001,182.9375,0.6849999999999999,0.008231250000000002,3.5375,47.56666666666667,-93.22499996666669
2022-09-14,2.453047704895541,293.53749999999997,283.96250000000003,6.012500000000001,155.0625,0.39625,0.00956625,4.425,47.56666666666667,-93.22499996666669
2022-09-22,2.002494492776251,287.3125,275.70000000000005,2.0125,151.3,0.385,0.0051712500000000005,4.8875,47.56666666666667,-93.22499996666669
2022-09-30,1.3,289.85,279.4,0.375,111.7,0.5199999999999999,0.00627375,4.6,47.56666666666667,-93.22499996666669
2022-10-08,1.1480587193430387,284.625,273.66249999999997,1.9000000000000001,111.3375,0.4100000000000001,0.00418875,4.3875,47.56666666666667,-93.22499996666669
2022-10-24,0.7988134562071267,286.1625,272.7875,0.23750000000000002,110.32499999999999,0.42375,0.004293750000000001,5.3375,47.56666666666667,-93.22499996666669
2022-11-01,0.6517397559121632,284.5375,272.075,0.7875000000000001,84.62499999999999,0.48000000000000004,0.0036875,5.625,47.56666666666667,-93.22499996666669
2022-11-09,0.6024944927762512,273.02500000000003,267.99999999999994,6.087500000000001,44.9375,0.10125,0.00272875,3.9000000000000004,47.56666666666667,-93.22499996666669
2022-11-17,0.3517397559121632,271.5375,262.70000000000005,0.39999999999999997,64.125,0.1325,0.001935,4.8125,47.56666666666667,-93.22499996666669
2022-11-25,0.3490437383911138,273.31250000000006,262.5625,0.3375,60.1375,0.13750000000000004,0.0021737500000000003,5.050000000000001,47.56666666666667,-93.22499996666669
2022-12-03,0.4957945087507746,266.4375,255.95,0.6,58.55,0.06375,0.0014725000000000003,4.175000000000001,47.56666666666667,-93.22499996666669
2022-12-11,0.2517397559121632,270.75,266.5,4.3,48.175000000000004,0.12875,0.0022325,5.325,47.56666666666667,-93.22499996666669
2022-12-19,0.10249449277625122,255.89999999999998,247.4,0.875,52.05,0.025,0.0006075000000000001,5.75,47.56666666666667,-93.22499996666669
2022-12-27,0.1,269.03999999999996,261.4,0.42000000000000004,53.78000000000001,0.10400000000000001,0.0016380000000000001,4.36,47.56666666666667,-93.22499996666669
