date,LAI,tmmx,tmmn,pr,srad,vpd,sph,vs,lat,lon
2000-02-18,0.4798278404672163,278.875,271.73749999999995,3.5250000000000004,113.51249999999999,0.23375,0.0031512500000000004,5.1,41.35833333333334,-71.64166663333334
2000-02-26,0.7197417607008245,281.75000000000006,273.5125,0.975,157.20000000000002,0.31,0.00348125,6.075000000000001,41.35833333333334,-71.64166663333334
2000-03-05,0.786224591066069,283.41249999999997,274.85,8.2875,161.28750000000002,0.335,0.0039525,5.525,41.35833333333334,-71.64166663333334
2000-03-13,0.8049844053974444,280.9,271.90000000000003,4.2625,197.875,0.29375,0.0032400000000000003,5.9125000000000005,41.35833333333334,-71.64166663333334
2000-03-21,0.8229401360002508,285.125,276.0625,3.925,215.88750000000002,0.37750000000000006,0.00434375,5.324999999999999,41.35833333333334,-71.64166663333334
2000-03-29,0.8527074214313136,284.5375,278.1125,1.475,207.3625,0.34500000000000003,0.004725000000000001,5.900000000000001,41.35833333333334,-71.64166663333334
2000-04-06,0.7489575372276209,283.95,275.7,3.6374999999999997,229.5625,0.3425,0.0041625,6.175,41.35833333333334,-71.64166663333334
2000-04-14,0.9159918764971318,284.6375,277.76249999999993,10.912500000000001,160.4375,0.26,0.005255,6.05,41.35833333333334,-71.64166663333334
2000-04-22,1.17066315203412,284.125,277.5,3.5000000000000004,173.675,0.27625,0.0049362500000000005,4.8500000000000005,41.35833333333334,-71.64166663333334
2000-04-30,1.222940136000251,291.09999999999997,280.55,0.43750000000000006,283.63750000000005,0.52125,0.006452500000000002,4.3375,41.35833333333334,-71.64166663333334
2000-05-08,1.2048632953251373,292.21250000000003,283.9,3.8250000000000006,249.41250000000002,0.5175,0.00766375,4.4,41.35833333333334,-71.64166663333334
2000-05-16,1.6144584212234165,289.63750000000005,281.1625,4.5,194.16250000000002,0.35,0.006962500000000001,4.5625,41.35833333333334,-71.64166663333334
2000-05-24,2.0951470979877747,291.7,282.98749999999995,2.225,294.3625,0.47375000000000006,0.0074262500000000006,4.5375,41.35833333333334,-71.64166663333334
2000-06-01,3.168457116417055,293.375,284.5875,7.787500000000001,247.18750000000003,0.555,0.00811625,5.050000000000001,41.35833333333334,-71.64166663333334
2000-06-09,2.774864260328819,294.38750000000005,286.1,4.925000000000001,230.56250000000003,0.43750000000000006,0.009841250000000001,5.1625000000000005,41.35833333333334,-71.64166663333334
2000-06-17,3.3903509871773454,297.16249999999997,289.15,0.55,288.55,0.64625,0.010835000000000001,4.125,41.35833333333334,-71.64166663333334
2000-06-25,2.754140591891769,297.8625,289.6375,0.8375000000000001,302.8625,0.6125,0.011626250000000001,3.8375000000000004,41.35833333333334,-71.64166663333334
2000-07-03,3.3202393440474918,297.15,288.81249999999994,0.23750000000000004,287.4875,0.6675000000000001,0.0106125,4.312500000000001,41.35833333333334,-71.64166663333334
2000-07-11,2.9063428250412535,297.63749999999993,289.7875,2.3625000000000003,310.80000000000007,0.6512500000000001,0.011281250000000001,3.9500000000000006,41.35833333333334,-71.64166663333334
2000-07-19,2.7832144717204343,296.45,288.9625,4.362500000000001,240.68750000000003,0.64125,0.0103975,3.6500000000000004,41.35833333333334,-71.64166663333334
2000-07-27,2.2278062583363623,297.0875,291.15,8.5125,175.1125,0.42625,0.012892500000000003,2.9875,41.35833333333334,-71.64166663333334
2000-08-04,2.2918276512492644,298.9375,291.9875,4.9125000000000005,268.90000000000003,0.53625,0.013642500000000002,3.9000000000000004,41.35833333333334,-71.64166663333334
2000-08-12,1.8070721965864,296.76250000000005,288.20000000000005,2.6500000000000004,229.03750000000002,0.5050000000000001,0.011135,4.55,41.35833333333334,-71.64166663333334
2000-08-20,3.030396372162949,296.8,288.38749999999993,0.9500000000000001,261.425,0.635,0.010445,3.2875000000000005,41.35833333333334,-71.64166663333334
2000-08-28,2.5520272747860258,298.075,290.3125,3.9875000000000007,199.17500000000004,0.39625,0.013317500000000001,3.0625000000000004,41.35833333333334,-71.64166663333334
2000-09-05,2.8955132165824464,295.4375,286.0125,0.7000000000000001,248.625,0.5075000000000001,0.0098225,4.2,41.35833333333334,-71.64166663333334
2000-09-13,2.7671015237842194,295.3625,286.875,7.5375000000000005,207.60000000000002,0.45749999999999996,0.010330000000000002,4.875000000000001,41.35833333333334,-71.64166663333334
2000-09-21,2.7587229594648424,292.59999999999997,284.0,1.05,170.6875,0.43125,0.008408750000000001,5.112500000000001,41.35833333333334,-71.64166663333334
2000-09-29,2.5311153503951838,292.77500000000003,282.975,0.3375,192.825,0.43625,0.008188750000000002,3.2500000000000004,41.35833333333334,-71.64166663333334
2000-10-07,2.276995583762462,289.71250000000003,279.375,0.0625,186.1875,0.52,0.005706250000000001,5.475000000000001,41.35833333333334,-71.64166663333334
2000-10-15,1.8000567912017964,290.7625,280.825,1.2625,138.1875,0.43499999999999994,0.006806250000000001,5.45,41.35833333333334,-71.64166663333334
2000-10-23,1.4936600406029439,288.4375,277.6125,0.35000000000000003,143.20000000000002,0.4075,0.005688750000000001,4.35,41.35833333333334,-71.64166663333334
2000-10-31,0.8760779562635237,286.675,277.82500000000005,0.18750000000000003,119.96249999999999,0.4225,0.004845,5.237500000000001,41.35833333333334,-71.64166663333334
2000-11-08,0.8912657490320863,286.4375,279.425,6.675000000000001,83.425,0.31625000000000003,0.005710000000000001,4.425,41.35833333333334,-71.64166663333334
2000-11-16,0.8371459823993646,280.3625,273.2125,0.05,115.87500000000001,0.33375,0.00302875,6.8875,41.35833333333334,-71.64166663333334
2000-11-24,0.7403443576987909,281.0125,273.33750000000003,5.0,86.73750000000001,0.25625,0.0037350000000000005,5.3375,41.35833333333334,-71.64166663333334
2000-12-02,0.8073786969683018,275.9375,268.0,0.15000000000000002,93.775,0.32125000000000004,0.0016675000000000001,5.650000000000001,41.35833333333334,-71.64166663333334
2000-12-10,0.7564573056350063,280.7375,270.25,10.650000000000002,78.875,0.27875000000000005,0.003125,6.7375,41.35833333333334,-71.64166663333334
2000-12-18,0.7899744752697618,276.7625,267.08750000000003,1.05,81.32499999999999,0.2725,0.0020212500000000005,6.8875,41.35833333333334,-71.64166663333334
2000-12-26,0.5760779562635236,274.3333333333333,264.8333333333333,2.066666666666667,79.61666666666667,0.17833333333333334,0.002021666666666667,8.8,41.35833333333334,-71.64166663333334
2001-01-01,0.40959512589827907,276.15,267.4,1.6625,86.47500000000001,0.18749999999999997,0.002445,5.225,41.35833333333334,-71.64166663333334
2001-01-09,0.5532589303355799,276.76250000000005,267.975,1.8,87.48750000000001,0.18624999999999997,0.0026162500000000005,5.187500000000001,41.35833333333334,-71.64166663333334
2001-01-17,0.5744130362378126,277.05,269.05,3.4375000000000004,89.45,0.2075,0.0026125000000000002,4.625,41.35833333333334,-71.64166663333334
2001-01-25,0.5390530839364662,277.925,269.40000000000003,2.9125,104.76249999999999,0.22625,0.00273375,5.262500000000001,41.35833333333334,-71.64166663333334
2001-02-02,0.5899744752697618,278.09999999999997,271.12499999999994,3.7750000000000004,104.16250000000001,0.28625,0.00258125,5.6875,41.35833333333334,-71.64166663333334
2001-02-10,0.6899744752697617,277.4875,267.575,1.275,135.7125,0.2575,0.0023362500000000002,6.000000000000002,41.35833333333334,-71.64166663333334
2001-02-18,0.7055359143017108,276.425,267.27500000000003,2.125,141.275,0.2525,0.00213625,6.3125,41.35833333333334,-71.64166663333334
2001-02-26,0.8634055651381253,276.2875,269.71250000000003,4.775,116.89999999999999,0.2275,0.002455,6.137499999999999,41.35833333333334,-71.64166663333334
2001-03-06,0.7963712258686144,277.58750000000003,271.5125,8.25,146.72500000000002,0.21125,0.0029775000000000005,6.025,41.35833333333334,-71.64166663333334
2001-03-14,0.8596556809344326,281.125,274.11249999999995,6.800000000000001,198.7,0.32125000000000004,0.0033375,4.9375,41.35833333333334,-71.64166663333334
2001-03-22,0.9073786969683016,279.825,273.2,3.8500000000000005,178.525,0.32,0.0029775,6.3875,41.35833333333334,-71.64166663333334
2001-03-30,0.8862245910660691,282.2,274.55,10.975000000000001,161.32500000000002,0.35875000000000007,0.0034537500000000002,4.175,41.35833333333334,-71.64166663333334
2001-04-07,0.9403443576987908,285.7125,277.325,4.725,205.93750000000003,0.39875000000000005,0.0046075000000000005,4.575,41.35833333333334,-71.64166663333334
2001-04-15,1.0738615273335463,286.0625,277.0875,0.7875,222.125,0.4375,0.0044887500000000006,4.175000000000001,41.35833333333334,-71.64166663333334
2001-04-23,1.1229401360002509,288.6375,278.2375,0.0,292.15000000000003,0.57625,0.0046187500000000005,4.15,41.35833333333334,-71.64166663333334
2001-05-01,1.2283549402296545,292.73749999999995,282.0,0.0,305.32500000000005,0.725,0.00627,4.075,41.35833333333334,-71.64166663333334
2001-05-09,1.6995696011680408,292.325,282.3125,0.1375,286.33750000000003,0.66625,0.006428750000000001,4.2625,41.35833333333334,-71.64166663333334
2001-05-17,1.9411484414273599,290.775,283.05,7.9750000000000005,193.21249999999998,0.4312499999999999,0.00733375,5.575,41.35833333333334,-71.64166663333334
2001-05-25,2.363034745885713,292.0625,284.03749999999997,5.6625000000000005,269.95,0.5275000000000001,0.0075112500000000006,4.8125,41.35833333333334,-71.64166663333334
2001-06-02,2.5329193014748284,294.72499999999997,286.5625,4.125,291.4625,0.66375,0.008592500000000001,4.1000000000000005,41.35833333333334,-71.64166663333334
2001-06-10,2.9111389744849068,297.75,289.7125,13.287500000000001,301.9875,0.6175,0.011577500000000001,2.7625000000000006,41.35833333333334,-71.64166663333334
2001-07-04,2.628852523576322,297.35,289.0875,3.8875,267.8625,0.5387500000000001,0.011565000000000002,3.7375000000000003,41.35833333333334,-71.64166663333334
2001-07-12,3.189675541189798,296.975,288.65,0.8375000000000001,282.175,0.63375,0.010603750000000002,3.812500000000001,41.35833333333334,-71.64166663333334
2001-07-20,2.837653959058944,298.38750000000005,288.8,4.6499999999999995,300.4125,0.5950000000000001,0.01178125,4.4625,41.35833333333334,-71.64166663333334
2001-07-28,2.5118891326558765,298.0875,289.3625,1.1375000000000002,297.975,0.67625,0.01126375,3.9375,41.35833333333334,-71.64166663333334
2001-08-05,2.8947838450373,301.32500000000005,293.4125,3.8000000000000003,255.9125,0.6675,0.01501875,4.0625,41.35833333333334,-71.64166663333334
2001-08-13,3.001422777147544,299.25,291.9875,7.2125,245.925,0.5425000000000001,0.01374375,3.125,41.35833333333334,-71.64166663333334
2001-08-21,2.854934243674203,299.0375,291.35,1.675,266.90000000000003,0.57125,0.01321125,3.8375000000000004,41.35833333333334,-71.64166663333334
2001-08-29,3.236231220544624,297.42500000000007,288.1375,0.07500000000000001,264.4125,0.5987500000000001,0.010951250000000001,3.4875000000000003,41.35833333333334,-71.64166663333334
2001-09-06,3.216180132450924,297.9125,287.325,0.1,261.7875,0.6775000000000001,0.01044375,4.025,41.35833333333334,-71.64166663333334
2001-09-14,2.8757147033130495,294.28749999999997,285.68750000000006,3.7,191.36250000000004,0.55,0.0088575,3.5375000000000005,41.35833333333334,-71.64166663333334
2001-09-22,2.544040316344885,293.32500000000005,285.97499999999997,3.2375,191.06250000000003,0.385,0.009608750000000001,4.5625,41.35833333333334,-71.64166663333334
2001-09-30,2.6263267672534694,292.425,283.1625,4.5875,169.75000000000003,0.47624999999999995,0.00791,6.5875,41.35833333333334,-71.64166663333334
2001-10-08,2.2877684396526963,291.2125,281.54999999999995,0.475,182.78750000000002,0.48875,0.006918750000000001,4.675,41.35833333333334,-71.64166663333334
2001-10-16,1.7789026852995637,290.51250000000005,281.55,2.5125,166.5,0.48000000000000004,0.00661375,5.475000000000001,41.35833333333334,-71.64166663333334
2001-10-24,1.4137754475671545,287.8125,278.36249999999995,0.05,151.25,0.48125,0.005152500000000002,5.775,41.35833333333334,-71.64166663333334
2001-11-01,0.8760779562635237,288.875,279.7625,0.525,130.9375,0.43500000000000005,0.005967500000000001,5.987500000000001,41.35833333333334,-71.64166663333334
2001-11-09,0.9706631520341199,285.56249999999994,276.0375,0.0,112.6375,0.40499999999999997,0.004427500000000001,5.887500000000001,41.35833333333334,-71.64166663333334
2001-11-17,0.8371459823993646,285.7375,276.3375,0.48750000000000004,103.925,0.36375,0.0046612500000000005,5.0,41.35833333333334,-71.64166663333334
2001-11-25,0.8408958666030573,288.7125,280.3,1.5375,94.73750000000001,0.32,0.006611250000000001,4.625,41.35833333333334,-71.64166663333334
2001-12-03,0.7371459823993645,284.9,275.625,1.7500000000000002,91.46250000000002,0.37124999999999997,0.00439375,4.5125,41.35833333333334,-71.64166663333334
2001-12-11,0.7931728505691882,283.83750000000003,274.15,4.0625,60.650000000000006,0.26875000000000004,0.004417500000000001,5.15,41.35833333333334,-71.64166663333334
2001-12-19,0.77066315203412,279.8375,271.3125,2.7625,75.77500000000002,0.265,0.0030775,5.45,41.35833333333334,-71.64166663333334
2001-12-27,0.6425607866287681,275.93999999999994,269.12,0.0,93.34,0.3,0.0018840000000000003,8.580000000000002,41.35833333333334,-71.64166663333334
2002-01-01,0.5127935011977054,277.8375,269.5125,2.4250000000000003,92.94999999999999,0.2675,0.00247625,6.0375000000000005,41.35833333333334,-71.64166663333334
2002-01-09,0.7266900202039435,280.4,272.7375,4.5875,87.225,0.265,0.0033475,6.7875,41.35833333333334,-71.64166663333334
2002-01-25,0.6532589303355799,282.9875,274.0875,0.8375000000000001,97.575,0.31500000000000006,0.0038462500000000003,5.600000000000001,41.35833333333334,-71.64166663333334
2002-02-02,0.7931728505691882,278.0,269.0375,0.17500000000000002,130.27499999999998,0.2975,0.0022375000000000003,5.6375,41.35833333333334,-71.64166663333334
2002-02-10,0.7564573056350063,280.3875,269.45000000000005,2.5500000000000003,114.3875,0.2575,0.0030475000000000003,6.45,41.35833333333334,-71.64166663333334
2002-02-18,0.7931728505691882,281.4,272.7,1.275,147.46249999999998,0.325,0.0032250000000000004,4.7625,41.35833333333334,-71.64166663333334
2002-02-26,0.7931728505691882,280.74999999999994,271.67499999999995,4.65,168.625,0.3075,0.00312875,7.237500000000001,41.35833333333334,-71.64166663333334
2002-03-06,0.786224591066069,282.72499999999997,273.21250000000003,1.5625,179.57500000000002,0.29375,0.0038337500000000004,6.15,41.35833333333334,-71.64166663333334
2002-03-14,0.6463106708324609,282.25,274.4375,3.8500000000000005,161.47500000000002,0.29375,0.0038762500000000004,5.375000000000001,41.35833333333334,-71.64166663333334
2002-03-22,0.8041803216688754,281.7625,272.86249999999995,4.1875,197.53750000000002,0.34125,0.00326375,7.150000000000001,41.35833333333334,-71.64166663333334
2002-03-30,0.4962501157963073,284.2125,276.35,4.75,188.8375,0.4025,0.0040225,5.562500000000001,41.35833333333334,-71.64166663333334
2002-04-07,0.8650704851638363,286.75,278.5875,1.1624999999999999,230.83750000000003,0.41875,0.0051275,5.700000000000001,41.35833333333334,-71.64166663333334
2002-04-15,1.0596556809344326,291.5625,281.72499999999997,1.55,247.1,0.6075,0.0064887500000000015,4.3375,41.35833333333334,-71.64166663333334
2002-04-23,1.307378696968302,285.1375,277.29999999999995,6.325000000000001,195.9625,0.41125,0.004315,5.1875,41.35833333333334,-71.64166663333334
2002-05-01,1.3004304374651827,289.75,280.475,2.0875,288.225,0.5325,0.00570875,5.4375,41.35833333333334,-71.64166663333334
2002-05-09,1.6824747068623762,288.925,281.35,7.175,233.0875,0.525,0.0056775,6.812500000000002,41.35833333333334,-71.64166663333334
2002-05-17,1.9020953574908939,289.51250000000005,280.625,5.625000000000001,281.52500000000003,0.5812499999999999,0.00541375,5.062500000000001,41.35833333333334,-71.64166663333334
2002-05-25,2.901177768625179,293.5625,285.07500000000005,1.875,302.27500000000003,0.52625,0.00850625,3.95,41.35833333333334,-71.64166663333334
2002-06-02,2.96611957741477,292.625,283.475,7.8875,264.275,0.48625,0.00789125,5.6375,41.35833333333334,-71.64166663333334
2002-06-10,3.1733771643107644,293.49999999999994,285.4125,3.35,230.625,0.43625,0.009123750000000002,4.575000000000001,41.35833333333334,-71.64166663333334
2002-06-18,3.4771270485144576,296.82500000000005,288.3,1.1,324.4125,0.74125,0.0098025,3.575,41.35833333333334,-71.64166663333334
2002-06-26,3.5285431961834464,299.5625,290.925,0.8000000000000002,308.6,0.68625,0.01268875,4.9750000000000005,41.35833333333334,-71.64166663333334
2002-07-04,3.4312468151471793,299.46250000000003,290.25,0.17500000000000002,325.96250000000003,0.90375,0.011095000000000002,4.8500000000000005,41.35833333333334,-71.64166663333334
2002-07-12,2.800322586349985,299.6625,290.5875,1.475,306.05000000000007,0.85125,0.0115975,3.7875,41.35833333333334,-71.64166663333334
2002-07-20,3.529030386217202,298.4,289.79999999999995,1.1375,247.31250000000006,0.7425000000000002,0.011227500000000001,4.55,41.35833333333334,-71.64166663333334
2002-07-28,2.882541852743861,301.45,292.94999999999993,1.9375000000000002,288.0,0.875,0.013598750000000001,3.4875000000000003,41.35833333333334,-71.64166663333334
2002-08-05,2.866251080799989,299.1125,289.675,0.225,288.76250000000005,0.85125,0.01094,4.275,41.35833333333334,-71.64166663333334
2002-08-13,2.6306385536743404,301.9875,293.1625,0.8250000000000001,272.675,0.86375,0.014117500000000002,4.2875,41.35833333333334,-71.64166663333334
2002-08-21,3.0148888586885993,297.8625,289.96250000000003,0.425,225.3,0.70125,0.011190000000000002,4.000000000000001,41.35833333333334,-71.64166663333334
2002-08-29,3.0113811559962973,295.8375,288.0875,9.3375,176.89999999999998,0.4275,0.011090000000000001,5.500000000000001,41.35833333333334,-71.64166663333334
2002-09-06,3.181307370183333,296.9,286.15000000000003,0.0,250.55,0.665,0.00963375,4.6375,41.35833333333334,-71.64166663333334
2002-09-14,2.7545605974108165,296.3,288.2625,3.8125,214.025,0.4175,0.011457499999999999,4.125000000000001,41.35833333333334,-71.64166663333334
2002-09-22,2.981307370183333,294.7375,287.17500000000007,8.037500000000001,155.0375,0.42874999999999996,0.010281250000000002,4.6375,41.35833333333334,-71.64166663333334
2002-09-30,2.781307370183333,294.61249999999995,285.1125,0.17500000000000002,168.975,0.5225,0.009035000000000001,6.200000000000001,41.35833333333334,-71.64166663333334
2002-10-08,2.589611222319287,289.45000000000005,280.84999999999997,2.7875,128.35000000000002,0.47500000000000003,0.006095000000000001,6.3875,41.35833333333334,-71.64166663333334
2002-10-16,2.3190691803574746,287.525,278.16249999999997,3.3125,134.55,0.44625,0.0050625,6.0375000000000005,41.35833333333334,-71.64166663333334
2002-10-24,1.786655028531252,283.7,276.04999999999995,8.187500000000002,123.68750000000003,0.4,0.0038512500000000005,5.6000000000000005,41.35833333333334,-71.64166663333334
2002-11-01,1.2623025473295928,282.40000000000003,273.9875,2.9875000000000003,110.9625,0.3425,0.0035537500000000005,7.025,41.35833333333334,-71.64166663333334
2002-11-09,1.1963712258686146,287.1375,279.7875,10.1625,87.95000000000002,0.31625000000000003,0.00604625,7.175000000000001,41.35833333333334,-71.64166663333334
2002-11-17,0.893172850569188,284.0375,275.91249999999997,6.025,86.17500000000001,0.29875,0.004530000000000001,6.862500000000001,41.35833333333334,-71.64166663333334
2002-11-25,0.6431122955330345,280.3125,270.725,1.3125,85.3,0.28125,0.0030700000000000002,7.937500000000001,41.35833333333334,-71.64166663333334
2002-12-03,0.8266900202039437,276.45,267.47499999999997,0.8375,95.775,0.2475,0.00213625,6.7124999999999995,41.35833333333334,-71.64166663333334
2002-12-11,0.6894229663654955,279.0125,270.84999999999997,8.075000000000001,74.03750000000001,0.25875000000000004,0.0029387500000000004,6.375,41.35833333333334,-71.64166663333334
2002-12-19,0.6564573056350063,280.25,272.6875,7.025,66.67500000000001,0.3175,0.00302125,9.3625,41.35833333333334,-71.64166663333334
2002-12-27,0.5618721098644099,276.9,269.84000000000003,1.8200000000000003,82.60000000000001,0.202,0.002696,5.040000000000001,41.35833333333334,-71.64166663333334
2003-01-01,0.4798278404672163,276.7125,270.225,7.375,52.8875,0.26,0.0023875,7.275,41.35833333333334,-71.64166663333334
2003-01-09,0.6899744752697617,274.28749999999997,267.925,0.0,97.3375,0.27,0.0017175000000000003,7.887500000000001,41.35833333333334,-71.64166663333334
2003-01-17,0.6899744752697617,268.9375,261.6625,0.037500000000000006,109.7125,0.17625000000000002,0.0011425,8.425,41.35833333333334,-71.64166663333334
2003-01-25,0.6197417607008244,274.03749999999997,264.9125,0.6625000000000001,91.2125,0.21375,0.0018100000000000002,6.250000000000001,41.35833333333334,-71.64166663333334
2003-02-02,0.6041803216688755,275.40000000000003,268.15000000000003,2.6375,108.625,0.24375,0.0020787500000000003,7.7875,41.35833333333334,-71.64166663333334
2003-02-10,0.5376974913036308,271.78749999999997,262.38750000000005,2.9375,122.28750000000001,0.185,0.00148,8.537500000000001,41.35833333333334,-71.64166663333334
2003-02-18,0.4867760999703354,276.2625,268.175,7.7250000000000005,126.82499999999999,0.21875,0.0023525,5.925,41.35833333333334,-71.64166663333334
2003-02-26,0.45325893033557996,276.125,265.98749999999995,5.637500000000001,128.1875,0.2025,0.0023250000000000002,5.362500000000001,41.35833333333334,-71.64166663333334
2003-03-06,0.5899744752697618,277.4375,267.6625,1.8125,189.93750000000003,0.21625,0.0025462500000000003,6.1499999999999995,41.35833333333334,-71.64166663333334
2003-03-14,0.7564573056350063,281.8,271.8125,3.6375,217.50000000000003,0.26,0.0037362500000000004,4.85,41.35833333333334,-71.64166663333334
2003-03-22,0.8229401360002508,285.3875,276.23749999999995,3.0125,256.825,0.38250000000000006,0.004410000000000001,4.2625,41.35833333333334,-71.64166663333334
2003-03-30,0.9298883955033699,280.78749999999997,273.76250000000005,5.1375,150.625,0.25875,0.0036325000000000003,6.000000000000001,41.35833333333334,-71.64166663333334
2003-04-07,0.9298883955033699,281.4625,274.78749999999997,7.0625,179.71250000000003,0.30375,0.0036875000000000007,6.737500000000001,41.35833333333334,-71.64166663333334
2003-04-15,0.9596556809344327,285.75,276.5125,3.6125000000000003,246.33750000000003,0.38375,0.0046187500000000005,6.337500000000001,41.35833333333334,-71.64166663333334
2003-04-23,0.7824747068623763,287.0,278.625,5.0375000000000005,235.76250000000002,0.41625,0.005172500000000001,5.275000000000001,41.35833333333334,-71.64166663333334
2003-05-01,1.1440942419024835,288.225,279.97499999999997,1.15,238.8375,0.32999999999999996,0.0063075,3.6500000000000004,41.35833333333334,-71.64166663333334
2003-05-09,1.0489575372276208,288.1875,280.9125,0.6000000000000001,256.625,0.3375,0.0064425,5.1000000000000005,41.35833333333334,-71.64166663333334
2003-05-17,1.6266257013334329,289.18749999999994,280.525,1.8625000000000003,226.75,0.4075,0.0063462499999999995,4.2,41.35833333333334,-71.64166663333334
2003-05-25,1.4423186051173773,290.3875,282.8125,10.3875,223.225,0.31375000000000003,0.007872500000000001,4.75,41.35833333333334,-71.64166663333334
2003-06-02,2.314888858688599,291.65,284.67500000000007,6.1375,223.98750000000004,0.38249999999999995,0.0083975,4.4125000000000005,41.35833333333334,-71.64166663333334
2003-06-10,2.5923791601535306,293.3125,286.2,3.8625000000000003,271.625,0.37250000000000005,0.009683750000000001,3.6125000000000003,41.35833333333334,-71.64166663333334
2003-06-18,3.223185144522616,294.4,286.8125,6.2375,209.55,0.35375000000000006,0.010521250000000001,3.0875,41.35833333333334,-71.64166663333334
2003-06-26,3.7878819834230653,298.525,290.4375,3.1,299.02500000000003,0.60125,0.012372500000000002,3.3500000000000005,41.35833333333334,-71.64166663333334
2003-07-04,3.076817721121582,299.275,291.15,2.45,269.45,0.5175,0.013632500000000002,4.0875,41.35833333333334,-71.64166663333334
2003-07-12,3.0336486730199748,298.1375,290.5375,1.4000000000000001,300.3625,0.505,0.012766250000000002,3.6125000000000003,41.35833333333334,-71.64166663333334
2003-07-20,3.4364734020560146,298.95000000000005,291.7125,3.9125,263.46250000000003,0.48124999999999996,0.013836250000000001,5.9625,41.35833333333334,-71.64166663333334
2003-07-28,2.823989228251185,298.15,290.825,3.3625,259.6625,0.4750000000000001,0.013076250000000001,3.8125000000000004,41.35833333333334,-71.64166663333334
2003-08-05,2.873555026951645,299.46250000000003,293.55,10.212500000000002,210.2125,0.46375,0.01503375,4.237500000000001,41.35833333333334,-71.64166663333334
2003-08-13,2.9332674604546503,300.68749999999994,293.32500000000005,3.2625,262.46250000000003,0.71625,0.01421625,3.7250000000000005,41.35833333333334,-71.64166663333334
2003-08-21,3.01937850775035,299.0625,290.62499999999994,0.225,274.7625,0.7225,0.012103750000000003,4.3875,41.35833333333334,-71.64166663333334
2003-08-29,2.9997578571218324,295.68749999999994,288.6,7.300000000000001,159.175,0.4275,0.011264999999999999,4.500000000000001,41.35833333333334,-71.64166663333334
2003-09-06,3.228721058824326,295.1,286.27500000000003,0.2,235.65000000000003,0.535,0.009507500000000002,4.937500000000001,41.35833333333334,-71.64166663333334
2003-09-14,2.97595688482444,296.675,288.7625,2.5375000000000005,204.1125,0.43875,0.011692500000000002,4.875,41.35833333333334,-71.64166663333334
2003-09-22,2.969186487962201,295.43749999999994,287.475,1.3250000000000002,196.12500000000003,0.435,0.0106425,4.6125,41.35833333333334,-71.64166663333334
2003-09-30,2.5809980427904575,288.8875,279.275,0.35000000000000003,186.62500000000003,0.5275000000000001,0.00521625,5.225,41.35833333333334,-71.64166663333334
2003-10-08,2.120172198166007,292.425,282.97499999999997,4.7,166.88750000000002,0.4525,0.00783375,6.525,41.35833333333334,-71.64166663333334
2003-10-16,1.7059663517668935,286.42499999999995,277.42499999999995,2.1374999999999997,120.11250000000001,0.39875,0.004906250000000001,5.825,41.35833333333334,-71.64166663333334
2003-10-24,1.3440942419024835,288.4,279.5,9.325,127.6625,0.35,0.00625875,6.5375,41.35833333333334,-71.64166663333334
2003-11-01,1.0266900202039435,289.7125,280.58750000000003,2.7875,115.72500000000002,0.51875,0.005955,4.775,41.35833333333334,-71.64166663333334
2003-11-09,0.7527074214313136,282.2875,273.4,1.1375000000000002,108.63750000000002,0.38875,0.0032525,7.575000000000001,41.35833333333334,-71.64166663333334
2003-11-17,0.786224591066069,285.25,276.55,2.4375,87.51250000000002,0.37625,0.0044487500000000004,5.1375,41.35833333333334,-71.64166663333334
2003-11-25,0.786224591066069,283.45,274.07500000000005,1.3250000000000002,96.775,0.39375,0.0035537499999999996,7.9625,41.35833333333334,-71.64166663333334
2003-12-03,0.6431122955330345,276.59999999999997,268.69999999999993,3.8499999999999996,80.13750000000002,0.21999999999999997,0.0024575,8.112499999999999,41.35833333333334,-71.64166663333334
2003-12-11,0.75325893033558,280.625,271.3625,11.3625,82.825,0.30624999999999997,0.0030250000000000003,9.25,41.35833333333334,-71.64166663333334
2003-12-19,0.7744130362378127,280.2625,272.76250000000005,2.1875,81.97500000000001,0.28250000000000003,0.0032887500000000004,6.9125,41.35833333333334,-71.64166663333334
2003-12-27,0.45036988242902914,281.32000000000005,273.65999999999997,0.32,99.7,0.392,0.0029040000000000003,6.34,41.35833333333334,-71.64166663333334
2004-01-01,0.43936241132934184,276.90000000000003,270.6125,2.6125,61.800000000000004,0.3237500000000001,0.00217375,6.362500000000001,41.35833333333334,-71.64166663333334
2004-01-09,0.6564573056350063,268.025,258.4875,0.4625000000000001,83.0125,0.15500000000000003,0.0010737499999999998,8.537500000000001,41.35833333333334,-71.64166663333334
2004-01-17,0.5532589303355799,271.5,262.8625,1.1,98.44999999999999,0.21249999999999997,0.0012900000000000001,8.662500000000001,41.35833333333334,-71.64166663333334
2004-01-25,0.6055359143017109,269.36249999999995,262.2125,1.0625,93.425,0.1875,0.0011450000000000002,8.1375,41.35833333333334,-71.64166663333334
2004-02-02,0.5862245910660691,278.0625,269.0375,7.6375,123.71250000000002,0.29625,0.0022800000000000003,6.575000000000001,41.35833333333334,-71.64166663333334
2004-02-10,0.6931728505691881,276.77500000000003,268.4375,0.0,149.1875,0.31000000000000005,0.0019212500000000004,6.2625,41.35833333333334,-71.64166663333334
2004-02-18,0.7055359143017108,278.025,270.45,0.125,135.35,0.33125,0.0021812500000000005,5.9375,41.35833333333334,-71.64166663333334
2004-02-26,0.7564573056350063,281.175,272.5625,0.2625,179.72500000000002,0.37375,0.0028625,4.65,41.35833333333334,-71.64166663333334
2004-03-05,0.8087342896011371,280.1125,273.2375,2.1625,150.40000000000003,0.26625,0.0033737500000000004,6.550000000000001,41.35833333333334,-71.64166663333334
2004-03-13,0.8789670041700745,277.25,271.0625,1.75,162.7875,0.24999999999999997,0.0026312500000000003,6.825,41.35833333333334,-71.64166663333334
2004-03-21,0.893172850569188,281.27500000000003,273.3875,1.1625,197.01250000000002,0.29624999999999996,0.0035425,6.2124999999999995,41.35833333333334,-71.64166663333334
2004-03-29,0.9298883955033699,282.1375,275.25,10.450000000000001,175.68749999999997,0.28625,0.00398375,5.825,41.35833333333334,-71.64166663333334
2004-04-06,0.9229401360002508,283.67500000000007,276.1875,10.887500000000001,190.97500000000002,0.41000000000000003,0.0037500000000000003,5.175000000000001,41.35833333333334,-71.64166663333334
2004-04-14,1.0229401360002508,287.525,278.5,1.5625000000000002,238.0,0.47250000000000003,0.0049612499999999995,5.0875,41.35833333333334,-71.64166663333334
2004-04-22,1.0894229663654953,286.83750000000003,278.79999999999995,5.0125,240.53749999999997,0.42999999999999994,0.0050125000000000005,5.325,41.35833333333334,-71.64166663333334
2004-04-30,1.3770599026329726,288.3625,279.95,2.8000000000000003,262.4625,0.37000000000000005,0.006143750000000001,5.3875,41.35833333333334,-71.64166663333334
2004-05-08,1.5733100184292799,291.77500000000003,282.3,0.28750000000000003,288.5375,0.43250000000000005,0.00768,4.025,41.35833333333334,-71.64166663333334
2004-05-16,2.110025563363462,293.5875,284.775,1.2875,285.9,0.475,0.00872125,3.4625000000000004,41.35833333333334,-71.64166663333334
2004-05-24,2.586412847019861,292.0375,282.98749999999995,4.4625,290.3625,0.4675000000000001,0.0076325,4.1499999999999995,41.35833333333334,-71.64166663333334
2004-06-01,3.003265559814135,292.62500000000006,284.33750000000003,2.0125,257.8125,0.4962500000000001,0.008077500000000001,4.375,41.35833333333334,-71.64166663333334
2004-06-09,3.3973635655509757,295.79999999999995,286.725,0.4625,296.4,0.6112500000000001,0.009607500000000001,4.4624999999999995,41.35833333333334,-71.64166663333334
2004-06-17,3.380755861279067,296.65,288.45,1.9375,282.55,0.6475,0.010298749999999999,3.95,41.35833333333334,-71.64166663333334
2004-06-25,3.1302081162091575,296.625,288.15000000000003,0.9125000000000001,321.59999999999997,0.57625,0.010592500000000001,4.1375,41.35833333333334,-71.64166663333334
2004-07-03,3.285366581779901,297.0625,289.8625,1.4875,285.125,0.48125000000000007,0.0120225,3.7,41.35833333333334,-71.64166663333334
2004-07-11,2.856591636031199,296.7375,290.09999999999997,5.300000000000001,241.37500000000003,0.44749999999999995,0.0121475,4.4375,41.35833333333334,-71.64166663333334
2004-07-19,3.83431372569461,298.05,290.8625,0.65,257.35,0.535,0.012644999999999998,3.8375,41.35833333333334,-71.64166663333334
2004-07-27,3.4904049127349444,299.08750000000003,292.125,2.1500000000000004,257.5625,0.47125000000000006,0.014156250000000002,4.0,41.35833333333334,-71.64166663333334
2004-08-04,3.5848122458646605,297.01250000000005,289.4375,5.5375,242.425,0.5837500000000001,0.011285000000000002,4.2875000000000005,41.35833333333334,-71.64166663333334
2004-08-12,2.7787919685401685,296.87499999999994,290.25,7.6625000000000005,220.95000000000002,0.31125,0.013127500000000002,3.687500000000001,41.35833333333334,-71.64166663333334
2004-08-20,3.3161801324509237,296.675,288.75000000000006,2.4875,279.725,0.45000000000000007,0.01165625,4.2,41.35833333333334,-71.64166663333334
2004-08-28,3.0746116855045167,297.92499999999995,290.0625,1.275,248.53750000000002,0.46375,0.012732500000000002,3.9875000000000003,41.35833333333334,-71.64166663333334
2004-09-05,3.3231283919540426,295.90000000000003,287.5625,2.225,211.9375,0.43,0.010960000000000001,5.0,41.35833333333334,-71.64166663333334
2004-09-13,2.5583776274959935,294.425,285.2375,7.7875000000000005,201.4875,0.40125,0.009796250000000003,4.375,41.35833333333334,-71.64166663333334
2004-09-21,3.0895469034487766,294.61249999999995,286.1125,6.8875,200.11249999999998,0.42125000000000007,0.009880000000000002,3.0875,41.35833333333334,-71.64166663333334
2004-09-29,2.7982244018481177,291.025,281.35,6.0125,183.7875,0.42375,0.007103750000000001,4.0375000000000005,41.35833333333334,-71.64166663333334
2004-10-07,2.379464587516742,291.1125,281.42499999999995,0.6125,165.375,0.46125000000000005,0.006891250000000001,4.5625,41.35833333333334,-71.64166663333334
2004-10-15,1.617834659163723,286.82500000000005,279.925,6.387500000000001,120.91250000000001,0.3375,0.005823750000000001,7.625000000000002,41.35833333333334,-71.64166663333334
2004-10-23,1.424782918666842,286.5,278.18749999999994,0.125,117.48750000000001,0.3475,0.0052925,5.1625,41.35833333333334,-71.64166663333334
2004-10-31,0.9495090461318872,287.8625,277.33750000000003,3.975,129.78750000000002,0.455,0.004965000000000001,7.5125,41.35833333333334,-71.64166663333334
2004-11-08,0.8495090461318873,281.6,271.775,2.95,111.5375,0.3375,0.0031187500000000004,6.862500000000001,41.35833333333334,-71.64166663333334
2004-11-16,0.8564573056350063,284.95,276.66249999999997,0.8375,82.925,0.3475,0.004575,3.1875,41.35833333333334,-71.64166663333334
2004-11-24,0.7720187446669553,284.45,275.15,10.0375,71.27499999999999,0.3275,0.0043575,7.1625,41.35833333333334,-71.64166663333334
2004-12-02,0.7931728505691882,281.8125,273.2125,3.5874999999999995,85.3875,0.36124999999999996,0.0031687500000000006,6.5375000000000005,41.35833333333334,-71.64166663333334
2004-12-10,0.7931728505691882,279.9625,271.42499999999995,2.35,79.0,0.29625,0.0030637500000000005,7.05,41.35833333333334,-71.64166663333334
2004-12-18,0.722940136000251,279.77500000000003,268.3625,3.9625000000000004,89.95,0.28625,0.0027175,5.5125,41.35833333333334,-71.64166663333334
2004-12-26,0.5463106708324609,277.13333333333327,267.95000000000005,1.7333333333333334,71.61666666666667,0.20833333333333334,0.0025733333333333337,7.0,41.35833333333334,-71.64166663333334
2005-01-01,0.3219581896308018,279.3625,272.77500000000003,7.2250000000000005,63.5375,0.28374999999999995,0.0030425,5.450000000000001,41.35833333333334,-71.64166663333334
2005-01-09,0.5234916449045173,277.575,271.525,4.700000000000001,78.20000000000002,0.25875000000000004,0.0027312499999999997,5.600000000000001,41.35833333333334,-71.64166663333334
2005-01-17,0.5197417607008245,271.475,259.5625,2.6875,95.2,0.165,0.0013625,8.700000000000001,41.35833333333334,-71.64166663333334
2005-01-25,0.5234916449045173,271.9625,262.52500000000003,0.8,114.22500000000001,0.17124999999999999,0.00157625,6.125000000000001,41.35833333333334,-71.64166663333334
2005-02-02,0.3798278404672164,278.25000000000006,269.66249999999997,1.9000000000000001,125.625,0.22375,0.0028125,4.7,41.35833333333334,-71.64166663333334
2005-02-10,0.5564573056350063,279.51250000000005,270.59999999999997,4.825,123.575,0.2775,0.00286,6.812500000000001,41.35833333333334,-71.64166663333334
2005-02-18,0.5720187446669555,275.075,266.9,0.9750000000000001,132.5875,0.24375,0.00188,6.3500000000000005,41.35833333333334,-71.64166663333334
2005-02-26,0.6041803216688755,275.35,267.4375,1.0,169.32500000000002,0.23875,0.0019925,7.6125,41.35833333333334,-71.64166663333334
2005-03-06,0.5862245910660691,277.16249999999997,268.5375,5.0125,150.0625,0.23375,0.0024925,6.3125,41.35833333333334,-71.64166663333334
2005-03-14,0.7720187446669553,278.7375,271.1125,0.15000000000000002,195.375,0.33000000000000007,0.0023962500000000004,4.675000000000001,41.35833333333334,-71.64166663333334
2005-03-22,0.8261385112996771,281.1875,272.725,12.200000000000001,202.475,0.31375,0.0032225,5.4125,41.35833333333334,-71.64166663333334
2005-03-30,0.9596556809344327,284.37499999999994,276.02500000000003,4.500000000000001,211.8125,0.39,0.00403625,5.1499999999999995,41.35833333333334,-71.64166663333334
2005-04-07,0.9926213416649217,285.28749999999997,276.2375,1.7125000000000001,266.58750000000003,0.4675,0.003855,4.075,41.35833333333334,-71.64166663333334
2005-04-15,0.9682688604632627,288.425,276.7125,0.0625,308.21250000000003,0.58625,0.0042825,4.375,41.35833333333334,-71.64166663333334
2005-04-23,1.1261385112996771,287.0375,278.85,6.625,237.88750000000002,0.36875,0.0054575000000000005,6.0375,41.35833333333334,-71.64166663333334
2005-05-01,1.0283549402296546,286.5125,279.15000000000003,6.1375,230.93750000000003,0.41625,0.00504125,5.787500000000001,41.35833333333334,-71.64166663333334
2005-05-09,1.2778639863615417,288.83750000000003,280.075,0.8625,247.875,0.3950000000000001,0.00615,3.8000000000000003,41.35833333333334,-71.64166663333334
2005-05-17,1.8660524315332854,287.725,280.25,3.425,221.38750000000002,0.38625,0.0058312500000000005,3.4250000000000007,41.35833333333334,-71.64166663333334
2005-05-25,1.866361758926161,290.025,282.6,7.2875000000000005,253.075,0.42500000000000004,0.007015,4.3625,41.35833333333334,-71.64166663333334
2005-06-02,2.667354098608522,295.18749999999994,286.5125,0.05,317.7,0.5475000000000001,0.0096425,3.725,41.35833333333334,-71.64166663333334
2005-06-10,2.8064639351135607,296.8125,289.21250000000003,0.9625000000000001,271.0875,0.56,0.011241250000000001,4.750000000000001,41.35833333333334,-71.64166663333334
2005-06-18,2.9223914541069584,295.58750000000003,286.9875,0.28750000000000003,307.2875,0.6450000000000001,0.009322500000000003,4.4375,41.35833333333334,-71.64166663333334
2005-06-26,3.495943654047629,297.6125,290.23749999999995,2.2750000000000004,270.86250000000007,0.5962500000000001,0.01179375,3.9625000000000004,41.35833333333334,-71.64166663333334
2005-07-04,3.5068868062768055,296.7625,288.85,3.3625000000000003,243.63750000000002,0.58125,0.01098,4.775,41.35833333333334,-71.64166663333334
2005-07-12,3.5172188313889454,298.5125,290.7125,0.2,265.4375,0.53,0.012931250000000002,3.1750000000000003,41.35833333333334,-71.64166663333334
2005-07-20,3.126216089127297,302.0,292.725,0.6125,314.1875,1.015,0.013021250000000002,4.65,41.35833333333334,-71.64166663333334
2005-07-28,2.8135436593686753,300.35,290.66249999999997,0.30000000000000004,285.51250000000005,0.87625,0.0119025,3.3625000000000003,41.35833333333334,-71.64166663333334
2005-08-05,2.79213697864214,301.5875,292.35,0.35000000000000003,278.08750000000003,0.8500000000000001,0.013552500000000002,3.7625,41.35833333333334,-71.64166663333334
2005-08-13,3.1922580887144476,300.5625,292.25,0.7875000000000001,236.0,0.8337500000000001,0.01302,3.9250000000000007,41.35833333333334,-71.64166663333334
2005-08-21,3.026636094646345,299.82500000000005,291.025,0.6625000000000001,255.02500000000003,0.9225000000000001,0.01142125,3.7,41.35833333333334,-71.64166663333334
2005-08-29,3.1807558612790663,298.52500000000003,289.9625,9.712499999999999,237.10000000000002,0.62625,0.01205375,4.3375,41.35833333333334,-71.64166663333334
2005-09-06,3.3771838397162535,297.7875,286.75,0.0,261.38750000000005,0.7925,0.009538750000000002,3.4250000000000003,41.35833333333334,-71.64166663333334
2005-09-14,3.215806486187537,297.95,289.35,7.2,205.81249999999997,0.5187499999999999,0.012121250000000002,4.0375,41.35833333333334,-71.64166663333334
2005-09-22,2.7877041207821858,295.73749999999995,285.4375,2.9125,212.47500000000002,0.565,0.009456250000000001,5.8125,41.35833333333334,-71.64166663333334
2005-09-30,2.9231283919540427,294.05,285.2875,0.47500000000000003,193.72500000000002,0.5637500000000001,0.0085775,2.4875000000000003,41.35833333333334,-71.64166663333334
2005-10-08,2.604059250229792,291.97499999999997,285.9625,34.95,56.03750000000001,0.34375,0.009181250000000002,8.825000000000001,41.35833333333334,-71.64166663333334
2005-10-16,1.7443468167267862,288.2,280.175,2.75,141.85000000000002,0.47375,0.005472500000000001,7.475000000000001,41.35833333333334,-71.64166663333334
2005-10-24,1.3223886270959844,284.5125,276.96250000000003,5.075,113.86250000000001,0.34500000000000003,0.0045675,6.9750000000000005,41.35833333333334,-71.64166663333334
2005-11-01,1.019190251796558,289.29999999999995,279.97499999999997,0.17500000000000002,150.62500000000003,0.46875,0.005825000000000001,6.2375,41.35833333333334,-71.64166663333334
2005-11-09,0.9926213416649217,287.175,277.0,3.7250000000000005,108.90000000000002,0.4025,0.005076250000000001,6.85,41.35833333333334,-71.64166663333334
2005-11-17,0.8527074214313136,283.3125,273.125,8.950000000000001,99.80000000000001,0.36125,0.0036212500000000008,6.500000000000001,41.35833333333334,-71.64166663333334
2005-11-25,0.7495090461318872,283.1125,275.08750000000003,3.7125000000000004,80.66250000000001,0.305,0.00426625,5.8875,41.35833333333334,-71.64166663333334
2005-12-03,0.8408958666030573,276.5,268.59999999999997,3.575,78.725,0.245,0.00227625,7.199999999999999,41.35833333333334,-71.64166663333334
2005-12-11,0.6495090461318873,276.2375,267.475,3.375,92.6875,0.22875,0.0023025000000000003,6.4750000000000005,41.35833333333334,-71.64166663333334
2005-12-19,0.663714892531001,278.52500000000003,270.8125,2.4875000000000003,88.67500000000001,0.23625000000000002,0.0030025,6.35,41.35833333333334,-71.64166663333334
2005-12-27,0.6127935011977055,280.93999999999994,271.94,2.2600000000000002,77.62,0.36200000000000004,0.002842,5.58,41.35833333333334,-71.64166663333334
2006-01-01,0.5463106708324609,278.1875,271.22499999999997,5.15,61.38750000000001,0.21124999999999997,0.00304,5.3500000000000005,41.35833333333334,-71.64166663333334
2006-01-09,0.7963712258686144,282.09999999999997,271.725,4.925000000000001,92.5,0.27875000000000005,0.0037475,7.000000000000001,41.35833333333334,-71.64166663333334
2006-01-17,0.8087342896011371,281.2,272.6875,5.775,103.33750000000002,0.29375000000000007,0.003395,7.262500000000001,41.35833333333334,-71.64166663333334
2006-01-25,0.7720187446669553,279.7875,271.8125,2.175,100.6,0.24875,0.0032487500000000003,6.825,41.35833333333334,-71.64166663333334
2006-02-02,0.6251565649302282,279.65000000000003,272.11249999999995,5.65,116.61249999999998,0.33375000000000005,0.0027912500000000008,7.250000000000001,41.35833333333334,-71.64166663333334
2006-02-10,0.7564573056350063,277.3125,269.1375,2.2875000000000005,126.275,0.26125,0.0024062500000000004,7.8875,41.35833333333334,-71.64166663333334
2006-02-18,0.7197417607008245,275.95,266.6875,0.08750000000000001,118.47500000000001,0.29000000000000004,0.001755,6.862500000000001,41.35833333333334,-71.64166663333334
2006-02-26,0.5150099301276827,275.25,265.8125,1.2000000000000002,183.3625,0.28,0.0016025,8.325,41.35833333333334,-71.64166663333334
2006-03-06,0.8261385112996771,282.125,273.9875,0.35000000000000003,169.73749999999998,0.38,0.00331625,4.3875,41.35833333333334,-71.64166663333334
2006-03-14,0.9229401360002508,279.5875,270.90000000000003,0.41250000000000003,196.72500000000002,0.4375,0.0019637500000000002,8.0875,41.35833333333334,-71.64166663333334
2006-03-22,0.8985876547985918,282.875,273.5125,0.0,203.07500000000002,0.47250000000000014,0.002785,4.5125,41.35833333333334,-71.64166663333334
2006-03-30,1.0261385112996773,285.38750000000005,275.9750000000001,1.9250000000000003,211.57500000000002,0.47500000000000003,0.00380875,5.612500000000001,41.35833333333334,-71.64166663333334
2006-04-07,0.9527074214313135,286.48749999999995,276.6375,2.8000000000000007,223.375,0.43374999999999997,0.00450625,4.375,41.35833333333334,-71.64166663333334
2006-04-15,1.0894229663654953,288.1625,278.33750000000003,0.275,247.81250000000003,0.585,0.004442499999999999,4.8875,41.35833333333334,-71.64166663333334
2006-04-23,0.8511739661575982,286.92499999999995,277.225,3.6875000000000004,267.20000000000005,0.485,0.00441875,5.35,41.35833333333334,-71.64166663333334
2006-05-01,1.1347516908285071,289.34999999999997,281.3125,5.075,217.93750000000003,0.58125,0.0055475,4.5125,41.35833333333334,-71.64166663333334
2006-05-09,1.6527074214313136,288.5,282.45,17.700000000000003,160.22500000000002,0.37875000000000003,0.006647500000000001,6.362500000000001,41.35833333333334,-71.64166663333334
2006-05-17,1.654923850361291,289.8625,282.15,1.925,275.725,0.52,0.00622625,6.2125,41.35833333333334,-71.64166663333334
2006-05-25,2.0744234295507247,294.9,285.91249999999997,1.0125,315.02500000000003,0.54125,0.0092275,3.3750000000000004,41.35833333333334,-71.64166663333334
2006-06-02,2.7955775354529573,292.675,287.075,18.724999999999998,166.01250000000002,0.3675,0.0096325,3.9125000000000005,41.35833333333334,-71.64166663333334
2006-06-10,3.4051726613512368,294.17499999999995,286.65,2.4625000000000004,264.36250000000007,0.5537500000000001,0.00905625,4.925000000000001,41.35833333333334,-71.64166663333334
2006-06-18,3.631741571482873,296.9625,289.76250000000005,11.8125,283.75,0.5287499999999999,0.011656250000000002,4.5125,41.35833333333334,-71.64166663333334
2006-06-26,3.7086803640435386,297.975,291.3125,0.875,290.8,0.5575,0.01261625,5.6125,41.35833333333334,-71.64166663333334
2006-07-04,3.408932938867841,298.33750000000003,290.7875,3.5,284.54999999999995,0.55875,0.01264,3.9375000000000004,41.35833333333334,-71.64166663333334
2006-07-12,3.490724633440732,300.46250000000003,292.8375,4.1125,296.46250000000003,0.6337499999999999,0.014348750000000002,3.5875000000000004,41.35833333333334,-71.64166663333334
2006-07-20,3.6646429133428513,299.85,292.8875,1.3375,267.875,0.6,0.0141725,5.0,41.35833333333334,-71.64166663333334
2006-07-28,3.192876743500198,301.65,293.3,1.9125,287.675,0.73625,0.0147325,4.3125,41.35833333333334,-71.64166663333334
2006-08-05,3.2558518711731406,299.08750000000003,289.725,0.30000000000000004,310.9875,0.8487500000000001,0.010957499999999998,4.262500000000001,41.35833333333334,-71.64166663333334
2006-08-13,3.101422777147544,298.61249999999995,289.0375,2.6500000000000004,267.1375,0.7250000000000001,0.011133750000000001,4.075,41.35833333333334,-71.64166663333334
2006-08-21,2.646011736752497,296.875,288.90000000000003,8.6375,210.82500000000002,0.6575,0.010530000000000001,4.0125,41.35833333333334,-71.64166663333334
2006-08-29,2.8188837514146563,295.02500000000003,287.2375,3.0125,179.725,0.49125,0.0100175,5.8500000000000005,41.35833333333334,-71.64166663333334
2006-09-06,3.015628623546657,294.4,284.95,0.0,237.56250000000003,0.55,0.008728750000000002,4.237500000000001,41.35833333333334,-71.64166663333334
2006-09-14,2.542450108502597,294.425,285.8625,6.1625000000000005,203.9875,0.4475,0.009601250000000002,4.325,41.35833333333334,-71.64166663333334
2006-09-22,2.359114565343078,293.8875,284.425,1.1,195.71250000000003,0.46875000000000006,0.0088175,5.1875,41.35833333333334,-71.64166663333334
2006-09-30,2.0090540103069245,292.34999999999997,282.7,5.075,183.8375,0.545,0.007225,6.000000000000001,41.35833333333334,-71.64166663333334
2006-10-08,1.9909668149521227,291.175,280.90000000000003,3.2125,191.6,0.54125,0.006398750000000002,5.2375,41.35833333333334,-71.64166663333334
2006-10-16,1.5901627312235536,289.325,279.8,3.4750000000000005,137.8,0.41875,0.00621625,5.625000000000002,41.35833333333334,-71.64166663333334
2006-10-24,1.4132239386628882,286.3125,277.2125,8.887500000000001,133.95000000000002,0.40249999999999997,0.00476125,9.1125,41.35833333333334,-71.64166663333334
2006-11-01,1.0127935011977054,285.5125,277.2,5.8375,105.7125,0.35000000000000003,0.004943750000000001,4.199999999999999,41.35833333333334,-71.64166663333334
2006-11-09,0.9931728505691881,289.75000000000006,282.325,3.9375,106.65000000000002,0.3025,0.00752625,5.1625000000000005,41.35833333333334,-71.64166663333334
2006-11-17,0.7830262157666427,284.0,276.3625,10.725000000000001,101.9625,0.30625,0.00456,6.9,41.35833333333334,-71.64166663333334
2006-11-25,0.8408958666030573,286.36249999999995,277.92499999999995,0.8250000000000001,99.33750000000002,0.3025,0.00552375,6.125000000000001,41.35833333333334,-71.64166663333334
2006-12-03,0.8229401360002508,280.27500000000003,270.5125,0.5875,87.225,0.32875000000000004,0.0027225000000000005,7.6499999999999995,41.35833333333334,-71.64166663333334
2006-12-11,0.8298883955033698,283.90000000000003,275.6625,0.375,77.32500000000002,0.3125,0.004325,5.8,41.35833333333334,-71.64166663333334
2006-12-19,0.8298883955033698,282.4375,274.4875,4.6625000000000005,80.41250000000001,0.3375,0.003660000000000001,6.612500000000001,41.35833333333334,-71.64166663333334
2006-12-27,0.6127935011977055,280.58000000000004,271.93999999999994,0.0,81.80000000000001,0.374,0.002622,6.040000000000001,41.35833333333334,-71.64166663333334
2007-01-01,0.6127935011977055,284.55,276.93750000000006,10.287500000000001,78.7,0.41000000000000003,0.00415,8.037500000000001,41.35833333333334,-71.64166663333334
2007-01-09,0.7596556809344328,280.57500000000005,272.9375,1.0875,70.9,0.3525,0.0029475000000000005,7.400000000000001,41.35833333333334,-71.64166663333334
2007-01-17,0.7596556809344328,274.5875,266.825,1.325,95.06250000000001,0.2575,0.0017662500000000002,6.425,41.35833333333334,-71.64166663333334
2007-01-25,0.6926213416649218,273.79999999999995,265.375,0.08750000000000001,87.575,0.24125000000000002,0.0016337500000000002,6.3500000000000005,41.35833333333334,-71.64166663333334
2007-02-02,0.7720187446669553,272.6875,265.6375,1.0125,118.3875,0.24,0.00149875,9.75,41.35833333333334,-71.64166663333334
2007-02-10,0.8298883955033698,274.5,265.5625,4.050000000000001,130.21249999999998,0.26625,0.0015500000000000002,8.987499999999999,41.35833333333334,-71.64166663333334
2007-02-18,0.6894229663654955,276.24999999999994,266.7,1.3,150.88750000000002,0.2675,0.00194875,6.887500000000001,41.35833333333334,-71.64166663333334
2007-02-26,0.7261385112996773,278.875,272.1375,8.3375,115.53750000000002,0.34,0.0025150000000000003,5.9,41.35833333333334,-71.64166663333334
2007-03-06,0.7926213416649217,276.8625,266.3,0.5375,193.63750000000002,0.27875,0.0021500000000000004,6.3375,41.35833333333334,-71.64166663333334
2007-03-14,0.8119326649005636,280.66249999999997,270.96250000000003,7.4,191.28750000000002,0.345,0.00282,8.012500000000001,41.35833333333334,-71.64166663333334
2007-03-22,0.8261385112996771,284.27500000000003,275.2125,1.4875000000000003,221.63750000000002,0.47250000000000003,0.0034224999999999998,5.875,41.35833333333334,-71.64166663333334
2007-03-30,0.893172850569188,282.47499999999997,274.12500000000006,5.2625,206.52500000000003,0.39875,0.0032512500000000002,5.437500000000001,41.35833333333334,-71.64166663333334
2007-04-07,0.9931728505691881,281.075,273.35,5.1625000000000005,200.9,0.3775,0.0028962500000000004,6.262500000000001,41.35833333333334,-71.64166663333334
2007-04-15,0.9495090461318872,285.25,276.625,8.2125,194.0875,0.4775,0.00394,6.4625,41.35833333333334,-71.64166663333334
2007-04-23,0.9457591619281945,288.8125,279.86249999999995,4.7,232.90000000000003,0.5262500000000001,0.005308750000000001,4.5125,41.35833333333334,-71.64166663333334
2007-05-01,1.1521559125270473,289.47499999999997,278.65000000000003,0.7250000000000001,296.4875,0.64875,0.00451875,4.0125,41.35833333333334,-71.64166663333334
2007-05-09,1.7145795312957235,292.81250000000006,282.45,1.3875000000000002,318.5375,0.6224999999999999,0.006857500000000001,5.4,41.35833333333334,-71.64166663333334
2007-05-17,2.19053637748694,290.9625,281.5,4.55,253.48749999999998,0.5575000000000001,0.00630375,4.9875,41.35833333333334,-71.64166663333334
2007-05-25,3.08721693074843,296.25,286.4125,0.3375,300.25,0.8187500000000001,0.008372500000000001,4.1000000000000005,41.35833333333334,-71.64166663333334
2007-06-02,3.3928095976187134,294.9375,287.525,7.737500000000001,262.32500000000005,0.5775,0.009565000000000002,4.8875,41.35833333333334,-71.64166663333334
2007-06-10,3.833762216790344,294.8125,286.225,0.22500000000000003,264.70000000000005,0.6062500000000001,0.00893375,4.275,41.35833333333334,-71.64166663333334
2007-06-18,3.8758925659539294,296.425,287.3125,0.325,311.40000000000003,0.78625,0.00894875,4.925000000000001,41.35833333333334,-71.64166663333334
2007-06-26,3.0763409244007383,297.3875,288.6,0.5,325.59999999999997,0.74875,0.010241250000000002,4.575,41.35833333333334,-71.64166663333334
2007-07-04,3.422334701538386,298.1375,290.95000000000005,6.937500000000001,297.28749999999997,0.49,0.01302375,5.000000000000001,41.35833333333334,-71.64166663333334
2007-07-12,3.6405326136525824,299.50000000000006,291.02500000000003,1.35,297.025,0.6787500000000001,0.01268125,3.675,41.35833333333334,-71.64166663333334
2007-07-20,3.309783381852071,300.0375,290.875,0.575,283.65,0.7974999999999999,0.012262500000000003,4.550000000000001,41.35833333333334,-71.64166663333334
2007-07-28,3.011448301877782,301.15,293.1125,1.85,291.4875,0.7025,0.01450125,3.3125000000000004,41.35833333333334,-71.64166663333334
2007-08-05,3.462547555851957,299.6375,290.675,3.3000000000000003,269.65,0.7587499999999999,0.012243750000000003,3.875,41.35833333333334,-71.64166663333334
2007-08-13,3.569495815355076,297.88749999999993,289.3,1.2000000000000002,253.75,0.75,0.010725000000000002,4.5375,41.35833333333334,-71.64166663333334
2007-08-21,3.1108892266715777,297.675,289.21250000000003,0.8125,222.05,0.62125,0.01140625,4.1875,41.35833333333334,-71.64166663333334
2007-08-29,3.575828247083418,297.97499999999997,287.1875,0.0,261.225,0.7987500000000001,0.00968875,3.3375,41.35833333333334,-71.64166663333334
2007-09-06,3.3444707538100675,297.4875,288.425,4.0,232.28750000000002,0.58875,0.011168750000000002,4.825000000000001,41.35833333333334,-71.64166663333334
2007-09-14,3.452522031121719,293.36249999999995,283.8,1.4000000000000001,230.38750000000002,0.47874999999999995,0.008360000000000001,3.7625,41.35833333333334,-71.64166663333334
2007-09-22,3.1381383220817254,296.375,286.93749999999994,0.47500000000000003,223.0125,0.5700000000000001,0.01012375,5.1000000000000005,41.35833333333334,-71.64166663333334
2007-09-30,2.906706116624952,295.33750000000003,285.9875,0.0,194.32500000000002,0.5587500000000001,0.009437500000000001,3.9000000000000004,41.35833333333334,-71.64166663333334
2007-10-08,2.5177135877246393,291.45,282.9625,1.1625,139.7375,0.4575,0.007512500000000001,6.225,41.35833333333334,-71.64166663333334
2007-10-16,2.183709228056128,292.75,284.78749999999997,4.4375,162.60000000000002,0.42875,0.00864,5.6499999999999995,41.35833333333334,-71.64166663333334
2007-10-24,1.786655028531252,288.75,280.25,1.0,116.9375,0.355,0.006497500000000001,6.762500000000001,41.35833333333334,-71.64166663333334
2007-11-01,1.3778639863615418,285.1625,276.525,3.1875,121.51250000000002,0.42000000000000004,0.00423125,6.862500000000001,41.35833333333334,-71.64166663333334
2007-11-09,1.0159918764971316,282.99999999999994,274.3,4.125,103.87500000000001,0.28500000000000003,0.00415375,6.437500000000001,41.35833333333334,-71.64166663333334
2007-11-17,0.9995696011680408,281.7875,272.22499999999997,2.2875,95.1125,0.31499999999999995,0.0034012499999999998,5.8999999999999995,41.35833333333334,-71.64166663333334
2007-11-25,0.893172850569188,281.6,271.575,4.125,89.47500000000002,0.31125,0.0033037500000000003,7.325000000000001,41.35833333333334,-71.64166663333334
2007-12-03,0.9298883955033699,276.95000000000005,269.7125,0.1375,67.1375,0.2125,0.0026662500000000002,6.337499999999999,41.35833333333334,-71.64166663333334
2007-12-11,0.6830262157666427,277.95,268.7625,4.3375,77.93750000000001,0.22249999999999998,0.0027112500000000006,8.025,41.35833333333334,-71.64166663333334
2007-12-19,0.7963712258686144,279.2625,271.93749999999994,4.2875,83.68750000000001,0.24,0.0031912500000000005,6.400000000000001,41.35833333333334,-71.64166663333334
2007-12-27,0.6127935011977055,279.4,273.08000000000004,3.9,81.12,0.25999999999999995,0.0032259999999999997,5.9,41.35833333333334,-71.64166663333334
2008-01-01,0.6127935011977055,277.8625,268.5625,0.5875,75.65,0.25125000000000003,0.00269375,6.3375,41.35833333333334,-71.64166663333334
2008-01-09,0.6830262157666427,280.9125,272.83750000000003,4.137500000000001,89.25,0.34375,0.0030725000000000006,6.437499999999999,41.35833333333334,-71.64166663333334
2008-01-17,0.722940136000251,276.7375,267.775,1.5750000000000002,99.17500000000001,0.275,0.0020800000000000003,6.625,41.35833333333334,-71.64166663333334
2008-01-25,0.7931728505691882,277.0625,268.2375,4.325,106.3125,0.26,0.002265,7.050000000000001,41.35833333333334,-71.64166663333334
2008-02-02,0.7440942419024836,279.9875,272.175,2.2375,87.4625,0.24875,0.0032787500000000004,4.7124999999999995,41.35833333333334,-71.64166663333334
2008-02-10,0.7197417607008245,277.8625,266.92499999999995,7.7125,139.1125,0.25250000000000006,0.00235125,7.574999999999999,41.35833333333334,-71.64166663333334
2008-02-18,0.8266900202039437,277.3625,269.175,2.5,138.525,0.26625,0.0024162500000000004,6.287500000000001,41.35833333333334,-71.64166663333334
2008-02-26,0.893172850569188,279.02500000000003,269.46250000000003,3.925,157.05000000000004,0.2725,0.0027412499999999998,6.512500000000001,41.35833333333334,-71.64166663333334
2008-03-05,0.9298883955033699,281.55,273.4875,9.9625,174.76250000000002,0.35374999999999995,0.0032012500000000005,6.9625,41.35833333333334,-71.64166663333334
2008-03-13,0.9087342896011371,281.4375,273.4375,5.175000000000001,145.15,0.36250000000000004,0.0031037500000000006,5.6000000000000005,41.35833333333334,-71.64166663333334
2008-03-21,0.8862245910660691,280.9,273.5125,0.35000000000000003,210.22500000000002,0.43,0.00259375,5.4375,41.35833333333334,-71.64166663333334
2008-03-29,1.0119326649005635,283.19999999999993,274.53749999999997,5.25,198.7375,0.37250000000000005,0.0036850000000000003,6.2375,41.35833333333334,-71.64166663333334
2008-04-06,1.0963712258686145,285.52500000000003,277.1,1.4000000000000001,210.91250000000002,0.37,0.004710000000000001,5.4,41.35833333333334,-71.64166663333334
2008-04-14,1.019190251796558,287.6625,277.65,0.0,287.57500000000005,0.56125,0.0042875000000000005,3.5750000000000006,41.35833333333334,-71.64166663333334
2008-04-22,1.2119326649005635,289.1875,280.05,5.75,215.24999999999997,0.5212500000000001,0.00553875,4.525,41.35833333333334,-71.64166663333334
2008-04-30,1.2559057967307399,288.91249999999997,280.3875,1.525,259.08750000000003,0.5974999999999999,0.005058750000000002,4.124999999999999,41.35833333333334,-71.64166663333334
2008-05-08,1.7330867708027962,289.45,280.8125,2.2625,238.5625,0.5875,0.005350000000000001,5.574999999999999,41.35833333333334,-71.64166663333334
2008-05-16,2.067895214199876,289.7125,281.2375,4.0375000000000005,263.95000000000005,0.5762499999999999,0.005600000000000001,5.862500000000001,41.35833333333334,-71.64166663333334
2008-05-24,2.742439715189685,292.7,283.2125,0.8875000000000001,315.925,0.69875,0.006541250000000001,5.0125,41.35833333333334,-71.64166663333334
2008-06-01,2.9681581823370906,295.525,286.9875,3.1125000000000003,271.08750000000003,0.5950000000000001,0.00963625,3.9875000000000003,41.35833333333334,-71.64166663333334
2008-06-09,3.4860392007564744,298.7875,289.8875,2.8500000000000005,316.975,0.835,0.010943750000000002,3.1375,41.35833333333334,-71.64166663333334
2008-06-17,3.3302648687777303,297.17499999999995,288.8125,2.05,304.2625,0.6987499999999999,0.01040125,3.7625,41.35833333333334,-71.64166663333334
2008-06-25,3.603881387588912,299.225,291.225,0.7750000000000001,298.075,0.6787500000000001,0.012595000000000002,4.0625,41.35833333333334,-71.64166663333334
2008-07-03,3.4175924776523323,298.675,291.71250000000003,1.1750000000000003,278.85,0.5399999999999999,0.01333,4.175000000000001,41.35833333333334,-71.64166663333334
2008-07-11,3.46611957741477,300.70000000000005,291.0125,0.55,323.83750000000003,0.9075,0.012073750000000001,3.125000000000001,41.35833333333334,-71.64166663333334
2008-07-19,3.374974938454991,301.11249999999995,293.5375,6.525,279.9375,0.7775,0.014251250000000003,5.075000000000001,41.35833333333334,-71.64166663333334
2008-07-27,3.716115813580413,299.675,291.95,4.575,280.2375,0.6224999999999999,0.013513750000000003,3.3750000000000004,41.35833333333334,-71.64166663333334
2008-08-04,2.957395719759768,297.6875,289.55,7.612500000000001,263.825,0.6362500000000001,0.01131875,3.2249999999999996,41.35833333333334,-71.64166663333334
2008-08-12,3.2134225879295917,298.3375,289.2,1.5375,275.0875,0.64,0.01155625,4.2375,41.35833333333334,-71.64166663333334
2008-08-20,3.60092802081185,297.23749999999995,287.1875,0.4,287.56250000000006,0.73,0.0097175,3.1999999999999997,41.35833333333334,-71.64166663333334
2008-08-28,3.3389991583788676,298.3625,288.45,0.48750000000000004,253.41250000000002,0.7637499999999999,0.01054875,3.2625000000000006,41.35833333333334,-71.64166663333334
2008-09-05,3.1821114539119018,296.4125,288.7,11.4625,226.28750000000002,0.5437500000000001,0.01095625,4.5,41.35833333333334,-71.64166663333334
2008-09-13,3.124971174620634,294.42499999999995,286.66249999999997,1.5750000000000004,210.92500000000004,0.49750000000000005,0.009612500000000001,4.275,41.35833333333334,-71.64166663333334
2008-09-21,2.6917065798101807,293.4875,285.4375,11.4875,185.3,0.38625,0.009452499999999999,5.375,41.35833333333334,-71.64166663333334
2008-09-29,2.582840825457048,291.5375,282.33750000000003,1.1625,163.23749999999998,0.46125000000000005,0.00732375,4.7375,41.35833333333334,-71.64166663333334
2008-10-07,2.3571327516225535,291.86249999999995,281.325,0.625,186.32500000000002,0.5437500000000001,0.006685000000000001,4.3,41.35833333333334,-71.64166663333334
2008-10-15,1.84993948359707,288.5875,278.5875,0.275,146.0625,0.45125,0.005515000000000001,6.1625000000000005,41.35833333333334,-71.64166663333334
2008-10-23,1.3926213416649218,286.675,276.425,3.6875000000000004,142.175,0.36000000000000004,0.00508,6.437500000000001,41.35833333333334,-71.64166663333334
2008-10-31,1.216973822866581,288.05,278.32500000000005,2.6625,115.90000000000002,0.42375,0.0054775,4.375,41.35833333333334,-71.64166663333334
2008-11-08,1.0504909925013364,286.55,278.375,3.5625,100.13750000000002,0.4,0.005168750000000001,5.0875,41.35833333333334,-71.64166663333334
2008-11-16,0.7495090461318872,278.225,269.95000000000005,0.1625,113.05000000000001,0.34125000000000005,0.00227375,8.387500000000001,41.35833333333334,-71.64166663333334
2008-11-24,0.7339476070999382,282.775,273.6375,7.2375,87.42499999999998,0.34125000000000005,0.0035975000000000004,6.200000000000001,41.35833333333334,-71.64166663333334
2008-12-02,0.7931728505691882,279.225,270.025,1.0,78.95,0.29125,0.0027325,6.275,41.35833333333334,-71.64166663333334
2008-12-10,0.5586737345649836,282.55000000000007,272.7875,15.0625,51.43750000000001,0.26625,0.00398875,7.574999999999999,41.35833333333334,-71.64166663333334
2008-12-18,0.7266900202039435,278.075,269.025,5.425,69.3875,0.235,0.0027212500000000006,8.8625,41.35833333333334,-71.64166663333334
2008-12-26,0.509595125898279,279.96666666666664,271.23333333333335,0.9500000000000002,80.16666666666667,0.3333333333333333,0.002795,6.966666666666668,41.35833333333334,-71.64166663333334
2009-01-01,0.37287958096409723,275.70000000000005,266.83750000000003,4.0125,88.5625,0.23375,0.00207625,8.0625,41.35833333333334,-71.64166663333334
2009-01-09,0.5495090461318872,272.4625,263.59999999999997,1.325,82.31250000000001,0.195,0.00159,6.2250000000000005,41.35833333333334,-71.64166663333334
2009-01-17,0.5197417607008245,274.25,265.09999999999997,1.2750000000000001,101.6125,0.1975,0.0019287500000000003,5.4125000000000005,41.35833333333334,-71.64166663333334
2009-01-25,0.3361640360299154,274.82500000000005,265.66249999999997,3.95,111.6875,0.24875,0.0017662500000000005,6.3375,41.35833333333334,-71.64166663333334
2009-02-02,0.6073786969683018,277.25,267.7125,0.41250000000000003,119.60000000000001,0.27875,0.002235,6.5,41.35833333333334,-71.64166663333334
2009-02-10,0.7454498345353191,279.6625,270.59999999999997,0.6125,132.35,0.34124999999999994,0.00251875,6.312500000000001,41.35833333333334,-71.64166663333334
2009-02-18,0.7931728505691882,278.075,269.0125,3.8875,138.775,0.30625,0.0022262500000000004,7.637500000000001,41.35833333333334,-71.64166663333334
2009-02-26,0.7963712258686144,276.9,267.75,2.9000000000000004,144.2375,0.22749999999999998,0.0024662500000000006,6.875000000000001,41.35833333333334,-71.64166663333334
2009-03-06,0.8293368865991035,281.95,272.9125,2.6250000000000004,174.37500000000003,0.35000000000000003,0.0033137500000000003,5.2875,41.35833333333334,-71.64166663333334
2009-03-14,0.8261385112996771,281.5625,272.7375,0.4625,227.32500000000002,0.36125,0.0030037500000000003,4.0,41.35833333333334,-71.64166663333334
2009-03-22,0.8752171199663816,282.125,272.8125,2.9000000000000004,217.28750000000002,0.36125,0.00323625,5.050000000000001,41.35833333333334,-71.64166663333334
2009-03-30,0.9087342896011371,284.7875,277.175,6.8375,158.275,0.375,0.00443375,6.275,41.35833333333334,-71.64166663333334
2009-04-07,0.9017860300980182,284.3625,275.9375,2.125,222.28750000000002,0.46125000000000005,0.00359875,6.2250000000000005,41.35833333333334,-71.64166663333334
2009-04-15,0.9095951258982792,286.9,277.325,6.45,222.27500000000003,0.495,0.00439125,5.862499999999999,41.35833333333334,-71.64166663333334
2009-04-23,1.0495090461318872,290.725,280.375,0.30000000000000004,305.95,0.6100000000000001,0.0056949999999999995,5.0,41.35833333333334,-71.64166663333334
2009-05-01,1.3848689984332339,288.7375,282.4375,7.237500000000001,165.3,0.35875000000000007,0.00686125,4.0875,41.35833333333334,-71.64166663333334
2009-05-09,1.4934821779620637,290.175,282.68750000000006,1.6875,274.1,0.46625000000000005,0.00679125,4.450000000000001,41.35833333333334,-71.64166663333334
2009-05-17,2.1317415714828725,291.5625,283.15,2.5875000000000004,279.2,0.5287499999999999,0.007115000000000001,4.4125000000000005,41.35833333333334,-71.64166663333334
2009-05-25,2.5583104816145092,291.4375,283.825,1.2000000000000002,264.71250000000003,0.53,0.00722125,4.55,41.35833333333334,-71.64166663333334
2009-06-02,2.62184751150463,292.65,285.88750000000005,4.6375,225.925,0.4825,0.008565000000000001,3.3625,41.35833333333334,-71.64166663333334
2009-06-10,2.0859256569861055,293.0,286.125,2.95,255.88750000000002,0.42000000000000004,0.009162500000000002,3.15,41.35833333333334,-71.64166663333334
2009-06-18,1.9742380006079066,294.0125,288.45,5.150000000000001,155.1125,0.40499999999999997,0.01045625,3.8750000000000004,41.35833333333334,-71.64166663333334
2009-06-26,3.5373985572236673,295.9625,289.5625,15.575000000000001,265.75,0.44749999999999995,0.011531250000000002,3.3125000000000004,41.35833333333334,-71.64166663333334
2009-07-04,3.14871535571623,295.82500000000005,287.875,3.8750000000000004,304.875,0.5900000000000001,0.010010000000000002,3.625,41.35833333333334,-71.64166663333334
2009-07-12,2.6963276936239273,297.46250000000003,289.3,1.8625000000000003,315.5125,0.6625000000000001,0.01095125,4.2,41.35833333333334,-71.64166663333334
2009-07-20,3.1693179527141964,297.8,290.90000000000003,13.7375,242.37500000000003,0.52,0.012595000000000002,3.8875,41.35833333333334,-71.64166663333334
2009-07-28,3.4464989267862527,299.35,292.28749999999997,1.725,272.22499999999997,0.55125,0.013885000000000002,3.7000000000000006,41.35833333333334,-71.64166663333334
2009-08-05,3.381065188671942,298.8375,291.09999999999997,0.7625000000000001,239.70000000000002,0.6737500000000001,0.012412500000000003,3.6375,41.35833333333334,-71.64166663333334
2009-08-13,3.753205004777981,300.2,292.2875,0.2625,259.27500000000003,0.65625,0.013872500000000001,3.875,41.35833333333334,-71.64166663333334
2009-08-21,3.2113168371257865,300.0625,292.97499999999997,2.2875,243.1125,0.7375,0.013572500000000003,3.9125,41.35833333333334,-71.64166663333334
2009-08-29,2.831630893356701,296.70000000000005,287.65,5.0125,226.0375,0.64,0.010143750000000002,2.8874999999999997,41.35833333333334,-71.64166663333334
2009-09-06,2.7729467654788054,295.0,285.725,3.0625000000000004,202.23749999999998,0.45500000000000007,0.00977875,5.4875,41.35833333333334,-71.64166663333334
2009-09-14,2.848846859101449,294.0875,284.33750000000003,0.21250000000000002,220.5625,0.5900000000000001,0.008150000000000001,4.8,41.35833333333334,-71.64166663333334
2009-09-22,2.6029098345323742,294.65,285.15,2.225,184.7375,0.4475,0.0095875,5.6375,41.35833333333334,-71.64166663333334
2009-09-30,2.6060334976483785,291.55,282.59999999999997,5.6875,164.01250000000002,0.48250000000000004,0.007257500000000001,5.925,41.35833333333334,-71.64166663333334
2009-10-08,2.1495194394447994,288.38750000000005,278.625,1.7625000000000002,142.83749999999998,0.43875000000000003,0.00553875,5.45,41.35833333333334,-71.64166663333334
2009-10-16,1.7584959105573272,286.8375,278.1125,3.5,112.51250000000002,0.33625000000000005,0.005548750000000001,6.5375000000000005,41.35833333333334,-71.64166663333334
2009-10-24,1.6311796692656946,288.26250000000005,279.7375,8.5625,109.56250000000001,0.27,0.006645,6.1625,41.35833333333334,-71.64166663333334
2009-11-01,1.1261385112996771,285.2625,278.0,0.7000000000000001,123.53750000000002,0.38250000000000006,0.0047237500000000005,4.675000000000001,41.35833333333334,-71.64166663333334
2009-11-09,0.9403443576987908,287.9,281.0375,4.1875,86.3,0.3125,0.00659125,6.8625,41.35833333333334,-71.64166663333334
2009-11-17,0.8738615273335462,285.575,278.02500000000003,2.975,101.325,0.2625,0.005510000000000001,5.6000000000000005,41.35833333333334,-71.64166663333334
2009-11-25,0.8596556809344326,284.58750000000003,277.35,4.0,82.97500000000002,0.28874999999999995,0.0049787500000000005,6.462500000000001,41.35833333333334,-71.64166663333334
2009-12-03,0.7527074214313136,282.1,274.09999999999997,11.212500000000002,82.575,0.3875,0.0033075,7.262499999999999,41.35833333333334,-71.64166663333334
2009-12-11,0.77066315203412,276.84999999999997,268.7,3.1,94.875,0.29250000000000004,0.0021750000000000003,7.612500000000001,41.35833333333334,-71.64166663333334
2009-12-19,0.7564573056350063,274.75,266.875,3.0375,86.80000000000003,0.20625000000000002,0.0021125000000000002,8.7,41.35833333333334,-71.64166663333334
2009-12-27,0.4549238503612909,278.14,267.3,2.8600000000000003,73.68,0.248,0.002578,7.460000000000001,41.35833333333334,-71.64166663333334
2010-01-01,0.4798278404672163,273.7875,267.2625,0.7124999999999999,60.2875,0.16875,0.0021850000000000003,7.2125,41.35833333333334,-71.64166663333334
2010-01-09,0.6055359143017109,275.4625,266.8125,0.0,105.0375,0.24625,0.0019675,5.9,41.35833333333334,-71.64166663333334
2010-01-17,0.722940136000251,279.1125,270.65,5.6000000000000005,96.06250000000001,0.28875,0.0027025,4.937500000000001,41.35833333333334,-71.64166663333334
2010-01-25,0.7385015750321999,275.575,267.0,2.7,103.78750000000001,0.27499999999999997,0.0020175,7.949999999999999,41.35833333333334,-71.64166663333334
2010-02-02,0.7596556809344328,274.9125,267.55,0.08750000000000001,125.61250000000001,0.26,0.0018212500000000002,6.362500000000001,41.35833333333334,-71.64166663333334
2010-02-10,0.777611411537239,276.3375,270.3125,2.4625000000000004,124.25000000000001,0.24375,0.0024175000000000004,7.5,41.35833333333334,-71.64166663333334
2010-02-18,0.7073786969683018,280.575,273.725,15.100000000000001,118.38749999999999,0.35624999999999996,0.0029575,7.187500000000001,41.35833333333334,-71.64166663333334
2010-02-26,0.7596556809344328,278.5625,273.3,1.0625,89.41250000000001,0.28125,0.0029687500000000005,5.662500000000001,41.35833333333334,-71.64166663333334
2010-03-06,0.8752171199663816,284.275,275.8125,11.7375,179.625,0.50625,0.003268750000000001,6.2250000000000005,41.35833333333334,-71.64166663333334
2010-03-14,0.8752171199663816,287.2125,276.71250000000003,1.4125,224.65,0.5800000000000001,0.003965,5.8374999999999995,41.35833333333334,-71.64166663333334
2010-03-22,0.9596556809344327,283.1125,276.9875,33.0625,193.625,0.35875,0.0042025,5.887500000000001,41.35833333333334,-71.64166663333334
2010-03-30,0.8379500661279335,288.8,279.425,6.7,230.675,0.4825,0.005507499999999999,3.3625000000000003,41.35833333333334,-71.64166663333334
2010-04-07,1.05590579673074,289.825,279.90000000000003,2.4375,240.2625,0.65,0.005115000000000001,4.6875,41.35833333333334,-71.64166663333334
2010-04-15,1.3628540562338591,287.82500000000005,279.5625,1.6375,243.72500000000002,0.5425000000000001,0.004920000000000001,4.375,41.35833333333334,-71.64166663333334
2010-04-23,1.5036288127646094,288.25,280.3125,2.2375,221.76250000000002,0.60875,0.00484625,5.750000000000001,41.35833333333334,-71.64166663333334
2010-05-01,1.7891807848541048,294.48749999999995,284.38750000000005,1.3,283.825,0.7187500000000001,0.00757,5.275,41.35833333333334,-71.64166663333334
2010-05-09,2.127561249813997,288.5375,280.2875,1.8250000000000002,274.575,0.5525,0.005332500000000001,5.35,41.35833333333334,-71.64166663333334
2010-05-17,2.760470157975914,293.1875,284.96250000000003,4.0875,286.325,0.61875,0.007848750000000002,4.125,41.35833333333334,-71.64166663333334
2010-05-25,3.339120268451175,296.6875,288.21250000000003,1.0875,320.225,0.7337500000000001,0.009813750000000001,4.1000000000000005,41.35833333333334,-71.64166663333334
2010-06-02,3.256954888981674,295.9,287.6625,2.425,297.2875,0.5625,0.01027125,4.1000000000000005,41.35833333333334,-71.64166663333334
2010-06-10,3.1806347512067594,294.1375,288.28749999999997,4.9625,258.825,0.4625,0.01015125,3.275,41.35833333333334,-71.64166663333334
2010-06-18,3.6826629628161682,299.5625,291.875,0.9625,332.96250000000003,0.80625,0.012357500000000002,3.875,41.35833333333334,-71.64166663333334
2010-06-26,3.43660486680801,299.2375,290.175,2.2625,314.96250000000003,0.825,0.011458750000000002,4.2625,41.35833333333334,-71.64166663333334
2010-07-04,3.7872169307484307,303.66249999999997,294.7375,0.3125,278.525,1.23,0.01401375,3.1,41.35833333333334,-71.64166663333334
2010-07-12,3.4727585095250135,301.15000000000003,294.75,4.15,254.9,0.7637500000000002,0.014901250000000001,4.1125,41.35833333333334,-71.64166663333334
2010-07-20,2.8988506229358064,301.95000000000005,292.9625,5.4625,272.9125,0.8925,0.013892500000000004,3.9250000000000003,41.35833333333334,-71.64166663333334
2010-07-28,3.4963173003110155,299.075,292.16249999999997,0.0,279.5375,0.7925,0.012361250000000002,4.4625,41.35833333333334,-71.64166663333334
2010-08-05,3.561686719554815,300.98749999999995,292.6625,1.7125,258.325,0.94125,0.012852500000000003,3.9500000000000006,41.35833333333334,-71.64166663333334
2010-08-13,3.4997578571218324,299.22499999999997,290.1375,1.7000000000000002,266.20000000000005,0.7124999999999999,0.012103750000000002,3.5374999999999996,41.35833333333334,-71.64166663333334
2010-08-21,3.1826629628161687,296.3,290.0125,4.4875,192.10000000000002,0.54625,0.011376250000000001,5.9624999999999995,41.35833333333334,-71.64166663333334
2010-08-29,3.4996935382513215,301.825,291.8375,3.9250000000000003,269.02500000000003,1.095,0.012322500000000002,5.2875,41.35833333333334,-71.64166663333334
2010-09-06,3.331367925219487,295.17499999999995,287.96250000000003,0.1625,206.52499999999998,0.655,0.009496250000000001,5.225,41.35833333333334,-71.64166663333334
2010-09-14,3.3680834701536684,294.575,285.1,5.0875,221.0,0.585,0.0086275,4.625000000000001,41.35833333333334,-71.64166663333334
2010-09-22,2.9266360946463448,296.575,290.475,0.8375,194.58749999999998,0.52875,0.011742500000000003,5.65,41.35833333333334,-71.64166663333334
2010-09-30,2.9911446775930024,292.01250000000005,284.925,5.4625,130.0875,0.39375000000000004,0.00874125,7.175000000000001,41.35833333333334,-71.64166663333334
2010-10-08,2.6003093660260994,291.12499999999994,280.45,3.125,183.25,0.5562499999999999,0.006176250000000001,5.425000000000001,41.35833333333334,-71.64166663333334
2010-10-16,1.6717765631555648,288.15,278.4375,0.1375,150.53750000000002,0.48874999999999996,0.005011250000000001,6.262500000000001,41.35833333333334,-71.64166663333334
2010-10-24,1.5789026852995638,289.92499999999995,281.775,1.6500000000000001,132.4875,0.40625000000000006,0.007102500000000001,6.025,41.35833333333334,-71.64166663333334
2010-11-01,1.14729261720191,284.25,275.82500000000005,7.0125,101.525,0.34375,0.004347500000000001,5.662500000000001,41.35833333333334,-71.64166663333334
2010-11-09,0.9963712258686145,287.16249999999997,278.46250000000003,3.2750000000000004,110.51250000000002,0.45625000000000004,0.00493875,6.0874999999999995,41.35833333333334,-71.64166663333334
2010-11-17,0.87066315203412,285.2125,276.05,0.47500000000000003,113.325,0.41625,0.00422,7.25,41.35833333333334,-71.64166663333334
2010-11-25,0.8596556809344326,283.2125,272.95,2.2125000000000004,97.72500000000001,0.36,0.0035137500000000004,6.287500000000001,41.35833333333334,-71.64166663333334
2010-12-03,0.8261385112996771,275.77500000000003,268.2125,0.0,85.22500000000001,0.27875,0.001935,7.7875000000000005,41.35833333333334,-71.64166663333334
2010-12-11,0.8073786969683018,277.35,268.3125,9.0625,76.175,0.22375,0.0027375000000000003,6.2749999999999995,41.35833333333334,-71.64166663333334
2010-12-19,0.8156825491042562,276.26250000000005,270.1125,1.9625000000000001,67.0875,0.24625000000000002,0.0023775000000000003,7.425,41.35833333333334,-71.64166663333334
2010-12-27,0.5985876547985918,276.52,268.53999999999996,0.0,93.38,0.21400000000000002,0.0024660000000000003,7.760000000000001,41.35833333333334,-71.64166663333334
2011-01-01,0.25172547506186455,277.0625,270.6,2.6125,87.47500000000001,0.26125000000000004,0.002465,4.6875,41.35833333333334,-71.64166663333334
2011-01-09,0.5124841738048299,274.9625,265.71250000000003,4.25,95.03750000000001,0.1925,0.00205375,7.025,41.35833333333334,-71.64166663333334
2011-01-17,0.21875981433137545,273.175,264.85,1.6375000000000002,95.36250000000001,0.175,0.00193625,5.4125000000000005,41.35833333333334,-71.64166663333334
2011-01-25,0.38677609997033535,274.96250000000003,267.1625,6.75,80.31250000000001,0.2075,0.0021000000000000003,4.750000000000001,41.35833333333334,-71.64166663333334
2011-02-02,0.4055359143017108,276.53749999999997,266.95,4.612500000000001,104.05000000000001,0.18625,0.00249625,6.2250000000000005,41.35833333333334,-71.64166663333334
2011-02-10,0.5899744752697618,277.0,268.1375,0.0,141.25000000000003,0.27625,0.00215125,6.800000000000001,41.35833333333334,-71.64166663333334
2011-02-18,0.5931728505691881,277.5375,266.0375,7.675000000000001,142.4625,0.24375000000000002,0.00230125,6.4375,41.35833333333334,-71.64166663333334
2011-02-26,0.7931728505691882,278.01250000000005,268.63750000000005,2.4375,172.4875,0.26625,0.00244875,5.9,41.35833333333334,-71.64166663333334
2011-03-06,0.845449834535319,281.85,273.5625,3.6875,173.9875,0.27375,0.0037750000000000006,7.3125,41.35833333333334,-71.64166663333334
2011-03-14,0.945449834535319,282.675,274.075,2.8625,166.04999999999998,0.37500000000000006,0.0034662500000000006,3.9875,41.35833333333334,-71.64166663333334
2011-03-22,0.8894229663654953,278.95,271.25,0.45,228.76250000000005,0.35375,0.0023250000000000002,5.975000000000001,41.35833333333334,-71.64166663333334
2011-03-30,0.8191902517965581,282.51250000000005,274.8,2.7,174.4875,0.35375000000000006,0.00359375,6.437500000000001,41.35833333333334,-71.64166663333334
2011-04-07,0.9596556809344327,285.9,276.9125,4.7625,233.8625,0.3725,0.0047462500000000005,4.0875,41.35833333333334,-71.64166663333334
2011-04-15,0.9752171199663817,285.3625,276.875,6.512499999999999,248.64999999999998,0.365,0.00462625,6.4125000000000005,41.35833333333334,-71.64166663333334
2011-04-23,1.0564573056350062,290.07500000000005,281.8375,4.0375000000000005,226.37499999999997,0.39249999999999996,0.0070325000000000006,4.9624999999999995,41.35833333333334,-71.64166663333334
2011-05-01,1.1229401360002509,290.16249999999997,280.875,2.0125,273.925,0.535,0.0059625,3.900000000000001,41.35833333333334,-71.64166663333334
2011-05-09,1.2972320621657563,289.65000000000003,282.825,4.325,199.62499999999997,0.4575,0.00666375,4.35,41.35833333333334,-71.64166663333334
2011-05-17,1.8811191142295411,291.7375,284.73749999999995,4.612500000000001,221.46249999999998,0.3875,0.0084275,4.75,41.35833333333334,-71.64166663333334
2011-05-25,2.808922545554929,297.1375,287.85,0.8625,324.2875,0.5737500000000001,0.01083375,3.45,41.35833333333334,-71.64166663333334
2011-06-02,2.790959248650185,296.3375,286.175,1.7,338.1,0.6687500000000001,0.0094875,3.9375,41.35833333333334,-71.64166663333334
2011-06-10,3.3960647254867133,295.4124999999999,287.425,8.5125,246.45000000000005,0.4962500000000001,0.0102925,3.5625,41.35833333333334,-71.64166663333334
2011-06-18,3.496933128085793,297.3875,288.7875,4.4375,298.3375,0.59375,0.011130000000000001,3.0375,41.35833333333334,-71.64166663333334
2011-06-26,3.8920055138901444,298.15000000000003,289.97499999999997,0.7250000000000001,318.575,0.60625,0.01192375,2.9875000000000003,41.35833333333334,-71.64166663333334
2011-07-04,3.4575063978859406,299.88750000000005,291.8625,4.275,309.95,0.63125,0.0135625,3.2624999999999997,41.35833333333334,-71.64166663333334
2011-07-12,3.741084122556849,300.0875,291.1625,1.0625000000000002,314.6125,0.7,0.013070000000000002,4.55,41.35833333333334,-71.64166663333334
2011-07-20,3.3359786457203207,301.7,293.1625,1.6,278.06250000000006,0.7525,0.01474,3.725,41.35833333333334,-71.64166663333334
2011-07-28,2.949081474310902,300.79999999999995,292.15,0.0,286.6875,0.80625,0.013215000000000001,3.1750000000000007,41.35833333333334,-71.64166663333334
2011-08-05,2.6762662122173153,299.475,291.58750000000003,9.4625,264.925,0.59375,0.013455,3.5375000000000005,41.35833333333334,-71.64166663333334
2011-08-13,2.7204739592569447,298.0125,290.2125,3.5500000000000007,226.60000000000002,0.4387500000000001,0.013078750000000002,3.6625,41.35833333333334,-71.64166663333334
2011-08-21,2.2059048599073563,298.225,290.6625,8.425,245.85000000000002,0.43624999999999997,0.013303750000000001,5.775,41.35833333333334,-71.64166663333334
2011-08-29,2.824971174620634,297.3625,288.5,0.0,271.125,0.555,0.011265,4.0375000000000005,41.35833333333334,-71.64166663333334
2011-09-06,2.4338189693589167,296.5,288.95,10.7,196.4375,0.43500000000000005,0.0116825,4.45,41.35833333333334,-71.64166663333334
2011-09-14,2.3507360010237006,293.81249999999994,284.4375,0.325,217.93750000000003,0.42750000000000005,0.0091575,4.750000000000001,41.35833333333334,-71.64166663333334
2011-09-22,1.984804679562723,297.0625,290.3625,6.6,155.52500000000003,0.365,0.0129125,3.2625,41.35833333333334,-71.64166663333334
2011-09-30,1.807314378097791,292.25,283.275,3.575,184.775,0.44375000000000003,0.008035,3.7750000000000004,41.35833333333334,-71.64166663333334
2011-10-08,1.5843174895289676,295.02500000000003,285.1125,5.2875000000000005,168.53750000000002,0.5725,0.0089675,5.6625000000000005,41.35833333333334,-71.64166663333334
2011-10-16,1.3421871403653818,290.78749999999997,282.98749999999995,7.7250000000000005,144.38750000000002,0.4675,0.00711625,7.049999999999999,41.35833333333334,-71.64166663333334
2011-10-24,1.1738615273335464,285.3375,276.47499999999997,7.762500000000001,117.78750000000001,0.32125000000000004,0.0048937500000000005,5.575,41.35833333333334,-71.64166663333334
2011-11-01,1.0229401360002508,286.7125,276.72499999999997,0.0,148.3125,0.43374999999999997,0.00462125,5.0875,41.35833333333334,-71.64166663333334
2011-11-09,0.8770599026329726,289.12500000000006,280.9,5.5,106.27500000000002,0.42375,0.0063212500000000005,5.6625,41.35833333333334,-71.64166663333334
2011-11-17,0.8197417607008245,285.3125,276.05,5.2125,91.14999999999998,0.34125,0.00466625,6.3375,41.35833333333334,-71.64166663333334
2011-11-25,0.8564573056350063,287.75,278.33750000000003,3.575,115.21249999999999,0.43125,0.0053175,5.325,41.35833333333334,-71.64166663333334
2011-12-03,0.6728795809640973,285.8625,276.7,6.8125,82.55000000000001,0.36124999999999996,0.004872500000000001,5.1625,41.35833333333334,-71.64166663333334
2011-12-11,0.5292157765267964,280.8375,271.95,0.28750000000000003,93.7625,0.33375000000000005,0.0030575000000000003,5.175,41.35833333333334,-71.64166663333334
2011-12-19,0.786224591066069,281.825,271.8625,3.1750000000000003,78.78750000000001,0.3125,0.0034062500000000004,5.362500000000001,41.35833333333334,-71.64166663333334
2011-12-27,0.6127935011977055,283.5,272.6,3.1,83.42,0.348,0.0036420000000000003,6.220000000000001,41.35833333333334,-71.64166663333334
2012-01-01,0.6127935011977055,280.6875,270.55,0.2,98.1625,0.34625,0.0027825000000000003,6.375000000000001,41.35833333333334,-71.64166663333334
2012-01-09,0.7628540562338589,278.82500000000005,269.325,5.7250000000000005,93.10000000000001,0.3225,0.0024400000000000008,6.800000000000001,41.35833333333334,-71.64166663333334
2012-01-17,0.7628540562338589,279.65,269.1875,3.3625,90.55000000000001,0.27999999999999997,0.002785,6.925,41.35833333333334,-71.64166663333334
2012-01-25,0.7596556809344328,281.93749999999994,273.5,2.125,102.51250000000002,0.37125,0.0031762500000000003,6.3125,41.35833333333334,-71.64166663333334
2012-02-02,0.7564573056350063,279.82500000000005,271.4,0.07500000000000001,135.1875,0.365,0.0024525000000000003,4.9875,41.35833333333334,-71.64166663333334
2012-02-10,0.722940136000251,280.1625,271.525,0.5375000000000001,104.4875,0.32,0.00286875,5.1499999999999995,41.35833333333334,-71.64166663333334
2012-02-18,0.722940136000251,281.925,272.98749999999995,3.4125000000000005,151.7,0.38125,0.0030612499999999997,6.2250000000000005,41.35833333333334,-71.64166663333334
2012-02-26,0.893172850569188,281.07500000000005,272.5375,3.2,151.675,0.32875,0.00311375,6.7,41.35833333333334,-71.64166663333334
2012-03-05,0.8720187446669554,283.1375,273.3375,0.55,226.60000000000002,0.41500000000000004,0.0033075,7.3625,41.35833333333334,-71.64166663333334
2012-03-13,0.8353031997327736,287.675,277.9375,0.125,208.57500000000002,0.41500000000000004,0.005301250000000001,3.6375,41.35833333333334,-71.64166663333334
2012-03-21,0.8495090461318873,287.725,278.4875,1.3000000000000003,202.43750000000003,0.50625,0.005027500000000001,5.1000000000000005,41.35833333333334,-71.64166663333334
2012-03-29,1.0073786969683016,284.1375,276.45000000000005,0.7250000000000001,204.525,0.47125000000000006,0.0035712500000000006,4.75,41.35833333333334,-71.64166663333334
2012-04-06,1.0403443576987907,285.85,277.925,0.5750000000000001,217.93750000000003,0.55125,0.0037949999999999998,4.075,41.35833333333334,-71.64166663333334
2012-04-14,1.0030773038603427,291.625,282.0375,0.0,281.22499999999997,0.6212500000000001,0.006303750000000001,4.187500000000001,41.35833333333334,-71.64166663333334
2012-04-22,1.2242314097625755,287.725,279.09999999999997,8.0625,253.68750000000006,0.4175,0.00547375,6.0875,41.35833333333334,-71.64166663333334
2012-04-30,1.3701116431298537,288.51250000000005,280.3,2.7125000000000004,211.16250000000002,0.39374999999999993,0.0060775,3.1125000000000007,41.35833333333334,-71.64166663333334
2012-05-08,1.926625701333433,291.8,283.3125,9.3125,227.27500000000003,0.49875,0.0074262500000000006,5.1625000000000005,41.35833333333334,-71.64166663333334
2012-05-16,2.106097816518889,293.27500000000003,284.025,4.575,262.4625,0.5475000000000001,0.00794125,3.7250000000000005,41.35833333333334,-71.64166663333334
2012-05-24,2.76981270904989,297.3,288.6125,0.15000000000000002,276.0,0.57375,0.011198750000000002,3.3375000000000004,41.35833333333334,-71.64166663333334
2012-06-01,2.509672703725899,292.81250000000006,285.5,4.425,239.07500000000002,0.47,0.008667500000000002,4.2,41.35833333333334,-71.64166663333334
2012-06-09,3.120865565135181,295.2375,287.33750000000003,1.4000000000000001,245.00000000000003,0.5675,0.009701250000000002,3.6500000000000004,41.35833333333334,-71.64166663333334
2012-06-17,2.9514937254966087,298.45,288.95000000000005,0.36250000000000004,325.975,0.70625,0.011505,3.7,41.35833333333334,-71.64166663333334
2012-06-25,3.44908904061284,299.2875,290.23749999999995,5.487500000000001,305.5125,0.7975,0.011592500000000002,4.312500000000001,41.35833333333334,-71.64166663333334
2012-07-03,3.397420318119549,301.02500000000003,292.29999999999995,0.2375,323.25,0.81375,0.013398750000000001,2.9625,41.35833333333334,-71.64166663333334
2012-07-11,3.2690086253213213,302.4,293.4125,1.65,306.27500000000003,0.91625,0.014240000000000001,3.8625000000000003,41.35833333333334,-71.64166663333334
2012-07-19,2.784758320307062,300.33750000000003,290.9,1.1125,253.26250000000002,0.83875,0.01229125,4.5125,41.35833333333334,-71.64166663333334
2012-07-27,2.7912089964635136,300.71250000000003,291.9625,6.85,271.0,0.6750000000000002,0.013920000000000004,3.3500000000000005,41.35833333333334,-71.64166663333334
2012-08-04,2.4779954511135376,302.49999999999994,293.025,4.4625,288.9,0.8600000000000002,0.014463750000000001,4.2,41.35833333333334,-71.64166663333334
2012-08-12,3.1338189693589165,300.1625,292.42499999999995,6.862500000000001,260.85,0.6925,0.013631250000000001,3.475,41.35833333333334,-71.64166663333334
2012-08-20,2.8370816635288536,300.7,290.65,0.0,280.0,0.94625,0.0116725,3.075,41.35833333333334,-71.64166663333334
2012-08-28,2.8756399911296264,300.7625,289.6,2.025,254.03749999999997,0.9437500000000001,0.01140875,4.475,41.35833333333334,-71.64166663333334
2012-09-05,2.7568801767982514,298.1625,288.7,1.9625000000000001,233.45000000000002,0.6387499999999999,0.011438750000000001,4.125,41.35833333333334,-71.64166663333334
2012-09-13,2.4517746999617227,296.5625,285.625,3.3625000000000003,219.22500000000002,0.66,0.009312500000000001,4.875,41.35833333333334,-71.64166663333334
2012-09-21,2.115742128683803,294.8875,284.6625,1.475,198.26250000000002,0.5825,0.008663750000000001,4.8875,41.35833333333334,-71.64166663333334
2012-09-29,2.1372595261697334,295.0625,286.2875,2.3125,150.1375,0.49125,0.009772500000000002,3.3625000000000003,41.35833333333334,-71.64166663333334
2012-10-07,1.6183218491974785,289.21250000000003,280.30000000000007,0.8,132.38750000000002,0.46625000000000005,0.005956250000000001,5.8500000000000005,41.35833333333334,-71.64166663333334
2012-10-15,1.2108863996606036,291.97499999999997,282.075,2.7750000000000004,161.50000000000003,0.4775,0.007390000000000001,5.737500000000001,41.35833333333334,-71.64166663333334
2012-10-23,1.214326956471421,290.84999999999997,283.3,2.35,97.91250000000001,0.47,0.00717,6.7,41.35833333333334,-71.64166663333334
2012-10-31,1.0918172579363528,284.6125,276.45,1.5000000000000002,108.0375,0.3675,0.0044062500000000004,6.512500000000001,41.35833333333334,-71.64166663333334
2012-11-08,0.8527074214313136,286.2375,276.92499999999995,0.8375,102.35,0.38499999999999995,0.00488625,6.4625,41.35833333333334,-71.64166663333334
2012-11-16,0.8564573056350063,284.4375,275.2375,0.0,115.28750000000002,0.345,0.004186250000000001,4.525,41.35833333333334,-71.64166663333334
2012-11-24,0.8229401360002508,281.3375,273.675,1.975,85.60000000000001,0.35624999999999996,0.00312125,7.0375,41.35833333333334,-71.64166663333334
2012-12-02,0.8073786969683018,285.775,276.5375,2.225,85.875,0.3875,0.00464375,4.475,41.35833333333334,-71.64166663333334
2012-12-10,0.8229401360002508,282.7125,274.75,6.8625,76.2125,0.35750000000000004,0.00371375,5.7875,41.35833333333334,-71.64166663333334
2012-12-18,0.7339476070999382,281.6625,273.28749999999997,6.0625,73.3,0.31375000000000003,0.0034812499999999995,7.512500000000001,41.35833333333334,-71.64166663333334
2012-12-26,0.5760779562635236,279.05,270.0833333333333,8.866666666666667,76.96666666666667,0.26166666666666666,0.0027916666666666667,8.566666666666666,41.35833333333334,-71.64166663333334
2013-01-01,0.46187210986440996,277.52500000000003,269.48749999999995,0.05,96.3,0.29875,0.002235,6.900000000000001,41.35833333333334,-71.64166663333334
2013-01-09,0.6197417607008244,282.825,274.5125,3.6375,82.05000000000001,0.34,0.0037400000000000003,4.500000000000001,41.35833333333334,-71.64166663333334
2013-01-17,0.6564573056350063,275.96250000000003,267.0875,0.375,108.01249999999999,0.28375000000000006,0.0019437500000000002,7.937500000000001,41.35833333333334,-71.64166663333334
2013-01-25,0.6564573056350063,277.1875,267.41249999999997,2.7,106.85,0.25875,0.00238625,7.6375,41.35833333333334,-71.64166663333334
2013-02-02,0.5862245910660691,275.7,268.4875,6.5125,99.025,0.28875000000000006,0.00184125,7.625,41.35833333333334,-71.64166663333334
2013-02-10,0.6564573056350063,278.49999999999994,269.9625,1.5500000000000003,126.51250000000002,0.27,0.0026387499999999996,5.75,41.35833333333334,-71.64166663333334
2013-02-18,0.6087342896011373,278.1375,269.525,2.975,132.85,0.28375,0.002455,7.487500000000002,41.35833333333334,-71.64166663333334
2013-02-26,0.6495090461318873,279.775,272.9125,3.8125000000000004,128.7125,0.3125,0.0029425000000000007,5.4875,41.35833333333334,-71.64166663333334
2013-03-06,0.75590579673074,281.2625,273.67499999999995,4.6625,164.82500000000002,0.285,0.0035700000000000003,7.587500000000001,41.35833333333334,-71.64166663333334
2013-03-14,0.893172850569188,278.05,271.1625,5.25,179.64999999999998,0.3275,0.0022825000000000002,6.2875000000000005,41.35833333333334,-71.64166663333334
2013-03-22,0.8894229663654953,281.775,273.3,0.125,221.15,0.42000000000000004,0.0027925000000000003,5.987500000000001,41.35833333333334,-71.64166663333334
2013-03-30,0.9353031997327736,282.8875,273.57500000000005,0.7,261.0625,0.44625000000000004,0.0029737500000000003,6.562500000000001,41.35833333333334,-71.64166663333334
2013-04-07,1.0495090461318872,286.5,277.375,3.7375000000000003,207.95000000000002,0.41375,0.004825,4.862500000000001,41.35833333333334,-71.64166663333334
2013-04-15,0.7506224572533319,286.8875,277.47499999999997,2.2125,269.4875,0.43,0.004847500000000001,5.5875,41.35833333333334,-71.64166663333334
2013-04-23,0.954923850361291,287.9875,278.66249999999997,0.0,275.96250000000003,0.49875,0.00493125,4.1625000000000005,41.35833333333334,-71.64166663333334
2013-05-01,1.3403443576987908,290.1875,279.31250000000006,0.1375,305.03749999999997,0.5050000000000001,0.00584,4.050000000000001,41.35833333333334,-71.64166663333334
2013-05-09,1.47048528939324,291.22499999999997,281.65,3.35,267.33750000000003,0.5425,0.0065762500000000005,4.9125,41.35833333333334,-71.64166663333334
2013-05-17,1.894286261690633,294.3625,285.03749999999997,2.575,279.425,0.58125,0.00852625,4.325,41.35833333333334,-71.64166663333334
2013-05-25,2.8424397151896845,293.90000000000003,284.5,2.7125,275.9,0.6462500000000001,0.00812375,5.575,41.35833333333334,-71.64166663333334
2013-06-02,2.627561249813997,294.8125,286.70000000000005,15.737500000000002,284.7375,0.58125,0.009235,4.975,41.35833333333334,-71.64166663333334
2013-06-10,3.0568981364131007,295.66249999999997,286.925,12.7625,249.6875,0.60625,0.009567500000000001,5.4125,41.35833333333334,-71.64166663333334
2013-06-18,3.2029666257341707,298.4125,289.725,0.325,325.125,0.7775000000000001,0.011053750000000001,4.2625,41.35833333333334,-71.64166663333334
2013-06-26,2.7625579491648695,299.36249999999995,292.46250000000003,4.300000000000001,267.1,0.5737500000000001,0.013868750000000001,5.2749999999999995,41.35833333333334,-71.64166663333334
2013-07-04,3.5845700643532705,301.475,294.5,1.2375,284.425,0.64375,0.015718750000000004,4.9625,41.35833333333334,-71.64166663333334
2013-07-12,3.122886210442652,302.45,294.4875,0.7375,274.15000000000003,0.80875,0.0154975,3.7375,41.35833333333334,-71.64166663333334
2013-07-20,3.1990852381452592,299.91249999999997,292.5625,2.2,212.8625,0.5950000000000001,0.014223750000000002,4.425000000000001,41.35833333333334,-71.64166663333334
2013-07-28,3.2991420293470557,299.825,290.4125,0.5,294.3,0.7075000000000001,0.012498750000000003,3.8499999999999996,41.35833333333334,-71.64166663333334
2013-08-05,3.289247969368813,298.9125,289.23749999999995,4.0874999999999995,281.63750000000005,0.8175000000000001,0.010838750000000001,4.125,41.35833333333334,-71.64166663333334
2013-08-13,3.0589291364002604,299.4,288.375,0.4375,272.2875,0.9024999999999999,0.01031625,3.875,41.35833333333334,-71.64166663333334
2013-08-21,3.473807601775947,300.175,289.9125,3.9125,258.925,0.85625,0.011615,3.95,41.35833333333334,-71.64166663333334
2013-08-29,3.1050515899121525,298.0875,290.21250000000003,6.800000000000001,214.2375,0.45000000000000007,0.012966250000000002,4.275,41.35833333333334,-71.64166663333334
2013-09-06,3.029834469945771,297.40000000000003,286.725,1.05,239.7375,0.6162500000000001,0.010545000000000002,4.7125,41.35833333333334,-71.64166663333334
2013-09-14,3.0161801324509243,295.07500000000005,283.625,0.037500000000000006,237.3125,0.6849999999999999,0.00784625,4.0125,41.35833333333334,-71.64166663333334
2013-09-22,2.8845057454827594,293.4125,283.59999999999997,1.1625,195.63750000000002,0.59375,0.0075937500000000015,3.9125000000000005,41.35833333333334,-71.64166663333334
2013-09-30,2.677799667491031,296.65000000000003,286.1625,1.525,171.875,0.78,0.008810000000000002,3.2750000000000004,41.35833333333334,-71.64166663333334
2013-10-08,2.1512950762299052,293.55,282.075,0.0,177.65000000000003,0.64375,0.0069700000000000005,5.8875,41.35833333333334,-71.64166663333334
2013-10-16,1.8201721981660075,292.50000000000006,281.175,0.0,155.39999999999998,0.6,0.0066475,4.2875000000000005,41.35833333333334,-71.64166663333334
2013-10-24,1.2591041720301663,287.88749999999993,277.525,0.1875,146.775,0.5975,0.00410875,5.35,41.35833333333334,-71.64166663333334
2013-11-01,1.1808097868366654,288.1875,277.8125,1.5375,112.075,0.4025,0.005671250000000001,5.6000000000000005,41.35833333333334,-71.64166663333334
2013-11-09,0.9229401360002508,284.95,274.8625,0.1,117.1125,0.49375,0.00350125,7.2625,41.35833333333334,-71.64166663333334
2013-11-17,0.9666039404375517,283.7125,273.75,2.0,101.73750000000001,0.32875,0.0041425,6.200000000000001,41.35833333333334,-71.64166663333334
2013-11-25,0.8564573056350063,281.22499999999997,271.53749999999997,9.05,78.41250000000001,0.28125000000000006,0.0034162500000000004,6.2125,41.35833333333334,-71.64166663333334
2013-12-03,0.6463106708324609,282.45,273.51250000000005,3.1875,66.35,0.28125,0.003915,4.475,41.35833333333334,-71.64166663333334
2013-12-11,0.777611411537239,277.1125,268.6375,4.0125,81.26250000000002,0.27499999999999997,0.00217875,7.575,41.35833333333334,-71.64166663333334
2013-12-19,0.6564573056350063,281.78749999999997,273.5125,2.2125,74.775,0.26625,0.003965000000000001,5.2875,41.35833333333334,-71.64166663333334
2013-12-27,0.5127935011977054,281.03999999999996,270.24,8.52,74.38,0.31000000000000005,0.002958,6.32,41.35833333333334,-71.64166663333334
2014-01-01,0.5650704851638363,273.3875,260.8625,2.95,71.8125,0.16,0.0020237500000000004,8.05,41.35833333333334,-71.64166663333334
2014-01-09,0.6596556809344326,281.35,272.425,7.075000000000001,85.725,0.3025,0.003425,4.862499999999999,41.35833333333334,-71.64166663333334
2014-01-17,0.5931728505691881,273.83750000000003,265.3,2.1,94.6875,0.18750000000000003,0.00211,7.0,41.35833333333334,-71.64166663333334
2014-01-25,0.6266900202039436,275.5125,265.5875,0.36250000000000004,109.36250000000001,0.26625,0.0018150000000000002,6.5375000000000005,41.35833333333334,-71.64166663333334
2014-02-02,0.4899744752697618,274.6625,267.04999999999995,5.675000000000001,116.3875,0.155,0.0024137499999999997,4.4125000000000005,41.35833333333334,-71.64166663333334
2014-02-10,0.5234916449045173,274.1875,264.47499999999997,6.4125000000000005,134.9875,0.1675,0.0020587500000000002,7.512500000000001,41.35833333333334,-71.64166663333334
2014-02-18,0.5165433854013981,279.7875,270.21250000000003,3.5375000000000005,141.70000000000002,0.28125,0.0029300000000000003,5.5625,41.35833333333334,-71.64166663333334
2014-02-26,0.6055359143017109,272.86249999999995,262.8375,0.0,165.53750000000002,0.18000000000000002,0.0016362499999999997,4.8999999999999995,41.35833333333334,-71.64166663333334
2014-03-06,0.6963712258686144,279.15000000000003,269.9875,1.8,169.81250000000003,0.3,0.0028212500000000004,5.075000000000001,41.35833333333334,-71.64166663333334
2014-03-14,0.8261385112996771,280.0,270.1125,1.7125000000000001,211.01250000000005,0.36000000000000004,0.0024700000000000004,6.799999999999999,41.35833333333334,-71.64166663333334
2014-03-22,0.8261385112996771,280.59999999999997,270.61249999999995,12.65,222.38750000000002,0.38375000000000004,0.00259625,6.375,41.35833333333334,-71.64166663333334
2014-03-30,0.8752171199663816,283.425,274.4875,3.7,204.92500000000004,0.34625,0.003855,4.9375,41.35833333333334,-71.64166663333334
2014-04-07,0.9229401360002508,287.4125,278.95000000000005,2.775,258.9375,0.48250000000000004,0.005008750000000001,5.25,41.35833333333334,-71.64166663333334
2014-04-15,0.9017860300980182,285.15,274.875,5.75,277.9125,0.39875,0.0041400000000000005,5.125,41.35833333333334,-71.64166663333334
2014-04-23,1.093172850569188,285.76250000000005,278.7875,8.15,205.25000000000003,0.415,0.0047662500000000005,5.487500000000001,41.35833333333334,-71.64166663333334
2014-05-01,1.0728795809640972,289.65,280.45,0.5125000000000001,272.9125,0.52625,0.005725,4.6625000000000005,41.35833333333334,-71.64166663333334
2014-05-09,1.5998789285609165,292.1875,284.46250000000003,2.125,254.47500000000005,0.5137499999999999,0.00783375,4.8,41.35833333333334,-71.64166663333334
2014-05-17,1.9406536850916665,292.4625,283.31250000000006,1.1625,282.7,0.64,0.006858749999999999,3.8625000000000007,41.35833333333334,-71.64166663333334
2014-05-25,2.3022836134446854,292.46250000000003,281.7375,0.7375,292.75,0.51,0.0075312500000000015,3.6125,41.35833333333334,-71.64166663333334
2014-06-02,2.550810713207124,295.65000000000003,286.26250000000005,3.8625000000000003,288.95,0.64,0.00919875,3.2750000000000004,41.35833333333334,-71.64166663333334
2014-06-10,2.914646677177209,295.75,287.55,2.35,266.07500000000005,0.46124999999999994,0.01070125,4.050000000000001,41.35833333333334,-71.64166663333334
2014-06-18,3.491023567520696,297.025,287.1625,0.6625,323.42500000000007,0.6962499999999999,0.009942500000000002,2.9625,41.35833333333334,-71.64166663333334
2014-06-26,3.131499389971482,299.38749999999993,290.1875,0.9875,310.52500000000003,0.7025,0.012292500000000001,3.4375,41.35833333333334,-71.64166663333334
2014-07-04,3.3610141005782426,299.225,291.15000000000003,9.262500000000001,298.4875,0.77875,0.012105,5.15,41.35833333333334,-71.64166663333334
2014-07-12,3.3724520091431116,297.8875,291.575,4.1125,271.35,0.63125,0.0122925,3.375,41.35833333333334,-71.64166663333334
2014-07-20,3.6909592486501848,299.18749999999994,291.7125,1.2125000000000001,270.125,0.7775000000000001,0.012215000000000002,3.8750000000000004,41.35833333333334,-71.64166663333334
2014-07-28,3.7207265340812476,297.4875,289.875,1.975,246.2875,0.53125,0.01207125,3.625,41.35833333333334,-71.64166663333334
2014-08-05,3.8201750251769813,300.3625,289.0875,1.2,301.45000000000005,0.94125,0.010948750000000002,3.125,41.35833333333334,-71.64166663333334
2014-08-13,3.395335353941566,297.725,287.25,1.6,280.45000000000005,0.66125,0.01040875,4.025,41.35833333333334,-71.64166663333334
2014-08-21,3.5376435657460314,298.77500000000003,288.125,0.21250000000000002,235.25000000000003,0.73,0.010968750000000001,3.3875000000000006,41.35833333333334,-71.64166663333334
2014-08-29,2.9509989691609158,299.46250000000003,291.1125,1.0375,267.20000000000005,0.8675,0.01174,4.2125,41.35833333333334,-71.64166663333334
2014-09-06,3.139486348412623,296.9,286.675,0.8875000000000001,233.85,0.52,0.010708750000000001,4.775,41.35833333333334,-71.64166663333334
2014-09-14,2.94539590897772,293.8625,283.45,0.0,228.76250000000002,0.59375,0.0078425,3.35,41.35833333333334,-71.64166663333334
2014-09-22,2.4562898363070382,295.075,284.4125,1.0375,202.88750000000002,0.59875,0.00867625,4.687500000000001,41.35833333333334,-71.64166663333334
2014-09-30,2.4931832438821,290.8875,283.47499999999997,4.4750000000000005,146.81250000000003,0.325,0.00833125,5.550000000000001,41.35833333333334,-71.64166663333334
2014-10-08,2.371897673227872,291.9125,282.4375,1.975,156.1125,0.5412500000000001,0.00732125,4.8375,41.35833333333334,-71.64166663333334
2014-10-16,1.94993948359707,290.475,282.7125,6.45,120.6875,0.33875000000000005,0.00789625,6.2,41.35833333333334,-71.64166663333334
2014-10-24,1.4843174895289672,289.65,279.74999999999994,0.22500000000000003,137.03750000000002,0.42375,0.0062562500000000005,5.375000000000001,41.35833333333334,-71.64166663333334
2014-11-01,1.3761990663358308,285.5875,277.6125,2.575,96.5625,0.37625,0.004842500000000001,7.525000000000001,41.35833333333334,-71.64166663333334
2014-11-09,1.2542408767050288,284.45,273.3375,2.5125,117.21249999999999,0.28875,0.004427500000000001,4.0875,41.35833333333334,-71.64166663333334
2014-11-17,0.9596556809344327,282.9,273.1,6.0875,105.85,0.355,0.0038287500000000006,8.149999999999999,41.35833333333334,-71.64166663333334
2014-11-25,0.9298883955033699,283.28749999999997,274.05,5.9625,85.98750000000001,0.33625000000000005,0.004025,6.250000000000002,41.35833333333334,-71.64166663333334
2014-12-03,0.7564573056350063,281.18750000000006,272.3625,14.225000000000001,73.2375,0.24750000000000003,0.0036887500000000006,6.875,41.35833333333334,-71.64166663333334
2014-12-11,0.8298883955033698,279.4625,272.52500000000003,0.9375,82.61250000000001,0.23625000000000002,0.0033537500000000004,5.712500000000001,41.35833333333334,-71.64166663333334
2014-12-19,0.8298883955033698,281.5375,274.8625,4.3625,51.9625,0.27,0.004035,5.687500000000001,41.35833333333334,-71.64166663333334
2014-12-27,0.6283549402296544,278.3,269.7,0.1,54.88000000000001,0.244,0.0028420000000000003,5.279999999999999,41.35833333333334,-71.64166663333334
2015-01-01,0.5425607866287682,276.85,266.2875,3.2375000000000003,78.0375,0.295,0.0020525,8.350000000000001,41.35833333333334,-71.64166663333334
2015-01-09,0.6564573056350063,274.425,265.625,1.7125000000000001,77.7625,0.17124999999999999,0.0021650000000000003,6.899999999999999,41.35833333333334,-71.64166663333334
2015-01-17,0.5862245910660691,277.4375,269.42499999999995,3.2750000000000004,84.625,0.27999999999999997,0.0023475,6.062500000000001,41.35833333333334,-71.64166663333334
2015-01-25,0.45325893033557996,272.875,263.22499999999997,3.6000000000000005,97.16250000000001,0.14500000000000002,0.0019175,8.075,41.35833333333334,-71.64166663333334
2015-02-02,0.3656219940681027,273.03749999999997,262.82499999999993,1.3875,82.525,0.10125,0.0022062500000000003,6.587500000000001,41.35833333333334,-71.64166663333334
2015-02-10,0.2063967505988527,270.15,259.32500000000005,1.0500000000000003,100.3625,0.09000000000000001,0.00171875,7.4875,41.35833333333334,-71.64166663333334
2015-02-18,0.1696812056646709,272.13750000000005,260.3125,2.075,143.0625,0.125,0.00178125,5.9750000000000005,41.35833333333334,-71.64166663333334
2015-02-26,0.38677609997033535,273.35,263.90000000000003,5.0375000000000005,154.29999999999998,0.14375,0.00208375,4.9,41.35833333333334,-71.64166663333334
2015-03-06,0.43905308393646625,277.9,268.875,0.9125000000000001,215.63750000000002,0.2925,0.0024000000000000002,5.012500000000001,41.35833333333334,-71.64166663333334
2015-03-14,0.5899744752697618,277.7125,270.85,4.5125,162.8875,0.27999999999999997,0.0025700000000000002,6.125000000000001,41.35833333333334,-71.64166663333334
2015-03-22,0.6899744752697617,277.7375,270.7875,4.362500000000001,205.26250000000002,0.27375,0.00264875,5.325000000000001,41.35833333333334,-71.64166663333334
2015-03-30,0.7894229663654955,282.6,274.40000000000003,0.7999999999999999,211.93750000000003,0.34625000000000006,0.0036337500000000003,5.525000000000001,41.35833333333334,-71.64166663333334
2015-04-07,0.8223886270959845,284.775,276.875,1.5374999999999999,175.9375,0.35875,0.00462125,5.762500000000001,41.35833333333334,-71.64166663333334
2015-04-15,0.9894229663654953,288.73749999999995,278.52500000000003,2.7250000000000005,246.4875,0.5262500000000001,0.005065,5.125000000000001,41.35833333333334,-71.64166663333334
2015-04-23,1.2073786969683018,286.15,278.03749999999997,0.08750000000000001,239.01250000000005,0.5125,0.0042650000000000006,4.875000000000001,41.35833333333334,-71.64166663333334
2015-05-01,1.4362851461022228,290.925,281.1,0.0,290.375,0.54375,0.00645125,3.325,41.35833333333334,-71.64166663333334
2015-05-09,1.4948377705948992,292.62500000000006,284.45,0.1375,303.52500000000003,0.49750000000000005,0.0081775,4.4375,41.35833333333334,-71.64166663333334
2015-05-17,2.247854519419088,291.48749999999995,283.15000000000003,1.55,282.825,0.51,0.007251250000000001,4.775,41.35833333333334,-71.64166663333334
2015-05-25,2.120004728838039,293.6625,286.375,3.9625000000000004,281.33750000000003,0.3625,0.010257500000000001,4.9875,41.35833333333334,-71.64166663333334
2015-06-02,2.5950903454192016,290.62500000000006,284.3125,0.5375,247.6125,0.31625000000000003,0.0085175,4.1625000000000005,41.35833333333334,-71.64166663333334
2015-06-10,2.969869461618463,297.03749999999997,289.15,3.3625000000000003,297.1625,0.675,0.0107475,4.075,41.35833333333334,-71.64166663333334
2015-06-18,3.4435531263111288,298.4,290.2875,3.2250000000000005,306.225,0.7324999999999999,0.011553750000000002,3.825,41.35833333333334,-71.64166663333334
2015-06-26,3.422334701538386,296.46250000000003,288.275,8.400000000000002,285.20000000000005,0.47750000000000004,0.01123625,4.125,41.35833333333334,-71.64166663333334
2015-07-04,3.5706735453470317,299.125,290.25,0.325,285.75,0.53125,0.013173750000000001,3.325,41.35833333333334,-71.64166663333334
2015-07-12,3.8180872339880256,299.2375,291.66249999999997,1.2375,294.9000000000001,0.61375,0.0133075,3.375,41.35833333333334,-71.64166663333334
2015-07-20,3.5802686712453107,300.31250000000006,290.95,1.9625,289.55,0.76375,0.012821250000000001,3.3625000000000003,41.35833333333334,-71.64166663333334
2015-07-28,3.6228862104426516,301.8125,292.175,1.875,315.93750000000006,0.80375,0.01397625,4.3875,41.35833333333334,-71.64166663333334
2015-08-05,3.8300766514571616,298.6125,289.6125,5.7250000000000005,292.71250000000003,0.7312500000000001,0.011356250000000002,4.0,41.35833333333334,-71.64166663333334
2015-08-13,3.7914540049858783,300.9,293.22499999999997,0.0,301.20000000000005,0.82375,0.0136725,3.8,41.35833333333334,-71.64166663333334
2015-08-21,3.2879566956064887,299.7375,291.65,0.8875,266.33750000000003,0.6475,0.013348750000000003,3.1625,41.35833333333334,-71.64166663333334
2015-08-29,3.088696460464546,300.1875,290.6625,0.0,270.65,0.8150000000000001,0.012265000000000002,3.8875,41.35833333333334,-71.64166663333334
2015-09-06,2.90290230686366,298.825,291.0875,7.525,213.125,0.59875,0.013025,3.6500000000000004,41.35833333333334,-71.64166663333334
2015-09-14,3.25418695114743,297.8125,287.85,0.0,240.1875,0.6637500000000001,0.010693750000000002,4.15,41.35833333333334,-71.64166663333334
2015-09-22,2.770609226476521,295.3125,285.5125,4.3875,215.4875,0.6212500000000001,0.008976250000000002,4.325,41.35833333333334,-71.64166663333334
2015-09-30,2.401611033101336,289.75,282.7,7.125,133.7125,0.29000000000000004,0.00793375,7.8125,41.35833333333334,-71.64166663333334
2015-10-08,2.356094052684532,292.0375,282.225,2.3625,171.7125,0.47500000000000003,0.007402500000000001,4.625,41.35833333333334,-71.64166663333334
2015-10-16,2.2121209208543555,288.37500000000006,277.6,0.45,164.08750000000003,0.46375000000000005,0.00535875,6.074999999999999,41.35833333333334,-71.64166663333334
2015-10-24,1.4765083937287065,289.2625,278.16249999999997,2.975,129.4125,0.43625,0.005767500000000001,6.0,41.35833333333334,-71.64166663333334
2015-11-01,0.9920698327606554,290.7,280.4375,0.1125,123.175,0.42750000000000005,0.00680125,4.75,41.35833333333334,-71.64166663333334
2015-11-09,1.1808097868366654,286.92499999999995,278.3875,2.0,96.21249999999999,0.395,0.005250000000000001,6.8875,41.35833333333334,-71.64166663333334
2015-11-17,0.9073786969683016,284.4125,274.41249999999997,6.2875000000000005,107.35000000000002,0.2975,0.0045537500000000005,5.775,41.35833333333334,-71.64166663333334
2015-11-25,0.9266900202039435,284.9,276.0125,1.4125,81.8875,0.30375,0.004818750000000001,4.525,41.35833333333334,-71.64166663333334
2015-12-03,0.8564573056350063,284.77500000000003,274.9625,0.3375,99.1,0.34625,0.004253750000000001,4.7,41.35833333333334,-71.64166663333334
2015-12-11,0.786224591066069,287.6875,279.9375,6.4125000000000005,78.175,0.4387499999999999,0.005542500000000001,4.8125,41.35833333333334,-71.64166663333334
2015-12-19,0.6824747068623763,286.6875,279.375,7.925,77.22500000000001,0.46125000000000005,0.005125000000000001,6.750000000000001,41.35833333333334,-71.64166663333334
2015-12-27,0.6760779562635235,281.38,272.94,3.4,79.4,0.19,0.004138000000000001,5.76,41.35833333333334,-71.64166663333334
2016-01-01,0.5728795809640973,278.63750000000005,269.175,0.0,100.56250000000001,0.29625000000000007,0.0023012500000000003,6.4125000000000005,41.35833333333334,-71.64166663333334
2016-01-09,0.7197417607008245,279.4,271.625,6.9,78.85000000000001,0.3125,0.0030787500000000003,7.625,41.35833333333334,-71.64166663333334
2016-01-17,0.7634055651381253,274.1875,267.59999999999997,3.0375,109.20000000000002,0.24375000000000002,0.001835,9.1875,41.35833333333334,-71.64166663333334
2016-01-25,0.7478441261061763,281.7125,272.2375,0.07500000000000001,115.93750000000003,0.3425,0.0030875000000000004,5.0,41.35833333333334,-71.64166663333334
2016-02-02,0.660207189838699,279.325,270.8125,11.237500000000002,94.5375,0.24875000000000003,0.00319,5.9,41.35833333333334,-71.64166663333334
2016-02-10,0.6532589303355799,274.325,262.35,2.75,120.2375,0.225,0.002125,7.362500000000001,41.35833333333334,-71.64166663333334
2016-02-26,0.8298883955033698,279.9625,271.75,0.8875,182.15,0.36125,0.0027025,7.5125,41.35833333333334,-71.64166663333334
2016-03-05,0.8666039404375516,284.45000000000005,275.925,0.30000000000000004,172.6125,0.39875000000000005,0.004025000000000001,4.0375,41.35833333333334,-71.64166663333334
2016-03-13,0.9073786969683016,284.0,276.475,6.9125000000000005,180.10000000000002,0.45625,0.00392625,5.4750000000000005,41.35833333333334,-71.64166663333334
2016-03-21,0.9073786969683016,283.475,276.2,1.2000000000000002,210.50000000000003,0.3225,0.0042625,5.7375,41.35833333333334,-71.64166663333334
2016-03-29,0.9808097868366653,282.0875,275.125,5.4125,205.38750000000005,0.30125,0.004183750000000001,7.2375,41.35833333333334,-71.64166663333334
2016-04-06,1.0808097868366653,283.84999999999997,275.525,5.612500000000001,220.56250000000003,0.35250000000000004,0.0039925,6.237500000000001,41.35833333333334,-71.64166663333334
2016-04-14,0.9894229663654953,289.0625,277.37500000000006,0.0,294.9125,0.5824999999999999,0.00411,4.375,41.35833333333334,-71.64166663333334
2016-04-22,1.0004304374651827,286.77500000000003,278.82500000000005,1.5625,241.8625,0.4575,0.00532625,3.6500000000000004,41.35833333333334,-71.64166663333334
2016-04-30,1.3770599026329726,285.41249999999997,280.2,4.5,151.0875,0.2325,0.0059525,4.9625,41.35833333333334,-71.64166663333334
2016-05-08,1.6459370245690748,291.7,281.0,1.05,296.8625,0.6599999999999999,0.006093750000000001,4.4875,41.35833333333334,-71.64166663333334
2016-05-16,1.8338265356608547,292.07500000000005,282.8625,0.7375,243.87500000000003,0.595,0.006328750000000001,4.3125,41.35833333333334,-71.64166663333334
2016-05-24,2.468204541592752,296.1125,287.875,3.9749999999999996,312.7625,0.56,0.010320000000000001,3.8875000000000006,41.35833333333334,-71.64166663333334
2016-06-01,2.959039853159656,295.27500000000003,287.8625,0.925,276.55,0.6050000000000001,0.01016,4.525,41.35833333333334,-71.64166663333334
2016-06-09,2.9538132662508207,296.775,286.33750000000003,1.3875000000000002,312.1375,0.84625,0.008188750000000002,5.2875000000000005,41.35833333333334,-71.64166663333334
2016-06-17,3.465194422247117,297.68750000000006,287.11249999999995,1.4625000000000001,340.71250000000003,0.7587499999999999,0.00975875,3.5,41.35833333333334,-71.64166663333334
2016-06-25,3.6204172066883724,297.25000000000006,289.6125,1.6625,293.4875,0.5950000000000001,0.011347500000000002,3.8125,41.35833333333334,-71.64166663333334
2016-07-03,3.6773049111553373,298.67499999999995,290.93750000000006,3.2250000000000005,287.95,0.61625,0.012582500000000003,3.6125000000000007,41.35833333333334,-71.64166663333334
2016-07-11,3.3240459808197573,300.6125,293.275,0.5750000000000001,303.0125,0.8412499999999998,0.013487500000000001,4.050000000000001,41.35833333333334,-71.64166663333334
2016-07-19,3.5511096472870873,302.32500000000005,292.0125,0.35,315.25,1.0487499999999998,0.012585,4.800000000000001,41.35833333333334,-71.64166663333334
2016-07-27,3.8911446775930028,299.4625,291.6125,2.8875,250.97499999999997,0.7125,0.01310875,3.35,41.35833333333334,-71.64166663333334
2016-08-04,3.3073247714107032,300.05,291.8875,2.2375000000000003,291.125,0.53,0.01353375,3.9875000000000003,41.35833333333334,-71.64166663333334
2016-08-12,3.6123555360638084,302.6625,294.7,0.2,260.375,0.8375,0.01598,4.5875,41.35833333333334,-71.64166663333334
2016-08-20,3.5364090831855037,300.15,291.5625,1.6125,260.6625,0.79375,0.012980000000000002,4.5125,41.35833333333334,-71.64166663333334
2016-08-28,3.395203889189571,298.625,290.175,0.7125000000000001,239.87500000000003,0.8087500000000001,0.01144875,4.1625000000000005,41.35833333333334,-71.64166663333334
2016-09-05,3.283887090697008,298.4375,291.34999999999997,3.6750000000000003,197.03750000000002,0.6325000000000001,0.012540000000000003,5.425,41.35833333333334,-71.64166663333334
2016-09-13,3.201291312395548,296.40000000000003,288.33750000000003,3.6375,221.41250000000002,0.5175000000000001,0.011273749999999999,4.075,41.35833333333334,-71.64166663333334
2016-09-21,3.016357995091804,295.13750000000005,284.7125,1.975,210.87500000000003,0.6112500000000001,0.00913125,3.9500000000000006,41.35833333333334,-71.64166663333334
2016-09-29,2.826017439860594,291.725,284.75,1.6500000000000001,140.8375,0.41875000000000007,0.008363750000000001,5.737500000000001,41.35833333333334,-71.64166663333334
2016-10-07,2.700796556059855,291.2875,280.2375,5.2875,174.725,0.49624999999999997,0.006886250000000002,3.9125000000000005,41.35833333333334,-71.64166663333334
2016-10-15,2.318752286662661,293.92499999999995,286.02500000000003,3.4125000000000005,151.36249999999998,0.6012500000000001,0.008701250000000002,5.199999999999999,41.35833333333334,-71.64166663333334
2016-10-23,1.7381279287688138,287.5625,277.825,6.725,136.78750000000002,0.45125,0.005137500000000001,7.35,41.35833333333334,-71.64166663333334
2016-10-31,1.58210106059899,287.775,277.46250000000003,0.525,130.32500000000002,0.4412499999999999,0.0051,5.25,41.35833333333334,-71.64166663333334
2016-11-08,1.1840081621360916,287.62499999999994,277.4375,3.2875,120.03750000000001,0.47750000000000004,0.004625000000000001,5.825,41.35833333333334,-71.64166663333334
2016-11-16,1.0033194853717335,283.68749999999994,275.1625,0.8625,106.12500000000001,0.37,0.004157500000000001,7.6000000000000005,41.35833333333334,-71.64166663333334
2016-11-24,0.9298883955033699,285.3875,276.825,8.475,77.36250000000001,0.36375,0.00490125,5.35,41.35833333333334,-71.64166663333334
2016-12-02,0.8073786969683018,280.775,273.375,1.1875,75.91250000000001,0.37625,0.0030987500000000004,6.725,41.35833333333334,-71.64166663333334
2016-12-10,0.8963712258686144,278.3500000000001,268.42499999999995,5.5375000000000005,80.275,0.24875,0.002495,7.375,41.35833333333334,-71.64166663333334
2016-12-18,0.8564573056350063,280.26250000000005,270.9,1.6625,80.91250000000001,0.32,0.0030300000000000006,6.275,41.35833333333334,-71.64166663333334
2016-12-26,0.609595125898279,282.4166666666667,271.9166666666667,4.166666666666667,75.26666666666667,0.30166666666666664,0.0034950000000000003,8.05,41.35833333333334,-71.64166663333334
2017-01-01,0.44311229553303455,276.9125,269.8125,5.3875,73.25,0.23500000000000004,0.0027275000000000003,7.1375,41.35833333333334,-71.64166663333334
2017-01-09,0.5830262157666426,279.66249999999997,269.3875,2.9125,103.7125,0.3175,0.00279625,5.825,41.35833333333334,-71.64166663333334
2017-01-17,0.6266900202039436,281.09999999999997,276.4,5.9624999999999995,73.21250000000002,0.3175,0.0037425,6.075,41.35833333333334,-71.64166663333334
2017-01-25,0.29625011579630733,279.0125,272.2,0.9125000000000001,86.0125,0.34625,0.002585,7.3625,41.35833333333334,-71.64166663333334
2017-02-02,0.660207189838699,278.75,270.36249999999995,4.5249999999999995,98.23750000000001,0.29375,0.0026850000000000003,7.237500000000001,41.35833333333334,-71.64166663333334
2017-02-10,0.7564573056350063,276.83750000000003,268.45,2.375,119.85,0.20125,0.0025562500000000004,7.187500000000001,41.35833333333334,-71.64166663333334
2017-02-18,0.7564573056350063,285.0875,275.00000000000006,0.36250000000000004,165.8375,0.4075,0.004098750000000001,5.05,41.35833333333334,-71.64166663333334
2017-02-26,0.893172850569188,279.7125,271.3625,0.5875,185.7875,0.35,0.00284875,8.75,41.35833333333334,-71.64166663333334
2017-03-06,0.9014767027051426,278.1125,269.4,2.6875,179.2125,0.32000000000000006,0.00251875,7.5625,41.35833333333334,-71.64166663333334
2017-03-14,0.9073786969683016,279.35,271.1,6.1375,184.55000000000004,0.34125,0.002555,8.25,41.35833333333334,-71.64166663333334
2017-03-22,0.9119326649005635,280.9125,273.1,2.5250000000000004,163.925,0.28500000000000003,0.00347625,6.237500000000001,41.35833333333334,-71.64166663333334
2017-03-30,0.9564573056350063,282.67500000000007,276.7,12.925,155.175,0.32875,0.0041487500000000005,5.5,41.35833333333334,-71.64166663333334
2017-04-07,1.0073786969683016,288.4375,278.2625,0.0,258.06250000000006,0.55625,0.00476,4.962500000000001,41.35833333333334,-71.64166663333334
2017-04-15,0.945449834535319,288.3125,280.8875,2.5124999999999997,204.2375,0.51375,0.00569375,5.2125,41.35833333333334,-71.64166663333334
2017-04-23,1.1440942419024835,290.3625,283.0625,4.8125,231.58750000000003,0.51875,0.006845,4.800000000000001,41.35833333333334,-71.64166663333334
2017-05-01,0.9994484910957337,288.8375,281.29999999999995,6.362500000000001,267.6375,0.395,0.006478750000000001,6.3875,41.35833333333334,-71.64166663333334
2017-05-09,1.3310585591933872,288.0375,281.15,4.8875,206.96250000000003,0.44625000000000004,0.005886250000000001,4.525,41.35833333333334,-71.64166663333334
2017-05-17,2.1904049127349445,294.22499999999997,285.6375,2.35,270.43750000000006,0.6824999999999999,0.00831,4.3500000000000005,41.35833333333334,-71.64166663333334
2017-05-25,2.4765083937287065,289.84999999999997,284.21250000000003,7.700000000000001,220.46250000000003,0.3075,0.008082500000000001,4.3625,41.35833333333334,-71.64166663333334
2017-06-02,3.033517208267979,291.7,283.5375,2.0375,269.675,0.45375,0.00780625,4.4,41.35833333333334,-71.64166663333334
2017-06-10,3.5673437052956105,298.075,289.5125,0.8875000000000001,315.95,0.755,0.011130000000000001,4.762500000000001,41.35833333333334,-71.64166663333334
2017-06-18,3.6091004081958094,298.5125,290.52500000000003,3.3750000000000004,309.2625,0.62375,0.01229875,5.6499999999999995,41.35833333333334,-71.64166663333334
2017-06-26,3.31198945610236,298.0375,290.4,0.4125,306.1625,0.63125,0.011977499999999999,5.5375,41.35833333333334,-71.64166663333334
2017-07-04,2.761263848391571,298.7625,291.1375,2.0124999999999997,301.2875,0.60875,0.012790000000000003,3.95,41.35833333333334,-71.64166663333334
2017-07-12,2.652163478828985,299.18749999999994,292.08750000000003,2.7125000000000004,257.4,0.395,0.014855000000000002,3.6000000000000005,41.35833333333334,-71.64166663333334
2017-07-20,2.811203293355417,297.775,291.02500000000003,2.025,234.4625,0.49874999999999997,0.013276250000000002,4.4875,41.35833333333334,-71.64166663333334
2017-07-28,3.4654366037585085,298.625,291.09999999999997,0.0625,289.0375,0.58625,0.01284375,3.3875000000000006,41.35833333333334,-71.64166663333334
2017-08-05,3.6760779948967475,297.3875,288.3875,2.5000000000000004,254.53750000000002,0.38000000000000006,0.012307499999999999,3.4125,41.35833333333334,-71.64166663333334
2017-08-13,3.6174685792022747,299.8375,291.25,2.225,263.35,0.66,0.0132025,3.6250000000000004,41.35833333333334,-71.64166663333334
2017-08-21,3.604546440263548,298.77500000000003,288.1125,0.0625,282.175,0.79875,0.010636250000000002,4.4,41.35833333333334,-71.64166663333334
2017-08-29,3.307502634051583,295.3375,286.775,4.2125,235.5,0.61375,0.00941375,6.300000000000001,41.35833333333334,-71.64166663333334
2017-09-06,2.7536997611136744,296.1,286.825,3.7625,238.78750000000005,0.6450000000000001,0.00954,4.35,41.35833333333334,-71.64166663333334
2017-09-14,2.5695062086679883,296.2375,291.49999999999994,1.375,188.98750000000004,0.4575,0.012380000000000002,5.6000000000000005,41.35833333333334,-71.64166663333334
2017-09-22,2.723932475682612,297.59999999999997,288.3125,0.225,201.65000000000003,0.7062499999999999,0.01064375,4.175000000000001,41.35833333333334,-71.64166663333334
2017-09-30,2.7222675556569005,294.3125,285.5875,3.025,189.6625,0.72625,0.007944999999999999,4.8125,41.35833333333334,-71.64166663333334
2017-10-08,2.2718976732278717,294.3625,287.4125,3.625,136.70000000000002,0.48874999999999996,0.009962500000000001,5.912500000000001,41.35833333333334,-71.64166663333334
2017-10-16,1.7470504356905194,293.0375,282.33750000000003,1.2625000000000002,170.6,0.64625,0.006901249999999999,5.000000000000001,41.35833333333334,-71.64166663333334
2017-10-24,1.756887743100189,290.9625,284.15,14.475000000000001,128.45000000000002,0.4075,0.008033750000000001,7.7,41.35833333333334,-71.64166663333334
2017-11-01,1.3448983256310525,289.15,279.8125,1.5625,116.65000000000002,0.365,0.00662375,5.7625,41.35833333333334,-71.64166663333334
2017-11-09,1.1293368865991036,281.96250000000003,273.225,1.55,97.25000000000001,0.26249999999999996,0.003863750000000001,5.4,41.35833333333334,-71.64166663333334
2017-11-17,0.9119326649005635,284.7625,273.78749999999997,6.800000000000001,101.5875,0.34874999999999995,0.00416,7.950000000000001,41.35833333333334,-71.64166663333334
2017-11-25,0.8596556809344326,285.1125,273.08750000000003,0.21250000000000002,110.6625,0.39375,0.0038337500000000004,5.8625,41.35833333333334,-71.64166663333334
2017-12-03,0.6219581896308017,281.7375,274.90000000000003,3.5125,81.4,0.37,0.0034300000000000003,5.862500000000001,41.35833333333334,-71.64166663333334
2017-12-11,0.7827168883737672,276.63750000000005,267.9375,0.9375,70.15,0.2075,0.0025524999999999996,6.6125,41.35833333333334,-71.64166663333334
2017-12-19,0.8143269564714207,279.31250000000006,271.71250000000003,2.35,69.5625,0.29625,0.0029575,7.65,41.35833333333334,-71.64166663333334
2017-12-27,0.5431122955330345,269.12,262.02,0.4800000000000001,75.42,0.198,0.001124,7.56,41.35833333333334,-71.64166663333334
2018-01-01,0.5463106708324609,270.0,260.73749999999995,4.3,90.625,0.1225,0.0015887499999999999,10.337500000000002,41.35833333333334,-71.64166663333334
2018-01-09,0.7821653794695007,279.025,269.65,9.012500000000001,94.875,0.31499999999999995,0.0027337500000000005,6.4624999999999995,41.35833333333334,-71.64166663333334
2018-01-17,0.7628540562338589,279.925,271.6875,4.7124999999999995,88.875,0.31375,0.00293375,5.825,41.35833333333334,-71.64166663333334
2018-01-25,0.7752171199663818,278.1625,269.9375,2.7375000000000003,107.7625,0.29625,0.0024625000000000003,6.937500000000001,41.35833333333334,-71.64166663333334
2018-02-02,0.7261385112996773,277.8375,267.825,4.2625,103.0625,0.2775,0.002305,6.875000000000001,41.35833333333334,-71.64166663333334
2018-02-10,0.8298883955033698,281.9,274.3,10.274999999999999,114.0125,0.33375000000000005,0.00362,5.1,41.35833333333334,-71.64166663333334
2018-02-18,0.722940136000251,283.05,275.68749999999994,5.625,114.4,0.32625000000000004,0.0041375000000000006,5.7625,41.35833333333334,-71.64166663333334
2018-02-26,0.7385015750321999,282.9125,275.5875,8.475000000000001,147.85000000000002,0.39625,0.0035900000000000003,7.2125,41.35833333333334,-71.64166663333334
2018-03-06,0.6283549402296544,278.6625,273.0625,7.225,147.125,0.27999999999999997,0.0029425000000000002,8.1125,41.35833333333334,-71.64166663333334
2018-03-14,0.8229401360002508,277.8625,270.63750000000005,1.4375,202.42500000000004,0.325,0.0022275000000000003,8.75,41.35833333333334,-71.64166663333334
2018-03-22,0.8422514592358926,281.58750000000003,274.4375,0.2,173.0,0.39000000000000007,0.003125,4.95,41.35833333333334,-71.64166663333334
2018-03-30,0.8564573056350063,282.4375,273.87499999999994,3.5749999999999997,195.4625,0.29875,0.003842500000000001,6.750000000000001,41.35833333333334,-71.64166663333334
2018-04-07,0.8660524315332854,283.08750000000003,275.1875,0.037500000000000006,211.77500000000003,0.3862500000000001,0.0037525,5.1875,41.35833333333334,-71.64166663333334
2018-04-15,0.9894229663654953,283.7,275.2875,4.0125,197.57500000000002,0.3875,0.0038125,7.4625,41.35833333333334,-71.64166663333334
2018-04-23,1.1963712258686146,287.725,279.9,5.025,211.475,0.445,0.00548,4.5,41.35833333333334,-71.64166663333334
2018-05-01,1.275217119966382,293.75,284.1625,0.5,282.9875,0.7262500000000001,0.00723,5.074999999999999,41.35833333333334,-71.64166663333334
2018-05-09,1.7591041720301663,290.8375,283.8,2.8625000000000003,256.08750000000003,0.47000000000000003,0.007380000000000001,4.0875,41.35833333333334,-71.64166663333334
2018-05-17,1.8890029222132247,292.7625,283.9375,3.9750000000000005,232.9375,0.5225000000000001,0.00790125,4.525,41.35833333333334,-71.64166663333334
2018-05-25,2.6049304798398456,295.33750000000003,286.90000000000003,1.5,265.425,0.56625,0.00977875,4.487500000000001,41.35833333333334,-71.64166663333334
2018-06-02,2.6857402280432874,293.2625,284.84999999999997,3.025,255.63750000000002,0.45125000000000004,0.008901250000000001,4.25,41.35833333333334,-71.64166663333334
2018-06-10,3.4841964180898835,295.5875,286.65,0.875,303.5,0.6812499999999999,0.0091375,4.4375,41.35833333333334,-71.64166663333334
2018-06-18,3.6777996674910307,297.03749999999997,288.4,2.2625,287.8875,0.5487500000000001,0.011232500000000001,4.275,41.35833333333334,-71.64166663333334
2018-06-26,3.0847015291052657,300.475,292.8125,0.8125,311.225,0.785,0.013615,3.7625,41.35833333333334,-71.64166663333334
2018-07-04,3.2765859715563264,300.0375,290.0125,0.7375,315.23750000000007,0.66,0.012992500000000002,4.5125,41.35833333333334,-71.64166663333334
2018-07-12,3.73346328271038,299.71250000000003,290.8,0.47500000000000003,315.225,0.70375,0.0126975,3.4375000000000004,41.35833333333334,-71.64166663333334
2018-07-20,3.7386255121154806,299.15,293.58750000000003,2.725,263.70000000000005,0.5537500000000001,0.014427500000000001,5.9625,41.35833333333334,-71.64166663333334
2018-07-28,3.1177164147356127,300.6125,293.5874999999999,2.8875,279.20000000000005,0.5925,0.015090000000000003,4.5125,41.35833333333334,-71.64166663333334
2018-08-05,3.4688799875802987,302.0375,294.5125,2.3125,276.2,0.795,0.015281250000000001,4.2375,41.35833333333334,-71.64166663333334
2018-08-13,2.483224865033346,300.1625,293.4125,1.7500000000000002,213.17500000000004,0.5712499999999999,0.0149,4.8625,41.35833333333334,-71.64166663333334
2018-08-21,2.7585630564388115,299.9375,291.2625,0.1625,267.6625,0.7012499999999999,0.01316125,4.3500000000000005,41.35833333333334,-71.64166663333334
2018-08-29,2.6587513123926034,301.2875,293.1875,0.0,230.95,0.8762499999999999,0.01379,4.4,41.35833333333334,-71.64166663333334
2018-09-06,1.7701144701408276,295.9375,290.175,4.25,158.4375,0.40375,0.012266250000000001,4.875000000000001,41.35833333333334,-71.64166663333334
2018-09-14,2.02097910890555,296.4375,289.95,4.0125,215.65000000000003,0.43374999999999997,0.012065000000000001,4.025,41.35833333333334,-71.64166663333334
2018-09-22,2.430695306242913,293.37499999999994,285.7375,9.225000000000001,158.21249999999998,0.28375,0.010238750000000001,5.575,41.35833333333334,-71.64166663333334
2018-09-30,2.4491457931814127,294.5,286.9,4.1375,177.57500000000002,0.4512500000000001,0.0099325,3.9749999999999996,41.35833333333334,-71.64166663333334
2018-10-08,2.028048439847753,293.0,285.3125,8.3,122.35000000000001,0.4175,0.00936625,5.8875,41.35833333333334,-71.64166663333334
2018-10-16,1.9644546573890591,286.66249999999997,277.2625,1.4500000000000002,145.9875,0.38625,0.005031250000000001,8.2125,41.35833333333334,-71.64166663333334
2018-10-24,1.8201721981660075,284.9625,276.7125,5.062500000000001,118.45000000000002,0.2775,0.005072500000000001,7.1375,41.35833333333334,-71.64166663333334
2018-11-01,1.3770599026329726,289.0125,281.025,6.75,116.2625,0.42000000000000004,0.006497500000000001,7.175,41.35833333333334,-71.64166663333334
2018-11-09,0.8894229663654953,282.33750000000003,273.22499999999997,13.812500000000002,99.18749999999999,0.29000000000000004,0.0038225000000000004,8.037500000000001,41.35833333333334,-71.64166663333334
2018-11-17,0.945449834535319,278.8625,270.4,5.5125,94.17500000000001,0.23625,0.0031837500000000004,6.325000000000001,41.35833333333334,-71.64166663333334
2018-11-25,0.5150099301276827,281.975,275.775,7.612500000000001,77.5125,0.29375,0.00405,7.075000000000001,41.35833333333334,-71.64166663333334
2018-12-03,0.7926213416649217,278.4375,269.0625,0.0,100.42500000000001,0.30500000000000005,0.0023700000000000006,6.237500000000001,41.35833333333334,-71.64166663333334
2018-12-11,0.8261385112996771,279.75,272.04999999999995,2.3625000000000003,72.775,0.29,0.003065,6.537500000000001,41.35833333333334,-71.64166663333334
2018-12-19,0.8789670041700745,281.5625,273.05,2.8625000000000003,81.5,0.37625000000000003,0.0031887500000000006,6.3375,41.35833333333334,-71.64166663333334
2018-12-27,0.6283549402296544,281.56,273.12,15.460000000000003,67.66,0.38,0.0031240000000000005,5.020000000000001,41.35833333333334,-71.64166663333334
2019-01-01,0.5618721098644099,281.8125,272.3875,4.612500000000001,77.55,0.3775,0.0030125000000000004,6.325,41.35833333333334,-71.64166663333334
2019-01-09,0.7789670041700745,275.3375,267.625,0.0,91.9,0.28,0.00179375,7.250000000000002,41.35833333333334,-71.64166663333334
2019-01-17,0.7931728505691882,277.25000000000006,266.8875,11.775,76.5875,0.25875,0.0024775000000000005,7.5,41.35833333333334,-71.64166663333334
2019-01-25,0.7931728505691882,274.34999999999997,265.5625,0.7000000000000001,124.6375,0.24250000000000002,0.0017987500000000002,6.8625,41.35833333333334,-71.64166663333334
2019-02-02,0.7963712258686144,280.7,271.65,1.9625000000000001,123.53750000000001,0.3325,0.00302,5.675000000000001,41.35833333333334,-71.64166663333334
2019-02-10,0.7628540562338589,278.4375,271.00000000000006,4.575,114.48750000000001,0.32999999999999996,0.0023825000000000005,6.4625,41.35833333333334,-71.64166663333334
2019-02-18,0.7261385112996773,278.2,270.9,6.387500000000001,125.2125,0.30875,0.00248,6.5625,41.35833333333334,-71.64166663333334
2019-02-26,0.8156825491042562,274.8125,268.3125,5.9,130.175,0.225,0.00211,5.8625,41.35833333333334,-71.64166663333334
2019-03-06,0.8821653794695008,277.72499999999997,269.78749999999997,2.575,196.13750000000002,0.305,0.00238,6.2,41.35833333333334,-71.64166663333334
2019-03-14,0.8081827806968708,282.1,274.0875,3.525,209.40000000000003,0.42124999999999996,0.0030812500000000002,6.025,41.35833333333334,-71.64166663333334
2019-03-22,0.8591041720301663,281.9875,274.8125,0.675,203.13750000000002,0.41125,0.00313625,6.512500000000001,41.35833333333334,-71.64166663333334
2019-03-30,0.8714672357626889,284.9,275.4875,3.7375,236.66250000000002,0.45625,0.00383875,6.312500000000001,41.35833333333334,-71.64166663333334
2019-04-07,1.0448983256310527,286.025,279.125,6.550000000000001,202.1125,0.34750000000000003,0.005443750000000001,4.275,41.35833333333334,-71.64166663333334
2019-04-15,1.1596556809344327,289.2,281.45000000000005,5.575000000000001,193.55,0.48125,0.0060975000000000005,6.300000000000002,41.35833333333334,-71.64166663333334
2019-04-23,1.1591041720301662,287.3125,279.7375,4.15,235.17500000000004,0.40875,0.005550000000000002,4.9624999999999995,41.35833333333334,-71.64166663333334
2019-05-01,1.5982140085352055,288.425,281.525,3.5375,214.4875,0.36125,0.006591250000000001,3.85,41.35833333333334,-71.64166663333334
2019-05-09,1.7178346591637226,288.125,281.15,6.4,204.5,0.4412500000000001,0.005985000000000001,5.3125,41.35833333333334,-71.64166663333334
2019-05-17,2.3239220823697,293.95,284.51249999999993,0.1375,279.46250000000003,0.65875,0.007705,5.65,41.35833333333334,-71.64166663333334
2019-05-25,2.6548027789222073,294.02500000000003,285.54999999999995,4.9625,286.07500000000005,0.5287499999999999,0.00899375,3.2875000000000005,41.35833333333334,-71.64166663333334
2019-06-02,2.8522798496103285,294.9125,285.38750000000005,0.9625,321.3125,0.54875,0.009161250000000001,4.325,41.35833333333334,-71.64166663333334
2019-06-10,3.00689433394552,294.875,287.775,7.9125000000000005,261.83750000000003,0.53625,0.00992,4.7,41.35833333333334,-71.64166663333334
2019-06-18,2.805546307614623,296.3875,289.77500000000003,11.662500000000001,243.5625,0.6600000000000001,0.010667500000000002,3.75,41.35833333333334,-71.64166663333334
2019-06-26,3.0086803640435384,300.775,291.3,0.3125,319.86250000000007,0.8637500000000002,0.01251,3.3249999999999997,41.35833333333334,-71.64166663333334
2019-07-04,3.4643979048204865,300.6875,292.2125,2.9375,307.7875,0.7725,0.013461250000000003,2.9750000000000005,41.35833333333334,-71.64166663333334
2019-07-12,3.5671015237842187,301.4875,293.21250000000003,3.5125,287.46250000000003,0.7937500000000001,0.014292500000000001,3.4875000000000007,41.35833333333334,-71.64166663333334
2019-07-20,3.5153836150242928,300.90000000000003,292.88749999999993,11.65,280.20000000000005,0.7825,0.014065000000000001,3.0750000000000006,41.35833333333334,-71.64166663333334
2019-07-28,3.637579246875521,302.5875000000001,293.56250000000006,0.0,316.2375,0.9175,0.014450000000000001,3.6625000000000005,41.35833333333334,-71.64166663333334
2019-08-05,3.556890570111163,299.70000000000005,290.8875,0.9875,305.31250000000006,0.7475,0.01239125,4.2125,41.35833333333334,-71.64166663333334
2019-08-13,3.117350296140941,299.71250000000003,292.8125,4.5125,263.73750000000007,0.5687500000000001,0.01433,3.1125,41.35833333333334,-71.64166663333334
2019-08-21,2.7811966920571605,297.4375,289.7,5.325,241.0125,0.545,0.0120175,4.525,41.35833333333334,-71.64166663333334
2019-08-29,3.509961244492951,298.2,288.45000000000005,0.037500000000000006,262.33750000000003,0.63125,0.011311250000000002,4.050000000000001,41.35833333333334,-71.64166663333334
2019-09-06,3.346676789427133,295.275,287.125,2.2625,190.97500000000002,0.51125,0.010080000000000002,5.600000000000001,41.35833333333334,-71.64166663333334
2019-09-14,2.5624340120815887,295.9375,284.9875,0.35000000000000003,220.675,0.69625,0.008741250000000002,4.4125,41.35833333333334,-71.64166663333334
2019-09-22,2.8528956773851055,297.0875,286.8375,2.9000000000000004,229.625,0.6175,0.010255,4.95,41.35833333333334,-71.64166663333334
2019-09-30,1.942991224093951,293.68749999999994,284.5375,1.4125,152.54999999999998,0.63875,0.0080625,6.0,41.35833333333334,-71.64166663333334
2019-10-08,1.321958189630802,289.45,283.3625,3.4875000000000003,106.82500000000002,0.39125000000000004,0.007213750000000001,7.325,41.35833333333334,-71.64166663333334
2019-10-16,1.3113811559962971,290.3125,281.0875,8.15,145.51250000000002,0.445,0.006653750000000001,7.15,41.35833333333334,-71.64166663333334
2019-10-24,1.1963712258686146,290.625,283.9375,9.549999999999999,125.90000000000002,0.41750000000000004,0.007625000000000002,5.225000000000001,41.35833333333334,-71.64166663333334
2019-11-01,1.0403443576987907,285.30000000000007,274.2125,3.7375000000000003,132.97500000000002,0.3400000000000001,0.00441,6.2875000000000005,41.35833333333334,-71.64166663333334
2019-11-09,0.9596556809344327,282.26250000000005,270.7625,0.3125,119.10000000000001,0.3325,0.003355,6.2,41.35833333333334,-71.64166663333334
2019-11-17,0.67927633156295,282.25,275.2875,5.6375,79.25,0.27,0.00413875,6.725000000000001,41.35833333333334,-71.64166663333334
2019-11-25,0.8261385112996771,282.5,272.675,4.5375,89.375,0.28875,0.0037837500000000002,7.575,41.35833333333334,-71.64166663333334
2019-12-03,0.8197417607008245,281.425,272.1875,6.700000000000001,67.225,0.3175,0.00339125,7.337500000000001,41.35833333333334,-71.64166663333334
2019-12-11,0.8596556809344326,279.875,271.6375,7.025,64.1125,0.31875,0.0029950000000000003,7.175000000000001,41.35833333333334,-71.64166663333334
2019-12-19,0.7894229663654955,278.23749999999995,269.70000000000005,0.0,102.51250000000002,0.28125,0.00258875,5.85,41.35833333333334,-71.64166663333334
2019-12-27,0.6283549402296544,280.71999999999997,274.0,9.5,67.66,0.262,0.0036500000000000005,6.340000000000001,41.35833333333334,-71.64166663333334
2020-01-01,0.6127935011977055,280.34999999999997,273.91249999999997,1.8125000000000002,62.62500000000001,0.34750000000000003,0.00305125,6.4625,41.35833333333334,-71.64166663333334
2020-01-09,0.6830262157666427,283.79999999999995,275.175,0.625,96.03750000000002,0.43749999999999994,0.00371125,6.862499999999999,41.35833333333334,-71.64166663333334
2020-01-17,0.8073786969683018,276.7,266.45,1.4375,112.76249999999999,0.2725,0.0020012500000000004,5.762499999999999,41.35833333333334,-71.64166663333334
2020-01-25,0.8298883955033698,279.84999999999997,273.175,1.9250000000000003,99.9,0.36749999999999994,0.0027412500000000006,5.15,41.35833333333334,-71.64166663333334
2020-02-02,0.7596556809344328,281.1125,273.6,3.4499999999999997,90.5,0.33249999999999996,0.0032762499999999996,5.4,41.35833333333334,-71.64166663333334
2020-02-10,0.7963712258686144,278.925,271.6875,5.437500000000001,117.85000000000002,0.2725,0.0030125,5.625,41.35833333333334,-71.64166663333334
2020-02-18,0.7087342896011373,280.575,271.375,1.0375,153.6,0.3625,0.00279125,5.5125,41.35833333333334,-71.64166663333334
2020-02-26,0.8634055651381253,281.93750000000006,273.875,3.5875000000000004,167.46250000000003,0.41125000000000006,0.0031500000000000005,8.0,41.35833333333334,-71.64166663333334
2020-03-05,0.893172850569188,285.48749999999995,276.0875,0.7875000000000001,213.6125,0.5375000000000001,0.00355,6.575,41.35833333333334,-71.64166663333334
2020-03-13,0.8197417607008245,284.2,276.375,5.45,174.72500000000002,0.40499999999999997,0.004050000000000001,5.9625,41.35833333333334,-71.64166663333334
2020-03-21,0.893172850569188,283.48749999999995,275.475,7.5,190.975,0.445,0.0035025000000000004,5.875,41.35833333333334,-71.64166663333334
2020-03-29,0.9229401360002508,282.6875,277.17499999999995,1.7375000000000003,165.16250000000002,0.30874999999999997,0.004296250000000001,6.437500000000001,41.35833333333334,-71.64166663333334
2020-04-06,0.8862245910660691,285.95,278.4,4.425000000000001,199.125,0.4775,0.0044125000000000015,6.9,41.35833333333334,-71.64166663333334
2020-04-14,1.033947607099938,283.4625,275.3625,3.2375000000000003,227.6,0.35875,0.00393125,5.987500000000001,41.35833333333334,-71.64166663333334
2020-04-22,1.0127935011977054,284.025,276.82500000000005,4.275,189.60000000000002,0.40875,0.00403375,5.8875,41.35833333333334,-71.64166663333334
2020-04-30,1.346310670832461,290.125,281.15,5.8,251.675,0.6,0.00571375,5.675000000000001,41.35833333333334,-71.64166663333334
2020-05-08,1.4564573056350063,287.5375,278.71250000000003,3.5125,294.65000000000003,0.52375,0.00481,6.875000000000001,41.35833333333334,-71.64166663333334
2020-05-16,1.8095951258982792,291.51250000000005,282.1625,1.4250000000000003,290.325,0.5712499999999999,0.006677500000000001,4.8375,41.35833333333334,-71.64166663333334
2020-05-24,2.4153192961537817,293.97499999999997,286.2625,1.5500000000000003,292.5625,0.58625,0.0087325,4.625,41.35833333333334,-71.64166663333334
2020-06-01,2.9719544257964445,295.51249999999993,286.8125,2.4875000000000003,292.75,0.655,0.009266250000000002,4.125000000000001,41.35833333333334,-71.64166663333334
2020-06-09,3.528963240335717,295.92499999999995,287.3625,1.5250000000000001,307.62500000000006,0.67125,0.009485,4.300000000000001,41.35833333333334,-71.64166663333334
2020-06-17,3.223185144522616,298.875,291.03749999999997,0.0,331.11250000000007,0.67625,0.01237125,3.7,41.35833333333334,-71.64166663333334
2020-06-25,2.6011162767656417,298.9,291.22499999999997,5.725,278.1375,0.6749999999999999,0.012463750000000003,2.9125000000000005,41.35833333333334,-71.64166663333334
2020-07-03,3.1397360962259517,299.6499999999999,293.2625,1.275,297.2,0.66375,0.013892500000000002,4.0875,41.35833333333334,-71.64166663333334
2020-07-11,3.0712818454530946,299.9875,292.52500000000003,1.0250000000000001,278.3,0.71875,0.01352,4.3875,41.35833333333334,-71.64166663333334
2020-07-19,2.9681402227222415,302.9375,294.45000000000005,1.3875000000000002,293.17500000000007,0.9225000000000001,0.0150775,4.3875,41.35833333333334,-71.64166663333334
2020-07-27,3.2337622167903435,302.91249999999997,294.67499999999995,0.7250000000000001,294.275,1.01125,0.014682500000000001,4.4750000000000005,41.35833333333334,-71.64166663333334
2020-08-04,3.2627897373633488,300.725,293.3625,0.1875,262.9125,0.85375,0.013453750000000002,4.575,41.35833333333334,-71.64166663333334
2020-08-12,3.141254418895791,298.875,291.35,3.675,238.62500000000003,0.6625,0.01272375,4.6625000000000005,41.35833333333334,-71.64166663333334
2020-08-20,2.943901285290951,300.06250000000006,291.31249999999994,0.5375,271.26250000000005,0.8987499999999999,0.011954999999999999,4.550000000000001,41.35833333333334,-71.64166663333334
2020-08-28,2.6755756722591157,298.37500000000006,289.625,1.4625000000000001,223.56250000000003,0.59875,0.012127500000000001,4.4,41.35833333333334,-71.64166663333334
2020-09-05,2.469178921660263,296.8375,288.8125,1.1375,225.3125,0.6212500000000001,0.010795,3.8000000000000003,41.35833333333334,-71.64166663333334
2020-09-13,2.0145643986918476,293.16249999999997,283.0,0.0,220.33749999999998,0.5275000000000001,0.00792375,5.45,41.35833333333334,-71.64166663333334
2020-09-21,1.9931009653967393,295.3,285.75,0.4,214.8375,0.6675,0.008823750000000002,4.625000000000001,41.35833333333334,-71.64166663333334
2020-09-29,1.9233630071634957,293.1375,284.0125,3.1750000000000007,189.175,0.46875,0.00845375,4.6375,41.35833333333334,-71.64166663333334
2020-10-07,1.4735550269516446,291.52500000000003,282.78749999999997,3.9375000000000004,161.30000000000004,0.535,0.007011250000000001,8.012500000000001,41.35833333333334,-71.64166663333334
2020-10-15,1.4867117810998245,291.72499999999997,282.81249999999994,6.362500000000001,152.57500000000002,0.35875,0.008266250000000001,3.95,41.35833333333334,-71.64166663333334
2020-10-23,1.4234273260340065,285.95,279.65,6.5375000000000005,89.2125,0.1925,0.006670000000000001,5.275,41.35833333333334,-71.64166663333334
2020-10-31,1.0215845433674153,286.5,276.7625,3.2875,133.63750000000002,0.365,0.005217500000000001,6.862500000000002,41.35833333333334,-71.64166663333334
2020-11-08,0.9041803216688755,290.625,279.0875,4.1,106.5125,0.4675,0.006525000000000001,5.0875,41.35833333333334,-71.64166663333334
2020-11-16,0.77066315203412,285.0,273.63749999999993,5.4750000000000005,94.58749999999999,0.36624999999999996,0.004218749999999999,8.05,41.35833333333334,-71.64166663333334
2020-11-24,0.7197417607008245,286.6625,276.6875,10.4625,84.3375,0.33874999999999994,0.0052112500000000015,6.1000000000000005,41.35833333333334,-71.64166663333334
2020-12-02,0.6899744752697617,279.6875,273.2,8.262500000000001,76.3375,0.29250000000000004,0.0032237500000000005,7.875000000000002,41.35833333333334,-71.64166663333334
2020-12-10,0.6931728505691881,280.2875,271.35,6.262499999999999,81.025,0.23875000000000002,0.00350375,6.7749999999999995,41.35833333333334,-71.64166663333334
2020-12-18,0.6931728505691881,280.0,270.4875,6.275,72.775,0.26,0.0033162500000000006,6.0,41.35833333333334,-71.64166663333334
2020-12-26,0.42195818963080184,279.6166666666667,269.55,2.45,87.56666666666666,0.25333333333333335,0.0029400000000000003,7.433333333333334,41.35833333333334,-71.64166663333334
2021-01-01,0.6127935011977055,279.7125,272.19999999999993,1.6125,84.16250000000001,0.33,0.0027500000000000003,6.175000000000001,41.35833333333334,-71.64166663333334
2021-01-09,0.44477721555874544,279.9375,271.95,4.4625,88.30000000000001,0.33875,0.00277125,5.250000000000001,41.35833333333334,-71.64166663333334
2021-01-17,0.7564573056350063,277.7,269.6875,0.0,94.025,0.33125000000000004,0.00212375,8.4,41.35833333333334,-71.64166663333334
2021-01-25,0.6390530839364663,273.35,265.84999999999997,5.2125,83.81250000000001,0.19874999999999998,0.0018962500000000001,7.550000000000001,41.35833333333334,-71.64166663333334
2021-02-02,0.5899744752697618,276.17499999999995,268.5,2.0875000000000004,81.63749999999999,0.18,0.00265,6.1375,41.35833333333334,-71.64166663333334
2021-02-10,0.6744130362378127,275.8125,267.9375,1.85,113.275,0.23375,0.00224375,5.4125,41.35833333333334,-71.64166663333334
2021-02-18,0.7087342896011373,276.79999999999995,270.16249999999997,3.4625000000000004,124.9,0.23750000000000002,0.00260375,6.6,41.35833333333334,-71.64166663333334
2021-02-26,0.7931728505691882,278.4125,269.625,2.8625,158.78750000000002,0.28875,0.0025025000000000004,6.8625,41.35833333333334,-71.64166663333334
2021-03-06,0.8894229663654953,282.0625,271.9375,0.0,217.63750000000005,0.45375000000000004,0.0027575000000000004,5.75,41.35833333333334,-71.64166663333334
2021-03-14,0.9596556809344327,279.03749999999997,269.3375,3.7125000000000004,208.26250000000005,0.30125,0.0025312500000000005,4.9624999999999995,41.35833333333334,-71.64166663333334
2021-03-22,0.9223886270959845,286.5625,277.23749999999995,3.0875000000000004,229.825,0.38375,0.005001250000000001,5.7749999999999995,41.35833333333334,-71.64166663333334
2021-03-30,0.9894229663654953,283.9125,275.7875,2.6375,220.575,0.47125,0.0035500000000000006,5.1875,41.35833333333334,-71.64166663333334
2021-04-07,1.0371459823993645,286.6125,279.46250000000003,0.1125,213.425,0.37124999999999997,0.00545375,3.6125000000000003,41.35833333333334,-71.64166663333334
2021-04-15,1.1770599026329727,284.3375,276.7375,7.5125,194.28750000000002,0.3125,0.00476125,6.3125,41.35833333333334,-71.64166663333334
2021-04-23,1.1508003198942118,288.1,279.7625,2.8875000000000006,236.78750000000002,0.5225,0.00509625,6.025,41.35833333333334,-71.64166663333334
2021-05-01,1.4004304374651828,288.5125,280.84999999999997,2.7,232.81250000000003,0.43,0.00607375,4.3375,41.35833333333334,-71.64166663333334
2021-05-09,1.7269425950282464,291.775,280.77500000000003,2.5625,316.23750000000007,0.6675000000000001,0.00584375,4.625,41.35833333333334,-71.64166663333334
2021-05-17,2.18192319795811,295.3375,283.875,0.0,317.17500000000007,0.75125,0.007783750000000001,4.237500000000001,41.35833333333334,-71.64166663333334
2021-05-25,2.6401021761874004,290.2,283.42499999999995,8.200000000000001,232.57500000000005,0.41625,0.007622499999999999,7.050000000000001,41.35833333333334,-71.64166663333334
2021-06-02,3.266614333750464,296.625,288.83750000000003,0.47500000000000003,295.18750000000006,0.43875000000000003,0.011932500000000002,4.85,41.35833333333334,-71.64166663333334
2021-06-10,3.2602175831516114,294.35,285.4625,1.8250000000000002,298.61250000000007,0.4575,0.0094225,3.8500000000000005,41.35833333333334,-71.64166663333334
2021-06-18,3.250070948349066,296.38749999999993,288.6875,2.525,322.3,0.48875,0.011285,4.2,41.35833333333334,-71.64166663333334
2021-06-26,3.5311900625786063,297.82500000000005,291.78749999999997,6.4,274.8,0.4225,0.013908750000000001,5.325000000000001,41.35833333333334,-71.64166663333334
2021-07-04,2.987714514095097,297.025,291.4375,4.6375,248.52500000000003,0.32375,0.013738750000000001,3.9000000000000004,41.35833333333334,-71.64166663333334
2021-07-12,4.011868346030052,299.1625,293.55,0.125,261.52500000000003,0.4262500000000001,0.015193750000000002,3.3,41.35833333333334,-71.64166663333334
2021-07-20,3.7033223123827077,299.77500000000003,290.975,1.1875,305.17500000000007,0.635,0.013191250000000002,3.3250000000000006,41.35833333333334,-71.64166663333334
2021-07-28,3.507566952922094,296.6375,288.2,6.425000000000001,267.325,0.4375,0.01153125,3.55,41.35833333333334,-71.64166663333334
2021-08-05,3.0427490425825603,298.25,292.55,2.6875,235.15,0.3875,0.014462500000000001,3.7375,41.35833333333334,-71.64166663333334
2021-08-13,2.8520272747860256,299.56249999999994,292.425,0.35000000000000003,240.5625,0.5212500000000001,0.01438625,3.2625,41.35833333333334,-71.64166663333334
2021-08-21,2.8625475558519575,299.7875,293.4375,7.8,238.375,0.5449999999999999,0.014880000000000003,3.9,41.35833333333334,-71.64166663333334
2021-08-29,2.7941576239496113,296.4625,289.8875,14.600000000000001,207.3,0.4525,0.012001250000000003,3.8375000000000004,41.35833333333334,-71.64166663333334
2021-09-06,2.814582358306698,297.15,290.1,2.0625,240.7125,0.5475,0.011871250000000002,4.625,41.35833333333334,-71.64166663333334
2021-09-14,2.957442079015429,296.2375,289.48749999999995,0.875,217.925,0.42375000000000007,0.011903750000000001,3.975,41.35833333333334,-71.64166663333334
2021-09-22,2.7555992963488385,295.3875,289.16249999999997,5.5,185.3625,0.4125,0.011487500000000001,4.800000000000001,41.35833333333334,-71.64166663333334
2021-09-30,2.5381950746502984,292.5875,284.23750000000007,3.2875000000000005,158.2,0.45500000000000007,0.00832125,3.6875,41.35833333333334,-71.64166663333334
2021-10-08,2.3008608749303656,294.3875,287.125,0.47500000000000003,139.6125,0.5175,0.009565,4.175000000000001,41.35833333333334,-71.64166663333334
2021-10-16,2.079397441635257,292.51250000000005,283.4125,0.45,165.91250000000002,0.5475,0.00752375,5.625000000000001,41.35833333333334,-71.64166663333334
2021-10-24,1.6646968389004502,288.74999999999994,283.7625,10.1,111.125,0.355,0.0073237499999999995,6.8500000000000005,41.35833333333334,-71.64166663333334
2021-11-01,1.3504909925013362,286.4375,274.8125,0.1125,145.85,0.49125,0.0038525,3.7500000000000004,41.35833333333334,-71.64166663333334
2021-11-09,1.0770599026329726,287.97499999999997,276.3125,3.8,120.37500000000001,0.41875,0.0051224999999999994,5.7875,41.35833333333334,-71.64166663333334
2021-11-17,0.8159918764971318,284.6625,274.04999999999995,1.4625000000000001,107.91250000000001,0.34125000000000005,0.0042675000000000005,5.775,41.35833333333334,-71.64166663333334
2021-11-25,0.9137754475671545,281.4,273.73749999999995,1.0375,67.025,0.30874999999999997,0.00356125,5.75,41.35833333333334,-71.64166663333334
2021-12-03,0.8261385112996771,281.5875,273.325,1.75,79.03750000000001,0.35375,0.0032512500000000002,5.2,41.35833333333334,-71.64166663333334
2021-12-11,0.7527074214313136,284.95000000000005,276.33750000000003,1.4625000000000001,79.3375,0.44625000000000004,0.00402875,6.5125,41.35833333333334,-71.64166663333334
2021-12-19,0.7564573056350063,278.28749999999997,270.125,1.65,75.57499999999999,0.235,0.0028262499999999998,4.7625,41.35833333333334,-71.64166663333334
2021-12-27,0.4798278404672163,280.46,276.29999999999995,1.7600000000000002,64.06,0.274,0.00388,2.5800000000000005,41.35833333333334,-71.64166663333334
2022-01-01,0.6127935011977055,280.5125,271.4875,4.55,73.4375,0.3375,0.0030825000000000006,5.6125,41.35833333333334,-71.64166663333334
2022-01-09,0.65590579673074,277.08750000000003,265.325,3.1875,92.45000000000002,0.26375,0.00216375,7.175000000000001,41.35833333333334,-71.64166663333334
2022-01-17,0.7931728505691882,276.4625,268.825,1.2375,85.575,0.28125,0.00215875,6.912500000000001,41.35833333333334,-71.64166663333334
2022-01-25,0.6463106708324609,273.45,262.6125,3.5125,107.55000000000001,0.1875,0.0017050000000000001,5.975000000000001,41.35833333333334,-71.64166663333334
2022-02-02,0.7197417607008245,278.8500000000001,270.0125,9.95,98.85,0.26249999999999996,0.0029137500000000005,4.3500000000000005,41.35833333333334,-71.64166663333334
2022-02-10,0.7596556809344328,279.5,269.3875,3.225,137.52499999999998,0.32375,0.0028425,6.150000000000001,41.35833333333334,-71.64166663333334
2022-02-18,0.7261385112996773,280.7875,268.53749999999997,5.1875,134.96250000000003,0.29874999999999996,0.00298625,6.937500000000001,41.35833333333334,-71.64166663333334
2022-02-26,0.8963712258686144,277.21250000000003,268.2375,0.41250000000000003,189.78749999999997,0.28,0.0021725000000000004,5.3875,41.35833333333334,-71.64166663333334
2022-03-06,0.7830262157666427,281.6125,272.925,3.575,168.625,0.27,0.00379625,5.862500000000001,41.35833333333334,-71.64166663333334
2022-03-14,0.9564573056350063,286.375,277.3625,1.5375,215.53749999999997,0.41125,0.004751250000000001,4.45,41.35833333333334,-71.64166663333334
2022-03-22,1.02988839550337,280.2625,273.075,4.0,193.90000000000003,0.33125000000000004,0.0031312500000000004,6.425000000000001,41.35833333333334,-71.64166663333334
2022-03-30,1.0596556809344326,283.975,277.0625,4.8125,198.45000000000002,0.3825,0.0041925,5.525,41.35833333333334,-71.64166663333334
2022-04-07,1.0197417607008243,287.79999999999995,279.6875,2.3750000000000004,225.25,0.4675,0.005338750000000001,5.05,41.35833333333334,-71.64166663333334
2022-04-15,1.1371459823993646,286.4625,278.1875,4.9624999999999995,268.50000000000006,0.4925,0.00451625,6.35,41.35833333333334,-71.64166663333334
2022-04-23,1.2583000883015973,286.06250000000006,278.6,0.7000000000000001,240.01250000000002,0.5287499999999999,0.004145,4.7,41.35833333333334,-71.64166663333334
2022-05-01,1.0585526631259,286.3375,280.8875,6.012500000000001,185.1,0.34875,0.005826250000000001,5.125,41.35833333333334,-71.64166663333334
2022-05-09,1.5553542878264737,292.01250000000005,284.91249999999997,0.8125000000000001,270.6125,0.57625,0.00750625,5.425,41.35833333333334,-71.64166663333334
2022-05-17,1.6404758224507865,292.9875,285.25,4.15,297.25,0.5687500000000001,0.008211250000000002,3.9625000000000004,41.35833333333334,-71.64166663333334
2022-05-25,2.4536430085451015,293.5375,286.15,1.2625,297.225,0.48750000000000004,0.00928375,3.937500000000001,41.35833333333334,-71.64166663333334
2022-06-02,2.8561583715550425,295.4,286.45,3.2,304.88750000000005,0.545,0.009712500000000002,3.4875000000000007,41.35833333333334,-71.64166663333334
2022-06-10,2.7179661239157182,296.8,288.825,1.6,297.6125,0.6075,0.010792500000000002,3.625,41.35833333333334,-71.64166663333334
2022-06-18,3.2986548006800764,295.625,286.6375,0.7875000000000001,300.25,0.6425,0.00931375,3.525,41.35833333333334,-71.64166663333334
2022-06-26,2.71748179952616,298.54999999999995,290.2375,3.1250000000000004,314.975,0.57875,0.012555,4.0875,41.35833333333334,-71.64166663333334
2022-07-04,2.92676755939834,298.37500000000006,289.675,0.2625,312.08750000000003,0.6725000000000001,0.01159375,3.55,41.35833333333334,-71.64166663333334
2022-07-12,3.4859256569861055,300.02500000000003,292.65000000000003,0.9875,303.32500000000005,0.69125,0.013692500000000003,3.9000000000000004,41.35833333333334,-71.64166663333334
2022-07-20,3.852091593656536,302.41249999999997,293.8,0.05,309.5125,0.87125,0.014807500000000003,4.5875,41.35833333333334,-71.64166663333334
2022-07-28,3.6084277892192356,300.73749999999995,293.76250000000005,0.7375,280.40000000000003,0.8250000000000001,0.013865,3.562500000000001,41.35833333333334,-71.64166663333334
2022-08-05,3.741084122556849,301.35,294.62500000000006,0.2,266.975,0.75125,0.0151775,4.475,41.35833333333334,-71.64166663333334
2022-08-13,3.282168206480475,299.3625,289.72499999999997,0.9500000000000001,278.35,0.9175,0.010708750000000001,3.7375000000000003,41.35833333333334,-71.64166663333334
2022-08-21,3.1599082557587352,299.7875,293.075,1.6625,241.77499999999998,0.6225000000000002,0.014132500000000001,3.0875000000000004,41.35833333333334,-71.64166663333334
2022-08-29,3.467101523784219,298.6375,290.4875,3.3375000000000004,259.7875,0.6599999999999999,0.012218750000000002,3.7375000000000003,41.35833333333334,-71.64166663333334
2022-09-06,3.577248158586764,296.6875,289.475,12.475000000000001,176.43750000000003,0.47375,0.011815,3.875,41.35833333333334,-71.64166663333334
2022-09-14,3.0191363262389594,295.95,287.725,0.8,239.1125,0.61375,0.00998125,3.9375,41.35833333333334,-71.64166663333334
2022-09-22,3.108858226684418,293.2875,283.5625,4.4,194.3875,0.4575,0.008396250000000001,5.6625,41.35833333333334,-71.64166663333334
2022-09-30,2.7244196657163675,289.8,284.1875,5.9125000000000005,120.4375,0.3825,0.007678750000000001,7.500000000000001,41.35833333333334,-71.64166663333334
2022-10-08,2.3231283919540426,291.825,281.775,4.3125,169.4375,0.5075,0.007076250000000001,3.9875000000000007,41.35833333333334,-71.64166663333334
2022-10-24,1.5476019445947857,290.77500000000003,281.75,3.225,141.9,0.3625,0.007648750000000001,3.875,41.35833333333334,-71.64166663333334
2022-11-01,1.1733100184292802,292.8625,282.48750000000007,0.375,136.275,0.6025,0.00729375,4.5,41.35833333333334,-71.64166663333334
2022-11-09,0.9752171199663817,287.975,278.1875,4.125,113.55000000000001,0.435,0.00558375,5.45,41.35833333333334,-71.64166663333334
2022-11-17,0.9127935011977054,281.1625,271.9375,0.0,122.45,0.35000000000000003,0.0029212500000000007,6.7125,41.35833333333334,-71.64166663333334
2022-11-25,0.9963712258686145,285.475,275.45000000000005,3.3,90.31250000000001,0.42000000000000004,0.0041487500000000005,6.4125,41.35833333333334,-71.64166663333334
2022-12-03,0.9596556809344327,283.9875,275.3875,7.15,84.05,0.3737500000000001,0.00411375,6.175000000000001,41.35833333333334,-71.64166663333334
2022-12-11,0.49250023159261463,278.6375,272.0625,4.637500000000001,72.85000000000001,0.28375,0.0028150000000000002,7.4125000000000005,41.35833333333334,-71.64166663333334
2022-12-19,0.7527074214313136,277.3,267.13750000000005,4.9125000000000005,89.31250000000001,0.26875,0.00240625,7.875000000000002,41.35833333333334,-71.64166663333334
2022-12-27,0.67927633156295,282.16,274.64,5.040000000000001,78.76,0.374,0.0034980000000000002,4.42,41.35833333333334,-71.64166663333334
