date,LAI,tmmx,tmmn,pr,srad,vpd,sph,vs,lat,lon
2000-02-18,0.4858671758273538,290.9375,281.71250000000003,11.262500000000001,123.3,0.68875,0.005597500000000001,4.15,33.56666666666667,-117.55833330000002
2000-02-26,0.6948088524317246,291.925,281.4125,1.65,178.25000000000003,0.6675000000000001,0.00605625,2.7250000000000005,33.56666666666667,-117.55833330000002
2000-03-05,0.7282656483452924,291.44999999999993,280.70000000000005,6.237500000000001,178.97500000000002,0.67125,0.005762499999999999,3.2875000000000005,33.56666666666667,-117.55833330000002
2000-03-13,0.6751195244355813,295.625,282.92499999999995,0.0,242.8,0.905,0.0066812500000000006,2.4375,33.56666666666667,-117.55833330000002
2000-03-21,0.8051911475682755,293.2375,281.23749999999995,0.0,218.275,0.7725000000000001,0.005931250000000001,2.625,33.56666666666667,-117.55833330000002
2000-03-29,0.9669135918271355,296.025,283.23749999999995,0.0,271.0625,0.9825,0.0065450000000000005,3.0250000000000004,33.56666666666667,-117.55833330000002
2000-04-06,1.047589620086214,296.9,284.0375,0.8500000000000001,268.3125,0.94625,0.00741375,2.75,33.56666666666667,-117.55833330000002
2000-04-14,1.1776612432189082,294.05,283.125,3.1,237.65000000000003,0.6762500000000001,0.007407500000000001,3.8125000000000004,33.56666666666667,-117.55833330000002
2000-04-22,1.1776612432189082,297.2375,284.475,0.05,302.83750000000003,0.93375,0.007817500000000002,2.8375000000000004,33.56666666666667,-117.55833330000002
2000-04-30,1.181046415999782,297.5375,285.3625,0.0,312.02500000000003,0.92875,0.008223750000000002,2.9375,33.56666666666667,-117.55833330000002
2000-05-08,1.110382295136551,296.6625,285.0375,0.1375,317.9875,0.9237500000000001,0.007691250000000001,3.3625000000000003,33.56666666666667,-117.55833330000002
2000-05-16,1.042033116262717,298.68750000000006,286.4375,0.08750000000000001,314.925,1.04125,0.008665,3.15,33.56666666666667,-117.55833330000002
2000-05-24,1.0227091445217953,299.1125,286.77500000000003,0.08750000000000001,331.4000000000001,0.9912500000000001,0.00926625,3.1375,33.56666666666667,-117.55833330000002
2000-06-01,0.9352627707009695,299.675,286.675,0.0,335.42500000000007,1.1425000000000003,0.0086275,2.9625,33.56666666666667,-117.55833330000002
2000-06-09,0.7438390910501186,299.88750000000005,287.3,0.0,337.2375,0.9849999999999999,0.009972500000000002,2.9625000000000004,33.56666666666667,-117.55833330000002
2000-06-17,0.8543599656479615,300.7125,287.84999999999997,0.0,341.3375,0.9650000000000001,0.01078125,3.1374999999999997,33.56666666666667,-117.55833330000002
2000-06-25,0.7892523486082276,302.27500000000003,289.15,0.0,330.33750000000003,1.23625,0.010636250000000002,3.0500000000000003,33.56666666666667,-117.55833330000002
2000-07-03,0.7368419686944415,300.31250000000006,286.85,0.0,340.975,1.0525000000000002,0.009615,2.9625,33.56666666666667,-117.55833330000002
2000-07-11,0.715938798960048,302.17499999999995,288.0,0.0,329.475,1.32125,0.009645,2.9250000000000003,33.56666666666667,-117.55833330000002
2000-07-19,0.6193239717409216,303.7625,289.36249999999995,0.0,333.775,1.4775,0.010326250000000002,2.9375,33.56666666666667,-117.55833330000002
2000-07-27,0.6175179969535199,304.575,290.06250000000006,0.0,327.05,1.52125,0.01101,3.15,33.56666666666667,-117.55833330000002
2000-08-04,0.6175179969535199,303.9375,289.9,0.0,324.75,1.40875,0.011107500000000003,3.125,33.56666666666667,-117.55833330000002
2000-08-12,0.5193239717409216,305.12499999999994,290.7125,0.0,312.725,1.55,0.01149875,3.2625,33.56666666666667,-117.55833330000002
2000-08-20,0.5193239717409216,303.77500000000003,289.9375,0.0,287.9625,1.39625,0.011085000000000001,2.7625,33.56666666666667,-117.55833330000002
2000-08-28,0.5193239717409216,301.125,288.1875,0.0,237.63750000000002,1.075,0.01052375,3.0500000000000003,33.56666666666667,-117.55833330000002
2000-09-05,0.5334567959135678,303.925,288.08750000000003,0.0,239.8,1.74625,0.00838,2.85,33.56666666666667,-117.55833330000002
2000-09-13,0.4858671758273538,305.25,289.7625,0.0,265.02500000000003,1.6974999999999998,0.010348750000000002,3.1875000000000004,33.56666666666667,-117.55833330000002
2000-09-21,0.4966148272191263,301.85,287.70000000000005,0.7625000000000001,222.32500000000002,1.2125,0.009965000000000002,3.175,33.56666666666667,-117.55833330000002
2000-09-29,0.4806760282590784,299.7125,287.6625,0.0,219.15,0.9500000000000002,0.010138750000000002,2.6750000000000007,33.56666666666667,-117.55833330000002
2000-10-07,0.41413282417264624,297.225,286.35,0.425,191.3,0.85375,0.008835,3.4625000000000004,33.56666666666667,-117.55833330000002
2000-10-15,0.34420444730534033,297.975,285.875,0.0,183.625,0.9187500000000001,0.008712500000000001,2.3875,33.56666666666667,-117.55833330000002
2000-10-23,0.41413282417264624,295.16249999999997,285.825,3.7375,142.31250000000003,0.73125,0.008337500000000001,2.7625,33.56666666666667,-117.55833330000002
2000-10-31,0.41413282417264624,295.9625,282.425,0.775,168.95000000000002,1.09125,0.0055650000000000005,2.6499999999999995,33.56666666666667,-117.55833330000002
2000-11-08,0.4,292.975,280.06250000000006,0.35,150.33750000000003,0.9824999999999999,0.00424875,2.9125,33.56666666666667,-117.55833330000002
2000-11-16,0.3840612010399521,294.84999999999997,280.46250000000003,0.0,157.51250000000002,1.16125,0.004125,2.5125,33.56666666666667,-117.55833330000002
2000-11-24,0.4,295.49999999999994,280.875,0.0,135.775,1.15125,0.004580000000000001,1.9125000000000003,33.56666666666667,-117.55833330000002
2000-12-02,0.3840612010399521,295.09999999999997,282.17499999999995,0.0,118.8,1.2375,0.0041400000000000005,2.1,33.56666666666667,-117.55833330000002
2000-12-10,0.3858671758273538,293.7875,281.025,0.07500000000000001,123.9375,1.1175000000000002,0.004038750000000001,2.7625,33.56666666666667,-117.55833330000002
2000-12-18,0.28586717582735377,295.3375,281.59999999999997,0.0,136.4,1.3712499999999999,0.0033312500000000004,2.5375,33.56666666666667,-117.55833330000002
2000-12-26,0.28586717582735377,295.6833333333333,281.7166666666667,0.0,143.73333333333332,1.4183333333333332,0.0032066666666666667,2.5833333333333335,33.56666666666667,-117.55833330000002
2001-01-01,0.3858671758273538,294.29999999999995,281.15,0.4375,118.7,1.1187500000000001,0.004328750000000001,2.750000000000001,33.56666666666667,-117.55833330000002
2001-01-09,0.4858671758273538,289.58750000000003,278.875,8.812500000000002,108.525,0.685,0.00447375,3.0250000000000004,33.56666666666667,-117.55833330000002
2001-01-17,0.5,291.52500000000003,279.3875,1.475,142.6625,0.8862500000000001,0.00408125,2.5625,33.56666666666667,-117.55833330000002
2001-01-25,0.4858671758273538,289.9375,278.5,1.7625000000000002,153.1375,0.76,0.004070000000000001,2.9500000000000006,33.56666666666667,-117.55833330000002
2001-02-02,0.6,292.78749999999997,281.7125,0.0,175.85,0.9850000000000001,0.00471375,3.375,33.56666666666667,-117.55833330000002
2001-02-10,0.547589620086214,288.375,279.72499999999997,7.1375,130.88750000000002,0.57875,0.00485,3.3750000000000004,33.56666666666667,-117.55833330000002
2001-02-18,0.7107476513917725,289.7125,280.925,6.612500000000001,149.075,0.57125,0.005682500000000001,3.3875000000000006,33.56666666666667,-117.55833330000002
2001-02-26,0.8107476513917725,289.725,282.0875,7.012499999999999,146.07500000000002,0.52375,0.006226250000000001,3.5875000000000004,33.56666666666667,-117.55833330000002
2001-03-06,0.7418895053159432,290.475,282.07500000000005,3.4125,183.375,0.5399999999999999,0.006420000000000001,3.4124999999999996,33.56666666666667,-117.55833330000002
2001-03-14,0.8701551536612355,294.15,283.45,0.0,233.9375,0.75875,0.007028750000000001,2.2875000000000005,33.56666666666667,-117.55833330000002
2001-03-22,1.0018059747874017,294.4625,283.84999999999997,0.0,253.46250000000003,0.7275,0.0074425,2.7125,33.56666666666667,-117.55833330000002
2001-03-30,1.1452746780968168,292.17499999999995,282.6,0.05,223.85000000000002,0.6775000000000001,0.006486250000000001,3.4750000000000005,33.56666666666667,-117.55833330000002
2001-04-07,1.3125536261791741,290.42499999999995,280.475,2.2625,250.41250000000002,0.6224999999999999,0.005548750000000001,3.7750000000000004,33.56666666666667,-117.55833330000002
2001-04-15,1.3103822951365507,292.8125,281.86249999999995,0.7250000000000001,260.78749999999997,0.7350000000000001,0.0061487500000000014,3.5000000000000004,33.56666666666667,-117.55833330000002
2001-04-23,1.1227091445217954,296.0874999999999,284.28749999999997,0.0,306.45000000000005,0.9675,0.0069050000000000005,2.7000000000000006,33.56666666666667,-117.55833330000002
2001-05-01,1.2821166467912584,296.5,285.225,0.0,318.1875,1.03125,0.0070237500000000005,2.9000000000000004,33.56666666666667,-117.55833330000002
2001-05-09,1.1821166467912583,297.275,286.5,0.1375,311.9,0.9587499999999999,0.008255,2.9125,33.56666666666667,-117.55833330000002
2001-05-17,1.2368419686944414,298.09999999999997,287.16249999999997,0.0,327.57500000000005,1.00375,0.008675,3.1875,33.56666666666667,-117.55833330000002
2001-05-25,1.1509747928670877,297.95,286.725,0.08750000000000001,321.6,0.9400000000000002,0.008845,3.1875000000000004,33.56666666666667,-117.55833330000002
2001-06-02,1.0402271414753153,298.37499999999994,286.1625,0.0,333.075,0.9750000000000001,0.008735000000000001,3.1125000000000003,33.56666666666667,-117.55833330000002
2001-06-10,0.9684927898206076,299.7625,286.7375,0.1125,344.325,1.1787500000000002,0.008490000000000001,3.1500000000000004,33.56666666666667,-117.55833330000002
2001-07-04,0.9209031697343936,301.4375,290.02500000000003,0.0,305.65000000000003,1.21,0.010565,3.575,33.56666666666667,-117.55833330000002
2001-07-12,0.8509747928670878,300.45000000000005,287.50000000000006,0.0,336.43750000000006,1.1675,0.009235000000000002,3.1000000000000005,33.56666666666667,-117.55833330000002
2001-07-20,0.6878167615615292,300.48749999999995,287.375,0.0,336.51250000000005,1.13375,0.0094225,3.0,33.56666666666667,-117.55833330000002
2001-07-28,0.6085763203491491,302.16249999999997,288.65,0.0,331.6,1.35125,0.009656250000000002,2.8625000000000007,33.56666666666667,-117.55833330000002
2001-08-05,0.6509747928670877,303.77500000000003,290.15,0.0,325.6125,1.5612499999999998,0.0101275,3.0875000000000004,33.56666666666667,-117.55833330000002
2001-08-13,0.6152030549641228,303.475,289.7625,0.0,315.13750000000005,1.48125,0.010245000000000002,2.9625000000000004,33.56666666666667,-117.55833330000002
2001-08-21,0.629335879136769,302.4375,288.8375,0.0,307.1000000000001,1.3662499999999997,0.00988875,3.0125,33.56666666666667,-117.55833330000002
2001-08-29,0.647589620086214,302.5125,288.7375,0.0,275.6125,1.1412499999999999,0.01127,3.525,33.56666666666667,-117.55833330000002
2001-09-06,0.6334567959135678,302.21250000000003,287.3625,0.0,273.775,1.20625,0.010163750000000001,2.7125,33.56666666666667,-117.55833330000002
2001-09-14,0.6,302.4125,287.54999999999995,0.0,260.2375,1.3725000000000003,0.009346250000000002,2.8875,33.56666666666667,-117.55833330000002
2001-09-22,0.6141328241726463,303.6625,288.05,0.0,245.4625,1.565,0.009262500000000002,2.7250000000000005,33.56666666666667,-117.55833330000002
2001-09-30,0.47511952443558125,300.8500000000001,286.5125,0.0,218.9375,1.1437500000000003,0.009435,2.8375000000000004,33.56666666666667,-117.55833330000002
2001-10-08,0.51751799695352,300.76250000000005,285.53749999999997,0.08750000000000001,207.22500000000002,1.2325000000000002,0.008465000000000002,2.4625000000000004,33.56666666666667,-117.55833330000002
2001-10-16,0.5,299.66249999999997,285.53749999999997,0.0625,189.55,1.0725000000000002,0.008673750000000001,2.4125,33.56666666666667,-117.55833330000002
2001-10-24,0.43345679591356784,298.25000000000006,284.825,0.0,161.925,0.86375,0.008951250000000001,2.3625000000000003,33.56666666666667,-117.55833330000002
2001-11-01,0.4033851727808737,296.475,283.525,0.35,154.96249999999998,0.8350000000000002,0.007723750000000001,2.05,33.56666666666667,-117.55833330000002
2001-11-09,0.3751195244355813,295.3125,283.25,2.0,147.1875,0.76125,0.007512499999999999,2.2875,33.56666666666667,-117.55833330000002
2001-11-17,0.3874463738208258,294.875,282.7375,0.7625000000000001,131.375,0.78,0.0070437500000000005,2.7375000000000003,33.56666666666667,-117.55833330000002
2001-11-25,0.3334567959135678,291.0625,279.425,2.1875,117.0,0.67375,0.005220000000000001,2.875,33.56666666666667,-117.55833330000002
2001-12-03,0.3334567959135678,293.0,278.8,1.3250000000000002,137.95000000000002,0.86875,0.004761250000000001,3.475,33.56666666666667,-117.55833330000002
2001-12-11,0.4,290.47499999999997,276.7375,0.7250000000000001,129.9875,0.7087500000000001,0.0042625,2.2874999999999996,33.56666666666667,-117.55833330000002
2001-12-19,0.3717343516547076,291.5375,277.7375,0.8500000000000001,125.1375,0.7175,0.0048225,2.8875,33.56666666666667,-117.55833330000002
2001-12-27,0.3193239717409216,292.26,279.91999999999996,1.48,87.82000000000001,0.6319999999999999,0.006092,2.34,33.56666666666667,-117.55833330000002
2002-01-01,0.5033851727808737,294.175,279.54999999999995,0.2,126.23750000000001,0.8812500000000001,0.005351250000000001,2.1,33.56666666666667,-117.55833330000002
2002-01-09,0.5033851727808737,294.15,278.4375,0.0,135.3375,0.92125,0.004871250000000001,2.7125000000000004,33.56666666666667,-117.55833330000002
2002-01-25,0.5033851727808737,290.95,275.9625,1.175,140.0375,0.8300000000000001,0.0036262500000000006,3.0749999999999997,33.56666666666667,-117.55833330000002
2002-02-02,0.5368419686944415,295.41249999999997,277.09999999999997,0.0,184.90000000000003,1.1437500000000003,0.00383875,2.9499999999999997,33.56666666666667,-117.55833330000002
2002-02-10,0.6033851727808737,295.825,278.85,0.7875000000000001,166.9375,1.1850000000000003,0.004172500000000001,3.2125,33.56666666666667,-117.55833330000002
2002-02-18,0.7033851727808738,297.97499999999997,279.375,0.037500000000000006,202.1875,1.3475000000000004,0.004551250000000001,2.9749999999999996,33.56666666666667,-117.55833330000002
2002-02-26,0.6209031697343936,295.6875,279.4375,0.07500000000000001,216.58750000000003,1.16375,0.004338750000000001,2.9999999999999996,33.56666666666667,-117.55833330000002
2002-03-06,0.6175179969535199,294.5875,279.525,0.9375,207.66250000000002,0.88,0.005548750000000001,3.1750000000000003,33.56666666666667,-117.55833330000002
2002-03-14,0.6033851727808737,293.1625000000001,277.9375,1.9375,231.55000000000004,0.93,0.00433875,3.9250000000000003,33.56666666666667,-117.55833330000002
2002-03-22,0.7175179969535199,293.36249999999995,278.9875,0.37500000000000006,210.33750000000003,0.7675000000000001,0.005546250000000001,3.175,33.56666666666667,-117.55833330000002
2002-03-30,0.7175179969535199,294.88750000000005,281.78749999999997,0.08750000000000001,249.9625,0.8400000000000001,0.0064687500000000005,3.1125,33.56666666666667,-117.55833330000002
2002-04-07,0.7033851727808738,296.75,283.5125,0.0,277.2625,0.9099999999999999,0.007477500000000001,2.9125,33.56666666666667,-117.55833330000002
2002-04-15,0.7000000000000001,293.80000000000007,281.53749999999997,0.15000000000000002,282.625,0.7350000000000001,0.00652125,3.8375000000000004,33.56666666666667,-117.55833330000002
2002-04-23,0.7175179969535199,293.4125,282.95,0.8250000000000001,241.56250000000003,0.6599999999999999,0.007172500000000001,4.0875,33.56666666666667,-117.55833330000002
2002-05-01,0.6334567959135678,295.2375,282.41249999999997,0.0,318.4375,0.77,0.0071875,3.4125,33.56666666666667,-117.55833330000002
2002-05-09,0.6175179969535199,297.5375,283.7625,0.0,324.77500000000003,1.05625,0.007072500000000001,3.3500000000000005,33.56666666666667,-117.55833330000002
2002-05-17,0.6175179969535199,296.225,283.3125,0.275,316.5375,0.8174999999999999,0.007645,3.85,33.56666666666667,-117.55833330000002
2002-05-25,0.6175179969535199,298.825,285.4625,0.0,321.07500000000005,1.0425,0.0083625,3.5875000000000004,33.56666666666667,-117.55833330000002
2002-06-02,0.6141328241726463,299.47499999999997,285.7625,0.05,335.4625,0.9737499999999999,0.00935,3.4375,33.56666666666667,-117.55833330000002
2002-06-10,0.6141328241726463,299.70000000000005,285.925,0.0,343.21250000000003,1.02375,0.009132500000000002,3.3125,33.56666666666667,-117.55833330000002
2002-06-18,0.547589620086214,300.15,286.375,0.0,331.9375,1.0275,0.009535000000000002,3.1750000000000003,33.56666666666667,-117.55833330000002
2002-06-26,0.6141328241726463,301.4875,287.225,0.0,339.6625,1.2537500000000001,0.009330000000000001,3.2375000000000007,33.56666666666667,-117.55833330000002
2002-07-04,0.6,303.4375,288.73749999999995,0.0,326.9875,1.35875,0.01063875,3.2375000000000003,33.56666666666667,-117.55833330000002
2002-07-12,0.5334567959135678,302.925,289.0875,0.0,329.30000000000007,1.21375,0.011250000000000001,3.525000000000001,33.56666666666667,-117.55833330000002
2002-07-20,0.5193239717409216,302.95,288.275,0.0,335.41249999999997,1.32375,0.010292500000000003,3.4375000000000004,33.56666666666667,-117.55833330000002
2002-07-28,0.5334567959135678,303.1,288.18749999999994,0.0,326.65000000000003,1.2737500000000002,0.01068,3.0124999999999997,33.56666666666667,-117.55833330000002
2002-08-05,0.5141328241726463,304.1375,288.5,0.0,324.63750000000005,1.4899999999999998,0.010312500000000002,3.0875,33.56666666666667,-117.55833330000002
2002-08-13,0.5141328241726463,302.825,287.9,0.0,318.85,1.17625,0.01099375,3.0125,33.56666666666667,-117.55833330000002
2002-08-21,0.5,302.2625,286.72499999999997,0.0,301.88750000000005,1.2650000000000001,0.0096225,3.0625000000000004,33.56666666666667,-117.55833330000002
2002-08-29,0.4806760282590784,305.7375,288.5,0.0,262.3625,1.7325,0.010191250000000002,3.4750000000000005,33.56666666666667,-117.55833330000002
2002-09-06,0.41413282417264624,304.01250000000005,286.825,0.0,260.84999999999997,1.55,0.009255000000000001,3.175,33.56666666666667,-117.55833330000002
2002-09-14,0.41413282417264624,303.84999999999997,286.16249999999997,0.0,265.02500000000003,1.4287500000000002,0.00965625,3.15,33.56666666666667,-117.55833330000002
2002-09-22,0.39819402521259833,304.06249999999994,286.6,0.2,216.825,1.5562500000000001,0.009252499999999999,2.9875,33.56666666666667,-117.55833330000002
2002-09-30,0.3806760282590784,298.0,286.2375,0.0625,219.3625,1.06,0.008015000000000001,2.9000000000000004,33.56666666666667,-117.55833330000002
2002-10-08,0.3,298.0125,286.3625,0.0,195.2125,0.99875,0.008425,2.5000000000000004,33.56666666666667,-117.55833330000002
2002-10-16,0.3,295.8125,284.6375,0.0,195.6125,0.745,0.0082275,2.575,33.56666666666667,-117.55833330000002
2002-10-24,0.3141328241726462,294.6125,283.95000000000005,0.125,169.52500000000003,0.6337499999999999,0.008118750000000001,2.6750000000000003,33.56666666666667,-117.55833330000002
2002-11-01,0.3141328241726462,296.75,281.925,2.025,142.675,1.12125,0.0057,2.75,33.56666666666667,-117.55833330000002
2002-11-09,0.3141328241726462,299.225,284.125,3.4125,157.08750000000003,1.5037500000000001,0.005357500000000001,3.4749999999999996,33.56666666666667,-117.55833330000002
2002-11-17,0.3141328241726462,299.56249999999994,283.7,0.0,157.625,1.6375000000000002,0.004738750000000001,2.75,33.56666666666667,-117.55833330000002
2002-11-25,0.3806760282590784,295.3125,282.025,1.1500000000000001,122.21249999999999,1.08,0.005288750000000001,3.3000000000000007,33.56666666666667,-117.55833330000002
2002-12-03,0.4,293.1875,279.71250000000003,0.0,130.41250000000002,0.6662500000000001,0.0062225,2.225,33.56666666666667,-117.55833330000002
2002-12-11,0.4806760282590784,291.9875,279.3875,5.137500000000001,110.2,0.59,0.0061425,3.4625000000000004,33.56666666666667,-117.55833330000002
2002-12-19,0.5141328241726463,290.18750000000006,277.95,3.2875,113.4625,0.6224999999999999,0.004903749999999999,2.625,33.56666666666667,-117.55833330000002
2002-12-27,0.5,291.9,279.04,0.78,125.66,0.628,0.005778,3.2,33.56666666666667,-117.55833330000002
2003-01-01,0.6,298.4375,281.7,0.0,137.2375,1.345,0.00524625,3.9,33.56666666666667,-117.55833330000002
2003-01-09,0.6493955948736158,296.32500000000005,279.525,0.0,139.3125,1.0375,0.005496249999999999,2.7,33.56666666666667,-117.55833330000002
2003-01-17,0.5527807676544894,297.2875,280.7125,0.0,137.025,1.11875,0.0057662500000000005,2.3875,33.56666666666667,-117.55833330000002
2003-01-25,0.6858671758273538,299.9125,282.55000000000007,0.0,162.62500000000003,1.5125,0.00536875,2.8375,33.56666666666667,-117.55833330000002
2003-02-02,0.7966148272191264,292.57500000000005,279.96250000000003,0.0,178.85,0.89125,0.0046175,2.7874999999999996,33.56666666666667,-117.55833330000002
2003-02-10,0.9665432040864322,292.04999999999995,281.7875,10.5,124.3375,0.6249999999999999,0.006476250000000001,3.6374999999999997,33.56666666666667,-117.55833330000002
2003-02-18,1.0125536261791743,292.4,280.8625,6.15,183.35000000000002,0.735,0.00570875,3.2875,33.56666666666667,-117.55833330000002
2003-02-26,0.9370687454883712,291.6625,279.5625,3.55,177.85,0.635,0.005772500000000001,3.0875000000000004,33.56666666666667,-117.55833330000002
2003-03-06,1.3266864503518205,295.9,280.5875,0.0,216.7625,0.81,0.00686375,2.0375,33.56666666666667,-117.55833330000002
2003-03-14,1.3266864503518205,294.07500000000005,280.27500000000003,12.625,215.9875,0.64375,0.006932500000000001,3.8375000000000004,33.56666666666667,-117.55833330000002
2003-03-22,1.3561609089498816,296.9875,281.65,0.0,261.3375,1.0175,0.006412500000000001,3.3000000000000003,33.56666666666667,-117.55833330000002
2003-03-30,1.3177447737474495,294.8375,281.025,0.05,273.3125,0.9550000000000001,0.0056812500000000005,4.187500000000001,33.56666666666667,-117.55833330000002
2003-04-07,1.1892523486082276,295.07499999999993,281.6,5.3875,246.72500000000002,0.8200000000000001,0.006665000000000001,3.5250000000000004,33.56666666666667,-117.55833330000002
2003-04-15,1.2352627707009696,293.0375,280.3625,0.8375,246.0625,0.64,0.006485000000000001,3.8625000000000007,33.56666666666667,-117.55833330000002
2003-04-23,1.2527807676544895,293.9375,280.7875,0.0,295.975,0.67625,0.006740000000000001,3.5500000000000003,33.56666666666667,-117.55833330000002
2003-05-01,1.2003703877407035,293.66249999999997,282.58750000000003,1.8875000000000002,266.0375,0.5337500000000001,0.00793625,3.5125,33.56666666666667,-117.55833330000002
2003-05-09,1.0702987646080093,296.02500000000003,282.90000000000003,0.0,315.3500000000001,0.7749999999999999,0.00769625,2.7750000000000004,33.56666666666667,-117.55833330000002
2003-05-17,1.1420331162627169,299.34999999999997,285.675,0.0,328.86249999999995,1.1075,0.00836375,2.9375,33.56666666666667,-117.55833330000002
2003-05-25,1.156165940435363,298.8375,285.7625,0.0,333.58750000000003,0.9012500000000001,0.00934625,2.925,33.56666666666667,-117.55833330000002
2003-06-02,0.9702987646080092,296.0625,286.6125,0.225,345.7625,0.54375,0.01017375,2.9875000000000003,33.56666666666667,-117.55833330000002
2003-06-10,0.9702987646080092,296.43749999999994,286.65,0.0,342.07500000000005,0.6475,0.009830000000000002,2.8125,33.56666666666667,-117.55833330000002
2003-06-18,0.8543599656479615,295.51250000000005,285.925,0.1,333.20000000000005,0.52625,0.0098425,3.2,33.56666666666667,-117.55833330000002
2003-06-26,0.9209031697343936,301.775,288.575,0.0,348.9875,1.2375,0.010116250000000002,3.0500000000000003,33.56666666666667,-117.55833330000002
2003-07-04,0.9209031697343936,302.98749999999995,287.42499999999995,0.0,353.27500000000003,1.1325,0.011233750000000002,3.1500000000000004,33.56666666666667,-117.55833330000002
2003-07-12,0.8067703455617474,303.9,289.03749999999997,0.0,312.95000000000005,1.1912500000000001,0.0121025,3.1625,33.56666666666667,-117.55833330000002
2003-07-20,0.7543599656479614,304.025,289.2875,0.0,322.5,1.2025000000000001,0.012247500000000001,3.0250000000000004,33.56666666666667,-117.55833330000002
2003-07-28,0.8209031697343936,304.4375,288.9875,0.47500000000000003,315.85,1.2225,0.0123275,3.15,33.56666666666667,-117.55833330000002
2003-08-05,0.7509747928670877,306.375,288.75,0.0,312.50000000000006,1.7962500000000001,0.01034875,2.8625000000000003,33.56666666666667,-117.55833330000002
2003-08-13,0.7334567959135678,306.6375,289.34999999999997,0.0,312.77500000000003,1.8800000000000001,0.01028125,3.1500000000000004,33.56666666666667,-117.55833330000002
2003-08-21,0.7193239717409217,305.36249999999995,288.7875,0.0,294.61250000000007,1.47375,0.011485000000000002,3.0125,33.56666666666667,-117.55833330000002
2003-08-29,0.7193239717409217,304.8875,289.28749999999997,0.0,287.25,1.4487500000000002,0.0113925,2.8874999999999997,33.56666666666667,-117.55833330000002
2003-09-06,0.6193239717409216,302.3374999999999,287.65000000000003,0.0,272.8875,1.0275,0.011468750000000002,3.1625000000000005,33.56666666666667,-117.55833330000002
2003-09-14,0.6193239717409216,303.0125,287.425,0.0,266.5125,1.315,0.0100875,2.7875000000000005,33.56666666666667,-117.55833330000002
2003-09-22,0.6033851727808737,303.2875,288.1375,0.0,249.2375,1.2887499999999998,0.010711250000000002,2.4500000000000006,33.56666666666667,-117.55833330000002
2003-09-30,0.5840612010399521,301.25,287.71250000000003,0.0,224.65,1.29125,0.009089999999999999,2.5375000000000005,33.56666666666667,-117.55833330000002
2003-10-08,0.51751799695352,301.4,287.4875,0.1125,217.28750000000002,1.3800000000000001,0.00855875,2.8125000000000004,33.56666666666667,-117.55833330000002
2003-10-16,0.5141328241726463,303.76250000000005,289.2625,0.0,202.9375,1.8175,0.0082875,2.2750000000000004,33.56666666666667,-117.55833330000002
2003-10-24,0.5,302.0,288.52500000000003,0.0,177.425,1.785,0.007202500000000001,3.3625000000000007,33.56666666666667,-117.55833330000002
2003-11-01,0.41751799695351993,294.5125,281.2625,0.5625,146.5625,0.9,0.00575125,2.5625000000000004,33.56666666666667,-117.55833330000002
2003-11-09,0.41751799695351993,294.4125,281.8375,2.5999999999999996,124.86250000000001,0.79,0.006545000000000001,2.7,33.56666666666667,-117.55833330000002
2003-11-17,0.41751799695351993,295.1375,280.1875,0.0,155.22500000000002,1.0287499999999998,0.005058750000000001,2.9000000000000004,33.56666666666667,-117.55833330000002
2003-11-25,0.39819402521259833,294.56249999999994,279.4625,0.0,146.325,0.98,0.0048925,2.8000000000000003,33.56666666666667,-117.55833330000002
2003-12-03,0.41413282417264624,293.29999999999995,278.2375,0.48750000000000004,127.28750000000002,0.82625,0.0050100000000000006,2.2375000000000003,33.56666666666667,-117.55833330000002
2003-12-11,0.39819402521259833,292.71250000000003,277.1,0.21250000000000002,132.0875,0.90625,0.004042500000000001,3.375000000000001,33.56666666666667,-117.55833330000002
2003-12-19,0.41413282417264624,291.8625,278.075,3.85,97.18750000000003,0.70125,0.00514125,3.6625,33.56666666666667,-117.55833330000002
2003-12-27,0.4,290.47999999999996,276.14,0.0,133.14000000000001,0.812,0.0035499999999999998,2.4,33.56666666666667,-117.55833330000002
2004-01-01,0.4193239717409216,292.5625,277.92499999999995,0.8375000000000001,125.44999999999999,0.8700000000000001,0.004365,2.7,33.56666666666667,-117.55833330000002
2004-01-09,0.5,294.9875,279.0625,0.0,143.775,0.9387500000000002,0.00526125,2.1625,33.56666666666667,-117.55833330000002
2004-01-17,0.5,293.3500000000001,278.075,0.05,143.7625,0.8350000000000001,0.00493125,2.7750000000000004,33.56666666666667,-117.55833330000002
2004-01-25,0.5193239717409216,292.73749999999995,278.0,0.07500000000000001,161.97500000000002,0.755,0.0051287500000000005,2.4,33.56666666666667,-117.55833330000002
2004-02-02,0.5193239717409216,292.875,278.4625,3.125,172.575,0.8987500000000002,0.004396250000000001,3.5000000000000004,33.56666666666667,-117.55833330000002
2004-02-10,0.5018059747874017,293.77500000000003,278.85,0.0,171.65,0.9800000000000002,0.004385,2.6375,33.56666666666667,-117.55833330000002
2004-02-18,0.6051911475682754,291.45,279.025,8.187500000000002,144.07500000000002,0.66,0.005375,3.6,33.56666666666667,-117.55833330000002
2004-02-26,0.7858671758273539,292.3875,279.6125,9.875000000000002,185.925,0.67375,0.005850000000000001,3.3375000000000004,33.56666666666667,-117.55833330000002
2004-03-05,0.8300716231326941,298.83750000000003,283.2625,0.0,230.3875,1.1437500000000003,0.007237500000000001,3.0000000000000004,33.56666666666667,-117.55833330000002
2004-03-13,0.9334567959135678,299.7,283.6875,0.0,240.5,1.21,0.007345000000000001,2.2250000000000005,33.56666666666667,-117.55833330000002
2004-03-21,1.015938798960048,298.5625,283.1125,0.0,256.6,1.0499999999999998,0.007527500000000001,3.05,33.56666666666667,-117.55833330000002
2004-03-29,0.9386479434818432,297.0375,283.37499999999994,1.2,247.06250000000003,0.995,0.0070975000000000005,3.1750000000000003,33.56666666666667,-117.55833330000002
2004-04-06,1.0193239717409217,297.175,282.725,0.0,284.27500000000003,0.99125,0.006955000000000001,2.7,33.56666666666667,-117.55833330000002
2004-04-14,1.1334567959135677,295.96250000000003,282.28749999999997,0.8625,277.6,0.8775,0.00692125,3.5875000000000004,33.56666666666667,-117.55833330000002
2004-04-22,1.024515119309197,300.65,285.26250000000005,0.0,310.15000000000003,1.5075000000000003,0.00665375,3.425,33.56666666666667,-117.55833330000002
2004-04-30,1.0334567959135679,302.4875,286.25,0.0,319.7875,1.7062499999999998,0.006977499999999999,3.325,33.56666666666667,-117.55833330000002
2004-05-08,0.9193239717409216,300.78749999999997,285.00000000000006,0.0,326.775,1.3475000000000001,0.00755125,3.250000000000001,33.56666666666667,-117.55833330000002
2004-05-16,0.9175179969535199,298.55,283.95,0.0,323.1,1.0275,0.007818750000000001,3.5374999999999996,33.56666666666667,-117.55833330000002
2004-05-24,0.9175179969535199,299.0875,284.3125,0.0,320.9875,1.07625,0.008020000000000001,3.5000000000000004,33.56666666666667,-117.55833330000002
2004-06-01,0.8368419686944415,298.5625,287.5125,0.0,343.475,0.8324999999999999,0.010147500000000002,3.5999999999999996,33.56666666666667,-117.55833330000002
2004-06-09,0.8175179969535199,297.5625,286.3125,0.0,335.475,0.8075,0.00929875,3.3875,33.56666666666667,-117.55833330000002
2004-06-17,0.8175179969535199,299.025,287.40000000000003,0.0,345.9125,0.90625,0.0099,2.9375000000000004,33.56666666666667,-117.55833330000002
2004-06-25,0.747589620086214,299.5625,286.9625,0.0,341.975,0.95875,0.009801250000000001,3.1875000000000004,33.56666666666667,-117.55833330000002
2004-07-03,0.7316508211261661,302.3625,286.7625,0.0,331.55000000000007,1.2312500000000002,0.00991875,2.9375,33.56666666666667,-117.55833330000002
2004-07-11,0.7141328241726462,304.52500000000003,289.225,0.0,297.4875,1.6325,0.00996375,3.1375,33.56666666666667,-117.55833330000002
2004-07-19,0.7141328241726462,304.85,288.9,0.0,342.82500000000005,1.45375,0.011205000000000001,3.275,33.56666666666667,-117.55833330000002
2004-07-27,0.7000000000000001,302.91249999999997,287.3125,0.0,326.675,1.27625,0.0102125,3.1000000000000005,33.56666666666667,-117.55833330000002
2004-08-04,0.7000000000000001,304.3,288.7875,0.0,326.62500000000006,1.5225,0.010306250000000001,3.0,33.56666666666667,-117.55833330000002
2004-08-12,0.6334567959135678,303.35,288.52500000000003,0.0,315.0250000000001,1.2625,0.011062500000000001,3.1875000000000004,33.56666666666667,-117.55833330000002
2004-08-20,0.6334567959135678,301.25,287.1125,0.0,300.70000000000005,0.9275,0.011142500000000001,3.2875,33.56666666666667,-117.55833330000002
2004-08-28,0.6,304.5625,287.2625,0.0,295.5875,1.5925,0.00959125,3.2875,33.56666666666667,-117.55833330000002
2004-09-05,0.6,306.62500000000006,289.25,0.0,276.7375,1.9999999999999998,0.009482500000000001,3.375,33.56666666666667,-117.55833330000002
2004-09-13,0.5141328241726463,302.92499999999995,287.0375,0.0,259.9,1.4099999999999997,0.009348750000000001,3.2375,33.56666666666667,-117.55833330000002
2004-09-21,0.5141328241726463,304.5375,286.8,0.0,253.02500000000003,1.9387500000000002,0.00724875,2.7875,33.56666666666667,-117.55833330000002
2004-09-29,0.5141328241726463,299.65000000000003,285.79999999999995,0.0,220.95000000000002,1.06125,0.008827500000000002,2.4625,33.56666666666667,-117.55833330000002
2004-10-07,0.5,300.1375,286.35,0.0,212.53750000000005,1.15125,0.00878625,2.6625000000000005,33.56666666666667,-117.55833330000002
2004-10-15,0.5141328241726463,295.3875,285.55,13.912500000000001,145.825,0.61375,0.00913875,4.15,33.56666666666667,-117.55833330000002
2004-10-23,0.5141328241726463,294.65,284.175,8.9125,163.125,0.6487499999999999,0.008118750000000001,3.1125000000000007,33.56666666666667,-117.55833330000002
2004-10-31,0.5524103799137859,294.9125,281.0,0.1125,175.97500000000002,0.9162500000000001,0.0058075,2.9875000000000003,33.56666666666667,-117.55833330000002
2004-11-08,0.5824820030464801,294.8125,281.4125,0.5625,153.2875,0.85125,0.0062325,2.5625,33.56666666666667,-117.55833330000002
2004-11-16,0.6,293.62500000000006,280.48749999999995,2.075,139.7,0.8562500000000001,0.005485,2.1500000000000004,33.56666666666667,-117.55833330000002
2004-11-24,0.7000000000000001,292.3375,278.175,0.8750000000000001,148.0375,0.8425,0.00448375,2.775,33.56666666666667,-117.55833330000002
2004-12-02,0.7000000000000001,291.5,278.58750000000003,1.975,106.6625,0.7325000000000002,0.0048762499999999995,3.05,33.56666666666667,-117.55833330000002
2004-12-10,0.7300716231326941,296.45000000000005,281.0875,0.0,141.77500000000003,1.145,0.00519625,3.2375,33.56666666666667,-117.55833330000002
2004-12-18,0.7000000000000001,294.125,279.3625,0.0,142.0,1.06375,0.0041625,2.975,33.56666666666667,-117.55833330000002
2004-12-26,0.6,291.68333333333334,280.3666666666667,13.216666666666669,91.66666666666667,0.635,0.0059,6.016666666666667,33.56666666666667,-117.55833330000002
2005-01-01,0.6125536261791742,289.9375,279.8,9.0375,91.96249999999999,0.505,0.0059050000000000005,4.000000000000001,33.56666666666667,-117.55833330000002
2005-01-09,0.8824820030464801,292.8625,280.79999999999995,17.150000000000002,119.72500000000001,0.6799999999999999,0.006270000000000001,3.5375,33.56666666666667,-117.55833330000002
2005-01-17,0.9297012353919907,296.06249999999994,283.1125,0.0,147.6,1.0375,0.0061937500000000005,2.8,33.56666666666667,-117.55833330000002
2005-01-25,0.9318775979200958,292.37500000000006,281.25,2.3625000000000003,143.91250000000002,0.6312500000000001,0.0064487500000000005,2.9000000000000004,33.56666666666667,-117.55833330000002
2005-02-02,0.8475896200862141,293.2,282.31250000000006,0.4625,164.95,0.8450000000000002,0.00572375,2.975,33.56666666666667,-117.55833330000002
2005-02-10,0.9334567959135678,292.5375,283.25,6.300000000000001,109.38750000000002,0.6075,0.007147500000000001,3.0375000000000005,33.56666666666667,-117.55833330000002
2005-02-18,0.9193239717409216,291.1375,282.7,23.712500000000002,140.4875,0.60625,0.0064287500000000004,4.4624999999999995,33.56666666666667,-117.55833330000002
2005-02-26,1.01751799695352,292.55,282.3875,0.6625000000000001,164.45,0.6012500000000001,0.00694,2.5875,33.56666666666667,-117.55833330000002
2005-03-06,1.230071623132694,296.21250000000003,283.9125,0.0,227.1,0.89875,0.007317500000000001,2.25,33.56666666666667,-117.55833330000002
2005-03-14,1.2368419686944414,294.17499999999995,282.6625,1.35,198.4,0.7712500000000001,0.0067350000000000005,3.2250000000000005,33.56666666666667,-117.55833330000002
2005-03-22,1.2294794900835426,293.375,282.5625,2.9000000000000004,214.7625,0.71875,0.00669,3.825,33.56666666666667,-117.55833330000002
2005-03-30,1.3702987646080091,297.38749999999993,282.1875,0.0,258.85,1.09625,0.00630125,3.5000000000000004,33.56666666666667,-117.55833330000002
2005-04-07,1.2438390910501187,297.18750000000006,281.65,0.05,288.4375,1.0675000000000001,0.00620125,3.4375000000000004,33.56666666666667,-117.55833330000002
2005-04-15,1.3279002920900704,296.92499999999995,280.96250000000003,0.037500000000000006,272.96250000000003,0.95625,0.006595000000000001,3.125,33.56666666666667,-117.55833330000002
2005-04-23,1.2454182890435905,296.225,281.88750000000005,3.425,264.225,0.8774999999999998,0.0069125,3.6375,33.56666666666667,-117.55833330000002
2005-05-01,1.1948138839172062,296.23749999999995,283.71250000000003,0.875,278.31250000000006,0.71875,0.008355000000000001,3.4125000000000005,33.56666666666667,-117.55833330000002
2005-05-09,1.1330914396583462,298.65000000000003,284.6875,0.0,304.80000000000007,1.02875,0.008131250000000001,3.25,33.56666666666667,-117.55833330000002
2005-05-17,1.1048257913130537,300.9875,285.9375,0.0,326.725,1.2149999999999999,0.008863750000000002,2.8999999999999995,33.56666666666667,-117.55833330000002
2005-05-25,1.1527807676544894,299.6625,285.5,0.0,320.5375,1.01875,0.00904125,2.8625000000000003,33.56666666666667,-117.55833330000002
2005-06-02,1.0669135918271355,296.625,285.2375,0.22500000000000003,325.825,0.655,0.009388750000000001,3.4500000000000006,33.56666666666667,-117.55833330000002
2005-06-10,1.0402271414753153,298.22499999999997,286.1375,0.0,337.3375,0.7799999999999999,0.009813750000000001,3.125,33.56666666666667,-117.55833330000002
2005-06-18,0.9527807676544894,299.04999999999995,286.16249999999997,0.0,333.225,1.04375,0.0086925,2.5999999999999996,33.56666666666667,-117.55833330000002
2005-06-26,0.9193239717409216,300.37499999999994,286.45,0.0,333.1625,1.09375,0.009371250000000001,2.7624999999999997,33.56666666666667,-117.55833330000002
2005-07-04,0.8527807676544894,301.775,287.4375,0.0,346.62500000000006,1.1725,0.01004875,3.0875000000000004,33.56666666666667,-117.55833330000002
2005-07-12,0.8334567959135678,304.58750000000003,290.45000000000005,0.0,339.72499999999997,1.5262500000000003,0.011138750000000003,3.0625,33.56666666666667,-117.55833330000002
2005-07-20,0.7601432462653882,304.4625,290.8875,0.0,333.1,1.3175000000000001,0.012478750000000002,3.2750000000000004,33.56666666666667,-117.55833330000002
2005-07-28,0.7368419686944415,304.43749999999994,289.875,0.0,332.48750000000007,1.4262500000000002,0.011381250000000002,2.825,33.56666666666667,-117.55833330000002
2005-08-05,0.7368419686944415,303.8625,290.0125,0.0,319.46250000000003,1.2824999999999998,0.011855000000000001,3.1750000000000003,33.56666666666667,-117.55833330000002
2005-08-13,0.7334567959135678,302.32500000000005,288.375,0.0,313.7625,1.15375,0.010912500000000002,2.7375000000000003,33.56666666666667,-117.55833330000002
2005-08-21,0.7334567959135678,305.13750000000005,290.27500000000003,0.0,304.2750000000001,1.63,0.010868750000000002,3.075,33.56666666666667,-117.55833330000002
2005-08-29,0.7175179969535199,303.98749999999995,287.68749999999994,0.0,293.38750000000005,1.4387500000000002,0.010185000000000001,3.2125000000000004,33.56666666666667,-117.55833330000002
2005-09-06,0.7141328241726462,301.6125,285.79999999999995,0.0,268.18750000000006,1.29375,0.008760000000000002,3.0,33.56666666666667,-117.55833330000002
2005-09-14,0.6334567959135678,301.525,285.91249999999997,0.5,225.0,1.3,0.00865625,2.4375,33.56666666666667,-117.55833330000002
2005-09-22,0.6193239717409216,302.675,286.45,0.0,248.9125,1.575,0.00794375,2.725,33.56666666666667,-117.55833330000002
2005-09-30,0.5858671758273538,302.04999999999995,287.05,0.0,229.2125,1.6225,0.00741625,2.8500000000000005,33.56666666666667,-117.55833330000002
2005-10-08,0.5334567959135678,300.1375,285.275,0.0,212.22500000000002,1.2925,0.007596250000000001,2.7000000000000006,33.56666666666667,-117.55833330000002
2005-10-16,0.5,297.55,284.575,3.575,167.90000000000003,0.875,0.0083575,2.3625,33.56666666666667,-117.55833330000002
2005-10-24,0.5,297.32500000000005,284.3625,0.1,175.55000000000004,0.9050000000000001,0.0079975,2.5124999999999997,33.56666666666667,-117.55833330000002
2005-11-01,0.4033851727808737,297.3875,285.02500000000003,0.0,166.35000000000002,1.2574999999999998,0.006061250000000001,2.8500000000000005,33.56666666666667,-117.55833330000002
2005-11-09,0.3858671758273538,297.1125,284.625,0.6125,139.875,1.29125,0.005575000000000001,2.775,33.56666666666667,-117.55833330000002
2005-11-17,0.3840612010399521,299.5625,285.9,0.0,159.575,1.76125,0.004452500000000001,2.85,33.56666666666667,-117.55833330000002
2005-11-25,0.3840612010399521,295.0875,282.55,0.0,135.63750000000002,1.085,0.0051825000000000005,2.7,33.56666666666667,-117.55833330000002
2005-12-03,0.3193239717409216,293.875,280.45,0.5625,131.3,1.0887499999999999,0.00407,2.7375000000000003,33.56666666666667,-117.55833330000002
2005-12-11,0.28586717582735377,292.375,279.5125,0.0,127.66250000000002,0.7625,0.0052375,2.2750000000000004,33.56666666666667,-117.55833330000002
2005-12-19,0.3,296.1375,282.67499999999995,0.0,126.35000000000001,1.0425,0.006062499999999999,2.2750000000000004,33.56666666666667,-117.55833330000002
2005-12-27,0.3,293.91999999999996,280.98,1.1,117.7,0.836,0.005784,2.7,33.56666666666667,-117.55833330000002
2006-01-01,0.3858671758273538,295.85,281.7625,4.7125,127.2125,1.1875,0.00487,3.9250000000000003,33.56666666666667,-117.55833330000002
2006-01-09,0.4193239717409216,293.78749999999997,279.7625,0.1375,138.27499999999998,1.0175,0.004373750000000001,3.1375,33.56666666666667,-117.55833330000002
2006-01-17,0.43345679591356784,293.7,278.8125,0.0,160.72500000000002,1.07625,0.00372,3.5125,33.56666666666667,-117.55833330000002
2006-01-25,0.43345679591356784,292.925,278.9375,0.0,163.45000000000002,0.85,0.00481875,2.5749999999999997,33.56666666666667,-117.55833330000002
2006-02-02,0.43345679591356784,298.375,283.1375,0.0,176.1375,1.53,0.00438625,3.0625000000000004,33.56666666666667,-117.55833330000002
2006-02-10,0.5159387989600479,295.3875,281.3,0.17500000000000002,183.3625,1.2549999999999997,0.0041512499999999996,3.35,33.56666666666667,-117.55833330000002
2006-02-18,0.5193239717409216,292.62500000000006,279.475,1.0875,191.52500000000003,0.9962500000000001,0.003915,2.9375000000000004,33.56666666666667,-117.55833330000002
2006-02-26,0.5858671758273538,291.42499999999995,281.27500000000003,6.9625,174.2375,0.7225,0.00552625,3.5250000000000004,33.56666666666667,-117.55833330000002
2006-03-06,0.6051911475682754,289.07500000000005,280.1875,4.025,190.78750000000002,0.55625,0.005375000000000001,5.35,33.56666666666667,-117.55833330000002
2006-03-14,0.6576015274820614,289.2125,279.1875,2.8625,215.8375,0.54,0.005283750000000001,4.075,33.56666666666667,-117.55833330000002
2006-03-22,0.8018059747874018,291.375,280.51250000000005,3.3875,219.90000000000003,0.665,0.005665,3.3499999999999996,33.56666666666667,-117.55833330000002
2006-03-30,0.9018059747874017,291.35,281.875,5.4624999999999995,203.1875,0.5775,0.0064825,3.9250000000000003,33.56666666666667,-117.55833330000002
2006-04-07,0.8069971223556771,293.7,282.4375,1.1,248.025,0.6950000000000001,0.00694625,3.7625000000000006,33.56666666666667,-117.55833330000002
2006-04-15,1.0352627707009696,294.3125,283.09999999999997,0.30000000000000004,247.525,0.78125,0.006875,3.4375,33.56666666666667,-117.55833330000002
2006-04-23,1.1493955948736156,294.06250000000006,283.1875,0.275,266.70000000000005,0.7200000000000001,0.00713375,3.1750000000000003,33.56666666666667,-117.55833330000002
2006-05-01,1.0442044473053402,295.3,285.0375,0.0,307.26250000000005,0.69125,0.00842,3.1625,33.56666666666667,-117.55833330000002
2006-05-09,1.186237563568057,298.225,286.77500000000003,0.0,321.52500000000003,0.9162500000000001,0.009143749999999999,2.85,33.56666666666667,-117.55833330000002
2006-05-17,1.072104739395411,297.675,286.9,1.9125,299.0,0.92375,0.00886875,3.2625000000000006,33.56666666666667,-117.55833330000002
2006-05-25,1.1420331162627169,298.45,286.7375,0.0625,335.05,1.09625,0.0081925,3.1375,33.56666666666667,-117.55833330000002
2006-06-02,1.042033116262717,302.1875,288.6375,0.0,331.2875,1.26,0.010282500000000002,3.1750000000000003,33.56666666666667,-117.55833330000002
2006-06-10,1.011961493130023,300.675,287.26250000000005,0.0,334.9125,1.08125,0.00989125,3.225,33.56666666666667,-117.55833330000002
2006-06-18,0.926094317302669,302.85,288.6,0.0,333.07500000000005,1.3875,0.0099775,2.9875000000000003,33.56666666666667,-117.55833330000002
2006-06-26,0.9509747928670876,305.4875,290.9125,0.15000000000000002,331.25,1.7874999999999999,0.010427500000000001,3.4749999999999996,33.56666666666667,-117.55833330000002
2006-07-04,0.8402271414753152,305.7625,290.07500000000005,0.0,350.7375,1.74375,0.0106075,3.35,33.56666666666667,-117.55833330000002
2006-07-12,0.7926375213891013,307.375,291.84999999999997,0.05,336.06250000000006,1.9987500000000002,0.011227500000000001,3.2375,33.56666666666667,-117.55833330000002
2006-07-20,0.7368419686944415,308.1375,293.82499999999993,0.2,309.8875,1.9000000000000001,0.0134375,3.4875000000000003,33.56666666666667,-117.55833330000002
2006-07-28,0.7175179969535199,303.9625,291.2375,0.0,288.425,1.225,0.012868750000000002,3.9125000000000005,33.56666666666667,-117.55833330000002
2006-08-05,0.7033851727808738,304.05,289.7,0.0,319.45000000000005,1.4175000000000002,0.011076250000000001,3.1625000000000005,33.56666666666667,-117.55833330000002
2006-08-13,0.6434687033094152,303.23749999999995,288.425,0.0,314.1625,1.3837499999999998,0.010185,2.7750000000000004,33.56666666666667,-117.55833330000002
2006-08-21,0.7033851727808738,304.77500000000003,289.5,0.0,306.2875,1.7349999999999999,0.00963875,3.0875000000000004,33.56666666666667,-117.55833330000002
2006-08-29,0.6334567959135678,305.9875,289.25,0.0,289.01250000000005,1.8925000000000005,0.00955375,3.05,33.56666666666667,-117.55833330000002
2006-09-06,0.6334567959135678,303.77500000000003,287.7875,0.0,276.225,1.5775000000000001,0.009195,3.0875000000000004,33.56666666666667,-117.55833330000002
2006-09-14,0.6,302.1125,286.6875,0.0,257.37500000000006,1.465,0.008278750000000001,3.2500000000000004,33.56666666666667,-117.55833330000002
2006-09-22,0.6,302.78749999999997,287.3,0.0,238.925,1.48,0.00887875,2.575,33.56666666666667,-117.55833330000002
2006-09-30,0.5334567959135678,299.50000000000006,286.40000000000003,0.125,200.23749999999998,1.2725,0.007631250000000001,3.2125000000000004,33.56666666666667,-117.55833330000002
2006-10-08,0.5141328241726463,297.9375,285.37499999999994,0.21250000000000002,188.6125,1.1387500000000002,0.007192500000000001,3.1250000000000004,33.56666666666667,-117.55833330000002
2006-10-16,0.5,299.8125,285.92499999999995,0.0,197.025,1.49125,0.006347500000000001,2.7500000000000004,33.56666666666667,-117.55833330000002
2006-10-24,0.5,298.4875,284.8875,0.0,187.625,1.3087499999999999,0.00636625,2.8375000000000004,33.56666666666667,-117.55833330000002
2006-11-01,0.4,300.1875,286.11249999999995,0.0,171.28750000000002,1.62875,0.005890000000000001,2.6125000000000003,33.56666666666667,-117.55833330000002
2006-11-09,0.3858671758273538,297.93750000000006,284.625,0.037500000000000006,160.58750000000003,1.31875,0.00584625,2.6625,33.56666666666667,-117.55833330000002
2006-11-17,0.3717343516547076,298.04999999999995,285.1375,0.0,149.22500000000002,1.3175,0.006098750000000001,2.4,33.56666666666667,-117.55833330000002
2006-11-25,0.3576015274820614,293.7625,281.20000000000005,0.3375,147.175,1.10625,0.0041175000000000005,3.4000000000000004,33.56666666666667,-117.55833330000002
2006-12-03,0.4,295.27500000000003,282.375,0.9875,147.51250000000002,1.3337500000000002,0.0037025,3.225,33.56666666666667,-117.55833330000002
2006-12-11,0.3717343516547076,293.00000000000006,281.45000000000005,0.9500000000000001,121.7,1.04125,0.004296250000000001,2.7874999999999996,33.56666666666667,-117.55833330000002
2006-12-19,0.4,292.9875,280.5375,0.1875,138.76250000000002,1.16375,0.0033337500000000003,2.3875,33.56666666666667,-117.55833330000002
2006-12-27,0.3858671758273538,292.30000000000007,280.67999999999995,0.9400000000000001,130.42000000000002,1.038,0.0037400000000000003,3.22,33.56666666666667,-117.55833330000002
2007-01-01,0.4,294.16249999999997,280.8,0.1625,142.9875,1.27,0.0032075000000000003,3.8000000000000003,33.56666666666667,-117.55833330000002
2007-01-09,0.4,290.675,278.13749999999993,0.08750000000000001,141.2125,1.09375,0.002425,3.7500000000000004,33.56666666666667,-117.55833330000002
2007-01-17,0.4033851727808737,292.1375,278.61249999999995,0.0,157.8375,1.10625,0.002851250000000001,3.1375,33.56666666666667,-117.55833330000002
2007-01-25,0.4,292.02500000000003,280.43749999999994,0.9875,127.95,0.9662499999999999,0.004030000000000001,3.0000000000000004,33.56666666666667,-117.55833330000002
2007-02-02,0.41751799695351993,294.7375,281.4625,0.05,164.71250000000003,1.0575,0.00497375,2.5124999999999997,33.56666666666667,-117.55833330000002
2007-02-10,0.41751799695351993,294.125,282.23750000000007,0.8375,160.975,0.9737500000000001,0.005465,3.2500000000000004,33.56666666666667,-117.55833330000002
2007-02-18,0.5,292.03749999999997,280.7625,1.725,175.1875,0.7875,0.00523125,3.6250000000000004,33.56666666666667,-117.55833330000002
2007-02-26,0.5141328241726463,293.49999999999994,280.7,1.2750000000000001,202.22500000000002,1.0350000000000001,0.00440875,3.8625000000000003,33.56666666666667,-117.55833330000002
2007-03-06,0.6,297.8625,283.35,0.0,214.67499999999998,1.405,0.004953750000000001,2.6624999999999996,33.56666666666667,-117.55833330000002
2007-03-14,0.6193239717409216,296.34999999999997,282.46250000000003,0.75,210.75000000000003,1.12375,0.00566125,3.05,33.56666666666667,-117.55833330000002
2007-03-22,0.7000000000000001,295.3375,281.58750000000003,0.3375,253.95000000000002,1.035,0.00541375,3.7250000000000005,33.56666666666667,-117.55833330000002
2007-03-30,0.6193239717409216,295.575,283.45,0.0,263.85,0.9675,0.006400000000000001,3.0250000000000004,33.56666666666667,-117.55833330000002
2007-04-07,0.7000000000000001,294.2625,283.1375,0.0,276.425,0.8,0.006716250000000001,4.1375,33.56666666666667,-117.55833330000002
2007-04-15,0.7000000000000001,291.4625,281.75,1.4500000000000002,241.99999999999997,0.6375,0.006167500000000001,3.6375,33.56666666666667,-117.55833330000002
2007-04-23,0.7000000000000001,296.4125,284.32500000000005,0.037500000000000006,305.5125,1.00625,0.006910000000000001,2.9250000000000003,33.56666666666667,-117.55833330000002
2007-05-01,0.7000000000000001,296.7625,285.93749999999994,0.0,315.2875000000001,1.22875,0.0062050000000000004,3.8000000000000003,33.56666666666667,-117.55833330000002
2007-05-09,0.7000000000000001,297.175,285.3125,0.0,322.23750000000007,1.1912500000000001,0.006413750000000001,3.0625,33.56666666666667,-117.55833330000002
2007-05-17,0.7000000000000001,296.9875,285.2625,0.0625,329.6625,1.0187499999999998,0.0073325,3.1750000000000003,33.56666666666667,-117.55833330000002
2007-05-25,0.6141328241726463,296.425,284.725,0.0,332.8,0.9912500000000001,0.00704,3.2375000000000003,33.56666666666667,-117.55833330000002
2007-06-02,0.6316508211261661,297.1375,285.7375,0.0,326.07500000000005,0.87625,0.008471250000000001,3.5125000000000006,33.56666666666667,-117.55833330000002
2007-06-10,0.6316508211261661,299.6125,286.925,0.0,341.7375,1.1675,0.00850125,3.3000000000000007,33.56666666666667,-117.55833330000002
2007-06-18,0.6141328241726463,300.1125,287.22499999999997,0.0,344.1125,1.205,0.0086725,3.2500000000000004,33.56666666666667,-117.55833330000002
2007-06-26,0.6141328241726463,301.9625,288.43749999999994,0.0,347.5125000000001,1.3924999999999998,0.0091925,3.2875,33.56666666666667,-117.55833330000002
2007-07-04,0.6,303.475,289.6875,0.0,324.3125,1.5075,0.010105000000000001,3.1125000000000003,33.56666666666667,-117.55833330000002
2007-07-12,0.6141328241726463,302.5125,289.5,0.0,344.675,1.31875,0.010425000000000002,3.2500000000000004,33.56666666666667,-117.55833330000002
2007-07-20,0.5981940252125983,302.8625,290.00000000000006,0.0,335.26250000000005,1.36875,0.010543750000000001,3.575,33.56666666666667,-117.55833330000002
2007-07-28,0.6141328241726463,303.16249999999997,289.46250000000003,0.0,319.51250000000005,1.3775,0.010546250000000002,3.4000000000000004,33.56666666666667,-117.55833330000002
2007-08-05,0.5806760282590784,303.875,289.3875,0.0,321.81250000000006,1.5125000000000002,0.01022875,3.275000000000001,33.56666666666667,-117.55833330000002
2007-08-13,0.5141328241726463,305.8625,291.0125,0.0,316.27500000000003,1.815,0.0106125,3.325,33.56666666666667,-117.55833330000002
2007-08-21,0.5,304.70000000000005,290.725,0.0,290.96250000000003,1.6150000000000002,0.010771250000000001,3.3,33.56666666666667,-117.55833330000002
2007-08-29,0.5,306.325,291.27500000000003,0.0,287.925,1.85,0.010991250000000001,3.2750000000000004,33.56666666666667,-117.55833330000002
2007-09-06,0.4966148272191263,303.35,288.02500000000003,0.0,276.61250000000007,1.5750000000000002,0.008960000000000001,3.1,33.56666666666667,-117.55833330000002
2007-09-14,0.4966148272191263,300.175,286.13749999999993,0.2625,227.8125,1.2325000000000002,0.00825625,3.2500000000000004,33.56666666666667,-117.55833330000002
2007-09-22,0.41413282417264624,300.1,286.65,1.4375000000000002,224.3375,1.2374999999999998,0.00831875,3.1250000000000004,33.56666666666667,-117.55833330000002
2007-09-30,0.41413282417264624,300.26250000000005,285.675,0.0,233.12500000000003,1.4712500000000002,0.00668,3.4875000000000003,33.56666666666667,-117.55833330000002
2007-10-08,0.39661482721912633,298.67500000000007,284.8125,1.0625,202.8125,1.32375,0.00632625,2.75,33.56666666666667,-117.55833330000002
2007-10-16,0.3282656483452924,300.97499999999997,286.2625,0.0,202.9,1.7587500000000003,0.0056125,3.95,33.56666666666667,-117.55833330000002
2007-10-24,0.3141328241726462,300.7375,286.775,0.0,176.925,1.7874999999999999,0.0055475,2.7625,33.56666666666667,-117.55833330000002
2007-11-01,0.3141328241726462,296.51249999999993,284.6499999999999,0.0,168.625,1.2112500000000002,0.00568875,2.1625,33.56666666666667,-117.55833330000002
2007-11-09,0.3141328241726462,296.1875,285.3,3.2125000000000004,152.8375,1.1375,0.00629375,2.5125,33.56666666666667,-117.55833330000002
2007-11-17,0.3,294.5125,283.15,0.0,152.8875,0.9999999999999999,0.0055962500000000005,2.1875,33.56666666666667,-117.55833330000002
2007-11-25,0.3,293.68750000000006,282.6625,1.7625000000000002,129.6625,1.0237500000000002,0.0049825,2.9375,33.56666666666667,-117.55833330000002
2007-12-03,0.3,292.71250000000003,281.26250000000005,3.9125000000000005,131.55,0.94125,0.004767499999999999,3.5875000000000004,33.56666666666667,-117.55833330000002
2007-12-11,0.3,290.9125,279.175,0.975,135.53750000000002,0.84375,0.00405375,2.4625000000000004,33.56666666666667,-117.55833330000002
2007-12-19,0.3806760282590784,291.6375,280.27500000000003,0.6,130.9125,0.92875,0.0040775,3.3125000000000004,33.56666666666667,-117.55833330000002
2007-12-27,0.3,289.46,278.71999999999997,0.0,118.35999999999999,0.818,0.0036280000000000006,2.96,33.56666666666667,-117.55833330000002
2008-01-01,0.39661482721912633,291.03749999999997,281.975,7.575000000000001,101.725,0.8125000000000001,0.0049525,4.300000000000002,33.56666666666667,-117.55833330000002
2008-01-09,0.42668645035182046,292.6625,281.35,0.0,146.2125,1.00125,0.004316250000000001,2.9625,33.56666666666667,-117.55833330000002
2008-01-17,0.5141328241726463,289.4875,279.23749999999995,2.575,133.5875,0.78375,0.0039000000000000003,3.4625000000000004,33.56666666666667,-117.55833330000002
2008-01-25,0.6966148272191264,289.55,279.825,7.762500000000001,133.38750000000002,0.6625000000000001,0.00480125,4.4125,33.56666666666667,-117.55833330000002
2008-02-02,0.7772908554782048,291.82500000000005,279.7125,2.2375000000000003,169.95,0.7962499999999999,0.00488125,3.2250000000000005,33.56666666666667,-117.55833330000002
2008-02-10,0.8567580734845146,293.13750000000005,280.8625,0.4,190.625,0.92625,0.004897500000000001,2.3625000000000003,33.56666666666667,-117.55833330000002
2008-02-18,0.9442044473053403,291.2,280.55,5.275,151.4625,0.595,0.006007500000000001,3.3875000000000006,33.56666666666667,-117.55833330000002
2008-02-26,1.0617224442588602,294.65000000000003,281.1,0.0,219.52500000000003,0.98875,0.005238750000000001,2.8375000000000004,33.56666666666667,-117.55833330000002
2008-03-05,1.0093120643450744,295.59999999999997,281.5,0.0,227.82500000000002,1.12625,0.00494875,2.3125,33.56666666666667,-117.55833330000002
2008-03-13,1.2123268493852446,294.075,280.5,1.3625,241.08749999999998,0.94375,0.0051062500000000005,3.3250000000000006,33.56666666666667,-117.55833330000002
2008-03-21,1.1175179969535198,296.9875,282.175,0.0,265.6875,1.2537500000000001,0.005085,2.775,33.56666666666667,-117.55833330000002
2008-03-29,1.347589620086214,293.7,281.6,0.1,253.75000000000003,0.85875,0.0057237500000000005,3.2875,33.56666666666667,-117.55833330000002
2008-04-06,1.2334567959135678,297.09999999999997,283.3,0.0,292.0375,1.3299999999999998,0.00516625,3.275,33.56666666666667,-117.55833330000002
2008-04-14,1.1669135918271358,296.02500000000003,282.875,0.0,295.1125,1.1712500000000001,0.0053037499999999994,3.437500000000001,33.56666666666667,-117.55833330000002
2008-04-22,1.042033116262717,299.2625,285.15,0.0,302.1875,1.6275,0.0051199999999999996,3.2625,33.56666666666667,-117.55833330000002
2008-04-30,0.9844315887806555,294.85,283.8875,0.0,307.82500000000005,0.8925000000000001,0.006633750000000001,3.2750000000000004,33.56666666666667,-117.55833330000002
2008-05-08,0.9509747928670876,296.0,284.4125,0.0,314.71250000000003,0.9299999999999999,0.00715375,3.0875000000000004,33.56666666666667,-117.55833330000002
2008-05-16,0.8402271414753152,298.8,287.6125,1.725,308.7375,1.2825,0.007733750000000001,3.7750000000000004,33.56666666666667,-117.55833330000002
2008-05-24,0.8509747928670878,294.8,284.35,0.18750000000000003,296.4375,0.8875000000000001,0.0067675,2.9875000000000003,33.56666666666667,-117.55833330000002
2008-06-01,0.8368419686944415,298.0875,285.61249999999995,0.1,337.41249999999997,0.9987499999999999,0.008227500000000002,3.3,33.56666666666667,-117.55833330000002
2008-06-09,0.8368419686944415,300.58750000000003,287.59999999999997,0.0,343.975,1.28875,0.00858,3.0500000000000003,33.56666666666667,-117.55833330000002
2008-06-17,0.8067703455617474,304.0375,290.2125,0.0,344.1625,1.7725000000000002,0.009136250000000002,3.5125,33.56666666666667,-117.55833330000002
2008-06-25,0.7368419686944415,302.2,288.7,0.0,340.725,1.395,0.00945375,2.9000000000000004,33.56666666666667,-117.55833330000002
2008-07-03,0.7509747928670877,302.35,290.0125,0.0,346.22499999999997,1.26125,0.01086375,3.6125000000000003,33.56666666666667,-117.55833330000002
2008-07-11,0.7051911475682754,302.26250000000005,290.54999999999995,0.0,331.90000000000003,1.16875,0.011558750000000001,3.3750000000000004,33.56666666666667,-117.55833330000002
2008-07-19,0.7033851727808738,301.6875,288.9625,0.0,343.325,1.215,0.010273750000000002,3.325,33.56666666666667,-117.55833330000002
2008-07-27,0.7033851727808738,302.625,289.85,0.0,336.675,1.20875,0.01135125,3.4125000000000005,33.56666666666667,-117.55833330000002
2008-08-04,0.6368419686944415,303.375,290.7,0.0,324.6,1.3625,0.01127,3.2625,33.56666666666667,-117.55833330000002
2008-08-12,0.6227091445217953,303.61250000000007,290.425,0.0,316.61250000000007,1.3650000000000002,0.011343750000000001,3.3125000000000004,33.56666666666667,-117.55833330000002
2008-08-20,0.6300716231326942,303.75,290.76250000000005,0.0,304.1125,1.35,0.011658750000000002,3.2750000000000004,33.56666666666667,-117.55833330000002
2008-08-28,0.6175179969535199,303.6625,290.6375,0.0,266.0625,1.21875,0.01236375,3.325,33.56666666666667,-117.55833330000002
2008-09-05,0.5858671758273538,303.03749999999997,289.07500000000005,0.0,275.65000000000003,1.34375,0.010527500000000002,3.0875000000000004,33.56666666666667,-117.55833330000002
2008-09-13,0.5334567959135678,303.525,289.4875,0.0,262.45000000000005,1.4675000000000002,0.010298750000000002,2.7,33.56666666666667,-117.55833330000002
2008-09-21,0.48925234860822747,302.93749999999994,288.63749999999993,0.0,248.2625,1.4949999999999999,0.00938625,2.6375000000000006,33.56666666666667,-117.55833330000002
2008-09-29,0.5033851727808737,303.275,288.1125,0.11250000000000002,214.15,1.74125,0.00796125,3.225,33.56666666666667,-117.55833330000002
2008-10-07,0.5141328241726463,302.65,286.8125,0.0,225.80000000000004,2.0612500000000002,0.005177500000000001,3.3500000000000005,33.56666666666667,-117.55833330000002
2008-10-15,0.5,303.2625,286.42500000000007,0.0,203.68750000000003,2.07875,0.005266250000000001,2.4375,33.56666666666667,-117.55833330000002
2008-10-23,0.4,304.175,287.08750000000003,0.0,183.1875,2.26625,0.00500375,2.6,33.56666666666667,-117.55833330000002
2008-10-31,0.3858671758273538,299.34999999999997,285.92499999999995,0.75,173.1375,1.4725,0.006168750000000001,3.0625,33.56666666666667,-117.55833330000002
2008-11-08,0.3193239717409216,299.825,285.58750000000003,0.037500000000000006,169.93750000000003,1.6487500000000002,0.0053975,3.275,33.56666666666667,-117.55833330000002
2008-11-16,0.3018059747874017,300.09999999999997,285.325,0.0,160.4625,1.7237500000000003,0.00494375,2.6625,33.56666666666667,-117.55833330000002
2008-11-24,0.3033851727808737,295.8125,283.95,5.325,122.6375,1.045,0.00617,2.725,33.56666666666667,-117.55833330000002
2008-12-02,0.3858671758273538,293.275,281.71250000000003,0.0,128.3375,0.8087500000000001,0.005841250000000001,2.6,33.56666666666667,-117.55833330000002
2008-12-10,0.3892523486082275,290.65,280.8125,10.375,104.98750000000001,0.76625,0.00489875,3.6125000000000007,33.56666666666667,-117.55833330000002
2008-12-18,0.3892523486082275,288.86249999999995,279.7625,2.5250000000000004,99.56250000000001,0.5650000000000001,0.0051287500000000005,3.2750000000000004,33.56666666666667,-117.55833330000002
2008-12-26,0.3858671758273538,290.9666666666667,279.6666666666667,0.0,140.35,0.82,0.0044083333333333335,2.9166666666666665,33.56666666666667,-117.55833330000002
2009-01-01,0.5018059747874017,293.4875,280.3875,0.23750000000000002,132.9875,1.0575,0.00411125,2.125,33.56666666666667,-117.55833330000002
2009-01-09,0.5193239717409216,298.7375,283.4375,0.0,153.275,1.82625,0.0029212500000000007,3.8750000000000004,33.56666666666667,-117.55833330000002
2009-01-17,0.6,295.95,283.75,0.5125000000000001,123.9,1.3000000000000003,0.0046300000000000004,2.625,33.56666666666667,-117.55833330000002
2009-01-25,0.6,295.11249999999995,281.3,0.037500000000000006,163.525,1.29,0.0037125000000000005,3.5,33.56666666666667,-117.55833330000002
2009-02-02,0.6300716231326942,292.6375,280.9875,10.2375,140.8,0.9137500000000001,0.004892500000000001,4.4375,33.56666666666667,-117.55833330000002
2009-02-10,0.7000000000000001,289.6875,279.0375,5.362500000000001,151.55,0.6375,0.004837500000000001,3.6625000000000005,33.56666666666667,-117.55833330000002
2009-02-18,0.815938798960048,293.58750000000003,281.5,0.0,186.1125,0.87125,0.005543750000000001,2.5125,33.56666666666667,-117.55833330000002
2009-02-26,0.8300716231326941,294.47499999999997,281.40000000000003,0.05,196.6125,0.8550000000000001,0.006105000000000001,3.1750000000000007,33.56666666666667,-117.55833330000002
2009-03-06,1.015938798960048,292.3375,279.3125,0.0,222.425,0.69,0.005637500000000001,2.8375,33.56666666666667,-117.55833330000002
2009-03-14,0.9776612432189081,295.25,280.875,0.0,236.20000000000002,0.86875,0.0062450000000000006,2.5125,33.56666666666667,-117.55833330000002
2009-03-22,0.9910583233956292,295.04999999999995,280.7125,0.5750000000000001,259.2125,0.9875000000000002,0.00537875,3.35,33.56666666666667,-117.55833330000002
2009-03-30,0.9527807676544894,295.59999999999997,281.65,0.0625,272.225,1.025,0.005636250000000001,3.125,33.56666666666667,-117.55833330000002
2009-04-07,1.0910583233956292,294.825,282.4375,0.1,263.09999999999997,0.91125,0.006132500000000001,4.15,33.56666666666667,-117.55833330000002
2009-04-15,0.9493955948736157,298.27500000000003,283.79999999999995,0.0,300.3625,1.4587500000000002,0.005161250000000001,3.6,33.56666666666667,-117.55833330000002
2009-04-23,0.8810464159997818,294.9625,282.17499999999995,0.0,290.18750000000006,0.8987499999999999,0.006212500000000001,3.2874999999999996,33.56666666666667,-117.55833330000002
2009-05-01,0.9051911475682753,298.03749999999997,287.2375,0.0,290.32500000000005,1.0,0.008731250000000001,3.6500000000000004,33.56666666666667,-117.55833330000002
2009-05-09,0.8085763203491492,298.26250000000005,286.3875,0.0,327.85,0.965,0.00875125,3.025,33.56666666666667,-117.55833330000002
2009-05-17,0.8193239717409216,298.52500000000003,286.5875,0.0,321.0,1.08,0.008268750000000002,3.2375000000000003,33.56666666666667,-117.55833330000002
2009-05-25,0.7368419686944415,297.8,286.0625,0.2,332.46250000000003,0.8250000000000001,0.00925875,2.9750000000000005,33.56666666666667,-117.55833330000002
2009-06-02,0.5751195244355812,296.15000000000003,286.8875,0.11250000000000002,262.6,0.75125,0.009076250000000001,4.0375000000000005,33.56666666666667,-117.55833330000002
2009-06-10,0.5509747928670877,296.2375,286.8125,0.0,277.1375,0.7037500000000001,0.0093725,3.7750000000000004,33.56666666666667,-117.55833330000002
2009-06-18,0.6334567959135678,298.73750000000007,287.3375,0.0,335.75000000000006,0.9225,0.0095925,3.425,33.56666666666667,-117.55833330000002
2009-06-26,0.7000000000000001,302.2625,288.75,0.0,341.0,1.3962500000000002,0.00948875,3.0999999999999996,33.56666666666667,-117.55833330000002
2009-07-04,0.6193239717409216,302.2,288.27500000000003,0.0,328.8625,1.3387499999999999,0.009617500000000001,3.275,33.56666666666667,-117.55833330000002
2009-07-12,0.6699283768673059,304.6875,290.55,0.0,340.11250000000007,1.6475,0.010465,3.2625,33.56666666666667,-117.55833330000002
2009-07-20,0.6840612010399522,304.98749999999995,291.38750000000005,0.0,335.875,1.6362500000000002,0.011127500000000002,3.1125000000000007,33.56666666666667,-117.55833330000002
2009-07-28,0.6033851727808737,304.6375,289.85,0.0,329.65,1.6062500000000002,0.010446249999999999,2.95,33.56666666666667,-117.55833330000002
2009-08-05,0.6141328241726463,304.09999999999997,288.70000000000005,0.0,326.1125,1.67875,0.009128749999999998,3.1750000000000007,33.56666666666667,-117.55833330000002
2009-08-13,0.6141328241726463,303.70000000000005,288.125,0.0,317.3125,1.62125,0.008943749999999999,2.8625000000000003,33.56666666666667,-117.55833330000002
2009-08-21,0.5840612010399521,305.575,289.97499999999997,0.0,289.4375,2.0200000000000005,0.008743750000000002,2.8000000000000003,33.56666666666667,-117.55833330000002
2009-08-29,0.5665432040864322,306.7625,291.63750000000005,0.0,275.7375,2.19375,0.009407500000000001,3.3125,33.56666666666667,-117.55833330000002
2009-09-06,0.5,304.15,289.04999999999995,0.0,268.3125,1.7249999999999999,0.009005,3.075,33.56666666666667,-117.55833330000002
2009-09-14,0.4966148272191263,304.4,289.0375,0.0,257.1875,1.80125,0.00879125,2.9,33.56666666666667,-117.55833330000002
2009-09-22,0.4665432040864322,306.05,290.07500000000005,0.0625,247.3,2.2187499999999996,0.00795125,2.7625,33.56666666666667,-117.55833330000002
2009-09-30,0.4806760282590784,299.6375,284.93750000000006,0.0,210.1375,1.45,0.006190000000000001,2.9750000000000005,33.56666666666667,-117.55833330000002
2009-10-08,0.41413282417264624,298.5249999999999,284.85,0.925,168.7625,1.2412500000000002,0.00679375,2.7250000000000005,33.56666666666667,-117.55833330000002
2009-10-16,0.4,301.9375,286.8125,0.0,201.83749999999998,1.7262500000000003,0.00661875,2.6750000000000003,33.56666666666667,-117.55833330000002
2009-10-24,0.35421635470118773,299.68750000000006,285.0625,0.0,192.9875,1.72375,0.0046025,3.1500000000000004,33.56666666666667,-117.55833330000002
2009-11-01,0.28586717582735377,298.775,284.1125,0.0,173.65000000000003,1.5425000000000002,0.00485,2.4375,33.56666666666667,-117.55833330000002
2009-11-09,0.3665432040864322,296.91249999999997,282.98749999999995,0.05,159.725,1.3475,0.00465375,2.9625,33.56666666666667,-117.55833330000002
2009-11-17,0.3665432040864322,296.6375,281.71250000000003,0.0,157.425,1.35,0.0041625,2.7375000000000003,33.56666666666667,-117.55833330000002
2009-11-25,0.3665432040864322,295.1125,282.1875,0.6875,144.01250000000002,1.27125,0.004067500000000001,3.0375,33.56666666666667,-117.55833330000002
2009-12-03,0.3,289.8375,279.4375,4.5375000000000005,112.975,0.70875,0.004537500000000001,3.3375,33.56666666666667,-117.55833330000002
2009-12-11,0.3,292.325,282.0,5.325,115.8875,0.86625,0.00518,3.2250000000000005,33.56666666666667,-117.55833330000002
2009-12-19,0.3,292.45,281.11249999999995,0.2,132.41250000000002,1.00625,0.0041825000000000005,2.9,33.56666666666667,-117.55833330000002
2009-12-27,0.28586717582735377,290.62,280.9,0.4,114.9,0.754,0.004902000000000001,2.4799999999999995,33.56666666666667,-117.55833330000002
2010-01-01,0.3858671758273538,298.3625,284.7875,0.0,132.1375,1.54375,0.00475,2.5125000000000006,33.56666666666667,-117.55833330000002
2010-01-09,0.41751799695351993,296.1375,283.4875,0.1875,144.15000000000003,1.22,0.00528375,2.7875000000000005,33.56666666666667,-117.55833330000002
2010-01-17,0.43345679591356784,287.66249999999997,279.83750000000003,19.500000000000004,102.0625,0.38625,0.0059075,5.250000000000001,33.56666666666667,-117.55833330000002
2010-01-25,0.44758962008621406,291.8125,280.5375,0.47500000000000003,145.7375,0.7124999999999999,0.005537500000000001,1.8750000000000002,33.56666666666667,-117.55833330000002
2010-02-02,0.6141328241726463,289.58750000000003,280.45000000000005,8.125,138.7375,0.45999999999999996,0.00622375,3.0375,33.56666666666667,-117.55833330000002
2010-02-10,0.6334567959135678,296.5375,283.22499999999997,0.0,193.3625,1.2325,0.005520000000000001,2.5000000000000004,33.56666666666667,-117.55833330000002
2010-02-18,0.7334567959135678,291.8625,281.8125,1.4125,163.025,0.71875,0.0058400000000000014,2.9,33.56666666666667,-117.55833330000002
2010-02-26,0.9193239717409216,292.025,280.7375,3.9125000000000005,194.25,0.6224999999999999,0.0062987500000000005,2.9875000000000003,33.56666666666667,-117.55833330000002
2010-03-06,0.8910583233956292,290.35,279.57500000000005,0.8500000000000001,210.28750000000002,0.525,0.0059375,3.8750000000000004,33.56666666666667,-117.55833330000002
2010-03-14,1.0352627707009696,299.47499999999997,284.675,0.0,249.01250000000002,1.5187499999999998,0.00569875,3.0125,33.56666666666667,-117.55833330000002
2010-03-22,1.0103822951365509,297.12499999999994,282.6125,0.0,258.45,1.1624999999999999,0.005921250000000001,3.0250000000000004,33.56666666666667,-117.55833330000002
2010-03-30,1.1527807676544894,291.43750000000006,280.3,0.6000000000000001,229.27500000000003,0.5425,0.006422500000000001,3.6125000000000003,33.56666666666667,-117.55833330000002
2010-04-07,1.1193239717409216,294.0125,282.57500000000005,2.2,254.6875,0.82125,0.0065625,3.625,33.56666666666667,-117.55833330000002
2010-04-15,1.1085763203491492,293.6125,282.0625,1.4625000000000001,249.45000000000005,0.68,0.00711625,3.5625000000000004,33.56666666666667,-117.55833330000002
2010-04-23,1.0821166467912584,294.1875,282.0125,0.2,291.875,0.7325,0.00688375,3.4,33.56666666666667,-117.55833330000002
2010-05-01,1.081046415999782,298.2875,283.85,0.0,317.01250000000005,1.13125,0.007041250000000001,2.9,33.56666666666667,-117.55833330000002
2010-05-09,1.1085763203491492,295.26250000000005,283.21250000000003,0.0,317.4625,0.7825,0.0073825,3.4,33.56666666666667,-117.55833330000002
2010-05-17,0.9297062668774724,294.6,282.9625,0.0,300.95000000000005,0.7124999999999999,0.007463750000000001,3.8375000000000004,33.56666666666667,-117.55833330000002
2010-05-25,0.9554301964394379,296.9125,283.5375,0.0,310.8125,0.9137500000000001,0.0075650000000000005,3.1750000000000003,33.56666666666667,-117.55833330000002
2010-06-02,0.9137674679174245,299.1125,286.9375,0.0,339.975,0.90625,0.009820000000000002,3.0625,33.56666666666667,-117.55833330000002
2010-06-10,0.9227091445217953,297.6375,285.21250000000003,0.0,337.96250000000003,0.87125,0.008788750000000001,3.4125,33.56666666666667,-117.55833330000002
2010-06-18,0.8543599656479615,298.85,285.45,0.0,338.77500000000003,1.0362500000000001,0.008382500000000001,3.0375000000000005,33.56666666666667,-117.55833330000002
2010-06-26,0.8119614931300229,298.53749999999997,286.4875,0.0,351.6625,0.8462500000000001,0.0097175,2.9875,33.56666666666667,-117.55833330000002
2010-07-04,0.7669135918271356,296.6875,286.55,0.037500000000000006,348.46250000000003,0.7275,0.0094525,2.7750000000000004,33.56666666666667,-117.55833330000002
2010-07-12,0.8033851727808737,306.1875,290.275,0.0,340.71250000000003,1.8399999999999999,0.0106675,3.3125,33.56666666666667,-117.55833330000002
2010-07-20,0.8175179969535199,299.3625,287.5,0.0,343.15000000000003,0.94375,0.00991875,2.9750000000000005,33.56666666666667,-117.55833330000002
2010-07-28,0.660986700262935,300.9,286.55,0.0,331.68750000000006,1.0862500000000002,0.00973875,2.9500000000000006,33.56666666666667,-117.55833330000002
2010-08-05,0.6751195244355813,300.3125,285.7875,0.0,330.70000000000005,1.07375,0.009186250000000002,3.0375,33.56666666666667,-117.55833330000002
2010-08-13,0.6892523486082275,306.075,289.475,0.0,312.6625,1.86125,0.01015625,3.0250000000000004,33.56666666666667,-117.55833330000002
2010-08-21,0.7033851727808738,307.3125,290.925,0.0,308.02500000000003,2.27,0.00962375,3.1,33.56666666666667,-117.55833330000002
2010-08-29,0.6434687033094152,304.5875,286.8,0.0,289.82500000000005,1.75125,0.00895375,3.0125,33.56666666666667,-117.55833330000002
2010-09-06,0.7000000000000001,299.8875,285.15,0.0,273.9125,1.1375,0.0084775,2.7875,33.56666666666667,-117.55833330000002
2010-09-14,0.5717343516547075,301.17499999999995,285.0125,0.0,264.70000000000005,1.2862500000000001,0.008265,2.625,33.56666666666667,-117.55833330000002
2010-09-22,0.5334567959135678,308.3375,290.40000000000003,0.0,242.68750000000003,2.6725,0.0085375,2.45,33.56666666666667,-117.55833330000002
2010-09-30,0.5033851727808737,297.72499999999997,287.3,1.8125000000000002,199.8,0.99,0.00924625,2.875,33.56666666666667,-117.55833330000002
2010-10-08,0.5,302.09999999999997,287.87499999999994,0.05,210.81250000000003,1.5925,0.00810375,2.4250000000000003,33.56666666666667,-117.55833330000002
2010-10-16,0.43165082112616615,291.44999999999993,285.72499999999997,6.450000000000001,148.78750000000002,0.37,0.00886375,2.5250000000000004,33.56666666666667,-117.55833330000002
2010-10-24,0.43165082112616615,296.9375,284.7125,1.325,182.76250000000002,0.99125,0.007475000000000001,3.2625,33.56666666666667,-117.55833330000002
2010-11-01,0.5141328241726463,302.4625,288.0375,0.4,177.9625,2.1537499999999996,0.005666250000000001,3.3625,33.56666666666667,-117.55833330000002
2010-11-09,0.44758962008621406,296.45000000000005,283.43750000000006,0.0,169.0,1.2825,0.00500625,2.7125000000000004,33.56666666666667,-117.55833330000002
2010-11-17,0.51751799695352,290.525,280.125,5.4,135.41250000000002,0.6725000000000001,0.0053575,3.4125000000000005,33.56666666666667,-117.55833330000002
2010-11-25,0.51751799695352,292.45000000000005,279.56250000000006,0.4375,155.16250000000002,1.0762500000000002,0.00348,3.5500000000000007,33.56666666666667,-117.55833330000002
2010-12-03,0.5159387989600479,294.84999999999997,282.65,0.7625000000000001,136.75,1.08875,0.0050825,2.2625,33.56666666666667,-117.55833330000002
2010-12-11,0.6,293.53749999999997,283.4875,5.5625,105.22500000000001,1.01625,0.0057262500000000004,3.4125000000000005,33.56666666666667,-117.55833330000002
2010-12-19,0.6,289.05,281.7125,33.975,86.5625,0.5075000000000001,0.0060187500000000015,3.9749999999999996,33.56666666666667,-117.55833330000002
2010-12-27,0.4858671758273538,289.21999999999997,278.15999999999997,4.26,123.96000000000001,0.724,0.004058,3.7600000000000007,33.56666666666667,-117.55833330000002
2011-01-01,0.5386479434818432,290.0125,279.79999999999995,1.55,104.0125,0.6974999999999999,0.0047575000000000004,2.6625,33.56666666666667,-117.55833330000002
2011-01-09,0.7442044473053403,294.0875,281.1,0.0,142.51250000000002,1.07625,0.00458625,2.9625000000000004,33.56666666666667,-117.55833330000002
2011-01-17,0.6917940673915544,295.45000000000005,283.0875,0.0,160.7125,1.19875,0.004863750000000001,3.1000000000000005,33.56666666666667,-117.55833330000002
2011-01-25,0.8282656483452925,293.2,281.2,0.5875,158.27500000000003,0.96625,0.0047325,2.8125000000000004,33.56666666666667,-117.55833330000002
2011-02-02,0.8617224442588602,292.86249999999995,280.1125,0.0,182.18750000000003,0.94,0.0045537500000000005,3.0500000000000003,33.56666666666667,-117.55833330000002
2011-02-10,0.8145032119133496,292.84999999999997,280.8625,1.1625,181.175,0.8875000000000001,0.004991250000000001,3.3125,33.56666666666667,-117.55833330000002
2011-02-18,0.9617224442588602,290.15,279.21250000000003,4.6375,174.9375,0.6174999999999999,0.005166250000000001,3.75,33.56666666666667,-117.55833330000002
2011-02-26,1.047589620086214,291.5125,279.375,5.0,189.95000000000002,0.7037500000000001,0.00528875,2.8125,33.56666666666667,-117.55833330000002
2011-03-06,1.0617224442588602,293.9375,281.95,0.375,229.7125,0.7937500000000002,0.00632875,3.0375,33.56666666666667,-117.55833330000002
2011-03-14,1.002541718783327,293.06250000000006,281.9125,5.7875,202.05,0.71875,0.0064575000000000006,3.8625000000000003,33.56666666666667,-117.55833330000002
2011-03-22,1.0933732653850263,291.4125,280.2125,2.85,212.93750000000003,0.5875,0.006091250000000001,2.9250000000000003,33.56666666666667,-117.55833330000002
2011-03-30,1.1792404412123803,296.6125,284.16249999999997,0.0,252.3375,0.9587500000000002,0.00726,2.8125,33.56666666666667,-117.55833330000002
2011-04-07,1.1792404412123803,292.78749999999997,281.25,0.6125,253.6375,0.6687500000000001,0.006427500000000001,3.5124999999999997,33.56666666666667,-117.55833330000002
2011-04-15,1.1826256139932538,296.5125,284.28749999999997,0.0,291.09999999999997,0.90375,0.007592500000000001,3.1625,33.56666666666667,-117.55833330000002
2011-04-23,1.1844315887806556,296.2125,283.8,0.07500000000000001,296.725,0.9262499999999999,0.007125,3.6500000000000004,33.56666666666667,-117.55833330000002
2011-05-01,1.165107617039734,297.8875,285.84999999999997,0.0,320.96250000000003,1.2725,0.0065275,3.175,33.56666666666667,-117.55833330000002
2011-05-09,1.0617224442588602,294.70000000000005,283.75,0.275,294.8625,0.7875000000000001,0.00722,3.675,33.56666666666667,-117.55833330000002
2011-05-17,1.0651076170397338,294.52500000000003,284.12499999999994,1.9375,289.07500000000005,0.6937500000000001,0.007758750000000001,3.8125000000000004,33.56666666666667,-117.55833330000002
2011-05-25,0.9844315887806555,296.125,284.5375,0.25,324.81250000000006,0.905,0.007365,3.3875,33.56666666666667,-117.55833330000002
2011-06-02,0.9844315887806555,295.975,284.34999999999997,0.275,335.40000000000003,0.7625,0.008126250000000002,3.075,33.56666666666667,-117.55833330000002
2011-06-10,0.9543599656479613,297.575,285.3875,0.0,346.08750000000003,0.775,0.009225,2.9375000000000004,33.56666666666667,-117.55833330000002
2011-06-18,0.9509747928670876,299.475,286.7,0.0,343.1500000000001,0.9862500000000001,0.00949875,2.8249999999999997,33.56666666666667,-117.55833330000002
2011-06-26,0.8844315887806555,302.03749999999997,287.475,0.0,340.9125,1.30375,0.00955625,2.95,33.56666666666667,-117.55833330000002
2011-07-04,0.8651076170397339,303.0,289.375,0.0,344.85,1.1875,0.011565,3.1500000000000004,33.56666666666667,-117.55833330000002
2011-07-12,0.8509747928670878,301.31249999999994,287.55,0.0,342.025,1.09375,0.010325,2.875,33.56666666666667,-117.55833330000002
2011-07-20,0.8350359939070399,302.925,288.58750000000003,0.0,329.12500000000006,1.36375,0.010117500000000001,2.7625000000000006,33.56666666666667,-117.55833330000002
2011-07-28,0.8316508211261662,303.91249999999997,289.4875,0.07500000000000001,309.1125,1.46625,0.010600000000000002,2.725,33.56666666666667,-117.55833330000002
2011-08-05,0.8316508211261662,302.45000000000005,287.3875,0.0,318.375,1.2625,0.009965000000000002,2.7,33.56666666666667,-117.55833330000002
2011-08-13,0.7617224442588603,303.1125,288.1875,0.0,319.56250000000006,1.28625,0.010618750000000001,2.875,33.56666666666667,-117.55833330000002
2011-08-21,0.6917940673915544,305.50000000000006,289.8625,0.0,295.97499999999997,1.72875,0.010437499999999999,2.7,33.56666666666667,-117.55833330000002
2011-08-29,0.7316508211261661,303.98749999999995,287.875,0.4625,280.47499999999997,1.5875,0.009313750000000003,2.9,33.56666666666667,-117.55833330000002
2011-09-06,0.6617224442588602,303.9125,288.34999999999997,0.1375,271.82500000000005,1.6,0.009455,2.9750000000000005,33.56666666666667,-117.55833330000002
2011-09-14,0.6316508211261661,302.5625,287.125,0.0,262.9625,1.405,0.0091325,2.7,33.56666666666667,-117.55833330000002
2011-09-22,0.6282656483452924,303.6125,287.675,0.0,243.22500000000002,1.60375,0.0088725,2.625,33.56666666666667,-117.55833330000002
2011-09-30,0.6141328241726463,299.55000000000007,286.8625,4.3999999999999995,197.21250000000003,1.2137499999999999,0.008348749999999999,3.5,33.56666666666667,-117.55833330000002
2011-10-08,0.6141328241726463,302.2625,288.075,0.0,219.3,1.73875,0.007265000000000001,2.3625000000000003,33.56666666666667,-117.55833330000002
2011-10-16,0.547589620086214,301.975,287.25,0.08750000000000001,201.66250000000002,1.5975,0.007548750000000002,2.2375000000000003,33.56666666666667,-117.55833330000002
2011-10-24,0.5334567959135678,299.0,284.775,0.0,186.53750000000002,1.3462500000000002,0.006378750000000001,2.3375,33.56666666666667,-117.55833330000002
2011-11-01,0.5141328241726463,294.625,282.07500000000005,2.9000000000000004,160.125,1.06125,0.00510125,3.075,33.56666666666667,-117.55833330000002
2011-11-09,0.5141328241726463,295.4,282.8125,1.5,152.2,1.07375,0.005486250000000001,3.125,33.56666666666667,-117.55833330000002
2011-11-17,0.5141328241726463,293.2875,281.6125,2.575,131.97500000000002,0.8337500000000001,0.00568625,2.85,33.56666666666667,-117.55833330000002
2011-11-25,0.44758962008621406,296.075,282.93750000000006,0.0,150.5375,1.3125,0.0045225000000000005,2.8875,33.56666666666667,-117.55833330000002
2011-12-03,0.5806760282590784,292.325,278.9625,0.0,149.525,1.0362500000000001,0.00338625,3.025,33.56666666666667,-117.55833330000002
2011-12-11,0.6,290.5875,279.53749999999997,1.6375000000000002,112.66250000000001,0.69,0.00496375,2.6750000000000003,33.56666666666667,-117.55833330000002
2011-12-19,0.5334567959135678,292.20000000000005,279.33750000000003,0.0,141.225,0.94625,0.00403125,2.9625000000000004,33.56666666666667,-117.55833330000002
2011-12-27,0.48767315061475547,296.02,281.91999999999996,0.0,141.52,1.232,0.004602,2.1399999999999997,33.56666666666667,-117.55833330000002
2012-01-01,0.5193239717409216,297.325,283.475,0.0,145.3875,1.4437499999999999,0.00442875,3.1374999999999997,33.56666666666667,-117.55833330000002
2012-01-09,0.5334567959135678,294.6875,281.86249999999995,0.47500000000000003,130.875,1.1824999999999999,0.004248750000000001,2.7625,33.56666666666667,-117.55833330000002
2012-01-17,0.6,292.425,280.15,2.0,130.675,0.8287500000000001,0.0050025,2.3625000000000007,33.56666666666667,-117.55833330000002
2012-01-25,0.5051911475682754,295.9125,282.4375,0.0,167.4,1.2750000000000001,0.0044525,3.325,33.56666666666667,-117.55833330000002
2012-02-02,0.6858671758273538,294.65000000000003,281.5875,0.0,165.66250000000002,1.05875,0.0049425,3.0875000000000004,33.56666666666667,-117.55833330000002
2012-02-10,0.7193239717409217,293.0625,281.2875,1.725,172.375,0.84375,0.005467500000000001,3.65,33.56666666666667,-117.55833330000002
2012-02-18,0.7033851727808738,295.0125,281.5625,0.0,202.13750000000002,1.0374999999999999,0.0052625,2.5375000000000005,33.56666666666667,-117.55833330000002
2012-02-26,0.8,293.275,280.3,1.9875000000000003,203.41250000000002,0.9212499999999999,0.004911250000000001,3.4625000000000004,33.56666666666667,-117.55833330000002
2012-03-05,0.8,294.69999999999993,281.2125,0.0,233.64999999999998,1.06125,0.004906250000000001,3.2125000000000004,33.56666666666667,-117.55833330000002
2012-03-13,0.8,291.9375,279.63750000000005,4.3875,210.50000000000003,0.62,0.0060075,4.0125,33.56666666666667,-117.55833330000002
2012-03-21,0.8141328241726462,293.40000000000003,280.675,2.875,238.9375,0.77,0.005926250000000001,3.1125000000000003,33.56666666666667,-117.55833330000002
2012-03-29,0.8334567959135678,295.0625,282.1375,0.2625,274.2875,0.90375,0.0062025000000000005,3.5,33.56666666666667,-117.55833330000002
2012-04-06,0.9033851727808737,294.4875,281.6875,2.6375,255.1375,0.9275000000000002,0.005742500000000001,3.7750000000000004,33.56666666666667,-117.55833330000002
2012-04-14,0.9368419686944415,297.0,283.2375,0.28750000000000003,289.875,1.06875,0.006593750000000001,3.1,33.56666666666667,-117.55833330000002
2012-04-22,0.9227091445217953,296.86249999999995,284.07500000000005,1.3375000000000001,270.8625,0.88125,0.00783125,3.0500000000000003,33.56666666666667,-117.55833330000002
2012-04-30,0.9227091445217953,296.575,284.4125,0.675,312.7375,0.91625,0.0075337500000000005,2.9250000000000003,33.56666666666667,-117.55833330000002
2012-05-08,0.9368419686944415,298.75,285.325,0.0,320.7,1.1925,0.007298750000000001,2.8875,33.56666666666667,-117.55833330000002
2012-05-16,0.9227091445217953,299.21250000000003,285.7375,0.0,333.625,1.215,0.007602500000000001,3.1375,33.56666666666667,-117.55833330000002
2012-05-24,0.9368419686944415,297.7375,284.925,0.1,321.2875,1.0362500000000001,0.0076075000000000005,3.4750000000000005,33.56666666666667,-117.55833330000002
2012-06-01,0.826094317302669,298.6875,285.93750000000006,0.0,343.67500000000007,1.01875,0.00853625,3.325,33.56666666666667,-117.55833330000002
2012-06-09,0.8193239717409216,298.96250000000003,285.73749999999995,0.0,342.5125,0.9975,0.008786250000000002,3.0125,33.56666666666667,-117.55833330000002
2012-06-17,0.8033851727808737,300.0375,286.7375,0.0,341.725,1.1500000000000001,0.008830000000000001,3.2750000000000004,33.56666666666667,-117.55833330000002
2012-06-25,0.8033851727808737,300.95000000000005,287.13750000000005,0.0,342.52500000000003,1.2987499999999998,0.008620000000000001,3.05,33.56666666666667,-117.55833330000002
2012-07-03,0.7509747928670877,302.4375,287.41249999999997,0.0,343.63750000000005,1.3387499999999999,0.009552500000000002,3.1375,33.56666666666667,-117.55833330000002
2012-07-11,0.7316508211261661,302.15,288.1875,0.425,322.875,1.25375,0.010150000000000001,3.1125000000000003,33.56666666666667,-117.55833330000002
2012-07-19,0.6858671758273538,303.0875,288.65,0.0,328.29999999999995,1.43375,0.009862500000000001,3.0500000000000003,33.56666666666667,-117.55833330000002
2012-07-27,0.7000000000000001,303.07500000000005,287.98749999999995,0.0,328.13750000000005,1.44625,0.0095425,2.8125,33.56666666666667,-117.55833330000002
2012-08-04,0.7000000000000001,306.075,290.4625,0.0,323.76250000000005,1.7625000000000002,0.01096125,2.85,33.56666666666667,-117.55833330000002
2012-08-12,0.6840612010399522,305.70000000000005,290.91249999999997,0.0,303.8,1.5812500000000003,0.01191375,3.0875000000000004,33.56666666666667,-117.55833330000002
2012-08-20,0.6840612010399522,303.85,289.8625,0.0,296.0625,1.2225000000000001,0.012192500000000002,3.2,33.56666666666667,-117.55833330000002
2012-08-28,0.6033851727808737,305.75,290.6625,0.0,281.21250000000003,1.8475,0.0101875,3.1000000000000005,33.56666666666667,-117.55833330000002
2012-09-05,0.5858671758273538,304.83750000000003,290.1625,0.0,256.15,1.625,0.01060875,2.7874999999999996,33.56666666666667,-117.55833330000002
2012-09-13,0.5683491788738338,305.9375,290.12499999999994,0.0,258.05,1.9875,0.009303750000000001,2.6625,33.56666666666667,-117.55833330000002
2012-09-21,0.5665432040864322,304.45,288.875,0.0,239.3875,1.6775,0.009535000000000002,2.7,33.56666666666667,-117.55833330000002
2012-09-29,0.5,305.02500000000003,290.32500000000005,0.0,220.47499999999997,2.0025,0.00859375,2.7125,33.56666666666667,-117.55833330000002
2012-10-07,0.5,299.875,286.8125,0.7375,188.05000000000004,1.1712500000000001,0.00868625,2.5875,33.56666666666667,-117.55833330000002
2012-10-15,0.4840612010399521,301.825,288.9875,0.23750000000000002,180.85000000000002,1.4925000000000002,0.00875875,2.775,33.56666666666667,-117.55833330000002
2012-10-23,0.4806760282590784,301.275,287.44999999999993,0.07500000000000001,193.03750000000002,1.685,0.0066437499999999995,2.8875,33.56666666666667,-117.55833330000002
2012-10-31,0.4,300.02500000000003,285.77500000000003,0.0,173.38750000000005,1.56,0.006076250000000001,2.3125,33.56666666666667,-117.55833330000002
2012-11-08,0.3840612010399521,295.8125,282.9375,1.1500000000000001,146.0125,1.22625,0.004841250000000001,3.4125000000000005,33.56666666666667,-117.55833330000002
2012-11-16,0.3175179969535199,295.98749999999995,283.625,0.7375,128.525,1.0562500000000001,0.006115000000000001,2.2625,33.56666666666667,-117.55833330000002
2012-11-24,0.3141328241726462,295.675,283.7,1.7500000000000002,126.90000000000002,1.0062499999999999,0.006290000000000001,2.0250000000000004,33.56666666666667,-117.55833330000002
2012-12-02,0.3,295.4375,283.6,1.3375000000000001,125.41250000000002,0.93875,0.006531250000000001,2.1125,33.56666666666667,-117.55833330000002
2012-12-10,0.3033851727808737,292.29999999999995,281.15000000000003,2.5,106.1375,0.785,0.005472500000000001,2.9375000000000004,33.56666666666667,-117.55833330000002
2012-12-18,0.3699283768673059,291.75,280.2875,2.1125000000000003,118.125,0.8137500000000001,0.0048087500000000005,3.2625,33.56666666666667,-117.55833330000002
2012-12-26,0.3033851727808737,290.0833333333333,279.09999999999997,2.3333333333333335,123.36666666666667,0.7266666666666667,0.004438333333333333,2.733333333333334,33.56666666666667,-117.55833330000002
2013-01-01,0.3858671758273538,292.1125,279.56250000000006,0.3125,134.4625,0.9625,0.0039175,2.75,33.56666666666667,-117.55833330000002
2013-01-09,0.4051911475682754,289.8625,277.7375,0.05,149.39999999999998,0.8662500000000001,0.0033075,3.4625000000000004,33.56666666666667,-117.55833330000002
2013-01-17,0.4434687033094152,295.4375,281.625,0.9875,148.35,1.2987499999999998,0.0038262500000000007,3.375000000000001,33.56666666666667,-117.55833330000002
2013-01-25,0.5717343516547075,292.5375,280.8875,1.85,132.45,0.7925,0.005476250000000001,2.65,33.56666666666667,-117.55833330000002
2013-02-02,0.5858671758273538,293.04999999999995,281.2,0.8250000000000001,160.4625,0.8812500000000001,0.005260000000000001,2.8375000000000004,33.56666666666667,-117.55833330000002
2013-02-10,0.6717343516547076,293.3375,280.08750000000003,0.0,191.425,1.015,0.0043125,2.9499999999999997,33.56666666666667,-117.55833330000002
2013-02-18,0.7576015274820614,291.4,279.125,1.6375000000000002,199.125,0.7725,0.0046975,3.2125000000000004,33.56666666666667,-117.55833330000002
2013-02-26,0.7858671758273539,295.40000000000003,281.43750000000006,0.0,226.575,1.1649999999999998,0.0046575,3.0500000000000007,33.56666666666667,-117.55833330000002
2013-03-06,0.8018059747874018,293.4625,280.63749999999993,3.1875,214.375,0.8487500000000001,0.005568750000000001,3.1375000000000006,33.56666666666667,-117.55833330000002
2013-03-14,0.7717343516547076,296.425,282.725,0.0,238.35000000000002,1.04,0.0062225000000000015,2.8875,33.56666666666667,-117.55833330000002
2013-03-22,0.7876731506147555,295.75,281.7125,0.0,244.70000000000002,0.9525,0.006146250000000001,2.6125000000000003,33.56666666666667,-117.55833330000002
2013-03-30,0.7018059747874017,296.325,283.22499999999997,0.0,266.76250000000005,0.925,0.0070125,3.3875,33.56666666666667,-117.55833330000002
2013-04-07,0.6345270267050444,296.325,283.13750000000005,0.125,289.25,0.9950000000000001,0.00656125,3.6750000000000003,33.56666666666667,-117.55833330000002
2013-04-15,0.6152030549641228,296.3,282.8,0.05,293.5125,1.1062500000000002,0.005835000000000001,3.3875,33.56666666666667,-117.55833330000002
2013-04-23,0.6717343516547076,297.72499999999997,283.625,0.037500000000000006,299.625,1.05125,0.007137500000000001,2.9750000000000005,33.56666666666667,-117.55833330000002
2013-05-01,0.6858671758273538,296.7125,285.55,1.9250000000000003,269.90000000000003,1.01375,0.007403750000000001,3.3375000000000004,33.56666666666667,-117.55833330000002
2013-05-09,0.6858671758273538,299.88749999999993,287.24999999999994,0.0,325.58750000000003,1.31125,0.008046250000000001,3.1875,33.56666666666667,-117.55833330000002
2013-05-17,0.6858671758273538,297.97499999999997,285.325,0.0,324.675,0.98875,0.00813125,3.325,33.56666666666667,-117.55833330000002
2013-05-25,0.6717343516547076,298.8374999999999,285.625,0.0,326.56250000000006,1.06875,0.008288750000000001,3.3375000000000004,33.56666666666667,-117.55833330000002
2013-06-02,0.5735403264421093,299.98749999999995,286.7125,0.0,337.7125000000001,1.06625,0.0092675,3.0000000000000004,33.56666666666667,-117.55833330000002
2013-06-10,0.6141328241726463,300.6875,287.06250000000006,0.0,335.725,1.1975000000000002,0.009041250000000002,3.1875000000000004,33.56666666666667,-117.55833330000002
2013-06-18,0.5840612010399521,299.63750000000005,286.88750000000005,0.0,334.45,1.0275,0.00934,3.5625000000000004,33.56666666666667,-117.55833330000002
2013-06-26,0.5858671758273538,304.1875,290.3875,0.0,321.17499999999995,1.5450000000000002,0.01067375,3.1125000000000007,33.56666666666667,-117.55833330000002
2013-07-04,0.5665432040864322,303.04999999999995,289.75,0.0,269.3625,1.3625,0.010727500000000001,2.95,33.56666666666667,-117.55833330000002
2013-07-12,0.5,303.8375,289.3125,0.0,303.38750000000005,1.5137500000000002,0.010190000000000001,2.7750000000000004,33.56666666666667,-117.55833330000002
2013-07-20,0.5665432040864322,303.2875,289.925,0.037500000000000006,279.1125,1.3024999999999998,0.011271250000000002,2.7,33.56666666666667,-117.55833330000002
2013-07-28,0.5665432040864322,302.83750000000003,288.32499999999993,0.0,327.7375,1.35875,0.010002500000000001,2.8625000000000003,33.56666666666667,-117.55833330000002
2013-08-05,0.5806760282590784,302.61249999999995,287.73749999999995,0.0,322.57500000000005,1.39375,0.009405,2.8499999999999996,33.56666666666667,-117.55833330000002
2013-08-13,0.5141328241726463,304.7125,289.7625,0.0,312.9875,1.6725,0.01002625,2.8125,33.56666666666667,-117.55833330000002
2013-08-21,0.4966148272191263,304.775,290.3625,0.0,287.63750000000005,1.69,0.01022875,2.5375,33.56666666666667,-117.55833330000002
2013-08-29,0.5107476513917726,305.0875,291.575,0.0,249.775,1.54875,0.011853750000000001,2.5625000000000004,33.56666666666667,-117.55833330000002
2013-09-06,0.46834917887383387,304.79999999999995,290.2625,0.0,264.85,1.7687499999999998,0.009751250000000001,2.5,33.56666666666667,-117.55833330000002
2013-09-14,0.4806760282590784,304.175,288.8125,0.0,258.86249999999995,1.69375,0.009171249999999999,2.5250000000000004,33.56666666666667,-117.55833330000002
2013-09-22,0.4806760282590784,302.0625,287.2125,0.0,254.52500000000003,1.4974999999999998,0.008251250000000002,2.9125,33.56666666666667,-117.55833330000002
2013-09-30,0.3576015274820614,300.9875,286.7125,0.0,234.08750000000003,1.5250000000000001,0.007147500000000001,3.075,33.56666666666667,-117.55833330000002
2013-10-08,0.41074765139177255,298.17499999999995,285.0125,2.1750000000000003,201.025,1.11375,0.00737625,2.9875,33.56666666666667,-117.55833330000002
2013-10-16,0.35421635470118773,300.825,286.3875,0.0,201.13750000000002,1.61375,0.0063375,2.175,33.56666666666667,-117.55833330000002
2013-10-24,0.3806760282590784,297.8,285.02500000000003,0.15000000000000002,168.08750000000003,1.1275,0.007170000000000001,2.575,33.56666666666667,-117.55833330000002
2013-11-01,0.3806760282590784,297.3375,283.7,0.0,175.60000000000002,1.3024999999999998,0.005380000000000001,2.625,33.56666666666667,-117.55833330000002
2013-11-09,0.3141328241726462,298.0125,284.325,0.1375,148.8,1.365,0.005600000000000001,2.4875000000000003,33.56666666666667,-117.55833330000002
2013-11-17,0.28586717582735377,293.4375,282.7875,2.8125000000000004,117.81250000000001,0.8062500000000001,0.00620125,2.0375000000000005,33.56666666666667,-117.55833330000002
2013-11-25,0.28586717582735377,295.8125,283.4375,0.5875,130.375,1.11,0.005635,2.4000000000000004,33.56666666666667,-117.55833330000002
2013-12-03,0.28586717582735377,290.8625,278.95,1.0,134.91250000000002,0.82625,0.00412375,3.1500000000000004,33.56666666666667,-117.55833330000002
2013-12-11,0.3382775557411398,295.55000000000007,281.84999999999997,0.0,134.075,1.2825,0.00415875,2.7875,33.56666666666667,-117.55833330000002
2013-12-19,0.3665432040864322,293.85,281.1125,0.9125000000000001,135.6125,0.98375,0.004948750000000001,2.8000000000000003,33.56666666666667,-117.55833330000002
2013-12-27,0.28586717582735377,295.36,281.82000000000005,0.0,146.64000000000001,1.262,0.004058,2.5400000000000005,33.56666666666667,-117.55833330000002
2014-01-01,0.2193239717409216,296.675,283.78749999999997,0.0,137.51250000000002,1.38125,0.004546250000000001,2.3750000000000004,33.56666666666667,-117.55833330000002
2014-01-09,0.1279002920900707,298.025,285.65000000000003,0.0,147.4125,1.6287500000000001,0.0045425000000000005,3.3375000000000004,33.56666666666667,-117.55833330000002
2014-01-17,0.3175179969535199,299.12499999999994,285.62500000000006,0.0,150.57500000000002,1.75625,0.004206250000000001,2.6375,33.56666666666667,-117.55833330000002
2014-01-25,0.3806760282590784,293.44999999999993,282.1375,0.375,143.875,0.8750000000000001,0.0057550000000000014,2.8500000000000005,33.56666666666667,-117.55833330000002
2014-02-02,0.26691359182713564,290.1875,281.15,1.4500000000000002,151.475,0.60625,0.00568625,2.9625,33.56666666666667,-117.55833330000002
2014-02-10,0.3334567959135678,299.08750000000003,285.8875,0.0,191.6375,1.545,0.005643750000000001,2.6375,33.56666666666667,-117.55833330000002
2014-02-18,0.347589620086214,296.65,283.275,0.0,200.5625,1.2075,0.005508750000000001,2.6875,33.56666666666667,-117.55833330000002
2014-02-26,0.43345679591356784,292.1375,283.4625,11.075000000000003,165.8375,0.6025,0.0071287500000000005,3.85,33.56666666666667,-117.55833330000002
2014-03-06,0.38104641599978184,298.1125,286.0875,0.0,227.88750000000002,1.33875,0.00639125,2.7750000000000004,33.56666666666667,-117.55833330000002
2014-03-14,0.6141328241726463,298.4,284.6,0.0,236.7375,1.3475000000000004,0.006178750000000001,2.8375000000000004,33.56666666666667,-117.55833330000002
2014-03-22,0.7141328241726462,293.1,283.375,0.25,229.15,0.6875,0.0069987500000000015,3.2,33.56666666666667,-117.55833330000002
2014-03-30,0.8141328241726462,292.91249999999997,281.77500000000003,0.675,265.6875,0.71625,0.00639625,4.262500000000001,33.56666666666667,-117.55833330000002
2014-04-07,0.7509747928670877,300.7625,286.41249999999997,0.0,287.6875,1.705,0.006180000000000001,3.1625000000000005,33.56666666666667,-117.55833330000002
2014-04-15,0.6304420108733975,297.16249999999997,285.175,0.0,275.0,1.0725,0.0071175000000000006,2.7125000000000004,33.56666666666667,-117.55833330000002
2014-04-23,0.8475896200862141,298.7,286.0375,1.0125,302.4125,1.4300000000000002,0.006408750000000001,4.15,33.56666666666667,-117.55833330000002
2014-05-01,0.7635284190462619,299.8,287.35,0.0,322.6625,1.67375,0.006377500000000001,3.8,33.56666666666667,-117.55833330000002
2014-05-09,0.6145032119133496,304.63750000000005,290.3625,0.0,333.1875,2.48625,0.005943749999999999,3.3625,33.56666666666667,-117.55833330000002
2014-05-17,0.7442044473053403,296.275,286.3875,0.0,311.18750000000006,0.8975000000000001,0.008158750000000001,3.675,33.56666666666667,-117.55833330000002
2014-05-25,0.6776612432189081,300.86249999999995,288.1875,0.0,327.3625,1.3462500000000002,0.008608750000000002,3.0500000000000003,33.56666666666667,-117.55833330000002
2014-06-02,0.647589620086214,300.075,287.5,0.0,335.12500000000006,1.2437500000000001,0.00852,3.1875,33.56666666666667,-117.55833330000002
2014-06-10,0.647589620086214,298.45000000000005,286.7,0.0,333.8875,0.89625,0.009387500000000002,3.4875000000000007,33.56666666666667,-117.55833330000002
2014-06-18,0.7141328241726462,299.90000000000003,287.8,0.0,336.26250000000005,1.1075000000000002,0.009358749999999999,3.1,33.56666666666667,-117.55833330000002
2014-06-26,0.7141328241726462,300.95000000000005,289.4125,0.0,340.225,1.065,0.010894999999999998,3.4,33.56666666666667,-117.55833330000002
2014-07-04,0.5651076170397339,303.8125,290.8125,0.0,336.45000000000005,1.4337499999999999,0.011260000000000001,3.2125,33.56666666666667,-117.55833330000002
2014-07-12,0.4844315887806555,300.0375,289.025,0.0,301.78749999999997,0.7799999999999999,0.0118925,2.85,33.56666666666667,-117.55833330000002
2014-07-20,0.5509747928670877,304.7625,291.15,0.037500000000000006,317.5,1.52875,0.011651250000000002,2.9250000000000003,33.56666666666667,-117.55833330000002
2014-07-28,0.6141328241726463,304.65,291.79999999999995,0.15000000000000002,297.33750000000003,1.4175,0.012438750000000002,2.7375,33.56666666666667,-117.55833330000002
2014-08-05,0.6141328241726463,302.03749999999997,289.2875,0.0,319.33750000000003,1.0912499999999998,0.0114425,2.8,33.56666666666667,-117.55833330000002
2014-08-13,0.6141328241726463,304.375,290.46250000000003,0.0,312.8125,1.41625,0.01178,3.0500000000000003,33.56666666666667,-117.55833330000002
2014-08-21,0.5316508211261661,304.4375,290.2625,0.0,298.5625,1.495,0.0112875,3.0625000000000004,33.56666666666667,-117.55833330000002
2014-08-29,0.5316508211261661,303.96250000000003,289.425,0.0,291.97499999999997,1.3662500000000002,0.011237500000000001,2.9125,33.56666666666667,-117.55833330000002
2014-09-06,0.5141328241726463,308.1,293.01250000000005,0.0,244.62500000000003,2.2937499999999997,0.01066375,2.6875,33.56666666666667,-117.55833330000002
2014-09-14,0.44758962008621406,306.2,292.05,0.0,252.50000000000006,1.9200000000000002,0.01157375,2.9000000000000004,33.56666666666667,-117.55833330000002
2014-09-22,0.36510761703973393,302.7875,288.47499999999997,0.0,246.05,1.3525,0.010375,2.95,33.56666666666667,-117.55833330000002
2014-09-30,0.4948088524317246,307.34999999999997,292.54999999999995,0.0,222.8625,2.5725,0.008117500000000001,2.5125,33.56666666666667,-117.55833330000002
2014-10-08,0.41413282417264624,300.83750000000003,288.15,0.0,210.625,1.3475,0.008596250000000001,2.3625000000000007,33.56666666666667,-117.55833330000002
2014-10-16,0.41413282417264624,300.1375,288.4375,0.0,192.9,1.22125,0.0090975,2.45,33.56666666666667,-117.55833330000002
2014-10-24,0.27766124321890817,300.31250000000006,287.6625,0.9625,176.9125,1.27625,0.008717500000000001,2.3625000000000003,33.56666666666667,-117.55833330000002
2014-11-01,0.3282656483452924,299.7125,287.5375,0.375,174.9625,1.74,0.0058312500000000005,3.1249999999999996,33.56666666666667,-117.55833330000002
2014-11-09,0.24758962008621402,295.0,285.1625,0.0,148.8,0.8987499999999999,0.0071087500000000005,2.7125000000000004,33.56666666666667,-117.55833330000002
2014-11-17,0.24758962008621402,296.2749999999999,284.76250000000005,0.5125000000000001,155.80000000000004,1.22875,0.0055337500000000005,3.0875000000000004,33.56666666666667,-117.55833330000002
2014-11-25,0.24758962008621402,298.13750000000005,286.46250000000003,3.25,128.05,1.48625,0.0058225,2.8375,33.56666666666667,-117.55833330000002
2014-12-03,0.24758962008621402,295.475,286.05,3.0125,114.62500000000001,0.99125,0.006993750000000002,2.2250000000000005,33.56666666666667,-117.55833330000002
2014-12-11,0.3141328241726462,289.98749999999995,282.34999999999997,5.375,101.30000000000001,0.53625,0.00632625,2.6875,33.56666666666667,-117.55833330000002
2014-12-19,0.25097479286708774,293.625,283.3875,0.0,118.4625,0.97375,0.005608750000000001,2.5375,33.56666666666667,-117.55833330000002
2014-12-27,0.2193239717409216,287.52,276.93999999999994,2.8200000000000003,102.78,0.632,0.00378,2.8,33.56666666666667,-117.55833330000002
2015-01-01,0.5051911475682754,294.6125,281.2125,0.0,138.6125,1.18125,0.004543750000000001,2.3875,33.56666666666667,-117.55833330000002
2015-01-09,0.7089416766043708,293.275,282.9375,1.4625,127.975,0.81875,0.00615,2.3375,33.56666666666667,-117.55833330000002
2015-01-17,0.6633016422523322,295.9375,283.325,0.0,150.87500000000003,1.195,0.005228750000000001,2.45,33.56666666666667,-117.55833330000002
2015-01-25,0.8981940252125983,295.8,284.5375,0.375,129.2125,1.09125,0.0061425,2.2625,33.56666666666667,-117.55833330000002
2015-02-02,0.9123268493852444,297.9625,284.425,0.0,166.8,1.1487500000000002,0.006862500000000001,2.075,33.56666666666667,-117.55833330000002
2015-02-10,0.7108912623385463,299.72499999999997,287.02500000000003,0.0,193.91250000000002,1.6925000000000003,0.005540000000000001,2.9125,33.56666666666667,-117.55833330000002
2015-02-18,1.0804492514651487,293.3375,282.6375,1.9875,178.53750000000002,0.8125,0.00614,2.6750000000000007,33.56666666666667,-117.55833330000002
2015-02-26,1.0423984725179387,291.325,281.3375,2.2125000000000004,184.7875,0.62375,0.0061687500000000015,3.1375,33.56666666666667,-117.55833330000002
2015-03-06,1.1282656483452926,300.40000000000003,286.5125,0.0,221.03750000000005,1.59375,0.0063525,2.7750000000000004,33.56666666666667,-117.55833330000002
2015-03-14,1.0423984725179387,301.21250000000003,287.5875,0.0,234.75,1.6775000000000002,0.006980000000000001,2.7625000000000006,33.56666666666667,-117.55833330000002
2015-03-22,1.0282656483452925,300.54999999999995,286.4625,0.0,253.0625,1.49625,0.007307500000000001,2.8875,33.56666666666667,-117.55833330000002
2015-03-30,0.9282656483452923,297.7,284.34999999999997,0.0,249.50000000000003,1.1162499999999997,0.0070662500000000005,3.1,33.56666666666667,-117.55833330000002
2015-04-07,0.8316508211261662,295.4,283.125,0.1125,277.15,0.8312499999999999,0.00711375,3.35,33.56666666666667,-117.55833330000002
2015-04-15,0.5985644129533016,297.3125,285.525,0.0,300.975,1.21875,0.006562500000000001,3.0250000000000004,33.56666666666667,-117.55833330000002
2015-04-23,0.6617224442588602,298.6875,287.275,0.6625000000000001,267.38750000000005,1.45125,0.00727,3.6375,33.56666666666667,-117.55833330000002
2015-05-01,0.5145032119133497,295.73749999999995,285.13749999999993,1.725,268.425,0.95375,0.007575000000000001,3.7750000000000004,33.56666666666667,-117.55833330000002
2015-05-09,0.5617224442588602,294.1875,283.9375,2.75,274.6125,0.6925000000000001,0.0076500000000000005,3.3750000000000004,33.56666666666667,-117.55833330000002
2015-05-17,0.43202120886686957,293.5375,285.05,0.2,273.0,0.6162500000000001,0.008028750000000001,3.8375000000000004,33.56666666666667,-117.55833330000002
2015-05-25,0.5145032119133497,297.4375,286.6375,0.0,329.08750000000003,0.93125,0.0086075,2.8375000000000004,33.56666666666667,-117.55833330000002
2015-06-02,0.5145032119133497,299.2875,286.6375,0.0,316.95000000000005,1.05875,0.009245,3.2750000000000004,33.56666666666667,-117.55833330000002
2015-06-10,0.6316508211261661,298.7,288.425,0.0,334.85,0.8662500000000001,0.01037375,3.325,33.56666666666667,-117.55833330000002
2015-06-18,0.4286360360859959,302.675,290.06250000000006,0.0,339.15000000000003,1.56875,0.00922,3.1125000000000003,33.56666666666667,-117.55833330000002
2015-06-26,0.6316508211261661,303.6625,292.0875,0.0,311.98750000000007,1.6075,0.010610000000000001,3.4125,33.56666666666667,-117.55833330000002
2015-07-04,0.547589620086214,298.23749999999995,288.4625,0.0,335.06250000000006,0.70125,0.01104625,3.675,33.56666666666667,-117.55833330000002
2015-07-12,0.5316508211261661,301.7,289.7875,1.9000000000000001,299.95000000000005,1.15875,0.0109875,2.8875,33.56666666666667,-117.55833330000002
2015-07-20,0.5981940252125983,301.5,291.0875,0.0,291.3375,0.9625,0.012625,3.0625,33.56666666666667,-117.55833330000002
2015-07-28,0.5282656483452924,303.3625,290.72499999999997,0.0,322.52500000000003,1.2637500000000002,0.011902500000000002,2.5500000000000007,33.56666666666667,-117.55833330000002
2015-08-05,0.5282656483452924,302.175,289.08750000000003,0.0,318.07500000000005,1.1375,0.011360000000000002,2.7625000000000006,33.56666666666667,-117.55833330000002
2015-08-13,0.44758962008621406,306.21250000000003,292.25,0.0,311.26250000000005,1.8924999999999998,0.011465000000000001,3.0500000000000003,33.56666666666667,-117.55833330000002
2015-08-21,0.4981940252125983,304.91249999999997,292.1625,0.0,286.4375,1.5825,0.0120125,2.75,33.56666666666667,-117.55833330000002
2015-08-29,0.4981940252125983,302.1875,289.34999999999997,0.0,277.9125,1.1812500000000001,0.01122,2.7875000000000005,33.56666666666667,-117.55833330000002
2015-09-06,0.43165082112616615,308.3125,294.28749999999997,0.5,235.775,2.22125,0.012006250000000001,2.9375,33.56666666666667,-117.55833330000002
2015-09-14,0.41751799695351993,302.83750000000003,290.825,5.5625,226.10000000000002,1.2750000000000001,0.011932500000000002,2.9375,33.56666666666667,-117.55833330000002
2015-09-22,0.3509747928670877,305.5375,291.51250000000005,0.0,238.32500000000002,1.6050000000000002,0.011923750000000002,2.5375,33.56666666666667,-117.55833330000002
2015-09-30,0.3509747928670877,299.67499999999995,289.225,2.5,206.575,1.0462500000000001,0.01030125,2.85,33.56666666666667,-117.55833330000002
2015-10-08,0.3509747928670877,306.57499999999993,295.125,0.0,205.4625,2.2699999999999996,0.010600000000000002,2.5250000000000004,33.56666666666667,-117.55833330000002
2015-10-16,0.28104641599978186,299.05,289.3,0.0,184.07500000000005,0.9625,0.010290000000000002,2.6000000000000005,33.56666666666667,-117.55833330000002
2015-10-24,0.3509747928670877,302.62500000000006,290.83750000000003,0.0,174.975,1.7599999999999998,0.00834875,2.4625,33.56666666666667,-117.55833330000002
2015-11-01,0.18443158878065552,296.5,284.29999999999995,0.28750000000000003,172.21249999999998,1.23875,0.005645000000000001,3.3000000000000007,33.56666666666667,-117.55833330000002
2015-11-09,0.3141328241726462,294.5875,283.175,0.1375,165.56250000000003,1.0699999999999998,0.00535125,4.062500000000001,33.56666666666667,-117.55833330000002
2015-11-17,0.3175179969535199,299.675,286.5625,0.375,159.75,1.7525,0.005007500000000001,3.0125000000000006,33.56666666666667,-117.55833330000002
2015-11-25,0.24758962008621402,291.4875,281.1375,0.55,138.83750000000003,0.875,0.004647500000000001,2.75,33.56666666666667,-117.55833330000002
2015-12-03,0.24758962008621402,297.4,285.47499999999997,0.21250000000000002,140.10000000000002,1.40625,0.0054125,2.2750000000000004,33.56666666666667,-117.55833330000002
2015-12-11,0.18104641599978183,290.075,279.35,0.775,136.5875,0.7875000000000001,0.004175000000000001,3.7500000000000004,33.56666666666667,-117.55833330000002
2015-12-19,0.24758962008621402,288.79999999999995,280.3625,3.6624999999999996,123.18750000000001,0.5825,0.005165,3.8125000000000004,33.56666666666667,-117.55833330000002
2015-12-27,0.2193239717409216,289.03999999999996,277.7,0.0,136.82,0.818,0.0032280000000000004,2.62,33.56666666666667,-117.55833330000002
2016-01-01,0.26691359182713564,288.6,278.975,7.087500000000001,92.71250000000002,0.47125,0.00530625,4.375,33.56666666666667,-117.55833330000002
2016-01-09,0.3840612010399521,290.54999999999995,279.0375,0.0,120.32499999999999,0.5675,0.005506250000000001,2.3000000000000003,33.56666666666667,-117.55833330000002
2016-01-17,0.43684196869444153,293.15,280.95,0.0,136.2625,0.7462499999999999,0.0062125,2.8125000000000004,33.56666666666667,-117.55833330000002
2016-01-25,0.46691359182713565,292.85,280.1125,1.7750000000000001,152.3125,0.8887499999999999,0.005222500000000001,4.300000000000001,33.56666666666667,-117.55833330000002
2016-02-02,0.6334567959135678,297.47499999999997,281.83750000000003,0.0,185.5375,1.52,0.00406375,3.7,33.56666666666667,-117.55833330000002
2016-02-10,0.6669135918271356,302.375,283.8875,0.8500000000000001,194.72500000000002,1.8,0.0053125,2.7125000000000004,33.56666666666667,-117.55833330000002
2016-02-26,0.6479600078269174,298.2,282.54999999999995,0.0,215.28750000000002,1.11,0.006418750000000001,2.3375000000000004,33.56666666666667,-117.55833330000002
2016-03-05,0.40111116322211027,292.875,281.5875,4.8500000000000005,179.27500000000003,0.6362500000000001,0.006996250000000001,3.85,33.56666666666667,-117.55833330000002
2016-03-13,1.0193239717409217,296.53749999999997,283.25,0.22500000000000003,228.87500000000003,0.9600000000000001,0.007040000000000001,2.6,33.56666666666667,-117.55833330000002
2016-03-21,0.6424035040034203,295.6375,282.62499999999994,0.0625,250.53750000000002,0.96,0.00658875,3.45,33.56666666666667,-117.55833330000002
2016-03-29,1.0227091445217953,296.2875,282.59999999999997,0.0,252.325,1.01375,0.00643,3.0875000000000004,33.56666666666667,-117.55833330000002
2016-04-06,0.9051911475682753,293.82500000000005,285.2125,0.8,184.625,0.69125,0.0078112500000000005,2.9000000000000004,33.56666666666667,-117.55833330000002
2016-04-14,0.8420331162627169,300.83750000000003,285.875,0.0,302.90000000000003,1.6250000000000002,0.006283750000000001,3.0749999999999997,33.56666666666667,-117.55833330000002
2016-04-22,0.742033116262717,293.4,282.7375,0.037500000000000006,302.31250000000006,0.645,0.0072325,3.8500000000000005,33.56666666666667,-117.55833330000002
2016-04-30,0.7509747928670877,294.425,284.4,1.5375,261.83750000000003,0.69875,0.007831250000000001,3.125,33.56666666666667,-117.55833330000002
2016-05-08,0.6702987646080093,295.76250000000005,286.25,0.0,304.23750000000007,0.7837500000000001,0.008417500000000001,3.0500000000000003,33.56666666666667,-117.55833330000002
2016-05-16,0.6037555605215771,294.1375,285.58750000000003,0.0,312.525,0.6837500000000002,0.008248750000000001,3.775,33.56666666666667,-117.55833330000002
2016-05-24,0.6561659404353631,295.4125,286.0125,0.0,311.825,0.685,0.00856375,3.4875000000000007,33.56666666666667,-117.55833330000002
2016-06-01,0.5196943594816251,300.7375,287.66249999999997,0.0,337.2875,1.2550000000000001,0.00913125,2.9500000000000006,33.56666666666667,-117.55833330000002
2016-06-09,0.35653632817606656,296.11249999999995,287.1375,0.0,324.55000000000007,0.7262500000000001,0.009451250000000001,3.2500000000000004,33.56666666666667,-117.55833330000002
2016-06-17,0.5003703877407034,305.525,290.375,0.0,330.15,2.0525,0.009378750000000002,3.375,33.56666666666667,-117.55833330000002
2016-06-25,0.5669135918271356,302.06250000000006,289.6875,0.0,341.375,1.3375000000000001,0.0100175,2.9125,33.56666666666667,-117.55833330000002
2016-07-03,0.5509747928670877,300.37500000000006,288.9,0.0,339.225,1.06625,0.010335,2.975,33.56666666666667,-117.55833330000002
2016-07-11,0.6175179969535199,301.825,289.6875,0.0,335.81250000000006,1.315,0.010093750000000002,2.9499999999999997,33.56666666666667,-117.55833330000002
2016-07-19,0.5368419686944415,307.92499999999995,291.4375,0.0,330.0375,2.1550000000000002,0.01048375,2.8874999999999997,33.56666666666667,-117.55833330000002
2016-07-27,0.6141328241726463,304.5125,291.7375,0.0,322.36250000000007,1.4425,0.01209875,3.45,33.56666666666667,-117.55833330000002
2016-08-04,0.6141328241726463,301.1625,290.42499999999995,0.0,314.36250000000007,1.0775,0.01125625,2.7875000000000005,33.56666666666667,-117.55833330000002
2016-08-12,0.6,307.0875,289.6125,0.0,309.33750000000003,1.9125,0.01087375,2.875,33.56666666666667,-117.55833330000002
2016-08-20,0.5840612010399521,301.2,288.71250000000003,0.0,301.5,1.0462500000000001,0.0109825,2.9875000000000003,33.56666666666667,-117.55833330000002
2016-08-28,0.5699283768673059,301.71250000000003,288.725,0.0,288.3,1.30875,0.0100525,2.975,33.56666666666667,-117.55833330000002
2016-09-05,0.23382718365427124,299.73750000000007,287.3,0.0,271.5375,0.97625,0.009963750000000002,2.7625,33.56666666666667,-117.55833330000002
2016-09-13,0.4193239717409216,301.35,287.275,0.0,240.125,1.285,0.00916875,2.6875000000000004,33.56666666666667,-117.55833330000002
2016-09-21,0.4,304.53749999999997,289.8625,0.0,226.21249999999998,1.9475,0.009035000000000001,2.8250000000000006,33.56666666666667,-117.55833330000002
2016-09-29,0.4806760282590784,300.53749999999997,286.7375,0.0,225.025,1.305,0.008836250000000002,2.85,33.56666666666667,-117.55833330000002
2016-10-07,0.21450321191334965,301.3625,286.325,0.0,207.3125,1.4449999999999998,0.00776,2.4750000000000005,33.56666666666667,-117.55833330000002
2016-10-15,0.25097479286708774,301.575,287.54999999999995,0.3375,191.58749999999998,1.5425,0.0081825,3.0500000000000007,33.56666666666667,-117.55833330000002
2016-10-23,0.3806760282590784,297.62499999999994,287.125,0.9375000000000001,132.9875,0.88625,0.009320000000000002,2.55,33.56666666666667,-117.55833330000002
2016-10-31,0.352410379913786,299.05,284.2625,0.0,171.175,1.395,0.00630375,2.5125,33.56666666666667,-117.55833330000002
2016-11-08,0.3,303.95,288.63750000000005,0.0,165.9875,2.1925,0.005765,2.6750000000000003,33.56666666666667,-117.55833330000002
2016-11-16,0.28586717582735377,294.35,281.975,2.3625000000000003,129.78750000000002,0.9300000000000002,0.0059562500000000015,3.0125,33.56666666666667,-117.55833330000002
2016-11-24,0.3,292.7625,280.225,2.6375,128.9875,0.88625,0.005092500000000001,3.3250000000000006,33.56666666666667,-117.55833330000002
2016-12-02,0.3,292.05,280.45,0.0,130.78750000000002,0.7625000000000001,0.004971250000000001,2.675,33.56666666666667,-117.55833330000002
2016-12-10,0.3665432040864322,291.8875,281.48749999999995,4.125,109.675,0.745,0.00617875,2.9125,33.56666666666667,-117.55833330000002
2016-12-18,0.3175179969535199,290.95,280.1875,7.050000000000001,97.72500000000001,0.8262499999999999,0.004555,3.7250000000000005,33.56666666666667,-117.55833330000002
2016-12-26,0.23684196869444152,293.58333333333337,281.06666666666666,2.566666666666667,104.53333333333335,0.8533333333333335,0.005371666666666668,2.866666666666667,33.56666666666667,-117.55833330000002
2017-01-01,0.3368419686944415,290.1875,280.08750000000003,1.475,94.17499999999998,0.5387500000000001,0.006055000000000001,2.9625000000000004,33.56666666666667,-117.55833330000002
2017-01-09,0.4651076170397339,289.5,280.275,5.3125,113.20000000000002,0.4675,0.00611625,2.7624999999999997,33.56666666666667,-117.55833330000002
2017-01-17,0.5651076170397339,287.725,278.91249999999997,13.112500000000002,99.48749999999998,0.4275,0.005468750000000001,5.2125,33.56666666666667,-117.55833330000002
2017-01-25,0.595179240172428,294.5,281.0875,0.0,173.4,1.19,0.0041825000000000005,3.1625000000000005,33.56666666666667,-117.55833330000002
2017-02-02,0.8141328241726462,291.8,282.86249999999995,2.25,133.22500000000002,0.5650000000000001,0.00715625,2.7875000000000005,33.56666666666667,-117.55833330000002
2017-02-10,0.9107476513917725,293.3875,282.66249999999997,5.1375,157.8875,0.785,0.006385,3.1,33.56666666666667,-117.55833330000002
2017-02-18,1.030071623132694,289.7625,280.5375,0.3875,161.00000000000003,0.55625,0.0057775000000000005,3.0875,33.56666666666667,-117.55833330000002
2017-02-26,0.9445748350460438,292.5375,281.325,1.85,187.5,0.80375,0.005765000000000001,3.6875,33.56666666666667,-117.55833330000002
2017-03-06,1.111118039132476,299.125,282.825,0.0,237.22500000000005,1.28,0.006586250000000001,2.2625,33.56666666666667,-117.55833330000002
2017-03-14,1.2776612432189083,298.325,284.01250000000005,0.41250000000000003,219.5625,1.13125,0.007262500000000001,2.2750000000000004,33.56666666666667,-117.55833330000002
2017-03-22,0.9955496279131314,294.4375,282.45000000000005,0.07500000000000001,247.3,0.77125,0.006908750000000001,3.3625000000000003,33.56666666666667,-117.55833330000002
2017-03-30,1.1985644129533017,296.4875,283.32500000000005,0.0,272.1625,1.00375,0.00673625,2.9625,33.56666666666667,-117.55833330000002
2017-04-07,1.0320212088668697,294.95,282.175,0.0625,272.87500000000006,0.785,0.0069175,3.325,33.56666666666667,-117.55833330000002
2017-04-15,1.0178883846942233,298.875,284.7875,0.0,285.52500000000003,1.2075,0.00731375,2.8875,33.56666666666667,-117.55833330000002
2017-04-23,0.7989348006940052,297.4875,285.5,0.0,309.40000000000003,1.1312499999999999,0.007126250000000001,4.0,33.56666666666667,-117.55833330000002
2017-05-01,1.047589620086214,296.3625,284.2625,2.6,282.4875,0.93875,0.007665000000000001,3.1500000000000004,33.56666666666667,-117.55833330000002
2017-05-09,0.812697237125948,292.62499999999994,284.6,0.037500000000000006,303.4125,0.5437500000000001,0.00800375,3.5625000000000004,33.56666666666667,-117.55833330000002
2017-05-17,0.8844315887806555,300.55000000000007,285.4875,0.0,310.25000000000006,1.40375,0.00756625,2.9125,33.56666666666667,-117.55833330000002
2017-05-25,0.8651076170397339,295.1125,285.9125,0.0,313.88750000000005,0.6849999999999999,0.00865625,2.9000000000000004,33.56666666666667,-117.55833330000002
2017-06-02,0.5357767693884466,297.95,287.03749999999997,0.0,340.225,0.81375,0.009790000000000002,3.0125000000000006,33.56666666666667,-117.55833330000002
2017-06-10,0.8651076170397339,300.175,286.33750000000003,0.05,328.55,1.1675,0.00899875,3.2,33.56666666666667,-117.55833330000002
2017-06-18,0.8651076170397339,303.3625,289.16249999999997,0.0,343.7875,1.42,0.010501250000000002,2.9000000000000004,33.56666666666667,-117.55833330000002
2017-06-26,0.765107617039734,301.68749999999994,287.8875,0.0,347.95000000000005,1.2525,0.00996625,3.2624999999999997,33.56666666666667,-117.55833330000002
2017-07-04,0.6286360360859958,305.9375,290.85,0.0,338.5375000000001,1.7187500000000002,0.01127375,2.8125000000000004,33.56666666666667,-117.55833330000002
2017-07-12,0.6093120643450742,302.825,290.4625,0.0,326.1,1.1824999999999999,0.011883750000000002,2.8375000000000004,33.56666666666667,-117.55833330000002
2017-07-20,0.6617224442588602,302.85,290.5625,0.0,299.5625,1.2137499999999999,0.011755,2.8499999999999996,33.56666666666667,-117.55833330000002
2017-07-28,0.7282656483452924,304.725,291.94999999999993,0.05,311.0875,1.44375,0.012452500000000002,2.7500000000000004,33.56666666666667,-117.55833330000002
2017-08-05,0.7282656483452924,304.175,290.45,0.0,323.9375,1.2825,0.012338749999999999,2.9750000000000005,33.56666666666667,-117.55833330000002
2017-08-13,0.5320212088668695,300.3875,289.55,0.0,303.62500000000006,0.9199999999999999,0.011487500000000001,3.0500000000000003,33.56666666666667,-117.55833330000002
2017-08-21,0.5810464159997818,303.02500000000003,289.775,0.0,303.175,1.2325,0.0117525,2.6625,33.56666666666667,-117.55833330000002
2017-08-29,0.2989348006940052,307.2375,293.5125,0.2,262.425,2.0500000000000003,0.01197875,2.7625,33.56666666666667,-117.55833330000002
2017-09-06,0.5651076170397339,303.7125,289.57500000000005,0.0,262.05,1.3362500000000002,0.01138625,3.125000000000001,33.56666666666667,-117.55833330000002
2017-09-14,0.547589620086214,296.875,287.6375,0.0,221.45000000000002,0.6225,0.010525000000000001,3.3000000000000003,33.56666666666667,-117.55833330000002
2017-09-22,0.4651076170397339,301.3875,286.15000000000003,0.0,251.58750000000003,1.385,0.008281250000000002,2.6000000000000005,33.56666666666667,-117.55833330000002
2017-09-30,0.4651076170397339,300.6125,285.8375,0.0,227.3375,1.36375,0.007906250000000002,2.6875,33.56666666666667,-117.55833330000002
2017-10-08,0.395179240172428,301.47499999999997,285.95,0.0,214.28750000000002,1.47625,0.00773375,2.475,33.56666666666667,-117.55833330000002
2017-10-16,0.36510761703973393,303.15000000000003,288.6875,0.0,192.9625,1.8687500000000001,0.007935000000000001,2.9375,33.56666666666667,-117.55833330000002
2017-10-24,0.36510761703973393,301.48749999999995,288.925,0.0,184.70000000000002,1.8025,0.007622500000000001,2.625,33.56666666666667,-117.55833330000002
2017-11-01,0.347589620086214,294.975,284.0375,0.25,126.6375,0.85375,0.006995,2.6750000000000007,33.56666666666667,-117.55833330000002
2017-11-09,0.3282656483452924,296.7375,284.0,0.07500000000000001,144.5625,1.0875000000000001,0.006528750000000001,2.3625000000000003,33.56666666666667,-117.55833330000002
2017-11-17,0.3141328241726462,301.3,286.41249999999997,0.0,148.82500000000002,1.8175000000000001,0.0058625,2.4125,33.56666666666667,-117.55833330000002
2017-11-25,0.3806760282590784,296.97499999999997,281.075,0.0,145.125,1.0650000000000002,0.0060550000000000005,2.5500000000000003,33.56666666666667,-117.55833330000002
2017-12-03,0.3806760282590784,297.27500000000003,282.93749999999994,0.0,144.26250000000002,1.4925000000000002,0.004130000000000001,3.7,33.56666666666667,-117.55833330000002
2017-12-11,0.3840612010399521,297.6625,280.1625,0.0,143.7625,1.375,0.004355,2.9125,33.56666666666667,-117.55833330000002
2017-12-19,0.3175179969535199,293.525,276.8875,0.0,137.5125,0.9825000000000002,0.003926250000000001,2.1375,33.56666666666667,-117.55833330000002
2017-12-27,0.2193239717409216,299.12,280.34000000000003,0.0,135.48000000000002,1.4460000000000002,0.004882,1.86,33.56666666666667,-117.55833330000002
2018-01-01,0.23345679591356783,295.9375,282.83750000000003,1.8375000000000001,100.4625,0.95625,0.0065425,1.95,33.56666666666667,-117.55833330000002
2018-01-09,0.3840612010399521,295.5875,282.8125,3.6125000000000003,128.72500000000002,1.08875,0.005783750000000001,2.7125,33.56666666666667,-117.55833330000002
2018-01-17,0.3509747928670877,294.5,279.90000000000003,0.0,153.5875,0.99875,0.0050125000000000005,2.7125,33.56666666666667,-117.55833330000002
2018-01-25,0.27029876460800933,298.2625,284.15,0.0,169.5625,1.61,0.00454125,3.25,33.56666666666667,-117.55833330000002
2018-02-02,0.30375556052157715,299.525,283.5,0.0,175.8375,1.5074999999999998,0.005407499999999999,2.1375,33.56666666666667,-117.55833330000002
2018-02-10,0.3702987646080093,293.2,281.8375,0.1125,176.9875,0.8300000000000001,0.00579125,2.875,33.56666666666667,-117.55833330000002
2018-02-18,0.3862375635680573,289.1375,277.0875,0.0,201.22500000000002,0.67125,0.00412125,3.8625000000000003,33.56666666666667,-117.55833330000002
2018-02-26,0.5858671758273538,290.025,278.875,2.1125000000000003,196.4625,0.605,0.005240000000000001,3.4875000000000003,33.56666666666667,-117.55833330000002
2018-03-06,0.39300790912980466,294.3875,284.15,2.475,165.75,0.8275,0.006953750000000001,2.725,33.56666666666667,-117.55833330000002
2018-03-14,0.4754899121762847,292.0,281.6,2.3375000000000004,188.96250000000003,0.6875,0.00615625,3.1750000000000003,33.56666666666667,-117.55833330000002
2018-03-22,0.4914287111363327,293.21250000000003,282.15,0.7875000000000001,238.60000000000002,0.7549999999999999,0.006378750000000001,3.3750000000000004,33.56666666666667,-117.55833330000002
2018-03-30,0.37586029991698816,294.7375,284.02500000000003,0.0,260.68750000000006,0.845,0.006977500000000001,2.85,33.56666666666667,-117.55833330000002
2018-04-07,0.5896227363489309,299.7625,284.975,0.0,291.5625,1.4425,0.006585000000000001,3.6625000000000005,33.56666666666667,-117.55833330000002
2018-04-15,0.4565363281760666,295.55000000000007,281.675,0.07500000000000001,291.975,0.99875,0.006006250000000001,3.8375,33.56666666666667,-117.55833330000002
2018-04-23,0.3899931240896344,294.6499999999999,283.4125,0.1875,285.65000000000003,0.82875,0.006858750000000001,3.3000000000000003,33.56666666666667,-117.55833330000002
2018-05-01,0.45134518060779116,297.6875,284.25,0.5375,275.775,1.1749999999999998,0.00709,3.1125000000000003,33.56666666666667,-117.55833330000002
2018-05-09,0.5669135918271356,294.2625,284.6,0.08750000000000001,313.5,0.71875,0.007706250000000001,3.2625000000000006,33.56666666666667,-117.55833330000002
2018-05-17,0.5509747928670877,291.9125,285.6375,0.5375,311.65000000000003,0.51625,0.00812875,3.3750000000000004,33.56666666666667,-117.55833330000002
2018-05-25,0.5368419686944415,295.875,285.5875,0.07500000000000001,302.8125,0.7687499999999999,0.00842,3.5125000000000006,33.56666666666667,-117.55833330000002
2018-06-02,0.4844315887806555,299.725,286.5625,0.0,335.51250000000005,1.0975,0.008937500000000001,3.1,33.56666666666667,-117.55833330000002
2018-06-10,0.6141328241726463,300.225,287.8,0.0,311.25000000000006,1.13875,0.00959625,3.6500000000000004,33.56666666666667,-117.55833330000002
2018-06-18,0.5193239717409216,298.67499999999995,287.6875,0.0,343.725,0.9337500000000001,0.00969625,3.0875000000000004,33.56666666666667,-117.55833330000002
2018-06-26,0.547589620086214,299.2125,287.82500000000005,0.0,344.2875,0.96,0.00983125,3.1625000000000005,33.56666666666667,-117.55833330000002
2018-07-04,0.5981940252125983,307.9375,291.95,0.0,292.55000000000007,2.24,0.01105125,2.9000000000000004,33.56666666666667,-117.55833330000002
2018-07-12,0.5948088524317247,303.34999999999997,291.5875,0.0,323.475,1.2575,0.012262500000000003,3.2,33.56666666666667,-117.55833330000002
2018-07-20,0.5699283768673059,305.9875,291.5125,0.0,332.825,1.63625,0.012167500000000001,3.1375000000000006,33.56666666666667,-117.55833330000002
2018-07-28,0.43684196869444153,306.5,291.85,0.0,326.2375,1.71625,0.01222375,3.0375,33.56666666666667,-117.55833330000002
2018-08-05,0.4966148272191263,307.5375,292.2,0.0,309.7875,1.88,0.012327500000000002,3.3875,33.56666666666667,-117.55833330000002
2018-08-13,0.4665432040864322,302.8375,291.94999999999993,0.0,310.6875,1.0225,0.013491250000000003,3.2750000000000004,33.56666666666667,-117.55833330000002
2018-08-21,0.4981940252125983,301.5875,290.59999999999997,0.0,295.2875,1.04375,0.01191875,2.9375,33.56666666666667,-117.55833330000002
2018-08-29,0.41751799695351993,300.8625,289.575,0.0,286.1625,1.0375,0.011135,2.9875,33.56666666666667,-117.55833330000002
2018-09-06,0.4806760282590784,303.3125,287.9375,0.0,272.675,1.29,0.010735,2.9124999999999996,33.56666666666667,-117.55833330000002
2018-09-14,0.34420444730534033,302.8875,287.2,0.0,260.46250000000003,1.4237500000000003,0.009355,2.775,33.56666666666667,-117.55833330000002
2018-09-22,0.39661482721912633,301.1,288.2,0.0,243.81250000000003,1.1975000000000002,0.009796250000000001,2.7125,33.56666666666667,-117.55833330000002
2018-09-30,0.3806760282590784,299.20000000000005,288.54999999999995,0.6125,191.20000000000002,1.03125,0.009811250000000002,3.5500000000000003,33.56666666666667,-117.55833330000002
2018-10-08,0.3665432040864322,296.9125,286.1875,1.4375,189.2625,0.8925,0.008448750000000001,2.8625000000000007,33.56666666666667,-117.55833330000002
2018-10-16,0.3806760282590784,301.5,287.32500000000005,0.0,208.85000000000002,1.6162500000000002,0.007197500000000001,2.3375000000000004,33.56666666666667,-117.55833330000002
2018-10-24,0.3141328241726462,300.52500000000003,285.55,0.0,181.96250000000003,1.34625,0.007663750000000001,2.1000000000000005,33.56666666666667,-117.55833330000002
2018-11-01,0.2948088524317246,299.625,286.1625,0.0,171.9875,1.4874999999999998,0.00643375,2.35,33.56666666666667,-117.55833330000002
2018-11-09,0.2948088524317246,298.47499999999997,284.2,0.0,175.12500000000003,1.6175000000000002,0.004205,3.3125,33.56666666666667,-117.55833330000002
2018-11-17,0.14758962008621404,294.54999999999995,282.7,0.65,144.775,0.85625,0.0064,2.6750000000000003,33.56666666666667,-117.55833330000002
2018-11-25,0.22826564834529242,292.9375,281.97499999999997,4.7625,133.01250000000002,0.7712500000000001,0.00614125,3.6125,33.56666666666667,-117.55833330000002
2018-12-03,0.21413282417264623,292.1875,281.55,5.012500000000001,105.8875,0.7625,0.005682500000000001,2.575,33.56666666666667,-117.55833330000002
2018-12-11,0.16352841904626195,294.28749999999997,281.16249999999997,0.0,124.17500000000001,0.92375,0.0055375,1.9625000000000004,33.56666666666667,-117.55833330000002
2018-12-19,0.24758962008621402,293.80000000000007,280.82500000000005,0.65,124.3375,0.8762500000000001,0.005558750000000001,2.1375,33.56666666666667,-117.55833330000002
2018-12-27,0.23345679591356783,290.38,278.86,0.0,143.5,0.8779999999999999,0.0035800000000000007,2.62,33.56666666666667,-117.55833330000002
2019-01-01,0.2527807676544895,289.91249999999997,278.8625,1.1125,117.2625,0.73375,0.0043675,3.1624999999999996,33.56666666666667,-117.55833330000002
2019-01-09,0.30519114756827537,289.93750000000006,280.4375,6.3375,102.3875,0.5325,0.005925000000000001,3.4125,33.56666666666667,-117.55833330000002
2019-01-17,0.3282656483452924,293.4875,281.53749999999997,3.0875000000000004,144.4125,0.90625,0.005436250000000001,3.5,33.56666666666667,-117.55833330000002
2019-01-25,0.21969435948162502,294.925,283.06250000000006,1.9125,137.1875,1.0675000000000001,0.005567500000000001,2.6000000000000005,33.56666666666667,-117.55833330000002
2019-02-02,0.5509747928670877,287.28749999999997,278.4625,10.9125,134.47500000000002,0.4425,0.005136250000000001,4.175000000000001,33.56666666666667,-117.55833330000002
2019-02-10,0.6617224442588602,288.66249999999997,278.9875,16.875,138.7125,0.4975,0.0054075,4.7125,33.56666666666667,-117.55833330000002
2019-02-18,0.7493955948736157,288.15,276.775,1.8750000000000004,192.26250000000002,0.5825,0.0042875,3.2874999999999996,33.56666666666667,-117.55833330000002
2019-02-26,0.9165309320091993,291.475,282.32500000000005,3.8250000000000006,155.92500000000004,0.5349999999999999,0.006965000000000001,2.725,33.56666666666667,-117.55833330000002
2019-03-06,0.9969852149598297,289.3625,280.9,3.5,193.73749999999998,0.4175,0.00650625,3.45,33.56666666666667,-117.55833330000002
2019-03-14,1.063528419046262,294.525,283.6375,1.4,229.21250000000003,0.9575000000000001,0.006161250000000001,3.0875000000000004,33.56666666666667,-117.55833330000002
2019-03-22,1.184061201039952,293.2375,281.57500000000005,0.0,242.675,0.63375,0.00690125,2.6875,33.56666666666667,-117.55833330000002
2019-03-30,1.2175179969535201,294.5875,284.0375,0.11250000000000002,226.26250000000002,0.7612499999999999,0.00755,3.2625000000000006,33.56666666666667,-117.55833330000002
2019-04-07,0.8653343938336636,296.875,283.5625,0.0,289.0125,0.9925000000000002,0.00713,3.2500000000000004,33.56666666666667,-117.55833330000002
2019-04-15,1.1329478287115724,294.11250000000007,283.16249999999997,0.0,251.125,0.7037500000000001,0.00742875,2.85,33.56666666666667,-117.55833330000002
2019-04-23,1.110382295136551,294.26249999999993,285.125,0.6375000000000001,257.20000000000005,0.7350000000000001,0.00775125,3.0625000000000004,33.56666666666667,-117.55833330000002
2019-05-01,0.9948138839172063,292.75,284.77500000000003,0.21250000000000002,278.6375,0.5525000000000001,0.008041250000000002,2.8125,33.56666666666667,-117.55833330000002
2019-05-09,1.0003703877407035,293.4125,286.0,1.425,282.90000000000003,0.5275,0.008868750000000002,3.325,33.56666666666667,-117.55833330000002
2019-05-17,1.003755560521577,292.2125,282.5,2.0500000000000003,258.08750000000003,0.43375,0.007912500000000001,4.2625,33.56666666666667,-117.55833330000002
2019-05-25,0.8089467080898527,293.31250000000006,283.85,0.9125000000000001,300.23750000000007,0.51125,0.008355000000000001,3.2625,33.56666666666667,-117.55833330000002
2019-06-02,0.9669135918271355,297.5375,287.125,0.0,333.88749999999993,0.83625,0.00957375,2.8000000000000003,33.56666666666667,-117.55833330000002
2019-06-10,0.8844315887806555,298.675,288.3125,0.0,341.21250000000003,0.9975,0.01003,2.9875000000000003,33.56666666666667,-117.55833330000002
2019-06-18,0.7595511132162368,295.2375,287.2625,0.2,327.575,0.5175000000000001,0.01021625,3.2375000000000007,33.56666666666667,-117.55833330000002
2019-06-26,0.7844315887806556,299.75000000000006,287.2375,0.0,301.70000000000005,0.9475,0.01013875,2.975,33.56666666666667,-117.55833330000002
2019-07-04,0.8402271414753152,299.125,288.46250000000003,0.0,346.375,0.9275000000000001,0.01025,2.825,33.56666666666667,-117.55833330000002
2019-07-12,0.7577451384288351,301.7125,288.775,0.0,348.55000000000007,1.14125,0.0107625,3.0375,33.56666666666667,-117.55833330000002
2019-07-20,0.7300716231326941,305.6875,291.08750000000003,0.0,322.4750000000001,1.73625,0.011190000000000002,2.95,33.56666666666667,-117.55833330000002
2019-07-28,0.7509747928670877,303.45,289.0625,0.0,328.425,1.39125,0.0105575,2.7875,33.56666666666667,-117.55833330000002
2019-08-05,0.8141328241726462,302.575,288.29999999999995,0.0,318.40000000000003,1.215,0.010776250000000001,2.7625,33.56666666666667,-117.55833330000002
2019-08-13,0.7914236796508509,302.8625,288.15,0.0,313.93750000000006,1.3237500000000002,0.010295000000000002,2.8000000000000007,33.56666666666667,-117.55833330000002
2019-08-21,0.6824820030464801,302.96250000000003,289.325,0.0,306.13750000000005,1.155,0.011832500000000001,3.4125000000000005,33.56666666666667,-117.55833330000002
2019-08-29,0.6368419686944415,305.50000000000006,291.55,0.0,282.38750000000005,1.6037500000000002,0.011878749999999999,2.875,33.56666666666667,-117.55833330000002
2019-09-06,0.6751195244355813,301.9625,288.45000000000005,0.0,268.33750000000003,1.2149999999999999,0.01059875,2.8750000000000004,33.56666666666667,-117.55833330000002
2019-09-14,0.5751195244355812,301.675,287.6625,0.0,243.47500000000005,1.1900000000000002,0.010225,2.875,33.56666666666667,-117.55833330000002
2019-09-22,0.5981940252125983,298.675,287.975,0.15000000000000002,221.45,0.8262499999999998,0.010733750000000002,3.4124999999999996,33.56666666666667,-117.55833330000002
2019-09-30,0.5275299043493673,299.8125,284.7875,0.0,230.87500000000003,1.3087499999999999,0.007262500000000001,2.3375000000000004,33.56666666666667,-117.55833330000002
2019-10-08,0.4085763203491491,299.91249999999997,285.5,0.0,212.05,1.2874999999999999,0.00762375,2.8,33.56666666666667,-117.55833330000002
2019-10-16,0.23721235643514496,302.425,287.525,0.0,200.21249999999998,1.7225000000000001,0.007475000000000001,2.5500000000000003,33.56666666666667,-117.55833330000002
2019-10-24,0.43165082112616615,299.81250000000006,286.4,0.0,196.425,1.73,0.005625000000000001,3.7875,33.56666666666667,-117.55833330000002
2019-11-01,0.43165082112616615,299.88749999999993,283.4625,0.0,165.92499999999998,1.5712500000000003,0.00519875,2.1500000000000004,33.56666666666667,-117.55833330000002
2019-11-09,0.28104641599978186,297.975,282.2125,0.0,155.88750000000002,1.22,0.005935,2.2125000000000004,33.56666666666667,-117.55833330000002
2019-11-17,0.28925234860822746,296.8875,284.33750000000003,1.825,139.375,1.305,0.00591,3.1750000000000007,33.56666666666667,-117.55833330000002
2019-11-25,0.3141328241726462,289.47499999999997,279.42499999999995,9.762500000000001,111.18750000000001,0.5725,0.00538625,3.8625000000000003,33.56666666666667,-117.55833330000002
2019-12-03,0.3806760282590784,291.6125,281.925,4.0,91.8625,0.58875,0.006575,2.5375000000000005,33.56666666666667,-117.55833330000002
2019-12-11,0.3175179969535199,292.075,280.65,0.0,132.4125,0.845,0.004880000000000001,2.975,33.56666666666667,-117.55833330000002
2019-12-19,0.3806760282590784,290.45,280.2,9.2375,113.925,0.7200000000000001,0.005092500000000001,3.6875,33.56666666666667,-117.55833330000002
2019-12-27,0.23684196869444152,289.68,279.04,0.0,125.76000000000002,0.688,0.004534,2.4,33.56666666666667,-117.55833330000002
2020-01-01,0.5051911475682754,293.925,280.7,0.0,136.8,0.975,0.00499,2.65,33.56666666666667,-117.55833330000002
2020-01-09,0.5368419686944415,289.8,278.225,0.375,137.725,0.5575,0.005205,2.3499999999999996,33.56666666666667,-117.55833330000002
2020-01-17,0.5193239717409216,292.53749999999997,280.875,0.45,128.9625,0.77375,0.00566875,2.4625,33.56666666666667,-117.55833330000002
2020-01-25,0.5645986498377384,295.4125,282.1125,0.0,161.325,1.1287500000000001,0.005176249999999999,3.05,33.56666666666667,-117.55833330000002
2020-02-02,0.6452746780968169,290.475,279.975,1.075,173.66250000000002,0.79,0.00449,2.8750000000000004,33.56666666666667,-117.55833330000002
2020-02-10,0.815938798960048,293.2,280.225,0.05,181.10000000000002,0.8187500000000001,0.00539625,2.2125,33.56666666666667,-117.55833330000002
2020-02-18,0.8876731506147555,294.4875,282.6125,0.7000000000000001,181.54999999999998,0.91625,0.006141250000000001,2.6750000000000003,33.56666666666667,-117.55833330000002
2020-02-26,0.7992642560040748,296.6125,283.7,0.25,195.0625,1.2774999999999999,0.005436250000000001,3.4625000000000004,33.56666666666667,-117.55833330000002
2020-03-05,0.9653343938336636,293.375,283.1,8.375,162.72500000000002,0.735,0.00685,3.6125000000000003,33.56666666666667,-117.55833330000002
2020-03-13,0.9653343938336636,288.53749999999997,282.05,4.137500000000001,152.37500000000003,0.44125000000000003,0.006333750000000001,3.8,33.56666666666667,-117.55833330000002
2020-03-21,0.812697237125948,290.27500000000003,280.72499999999997,3.7500000000000004,208.68750000000003,0.48250000000000004,0.0064,3.562500000000001,33.56666666666667,-117.55833330000002
2020-03-29,1.047589620086214,292.625,283.20000000000005,0.5750000000000001,241.95,0.6375000000000001,0.007042500000000001,3.1250000000000004,33.56666666666667,-117.55833330000002
2020-04-06,1.081046415999782,287.8125,282.9875,13.187500000000002,165.20000000000002,0.36250000000000004,0.0067925,3.7375000000000003,33.56666666666667,-117.55833330000002
2020-04-14,1.0509747928670876,293.5,284.3375,0.0,257.61249999999995,0.7049999999999998,0.0073475,2.9625000000000004,33.56666666666667,-117.55833330000002
2020-04-22,1.1509747928670877,301.25,287.925,0.0,304.1375,1.4099999999999997,0.008552500000000001,2.5250000000000004,33.56666666666667,-117.55833330000002
2020-04-30,1.0386479434818432,300.0,288.1375,0.0,306.67500000000007,1.345,0.00823125,2.6375,33.56666666666667,-117.55833330000002
2020-05-08,1.1420331162627169,296.6375,286.6,0.0,302.4625,0.8825,0.008413750000000001,3.1374999999999997,33.56666666666667,-117.55833330000002
2020-05-16,1.0669135918271355,296.5875,285.87499999999994,0.21250000000000002,320.76250000000005,0.8337499999999999,0.008552500000000001,3.3625000000000003,33.56666666666667,-117.55833330000002
2020-05-24,1.0312854648709444,299.3625,287.08750000000003,0.0,322.25,1.1087500000000001,0.00883,2.7625,33.56666666666667,-117.55833330000002
2020-06-01,0.9171526406982982,298.9625,287.3375,0.275,306.725,1.01125,0.00955625,3.4749999999999996,33.56666666666667,-117.55833330000002
2020-06-09,0.8205378134791719,300.84999999999997,288.2375,0.0,343.73749999999995,1.3950000000000002,0.008708750000000001,3.325,33.56666666666667,-117.55833330000002
2020-06-17,0.9227091445217953,297.5,288.3125,0.0,331.2875,0.785,0.01008375,2.6375,33.56666666666667,-117.55833330000002
2020-06-25,0.9193239717409216,297.4375,287.85,0.25,331.70000000000005,0.7274999999999999,0.0102775,3.4875000000000003,33.56666666666667,-117.55833330000002
2020-07-03,0.8227091445217953,303.325,288.7375,0.0,346.6125,1.3775,0.010460000000000002,2.875,33.56666666666667,-117.55833330000002
2020-07-11,0.724515119309197,302.7625,289.925,0.0,343.1125,1.32625,0.01090375,2.9375,33.56666666666667,-117.55833330000002
2020-07-19,0.7386479434818433,300.4875,288.8,0.0,342.6125,1.0262499999999999,0.010610000000000001,2.8750000000000004,33.56666666666667,-117.55833330000002
2020-07-27,0.6910583233956292,303.75,289.375,0.0,337.0,1.4600000000000002,0.010638750000000002,3.1,33.56666666666667,-117.55833330000002
2020-08-04,0.8,300.47499999999997,287.75,0.0,327.6375,0.99875,0.0104175,3.05,33.56666666666667,-117.55833330000002
2020-08-12,0.7067703455617474,307.91249999999997,293.9125,0.0,296.8875,2.06125,0.012373750000000001,3.0374999999999996,33.56666666666667,-117.55833330000002
2020-08-20,0.6858671758273538,305.425,292.65,0.0,305.43750000000006,1.38,0.013671250000000001,3.3875000000000006,33.56666666666667,-117.55833330000002
2020-08-28,0.6227091445217953,301.2625,287.17499999999995,0.0,298.5625,1.0162499999999999,0.01071625,3.2375000000000003,33.56666666666667,-117.55833330000002
2020-09-05,0.6033851727808737,305.22499999999997,291.02500000000003,0.0,274.73750000000007,1.91,0.010530000000000001,2.825,33.56666666666667,-117.55833330000002
2020-09-13,0.6033851727808737,306.17500000000007,290.075,0.0,264.77500000000003,1.9825000000000002,0.00967875,2.75,33.56666666666667,-117.55833330000002
2020-09-21,0.5966148272191263,302.6875,286.7,0.0,249.775,1.23875,0.010181250000000001,2.6500000000000004,33.56666666666667,-117.55833330000002
2020-09-29,0.5665432040864322,309.18750000000006,293.40000000000003,0.0,227.96250000000003,2.7562499999999996,0.0090875,2.5125,33.56666666666667,-117.55833330000002
2020-10-07,0.48925234860822747,302.0375,289.42499999999995,0.0,208.42500000000004,1.52375,0.009342500000000002,2.7625,33.56666666666667,-117.55833330000002
2020-10-15,0.5033851727808737,302.1125,288.9875,0.0,201.35000000000005,1.5875000000000001,0.00865375,2.3000000000000003,33.56666666666667,-117.55833330000002
2020-10-23,0.5141328241726463,296.5875000000001,286.35,0.125,175.21250000000003,1.14125,0.006870000000000001,2.6125,33.56666666666667,-117.55833330000002
2020-10-31,0.41751799695351993,299.7875,285.8375,1.55,154.05,1.54875,0.0064575000000000006,2.8875,33.56666666666667,-117.55833330000002
2020-11-08,0.41413282417264624,292.35,280.3875,0.3375,154.8,0.89375,0.0048850000000000005,2.825,33.56666666666667,-117.55833330000002
2020-11-16,0.41413282417264624,296.625,283.23750000000007,0.0,149.0875,1.16375,0.006005,2.5374999999999996,33.56666666666667,-117.55833330000002
2020-11-24,0.3334567959135678,294.7,281.8875,0.0,150.9,1.145,0.00454125,2.2,33.56666666666667,-117.55833330000002
2020-12-02,0.3576015274820614,297.06250000000006,282.42499999999995,0.0,133.975,1.4225,0.004141250000000001,3.1375,33.56666666666667,-117.55833330000002
2020-12-10,0.3434687033094152,291.025,279.3375,0.0,129.225,0.70125,0.0050550000000000005,2.7875,33.56666666666667,-117.55833330000002
2020-12-18,0.3576015274820614,295.9375,281.58750000000003,0.0,131.3125,1.2574999999999998,0.004441250000000001,2.8625000000000003,33.56666666666667,-117.55833330000002
2020-12-26,0.3717343516547076,290.43333333333334,278.68333333333334,4.266666666666667,118.95,0.6533333333333333,0.005001666666666667,3.083333333333334,33.56666666666667,-117.55833330000002
2021-01-01,0.3193239717409216,292.2,279.91249999999997,0.0,131.66250000000002,0.8475,0.0047625,1.9375,33.56666666666667,-117.55833330000002
2021-01-09,0.3858671758273538,298.525,285.25,0.0,151.4375,1.715,0.0042675000000000005,2.975,33.56666666666667,-117.55833330000002
2021-01-17,0.4209031697343936,293.05,280.32500000000005,1.8125,123.67500000000001,0.9187500000000001,0.005211250000000001,3.8875,33.56666666666667,-117.55833330000002
2021-01-25,0.5033851727808737,288.825,278.57500000000005,2.8625000000000003,119.9,0.58125,0.0049837499999999995,4.3875,33.56666666666667,-117.55833330000002
2021-02-02,0.51751799695352,292.8875,280.40000000000003,0.0,164.98749999999998,0.79125,0.005597500000000001,2.3125,33.56666666666667,-117.55833330000002
2021-02-10,0.6175179969535199,290.13750000000005,280.3375,0.23750000000000002,184.48750000000004,0.5675,0.00572,3.4250000000000003,33.56666666666667,-117.55833330000002
2021-02-18,0.6282656483452924,295.575,282.55,0.0,211.6,1.23875,0.0045762500000000005,2.7250000000000005,33.56666666666667,-117.55833330000002
2021-02-26,0.7033851727808738,294.05,280.53749999999997,1.2375,197.29999999999998,0.92,0.00537875,3.4125000000000005,33.56666666666667,-117.55833330000002
2021-03-06,0.7175179969535199,288.175,278.83750000000003,2.9875000000000003,196.81250000000003,0.4125000000000001,0.0057,4.55,33.56666666666667,-117.55833330000002
2021-03-14,0.7368419686944415,290.0375,278.6125,0.5625,235.0,0.5025000000000001,0.005860000000000001,3.2750000000000004,33.56666666666667,-117.55833330000002
2021-03-22,0.8175179969535199,293.79999999999995,280.725,0.0,249.51250000000002,0.8875,0.00575,3.5875000000000004,33.56666666666667,-117.55833330000002
2021-03-30,0.6702987646080093,297.875,282.8625,0.0,268.825,1.15625,0.006507500000000001,3.6875000000000004,33.56666666666667,-117.55833330000002
2021-04-07,0.8175179969535199,293.6375,283.1625,0.0,259.575,0.75375,0.006871250000000001,3.9750000000000005,33.56666666666667,-117.55833330000002
2021-04-15,0.8193239717409216,293.85,283.15,0.05,282.6,0.8412499999999999,0.0066625,4.2375,33.56666666666667,-117.55833330000002
2021-04-23,0.6803106720038566,294.3875,283.83750000000003,0.30000000000000004,280.4625,0.96375,0.006565,3.9250000000000003,33.56666666666667,-117.55833330000002
2021-05-01,0.7193239717409217,296.33750000000003,284.8125,0.0,308.825,0.9187500000000001,0.00762875,3.6875,33.56666666666667,-117.55833330000002
2021-05-09,0.7193239717409217,293.70000000000005,285.675,0.30000000000000004,315.88750000000005,0.6749999999999999,0.0080075,3.9125000000000005,33.56666666666667,-117.55833330000002
2021-05-17,0.6892523486082275,294.6,283.9625,0.0,327.575,0.7875,0.007416250000000001,3.9750000000000005,33.56666666666667,-117.55833330000002
2021-05-25,0.7282656483452924,297.15000000000003,285.78749999999997,0.0,321.65,0.9750000000000001,0.007943750000000001,3.25,33.56666666666667,-117.55833330000002
2021-06-02,0.7000000000000001,296.325,284.975,0.0,329.7875,0.7375,0.008712500000000001,3.575,33.56666666666667,-117.55833330000002
2021-06-10,0.6824820030464801,302.32500000000005,287.5375,0.0,335.0625,1.4875,0.008808750000000002,3.5500000000000003,33.56666666666667,-117.55833330000002
2021-06-18,0.7000000000000001,299.5625,287.025,0.0,337.4125,0.95875,0.00979625,3.725,33.56666666666667,-117.55833330000002
2021-06-26,0.6175179969535199,301.15,288.1375,0.0,320.27500000000003,1.0987500000000001,0.010382500000000003,3.3000000000000007,33.56666666666667,-117.55833330000002
2021-07-04,0.5227091445217953,301.7375,288.8875,0.0,340.5125,1.19625,0.010453750000000001,3.475,33.56666666666667,-117.55833330000002
2021-07-12,0.6,302.25,290.35,0.0,337.475,1.2274999999999998,0.011168749999999998,3.5625,33.56666666666667,-117.55833330000002
2021-07-20,0.6,301.3875,290.2375,0.25,292.5375,1.0825,0.01150875,3.1875000000000004,33.56666666666667,-117.55833330000002
2021-07-28,0.5051911475682754,305.925,290.0875,0.0,332.92500000000007,1.79625,0.01048125,3.2125000000000004,33.56666666666667,-117.55833330000002
2021-08-05,0.5858671758273538,303.9375,289.35,0.0,319.75,1.3937500000000003,0.011106250000000002,3.35,33.56666666666667,-117.55833330000002
2021-08-13,0.5490252071329123,301.52500000000003,290.4,0.0,312.6,0.9574999999999999,0.012485000000000003,3.5625,33.56666666666667,-117.55833330000002
2021-08-21,0.5948088524317247,301.61249999999995,288.5625,0.05,306.4625,1.10625,0.01127375,3.5125,33.56666666666667,-117.55833330000002
2021-08-29,0.37766124321890815,301.5125,288.3625,0.0,281.33750000000003,1.18625,0.01050125,3.2875000000000005,33.56666666666667,-117.55833330000002
2021-09-06,0.5107476513917726,305.05,289.27500000000003,0.0,269.8375,1.59125,0.01076375,3.3875,33.56666666666667,-117.55833330000002
2021-09-14,0.4665432040864322,300.6625,285.33750000000003,0.0,261.82500000000005,1.1225,0.009275000000000002,3.0,33.56666666666667,-117.55833330000002
2021-09-22,0.4490252071329123,298.4,287.5125,0.6375000000000001,239.98749999999998,0.9175,0.00995375,3.3500000000000005,33.56666666666667,-117.55833330000002
2021-09-30,0.39480885243172464,303.1375,288.1625,1.1500000000000001,200.4625,1.69875,0.008525000000000001,2.8874999999999997,33.56666666666667,-117.55833330000002
2021-10-08,0.3141328241726462,297.675,283.3125,0.5375,201.55000000000004,1.1175000000000002,0.006812499999999999,3.2250000000000005,33.56666666666667,-117.55833330000002
2021-10-16,0.3806760282590784,296.9,282.6375,0.0625,176.1625,0.9312499999999998,0.007350000000000001,2.9750000000000005,33.56666666666667,-117.55833330000002
2021-10-24,0.3840612010399521,297.625,284.26250000000005,1.675,170.12500000000003,1.0437500000000002,0.0076525000000000004,2.6375,33.56666666666667,-117.55833330000002
2021-11-01,0.352410379913786,296.11249999999995,281.11249999999995,0.0,162.56250000000003,0.9412499999999999,0.00633125,2.4124999999999996,33.56666666666667,-117.55833330000002
2021-11-09,0.23007162313269414,300.8375,286.2875,0.0,165.52499999999998,1.7875,0.0058,2.4250000000000003,33.56666666666667,-117.55833330000002
2021-11-17,0.3141328241726462,296.375,282.40000000000003,0.0,143.975,1.17,0.00553875,2.6125000000000003,33.56666666666667,-117.55833330000002
2021-11-25,0.3,298.5,283.75,0.0,150.18750000000003,1.5537500000000002,0.0045875,2.4125,33.56666666666667,-117.55833330000002
2021-12-03,0.3,291.3375,279.2375,0.5125000000000001,110.41250000000001,0.64,0.005595000000000001,2.4625000000000004,33.56666666666667,-117.55833330000002
2021-12-11,0.3,289.78749999999997,277.925,6.000000000000001,118.5,0.6500000000000001,0.00466875,3.2625,33.56666666666667,-117.55833330000002
2021-12-19,0.23345679591356783,290.225,279.83750000000003,7.137500000000001,99.57500000000002,0.69875,0.004935,3.0625000000000004,33.56666666666667,-117.55833330000002
2021-12-27,0.28586717582735377,286.69999999999993,278.76,4.0200000000000005,71.32000000000001,0.406,0.005218,4.1000000000000005,33.56666666666667,-117.55833330000002
2022-01-01,0.3159387989600479,291.07499999999993,278.825,0.0,138.1,0.74,0.004750000000000001,2.375,33.56666666666667,-117.55833330000002
2022-01-09,0.4,296.28749999999997,285.0375,0.0,126.18750000000001,1.35625,0.00484125,2.8249999999999997,33.56666666666667,-117.55833330000002
2022-01-17,0.4193239717409216,293.3125,281.8125,0.0625,133.5875,0.8825000000000001,0.00547125,2.7125,33.56666666666667,-117.55833330000002
2022-01-25,0.5159387989600479,292.7375,280.9375,0.0,149.81250000000003,0.9424999999999999,0.0046525,2.7000000000000006,33.56666666666667,-117.55833330000002
2022-02-02,0.47029876460800935,295.975,283.3875,0.0,188.91250000000002,1.43625,0.00403125,3.4875,33.56666666666667,-117.55833330000002
2022-02-10,0.6493955948736158,296.68750000000006,283.725,1.0625,192.28750000000002,1.415,0.0049900000000000005,3.5000000000000004,33.56666666666667,-117.55833330000002
2022-02-18,0.8193239717409216,289.4875,278.59999999999997,0.9500000000000001,189.71249999999998,0.6637500000000001,0.0046825,3.875,33.56666666666667,-117.55833330000002
2022-02-26,0.8051911475682755,295.65,282.3,0.35000000000000003,202.10000000000002,1.1737500000000003,0.00531125,3.6125,33.56666666666667,-117.55833330000002
2022-03-06,0.8033851727808737,293.66249999999997,280.575,0.0,239.33749999999998,0.9112500000000001,0.0051875,2.8875,33.56666666666667,-117.55833330000002
2022-03-14,0.8892523486082274,296.6875,282.4625,0.5125000000000001,241.0875,1.04875,0.0063325000000000005,2.9750000000000005,33.56666666666667,-117.55833330000002
2022-03-22,0.747589620086214,297.8125,284.425,3.6,235.15,1.26125,0.0065537500000000005,3.3,33.56666666666667,-117.55833330000002
2022-03-30,0.9067703455617474,293.43749999999994,284.525,0.0,269.2375,0.7412500000000001,0.00736875,3.0125,33.56666666666667,-117.55833330000002
2022-04-07,0.8643718730438087,297.025,285.5875,0.0,283.8,1.3399999999999999,0.006470000000000001,3.7125000000000004,33.56666666666667,-117.55833330000002
2022-04-15,0.7030198165256519,292.95,282.82500000000005,0.8,277.1125,0.6312500000000001,0.007161249999999999,3.5375,33.56666666666667,-117.55833330000002
2022-04-23,0.7910583233956292,296.625,284.1625,0.0,306.975,1.0975,0.006571250000000001,3.1125000000000003,33.56666666666667,-117.55833330000002
2022-05-01,0.676925499222983,295.7125,283.675,0.0,317.75000000000006,0.7962500000000001,0.0077262500000000005,3.5375,33.56666666666667,-117.55833330000002
2022-05-09,0.7193239717409217,297.9375,283.8375,0.0,324.95,1.255,0.00657,3.5,33.56666666666667,-117.55833330000002
2022-05-17,0.6910583233956292,294.075,285.23749999999995,0.0,327.6375,0.71125,0.007827500000000001,3.5625000000000004,33.56666666666667,-117.55833330000002
2022-05-25,0.6892523486082275,295.9625,285.0,0.0,329.01250000000005,0.7887500000000001,0.008205,3.7625,33.56666666666667,-117.55833330000002
2022-06-02,0.7175179969535199,299.0375,286.3375,0.0,337.3125,0.9112499999999999,0.0095575,3.587500000000001,33.56666666666667,-117.55833330000002
2022-06-10,0.6892523486082275,300.05,287.125,0.0,341.375,1.01,0.009886250000000001,3.8125000000000004,33.56666666666667,-117.55833330000002
2022-06-18,0.6067703455617474,303.425,288.425,0.0,341.07500000000005,1.5974999999999997,0.009328750000000002,3.575,33.56666666666667,-117.55833330000002
2022-06-26,0.526094317302669,303.06250000000006,288.2375,0.0,345.63750000000005,1.375,0.010252500000000001,3.6375000000000006,33.56666666666667,-117.55833330000002
2022-07-04,0.5402271414753151,300.45,286.55,0.0,342.275,0.9175000000000001,0.010527500000000002,3.3625000000000007,33.56666666666667,-117.55833330000002
2022-07-12,0.5159387989600479,302.15,289.2125,0.0,337.975,1.23,0.010727500000000001,3.475,33.56666666666667,-117.55833330000002
2022-07-20,0.6033851727808737,302.1625,289.125,0.0,316.2625,1.19625,0.010807500000000001,3.4625000000000004,33.56666666666667,-117.55833330000002
2022-07-28,0.38962273634893096,303.375,290.22499999999997,0.037500000000000006,292.575,1.2762499999999999,0.01164625,3.3999999999999995,33.56666666666667,-117.55833330000002
2022-08-05,0.5892523486082275,306.525,291.5125,0.0,322.40000000000003,1.7637500000000002,0.011747500000000001,3.4125,33.56666666666667,-117.55833330000002
2022-08-13,0.5293358791367689,304.6625,290.4625,0.0,316.725,1.42875,0.0118925,3.5125,33.56666666666667,-117.55833330000002
2022-08-21,0.5806760282590784,301.6875,289.5,0.0,302.6125,0.93,0.012295,3.5250000000000004,33.56666666666667,-117.55833330000002
2022-08-29,0.5141328241726463,308.8,293.88750000000005,0.0,287.2375,2.2325000000000004,0.012320000000000003,3.650000000000001,33.56666666666667,-117.55833330000002
2022-09-06,0.5,305.275,292.86249999999995,2.875,198.54999999999998,1.5275000000000003,0.013078750000000002,3.6375,33.56666666666667,-117.55833330000002
2022-09-14,0.4699283768673059,299.32500000000005,287.0874999999999,0.0,260.575,0.7837500000000001,0.01076,3.5125000000000006,33.56666666666667,-117.55833330000002
2022-09-22,0.3858671758273538,306.3375,290.3875,0.0,243.2,1.8712500000000003,0.010557500000000001,2.45,33.56666666666667,-117.55833330000002
2022-09-30,0.4,299.99999999999994,288.04999999999995,0.0,229.56250000000003,1.07125,0.009715,2.6000000000000005,33.56666666666667,-117.55833330000002
2022-10-08,0.3,297.875,288.7,1.1375000000000002,204.48750000000004,0.98875,0.00928375,2.7875,33.56666666666667,-117.55833330000002
2022-10-24,0.3,298.0125,284.325,0.0,182.75000000000003,1.17875,0.006685000000000001,2.125,33.56666666666667,-117.55833330000002
2022-11-01,0.2824820030464801,291.88750000000005,281.6875,9.1875,146.72500000000002,0.7350000000000001,0.0057425,3.9625,33.56666666666667,-117.55833330000002
2022-11-09,0.3,292.375,280.2375,0.0,168.32500000000002,0.9075000000000001,0.004537500000000001,2.7625,33.56666666666667,-117.55833330000002
2022-11-17,0.3141328241726462,296.05,282.43749999999994,0.0,163.5125,1.3262500000000002,0.00418625,2.8625000000000003,33.56666666666667,-117.55833330000002
2022-11-25,0.3141328241726462,291.63750000000005,280.5,0.0,124.65000000000002,0.7662500000000001,0.00524875,2.5875000000000004,33.56666666666667,-117.55833330000002
2022-12-03,0.352410379913786,290.1,279.03749999999997,0.1375,121.1,0.5462499999999999,0.005601250000000001,2.6,33.56666666666667,-117.55833330000002
2022-12-11,0.352410379913786,288.7375,277.97499999999997,2.4250000000000003,122.28750000000002,0.65125,0.004275,2.4250000000000003,33.56666666666667,-117.55833330000002
2022-12-19,0.4,295.98749999999995,282.2875,0.0,139.57500000000002,1.27875,0.004605,2.225,33.56666666666667,-117.55833330000002
2022-12-27,0.3,289.43999999999994,282.15999999999997,5.26,64.16,0.508,0.0062640000000000005,2.7400000000000007,33.56666666666667,-117.55833330000002
