date,LAI,tmmx,tmmn,pr,srad,vpd,sph,vs,lat,lon
2000-02-18,0.4999815470984117,290.625,275.075,1.6,145.5375,0.6175000000000002,0.004997500000000001,3.9750000000000005,36.025000000000006,-85.76666663333334
2000-02-26,0.7556893374729718,290.7625,276.55,3.0625,152.07500000000002,0.6125,0.005061250000000001,3.4125000000000005,36.025000000000006,-85.76666663333334
2000-03-05,0.744321570193663,294.32500000000005,276.4,2.4875,189.96249999999998,0.8975000000000001,0.005128750000000001,2.7375000000000003,36.025000000000006,-85.76666663333334
2000-03-13,0.8999962273825233,289.65000000000003,275.875,12.850000000000001,154.78750000000002,0.5225000000000001,0.005095000000000001,3.575,36.025000000000006,-85.76666663333334
2000-03-21,0.9443068899095515,293.5375,278.275,1.6500000000000001,221.3,0.7225,0.00601,3.3625000000000003,36.025000000000006,-85.76666663333334
2000-03-29,1.0557077903745602,291.175,277.2375,9.512500000000001,168.0625,0.5425,0.005950000000000001,3.6250000000000004,36.025000000000006,-85.76666663333334
2000-04-06,1.4443031172920748,292.09999999999997,276.85,5.7875000000000005,185.9,0.6074999999999999,0.0058337499999999995,4.3875,36.025000000000006,-85.76666663333334
2000-04-14,1.7886284601032145,294.63750000000005,281.8125,1.9500000000000002,185.42500000000004,0.69125,0.007490000000000001,3.7625,36.025000000000006,-85.76666663333334
2000-04-22,1.9443068899095515,291.35,278.95,5.075,192.65000000000003,0.5950000000000001,0.00579,2.8750000000000004,36.025000000000006,-85.76666663333334
2000-04-30,3.621475728411311,299.6375,286.08750000000003,1.5625,234.37500000000003,0.8775,0.010203750000000001,2.6,36.025000000000006,-85.76666663333334
2000-05-08,3.2557333783253064,299.76249999999993,285.1375,1.725,304.77500000000003,0.8575,0.010382500000000001,3.7625,36.025000000000006,-85.76666663333334
2000-05-16,3.710060147662191,300.7,286.9625,3.6500000000000004,264.58750000000003,0.865,0.011218750000000001,3.7375000000000003,36.025000000000006,-85.76666663333334
2000-05-24,3.6771503856001715,300.73749999999995,287.9875,10.2125,259.92499999999995,0.7449999999999999,0.01238875,3.325,36.025000000000006,-85.76666663333334
2000-06-01,3.355737150942783,300.79999999999995,287.1,0.775,289.6625,0.8799999999999999,0.011439999999999999,2.4375,36.025000000000006,-85.76666663333334
2000-06-09,3.0228496143998287,304.525,291.425,2.5500000000000003,275.8875,1.1125000000000003,0.014165,3.1250000000000004,36.025000000000006,-85.76666663333334
2000-06-17,3.4101448669351786,303.575,292.25,4.8,238.58750000000003,0.91875,0.01495875,3.1875000000000004,36.025000000000006,-85.76666663333334
2000-06-25,3.365723897184416,302.7,290.1125,4.0125,258.77500000000003,0.9512500000000002,0.01323875,1.7875,36.025000000000006,-85.76666663333334
2000-07-03,3.3986336592464355,306.0625,292.11249999999995,1.0125000000000002,289.05,1.0374999999999999,0.016182500000000002,3.0250000000000004,36.025000000000006,-85.76666663333334
2000-07-11,3.177161703452602,305.0875,292.78749999999997,3.4125,275.1625,1.09375,0.0153125,2.0375,36.025000000000006,-85.76666663333334
2000-07-19,2.6885366057810685,303.28749999999997,288.8625,0.7250000000000001,301.5875,1.05,0.01258,2.525,36.025000000000006,-85.76666663333334
2000-07-27,2.632751231182678,303.3875,292.3375,7.425000000000001,209.83750000000003,0.92625,0.014831250000000002,2.1,36.025000000000006,-85.76666663333334
2000-08-04,2.575695552956142,305.0625,293.46250000000003,5.612500000000001,249.58750000000003,0.9625,0.0165,2.9375,36.025000000000006,-85.76666663333334
2000-08-12,1.9214757284113109,304.85,290.075,0.0,312.00000000000006,1.25875,0.01314875,2.25,36.025000000000006,-85.76666663333334
2000-08-20,3.5098424854606076,303.72499999999997,289.5125,6.3375,238.325,1.0074999999999998,0.01345,2.45,36.025000000000006,-85.76666663333334
2000-08-28,3.1316575011496663,304.79999999999995,292.7625,0.425,241.92500000000004,1.0300000000000002,0.015467500000000002,2.3875000000000006,36.025000000000006,-85.76666663333334
2000-09-05,2.9873246131035724,301.02500000000003,290.175,1.975,175.78750000000002,0.69625,0.01366875,3.0875,36.025000000000006,-85.76666663333334
2000-09-13,3.198692380382882,300.075,284.15,0.6125,254.22500000000002,1.0250000000000001,0.009286250000000001,2.975,36.025000000000006,-85.76666663333334
2000-09-21,2.6671086908395694,297.15,283.97499999999997,4.675,187.3375,0.475,0.010922500000000002,2.8625,36.025000000000006,-85.76666663333334
2000-09-29,2.6100748279463017,301.1125,282.75,0.1375,219.425,1.06375,0.009201250000000001,3.1500000000000004,36.025000000000006,-85.76666663333334
2000-10-07,2.165782618320862,291.425,273.4875,0.0,193.2375,0.8624999999999999,0.00372375,2.4125,36.025000000000006,-85.76666663333334
2000-10-15,1.5215419947827105,298.83750000000003,282.68749999999994,0.4375,154.425,0.9612499999999999,0.00819625,1.8125000000000002,36.025000000000006,-85.76666663333334
2000-10-23,1.04429220962544,300.0,284.77500000000003,0.48750000000000004,137.9125,1.13,0.008445000000000001,2.0250000000000004,36.025000000000006,-85.76666663333334
2000-10-31,0.8886137798191028,296.3,283.9375,0.9250000000000002,106.80000000000001,0.9287500000000002,0.007533750000000001,2.9125,36.025000000000006,-85.76666663333334
2000-11-08,0.6000000000000001,287.08750000000003,274.7,8.4125,108.72500000000001,0.35625,0.00526375,3.4,36.025000000000006,-85.76666663333334
2000-11-16,0.6442737567238517,280.16249999999997,268.95,1.3,106.81250000000001,0.30375,0.0027375000000000003,2.9250000000000003,36.025000000000006,-85.76666663333334
2000-11-24,0.5443068899095515,284.475,273.2,2.65,96.975,0.35125,0.004035,3.3500000000000005,36.025000000000006,-85.76666663333334
2000-12-02,0.44432534281113967,279.4875,268.02500000000003,0.5,97.10000000000001,0.24,0.00289375,2.7000000000000006,36.025000000000006,-85.76666663333334
2000-12-10,0.45567465718886024,282.0625,269.65,15.1875,81.7625,0.22375000000000003,0.00398875,4.050000000000001,36.025000000000006,-85.76666663333334
2000-12-18,0.4443068899095514,273.6,262.8,0.25,93.72500000000001,0.17124999999999999,0.00183375,3.5500000000000003,36.025000000000006,-85.76666663333334
2000-12-26,0.30000000000000004,273.51666666666665,266.18333333333334,0.13333333333333333,59.583333333333336,0.18333333333333335,0.002021666666666667,3.483333333333334,36.025000000000006,-85.76666663333334
2001-01-01,0.4,277.2125,265.65,0.1125,97.975,0.20875,0.002455,2.7375,36.025000000000006,-85.76666663333334
2001-01-09,0.4,281.95,269.7375,0.9375000000000001,93.48750000000001,0.3025,0.0032800000000000004,2.2375000000000003,36.025000000000006,-85.76666663333334
2001-01-17,0.4,279.2875,268.8125,9.5,79.05,0.20375000000000001,0.00313875,2.1625,36.025000000000006,-85.76666663333334
2001-01-25,0.4,282.525,270.7375,2.1125000000000003,100.6875,0.31,0.0035825,3.8874999999999997,36.025000000000006,-85.76666663333334
2001-02-02,0.4443068899095514,286.05,271.71250000000003,2.5625,121.0875,0.545,0.0035200000000000006,3.5625000000000004,36.025000000000006,-85.76666663333334
2001-02-10,0.49999622738252325,285.5,275.025,14.3,92.05000000000001,0.26375000000000004,0.0053475,3.3375000000000004,36.025000000000006,-85.76666663333334
2001-02-18,0.5443068899095515,286.51250000000005,273.0375,4.950000000000001,124.33750000000002,0.3975000000000001,0.0044487500000000004,3.8625000000000003,36.025000000000006,-85.76666663333334
2001-02-26,0.5999962273825233,286.3125,274.775,1.5625,125.77500000000002,0.44375000000000003,0.0042450000000000005,3.0375,36.025000000000006,-85.76666663333334
2001-03-06,0.7442884370079632,286.0,271.5,1.0875000000000001,196.6625,0.5062500000000001,0.0034250000000000005,3.3875,36.025000000000006,-85.76666663333334
2001-03-14,0.7443068899095515,286.175,274.525,7.362500000000001,134.225,0.41375,0.00438625,3.8375,36.025000000000006,-85.76666663333334
2001-03-22,0.7000146802841116,285.25,271.3125,0.08750000000000001,196.95,0.48624999999999996,0.00326375,2.6375,36.025000000000006,-85.76666663333334
2001-03-30,1.04429220962544,292.575,280.275,0.8625,166.2375,0.66875,0.006585000000000001,3.2375000000000003,36.025000000000006,-85.76666663333334
2001-04-07,1.6329059894445428,300.4125,286.41249999999997,5.487500000000001,210.4125,1.1350000000000002,0.00931875,3.8875,36.025000000000006,-85.76666663333334
2001-04-15,1.7658342044081503,292.525,278.5125,1.8875000000000002,216.625,0.75125,0.005797500000000001,4.300000000000001,36.025000000000006,-85.76666663333334
2001-04-23,3.465753257752639,296.7375,281.0875,0.38750000000000007,264.70000000000005,1.00875,0.0064375000000000005,2.7625000000000006,36.025000000000006,-85.76666663333334
2001-05-01,3.5657532577526396,299.825,286.73749999999995,3.0375,262.21250000000003,0.9812499999999998,0.009802500000000002,2.1250000000000004,36.025000000000006,-85.76666663333334
2001-05-09,3.6430361760956096,299.02500000000003,284.6875,3.1875,270.0625,0.7799999999999999,0.010037500000000001,2.7375,36.025000000000006,-85.76666663333334
2001-05-17,2.9645853059274785,299.225,285.71250000000003,5.0249999999999995,240.77500000000003,0.72625,0.010967500000000002,3.5625,36.025000000000006,-85.76666663333334
2001-05-25,2.9658413394573087,297.22499999999997,284.66249999999997,4.3375,255.3625,0.675,0.009543750000000002,2.75,36.025000000000006,-85.76666663333334
2001-06-02,2.8772422399223174,299.725,286.83750000000003,4.025,212.71250000000003,0.485,0.013061250000000002,2.7125000000000004,36.025000000000006,-85.76666663333334
2001-06-10,3.0772422399223176,303.83750000000003,289.9125,2.6875,309.1625,1.0175,0.013595000000000001,1.8875000000000002,36.025000000000006,-85.76666663333334
2001-07-04,3.4872805722512386,305.7625,292.825,4.0375000000000005,278.525,0.9675,0.016745000000000003,2.4875,36.025000000000006,-85.76666663333334
2001-07-12,3.609997653908268,303.2375,289.6875,0.3375,298.3375,1.00875,0.013138750000000001,2.4125,36.025000000000006,-85.76666663333334
2001-07-20,3.365793525987497,304.3125,294.03749999999997,3.0500000000000003,220.5625,0.8987499999999999,0.01642625,2.1500000000000004,36.025000000000006,-85.76666663333334
2001-07-28,2.644218808204882,303.48749999999995,293.4625,7.45,213.2375,0.7162499999999999,0.016677500000000005,2.175,36.025000000000006,-85.76666663333334
2001-08-05,2.8760008866765987,303.13750000000005,293.0875,4.825000000000001,214.57500000000002,0.655,0.016582500000000003,2.1125,36.025000000000006,-85.76666663333334
2001-08-13,2.976008431911552,302.8875,291.05,1.1375000000000002,262.63750000000005,0.8474999999999999,0.01434875,2.1875,36.025000000000006,-85.76666663333334
2001-08-21,3.210052602427237,304.7375,291.29999999999995,0.33749999999999997,275.1875,0.9475,0.015313750000000001,2.5250000000000004,36.025000000000006,-85.76666663333334
2001-08-29,2.6203115492036266,301.2375,290.8625,3.5000000000000004,191.53750000000002,0.5775,0.01477125,1.9500000000000002,36.025000000000006,-85.76666663333334
2001-09-06,2.8872877073003966,302.9875,289.275,2.35,228.37500000000003,0.9125,0.013418750000000002,3.1,36.025000000000006,-85.76666663333334
2001-09-14,2.787287707300396,298.26250000000005,285.1125,5.4625,202.01250000000002,0.6912499999999999,0.01022,2.5125,36.025000000000006,-85.76666663333334
2001-09-22,2.6316277303956475,295.2375,280.91249999999997,4.45,223.16250000000002,0.6437500000000002,0.008011250000000001,2.8375000000000004,36.025000000000006,-85.76666663333334
2001-09-30,2.554377945238377,296.48749999999995,279.25,3.975,218.01250000000002,0.89625,0.0066225,3.2375000000000003,36.025000000000006,-85.76666663333334
2001-10-08,1.9101373217002253,295.8625,280.96250000000003,7.287500000000001,156.83749999999998,0.6862500000000001,0.00787,4.2625,36.025000000000006,-85.76666663333334
2001-10-16,1.5771797461683943,294.7,277.88750000000005,0.1,184.33750000000003,0.7787499999999999,0.00639125,2.9750000000000005,36.025000000000006,-85.76666663333334
2001-10-24,1.0885990995349912,291.0125,273.925,2.25,174.3125,0.71375,0.00456625,3.4250000000000003,36.025000000000006,-85.76666663333334
2001-11-01,0.9886284601032145,295.6375,275.575,0.0,135.525,0.9050000000000001,0.005306249999999999,2.6625000000000005,36.025000000000006,-85.76666663333334
2001-11-09,0.6999853197158885,293.3125,273.55,0.0,137.5875,0.82125,0.00429625,2.25,36.025000000000006,-85.76666663333334
2001-11-17,0.6000146802841116,291.11249999999995,274.2125,5.9375,101.225,0.55375,0.005357499999999999,3.0000000000000004,36.025000000000006,-85.76666663333334
2001-11-25,0.5442922096254399,292.65,278.03749999999997,3.6000000000000005,97.375,0.47875,0.007010000000000001,3.2875,36.025000000000006,-85.76666663333334
2001-12-03,0.5,289.97499999999997,278.2625,5.775,66.0625,0.46625,0.0061062500000000006,2.375,36.025000000000006,-85.76666663333334
2001-12-11,0.5442884370079631,289.77500000000003,278.15,5.2875000000000005,75.45,0.38375000000000004,0.0063500000000000015,3.7750000000000004,36.025000000000006,-85.76666663333334
2001-12-19,0.5443068899095515,281.4125,268.5625,2.2625,85.5125,0.345,0.0028312500000000004,3.3625000000000003,36.025000000000006,-85.76666663333334
2001-12-27,0.4999815470984117,276.82,266.08,0.0,89.9,0.314,0.001768,3.16,36.025000000000006,-85.76666663333334
2002-01-01,0.4,276.725,266.0875,1.4875,77.0625,0.25375,0.00207625,3.0625,36.025000000000006,-85.76666663333334
2002-01-09,0.4000146802841116,285.6375,271.09999999999997,0.5,105.73750000000001,0.45000000000000007,0.00344,3.4750000000000005,36.025000000000006,-85.76666663333334
2002-01-25,0.4999815470984117,292.9125,277.35,1.5,117.67499999999998,0.66,0.006166250000000001,3.6875,36.025000000000006,-85.76666663333334
2002-02-02,0.49999622738252325,280.1625,269.4375,2.4375,107.47500000000001,0.3075,0.0028362500000000002,2.7125,36.025000000000006,-85.76666663333334
2002-02-10,0.49998531971588844,283.42499999999995,271.325,0.625,144.3125,0.395,0.00320375,3.3125,36.025000000000006,-85.76666663333334
2002-02-18,0.544321570193663,286.71250000000003,272.3125,1.4875,141.13750000000002,0.5,0.0037225,3.937500000000001,36.025000000000006,-85.76666663333334
2002-02-26,0.5443068899095515,280.92499999999995,267.3125,1.475,149.13750000000002,0.42625,0.0021375000000000005,4.7875000000000005,36.025000000000006,-85.76666663333334
2002-03-06,0.6442884370079631,288.86249999999995,274.025,1.9625000000000001,159.0,0.625,0.0039475000000000005,3.5875000000000004,36.025000000000006,-85.76666663333334
2002-03-14,0.5886284601032143,293.8875,281.65,16.887500000000003,133.45000000000002,0.6875,0.0070775000000000005,3.875,36.025000000000006,-85.76666663333334
2002-03-22,0.5443177975761863,288.1375,272.6875,3.9250000000000007,198.91250000000005,0.5725,0.003977500000000001,3.6875000000000004,36.025000000000006,-85.76666663333334
2002-03-30,0.7886137798191029,289.43750000000006,276.55,6.1000000000000005,176.97500000000002,0.59,0.0048137499999999995,3.4750000000000005,36.025000000000006,-85.76666663333334
2002-04-07,1.1772460125397939,296.6375,282.56250000000006,0.48750000000000004,191.1125,0.88625,0.00744875,4.2,36.025000000000006,-85.76666663333334
2002-04-15,1.4328581759747312,301.7,288.5375,1.0250000000000001,209.97500000000002,1.2012500000000002,0.010440000000000003,3.375000000000001,36.025000000000006,-85.76666663333334
2002-04-23,1.9215088615970108,294.675,280.33750000000003,8.95,188.58750000000003,0.7375,0.00685125,3.6625000000000005,36.025000000000006,-85.76666663333334
2002-05-01,2.8872508014972196,299.2375,286.53749999999997,7.4624999999999995,217.66250000000002,0.7837500000000002,0.010931250000000002,4.112500000000001,36.025000000000006,-85.76666663333334
2002-05-09,3.010001016339949,297.85,284.4625,7.775,234.175,0.77125,0.00961875,3.9125000000000005,36.025000000000006,-85.76666663333334
2002-05-17,3.4986038884924167,293.0,279.06249999999994,2.6625,275.9875,0.63875,0.0064600000000000005,3.3250000000000006,36.025000000000006,-85.76666663333334
2002-05-25,3.74289232550038,301.59999999999997,290.41249999999997,1.6875,232.08749999999998,1.0150000000000001,0.01213125,2.0625,36.025000000000006,-85.76666663333334
2002-06-02,3.942885190451222,304.1625,290.5375,3.4750000000000005,283.1,0.9525,0.01465375,2.9125000000000005,36.025000000000006,-85.76666663333334
2002-06-10,3.9314951976528487,302.1125,288.9375,1.1625,274.5,0.9700000000000001,0.01228875,2.5375,36.025000000000006,-85.76666663333334
2002-06-18,3.9985892082083057,303.9375,290.8625,0.375,281.375,1.19875,0.0129025,2.2625,36.025000000000006,-85.76666663333334
2002-06-26,3.775805860179876,304.56249999999994,293.41249999999997,3.9750000000000005,226.175,1.07,0.015282500000000003,1.85,36.025000000000006,-85.76666663333334
2002-07-04,3.954341449620996,306.3625,293.375,2.375,272.65000000000003,1.10625,0.0166175,2.45,36.025000000000006,-85.76666663333334
2002-07-12,3.2201827890783044,303.30000000000007,292.525,7.650000000000001,216.8125,0.815,0.015501250000000001,1.825,36.025000000000006,-85.76666663333334
2002-07-20,3.2758574462671644,305.3375,293.675,2.95,230.7625,0.9937500000000001,0.01649875,2.1125,36.025000000000006,-85.76666663333334
2002-07-28,3.3657092169003047,306.8875,294.40000000000003,1.9125,264.1,1.2675000000000003,0.016567500000000002,2.5125000000000006,36.025000000000006,-85.76666663333334
2002-08-05,3.8429367765385103,305.45000000000005,289.775,0.0,307.35,1.31,0.0131425,2.25,36.025000000000006,-85.76666663333334
2002-08-13,2.864519039556079,304.65,292.50000000000006,4.3875,197.58750000000003,0.9912500000000001,0.015433750000000001,2.6375,36.025000000000006,-85.76666663333334
2002-08-21,3.2201974693624154,304.97499999999997,292.875,2.6125000000000003,221.675,1.1125,0.015226250000000002,2.325,36.025000000000006,-85.76666663333334
2002-08-29,2.8317015420020004,304.35,291.96250000000003,0.30000000000000004,217.2375,1.13625,0.014063750000000002,2.0250000000000004,36.025000000000006,-85.76666663333334
2002-09-06,3.287273027016285,305.52500000000003,289.53749999999997,0.0,255.3,1.4125,0.01244875,2.5625,36.025000000000006,-85.76666663333334
2002-09-14,2.475934620305199,302.975,291.725,9.3625,172.975,0.90375,0.01430375,2.75,36.025000000000006,-85.76666663333334
2002-09-22,2.4986810625304514,298.4,285.52500000000003,12.525,167.025,0.5700000000000001,0.0112025,3.6875,36.025000000000006,-85.76666663333334
2002-09-30,2.5429254586860797,299.0875,289.0875,3.375,156.8625,0.605,0.012661250000000002,2.975,36.025000000000006,-85.76666663333334
2002-10-08,1.875963980873422,295.4375,284.4,4.1000000000000005,136.6375,0.42500000000000004,0.010228750000000002,2.6375,36.025000000000006,-85.76666663333334
2002-10-16,1.3215197692636456,289.75,281.23749999999995,0.6375000000000001,126.83750000000002,0.3325,0.007287500000000001,2.725,36.025000000000006,-85.76666663333334
2002-10-24,0.9658413394573087,291.33750000000003,283.0375,4.7625,94.10000000000002,0.25125000000000003,0.008977500000000001,2.325,36.025000000000006,-85.76666663333334
2002-11-01,0.844321570193663,286.21250000000003,275.35,4.9750000000000005,104.73750000000001,0.33,0.005017499999999999,2.8375000000000004,36.025000000000006,-85.76666663333334
2002-11-09,0.7000109076666349,288.725,278.31249999999994,8.275,98.66250000000001,0.39,0.00620625,4.0375,36.025000000000006,-85.76666663333334
2002-11-17,0.6557040177570834,285.9875,273.83750000000003,0.4125,109.18750000000001,0.40125,0.004408750000000001,3.587500000000001,36.025000000000006,-85.76666663333334
2002-11-25,0.5999962273825233,280.55,269.9375,0.4625,96.6375,0.28625,0.00307,3.5875000000000004,36.025000000000006,-85.76666663333334
2002-12-03,0.5999962273825233,279.0125,269.08750000000003,12.9375,79.35000000000001,0.22375,0.0029987500000000005,2.7875000000000005,36.025000000000006,-85.76666663333334
2002-12-11,0.5442922096254399,284.8875,274.8875,3.0375000000000005,84.275,0.33375,0.00457,3.7125000000000004,36.025000000000006,-85.76666663333334
2002-12-19,0.5000146802841116,281.975,272.8875,6.2,74.325,0.28750000000000003,0.0037925000000000007,4.2625,36.025000000000006,-85.76666663333334
2002-12-27,0.4999815470984117,285.66,274.08000000000004,0.36,86.12,0.302,0.004904,3.6400000000000006,36.025000000000006,-85.76666663333334
2003-01-01,0.5,282.48749999999995,271.0875,0.9375,86.325,0.29125,0.0036975000000000003,3.4875000000000007,36.025000000000006,-85.76666663333334
2003-01-09,0.44432534281113967,277.6375,266.31250000000006,0.75,96.01250000000002,0.30125,0.0020462500000000003,3.1375,36.025000000000006,-85.76666663333334
2003-01-17,0.4443068899095514,273.6125,262.075,1.075,105.76250000000002,0.17374999999999996,0.0018575,4.2625,36.025000000000006,-85.76666663333334
2003-01-25,0.44432534281113967,278.8,267.6875,2.0625,92.925,0.24250000000000002,0.00277375,3.2625,36.025000000000006,-85.76666663333334
2003-02-02,0.4443068899095514,280.66249999999997,269.72499999999997,4.9125000000000005,115.64999999999999,0.28125,0.0033575,3.8125000000000004,36.025000000000006,-85.76666663333334
2003-02-10,0.4999815470984117,281.45,272.3875,19.774999999999995,98.73750000000003,0.25875,0.003933750000000001,3.6625000000000005,36.025000000000006,-85.76666663333334
2003-02-18,0.5443068899095515,282.675,273.3875,6.762499999999999,101.3875,0.21249999999999997,0.0046,3.525,36.025000000000006,-85.76666663333334
2003-02-26,0.5443068899095515,285.46250000000003,273.875,1.75,143.8375,0.34875,0.0046612500000000005,2.775,36.025000000000006,-85.76666663333334
2003-03-06,0.5885990995349912,289.16249999999997,274.13750000000005,0.28750000000000003,202.25,0.5275,0.004781250000000001,3.075,36.025000000000006,-85.76666663333334
2003-03-14,0.6443068899095514,291.79999999999995,282.0125,5.0625,132.225,0.4975,0.007285000000000001,2.8000000000000003,36.025000000000006,-85.76666663333334
2003-03-22,0.8886284601032144,292.5625,279.28749999999997,2.075,206.97499999999997,0.6912499999999999,0.00586375,3.45,36.025000000000006,-85.76666663333334
2003-03-30,1.388613779819103,291.9375,277.86249999999995,6.325,210.18749999999997,0.6399999999999999,0.006016250000000002,4.9375,36.025000000000006,-85.76666663333334
2003-04-07,1.6885659663492913,293.625,280.225,4.625,188.9,0.8,0.0060887499999999995,3.0500000000000003,36.025000000000006,-85.76666663333334
2003-04-15,2.7657272596160976,297.37499999999994,285.25,3.3625000000000003,224.22500000000002,0.9475,0.008230000000000001,3.8375000000000004,36.025000000000006,-85.76666663333334
2003-04-23,3.0214648207446766,296.12499999999994,283.4125,2.2750000000000004,211.3375,0.84,0.00784,2.7874999999999996,36.025000000000006,-85.76666663333334
2003-05-01,2.908885060787872,299.1375,288.53749999999997,26.2125,238.02500000000003,0.685,0.011867500000000001,3.5125,36.025000000000006,-85.76666663333334
2003-05-09,3.3429661371067336,298.04999999999995,285.75,3.15,263.01250000000005,0.6525,0.010828750000000002,4.050000000000001,36.025000000000006,-85.76666663333334
2003-05-17,3.0873321583385263,296.4875,287.6875,5.425000000000001,205.97500000000002,0.5325,0.01094375,3.0500000000000007,36.025000000000006,-85.76666663333334
2003-05-25,2.998795552557458,295.96250000000003,284.7125,0.475,265.6125,0.625,0.009143750000000003,3.3500000000000005,36.025000000000006,-85.76666663333334
2003-06-02,2.5544702097463183,298.1375,285.8125,7.0125,227.56250000000006,0.57625,0.01106125,2.5250000000000004,36.025000000000006,-85.76666663333334
2003-06-10,2.564603758829067,302.18750000000006,291.675,6.3625,229.9875,0.8174999999999999,0.014225000000000002,2.6875000000000004,36.025000000000006,-85.76666663333334
2003-06-18,3.921376328854211,301.33750000000003,288.43750000000006,1.3250000000000002,289.9875,0.88625,0.01218625,2.1375,36.025000000000006,-85.76666663333334
2003-06-26,2.6771319326985825,302.37500000000006,291.7375,4.6875,249.22500000000002,0.8675,0.01411125,2.275,36.025000000000006,-85.76666663333334
2003-07-04,2.6544257587081885,303.175,293.15000000000003,5.2250000000000005,236.16250000000002,0.75375,0.016005,3.3375,36.025000000000006,-85.76666663333334
2003-07-12,3.0430248582431796,304.37499999999994,292.6625,1.6750000000000003,283.375,0.9475,0.01555125,2.225,36.025000000000006,-85.76666663333334
2003-07-20,3.28731706786862,303.09999999999997,291.65,5.25,295.3375,0.9025,0.01454,2.8000000000000003,36.025000000000006,-85.76666663333334
2003-07-28,3.243032403478133,303.78749999999997,292.65,11.799999999999999,231.575,0.8250000000000001,0.01583,2.2750000000000004,36.025000000000006,-85.76666663333334
2003-08-05,3.5873392933876844,302.15,291.27500000000003,3.3249999999999997,230.95,0.74875,0.014475000000000002,2.0,36.025000000000006,-85.76666663333334
2003-08-13,3.587335520770208,304.9750000000001,293.8625,1.125,221.5875,0.94625,0.01661,1.7125,36.025000000000006,-85.76666663333334
2003-08-21,3.4543854904733307,305.7125,293.1,1.875,255.01249999999996,1.04125,0.01628875,2.325,36.025000000000006,-85.76666663333334
2003-08-29,3.4101004158970483,302.8125,291.81249999999994,10.1125,198.8125,0.8012500000000001,0.014990000000000003,2.9375000000000004,36.025000000000006,-85.76666663333334
2003-09-06,3.3986848351479284,301.175,288.425,0.0,243.7625,0.98,0.01125,1.9875,36.025000000000006,-85.76666663333334
2003-09-14,3.065676083714605,300.08750000000003,286.275,2.3,225.16250000000002,0.8025,0.0109375,2.7125000000000004,36.025000000000006,-85.76666663333334
2003-09-22,2.7987511015193283,297.2375,284.03749999999997,8.425,204.65,0.6412500000000001,0.00987375,2.9250000000000003,36.025000000000006,-85.76666663333334
2003-09-30,2.710085735612937,293.96250000000003,278.9625,0.36250000000000004,192.91250000000002,0.6587500000000001,0.006691250000000001,2.225,36.025000000000006,-85.76666663333334
2003-10-08,1.7101335490827485,297.12499999999994,284.7125,1.8375,145.3375,0.6675000000000001,0.009695,2.5,36.025000000000006,-85.76666663333334
2003-10-16,1.3772275596382058,295.275,279.83750000000003,0.125,179.7625,0.765,0.006822500000000001,2.5,36.025000000000006,-85.76666663333334
2003-10-24,1.1329206697286542,294.2375,279.31250000000006,3.3875,158.3875,0.65,0.0069987500000000015,3.325,36.025000000000006,-85.76666663333334
2003-11-01,0.8443031172920747,294.76250000000005,282.22499999999997,1.7875,119.525,0.7462500000000001,0.007451250000000002,2.675,36.025000000000006,-85.76666663333334
2003-11-09,0.7885953269175145,289.2375,276.63750000000005,4.1000000000000005,95.23750000000001,0.5425000000000001,0.005220000000000001,3.7,36.025000000000006,-85.76666663333334
2003-11-17,0.5000293605682231,292.6625,278.2375,5.4625,107.9,0.60125,0.00634125,4.0125,36.025000000000006,-85.76666663333334
2003-11-25,0.5442884370079631,284.33750000000003,271.15,4.8875,94.2125,0.4050000000000001,0.003465,3.6750000000000003,36.025000000000006,-85.76666663333334
2003-12-03,0.444321570193663,284.25,272.2,4.237500000000001,71.0,0.32249999999999995,0.004002500000000001,3.9375,36.025000000000006,-85.76666663333334
2003-12-11,0.4443068899095514,280.8875,270.4625,3.0000000000000004,74.5875,0.27,0.0032400000000000003,3.7624999999999997,36.025000000000006,-85.76666663333334
2003-12-19,0.54425907643974,281.1875,270.0,2.4250000000000003,86.88750000000002,0.32375000000000004,0.0030175,3.5375,36.025000000000006,-85.76666663333334
2003-12-27,0.4999815470984117,285.2,273.03999999999996,4.08,99.4,0.4720000000000001,0.00349,3.2600000000000002,36.025000000000006,-85.76666663333334
2004-01-01,0.45567465718886024,286.23749999999995,273.225,4.625,87.26250000000002,0.52125,0.0044624999999999995,4.325,36.025000000000006,-85.76666663333334
2004-01-09,0.5,281.4125,268.68749999999994,0.3875,100.82500000000002,0.35124999999999995,0.00272125,3.2375000000000007,36.025000000000006,-85.76666663333334
2004-01-17,0.49998531971588844,279.325,267.42499999999995,3.9125000000000005,95.69999999999999,0.315,0.00235875,3.3375,36.025000000000006,-85.76666663333334
2004-01-25,0.5,281.3125,266.9,3.8875,109.07500000000002,0.34875,0.0026675,4.0625,36.025000000000006,-85.76666663333334
2004-02-02,0.4443068899095514,281.35,270.3875,17.224999999999998,85.81250000000001,0.26875,0.0033675000000000003,4.1875,36.025000000000006,-85.76666663333334
2004-02-10,0.4442922096254398,282.125,270.58750000000003,1.5,105.6625,0.33124999999999993,0.0031437500000000007,2.5625000000000004,36.025000000000006,-85.76666663333334
2004-02-18,0.5,286.6125,272.48749999999995,0.33749999999999997,143.6125,0.4600000000000001,0.00389375,3.7250000000000005,36.025000000000006,-85.76666663333334
2004-02-26,0.5000146802841116,289.9625,276.22499999999997,5.3375,135.1,0.62875,0.00489125,3.3875,36.025000000000006,-85.76666663333334
2004-03-05,0.6443068899095514,288.45000000000005,275.28749999999997,6.3875,174.07500000000002,0.6162500000000001,0.00425875,4.075,36.025000000000006,-85.76666663333334
2004-03-13,0.6999853197158885,291.02500000000003,276.6,4.800000000000001,161.32500000000002,0.67875,0.004846250000000001,3.475,36.025000000000006,-85.76666663333334
2004-03-21,0.6557224706586717,292.97499999999997,277.7,0.0,197.4375,0.9325,0.00472875,3.725,36.025000000000006,-85.76666663333334
2004-03-29,1.0443031172920747,288.7125,276.825,2.9875000000000003,186.925,0.61875,0.004356250000000001,3.2625,36.025000000000006,-85.76666663333334
2004-04-06,1.3885953269175144,291.125,278.26250000000005,9.175,148.60000000000002,0.70875,0.005052500000000001,3.3875,36.025000000000006,-85.76666663333334
2004-04-14,1.9329059894445426,296.98749999999995,281.2,0.225,231.97500000000002,1.0325000000000002,0.006481250000000001,3.775,36.025000000000006,-85.76666663333334
2004-04-22,2.788562193731815,298.25,283.7,3.5375000000000005,234.625,1.1025,0.007447500000000001,3.6875000000000004,36.025000000000006,-85.76666663333334
2004-04-30,3.5885219254969565,296.9,282.3125,3.2625,243.00000000000003,0.8187500000000001,0.00820875,3.075,36.025000000000006,-85.76666663333334
2004-05-08,3.399823426404866,301.075,289.35,4.4125000000000005,222.38750000000002,1.00875,0.01135125,2.8000000000000003,36.025000000000006,-85.76666663333334
2004-05-16,2.910089508230414,301.825,290.075,2.675,234.71250000000003,0.9312500000000001,0.012687500000000004,3.2750000000000004,36.025000000000006,-85.76666663333334
2004-05-24,3.087298614967031,302.55,291.11249999999995,6.237500000000001,242.3625,0.95375,0.0134225,4.625,36.025000000000006,-85.76666663333334
2004-06-01,2.4544404389923,300.93750000000006,288.4125,2.85,268.6625,0.8624999999999999,0.01186375,2.35,36.025000000000006,-85.76666663333334
2004-06-09,2.0544182134732347,303.775,294.4,5.7875,205.3125,0.95375,0.0158225,2.3125,36.025000000000006,-85.76666663333334
2004-06-17,1.8329978437666887,301.9875,292.0625,4.4125000000000005,230.0,0.77125,0.014598749999999999,2.3375000000000004,36.025000000000006,-85.76666663333334
2004-06-25,1.8215306769302804,300.175,290.67499999999995,6.612500000000002,210.0125,0.7575000000000001,0.012826249999999999,1.6500000000000001,36.025000000000006,-85.76666663333334
2004-07-03,2.04418149221591,304.29999999999995,293.0625,8.412500000000001,282.575,1.0225,0.015191250000000003,2.7875,36.025000000000006,-85.76666663333334
2004-07-11,2.4658119788890858,303.07500000000005,291.98749999999995,2.1625,262.26250000000005,0.8825,0.014688750000000002,2.5375,36.025000000000006,-85.76666663333334
2004-07-19,3.0214501404605647,303.5,291.7625,7.050000000000001,269.05,0.9625,0.014436250000000001,2.1625,36.025000000000006,-85.76666663333334
2004-07-27,3.58858441925088,304.06250000000006,291.4,1.075,300.4625,1.1075000000000002,0.013875000000000002,2.1875000000000004,36.025000000000006,-85.76666663333334
2004-08-04,3.5556230711015724,301.65,288.325,3.1500000000000004,266.825,0.9237500000000001,0.012105,2.5625,36.025000000000006,-85.76666663333334
2004-08-12,3.765734804851051,299.95000000000005,285.825,1.05,275.1375,0.87375,0.010516250000000001,2.6250000000000004,36.025000000000006,-85.76666663333334
2004-08-20,1.9000259981365417,302.6875,291.4875,3.7875000000000005,203.9125,0.8699999999999999,0.014203750000000001,2.6999999999999997,36.025000000000006,-85.76666663333334
2004-08-28,2.631565236641724,301.54999999999995,291.1875,2.8625000000000003,207.6875,0.8162499999999999,0.013630000000000001,2.1875,36.025000000000006,-85.76666663333334
2004-09-05,2.8429476842051455,301.23749999999995,290.05000000000007,1.8125000000000002,204.96250000000003,0.8300000000000001,0.012945,3.1,36.025000000000006,-85.76666663333334
2004-09-13,3.0655578210701213,299.325,286.05,11.3625,212.4,0.7725,0.010716250000000002,3.9000000000000004,36.025000000000006,-85.76666663333334
2004-09-21,3.0098835740670564,299.9,286.2,0.0,228.8125,0.8662500000000001,0.010443750000000002,2.725,36.025000000000006,-85.76666663333334
2004-09-29,2.3100341495256487,296.9625,282.2375,0.23750000000000002,223.27500000000003,0.8250000000000001,0.007840000000000001,2.35,36.025000000000006,-85.76666663333334
2004-10-07,1.5987217409511048,295.125,284.375,3.875,132.0,0.5575,0.009148750000000002,3.3375000000000004,36.025000000000006,-85.76666663333334
2004-10-15,1.1772128793540941,294.6,281.97499999999997,6.9375,166.36250000000004,0.56125,0.008565000000000001,3.6,36.025000000000006,-85.76666663333334
2004-10-23,1.0329206697286544,297.6875,287.025,1.5625,133.225,0.64375,0.01074125,3.1125,36.025000000000006,-85.76666663333334
2004-10-31,0.8886137798191028,294.32500000000005,281.625,1.5875000000000001,112.875,0.6225,0.007893750000000001,3.6875,36.025000000000006,-85.76666663333334
2004-11-08,0.7999962273825232,289.55,274.95000000000005,2.3875,122.23750000000003,0.5512499999999999,0.004640000000000001,3.6750000000000007,36.025000000000006,-85.76666663333334
2004-11-16,0.7443031172920747,291.025,282.4,1.5875000000000001,51.35,0.44125000000000003,0.00740875,1.5,36.025000000000006,-85.76666663333334
2004-11-24,0.5999962273825233,286.425,274.96250000000003,8.162500000000001,91.11250000000001,0.38125000000000003,0.004786250000000001,4.1875,36.025000000000006,-85.76666663333334
2004-12-02,0.5443068899095515,288.8125,276.0625,17.5125,96.1,0.47125000000000006,0.005215,3.225,36.025000000000006,-85.76666663333334
2004-12-10,0.5000146802841116,281.4,271.425,1.0125,79.86250000000001,0.34875,0.0030762500000000004,3.5875,36.025000000000006,-85.76666663333334
2004-12-18,0.444321570193663,278.7,265.425,5.625,77.3125,0.28125,0.0023737500000000004,3.5999999999999996,36.025000000000006,-85.76666663333334
2004-12-26,0.4443068899095514,282.34999999999997,271.8333333333333,0.08333333333333333,75.75000000000001,0.2783333333333334,0.004151666666666667,3.3000000000000003,36.025000000000006,-85.76666663333334
2005-01-01,0.4443068899095514,290.825,281.2625,6.15,63.5375,0.55,0.006565,3.8500000000000005,36.025000000000006,-85.76666663333334
2005-01-09,0.4999815470984117,287.2625,275.99999999999994,6.4750000000000005,92.85000000000001,0.48,0.00493625,4.3500000000000005,36.025000000000006,-85.76666663333334
2005-01-17,0.4999815470984117,278.18750000000006,266.3375,0.0,100.03750000000001,0.33375000000000005,0.00200875,4.0625,36.025000000000006,-85.76666663333334
2005-01-25,0.4443068899095514,280.8,271.7,3.9125,86.53750000000001,0.33999999999999997,0.0029912500000000004,3.2,36.025000000000006,-85.76666663333334
2005-02-02,0.4442922096254398,285.77500000000003,274.7625,2.6750000000000003,95.6,0.39875000000000005,0.0044262500000000005,2.7875,36.025000000000006,-85.76666663333334
2005-02-10,0.5443068899095515,285.3,273.7,3.875,115.2125,0.38999999999999996,0.004268750000000001,4.1625000000000005,36.025000000000006,-85.76666663333334
2005-02-18,0.5,285.2125,274.0875,6.4625,120.57500000000002,0.38249999999999995,0.0042675000000000005,2.9125,36.025000000000006,-85.76666663333334
2005-02-26,0.6000000000000001,284.25,271.09999999999997,1.9500000000000002,155.57500000000002,0.44000000000000006,0.0031875000000000002,3.6875,36.025000000000006,-85.76666663333334
2005-03-06,0.6443068899095514,285.98749999999995,272.4,1.5125000000000002,156.8375,0.48249999999999993,0.0035987500000000004,4.4,36.025000000000006,-85.76666663333334
2005-03-14,0.7000000000000001,285.25,272.83750000000003,1.425,150.66250000000002,0.4674999999999999,0.0034800000000000005,3.5625,36.025000000000006,-85.76666663333334
2005-03-22,0.9,292.575,278.725,3.2625,166.91250000000002,0.6775,0.005863750000000001,3.0,36.025000000000006,-85.76666663333334
2005-03-30,1.0000146802841114,293.4625,278.5125,7.3,186.9,0.78,0.0057062499999999995,4.3374999999999995,36.025000000000006,-85.76666663333334
2005-04-07,1.6442737567238517,296.3,283.46250000000003,3.6125000000000003,198.76250000000002,0.9049999999999999,0.007361250000000001,2.9875000000000003,36.025000000000006,-85.76666663333334
2005-04-15,2.088569738966768,298.2,281.725,2.8875,236.25,1.115,0.006580000000000001,2.825,36.025000000000006,-85.76666663333334
2005-04-23,2.877172611119236,289.96250000000003,276.575,6.5,161.175,0.535,0.0053100000000000005,4.625000000000001,36.025000000000006,-85.76666663333334
2005-05-01,3.2771872914033477,293.29999999999995,277.65000000000003,0.0,289.65000000000003,0.7837500000000001,0.005475,2.125,36.025000000000006,-85.76666663333334
2005-05-09,3.6658010712224502,299.96250000000003,284.675,1.75,288.88750000000005,1.0075,0.009442500000000001,2.6875000000000004,36.025000000000006,-85.76666663333334
2005-05-17,3.8214610481271993,299.37500000000006,284.4625,2.7875,279.975,0.95375,0.00907875,3.0375,36.025000000000006,-85.76666663333334
2005-05-25,4.05438549047333,298.53749999999997,284.3,1.4125,276.62500000000006,0.9650000000000001,0.008445000000000001,2.7125000000000004,36.025000000000006,-85.76666663333334
2005-06-02,3.809942295203503,303.16249999999997,291.75,4.6375,250.3625,0.9625,0.0141925,2.3125,36.025000000000006,-85.76666663333334
2005-06-10,3.565734804851051,302.525,290.1125,0.5375000000000001,255.4875,0.92625,0.013367500000000001,3.1250000000000004,36.025000000000006,-85.76666663333334
2005-06-18,3.7101192789844326,303.15000000000003,290.0,0.0,293.125,1.2325000000000002,0.011817500000000002,1.6874999999999998,36.025000000000006,-85.76666663333334
2005-06-26,2.6329391226302423,304.05,293.375,4.3500000000000005,215.63750000000002,1.04,0.015040000000000001,1.8000000000000003,36.025000000000006,-85.76666663333334
2005-07-04,3.0986739274812933,303.25,292.575,5.45,244.42499999999998,0.9462499999999999,0.014690000000000002,3.2875,36.025000000000006,-85.76666663333334
2005-07-12,3.110133959268544,302.65000000000003,292.8375,9.6125,220.07500000000002,0.7475,0.015620000000000002,3.375,36.025000000000006,-85.76666663333334
2005-07-20,3.465694536616193,306.7375,296.2,1.95,290.9875,1.2675,0.017374999999999998,1.85,36.025000000000006,-85.76666663333334
2005-07-28,3.577209516922413,305.1875,292.88749999999993,0.375,282.1625,1.235,0.014525000000000001,1.6,36.025000000000006,-85.76666663333334
2005-08-05,3.6658232967415154,305.125,292.475,2.1750000000000003,270.2125,1.225,0.01446125,1.6375000000000002,36.025000000000006,-85.76666663333334
2005-08-13,3.798729286186058,306.15000000000003,294.25,5.575,220.5125,1.08875,0.016913749999999998,2.45,36.025000000000006,-85.76666663333334
2005-08-21,3.7430068155273863,304.65,293.025,3.8625000000000007,210.51250000000002,1.05375,0.015317500000000001,2.45,36.025000000000006,-85.76666663333334
2005-08-29,3.8429845900083217,302.20000000000005,288.06250000000006,3.8875,237.925,0.94875,0.0121975,3.3375000000000004,36.025000000000006,-85.76666663333334
2005-09-06,3.698659247197182,303.15000000000003,288.36249999999995,0.0,271.6,1.2474999999999998,0.011002500000000002,1.5,36.025000000000006,-85.76666663333334
2005-09-14,3.310122641416114,303.18749999999994,289.36249999999995,3.2874999999999996,216.12500000000006,1.04,0.012741249999999999,1.8250000000000002,36.025000000000006,-85.76666663333334
2005-09-22,3.175934620305199,302.15000000000003,288.3125,2.7125000000000004,205.6,0.9212499999999999,0.012497500000000002,3.5125000000000006,36.025000000000006,-85.76666663333334
2005-09-30,2.8430101779590684,300.2375,285.875,1.3750000000000002,189.12500000000003,0.9,0.010578750000000001,2.7125000000000004,36.025000000000006,-85.76666663333334
2005-10-08,2.5100639202796673,297.63750000000005,282.1,0.037500000000000006,205.93750000000003,0.76875,0.008557500000000001,2.5875000000000004,36.025000000000006,-85.76666663333334
2005-10-16,2.0101373217002254,295.575,280.5875,0.2625,165.39999999999998,0.8525,0.006883750000000001,2.5625,36.025000000000006,-85.76666663333334
2005-10-24,1.4772128793540942,287.21250000000003,274.45,0.0625,138.1375,0.51875,0.004061250000000001,2.975,36.025000000000006,-85.76666663333334
2005-11-01,1.0885844192508798,296.7,279.9875,0.8500000000000001,129.07500000000002,1.0050000000000001,0.006142500000000001,3.45,36.025000000000006,-85.76666663333334
2005-11-09,0.9329059894445427,293.125,278.4875,6.0125,105.57499999999999,0.7625,0.00572,4.2875,36.025000000000006,-85.76666663333334
2005-11-17,0.6443068899095514,283.575,270.575,2.6875,100.60000000000001,0.46125000000000005,0.0028175,3.275,36.025000000000006,-85.76666663333334
2005-11-25,0.5885990995349912,284.85,271.7875,2.975,104.05000000000001,0.46,0.003563750000000001,4.0,36.025000000000006,-85.76666663333334
2005-12-03,0.5443068899095515,279.28749999999997,268.05,3.2125,88.97500000000001,0.23125,0.0029,3.5125000000000006,36.025000000000006,-85.76666663333334
2005-12-11,0.4443068899095514,280.325,270.70000000000005,4.550000000000001,71.86250000000001,0.25125,0.00323625,3.2750000000000004,36.025000000000006,-85.76666663333334
2005-12-19,0.4443068899095514,280.29999999999995,268.32500000000005,1.9250000000000003,99.3,0.23875,0.0031737500000000004,3.075,36.025000000000006,-85.76666663333334
2005-12-27,0.4,286.28,274.26,0.1,96.36,0.376,0.00461,4.12,36.025000000000006,-85.76666663333334
2006-01-01,0.4,286.675,273.65,0.3875,98.8375,0.45375,0.0044037500000000005,4.7749999999999995,36.025000000000006,-85.76666663333334
2006-01-09,0.4999815470984117,287.01250000000005,274.32499999999993,4.025,93.7375,0.44125,0.0046025,4.45,36.025000000000006,-85.76666663333334
2006-01-17,0.5,287.3,274.2,16.7875,80.45,0.37124999999999997,0.004900000000000001,4.5125,36.025000000000006,-85.76666663333334
2006-01-25,0.49998531971588844,285.375,272.5625,1.6250000000000002,120.8,0.48125,0.0034787500000000005,3.8375000000000004,36.025000000000006,-85.76666663333334
2006-02-02,0.5000146802841116,281.49999999999994,270.9375,4.5375000000000005,98.825,0.3400000000000001,0.0031212500000000003,3.225,36.025000000000006,-85.76666663333334
2006-02-10,0.5443068899095515,282.41249999999997,270.6,3.0125,112.9,0.35500000000000004,0.0033175,4.4,36.025000000000006,-85.76666663333334
2006-02-18,0.64429220962544,281.51249999999993,269.625,3.0875000000000004,121.42500000000001,0.32375,0.0032637500000000006,2.6,36.025000000000006,-85.76666663333334
2006-02-26,0.6443215701936631,287.0875,272.275,0.35000000000000003,168.1125,0.5537500000000001,0.00372125,3.8999999999999995,36.025000000000006,-85.76666663333334
2006-03-06,0.6443215701936631,294.8375,280.77500000000003,5.887500000000001,189.1875,0.9475000000000001,0.005957500000000001,5.6125,36.025000000000006,-85.76666663333334
2006-03-14,0.744321570193663,287.2625,273.48749999999995,2.75,172.3,0.6012500000000001,0.003383750000000001,3.9375000000000004,36.025000000000006,-85.76666663333334
2006-03-22,0.9000146802841116,284.47499999999997,274.2375,0.05,161.8,0.49875,0.00335125,3.075,36.025000000000006,-85.76666663333334
2006-03-30,1.0443400230952513,295.2,279.9625,6.0875,210.17500000000004,0.88625,0.006121250000000001,3.8875000000000006,36.025000000000006,-85.76666663333334
2006-04-07,1.6329059894445428,296.325,280.4875,5.75,242.11250000000007,0.9200000000000002,0.006785000000000001,4.1375,36.025000000000006,-85.76666663333334
2006-04-15,2.488588191868357,300.2625,287.8375,9.2875,226.4875,1.11,0.009657500000000001,3.4375,36.025000000000006,-85.76666663333334
2006-04-23,2.9658086164574042,295.26250000000005,282.86249999999995,2.0375,212.82500000000002,0.8575000000000002,0.00707,3.8000000000000003,36.025000000000006,-85.76666663333334
2006-05-01,3.4544039433749187,296.075,284.375,3.3,221.22500000000002,0.67625,0.008915000000000001,2.5375,36.025000000000006,-85.76666663333334
2006-05-09,3.9543561299051078,293.2625,280.70000000000005,2.0375,234.43750000000003,0.5850000000000001,0.007291250000000001,4.250000000000001,36.025000000000006,-85.76666663333334
2006-05-17,4.198652112148023,297.8,283.8375,1.7625000000000002,261.86249999999995,0.82125,0.00886125,3.0250000000000004,36.025000000000006,-85.76666663333334
2006-05-25,4.342888963068699,304.01250000000005,292.4875,6.75,248.4375,1.1912500000000001,0.013661250000000002,2.3625000000000003,36.025000000000006,-85.76666663333334
2006-06-02,4.35423827744642,300.29999999999995,286.2125,1.6,293.1500000000001,0.8937499999999999,0.01049,2.5500000000000003,36.025000000000006,-85.76666663333334
2006-06-10,4.36568699138124,302.7625,287.4,0.08750000000000001,312.67500000000007,1.04,0.01173,3.2,36.025000000000006,-85.76666663333334
2006-06-18,4.19861143372737,304.0625,291.8875,5.237500000000001,238.4625,1.08375,0.014187500000000002,2.4500000000000006,36.025000000000006,-85.76666663333334
2006-06-26,4.398526714454382,304.74999999999994,290.525,0.07500000000000001,313.0375,1.34125,0.01259125,1.975,36.025000000000006,-85.76666663333334
2006-07-04,4.198530487071859,303.1375,289.7375,3.6499999999999995,262.75000000000006,0.9975,0.013241250000000001,2.6750000000000003,36.025000000000006,-85.76666663333334
2006-07-12,4.187162719792551,306.98749999999995,294.6375,0.3375,299.07500000000005,1.4200000000000002,0.015821250000000002,2.5374999999999996,36.025000000000006,-85.76666663333334
2006-07-20,3.7214279149414993,305.5125,291.6375,3.8125,280.7125,1.2874999999999999,0.014032500000000003,2.575,36.025000000000006,-85.76666663333334
2006-07-28,3.577091664463725,306.59999999999997,294.075,3.7750000000000004,254.75,1.2737500000000002,0.0161175,2.6500000000000004,36.025000000000006,-85.76666663333334
2006-08-05,3.4771101173653136,306.0,294.56250000000006,7.15,246.0,1.235,0.0160525,2.1875,36.025000000000006,-85.76666663333334
2006-08-13,3.2986630198146587,305.5875,292.5375,1.4000000000000001,253.71250000000003,1.135,0.015358750000000001,2.6250000000000004,36.025000000000006,-85.76666663333334
2006-08-21,3.677087891846248,304.8875,292.0625,1.725,243.41250000000005,1.125,0.01465,2.4125000000000005,36.025000000000006,-85.76666663333334
2006-08-29,3.020197469362416,301.07500000000005,289.41249999999997,0.9625000000000001,211.2125,0.7050000000000002,0.013327499999999999,2.5875000000000004,36.025000000000006,-85.76666663333334
2006-09-06,3.0986777000987704,300.475,289.5,0.8500000000000001,187.3875,0.90875,0.011687500000000002,2.6875000000000004,36.025000000000006,-85.76666663333334
2006-09-14,3.2986076611098936,298.77500000000003,284.3125,2.5125,234.28750000000002,0.8974999999999999,0.00918875,3.0250000000000004,36.025000000000006,-85.76666663333334
2006-09-22,2.9986407942955937,296.82499999999993,284.71250000000003,7.5375,191.8625,0.665,0.00966875,4.0874999999999995,36.025000000000006,-85.76666663333334
2006-09-30,2.8100194692415372,299.17499999999995,282.5,0.8750000000000001,218.5625,1.0412500000000002,0.008127500000000001,3.0625,36.025000000000006,-85.76666663333334
2006-10-08,2.465745712517686,293.4,277.2625,0.2625,181.51250000000002,0.7462500000000001,0.00594375,2.6000000000000005,36.025000000000006,-85.76666663333334
2006-10-16,1.6771797461683944,290.88750000000005,279.1125,5.1625000000000005,131.525,0.47625000000000006,0.0068425000000000005,3.9625000000000004,36.025000000000006,-85.76666663333334
2006-10-24,1.2329206697286543,289.52500000000003,275.95,4.3875,129.4375,0.5075000000000001,0.00532875,3.6125000000000003,36.025000000000006,-85.76666663333334
2006-11-01,0.788643140387326,287.82499999999993,275.20000000000005,4.3500000000000005,111.65000000000002,0.49,0.004701250000000001,2.975,36.025000000000006,-85.76666663333334
2006-11-09,0.8442884370079631,290.675,276.46250000000003,6.987500000000001,98.825,0.5237499999999999,0.00575375,3.6625,36.025000000000006,-85.76666663333334
2006-11-17,0.6000146802841116,284.75,271.775,0.1,116.28750000000001,0.45375,0.0033675000000000007,2.9375,36.025000000000006,-85.76666663333334
2006-11-25,0.544321570193663,292.0375,276.4875,1.5875000000000001,109.78750000000001,0.6924999999999999,0.005407500000000001,3.9625,36.025000000000006,-85.76666663333334
2006-12-03,0.5,278.28749999999997,263.0,0.0,109.63750000000002,0.34,0.00163375,2.825,36.025000000000006,-85.76666663333334
2006-12-11,0.5443068899095515,290.75,275.78749999999997,0.5625,97.6,0.6075,0.004892500000000001,3.0999999999999996,36.025000000000006,-85.76666663333334
2006-12-19,0.5000146802841116,286.6375,275.41249999999997,3.975,63.35,0.375,0.004933750000000001,3.225,36.025000000000006,-85.76666663333334
2006-12-27,0.5,287.15999999999997,273.71999999999997,5.5600000000000005,92.76000000000002,0.314,0.00532,3.46,36.025000000000006,-85.76666663333334
2007-01-01,0.4,286.88750000000005,275.5875,6.050000000000001,86.97500000000001,0.375,0.0051712500000000005,3.6250000000000004,36.025000000000006,-85.76666663333334
2007-01-09,0.4000146802841116,284.6375,274.825,2.625,68.72500000000001,0.3675,0.00457875,4.6625,36.025000000000006,-85.76666663333334
2007-01-17,0.4999815470984117,278.9875,269.825,4.2125,99.07500000000002,0.2775,0.0027037500000000004,3.0375000000000005,36.025000000000006,-85.76666663333334
2007-01-25,0.4999815470984117,277.6,265.4875,0.1125,109.7625,0.30374999999999996,0.0019225000000000002,3.6250000000000004,36.025000000000006,-85.76666663333334
2007-02-02,0.5443068899095515,275.75,264.775,0.22500000000000003,96.2,0.25125,0.0017925,3.3375000000000004,36.025000000000006,-85.76666663333334
2007-02-10,0.4885735115842449,278.9125,266.1125,2.675,106.63750000000002,0.37875,0.0019025000000000001,3.3625000000000007,36.025000000000006,-85.76666663333334
2007-02-18,0.6000146802841116,287.775,271.35,3.0,137.16250000000002,0.5937499999999999,0.0035525,4.625,36.025000000000006,-85.76666663333334
2007-02-26,0.6443068899095514,287.3625,271.1125,8.275,171.0125,0.6025,0.00324875,4.3500000000000005,36.025000000000006,-85.76666663333334
2007-03-06,0.6999559591476654,293.38750000000005,275.4,0.1,195.075,0.915,0.00422125,2.975,36.025000000000006,-85.76666663333334
2007-03-14,0.6000184529015884,292.0,277.08750000000003,1.3875000000000002,172.88750000000002,0.7875000000000001,0.005123750000000001,4.050000000000001,36.025000000000006,-85.76666663333334
2007-03-22,0.9442737567238515,300.59999999999997,285.025,0.9875,190.32500000000002,1.30875,0.007792500000000001,2.975,36.025000000000006,-85.76666663333334
2007-03-30,1.2999484139127118,294.9875,280.5625,3.5,206.97499999999997,1.0125,0.006233750000000001,4.4750000000000005,36.025000000000006,-85.76666663333334
2007-04-07,1.4885659663492916,286.31250000000006,273.05,4.487500000000001,176.66249999999997,0.5337500000000001,0.0035825,3.7875000000000005,36.025000000000006,-85.76666663333334
2007-04-15,1.732869083641366,293.225,276.9625,0.4625,218.70000000000002,0.86375,0.00468375,3.400000000000001,36.025000000000006,-85.76666663333334
2007-04-23,2.165793525987497,298.7125,283.8125,1.5750000000000002,210.03750000000002,1.1425,0.007396250000000001,3.9,36.025000000000006,-85.76666663333334
2007-05-01,2.4214535028922457,300.90000000000003,286.55,4.15,262.13750000000005,1.18625,0.009287499999999999,2.6,36.025000000000006,-85.76666663333334
2007-05-09,3.298659247197182,301.54999999999995,286.15,1.6875000000000002,266.5,1.10125,0.010145,2.85,36.025000000000006,-85.76666663333334
2007-05-17,3.598659247197182,299.075,281.05,0.0,333.96250000000003,1.2175000000000002,0.006535,2.5125,36.025000000000006,-85.76666663333334
2007-05-25,3.698545577541766,304.1125,287.3625,0.0,308.475,1.6175,0.0090775,2.0500000000000003,36.025000000000006,-85.76666663333334
2007-06-02,3.60986930396874,303.6875,289.4125,2.2750000000000004,279.95,1.21125,0.012113750000000001,3.4250000000000003,36.025000000000006,-85.76666663333334
2007-06-10,3.6655804567749817,304.025,287.45,0.0,312.5625,1.495,0.009881250000000001,2.6875,36.025000000000006,-85.76666663333334
2007-06-18,3.254315451484454,304.7625,290.625,4.125,269.7375,1.47375,0.011835000000000002,1.9500000000000002,36.025000000000006,-85.76666663333334
2007-06-26,3.3985858457766245,304.76250000000005,292.52500000000003,3.0,231.85000000000002,1.325,0.013512500000000002,2.0375,36.025000000000006,-85.76666663333334
2007-07-04,3.520068709237093,305.36249999999995,292.975,0.5625,273.375,1.2774999999999999,0.0144375,2.725,36.025000000000006,-85.76666663333334
2007-07-12,3.531480927554532,304.625,291.7625,3.1625,256.175,1.21,0.013800000000000002,2.8499999999999996,36.025000000000006,-85.76666663333334
2007-07-20,3.598538032306813,302.6375,289.79999999999995,5.05,244.15,0.9824999999999999,0.012901250000000003,2.825,36.025000000000006,-85.76666663333334
2007-07-28,4.065705444282828,304.96250000000003,292.90000000000003,3.3875000000000006,263.71250000000003,1.0225,0.015711250000000003,2.2375000000000007,36.025000000000006,-85.76666663333334
2007-08-05,3.5113199538094975,308.3375,293.6625,0.35000000000000003,292.86250000000007,1.6,0.015541250000000001,2.9875000000000003,36.025000000000006,-85.76666663333334
2007-08-13,3.5884338437922874,310.0,292.6,0.125,306.475,2.3000000000000003,0.0123575,3.1500000000000004,36.025000000000006,-85.76666663333334
2007-08-21,3.155645296620637,308.95,294.2875,2.5250000000000004,268.25,1.9912500000000002,0.014096250000000001,2.6625000000000005,36.025000000000006,-85.76666663333334
2007-08-29,2.78981863744744,306.325,292.05,0.7625,247.57500000000002,1.5062499999999999,0.013488750000000002,2.225,36.025000000000006,-85.76666663333334
2007-09-06,3.177117662600267,303.9375,290.175,4.7250000000000005,205.77500000000003,1.2950000000000002,0.012221250000000001,2.725,36.025000000000006,-85.76666663333334
2007-09-14,3.287265891967127,299.70000000000005,284.54999999999995,0.875,227.65000000000003,0.9875,0.009208750000000002,2.325,36.025000000000006,-85.76666663333334
2007-09-22,2.5784580052172896,303.1625,289.55,1.5750000000000002,195.5125,1.225,0.011870000000000002,2.375,36.025000000000006,-85.76666663333334
2007-09-30,2.6430324034781334,303.2,287.25,0.2,204.425,1.4525000000000001,0.00951125,2.775,36.025000000000006,-85.76666663333334
2007-10-08,2.0658488846922625,297.78749999999997,281.6,0.75,194.35000000000002,1.1,0.006875000000000001,2.825,36.025000000000006,-85.76666663333334
2007-10-16,1.6772460125397939,297.3125,285.08750000000003,6.6625000000000005,134.8875,0.73875,0.009558750000000001,4.2125,36.025000000000006,-85.76666663333334
2007-10-24,1.421538222165234,290.7,276.8125,1.6500000000000001,145.125,0.44125,0.006163750000000001,3.0375,36.025000000000006,-85.76666663333334
2007-11-01,1.0886284601032146,288.63750000000005,272.325,0.0,132.1125,0.585,0.0038712499999999997,3.3375000000000004,36.025000000000006,-85.76666663333334
2007-11-09,0.8329538029143542,289.775,275.875,3.3125000000000004,113.825,0.5862499999999999,0.00499125,3.825,36.025000000000006,-85.76666663333334
2007-11-17,0.5000440408523347,289.2375,275.8125,5.300000000000001,106.26250000000002,0.49624999999999997,0.005461250000000001,3.6375,36.025000000000006,-85.76666663333334
2007-11-25,0.5000293605682231,285.25,273.05,5.625,84.71249999999999,0.3775,0.004076250000000001,3.3625000000000007,36.025000000000006,-85.76666663333334
2007-12-03,0.40002936056822314,286.86249999999995,275.55,0.375,79.21249999999999,0.3775,0.00553,3.1125000000000007,36.025000000000006,-85.76666663333334
2007-12-11,0.444321570193663,286.15,273.8875,5.8375,71.15,0.35,0.00505125,3.2375000000000003,36.025000000000006,-85.76666663333334
2007-12-19,0.4443068899095514,286.45,273.65000000000003,3.5500000000000003,89.66250000000001,0.39749999999999996,0.0044687500000000005,3.5625,36.025000000000006,-85.76666663333334
2007-12-27,0.4,283.15999999999997,273.91999999999996,0.7600000000000001,84.56000000000002,0.286,0.004144,2.5800000000000005,36.025000000000006,-85.76666663333334
2008-01-01,0.4,282.675,270.3875,1.1625,83.3375,0.4225,0.00356375,5.1625,36.025000000000006,-85.76666663333334
2008-01-09,0.444321570193663,283.90000000000003,271.36249999999995,1.3375,97.0875,0.41374999999999995,0.003425,3.2250000000000005,36.025000000000006,-85.76666663333334
2008-01-17,0.4,275.21250000000003,265.075,1.55,98.51250000000002,0.2175,0.00202125,2.8249999999999997,36.025000000000006,-85.76666663333334
2008-01-25,0.49999622738252325,281.36249999999995,268.25,5.4375,98.95,0.3675,0.00261375,4.050000000000001,36.025000000000006,-85.76666663333334
2008-02-02,0.5000146802841116,289.05,275.27500000000003,5.3125,118.47500000000001,0.5325,0.004991250000000001,4.3875,36.025000000000006,-85.76666663333334
2008-02-10,0.5000146802841116,284.675,271.2,3.2500000000000004,107.8125,0.45875000000000005,0.0033637500000000004,4.0375000000000005,36.025000000000006,-85.76666663333334
2008-02-18,0.5999962273825233,284.3375,272.15000000000003,1.8250000000000002,107.8375,0.41250000000000003,0.0035175000000000002,3.5125000000000006,36.025000000000006,-85.76666663333334
2008-02-26,0.5999962273825233,286.8875,273.5,5.1875,130.46250000000003,0.54125,0.0040862500000000005,5.2,36.025000000000006,-85.76666663333334
2008-03-05,0.6999962273825233,285.125,270.51250000000005,2.5625,174.47500000000002,0.49375,0.0031550000000000003,3.1750000000000003,36.025000000000006,-85.76666663333334
2008-03-13,0.6443362504777745,292.1375,278.0125,6.737500000000001,172.85000000000002,0.68375,0.00551875,4.7875000000000005,36.025000000000006,-85.76666663333334
2008-03-21,0.6443362504777745,289.2125,276.175,0.36250000000000004,193.41250000000002,0.655,0.004392500000000001,4.4,36.025000000000006,-85.76666663333334
2008-03-29,0.8443177975761862,292.675,279.78749999999997,11.075,161.08750000000003,0.5549999999999999,0.006883750000000001,4.325,36.025000000000006,-85.76666663333334
2008-04-06,1.1329684831984657,294.71250000000003,281.75,2.3000000000000003,192.59999999999997,0.8075000000000002,0.007123750000000001,4.324999999999999,36.025000000000006,-85.76666663333334
2008-04-14,1.2886871812396608,291.825,277.775,1.375,232.21249999999998,0.73625,0.005123750000000001,2.7125,36.025000000000006,-85.76666663333334
2008-04-22,1.8215931706842032,295.775,281.4625,1.8875000000000002,224.4125,0.8599999999999999,0.00717875,2.825,36.025000000000006,-85.76666663333334
2008-04-30,2.7987586467542815,297.4875,282.025,0.9875,282.01250000000005,1.005,0.00700375,4.137499999999999,36.025000000000006,-85.76666663333334
2008-05-08,3.0430064053415915,296.18750000000006,283.925,7.5625,232.31250000000003,0.7675000000000001,0.00829,3.9750000000000005,36.025000000000006,-85.76666663333334
2008-05-16,3.487269254398808,297.7625,282.6625,1.0,276.875,0.9100000000000001,0.00792125,3.6625,36.025000000000006,-85.76666663333334
2008-05-24,3.387298614967031,301.4875,288.90000000000003,3.5250000000000004,231.775,1.0,0.011581250000000001,3.2750000000000004,36.025000000000006,-85.76666663333334
2008-06-01,3.1101150961811603,305.075,291.4125,2.575,280.92500000000007,1.1625,0.014321249999999999,3.7249999999999996,36.025000000000006,-85.76666663333334
2008-06-09,3.1214610481271996,304.40000000000003,291.41249999999997,1.4125,280.5625,1.245,0.01318625,2.375,36.025000000000006,-85.76666663333334
2008-06-17,3.6100085615749027,301.6375,286.92500000000007,0.625,292.875,1.1824999999999999,0.009872500000000001,1.8624999999999998,36.025000000000006,-85.76666663333334
2008-06-25,2.887177400076662,302.86249999999995,288.86249999999995,3.2875,266.875,1.14125,0.011775000000000002,3.7750000000000004,36.025000000000006,-85.76666663333334
2008-07-03,2.643105804898691,304.125,291.5875,5.9750000000000005,251.18750000000003,1.13875,0.013761250000000003,2.4000000000000004,36.025000000000006,-85.76666663333334
2008-07-11,3.5657163519494626,304.55,290.675,2.3875,309.58750000000003,1.3112499999999998,0.01261875,1.875,36.025000000000006,-85.76666663333334
2008-07-19,3.587258346732173,304.675,291.325,3.4625000000000004,247.11249999999998,1.2375,0.0135575,2.0125,36.025000000000006,-85.76666663333334
2008-07-27,3.3658488846922623,306.075,294.07500000000005,1.6250000000000002,261.1125,1.30375,0.015405000000000002,2.1875,36.025000000000006,-85.76666663333334
2008-08-04,3.5987255135685814,303.82500000000005,289.41249999999997,3.375,313.925,1.22875,0.0122025,2.3000000000000003,36.025000000000006,-85.76666663333334
2008-08-12,3.5544001707574417,302.4,287.125,0.1375,271.23749999999995,1.2312500000000002,0.010163750000000001,1.9750000000000003,36.025000000000006,-85.76666663333334
2008-08-20,3.1987364212352167,302.8375,290.75,2.8000000000000003,223.2375,1.1600000000000001,0.012530000000000001,2.625,36.025000000000006,-85.76666663333334
2008-08-28,3.198688607765405,304.55000000000007,291.26250000000005,0.42500000000000004,264.15000000000003,1.1975,0.013548750000000002,2.5,36.025000000000006,-85.76666663333334
2008-09-05,2.743094897232056,302.7125,289.8625,0.4,223.375,0.90375,0.0134825,2.475,36.025000000000006,-85.76666663333334
2008-09-13,2.8873355207702076,300.4,287.0875,0.5375,210.4625,0.89125,0.011040000000000001,3.6250000000000004,36.025000000000006,-85.76666663333334
2008-09-21,2.72024151021475,300.4875,284.3,0.0,218.06250000000003,1.155,0.00850875,3.0999999999999996,36.025000000000006,-85.76666663333334
2008-09-29,2.2658560197414204,298.75,281.5125,0.0,228.30000000000004,1.2462499999999999,0.00617375,2.1625,36.025000000000006,-85.76666663333334
2008-10-07,2.1430286308606563,299.6875,285.925,5.15,156.12500000000003,0.8975000000000001,0.010036250000000002,2.7500000000000004,36.025000000000006,-85.76666663333334
2008-10-15,1.810118868798637,294.23749999999995,278.73749999999995,0.7000000000000001,166.31249999999997,0.7387499999999999,0.00645125,3.0250000000000004,36.025000000000006,-85.76666663333334
2008-10-23,1.3886246874857378,288.18749999999994,272.57500000000005,4.2375,155.15000000000003,0.5125,0.00426,3.5750000000000006,36.025000000000006,-85.76666663333334
2008-10-31,1.0329206697286544,295.0875,278.4125,2.0375,138.125,0.94625,0.005228750000000001,1.9625,36.025000000000006,-85.76666663333334
2008-11-08,0.9329206697286543,287.625,274.98749999999995,4.175000000000001,94.98750000000001,0.38500000000000006,0.0051937500000000004,3.475,36.025000000000006,-85.76666663333334
2008-11-16,0.6442884370079631,279.54999999999995,266.875,0.0,106.51250000000002,0.32125,0.0022825000000000002,3.4625000000000004,36.025000000000006,-85.76666663333334
2008-11-24,0.5886137798191029,283.25,271.7,3.075,74.3375,0.29625000000000007,0.0038512500000000005,3.5374999999999996,36.025000000000006,-85.76666663333334
2008-12-02,0.4999815470984117,280.88750000000005,268.45,7.2,90.43750000000001,0.33,0.00278125,3.7750000000000004,36.025000000000006,-85.76666663333334
2008-12-10,0.5443068899095515,283.125,272.475,11.300000000000002,57.1875,0.2275,0.004456250000000001,4.0875,36.025000000000006,-85.76666663333334
2008-12-18,0.4443068899095514,283.5625,270.9375,3.9875000000000003,70.025,0.29874999999999996,0.0043375,4.487500000000001,36.025000000000006,-85.76666663333334
2008-12-26,0.4,288.35,273.8833333333334,2.6666666666666665,100.03333333333335,0.5216666666666667,0.004668333333333334,4.583333333333333,36.025000000000006,-85.76666663333334
2009-01-01,0.4,285.0875,273.175,6.7,73.72500000000001,0.30375,0.004692500000000001,3.7125,36.025000000000006,-85.76666663333334
2009-01-09,0.4000146802841116,277.775,265.53749999999997,1.8125,88.025,0.27,0.0023525,3.6125000000000003,36.025000000000006,-85.76666663333334
2009-01-17,0.4000146802841116,278.275,266.67499999999995,0.08750000000000001,86.8375,0.26625,0.0024850000000000002,4.325,36.025000000000006,-85.76666663333334
2009-01-25,0.4443068899095514,281.86249999999995,267.8375,5.0125,98.45000000000002,0.33,0.0029037500000000005,3.075,36.025000000000006,-85.76666663333334
2009-02-02,0.4443068899095514,284.2375,269.58750000000003,0.375,108.8375,0.48875,0.0033212500000000004,4.275,36.025000000000006,-85.76666663333334
2009-02-10,0.44432534281113967,287.05,273.5375,1.75,111.2625,0.55625,0.00377875,4.3500000000000005,36.025000000000006,-85.76666663333334
2009-02-18,0.5442922096254399,282.6625,267.525,2.7750000000000004,133.7125,0.43250000000000005,0.00250375,4.2125,36.025000000000006,-85.76666663333334
2009-02-26,0.5443068899095515,284.2,270.3125,5.4750000000000005,148.0375,0.4287500000000001,0.00353,4.9750000000000005,36.025000000000006,-85.76666663333334
2009-03-06,0.6000146802841116,291.9375,278.45000000000005,3.4875000000000003,150.9,0.70625,0.00587625,4.95,36.025000000000006,-85.76666663333334
2009-03-14,0.6999815470984118,290.025,276.4875,4.775,159.51250000000005,0.5925,0.00496375,2.2750000000000004,36.025000000000006,-85.76666663333334
2009-03-22,0.7443068899095515,292.55000000000007,281.2375,7.225,145.525,0.7162499999999999,0.0061825000000000005,4.387500000000001,36.025000000000006,-85.76666663333334
2009-03-30,0.8556746571888603,292.20000000000005,277.425,7.612500000000002,184.775,0.70875,0.005326250000000001,4.55,36.025000000000006,-85.76666663333334
2009-04-07,0.8556931100904486,291.25,276.6875,7.425000000000001,190.00000000000003,0.6625,0.005186250000000001,4.612500000000001,36.025000000000006,-85.76666663333334
2009-04-15,1.1556746571888603,292.3625,278.41249999999997,3.9375000000000004,227.05,0.7275,0.00536625,3.7250000000000005,36.025000000000006,-85.76666663333334
2009-04-23,1.5113161811920208,299.9375,285.6875,0.175,227.01250000000002,1.22,0.00808125,3.975,36.025000000000006,-85.76666663333334
2009-05-01,2.0998452417381355,296.3,287.275,18.7,169.425,0.5637500000000001,0.01051375,2.875,36.025000000000006,-85.76666663333334
2009-05-09,3.2885366057810685,297.72499999999997,286.45,6.5,220.5875,0.75875,0.00992625,3.5375,36.025000000000006,-85.76666663333334
2009-05-17,3.386046764240473,297.8875,283.6375,0.4625,288.33750000000003,0.90875,0.00858625,3.2124999999999995,36.025000000000006,-85.76666663333334
2009-05-25,3.398740193852693,301.475,289.175,2.225,247.12500000000003,0.98875,0.011768750000000001,2.65,36.025000000000006,-85.76666663333334
2009-06-02,2.4887056341412492,302.5375,288.87500000000006,1.4,272.75,1.10875,0.01184875,2.2125,36.025000000000006,-85.76666663333334
2009-06-10,2.82027464340045,302.5625,291.91249999999997,5.55,210.9375,0.8962499999999999,0.01412875,2.3000000000000003,36.025000000000006,-85.76666663333334
2009-06-18,2.977161293266806,306.325,293.2875,2.2,293.0,1.28125,0.015445000000000002,2.2750000000000004,36.025000000000006,-85.76666663333334
2009-06-26,3.2430286308606564,302.78749999999997,290.5125,1.2625,291.3375,1.06875,0.012905,2.75,36.025000000000006,-85.76666663333334
2009-07-04,3.2987364212352164,302.41249999999997,291.07500000000005,6.175,281.75,1.0162499999999999,0.012968750000000001,2.3125,36.025000000000006,-85.76666663333334
2009-07-12,3.2316092774940595,301.6625,289.72499999999997,6.0,266.90000000000003,0.87125,0.01302875,2.5250000000000004,36.025000000000006,-85.76666663333334
2009-07-20,3.431631503013125,302.5625,290.78749999999997,3.7875,282.9375,1.08375,0.012615000000000003,2.5375000000000005,36.025000000000006,-85.76666663333334
2009-07-28,3.1532213112656464,302.975,292.3875,11.225,246.78750000000002,0.9212500000000001,0.014552500000000001,2.0374999999999996,36.025000000000006,-85.76666663333334
2009-08-05,3.4759090323544526,304.15,292.6375,0.4125,264.125,1.0362500000000001,0.014861250000000001,1.8750000000000002,36.025000000000006,-85.76666663333334
2009-08-13,3.38729525253535,304.1,292.75,2.425,232.66250000000002,1.0362500000000001,0.01484125,2.8625000000000003,36.025000000000006,-85.76666663333334
2009-08-21,3.320215922264004,300.93749999999994,289.33750000000003,0.5,233.32500000000002,0.7850000000000001,0.012835000000000003,2.5125,36.025000000000006,-85.76666663333334
2009-08-29,2.9986005260607356,299.6,287.95000000000005,0.0,220.47500000000002,0.7575000000000001,0.01150375,2.6625000000000005,36.025000000000006,-85.76666663333334
2009-09-06,2.621446367843088,300.92499999999995,290.15,4.612500000000001,186.24999999999997,0.86625,0.012458750000000001,2.1875,36.025000000000006,-85.76666663333334
2009-09-14,2.8430324034781336,300.1625,290.85,14.412500000000001,137.13750000000002,0.6275000000000001,0.013723750000000002,3.1125000000000007,36.025000000000006,-85.76666663333334
2009-09-22,2.621475728411311,298.1,288.375,7.112500000000001,167.8875,0.6112500000000001,0.012152500000000002,2.65,36.025000000000006,-85.76666663333334
2009-09-30,2.6100710553288256,293.825,281.22499999999997,3.5875,182.9375,0.545,0.007741250000000002,3.0,36.025000000000006,-85.76666663333334
2009-10-08,1.7658119788890854,293.47499999999997,282.675,8.9,121.65,0.335,0.009433750000000001,3.05,36.025000000000006,-85.76666663333334
2009-10-16,1.5329059894445427,289.2875,278.1,1.8125000000000002,144.5625,0.45000000000000007,0.006075,3.1375,36.025000000000006,-85.76666663333334
2009-10-24,1.1999375062460773,291.86249999999995,279.4875,5.800000000000001,132.97500000000002,0.47375,0.007046250000000001,3.35,36.025000000000006,-85.76666663333334
2009-11-01,0.9443068899095515,291.16249999999997,274.8875,0.0625,148.06250000000003,0.665,0.0046075000000000005,2.5000000000000004,36.025000000000006,-85.76666663333334
2009-11-09,0.7442737567238515,292.55,277.9875,0.7625000000000001,122.32500000000002,0.64,0.005952500000000001,2.6125,36.025000000000006,-85.76666663333334
2009-11-17,0.6999962273825233,288.65,277.79999999999995,0.325,94.60000000000001,0.4375,0.005542500000000001,2.2375,36.025000000000006,-85.76666663333334
2009-11-25,0.5443068899095515,286.0375,273.65000000000003,4.6625000000000005,90.9875,0.38000000000000006,0.00437125,3.6375,36.025000000000006,-85.76666663333334
2009-12-03,0.5,279.72499999999997,270.4875,5.637500000000001,82.51250000000002,0.24875,0.0032387500000000003,3.8500000000000005,36.025000000000006,-85.76666663333334
2009-12-11,0.49999622738252325,283.425,271.525,6.2250000000000005,89.6,0.36000000000000004,0.0036225,2.975,36.025000000000006,-85.76666663333334
2009-12-19,0.5000146802841116,282.62500000000006,273.3125,2.3,76.42500000000001,0.3075,0.0038374999999999998,4.2125,36.025000000000006,-85.76666663333334
2009-12-27,0.5,278.62,269.86,2.1399999999999997,80.11999999999999,0.194,0.003172,3.96,36.025000000000006,-85.76666663333334
2010-01-01,0.5,270.84999999999997,261.6625,0.23750000000000002,82.2375,0.16250000000000003,0.0014375,3.4499999999999997,36.025000000000006,-85.76666663333334
2010-01-09,0.4999815470984117,277.575,265.3875,4.7125,95.53750000000002,0.26875,0.0023637500000000004,2.575,36.025000000000006,-85.76666663333334
2010-01-17,0.4000146802841116,286.3125,277.5625,11.325000000000001,72.88749999999999,0.2899999999999999,0.0056812500000000005,3.5375000000000005,36.025000000000006,-85.76666663333334
2010-01-25,0.2556931100904486,276.6,266.95,2.8625000000000003,73.4625,0.20375,0.0024875,3.9125,36.025000000000006,-85.76666663333334
2010-02-02,0.3999815470984117,278.1,270.2875,9.037500000000001,76.6375,0.19875,0.00311375,3.1999999999999997,36.025000000000006,-85.76666663333334
2010-02-10,0.34430688990955144,273.8125,267.15,1.0375,99.5875,0.15874999999999997,0.00226875,3.6500000000000004,36.025000000000006,-85.76666663333334
2010-02-18,0.5,282.425,270.05,1.0999999999999999,128.42499999999998,0.39125,0.00304125,2.7750000000000004,36.025000000000006,-85.76666663333334
2010-02-26,0.49999622738252325,279.48750000000007,269.6375,0.17500000000000002,154.5,0.3,0.0026662500000000002,3.3000000000000003,36.025000000000006,-85.76666663333334
2010-03-06,0.5,289.65,275.72499999999997,4.7124999999999995,158.475,0.5675,0.004853750000000001,2.9875000000000003,36.025000000000006,-85.76666663333334
2010-03-14,0.6885990995349913,287.3375,276.6875,2.6125000000000003,136.7125,0.48750000000000004,0.0047825,2.85,36.025000000000006,-85.76666663333334
2010-03-22,0.6557077903745603,288.5375,275.35,3.9375,170.21250000000003,0.47500000000000003,0.00501,4.325,36.025000000000006,-85.76666663333334
2010-03-30,1.1886137798191028,299.62499999999994,280.6375,0.30000000000000004,234.9,1.2912500000000002,0.006385000000000001,3.5625,36.025000000000006,-85.76666663333334
2010-04-07,1.7442884370079632,297.56250000000006,279.55,0.875,240.45,1.195,0.005523750000000001,2.5375,36.025000000000006,-85.76666663333334
2010-04-15,2.2885550586826566,295.95,279.94999999999993,0.07500000000000001,232.3125,1.00625,0.005773749999999999,2.8375000000000004,36.025000000000006,-85.76666663333334
2010-04-23,2.9101595472192905,295.025,283.09999999999997,3.8000000000000003,223.2,0.8487499999999999,0.007235000000000001,4.7250000000000005,36.025000000000006,-85.76666663333334
2010-05-01,3.054447984227253,299.5875,285.575,19.875,273.525,0.81375,0.010575000000000001,3.7,36.025000000000006,-85.76666663333334
2010-05-09,3.110163319836767,298.025,286.93750000000006,3.4125,227.7,0.69625,0.0109675,3.3375000000000004,36.025000000000006,-85.76666663333334
2010-05-17,3.4657494851351625,299.3125,287.575,2.2375000000000003,270.5,0.7474999999999999,0.011465000000000003,2.6125,36.025000000000006,-85.76666663333334
2010-05-25,2.975838993365576,301.7625,290.3625,1.8125,241.22500000000002,0.91125,0.01280125,2.0750000000000006,36.025000000000006,-85.76666663333334
2010-06-02,3.2758499010322106,302.8625,290.96250000000003,3.9125000000000005,247.85000000000002,0.7787499999999999,0.014751250000000002,3.0,36.025000000000006,-85.76666663333334
2010-06-10,2.910004788957426,305.33750000000003,294.19999999999993,0.7000000000000001,231.6625,0.93625,0.0171525,2.5250000000000004,36.025000000000006,-85.76666663333334
2010-06-18,3.7101301866510674,306.4624999999999,293.65,1.2125,265.35,1.1174999999999997,0.016737500000000002,1.9000000000000001,36.025000000000006,-85.76666663333334
2010-06-26,3.6986999256178352,304.6625,291.4375,2.8875,297.58750000000003,1.0037500000000001,0.015015000000000002,3.2,36.025000000000006,-85.76666663333334
2010-07-04,3.810027014476491,306.4625,292.5,4.6,301.35,1.24,0.015482500000000003,1.7125000000000001,36.025000000000006,-85.76666663333334
2010-07-12,2.664636481828971,305.0,294.3,4.7,233.2875,0.8650000000000001,0.017351250000000002,2.5875000000000004,36.025000000000006,-85.76666663333334
2010-07-20,2.8543666273859465,306.975,295.3875,0.1625,260.9125,1.1400000000000003,0.017910000000000002,2.55,36.025000000000006,-85.76666663333334
2010-07-28,3.254297408768661,307.275,295.3,2.0,264.5875,1.1925000000000001,0.017851250000000003,1.8625,36.025000000000006,-85.76666663333334
2010-08-05,3.542947684205145,307.58750000000003,294.35,3.85,213.32500000000005,1.27,0.0172225,1.675,36.025000000000006,-85.76666663333334
2010-08-13,3.2228127085966523,305.1875,294.29999999999995,18.475,209.91250000000002,0.8712500000000002,0.0176175,2.1750000000000003,36.025000000000006,-85.76666663333334
2010-08-21,3.7986076611098936,303.43750000000006,290.79999999999995,1.7125000000000001,279.6625,0.8437500000000001,0.014701250000000003,2.7500000000000004,36.025000000000006,-85.76666663333334
2010-08-29,3.5986445669130704,303.05000000000007,287.8875,0.0,265.12500000000006,1.13875,0.0116675,2.1,36.025000000000006,-85.76666663333334
2010-09-06,3.3430139505765446,302.46250000000003,287.95,3.1875,205.77500000000003,1.01375,0.011955,2.2125,36.025000000000006,-85.76666663333334
2010-09-14,3.287269254398808,304.6,288.05,0.9875,237.25000000000003,1.24625,0.012096250000000001,2.2750000000000004,36.025000000000006,-85.76666663333334
2010-09-22,2.688488792311257,299.77500000000003,286.8625,1.0625,203.3625,0.95875,0.0106,2.9250000000000003,36.025000000000006,-85.76666663333334
2010-09-30,2.277212879354094,295.1625,278.075,0.0,207.60000000000002,0.8612500000000001,0.0059325,3.1625,36.025000000000006,-85.76666663333334
2010-10-08,1.7772275596382057,298.99999999999994,281.01250000000005,1.5625,199.55,1.175,0.0067350000000000005,1.8625,36.025000000000006,-85.76666663333334
2010-10-16,1.3329059894445427,297.6375,277.2625,0.0,189.9,1.1375,0.00518125,2.225,36.025000000000006,-85.76666663333334
2010-10-24,1.188580646633403,296.0125,280.05,8.2125,169.51250000000002,0.80375,0.00728375,4.0125,36.025000000000006,-85.76666663333334
2010-11-01,0.8442922096254398,288.325,274.99999999999994,1.9125,119.1375,0.5700000000000001,0.00439875,2.8375000000000004,36.025000000000006,-85.76666663333334
2010-11-09,0.6000000000000001,292.5875,276.40000000000003,5.550000000000001,115.22500000000001,0.73375,0.005235,2.45,36.025000000000006,-85.76666663333334
2010-11-17,0.6443068899095514,292.6125,278.8625,2.825,93.57500000000002,0.65125,0.006135000000000001,3.3125000000000004,36.025000000000006,-85.76666663333334
2010-11-25,0.5443068899095515,284.72499999999997,271.3875,12.275,92.12500000000001,0.3475,0.0041600000000000005,4.2875000000000005,36.025000000000006,-85.76666663333334
2010-12-03,0.4999815470984117,277.75,267.425,0.1375,92.25,0.2975,0.0022812500000000003,3.1875,36.025000000000006,-85.76666663333334
2010-12-11,0.4443068899095514,276.34999999999997,266.2625,5.5625,60.087500000000006,0.23249999999999998,0.0024587500000000004,3.7750000000000004,36.025000000000006,-85.76666663333334
2010-12-19,0.4442922096254398,277.96250000000003,269.9875,0.675,70.525,0.23000000000000004,0.00291375,3.0999999999999996,36.025000000000006,-85.76666663333334
2010-12-27,0.4,281.76000000000005,270.9,11.860000000000001,77.56000000000002,0.312,0.0035800000000000007,3.7399999999999998,36.025000000000006,-85.76666663333334
2011-01-01,0.39998531971588847,279.9875,268.975,7.7250000000000005,80.1625,0.27625,0.0029587500000000004,3.45,36.025000000000006,-85.76666663333334
2011-01-09,0.4442922096254398,275.025,265.6875,0.7125,79.075,0.2025,0.0020662500000000004,3.3625,36.025000000000006,-85.76666663333334
2011-01-17,0.4,278.34999999999997,268.26250000000005,2.0375,80.75,0.2325,0.0027600000000000003,2.5,36.025000000000006,-85.76666663333334
2011-01-25,0.4442922096254398,284.38750000000005,272.0375,2.675,92.97500000000001,0.37750000000000006,0.00393875,2.8875000000000006,36.025000000000006,-85.76666663333334
2011-02-02,0.4442922096254398,279.375,268.175,1.1125000000000003,91.21249999999999,0.27999999999999997,0.0026300000000000004,3.8875000000000006,36.025000000000006,-85.76666663333334
2011-02-10,0.44432534281113967,285.5125,269.4625,2.6625,148.3,0.54625,0.00294625,3.8375,36.025000000000006,-85.76666663333334
2011-02-18,0.5443068899095515,290.7375,276.8,8.15,109.13750000000002,0.575,0.00541625,4.675000000000001,36.025000000000006,-85.76666663333334
2011-02-26,0.6443068899095514,291.525,275.21250000000003,11.8625,144.2375,0.60875,0.005180000000000001,4.387500000000001,36.025000000000006,-85.76666663333334
2011-03-06,0.6443068899095514,288.6625,274.6,4.7375,149.7625,0.5525,0.00438125,4.5125,36.025000000000006,-85.76666663333334
2011-03-14,0.7000146802841116,295.3875,279.72499999999997,3.3125,189.4875,0.8762500000000001,0.006256250000000001,3.9125000000000005,36.025000000000006,-85.76666663333334
2011-03-22,0.844321570193663,290.17499999999995,277.0125,3.7375000000000007,168.05,0.6150000000000001,0.0051912500000000006,4.0875,36.025000000000006,-85.76666663333334
2011-03-30,1.0000146802841114,290.8125,275.0,10.125,192.41250000000002,0.6625000000000001,0.0048087500000000005,4.612500000000001,36.025000000000006,-85.76666663333334
2011-04-07,1.4772275596382056,298.92499999999995,282.20000000000005,2.8875,230.71250000000003,1.07125,0.0077887500000000005,4.2875000000000005,36.025000000000006,-85.76666663333334
2011-04-15,1.921527314498599,297.425,281.45,8.2875,206.675,0.9537500000000001,0.007348750000000001,5.1000000000000005,36.025000000000006,-85.76666663333334
2011-04-23,2.6772866909604476,299.15,285.375,13.037500000000001,229.35000000000002,1.025,0.008911249999999999,5.1375,36.025000000000006,-85.76666663333334
2011-05-01,3.1101041885145255,295.7875,280.2625,7.3125,254.70000000000005,0.7224999999999999,0.007745000000000002,3.0375,36.025000000000006,-85.76666663333334
2011-05-09,3.5986185687765286,298.6125,285.8125,3.5125,231.3625,0.7050000000000001,0.011205000000000003,3.4125,36.025000000000006,-85.76666663333334
2011-05-17,3.4328875365429545,298.025,284.9,1.6125,227.03750000000002,0.75375,0.010201250000000002,3.0875,36.025000000000006,-85.76666663333334
2011-05-25,3.821508861597011,304.05,289.52500000000003,1.8,308.6625,1.155,0.01301625,2.9625000000000004,36.025000000000006,-85.76666663333334
2011-06-02,3.8213507409034646,306.53749999999997,292.125,3.6625,304.9875,1.1800000000000002,0.015700000000000002,1.9625000000000001,36.025000000000006,-85.76666663333334
2011-06-10,3.7657972986049737,304.15,290.2,8.0375,281.4375,1.0187499999999998,0.013948750000000001,2.3750000000000004,36.025000000000006,-85.76666663333334
2011-06-18,3.5987548741368047,304.0375,291.01249999999993,9.500000000000002,261.4125,0.8150000000000001,0.01546625,3.9625,36.025000000000006,-85.76666663333334
2011-06-26,3.588632232720691,304.84999999999997,290.8625,4.5,304.7,1.01125,0.01485125,2.125,36.025000000000006,-85.76666663333334
2011-07-04,3.1443513409476815,306.0875,293.8125,2.5,268.18750000000006,1.095,0.01668125,1.6625,36.025000000000006,-85.76666663333334
2011-07-12,3.1999488240985072,305.2375,293.61249999999995,2.9125,251.2125,0.9975,0.016444999999999998,2.2125000000000004,36.025000000000006,-85.76666663333334
2011-07-20,3.310078600563779,306.9625,295.1875,3.4000000000000004,256.6625,1.1549999999999998,0.0177075,1.85,36.025000000000006,-85.76666663333334
2011-07-28,3.4544333039431416,307.75,294.1625,1.9625000000000001,280.9875,1.3012500000000002,0.017068750000000004,2.0625,36.025000000000006,-85.76666663333334
2011-08-05,3.5543229967194074,306.1875,292.6625,1.2125,270.38750000000005,1.07625,0.0163475,2.5375000000000005,36.025000000000006,-85.76666663333334
2011-08-13,3.620219694881481,305.275,289.57500000000005,0.21250000000000002,287.2625,1.19625,0.013548750000000002,2.025,36.025000000000006,-85.76666663333334
2011-08-21,3.620219694881481,305.65,289.7,0.9625,290.21250000000003,1.21125,0.01381875,2.6875000000000004,36.025000000000006,-85.76666663333334
2011-08-29,3.255656204287272,305.83750000000003,290.2625,13.725000000000001,249.5,1.3825,0.013415000000000002,2.6875,36.025000000000006,-85.76666663333334
2011-09-06,2.6671049182220923,297.7,284.95000000000005,2.1750000000000003,179.2875,0.6825000000000001,0.010096250000000001,2.8,36.025000000000006,-85.76666663333334
2011-09-14,3.0202637357338156,298.9375,285.125,3.95,178.66250000000002,0.7200000000000001,0.010632500000000003,2.8499999999999996,36.025000000000006,-85.76666663333334
2011-09-22,2.7430579914288797,298.25,284.2375,3.2875,195.325,0.6887500000000001,0.010018750000000002,2.4625000000000004,36.025000000000006,-85.76666663333334
2011-09-30,2.5101041885145254,295.6125,279.21250000000003,0.0,224.53750000000002,0.8350000000000001,0.006608750000000001,2.7,36.025000000000006,-85.76666663333334
2011-10-08,1.8772313322556826,296.2375,282.78749999999997,3.3750000000000004,163.3375,0.7474999999999999,0.008128750000000002,3.225,36.025000000000006,-85.76666663333334
2011-10-16,1.4443068899095515,293.075,276.9875,3.2,161.05000000000004,0.7275,0.005895000000000001,3.6125000000000003,36.025000000000006,-85.76666663333334
2011-10-24,1.1443068899095516,291.79999999999995,276.5625,2.9750000000000005,147.66250000000002,0.6399999999999999,0.0055225,3.1125000000000003,36.025000000000006,-85.76666663333334
2011-11-01,0.8443400230952514,292.1375,277.25,1.7375,121.57500000000002,0.7262500000000001,0.00505,3.175,36.025000000000006,-85.76666663333334
2011-11-09,0.744321570193663,291.5875,276.71250000000003,4.925000000000001,102.3125,0.5824999999999999,0.005921249999999999,4.8875,36.025000000000006,-85.76666663333334
2011-11-17,0.5556893374729719,290.15,277.5125,4.7625,105.72500000000001,0.49999999999999994,0.005982500000000001,3.712500000000001,36.025000000000006,-85.76666663333334
2011-11-25,0.5443068899095515,286.525,273.75,10.9125,83.2125,0.395,0.0046387500000000005,3.1375,36.025000000000006,-85.76666663333334
2011-12-03,0.5443068899095515,285.8875,273.22499999999997,5.5375,89.05000000000001,0.39,0.004432500000000001,3.125,36.025000000000006,-85.76666663333334
2011-12-11,0.5000146802841116,286.32500000000005,273.77500000000003,3.5250000000000004,79.9375,0.37500000000000006,0.00471875,2.725,36.025000000000006,-85.76666663333334
2011-12-19,0.49999622738252325,287.04999999999995,274.925,7.375,82.3375,0.375,0.004968750000000001,2.7625,36.025000000000006,-85.76666663333334
2011-12-27,0.4999815470984117,285.08000000000004,272.78000000000003,4.24,86.38,0.35200000000000004,0.004184,4.540000000000001,36.025000000000006,-85.76666663333334
2012-01-01,0.4,283.21250000000003,270.8875,0.7750000000000001,87.8,0.40125000000000005,0.00332,4.0875,36.025000000000006,-85.76666663333334
2012-01-09,0.4443068899095514,283.625,271.7875,6.6625,67.75,0.3325,0.003955,4.0375000000000005,36.025000000000006,-85.76666663333334
2012-01-17,0.4443068899095514,287.02500000000003,273.27500000000003,6.2125,97.63750000000002,0.37250000000000005,0.004817500000000001,4.3375,36.025000000000006,-85.76666663333334
2012-01-25,0.444321570193663,286.87500000000006,274.36249999999995,4.65,100.6125,0.4887500000000001,0.004125000000000001,3.775,36.025000000000006,-85.76666663333334
2012-02-02,0.49999622738252325,286.85,275.4875,3.0625,114.32500000000002,0.40750000000000003,0.004776250000000001,2.5125,36.025000000000006,-85.76666663333334
2012-02-10,0.544321570193663,283.3625,270.0375,1.5375,112.81250000000003,0.39499999999999996,0.0032562500000000005,3.225,36.025000000000006,-85.76666663333334
2012-02-18,0.5999962273825233,288.525,273.8,3.5625,129.45000000000002,0.51125,0.004628750000000001,4.7,36.025000000000006,-85.76666663333334
2012-02-26,0.511397127847532,290.6375,273.9125,4.1000000000000005,171.45000000000002,0.67,0.0044062500000000004,3.8375,36.025000000000006,-85.76666663333334
2012-03-05,0.6113786749459437,290.325,274.975,5.550000000000001,174.76250000000002,0.68,0.0043775,4.9750000000000005,36.025000000000006,-85.76666663333334
2012-03-13,1.2999962273825232,300.6,286.63750000000005,4.125,187.9875,1.2487499999999998,0.00857625,3.1125,36.025000000000006,-85.76666663333334
2012-03-21,1.6329391226302425,297.875,282.925,1.3375000000000001,206.93750000000003,1.03125,0.007372500000000001,3.7125,36.025000000000006,-85.76666663333334
2012-03-29,2.577165065884283,300.8625,286.05,3.2375000000000003,203.7625,1.1300000000000001,0.009430000000000001,2.825,36.025000000000006,-85.76666663333334
2012-04-06,3.143029041046452,292.275,275.3125,0.0,245.075,0.7987500000000001,0.00432875,3.025000000000001,36.025000000000006,-85.76666663333334
2012-04-14,3.0658782452604854,296.54999999999995,282.65000000000003,1.0625,194.38750000000002,0.90625,0.00733625,3.7625,36.025000000000006,-85.76666663333334
2012-04-22,3.175838993365576,296.4,280.8375,0.1125,228.7625,0.9550000000000001,0.00696375,4.625,36.025000000000006,-85.76666663333334
2012-04-30,3.520131202991016,303.98749999999995,289.2625,2.325,265.03749999999997,1.19625,0.012325000000000003,2.7750000000000004,36.025000000000006,-85.76666663333334
2012-05-08,3.241710103576903,297.3875,283.3875,3.0375,235.45000000000002,0.7137499999999999,0.00911375,2.6125000000000007,36.025000000000006,-85.76666663333334
2012-05-16,3.4543708101892188,301.175,287.23749999999995,0.925,273.0375000000001,1.0325,0.01055375,1.5500000000000003,36.025000000000006,-85.76666663333334
2012-05-24,3.2315761443083595,305.12500000000006,289.41249999999997,1.3125,305.52500000000003,1.3612500000000003,0.012333750000000001,2.3375,36.025000000000006,-85.76666663333334
2012-06-01,3.043058401614675,300.2,284.0375,1.2000000000000002,311.77500000000003,0.8712500000000001,0.01007,3.1125000000000007,36.025000000000006,-85.76666663333334
2012-06-09,3.6429845900083215,303.175,288.025,4.3875,276.1,1.0575,0.012181250000000001,2.837500000000001,36.025000000000006,-85.76666663333334
2012-06-17,3.5314259790355624,305.7875,289.86249999999995,0.0,321.975,1.4662499999999998,0.012321250000000002,2.4000000000000004,36.025000000000006,-85.76666663333334
2012-06-25,3.5315836895433126,308.48750000000007,290.2,0.037500000000000006,333.96250000000003,1.98625,0.01223375,2.6625000000000005,36.025000000000006,-85.76666663333334
2012-07-03,3.1986223413940054,309.1625,294.59999999999997,0.8125,286.2250000000001,1.8824999999999998,0.015130000000000001,2.0,36.025000000000006,-85.76666663333334
2012-07-11,3.1758096327973533,304.8875,292.3,14.425,225.375,1.0862500000000002,0.01510125,2.1625000000000005,36.025000000000006,-85.76666663333334
2012-07-19,2.7316755438654594,308.34999999999997,293.56249999999994,6.112500000000001,295.8625,1.4575000000000002,0.016366250000000002,3.1,36.025000000000006,-85.76666663333334
2012-07-27,3.454333904386042,308.02500000000003,293.1,3.9625,284.925,1.57875,0.015086250000000002,2.4625,36.025000000000006,-85.76666663333334
2012-08-04,3.587232758781427,305.425,291.8625,7.325,247.125,1.1575000000000002,0.014908750000000002,2.8500000000000005,36.025000000000006,-85.76666663333334
2012-08-12,3.9871186789402158,304.0,288.1375,2.8000000000000003,284.325,1.19375,0.012023750000000001,2.5125,36.025000000000006,-85.76666663333334
2012-08-20,3.7657088067145095,305.11249999999995,287.8625,0.0,308.325,1.60625,0.01025375,1.7000000000000002,36.025000000000006,-85.76666663333334
2012-08-28,3.498626114011482,306.52500000000003,293.06250000000006,5.3375,214.3125,1.3975,0.014823750000000002,3.1125,36.025000000000006,-85.76666663333334
2012-09-05,3.6758574462671643,303.95,288.5125,2.8125,228.71250000000003,1.2975,0.01182,2.225,36.025000000000006,-85.76666663333334
2012-09-13,3.144111863412829,301.1,285.2875,13.450000000000001,209.13750000000002,1.0325,0.010053749999999998,2.8375,36.025000000000006,-85.76666663333334
2012-09-21,3.0543192241019304,300.65000000000003,282.51250000000005,0.0,228.15,1.1587500000000002,0.008305,3.1000000000000005,36.025000000000006,-85.76666663333334
2012-09-29,2.331498970270325,298.01250000000005,283.55,5.887500000000001,176.7,0.7462500000000001,0.009362500000000001,2.6875000000000004,36.025000000000006,-85.76666663333334
2012-10-07,1.865771300468432,293.95,278.95,5.2625,152.82500000000002,0.6925000000000001,0.006652500000000001,2.8125,36.025000000000006,-85.76666663333334
2012-10-15,1.4771797461683942,295.75,279.65,2.15,171.70000000000002,0.83375,0.006586250000000001,3.6374999999999997,36.025000000000006,-85.76666663333334
2012-10-23,1.2328875365429544,292.8,278.62499999999994,0.05,151.75,0.725,0.00622,4.387500000000001,36.025000000000006,-85.76666663333334
2012-10-31,0.9443215701936629,288.7125,272.78749999999997,1.8625000000000003,125.20000000000002,0.5950000000000001,0.003952500000000001,2.95,36.025000000000006,-85.76666663333334
2012-11-08,0.8443031172920747,289.8875,272.7375,3.225,126.525,0.65,0.0039787500000000005,3.025,36.025000000000006,-85.76666663333334
2012-11-16,0.5999962273825233,290.16249999999997,275.2,0.1125,114.2125,0.70125,0.004078750000000001,2.0,36.025000000000006,-85.76666663333334
2012-11-24,0.5442775293413283,286.875,271.0125,1.4000000000000001,111.63750000000002,0.535,0.0034112500000000002,2.4000000000000004,36.025000000000006,-85.76666663333334
2012-12-02,0.49998531971588844,294.28749999999997,282.15,2.6625,75.77500000000002,0.7000000000000001,0.007233750000000001,3.9125,36.025000000000006,-85.76666663333334
2012-12-10,0.4000146802841116,287.5875,273.875,7.475,85.275,0.42625,0.0048275,3.45,36.025000000000006,-85.76666663333334
2012-12-18,0.4999815470984117,285.425,272.125,7.137499999999999,90.575,0.39,0.00402625,4.5375,36.025000000000006,-85.76666663333334
2012-12-26,0.4,280.5833333333333,269.3999999999999,3.483333333333333,65.85000000000001,0.25,0.0031483333333333333,3.5833333333333335,36.025000000000006,-85.76666663333334
2013-01-01,0.34430688990955144,281.725,270.15000000000003,1.975,94.98750000000001,0.3425,0.00301,2.375,36.025000000000006,-85.76666663333334
2013-01-09,0.5443068899095515,288.58750000000003,279.03749999999997,10.200000000000003,52.325,0.38750000000000007,0.006578750000000001,4.25,36.025000000000006,-85.76666663333334
2013-01-17,0.5,280.175,268.7,0.08750000000000001,105.3375,0.34875,0.0024687500000000005,3.175,36.025000000000006,-85.76666663333334
2013-01-25,0.4443068899095514,284.6625,271.825,6.987500000000002,88.325,0.38375000000000004,0.0042925,4.700000000000001,36.025000000000006,-85.76666663333334
2013-02-02,0.44432534281113967,284.3,270.52500000000003,0.75,110.2,0.38625,0.0035375,3.0375,36.025000000000006,-85.76666663333334
2013-02-10,0.4443068899095514,283.8125,271.5,2.7125000000000004,116.1875,0.3875,0.0034987500000000006,3.8374999999999995,36.025000000000006,-85.76666663333334
2013-02-18,0.5443253428111398,286.0625,270.6875,2.5875000000000004,150.8375,0.47875,0.0034337500000000006,4.362500000000001,36.025000000000006,-85.76666663333334
2013-02-26,0.6443068899095514,281.85,271.37499999999994,5.0375000000000005,88.52500000000002,0.31625,0.003425,4.6625000000000005,36.025000000000006,-85.76666663333334
2013-03-06,0.6443068899095514,285.72499999999997,271.98749999999995,3.4000000000000004,154.5375,0.49750000000000005,0.0034425000000000002,4.75,36.025000000000006,-85.76666663333334
2013-03-14,0.6999668668143002,289.0125,274.825,3.4000000000000004,194.175,0.64375,0.004365000000000001,4.05,36.025000000000006,-85.76666663333334
2013-03-22,0.8,284.1875,272.175,3.4625000000000004,127.53750000000001,0.45624999999999993,0.0033062499999999997,3.7250000000000005,36.025000000000006,-85.76666663333334
2013-03-30,0.8000184529015884,290.325,275.1625,2.75,206.2875,0.66,0.0044687500000000005,2.9500000000000006,36.025000000000006,-85.76666663333334
2013-04-07,1.5885990995349912,297.25,281.4375,3.325,211.76250000000002,1.0250000000000001,0.006833750000000001,4.025,36.025000000000006,-85.76666663333334
2013-04-15,1.888599099534991,297.075,280.925,4.9,233.80000000000004,0.9875,0.007201250000000001,4.3375,36.025000000000006,-85.76666663333334
2013-04-23,2.8657641654192743,294.95,279.4875,11.2625,205.275,0.79375,0.0064800000000000005,3.2125,36.025000000000006,-85.76666663333334
2013-05-01,3.264456545802156,294.01250000000005,281.8125,10.674999999999999,199.16250000000002,0.58625,0.0079225,2.6875,36.025000000000006,-85.76666663333334
2013-05-09,3.498707060666993,296.6375,281.61249999999995,1.475,267.32500000000005,0.7274999999999999,0.00834875,3.4250000000000007,36.025000000000006,-85.76666663333334
2013-05-17,3.3873502010543195,300.425,287.9,5.525,240.08750000000003,0.7675,0.01217375,3.2,36.025000000000006,-85.76666663333334
2013-05-25,3.6543741726209005,301.91249999999997,286.76250000000005,1.3875000000000002,286.06250000000006,1.08125,0.010797500000000002,3.6,36.025000000000006,-85.76666663333334
2013-06-02,3.3429770447733684,301.9125,289.2875,7.2125,228.33750000000006,0.7112499999999999,0.01376625,2.45,36.025000000000006,-85.76666663333334
2013-06-10,3.51012641403359,303.97499999999997,289.7125,1.8125,266.7625,0.89875,0.0144,3.2250000000000005,36.025000000000006,-85.76666663333334
2013-06-18,3.055678429806337,303.625,291.1875,6.437500000000001,248.95,0.98,0.014088750000000002,1.9125000000000003,36.025000000000006,-85.76666663333334
2013-06-26,3.1429770447733683,303.4,290.625,1.9500000000000002,254.9625,0.8462500000000001,0.0146475,3.1000000000000005,36.025000000000006,-85.76666663333334
2013-07-04,2.954469799560523,302.66249999999997,291.17499999999995,20.4875,229.1875,0.70375,0.015263750000000001,2.5,36.025000000000006,-85.76666663333334
2013-07-12,3.421501316362057,305.1,291.7375,2.2875,301.3125,1.02125,0.01534125,2.5,36.025000000000006,-85.76666663333334
2013-07-20,3.2657457125176856,303.3125,290.9625,3.1000000000000005,254.6375,0.7612500000000001,0.015206250000000003,2.8625000000000003,36.025000000000006,-85.76666663333334
2013-07-28,3.165741939900209,303.42499999999995,288.73749999999995,2.9625,291.9375,1.015,0.012858750000000002,2.1750000000000003,36.025000000000006,-85.76666663333334
2013-08-05,2.5543083164352955,302.5625,291.025,6.2375,185.4625,0.6775000000000001,0.015185,2.5250000000000004,36.025000000000006,-85.76666663333334
2013-08-13,2.221545357214392,300.9375,287.63750000000005,6.125,238.13750000000002,0.6512499999999999,0.012972500000000001,2.65,36.025000000000006,-85.76666663333334
2013-08-21,3.765661403430493,304.83750000000003,290.7,1.0,273.675,0.9887500000000001,0.014852500000000001,2.0,36.025000000000006,-85.76666663333334
2013-08-29,3.275872126551276,305.28749999999997,290.675,3.175,251.25000000000003,1.0237500000000002,0.0151175,2.7375000000000003,36.025000000000006,-85.76666663333334
2013-09-06,3.5543339043860422,303.55,289.96250000000003,0.08750000000000001,220.55,0.9887500000000001,0.013625,2.0875000000000004,36.025000000000006,-85.76666663333334
2013-09-14,3.3100416947606024,300.35,286.5625,4.15,199.91250000000002,0.785,0.011415000000000002,2.8375000000000004,36.025000000000006,-85.76666663333334
2013-09-22,3.2657201245669394,299.37499999999994,284.86249999999995,2.0250000000000004,216.51250000000002,0.8,0.010113750000000001,2.8250000000000006,36.025000000000006,-85.76666663333334
2013-09-30,2.787287707300396,299.91249999999997,286.40000000000003,4.5375,163.4375,0.765,0.011288750000000002,2.6750000000000003,36.025000000000006,-85.76666663333334
2013-10-08,2.4543632649542655,298.9125,284.0,0.0,185.975,0.91375,0.008872500000000002,2.4250000000000003,36.025000000000006,-85.76666663333334
2013-10-16,2.2657163519494627,291.2,278.45,2.1,137.5,0.45,0.00663375,2.0375,36.025000000000006,-85.76666663333334
2013-10-24,1.6328728562588428,292.1125,278.6875,0.375,117.5625,0.60375,0.0065112500000000005,3.0875000000000004,36.025000000000006,-85.76666663333334
2013-11-01,1.1771981990699825,291.31249999999994,276.24999999999994,1.9375000000000002,134.5625,0.5824999999999999,0.005453750000000001,3.6125000000000003,36.025000000000006,-85.76666663333334
2013-11-09,0.6999668668143002,288.18749999999994,270.88749999999993,0.3,117.55000000000001,0.58375,0.0036487500000000005,3.25,36.025000000000006,-85.76666663333334
2013-11-17,0.7442922096254398,287.9125,274.075,2.7,96.7875,0.37875000000000003,0.00548125,4.4625,36.025000000000006,-85.76666663333334
2013-11-25,0.5443068899095515,281.91249999999997,268.75,4.525,87.73750000000001,0.36,0.0028975000000000003,2.8375000000000004,36.025000000000006,-85.76666663333334
2013-12-03,0.5442922096254399,285.4,274.05,11.4,75.9875,0.2675,0.005543750000000001,3.7125000000000004,36.025000000000006,-85.76666663333334
2013-12-11,0.5,282.15,268.7375,1.425,95.8875,0.34750000000000003,0.002905,3.0375000000000005,36.025000000000006,-85.76666663333334
2013-12-19,0.45569311009044855,286.1625,272.5125,5.800000000000001,88.4375,0.40750000000000003,0.0046862499999999994,4.2875,36.025000000000006,-85.76666663333334
2013-12-27,0.49998531971588844,282.53999999999996,271.82,4.42,88.64000000000001,0.376,0.0031740000000000006,1.92,36.025000000000006,-85.76666663333334
2014-01-01,0.4443106625270281,276.025,261.25,2.0250000000000004,93.80000000000001,0.26875000000000004,0.0019575,4.275,36.025000000000006,-85.76666663333334
2014-01-09,0.44432534281113967,283.6625,271.65,6.075,77.80000000000001,0.32875000000000004,0.0038525000000000005,3.95,36.025000000000006,-85.76666663333334
2014-01-17,0.4,275.9875,262.825,0.08750000000000001,97.17500000000001,0.28125,0.0018012500000000003,4.2125,36.025000000000006,-85.76666663333334
2014-01-25,0.4442922096254398,278.29999999999995,263.55,0.0625,103.9875,0.38875000000000004,0.0017387500000000003,4.4625,36.025000000000006,-85.76666663333334
2014-02-02,0.5442922096254399,277.8125,270.29999999999995,8.725000000000001,80.775,0.17375000000000002,0.0034850000000000007,3.5375000000000005,36.025000000000006,-85.76666663333334
2014-02-10,0.5,281.03749999999997,268.175,1.725,114.525,0.37374999999999997,0.00254,3.6625,36.025000000000006,-85.76666663333334
2014-02-18,0.6000000000000001,288.9625,272.9625,5.062500000000001,167.8875,0.555,0.0044075,4.050000000000001,36.025000000000006,-85.76666663333334
2014-02-26,0.6000000000000001,281.1625,268.15,6.675000000000001,158.32500000000002,0.39375000000000004,0.00268125,3.6625000000000005,36.025000000000006,-85.76666663333334
2014-03-06,0.6999815470984118,290.3375,272.6375,0.21250000000000002,190.00000000000003,0.645,0.0042325,3.5125,36.025000000000006,-85.76666663333334
2014-03-14,0.7000000000000001,288.35,273.325,2.6875000000000004,184.91250000000002,0.5625,0.0040750000000000005,4.062500000000001,36.025000000000006,-85.76666663333334
2014-03-22,0.8443068899095514,287.15,273.0625,4.9125,171.97500000000002,0.5599999999999999,0.00377,4.0125,36.025000000000006,-85.76666663333334
2014-03-30,0.7443106625270282,294.4625,278.2875,8.15,225.03749999999997,0.8650000000000001,0.00578625,3.85,36.025000000000006,-85.76666663333334
2014-04-07,1.1999815470984119,295.33750000000003,279.125,1.7625000000000002,231.60000000000005,0.8075000000000001,0.006579999999999999,4.75,36.025000000000006,-85.76666663333334
2014-04-15,1.5329059894445427,293.9125,277.5,0.30000000000000004,238.82500000000002,0.91875,0.0050237500000000004,3.3750000000000004,36.025000000000006,-85.76666663333334
2014-04-23,2.111356859612674,298.2,281.6875,10.137500000000001,236.68750000000003,1.00125,0.0074112499999999994,3.825,36.025000000000006,-85.76666663333334
2014-05-01,2.4885844192508797,299.7,282.75000000000006,0.0,289.1125,1.21625,0.007482500000000001,3.85,36.025000000000006,-85.76666663333334
2014-05-09,2.5215050889795343,298.275,285.8375,4.1875,254.55000000000004,0.7412500000000001,0.010713750000000001,3.8000000000000003,36.025000000000006,-85.76666663333334
2014-05-17,2.6315836895433127,299.2,285.1125,0.0,284.35,1.015,0.009056250000000002,3.5500000000000003,36.025000000000006,-85.76666663333334
2014-05-25,2.7316168227290127,302.58750000000003,290.1125,2.5125,237.375,1.04125,0.012516250000000001,2.7750000000000004,36.025000000000006,-85.76666663333334
2014-06-02,2.5873061602019845,300.7875,290.65000000000003,3.4625000000000004,253.02500000000003,0.6450000000000001,0.0140125,2.9625000000000004,36.025000000000006,-85.76666663333334
2014-06-10,3.0658010712224506,302.05,289.925,4.0875,260.96250000000003,0.89375,0.013097500000000003,2.9499999999999997,36.025000000000006,-85.76666663333334
2014-06-18,3.0658010712224506,304.55,292.5125,5.15,271.475,1.1425,0.014412499999999998,2.825,36.025000000000006,-85.76666663333334
2014-06-26,2.9657859807525435,302.6375,292.125,3.275,255.925,0.9475000000000001,0.014051250000000001,2.7874999999999996,36.025000000000006,-85.76666663333334
2014-07-04,3.3658857904954385,303.41249999999997,290.21250000000003,2.9250000000000003,336.6375,1.1950000000000003,0.012277500000000002,2.85,36.025000000000006,-85.76666663333334
2014-07-12,3.265801071222451,301.27500000000003,289.7375,9.0125,280.83750000000003,1.02625,0.011911250000000002,2.6625,36.025000000000006,-85.76666663333334
2014-07-20,3.0544186236590303,303.65,290.775,4.8875,317.51250000000005,1.0037500000000001,0.013872500000000003,3.15,36.025000000000006,-85.76666663333334
2014-07-28,3.4987255135685817,301.6375,287.7875,0.0,317.87500000000006,1.2025,0.010025,2.0875,36.025000000000006,-85.76666663333334
2014-08-05,2.9759824337750107,303.8375,291.5,9.7625,253.72500000000002,1.1925000000000001,0.013142500000000001,2.6750000000000003,36.025000000000006,-85.76666663333334
2014-08-13,3.331646183297236,302.2,290.525,4.25,268.725,1.14,0.011888750000000002,2.5875,36.025000000000006,-85.76666663333334
2014-08-21,3.2986886077654054,304.975,293.09999999999997,0.0,267.4125,1.3762500000000002,0.013577500000000001,2.3375000000000004,36.025000000000006,-85.76666663333334
2014-08-29,3.465753257752639,303.66249999999997,293.2125,11.562500000000002,218.875,1.17125,0.0138425,3.25,36.025000000000006,-85.76666663333334
2014-09-06,2.8974766150879097,299.675,291.8625,1.1875,197.18750000000003,0.7275,0.0135075,3.1750000000000003,36.025000000000006,-85.76666663333334
2014-09-14,2.9543817178558536,299.3125,286.2375,0.6375000000000001,213.6,0.9537499999999999,0.009546250000000001,2.7750000000000004,36.025000000000006,-85.76666663333334
2014-09-22,2.865734804851051,299.41249999999997,284.4875,0.0,223.8125,1.09125,0.008251250000000002,2.7125000000000004,36.025000000000006,-85.76666663333334
2014-09-30,2.710019469241537,297.4625,282.075,10.6375,187.82500000000002,1.00625,0.007400000000000001,4.325,36.025000000000006,-85.76666663333334
2014-10-08,1.9771650658842828,295.475,287.23749999999995,19.9125,149.225,0.6275000000000001,0.00986375,4.050000000000001,36.025000000000006,-85.76666663333334
2014-10-16,1.7328581759747312,291.9125,277.6625,0.1125,170.63750000000002,0.5700000000000001,0.006025000000000001,3.325,36.025000000000006,-85.76666663333334
2014-10-24,1.28855128606518,294.0875,278.6625,3.6375,160.8125,0.7400000000000001,0.00646125,2.6624999999999996,36.025000000000006,-85.76666663333334
2014-11-01,0.9443068899095515,287.9,275.425,6.125,122.60000000000002,0.6025000000000001,0.00411,3.9000000000000004,36.025000000000006,-85.76666663333334
2014-11-09,0.8442884370079631,283.38750000000005,270.875,6.1375,112.88750000000002,0.46875,0.0033125000000000003,3.4750000000000005,36.025000000000006,-85.76666663333334
2014-11-17,0.6443068899095514,283.96250000000003,271.7,2.2624999999999997,108.91250000000001,0.47375,0.00347625,4.737500000000001,36.025000000000006,-85.76666663333334
2014-11-25,0.5556893374729719,285.3375,274.9375,2.6500000000000004,92.71250000000002,0.4175000000000001,0.004465,3.6750000000000003,36.025000000000006,-85.76666663333334
2014-12-03,0.5443068899095515,285.125,277.3625,4.2625,68.2625,0.275,0.0055225000000000005,3.5625,36.025000000000006,-85.76666663333334
2014-12-11,0.4443068899095514,281.325,270.5875,1.0125000000000002,95.9625,0.24500000000000002,0.0035687500000000007,2.2625,36.025000000000006,-85.76666663333334
2014-12-19,0.5,284.2625,273.9375,5.837500000000001,74.68750000000001,0.285,0.004645000000000001,3.1375,36.025000000000006,-85.76666663333334
2014-12-27,0.34430688990955144,280.26000000000005,273.43999999999994,8.440000000000001,47.480000000000004,0.22400000000000003,0.00407,2.92,36.025000000000006,-85.76666663333334
2015-01-01,0.4442922096254398,278.7375,267.8875,3.9,82.0625,0.29374999999999996,0.00309875,3.8125,36.025000000000006,-85.76666663333334
2015-01-09,0.5,277.1,267.1625,3.3375000000000004,80.22500000000001,0.2625,0.0022975000000000005,2.675,36.025000000000006,-85.76666663333334
2015-01-17,0.45569311009044855,284.3375,270.98749999999995,1.7750000000000001,104.57500000000002,0.39,0.0035600000000000002,3.3500000000000005,36.025000000000006,-85.76666663333334
2015-01-25,0.49998531971588844,281.65,270.225,3.7750000000000004,82.62500000000001,0.31375000000000003,0.0032812500000000003,3.9875000000000007,36.025000000000006,-85.76666663333334
2015-02-02,0.45569311009044855,282.52500000000003,268.99999999999994,0.125,123.98750000000003,0.38375000000000004,0.0032525,4.1125,36.025000000000006,-85.76666663333334
2015-02-10,0.5442922096254399,275.525,263.775,3.1250000000000004,117.07500000000002,0.20125000000000004,0.0021425000000000003,4.1125,36.025000000000006,-85.76666663333334
2015-02-18,0.5442737567238516,273.70000000000005,263.2,7.7875000000000005,107.625,0.175,0.0020025000000000004,4.3374999999999995,36.025000000000006,-85.76666663333334
2015-02-26,0.5442775293413283,281.82500000000005,269.675,10.475000000000001,97.60000000000001,0.29125,0.0036325000000000003,4.025,36.025000000000006,-85.76666663333334
2015-03-06,0.6000000000000001,288.4125,275.5875,5.2749999999999995,136.075,0.49374999999999997,0.0051725,3.1375,36.025000000000006,-85.76666663333334
2015-03-14,0.6443068899095514,290.88750000000005,277.65000000000003,1.5875000000000001,156.20000000000002,0.5537500000000001,0.005868750000000001,2.7500000000000004,36.025000000000006,-85.76666663333334
2015-03-22,0.7556931100904486,291.46250000000003,274.975,2.2,203.9875,0.67,0.005255000000000001,3.4125,36.025000000000006,-85.76666663333334
2015-03-30,0.9113824475634205,294.68749999999994,278.45,4.3875,214.99999999999997,0.83375,0.006028750000000001,4.3875,36.025000000000006,-85.76666663333334
2015-04-07,1.7328766288763195,297.125,284.76250000000005,4.4625,216.6125,0.84125,0.00880375,3.8625000000000007,36.025000000000006,-85.76666663333334
2015-04-15,2.278421509599908,295.01250000000005,282.675,3.6875,210.025,0.6412500000000001,0.008167500000000001,3.7875,36.025000000000006,-85.76666663333334
2015-04-23,3.2442703942921702,293.15000000000003,277.8125,1.5125000000000002,237.25,0.7050000000000001,0.005903750000000001,3.4250000000000007,36.025000000000006,-85.76666663333334
2015-05-01,3.6657054442828274,300.23750000000007,282.46250000000003,0.0,310.9125,1.06125,0.00861125,2.3000000000000007,36.025000000000006,-85.76666663333334
2015-05-09,3.7871627197925504,301.175,287.1125,0.35000000000000003,281.21250000000003,1.04875,0.010615000000000001,3.2875000000000005,36.025000000000006,-85.76666663333334
2015-05-17,3.654359902522584,298.7625,285.0125,4.1875,277.5375,0.81375,0.010520000000000002,3.375,36.025000000000006,-85.76666663333334
2015-05-25,3.021508861597011,300.3,289.925,7.6499999999999995,250.3125,0.72875,0.01278875,3.2625,36.025000000000006,-85.76666663333334
2015-06-02,3.065742350086005,301.525,288.8875,2.9375,296.325,0.7837500000000001,0.013065000000000002,2.6125,36.025000000000006,-85.76666663333334
2015-06-10,3.1213138351002883,305.54999999999995,292.425,0.4625,308.1875,1.21875,0.01475125,2.5125,36.025000000000006,-85.76666663333334
2015-06-18,2.7657457125176856,305.5125,293.78749999999997,5.250000000000001,290.8125,0.99125,0.0167425,3.1750000000000007,36.025000000000006,-85.76666663333334
2015-06-26,3.4657494851351625,301.00000000000006,291.2125,13.9625,247.93750000000003,0.60875,0.014792500000000002,3.6250000000000004,36.025000000000006,-85.76666663333334
2015-07-04,3.2100932808478904,303.7,293.6,4.324999999999999,287.4125,0.87625,0.01592625,3.2500000000000004,36.025000000000006,-85.76666663333334
2015-07-12,3.154355719719312,305.57500000000005,294.4875,4.075,311.52500000000003,0.9462499999999999,0.0174475,2.5875000000000004,36.025000000000006,-85.76666663333334
2015-07-20,2.7557262432761487,304.4624999999999,293.61249999999995,2.375,282.1625,0.8925000000000001,0.016472500000000004,1.9625000000000004,36.025000000000006,-85.76666663333334
2015-07-28,3.9099754283892025,305.85,290.95000000000005,3.5000000000000004,321.8875,1.09625,0.015232500000000001,2.0500000000000003,36.025000000000006,-85.76666663333334
2015-08-05,3.4987032880495166,303.35,291.70000000000005,7.487500000000001,271.82500000000005,0.8150000000000001,0.01532625,2.4250000000000003,36.025000000000006,-85.76666663333334
2015-08-13,3.721482863460469,301.32500000000005,291.90000000000003,11.037500000000001,240.9375,0.83125,0.013718750000000002,2.8000000000000003,36.025000000000006,-85.76666663333334
2015-08-21,3.964456545802156,301.67499999999995,287.775,0.0,289.58750000000003,0.9762499999999998,0.011524999999999999,2.5375,36.025000000000006,-85.76666663333334
2015-08-29,3.5657788457033854,304.075,290.9625,0.4,260.27500000000003,1.0825,0.0138125,2.1625,36.025000000000006,-85.76666663333334
2015-09-06,3.443061764046356,300.825,288.175,6.987500000000001,231.16250000000002,0.79875,0.0125225,2.1875,36.025000000000006,-85.76666663333334
2015-09-14,3.342947684205145,299.88750000000005,284.3625,0.0,256.625,0.89625,0.0097125,2.3625000000000003,36.025000000000006,-85.76666663333334
2015-09-22,2.8657788457033857,298.72499999999997,288.5125,7.612500000000001,171.65,0.7274999999999999,0.0114625,2.3875,36.025000000000006,-85.76666663333334
2015-09-30,2.210133549082748,295.3625,285.41249999999997,5.1,157.9,0.5725,0.009825,3.5875000000000004,36.025000000000006,-85.76666663333334
2015-10-08,1.9215013163620573,297.92499999999995,281.325,3.7375000000000003,191.075,0.81375,0.0083925,2.8124999999999996,36.025000000000006,-85.76666663333334
2015-10-16,1.4442884370079632,294.85,275.5625,0.1125,197.66250000000002,0.795,0.005723750000000001,2.6624999999999996,36.025000000000006,-85.76666663333334
2015-10-24,1.1329059894445428,292.2625,282.87499999999994,4.825,104.85000000000001,0.4225,0.00832625,3.9750000000000005,36.025000000000006,-85.76666663333334
2015-11-01,0.8886137798191028,293.68750000000006,284.4375,2.9750000000000005,109.9,0.46375,0.00920375,2.95,36.025000000000006,-85.76666663333334
2015-11-09,0.6999815470984118,290.4625,275.0375,0.5875,115.60000000000001,0.6025,0.0048087500000000005,2.6750000000000003,36.025000000000006,-85.76666663333334
2015-11-17,0.5000146802841116,288.625,272.925,4.125000000000001,113.875,0.48375000000000007,0.004805,4.0125,36.025000000000006,-85.76666663333334
2015-11-25,0.544321570193663,290.6375,281.225,12.875,72.05000000000001,0.41875000000000007,0.007435000000000001,3.4000000000000004,36.025000000000006,-85.76666663333334
2015-12-03,0.49999622738252325,287.57500000000005,271.775,0.0,103.61250000000003,0.42249999999999993,0.00438,2.7375000000000003,36.025000000000006,-85.76666663333334
2015-12-11,0.444321570193663,290.575,277.925,5.8999999999999995,99.2,0.435,0.007001250000000001,4.3374999999999995,36.025000000000006,-85.76666663333334
2015-12-19,0.4443068899095514,291.0,281.37500000000006,11.850000000000001,86.1125,0.50875,0.00728125,4.0,36.025000000000006,-85.76666663333334
2015-12-27,0.4999815470984117,288.64,278.47999999999996,5.1000000000000005,87.56000000000002,0.256,0.007625999999999999,4.140000000000001,36.025000000000006,-85.76666663333334
2016-01-01,0.5,281.9125,268.41249999999997,0.3375,103.2125,0.27625,0.002935,3.0125,36.025000000000006,-85.76666663333334
2016-01-09,0.5000146802841116,280.425,267.45,1.925,87.9125,0.3125,0.0031875000000000007,3.75,36.025000000000006,-85.76666663333334
2016-01-17,0.4443068899095514,273.9375,263.8375,6.275,91.0625,0.15000000000000002,0.0021100000000000003,3.5625,36.025000000000006,-85.76666663333334
2016-01-25,0.4443068899095514,285.925,272.125,3.7750000000000004,107.3375,0.33249999999999996,0.004076250000000001,3.75,36.025000000000006,-85.76666663333334
2016-02-02,0.5442884370079631,283.71250000000003,270.17499999999995,5.112500000000001,114.65000000000002,0.52875,0.0035849999999999996,4.2375,36.025000000000006,-85.76666663333334
2016-02-10,0.5443068899095515,277.2875,269.81249999999994,7.625000000000001,98.125,0.20625,0.00261625,3.2,36.025000000000006,-85.76666663333334
2016-02-26,0.5443068899095515,286.05,272.8875,1.925,163.875,0.4275,0.0040637500000000005,3.3875,36.025000000000006,-85.76666663333334
2016-03-05,0.6443068899095514,295.2,281.84999999999997,2.25,180.7375,0.7737499999999999,0.006965000000000001,3.8250000000000006,36.025000000000006,-85.76666663333334
2016-03-13,0.7443068899095515,293.35,277.42499999999995,2.275,176.0,0.8512500000000001,0.005798750000000001,3.6625000000000005,36.025000000000006,-85.76666663333334
2016-03-21,0.9442884370079632,291.22499999999997,276.4,2.4625000000000004,219.72500000000002,0.5537500000000001,0.005830000000000001,4.5125,36.025000000000006,-85.76666663333334
2016-03-29,1.0443068899095513,293.3625,277.0125,4.175000000000001,234.27499999999998,0.7525000000000001,0.005355,4.6625000000000005,36.025000000000006,-85.76666663333334
2016-04-06,1.5885953269175146,290.7125,276.2,1.7125000000000001,200.6875,0.59875,0.00489,4.9125000000000005,36.025000000000006,-85.76666663333334
2016-04-14,1.9556708845713835,299.625,282.4625,1.5875000000000001,244.67500000000004,1.28,0.006531250000000001,2.5375,36.025000000000006,-85.76666663333334
2016-04-22,2.821438822608134,300.46250000000003,284.2,0.75,252.625,1.04,0.00877875,3.2750000000000004,36.025000000000006,-85.76666663333334
2016-04-30,3.3328950817779077,295.47499999999997,282.95,2.5,236.0875,0.64625,0.008772500000000003,3.5625000000000004,36.025000000000006,-85.76666663333334
2016-05-08,3.610067692897144,298.36250000000007,284.6125,1.7875,246.95000000000002,0.8987499999999999,0.009776250000000002,3.5,36.025000000000006,-85.76666663333334
2016-05-16,3.721350740903465,296.17499999999995,283.6625,2.05,244.00000000000003,0.63375,0.008685,2.7,36.025000000000006,-85.76666663333334
2016-05-24,3.7429623644892565,303.79999999999995,288.9125,0.6625000000000001,285.2375,1.0687499999999999,0.012225000000000001,2.5750000000000006,36.025000000000006,-85.76666663333334
2016-06-01,3.7100970534653674,302.3,289.05,9.075,263.83750000000003,0.9625,0.01310375,2.1625,36.025000000000006,-85.76666663333334
2016-06-09,4.010133959268543,305.875,291.0625,5.3375,302.075,1.09375,0.0146525,2.45,36.025000000000006,-85.76666663333334
2016-06-17,3.521560447684299,304.6,292.42499999999995,5.1875,306.76250000000005,1.0375,0.015255000000000001,3.3000000000000003,36.025000000000006,-85.76666663333334
2016-06-25,3.554381717855853,304.1125,291.225,3.1500000000000004,308.65000000000003,1.0175,0.01425625,2.0250000000000004,36.025000000000006,-85.76666663333334
2016-07-03,3.28728393468292,304.7875,293.47499999999997,13.6125,286.70000000000005,0.8899999999999999,0.01662375,3.7875,36.025000000000006,-85.76666663333334
2016-07-11,3.1112465523889394,305.1,293.6375,4.125000000000001,296.63750000000005,1.0037500000000001,0.01603875,2.5500000000000003,36.025000000000006,-85.76666663333334
2016-07-19,3.710100826082844,307.46250000000003,294.58750000000003,0.175,306.77500000000003,1.3550000000000002,0.01657875,1.3125,36.025000000000006,-85.76666663333334
2016-07-27,3.121409462039911,304.45,294.275,6.3875,227.51250000000002,0.94625,0.016510000000000004,2.1875,36.025000000000006,-85.76666663333334
2016-08-04,3.320017123149805,305.8375,294.65000000000003,0.8,247.0875,1.17625,0.01621125,2.4749999999999996,36.025000000000006,-85.76666663333334
2016-08-12,3.331524558221071,304.8375,294.06249999999994,1.9625,236.11249999999998,1.03375,0.0161275,2.5125,36.025000000000006,-85.76666663333334
2016-08-20,3.0543192241019304,304.46250000000003,291.8375,2.625,266.675,1.0462500000000001,0.014861250000000001,2.1625000000000005,36.025000000000006,-85.76666663333334
2016-08-28,3.6429845900083215,304.8125,290.8,1.6875,272.65000000000003,1.2,0.013955,2.7499999999999996,36.025000000000006,-85.76666663333334
2016-09-05,3.698637021678117,305.6125,289.475,1.1125,267.9125,1.34125,0.012928750000000003,2.7,36.025000000000006,-85.76666663333334
2016-09-13,3.454426168893984,303.9,290.8,6.9125000000000005,225.05,1.1325,0.013486250000000002,2.5500000000000003,36.025000000000006,-85.76666663333334
2016-09-21,3.410097053465367,303.325,287.06249999999994,0.47500000000000003,241.275,1.30375,0.01121375,2.075,36.025000000000006,-85.76666663333334
2016-09-29,2.8430361760956098,298.37500000000006,284.34999999999997,0.275,181.5,0.90625,0.0086375,2.5625,36.025000000000006,-85.76666663333334
2016-10-07,2.51012641403359,298.2875,281.925,0.0,200.0,1.0662500000000001,0.006968750000000001,3.2375000000000003,36.025000000000006,-85.76666663333334
2016-10-15,1.9329097620620193,299.13750000000005,284.0625,2.3625000000000003,183.26250000000002,1.0275,0.00945375,3.6875,36.025000000000006,-85.76666663333334
2016-10-23,1.3557077903745602,299.2375,280.4875,0.0,175.01250000000002,1.0625,0.00683625,2.9625000000000004,36.025000000000006,-85.76666663333334
2016-10-31,1.2886137798191029,298.4,280.9625,0.0,141.72500000000002,1.1849999999999998,0.0066900000000000015,2.6,36.025000000000006,-85.76666663333334
2016-11-08,0.8557077903745602,291.2375,273.86249999999995,0.0,124.35000000000001,0.6925,0.004300000000000001,2.35,36.025000000000006,-85.76666663333334
2016-11-16,0.7000000000000001,290.61249999999995,273.0625,1.2625000000000002,126.78750000000001,0.7687499999999999,0.0037125,3.275,36.025000000000006,-85.76666663333334
2016-11-24,0.6000000000000001,288.90000000000003,274.8875,9.4375,105.23750000000001,0.52375,0.005283750000000001,3.4625000000000004,36.025000000000006,-85.76666663333334
2016-12-02,0.64429220962544,282.59999999999997,272.8,5.7875,81.8125,0.35250000000000004,0.0037675,3.0,36.025000000000006,-85.76666663333334
2016-12-10,0.45569311009044855,282.8,269.3625,9.55,86.58749999999999,0.3125,0.0037025000000000005,4.237500000000001,36.025000000000006,-85.76666663333334
2016-12-18,0.45567465718886024,283.8875,273.1625,4.5875,83.775,0.27749999999999997,0.00431125,3.2375000000000003,36.025000000000006,-85.76666663333334
2016-12-26,0.45569311009044855,286.51666666666665,274.0833333333333,8.183333333333334,84.51666666666668,0.53,0.004846666666666667,4.250000000000001,36.025000000000006,-85.76666663333334
2017-01-01,0.30000000000000004,278.4125,268.625,2.0875,78.725,0.1975,0.0038500000000000006,3.4625000000000004,36.025000000000006,-85.76666663333334
2017-01-09,0.39998531971588847,289.46250000000003,279.72499999999997,2.2125,76.47500000000001,0.51875,0.00601,4.6625000000000005,36.025000000000006,-85.76666663333334
2017-01-17,0.4442922096254398,288.8125,279.3375,8.3625,82.32500000000002,0.35374999999999995,0.006546250000000001,3.7125,36.025000000000006,-85.76666663333334
2017-01-25,0.4442922096254398,284.3375,272.075,0.8250000000000001,103.9625,0.43,0.0035375000000000007,3.9125,36.025000000000006,-85.76666663333334
2017-02-02,0.4443068899095514,285.43749999999994,272.03749999999997,2.65,108.17500000000001,0.39625,0.00418125,4.3375,36.025000000000006,-85.76666663333334
2017-02-10,0.5000146802841116,288.96250000000003,273.625,1.3125,135.325,0.62625,0.004123750000000001,3.9000000000000004,36.025000000000006,-85.76666663333334
2017-02-18,0.5999815470984118,293.125,279.0,2.325,128.175,0.6700000000000002,0.006550000000000001,3.2875,36.025000000000006,-85.76666663333334
2017-02-26,0.6999815470984118,289.5375,274.2375,4.925000000000001,170.15,0.6525000000000001,0.004183750000000001,4.0625,36.025000000000006,-85.76666663333334
2017-03-06,0.6557077903745603,288.225,274.075,7.1125,153.675,0.61375,0.004067500000000001,4.1125,36.025000000000006,-85.76666663333334
2017-03-14,0.7999815470984117,288.1125,272.0875,5.675000000000001,185.1875,0.625,0.00410125,3.6375,36.025000000000006,-85.76666663333334
2017-03-22,0.9,295.47499999999997,281.3625,5.1625000000000005,205.775,0.8350000000000001,0.00696875,4.3375,36.025000000000006,-85.76666663333334
2017-03-30,0.9000184529015883,294.9125,280.1125,4.3125,198.925,0.7825000000000001,0.0069575,5.0875,36.025000000000006,-85.76666663333334
2017-04-07,1.3556746571888603,298.4625,279.8375,0.0,249.63750000000002,1.2562499999999999,0.00576125,3.2375000000000007,36.025000000000006,-85.76666663333334
2017-04-15,2.155560577347649,299.40000000000003,287.4625,17.012500000000003,187.56250000000003,1.07625,0.00925625,3.35,36.025000000000006,-85.76666663333334
2017-04-23,2.555678429806337,298.18749999999994,285.525,4.2625,219.9125,0.9275,0.009252500000000002,4.1625000000000005,36.025000000000006,-85.76666663333334
2017-05-01,3.5999190533444887,294.29999999999995,280.5,3.85,251.12500000000003,0.705,0.006990000000000001,4.3375,36.025000000000006,-85.76666663333334
2017-05-09,3.8113384067110854,300.8625,286.3,4.2,298.63750000000005,0.95875,0.010646250000000001,2.8625000000000003,36.025000000000006,-85.76666663333334
2017-05-17,3.665749485135162,301.2125,289.0875,8.037500000000001,257.375,0.9512499999999999,0.011980000000000003,3.3125,36.025000000000006,-85.76666663333334
2017-05-25,3.6771541582176477,300.3875,287.55,8.3375,279.77500000000003,0.8475,0.011323750000000002,3.0375,36.025000000000006,-85.76666663333334
2017-06-02,3.6215201794494414,300.31249999999994,287.0125,4.675,281.575,0.7325,0.011890000000000001,2.7375000000000003,36.025000000000006,-85.76666663333334
2017-06-10,3.2884887923112567,304.29999999999995,291.6875,2.8000000000000003,297.80000000000007,0.9875000000000002,0.014856250000000003,2.25,36.025000000000006,-85.76666663333334
2017-06-18,2.9773311419985777,301.7125,290.3125,9.25,255.91250000000002,0.8462500000000002,0.01324875,3.1375,36.025000000000006,-85.76666663333334
2017-06-26,3.6214501404605643,302.16249999999997,290.425,5.0875,257.65000000000003,0.9525,0.012976250000000003,2.3499999999999996,36.025000000000006,-85.76666663333334
2017-07-04,3.0228533870173058,303.9125,291.85,6.300000000000001,280.075,0.86,0.015393750000000001,2.3125,36.025000000000006,-85.76666663333334
2017-07-12,3.0886544582397564,304.925,293.34999999999997,7.075000000000001,296.52500000000003,1.0725,0.01553375,1.9750000000000003,36.025000000000006,-85.76666663333334
2017-07-20,3.1999744120492535,306.8125,294.4375,1.5750000000000002,299.45,1.11125,0.017458750000000002,2.5250000000000004,36.025000000000006,-85.76666663333334
2017-07-28,3.5327776395050154,302.2875,289.6625,3.45,281.3625,0.8500000000000001,0.013376250000000001,2.3375000000000004,36.025000000000006,-85.76666663333334
2017-08-05,3.4772019716874594,302.17500000000007,290.8875,7.2125,242.775,0.85625,0.013735,2.3875,36.025000000000006,-85.76666663333334
2017-08-13,3.221564220301776,304.0125,293.28749999999997,6.0875,261.9875,0.8912500000000001,0.01592875,2.275,36.025000000000006,-85.76666663333334
2017-08-21,3.754389263090807,302.1125,289.325,0.6625000000000001,276.15,0.9537499999999999,0.0126075,2.7125,36.025000000000006,-85.76666663333334
2017-08-29,3.321475728411311,298.92499999999995,287.23749999999995,8.475000000000001,197.95,0.6262500000000001,0.011862500000000002,3.0750000000000006,36.025000000000006,-85.76666663333334
2017-09-06,3.354381717855854,294.66249999999997,284.2875,2.8625000000000003,203.7875,0.6375,0.008435,3.6,36.025000000000006,-85.76666663333334
2017-09-14,3.387236121213108,302.4375,288.9,1.5,220.41250000000002,0.87,0.013066250000000001,1.5999999999999999,36.025000000000006,-85.76666663333334
2017-09-22,2.9543594923367884,303.11250000000007,287.8875,0.05,237.7375,1.0374999999999999,0.012230000000000001,2.3625,36.025000000000006,-85.76666663333334
2017-09-30,2.4656907639987162,300.41249999999997,284.15,2.3125,210.5,1.0762500000000002,0.008865000000000001,2.9875,36.025000000000006,-85.76666663333334
2017-10-08,2.1544110784240766,300.1625000000001,287.5125,7.362500000000001,171.5,0.76625,0.011875000000000002,2.7,36.025000000000006,-85.76666663333334
2017-10-16,1.7215013163620572,296.65000000000003,279.1375,5.200000000000001,185.33750000000003,0.8550000000000001,0.0068775,3.1750000000000007,36.025000000000006,-85.76666663333334
2017-10-24,1.288580646633403,288.8875,274.0125,4.137500000000001,156.68750000000003,0.50125,0.004871250000000001,3.5,36.025000000000006,-85.76666663333334
2017-11-01,1.1328875365429543,294.0125,285.09999999999997,16.587500000000002,111.42500000000001,0.5599999999999999,0.00906375,4.0125,36.025000000000006,-85.76666663333334
2017-11-09,0.7443068899095515,287.2625,274.08750000000003,0.35000000000000003,127.62500000000001,0.40875,0.004657500000000001,3.0500000000000007,36.025000000000006,-85.76666663333334
2017-11-17,0.5556931100904486,288.275,271.03749999999997,1.5625,130.175,0.51125,0.00402375,3.6125,36.025000000000006,-85.76666663333334
2017-11-25,0.5,291.0125,273.475,0.4625,107.13749999999999,0.59875,0.0046925000000000005,2.025,36.025000000000006,-85.76666663333334
2017-12-03,0.4557371509427832,283.8375,271.26250000000005,2.45,93.8375,0.41374999999999995,0.00356375,3.5875000000000004,36.025000000000006,-85.76666663333334
2017-12-11,0.5000293605682231,282.2,269.79999999999995,0.3125,93.025,0.335,0.00314875,3.3625,36.025000000000006,-85.76666663333334
2017-12-19,0.44433625047777453,285.02500000000003,275.9125,11.825,77.0625,0.28625,0.005456250000000001,3.6875000000000004,36.025000000000006,-85.76666663333334
2017-12-27,0.4000146802841116,277.46,265.3,0.0,100.97999999999999,0.32,0.0017580000000000002,3.3,36.025000000000006,-85.76666663333334
2018-01-01,0.49996686681430014,272.95,261.425,1.3125,88.11250000000001,0.25749999999999995,0.00123875,3.0125,36.025000000000006,-85.76666663333334
2018-01-09,0.45567465718886024,281.15000000000003,268.2,1.55,78.125,0.265,0.004047500000000001,3.9250000000000003,36.025000000000006,-85.76666663333334
2018-01-17,0.5,282.22499999999997,268.5125,0.45,90.525,0.405,0.0031925000000000005,3.85,36.025000000000006,-85.76666663333334
2018-01-25,0.4443068899095514,285.3375,270.59999999999997,3.7625000000000006,97.775,0.41625,0.00367125,3.6125000000000003,36.025000000000006,-85.76666663333334
2018-02-02,0.4443068899095514,281.6625,269.78749999999997,8.425,107.7125,0.3575,0.002965,2.9375000000000004,36.025000000000006,-85.76666663333334
2018-02-10,0.5443068899095515,288.5625,279.72499999999997,14.175,83.10000000000001,0.3762500000000001,0.0067775000000000005,4.175000000000001,36.025000000000006,-85.76666663333334
2018-02-18,0.5443068899095515,295.48749999999995,284.55,8.85,130.475,0.6825000000000001,0.008810000000000002,4.0625,36.025000000000006,-85.76666663333334
2018-02-26,0.6000146802841116,288.475,275.975,7.987500000000001,148.25,0.51125,0.0047575000000000004,3.5,36.025000000000006,-85.76666663333334
2018-03-06,0.6443215701936631,284.725,271.875,2.5625,162.3,0.40625,0.0037525,3.9000000000000004,36.025000000000006,-85.76666663333334
2018-03-14,0.6999815470984118,289.05000000000007,275.46250000000003,2.8375000000000004,178.97500000000002,0.5425,0.0049725,3.875,36.025000000000006,-85.76666663333334
2018-03-22,0.6556931100904486,289.1625,280.0375,5.175000000000001,162.17500000000004,0.47125,0.006127500000000001,4.4125000000000005,36.025000000000006,-85.76666663333334
2018-03-30,0.844321570193663,290.45,275.9125,4.875,184.325,0.50625,0.005662500000000002,3.3375000000000004,36.025000000000006,-85.76666663333334
2018-04-07,1.0886175524365798,290.5375,276.9375,4.25,207.57500000000002,0.67375,0.0053425,3.8500000000000005,36.025000000000006,-85.76666663333334
2018-04-15,1.7772019716874592,289.8625,275.875,5.7,202.9125,0.56625,0.00531125,4.9750000000000005,36.025000000000006,-85.76666663333334
2018-04-23,2.5885550586826565,293.28749999999997,280.775,2.5375000000000005,222.31250000000003,0.76,0.006133750000000001,3.0625000000000004,36.025000000000006,-85.76666663333334
2018-05-01,3.2442666216746936,299.9625,285.8375,1.8,285.26250000000005,0.9300000000000002,0.01002625,3.3125,36.025000000000006,-85.76666663333334
2018-05-09,3.4543561299051073,303.925,289.325,0.36250000000000004,277.725,1.13625,0.01268125,2.65,36.025000000000006,-85.76666663333334
2018-05-17,3.654245822681373,302.86249999999995,290.8125,4.2125,271.07500000000005,1.05375,0.012940000000000002,2.1375,36.025000000000006,-85.76666663333334
2018-05-25,3.4771319326985832,302.95,292.3,8.575,221.8,0.9700000000000001,0.014128750000000002,3.25,36.025000000000006,-85.76666663333334
2018-06-02,3.7543745828066957,303.7,288.71250000000003,0.0,327.42500000000007,1.0862500000000002,0.012651250000000003,1.7875,36.025000000000006,-85.76666663333334
2018-06-10,3.6771872914033477,304.9875,292.20000000000005,0.7375,277.25,1.02375,0.01538875,2.5,36.025000000000006,-85.76666663333334
2018-06-18,3.121575127968411,303.78749999999997,293.575,2.1625,252.88750000000005,0.885,0.015928750000000002,3.3125000000000004,36.025000000000006,-85.76666663333334
2018-06-26,3.0772275596382057,304.325,293.63750000000005,25.187500000000004,267.3,0.7749999999999999,0.017125,2.9250000000000003,36.025000000000006,-85.76666663333334
2018-07-04,2.832986936100054,304.9625,293.28749999999997,1.85,300.2875,0.9575,0.016321250000000002,2.1125,36.025000000000006,-85.76666663333334
2018-07-12,3.544207490352452,304.7375,292.90000000000003,1.3625,304.125,0.95125,0.015963750000000002,2.0125,36.025000000000006,-85.76666663333334
2018-07-20,3.199970639431777,302.97499999999997,290.875,9.725000000000001,268.7125,0.78875,0.014710000000000003,2.5,36.025000000000006,-85.76666663333334
2018-07-28,3.6214904086954225,303.3625,291.13750000000005,1.8125000000000002,283.175,1.0025,0.013817500000000002,1.6250000000000002,36.025000000000006,-85.76666663333334
2018-08-05,3.2443362504777746,304.75,292.59999999999997,7.612500000000001,257.475,0.99125,0.015592499999999999,2.3375000000000004,36.025000000000006,-85.76666663333334
2018-08-13,3.3999962273825233,303.86249999999995,293.2375,8.125,241.72500000000005,0.9512499999999999,0.015376250000000001,2.9375000000000004,36.025000000000006,-85.76666663333334
2018-08-21,3.2113971278475324,302.9875,290.2875,0.23750000000000002,282.775,0.9225000000000001,0.01381125,2.85,36.025000000000006,-85.76666663333334
2018-08-29,3.5555937105333495,305.1125,293.22499999999997,2.0250000000000004,228.72500000000002,1.115,0.01538875,2.5375,36.025000000000006,-85.76666663333334
2018-09-06,3.0885659663492913,301.7875,291.2125,7.6000000000000005,213.6125,0.7362500000000001,0.014609999999999998,2.3125,36.025000000000006,-85.76666663333334
2018-09-14,3.1884774744588267,303.95,292.525,0.9375,203.2625,1.09125,0.014345,2.4625000000000004,36.025000000000006,-85.76666663333334
2018-09-22,2.9214019168049576,298.7375,290.1,22.762500000000003,151.4,0.5325,0.013280000000000002,2.9000000000000004,36.025000000000006,-85.76666663333334
2018-09-30,2.6543779452383767,303.28749999999997,290.7375,1.175,189.1125,1.0050000000000001,0.013515000000000003,2.3874999999999997,36.025000000000006,-85.76666663333334
2018-10-08,2.032869083641366,296.3625,284.78749999999997,1.5250000000000001,170.06250000000003,0.62875,0.009890000000000001,3.4250000000000003,36.025000000000006,-85.76666663333334
2018-10-16,1.7442846643904864,290.70000000000005,275.7875,2.0875000000000004,171.1875,0.48125,0.0057662500000000005,2.7125000000000004,36.025000000000006,-85.76666663333334
2018-10-24,1.199977774480935,291.3,278.55,2.85,121.7375,0.52,0.0064150000000000006,3.5500000000000003,36.025000000000006,-85.76666663333334
2018-11-01,0.9442884370079632,289.76250000000005,277.9875,7.925000000000001,106.20000000000002,0.38625,0.006428750000000002,4.1875,36.025000000000006,-85.76666663333334
2018-11-09,0.7886137798191029,281.1875,271.78749999999997,7.1875,81.9125,0.23625,0.0037912500000000003,3.6250000000000004,36.025000000000006,-85.76666663333334
2018-11-17,0.6443068899095514,287.2,273.1125,0.6375,112.03750000000002,0.38750000000000007,0.004653750000000001,2.85,36.025000000000006,-85.76666663333334
2018-11-25,0.4999815470984117,285.12500000000006,273.4625,6.6,82.82500000000002,0.37875000000000003,0.00468,4.800000000000001,36.025000000000006,-85.76666663333334
2018-12-03,0.4000146802841116,279.1625,270.8,4.8125,66.6875,0.20625,0.0033325,3.3500000000000005,36.025000000000006,-85.76666663333334
2018-12-11,0.3999815470984117,285.425,274.35,4.987500000000001,84.60000000000001,0.35500000000000004,0.004505,2.9625000000000004,36.025000000000006,-85.76666663333334
2018-12-19,0.4,283.7125,273.0875,5.437500000000001,75.03750000000001,0.3075,0.00409375,2.6875000000000004,36.025000000000006,-85.76666663333334
2018-12-27,0.29998154709841174,286.7,276.04,18.5,74.48,0.26399999999999996,0.005904000000000001,3.7400000000000007,36.025000000000006,-85.76666663333334
2019-01-01,0.4999815470984117,288.02500000000003,276.2375,3.8499999999999996,92.5,0.39250000000000007,0.005450000000000001,3.6250000000000004,36.025000000000006,-85.76666663333334
2019-01-09,0.4443068899095514,278.96250000000003,270.8375,1.8125,86.25,0.2425,0.003115,3.0500000000000003,36.025000000000006,-85.76666663333334
2019-01-17,0.4999815470984117,280.70000000000005,270.325,13.450000000000001,88.06250000000001,0.21125,0.0037987500000000005,4.825,36.025000000000006,-85.76666663333334
2019-01-25,0.4443068899095514,279.075,267.71250000000003,0.30000000000000004,109.75,0.3425,0.0022925000000000003,3.3,36.025000000000006,-85.76666663333334
2019-02-02,0.4000146802841116,290.3625,276.25,7.687500000000001,123.0375,0.54125,0.005966250000000001,3.8250000000000006,36.025000000000006,-85.76666663333334
2019-02-10,0.4443068899095514,286.9375,275.425,10.387500000000001,98.4,0.39625000000000005,0.0048825000000000006,4.2625,36.025000000000006,-85.76666663333334
2019-02-18,0.4443400230952512,285.525,275.7375,21.5,120.975,0.28125,0.0052562500000000005,4.4375,36.025000000000006,-85.76666663333334
2019-02-26,0.4886137798191029,282.225,272.2625,3.0625,140.5,0.29375,0.004135,2.825,36.025000000000006,-85.76666663333334
2019-03-06,0.5443068899095515,287.9375,275.97499999999997,5.487500000000001,164.47500000000002,0.59875,0.00437375,3.65,36.025000000000006,-85.76666663333334
2019-03-14,0.6443068899095514,288.775,272.075,0.4375,206.6125,0.5575,0.00401375,4.012500000000001,36.025000000000006,-85.76666663333334
2019-03-22,0.8443177975761862,292.20000000000005,275.05,1.1,213.7875,0.7325,0.004660000000000001,3.4875000000000007,36.025000000000006,-85.76666663333334
2019-03-30,1.3328766288763196,291.6875,276.9625,3.8249999999999997,225.72500000000002,0.6849999999999999,0.00531375,3.225,36.025000000000006,-85.76666663333334
2019-04-07,1.5885697389667683,297.20000000000005,284.0875,8.750000000000002,193.81250000000003,0.8575,0.00848,4.3125,36.025000000000006,-85.76666663333334
2019-04-15,2.3215088615970103,293.975,279.73749999999995,4.65,224.2,0.8324999999999999,0.006177500000000001,3.5250000000000004,36.025000000000006,-85.76666663333334
2019-04-23,2.6544442116097766,298.4375,283.46250000000003,1.8625,249.3,0.9737499999999999,0.00821875,4.1,36.025000000000006,-85.76666663333334
2019-05-01,2.9544295313256654,299.25,286.675,8.65,263.9875,0.72875,0.01115125,2.8625000000000003,36.025000000000006,-85.76666663333334
2019-05-09,3.0101444567493836,295.9125,284.4625,7.2250000000000005,248.60000000000002,0.51,0.0100275,2.7375,36.025000000000006,-85.76666663333334
2019-05-17,3.443032403478133,304.2,289.2,0.525,313.0375,1.14625,0.012793750000000003,3.5749999999999997,36.025000000000006,-85.76666663333334
2019-05-25,3.5215197692636457,305.0625,290.46250000000003,1.5125000000000002,307.425,1.19875,0.0136725,3.5000000000000004,36.025000000000006,-85.76666663333334
2019-06-02,3.5657272596160974,301.8625,291.1,8.850000000000001,248.375,0.9212500000000001,0.013241250000000001,2.9499999999999997,36.025000000000006,-85.76666663333334
2019-06-10,2.844233488488994,300.81249999999994,287.5,3.3125,279.20000000000005,0.8475,0.011788749999999999,3.5999999999999996,36.025000000000006,-85.76666663333334
2019-06-18,3.320149245706809,302.5625,291.6,10.85,260.15000000000003,0.6075,0.015812500000000004,3.3875,36.025000000000006,-85.76666663333334
2019-06-26,3.544137451363575,305.5125,292.1875,1.0625,309.35,1.10125,0.01530875,1.7625000000000004,36.025000000000006,-85.76666663333334
2019-07-04,3.510056375044714,305.84999999999997,293.96250000000003,7.65,279.8125,1.0462500000000001,0.01676375,1.4375,36.025000000000006,-85.76666663333334
2019-07-12,3.521449730274769,304.375,294.6,8.6375,271.4,0.9037499999999999,0.016746250000000004,2.8375000000000004,36.025000000000006,-85.76666663333334
2019-07-20,3.7100454673780794,303.4875,290.3875,16.9375,305.625,0.9812500000000001,0.01378625,2.8875,36.025000000000006,-85.76666663333334
2019-07-28,3.9100270144764906,304.83750000000003,291.95000000000005,1.6,291.675,1.1412499999999999,0.0143725,1.7499999999999996,36.025000000000006,-85.76666663333334
2019-08-05,3.5657603928017974,304.4125,292.3125,1.1875,286.1625,0.80875,0.01628,1.9875000000000003,36.025000000000006,-85.76666663333334
2019-08-13,3.888514380262003,305.9875,291.925,2.95,298.25000000000006,1.1,0.0156775,1.8249999999999997,36.025000000000006,-85.76666663333334
2019-08-21,3.343043311144768,302.34999999999997,292.06250000000006,3.4250000000000003,231.55000000000004,0.6862500000000001,0.01553375,2.825,36.025000000000006,-85.76666663333334
2019-08-29,3.654403943374919,304.6125,288.95,0.0,288.2125,1.13625,0.013135,1.7125000000000001,36.025000000000006,-85.76666663333334
2019-09-06,3.188555058682657,306.16249999999997,290.21250000000003,0.1375,264.9625,1.3725,0.013547499999999999,1.925,36.025000000000006,-85.76666663333334
2019-09-14,3.098659247197182,305.975,289.6375,0.0,244.47500000000002,1.3787500000000001,0.013005000000000001,2.675,36.025000000000006,-85.76666663333334
2019-09-22,2.698688607765405,304.73749999999995,288.625,0.2625,212.23749999999998,1.2637500000000002,0.012415,2.7500000000000004,36.025000000000006,-85.76666663333334
2019-09-30,2.354396398139965,304.3,288.02500000000003,4.775,202.925,1.3375,0.011810000000000001,3.0500000000000003,36.025000000000006,-85.76666663333334
2019-10-08,1.8215197692636456,296.5625,280.2,1.975,190.7625,0.7262500000000001,0.008068750000000001,2.8125,36.025000000000006,-85.76666663333334
2019-10-16,1.5215197692636455,292.3875,277.55,3.475,179.77499999999998,0.48250000000000004,0.0067475,3.225,36.025000000000006,-85.76666663333334
2019-10-24,1.0557371509427833,291.98749999999995,280.04999999999995,11.462500000000002,123.1875,0.3325,0.00821625,3.0375,36.025000000000006,-85.76666663333334
2019-11-01,0.8442922096254398,287.875,272.20000000000005,2.3375,135.92499999999998,0.535,0.0039362500000000005,2.3875,36.025000000000006,-85.76666663333334
2019-11-09,0.8442922096254398,284.25,268.49999999999994,1.1500000000000001,135.66250000000002,0.46125000000000005,0.0030037500000000003,3.4499999999999993,36.025000000000006,-85.76666663333334
2019-11-17,0.6999815470984118,287.78749999999997,274.4625,4.5625,92.6,0.40375000000000005,0.004928750000000002,2.7375,36.025000000000006,-85.76666663333334
2019-11-25,0.4557077903745601,287.48749999999995,274.775,8.325,87.35000000000001,0.39875,0.005083750000000001,4.2375,36.025000000000006,-85.76666663333334
2019-12-03,0.5443068899095515,286.3625,272.65,3.55,82.7375,0.3325,0.004767500000000001,3.4625,36.025000000000006,-85.76666663333334
2019-12-11,0.45572247065867166,283.875,272.5,4.6000000000000005,77.47500000000001,0.31125,0.004385,2.95,36.025000000000006,-85.76666663333334
2019-12-19,0.5,288.5,274.2125,2.3000000000000003,85.8375,0.51625,0.0045962500000000005,2.4,36.025000000000006,-85.76666663333334
2019-12-27,0.4000146802841116,289.2,278.46,9.1,82.66,0.348,0.0066879999999999995,4.040000000000001,36.025000000000006,-85.76666663333334
2020-01-01,0.39996686681430016,285.02500000000003,272.87499999999994,6.312500000000001,85.9,0.36,0.004092500000000001,3.175,36.025000000000006,-85.76666663333334
2020-01-09,0.3999815470984117,290.075,278.3625,9.6875,85.6125,0.3725,0.0068025,4.4,36.025000000000006,-85.76666663333334
2020-01-17,0.3999815470984117,279.45000000000005,269.45,6.0,75.47500000000001,0.29874999999999996,0.0028325,4.387500000000001,36.025000000000006,-85.76666663333334
2020-01-25,0.4443068899095514,282.41249999999997,273.6875,0.925,73.68750000000001,0.255,0.004146250000000001,2.575,36.025000000000006,-85.76666663333334
2020-02-02,0.4000146802841116,287.6375,275.3125,22.062500000000004,79.825,0.4825000000000001,0.00512,4.300000000000001,36.025000000000006,-85.76666663333334
2020-02-10,0.39998531971588847,285.75,273.56249999999994,11.3,97.35000000000001,0.42500000000000004,0.004391249999999999,3.275,36.025000000000006,-85.76666663333334
2020-02-18,0.4000146802841116,284.875,273.2375,3.7750000000000004,123.75000000000001,0.3725,0.004145,3.95,36.025000000000006,-85.76666663333334
2020-02-26,0.444321570193663,286.2625,274.35,6.012499999999999,140.16250000000002,0.4700000000000001,0.00424,4.1375,36.025000000000006,-85.76666663333334
2020-03-05,0.444321570193663,290.34999999999997,277.2875,1.1875,165.97500000000002,0.5774999999999999,0.00542875,4.1,36.025000000000006,-85.76666663333334
2020-03-13,0.6886137798191029,290.475,281.34999999999997,8.225,142.9375,0.41375,0.007527500000000001,3.6,36.025000000000006,-85.76666663333334
2020-03-21,0.8556599769047488,293.125,281.5,9.425,191.15,0.6012500000000001,0.007625,3.2,36.025000000000006,-85.76666663333334
2020-03-29,1.1000146802841115,292.4375,277.975,2.5000000000000004,196.53750000000002,0.7262500000000001,0.0055925,3.0250000000000004,36.025000000000006,-85.76666663333334
2020-04-06,1.6999853197158885,293.77500000000003,279.575,8.0,215.78750000000002,0.6875,0.006915000000000001,4.112500000000001,36.025000000000006,-85.76666663333334
2020-04-14,2.011375312514262,290.7375,275.4625,2.0375,244.0875,0.6950000000000001,0.0044825,3.2625,36.025000000000006,-85.76666663333334
2020-04-22,2.322732172126936,293.1125,280.6,7.125,185.125,0.70375,0.006432500000000001,4.2625,36.025000000000006,-85.76666663333334
2020-04-30,2.3783443355618736,296.52500000000003,281.6125,2.6750000000000003,270.75,0.7950000000000002,0.00794625,3.8750000000000004,36.025000000000006,-85.76666663333334
2020-05-08,3.6998234264048655,293.7,280.1625,1.05,242.33750000000003,0.7649999999999999,0.006531250000000001,3.125,36.025000000000006,-85.76666663333334
2020-05-16,3.855542124446061,298.98749999999995,288.02500000000003,3.8375000000000004,231.5,0.7887499999999998,0.011041250000000002,2.5749999999999997,36.025000000000006,-85.76666663333334
2020-05-24,3.5885110178303217,301.0,288.2625,7.35,246.76250000000005,0.9175000000000001,0.011633750000000002,2.825,36.025000000000006,-85.76666663333334
2020-06-01,3.975570975634091,303.9375,291.71250000000003,3.7,291.79999999999995,1.0474999999999999,0.014228749999999998,2.8375000000000004,36.025000000000006,-85.76666663333334
2020-06-09,3.9430030429099094,301.625,287.4,0.35000000000000003,308.92500000000007,0.9925,0.011317500000000001,3.5750000000000006,36.025000000000006,-85.76666663333334
2020-06-17,2.5443471581444093,301.875,290.78749999999997,5.1875,258.425,0.9725,0.012740000000000001,2.3874999999999997,36.025000000000006,-85.76666663333334
2020-06-25,3.010005199143221,302.93750000000006,292.73749999999995,3.0125,264.225,0.81375,0.01532375,2.8,36.025000000000006,-85.76666663333334
2020-07-03,3.3215197692636456,305.84999999999997,293.0875,2.0250000000000004,313.27500000000003,1.13625,0.01578875,1.5625000000000002,36.025000000000006,-85.76666663333334
2020-07-11,3.3544479842272534,305.7125,292.675,1.5125000000000002,340.15000000000003,0.9950000000000001,0.016440000000000003,2.075,36.025000000000006,-85.76666663333334
2020-07-19,2.9785318168236428,305.91249999999997,293.96250000000003,3.5750000000000006,269.3125,1.14625,0.016227500000000002,1.6125000000000003,36.025000000000006,-85.76666663333334
2020-07-27,3.065808206271609,303.24999999999994,293.525,5.550000000000001,257.07500000000005,0.8937499999999999,0.015437500000000002,2.7500000000000004,36.025000000000006,-85.76666663333334
2020-08-04,3.4883935755574296,303.43750000000006,292.57499999999993,4.0375,300.35,0.9725,0.014660000000000001,1.4875000000000003,36.025000000000006,-85.76666663333334
2020-08-12,3.632770094270062,302.45,292.6125,4.987500000000001,268.1375,0.805,0.014935,1.9500000000000002,36.025000000000006,-85.76666663333334
2020-08-20,3.0541904639766075,302.47499999999997,293.65,1.85,247.07500000000002,0.92375,0.0147075,1.7375,36.025000000000006,-85.76666663333334
2020-08-28,3.1985527125909243,302.45,293.6375,9.600000000000001,227.7375,0.6849999999999999,0.016180000000000003,3.4875,36.025000000000006,-85.76666663333334
2020-09-05,3.2871920803607737,302.3625,290.975,4.2875000000000005,262.16249999999997,1.0862500000000002,0.01243625,2.0375,36.025000000000006,-85.76666663333334
2020-09-13,2.4543523572876307,297.675,288.34999999999997,1.225,214.66250000000002,0.5575,0.01183375,3.2750000000000004,36.025000000000006,-85.76666663333334
2020-09-21,2.809993881290791,295.07500000000005,286.275,3.3875,181.375,0.5675,0.0096025,2.375,36.025000000000006,-85.76666663333334
2020-09-29,2.4113824475634207,293.175,280.8,0.0,209.225,0.6875,0.00643875,2.725,36.025000000000006,-85.76666663333334
2020-10-07,2.265742350086004,296.4875,285.6375,7.2625,166.6125,0.615,0.00992875,2.6875,36.025000000000006,-85.76666663333334
2020-10-15,1.411426488415755,295.40000000000003,283.125,0.28750000000000003,183.22500000000002,0.6849999999999999,0.008390000000000002,2.6375,36.025000000000006,-85.76666663333334
2020-10-23,1.4215050889795342,291.72499999999997,283.5,5.125,126.51250000000002,0.27,0.009550000000000001,3.0125,36.025000000000006,-85.76666663333334
2020-10-31,0.94425907643974,291.2,276.63750000000005,0.0,151.65,0.68125,0.004915000000000001,2.7375000000000003,36.025000000000006,-85.76666663333334
2020-11-08,0.6999375062460771,293.97499999999997,281.325,2.6875,119.48750000000001,0.6737500000000001,0.00725125,3.5500000000000007,36.025000000000006,-85.76666663333334
2020-11-16,0.6442481687731052,288.85,275.775,0.8125,123.57500000000002,0.6125,0.00427,3.0375000000000005,36.025000000000006,-85.76666663333334
2020-11-24,0.5000146802841116,285.03749999999997,274.29999999999995,4.175000000000001,90.4375,0.31375000000000003,0.00484875,3.725,36.025000000000006,-85.76666663333334
2020-12-02,0.49999622738252325,283.3125,270.15,5.387500000000001,89.5875,0.33000000000000007,0.0035525000000000005,2.3125,36.025000000000006,-85.76666663333334
2020-12-10,0.49999622738252325,285.075,271.7375,4.85,80.7625,0.3025,0.004560000000000001,3.2125000000000004,36.025000000000006,-85.76666663333334
2020-12-18,0.4000146802841116,282.125,270.175,4.112500000000001,85.7125,0.3375,0.00332375,3.9250000000000003,36.025000000000006,-85.76666663333334
2020-12-26,0.45567465718886024,287.1666666666667,271.7333333333333,2.4499999999999997,89.33333333333336,0.4416666666666667,0.004146666666666667,4.0,36.025000000000006,-85.76666663333334
2021-01-01,0.5,282.675,272.9875,1.1375,87.0125,0.28875000000000006,0.0041675,3.6375,36.025000000000006,-85.76666663333334
2021-01-09,0.5,277.4375,270.46250000000003,0.6625000000000001,99.575,0.23249999999999998,0.0028350000000000003,3.1875000000000004,36.025000000000006,-85.76666663333334
2021-01-17,0.4557077903745601,282.15,273.21250000000003,3.1125,86.95,0.37500000000000006,0.003246250000000001,3.1625,36.025000000000006,-85.76666663333334
2021-01-25,0.49998531971588844,282.73749999999995,272.58750000000003,3.9625000000000004,85.2375,0.30500000000000005,0.004085,4.4750000000000005,36.025000000000006,-85.76666663333334
2021-02-02,0.5,280.43750000000006,270.2375,2.1875,113.57500000000002,0.29000000000000004,0.0030575000000000003,3.0625000000000004,36.025000000000006,-85.76666663333334
2021-02-10,0.5999815470984118,274.675,268.02500000000003,3.7375000000000007,70.3375,0.11875000000000001,0.0031450000000000002,3.5374999999999996,36.025000000000006,-85.76666663333334
2021-02-18,0.5000146802841116,283.82500000000005,269.02500000000003,1.0375,153.4625,0.44125,0.0032925000000000003,3.3000000000000003,36.025000000000006,-85.76666663333334
2021-02-26,0.6442884370079631,288.8,276.0,5.862500000000001,146.22500000000002,0.515,0.0050774999999999995,3.35,36.025000000000006,-85.76666663333334
2021-03-06,0.6999962273825233,292.17499999999995,277.4875,1.6375,170.6125,0.83,0.0047550000000000005,3.3875,36.025000000000006,-85.76666663333334
2021-03-14,0.7999668668143001,292.24999999999994,279.025,7.4750000000000005,157.6375,0.68875,0.005803750000000001,4.2250000000000005,36.025000000000006,-85.76666663333334
2021-03-22,0.9000293605682231,293.73749999999995,279.975,24.6625,182.41250000000002,0.65,0.006810000000000001,3.6125000000000003,36.025000000000006,-85.76666663333334
2021-03-30,1.144321570193663,291.075,276.5,5.825,221.2375,0.7749999999999999,0.004651250000000001,3.35,36.025000000000006,-85.76666663333334
2021-04-07,1.5999962273825232,295.97499999999997,282.8125,3.1500000000000004,205.20000000000002,0.8725,0.007203750000000001,3.9875000000000007,36.025000000000006,-85.76666663333334
2021-04-15,1.767075557653869,289.03749999999997,276.63750000000005,0.2625,214.81250000000003,0.5662499999999999,0.004741250000000001,2.6250000000000004,36.025000000000006,-85.76666663333334
2021-04-23,2.6329428952477194,293.8375,283.075,6.675000000000001,213.16250000000002,0.6637500000000001,0.007728750000000001,3.5625,36.025000000000006,-85.76666663333334
2021-05-01,3.1557191082269904,293.86249999999995,283.7125,7.499999999999999,241.525,0.5862499999999999,0.008288750000000001,3.4625000000000004,36.025000000000006,-85.76666663333334
2021-05-09,3.61020399825742,293.25,281.31249999999994,2.45,272.875,0.61625,0.007327500000000001,3.4500000000000006,36.025000000000006,-85.76666663333334
2021-05-17,3.6999303711969187,300.425,288.5625,0.0625,277.66249999999997,1.01375,0.01064125,2.575,36.025000000000006,-85.76666663333334
2021-05-25,3.488591964485833,297.675,286.70000000000005,5.4375,271.625,0.7012499999999999,0.01075125,2.7875,36.025000000000006,-85.76666663333334
2021-06-02,3.4658455222605804,299.5375,291.3125,7.1000000000000005,236.03750000000002,0.58375,0.01387,2.7750000000000004,36.025000000000006,-85.76666663333334
2021-06-10,3.7556599769047487,302.47499999999997,291.31250000000006,1.975,294.175,0.8662500000000001,0.014120000000000002,2.2,36.025000000000006,-85.76666663333334
2021-06-18,3.500025998136542,301.475,290.7,2.6125000000000003,320.51250000000005,0.7937500000000001,0.013595000000000001,3.5750000000000006,36.025000000000006,-85.76666663333334
2021-06-26,3.388595326917515,302.0,292.2875,6.9,284.05,0.8700000000000001,0.014153750000000001,2.6500000000000004,36.025000000000006,-85.76666663333334
2021-07-04,3.5442846643904864,302.34999999999997,293.65,2.4000000000000004,285.1375,0.8987500000000002,0.014790000000000001,2.6374999999999997,36.025000000000006,-85.76666663333334
2021-07-12,3.2000180427157927,302.11249999999995,293.51250000000005,4.300000000000001,253.4125,0.8175,0.014998750000000003,3.1250000000000004,36.025000000000006,-85.76666663333334
2021-07-20,3.510104188514525,304.2375,293.48749999999995,1.0,295.225,0.9724999999999999,0.015687500000000004,1.6625000000000003,36.025000000000006,-85.76666663333334
2021-07-28,3.577123977277834,303.6625,291.23749999999995,1.8625,321.4375,0.885,0.014893750000000002,2.2625,36.025000000000006,-85.76666663333334
2021-08-05,3.6214165970890693,305.275,292.4,2.6125,273.5625,1.17875,0.014816250000000003,2.6625,36.025000000000006,-85.76666663333334
2021-08-13,3.4873611087209544,303.1125,293.3125,16.337500000000002,209.60000000000002,0.8075000000000001,0.01576875,1.6875,36.025000000000006,-85.76666663333334
2021-08-21,3.543032403478133,305.91249999999997,293.32500000000005,0.23750000000000002,267.925,1.11125,0.016161250000000002,1.5625,36.025000000000006,-85.76666663333334
2021-08-29,3.175912394786134,300.5,291.025,8.950000000000001,224.77500000000003,0.7725000000000001,0.013212500000000004,2.6,36.025000000000006,-85.76666663333334
2021-09-06,3.85438549047333,300.3625,288.46250000000003,0.0,270.02500000000003,0.8025,0.01186125,2.0125,36.025000000000006,-85.76666663333334
2021-09-14,2.831590824592471,298.4625,291.8125,17.575,164.37500000000003,0.45749999999999996,0.0142,2.3000000000000003,36.025000000000006,-85.76666663333334
2021-09-22,2.677150385600171,296.67499999999995,285.1375,0.48750000000000004,226.9875,0.6612500000000001,0.00959625,2.1125000000000003,36.025000000000006,-85.76666663333334
2021-09-30,2.054429531325665,299.5125,289.5,13.8875,154.7,0.74875,0.012055000000000001,2.7375000000000003,36.025000000000006,-85.76666663333334
2021-10-08,2.4214535028922457,301.03749999999997,288.41249999999997,2.2875,187.32500000000002,0.8049999999999999,0.012272500000000002,2.5125,36.025000000000006,-85.76666663333334
2021-10-16,2.088610007201626,294.3,278.72499999999997,0.30000000000000004,185.63750000000002,0.6412499999999999,0.0069,2.475,36.025000000000006,-85.76666663333334
2021-10-24,1.5771797461683943,291.38750000000005,281.325,7.150000000000001,121.8375,0.5,0.007171250000000001,3.825,36.025000000000006,-85.76666663333334
2021-11-01,1.2328875365429544,286.6625,274.8875,0.0,140.875,0.48250000000000004,0.0041925,2.2375000000000003,36.025000000000006,-85.76666663333334
2021-11-09,0.8886137798191028,289.16249999999997,276.475,1.8,121.23750000000001,0.5287499999999999,0.00517875,3.4,36.025000000000006,-85.76666663333334
2021-11-17,0.7886137798191029,285.57500000000005,274.3625,3.4750000000000005,112.4,0.4375,0.0041825000000000005,3.3875000000000006,36.025000000000006,-85.76666663333334
2021-11-25,0.5999962273825233,285.575,273.4375,1.4625000000000001,106.60000000000002,0.4575,0.00390875,2.9625,36.025000000000006,-85.76666663333334
2021-12-03,0.5443068899095515,288.97499999999997,276.6125,5.925,84.125,0.45749999999999996,0.0057125000000000006,3.7125,36.025000000000006,-85.76666663333334
2021-12-11,0.49999622738252325,289.86249999999995,276.7,5.0875,83.52499999999999,0.4475,0.0059837499999999995,3.6125000000000003,36.025000000000006,-85.76666663333334
2021-12-19,0.4443068899095514,285.9375,275.8125,0.0,103.9625,0.41875000000000007,0.004895,3.575,36.025000000000006,-85.76666663333334
2021-12-27,0.29998154709841174,291.24,284.96000000000004,6.0600000000000005,72.94000000000001,0.392,0.008556000000000001,3.7399999999999998,36.025000000000006,-85.76666663333334
2022-01-01,0.34430688990955144,281.3,269.3875,9.0,87.7625,0.27,0.0039175,4.0125,36.025000000000006,-85.76666663333334
2022-01-09,0.4443068899095514,280.875,270.975,10.125,85.2,0.325,0.003005,3.4124999999999996,36.025000000000006,-85.76666663333334
2022-01-17,0.4443068899095514,277.9375,268.0875,4.6000000000000005,100.4375,0.2525,0.0027000000000000006,3.8125,36.025000000000006,-85.76666663333334
2022-01-25,0.5442922096254399,280.71250000000003,268.025,0.1625,118.01250000000002,0.39625,0.0023662500000000003,3.325,36.025000000000006,-85.76666663333334
2022-02-02,0.5443068899095515,282.25000000000006,270.78749999999997,5.575,112.075,0.35375,0.0033250000000000003,3.3000000000000003,36.025000000000006,-85.76666663333334
2022-02-10,0.5443068899095515,287.225,272.9375,3.5250000000000004,134.88750000000002,0.56125,0.00391,4.5875,36.025000000000006,-85.76666663333334
2022-02-18,0.5886137798191029,284.15000000000003,274.0125,18.175,134.925,0.32875000000000004,0.00456625,3.7625,36.025000000000006,-85.76666663333334
2022-02-26,0.6443068899095514,291.02500000000003,276.83750000000003,0.6625000000000001,168.1625,0.8049999999999999,0.004635,2.9125000000000005,36.025000000000006,-85.76666663333334
2022-03-06,0.6443068899095514,287.1125,274.275,4.9,169.425,0.52625,0.00467,4.2375,36.025000000000006,-85.76666663333334
2022-03-14,0.6443215701936631,292.11249999999995,279.15000000000003,2.4000000000000004,183.01250000000002,0.7425000000000002,0.0053725000000000005,3.1875,36.025000000000006,-85.76666663333334
2022-03-22,0.7443031172920747,289.15000000000003,278.0875,1.4125,198.46250000000003,0.7025,0.0044375000000000005,4.5125,36.025000000000006,-85.76666663333334
2022-03-30,0.9886137798191028,291.375,279.0625,4.3125,193.78750000000002,0.6875,0.005591250000000001,3.8125,36.025000000000006,-85.76666663333334
2022-04-07,0.9443068899095515,290.8875,279.66249999999997,8.3125,183.96250000000003,0.65125,0.005965,4.487500000000001,36.025000000000006,-85.76666663333334
2022-04-15,1.3556599769047488,292.6625,280.54999999999995,5.9625,230.88750000000005,0.7487499999999999,0.006155000000000001,3.4500000000000006,36.025000000000006,-85.76666663333334
2022-04-23,1.9,297.7625,284.575,1.7125000000000001,238.88750000000002,1.0725,0.007627500000000001,3.6375,36.025000000000006,-85.76666663333334
2022-05-01,2.532839723073143,297.7,284.325,5.2625,252.8625,0.6225,0.0102675,3.6999999999999997,36.025000000000006,-85.76666663333334
2022-05-09,3.521520179449441,301.56250000000006,287.0,1.2875,304.01250000000005,0.905,0.011563750000000001,2.6499999999999995,36.025000000000006,-85.76666663333334
2022-05-17,3.5100970534653673,301.0375,289.34999999999997,2.55,278.65,0.9037499999999999,0.01225125,3.7624999999999997,36.025000000000006,-85.76666663333334
2022-05-25,3.5215642203017756,300.48749999999995,289.4625,4.5125,284.42499999999995,0.8650000000000001,0.012187500000000002,3.4125,36.025000000000006,-85.76666663333334
2022-06-02,3.76568699138124,301.0625,289.975,10.65,268.1,0.7262500000000002,0.01338625,3.2,36.025000000000006,-85.76666663333334
2022-06-10,3.5101301866510672,304.71250000000003,294.4,0.35000000000000003,299.35,1.0225,0.016395,2.3625000000000003,36.025000000000006,-85.76666663333334
2022-06-18,3.777187291403348,304.51250000000005,291.575,0.0,335.1625,1.2337500000000001,0.01360625,2.4625000000000004,36.025000000000006,-85.76666663333334
2022-06-26,3.5328804014937965,303.73749999999995,293.66249999999997,1.675,279.75,1.0875,0.014676250000000002,2.4749999999999996,36.025000000000006,-85.76666663333334
2022-07-04,3.210118868798637,305.47499999999997,295.2125,8.65,286.8625,1.0425000000000002,0.01719875,2.2375000000000003,36.025000000000006,-85.76666663333334
2022-07-12,2.955674657188861,303.8875,294.41249999999997,5.862500000000001,291.72499999999997,0.9762500000000001,0.015870000000000002,2.4374999999999996,36.025000000000006,-85.76666663333334
2022-07-20,3.365826659173197,305.7375,296.4625,2.2875,302.33750000000003,1.1325,0.017415,3.375,36.025000000000006,-85.76666663333334
2022-07-28,2.834191383542596,302.68749999999994,295.23749999999995,4.9625,253.51250000000005,0.775,0.016568750000000004,2.9375,36.025000000000006,-85.76666663333334
2022-08-05,3.288507245212845,302.9375,294.05,5.9375,235.46250000000003,0.865,0.01562875,2.0625000000000004,36.025000000000006,-85.76666663333334
2022-08-13,3.0884632043605107,301.0375,292.4375,1.7375,252.675,0.8687499999999999,0.013460000000000003,2.3375000000000004,36.025000000000006,-85.76666663333334
2022-08-21,3.6543339043860423,302.8625,293.4125,2.35,252.5125,0.9212499999999999,0.014880000000000003,1.7249999999999999,36.025000000000006,-85.76666663333334
2022-08-29,3.6429661371067334,302.55,292.65,10.637500000000001,240.43750000000003,0.9137500000000001,0.014393750000000002,2.3874999999999997,36.025000000000006,-85.76666663333334
2022-09-06,3.477154158217648,298.4875,289.5,5.875,207.58750000000003,0.56625,0.0125925,2.4125,36.025000000000006,-85.76666663333334
2022-09-14,3.6872914799178726,301.7375,290.425,0.3875,253.375,0.9612499999999999,0.0126275,1.9875000000000003,36.025000000000006,-85.76666663333334
2022-09-22,3.398663019814659,295.675,283.275,0.325,228.66250000000002,0.7599999999999999,0.00786875,3.6875000000000004,36.025000000000006,-85.76666663333334
2022-09-30,2.965767938036751,295.5375,281.95,0.0,229.4375,0.9187500000000001,0.006345,3.0625000000000004,36.025000000000006,-85.76666663333334
2022-10-08,2.2658342044081503,294.09999999999997,280.6125,2.625,206.71249999999998,0.81,0.006197500000000001,3.1875000000000004,36.025000000000006,-85.76666663333334
2022-10-24,1.577216651971571,292.5875,282.1875,2.5625,142.35,0.5849999999999999,0.0073574999999999995,3.6875,36.025000000000006,-85.76666663333334
2022-11-01,0.844321570193663,296.0,286.0625,0.22500000000000003,112.22500000000001,0.8525,0.008165,3.2125000000000004,36.025000000000006,-85.76666663333334
2022-11-09,0.7885990995349913,285.27500000000003,275.4875,3.6125000000000007,101.3875,0.4750000000000001,0.004520000000000001,2.8375,36.025000000000006,-85.76666663333334
2022-11-17,0.5443068899095515,284.03749999999997,271.525,0.0,125.36250000000001,0.57,0.0025987500000000004,2.25,36.025000000000006,-85.76666663333334
2022-11-25,0.5,287.23749999999995,275.96250000000003,8.962500000000002,98.15,0.3775,0.0052525,3.9375000000000004,36.025000000000006,-85.76666663333334
2022-12-03,0.5443068899095515,287.27500000000003,279.7,8.024999999999999,62.72500000000001,0.25,0.006906250000000001,2.6375,36.025000000000006,-85.76666663333334
2022-12-11,0.4442922096254398,282.5625,274.425,5.8125,95.75,0.2175,0.004588750000000001,4.0625,36.025000000000006,-85.76666663333334
2022-12-19,0.4000146802841116,274.08750000000003,263.45,0.8875,81.8625,0.19875000000000004,0.002285,3.8,36.025000000000006,-85.76666663333334
2022-12-27,0.4,288.12,278.75999999999993,0.32,95.88000000000001,0.594,0.004884,3.56,36.025000000000006,-85.76666663333334
