date,LAI,tmmx,tmmn,pr,srad,vpd,sph,vs,lat,lon
2000-02-18,0.5811675130770352,280.1,265.65,0.7125,110.16250000000002,0.31625000000000003,0.00256875,3.8875000000000006,48.56666666666667,-95.05833330000002
2000-02-26,0.9623350261540701,281.58750000000003,268.725,0.8500000000000001,130.15,0.325,0.00294875,4.9625,48.56666666666667,-95.05833330000002
2000-03-05,0.8594973562630889,280.3375,265.87500000000006,0.037500000000000006,150.3,0.40249999999999997,0.00254625,4.425000000000001,48.56666666666667,-95.05833330000002
2000-03-13,1.0623350261540703,275.85,264.0625,0.0,160.00000000000003,0.2825,0.0018687500000000002,4.4125000000000005,48.56666666666667,-95.05833330000002
2000-03-21,0.8841674085712291,283.9875,271.475,2.4000000000000004,150.4375,0.35624999999999996,0.0038087500000000005,5.6000000000000005,48.56666666666667,-95.05833330000002
2000-03-29,0.7969377859594683,282.3625,270.7875,2.875,168.88750000000002,0.35125000000000006,0.0032300000000000002,4.7625,48.56666666666667,-95.05833330000002
2000-04-06,1.0858739690914312,277.85,267.9,0.08750000000000001,183.8,0.31625000000000003,0.00212375,4.8375,48.56666666666667,-95.05833330000002
2000-04-14,1.0840051829680164,282.57500000000005,268.175,0.3125,250.7875,0.4325,0.0026262500000000005,4.3625,48.56666666666667,-95.05833330000002
2000-04-22,1.1378271994491427,291.325,276.26250000000005,0.0,253.50000000000003,0.725,0.004645,4.0875,48.56666666666667,-95.05833330000002
2000-04-30,1.3868428528589976,295.72499999999997,280.5625,1.5875000000000001,233.0625,0.8587500000000001,0.00689875,3.8000000000000003,48.56666666666667,-95.05833330000002
2000-05-08,1.4433403136278924,287.7,276.29999999999995,2.5375,208.125,0.43875,0.005103750000000001,4.675,48.56666666666667,-95.05833330000002
2000-05-16,1.1504729397447064,291.58750000000003,278.58750000000003,2.3875,243.025,0.6475,0.005735000000000001,4.2875000000000005,48.56666666666667,-95.05833330000002
2000-05-24,1.9188324869229652,291.4875,278.075,0.47500000000000003,268.71250000000003,0.58125,0.005900000000000001,4.4875,48.56666666666667,-95.05833330000002
2000-06-01,2.2009312952570292,293.05000000000007,280.625,0.9875,251.38750000000002,0.7125000000000001,0.006458750000000001,3.55,48.56666666666667,-95.05833330000002
2000-06-09,2.6055131141787498,294.2,282.34999999999997,7.4,223.91250000000002,0.51125,0.00880125,5.0875,48.56666666666667,-95.05833330000002
2000-06-17,2.884874159678708,293.75,283.85,8.4375,218.9625,0.5037499999999999,0.00890125,4.362500000000001,48.56666666666667,-95.05833330000002
2000-06-25,3.3630417772615484,295.79999999999995,283.4375,0.6375000000000001,268.38750000000005,0.68625,0.008675000000000002,4.275,48.56666666666667,-95.05833330000002
2000-07-03,3.4385339505566215,299.375,287.3,2.475,272.82500000000005,0.5800000000000001,0.012552500000000003,3.575,48.56666666666667,-95.05833330000002
2000-07-11,3.6083507840697315,296.775,284.95,4.0,266.21250000000003,0.6325000000000001,0.010155000000000003,4.2375,48.56666666666667,-95.05833330000002
2000-07-19,3.515994817031984,298.34999999999997,285.72499999999997,0.35,247.525,0.8274999999999999,0.009875,3.9125,48.56666666666667,-95.05833330000002
2000-07-27,3.5895182971467667,301.675,287.6375,0.28750000000000003,267.375,1.0962500000000002,0.01097625,2.9,48.56666666666667,-95.05833330000002
2000-08-04,3.164623700689076,298.1875,287.075,5.2875,220.7,0.5750000000000001,0.01176625,3.825,48.56666666666667,-95.05833330000002
2000-08-12,3.072043189501778,295.2375,283.57500000000005,2.5750000000000006,217.58750000000003,0.4075,0.010132500000000001,4.1000000000000005,48.56666666666667,-95.05833330000002
2000-08-20,3.046015757915662,298.4,284.7375,2.7375000000000003,217.4625,0.69875,0.01030875,4.312500000000001,48.56666666666667,-95.05833330000002
2000-08-28,2.5414339389939404,292.58750000000003,280.95,6.6,163.97500000000002,0.2825,0.00893875,4.6125,48.56666666666667,-95.05833330000002
2000-09-05,2.3838429573648043,295.475,280.44999999999993,1.8750000000000002,176.15,0.72,0.00747375,6.300000000000002,48.56666666666667,-95.05833330000002
2000-09-13,2.021670156813946,292.4125,279.02500000000003,1.8625,159.88750000000002,0.68,0.0062025000000000005,4.15,48.56666666666667,-95.05833330000002
2000-09-21,1.705675339781963,285.68749999999994,274.125,2.5875000000000004,132.525,0.33875,0.004805,3.7,48.56666666666667,-95.05833330000002
2000-09-29,1.2724299592545407,285.86249999999995,273.7125,1.3875000000000002,116.625,0.48875,0.004325000000000001,4.562500000000001,48.56666666666667,-95.05833330000002
2000-10-07,1.081167513077035,286.42499999999995,272.08750000000003,0.3125,127.9375,0.495,0.0038562500000000007,3.9250000000000007,48.56666666666667,-95.05833330000002
2000-10-15,1.1538220164811264,289.70000000000005,274.875,0.0,122.325,0.5837500000000001,0.004678750000000001,4.375,48.56666666666667,-95.05833330000002
2000-10-23,0.8566596863721075,285.70000000000005,275.4875,5.0875,73.6125,0.27249999999999996,0.0053825,5.050000000000001,48.56666666666667,-95.05833330000002
2000-10-31,0.6714986639975116,283.03749999999997,274.0375,9.575000000000001,50.650000000000006,0.20625,0.004801250000000001,5.637500000000001,48.56666666666667,-95.05833330000002
2000-11-08,0.7509220280438071,273.9,267.5,1.1375,51.150000000000006,0.14125,0.002465,4.2,48.56666666666667,-95.05833330000002
2000-11-16,0.781167513077035,268.275,261.4875,0.0,60.53750000000001,0.09750000000000002,0.0015800000000000002,4.625,48.56666666666667,-95.05833330000002
2000-11-24,0.5783298431860538,270.68750000000006,262.03749999999997,0.43750000000000006,58.35000000000001,0.08125,0.00197,3.2500000000000004,48.56666666666667,-95.05833330000002
2000-12-02,0.6925181926409603,263.6625,252.46250000000003,0.07500000000000001,50.6875,0.057499999999999996,0.00105875,5.15,48.56666666666667,-95.05833330000002
2000-12-10,0.719863689236869,257.725,245.74999999999997,1.125,57.2,0.03375,0.0006075000000000001,3.8125,48.56666666666667,-95.05833330000002
2000-12-18,0.7284390174561507,257.47499999999997,246.8375,1.1500000000000001,43.37500000000001,0.03125,0.0006225000000000002,3.9,48.56666666666667,-95.05833330000002
2000-12-26,0.608513009672944,258.15000000000003,247.11666666666667,0.0,51.61666666666667,0.041666666666666664,0.0006066666666666667,2.8333333333333335,48.56666666666667,-95.05833330000002
2001-01-01,0.5216701568139462,268.22499999999997,258.55,0.9375000000000001,57.5625,0.09999999999999999,0.0014550000000000001,4.050000000000001,48.56666666666667,-95.05833330000002
2001-01-09,0.6405026437369112,270.8625,260.1625,0.0,65.3375,0.11249999999999999,0.00169125,3.3125000000000004,48.56666666666667,-95.05833330000002
2001-01-17,0.627345496595909,267.21250000000003,253.8875,0.0,69.80000000000001,0.09124999999999998,0.00116625,4.525,48.56666666666667,-95.05833330000002
2001-01-25,0.6245078267049277,268.59999999999997,254.675,0.0,75.56250000000001,0.09875,0.0013125,4.9375,48.56666666666667,-95.05833330000002
2001-02-02,0.608513009672944,266.225,253.725,1.825,84.05,0.08125000000000002,0.0011500000000000002,4.125,48.56666666666667,-95.05833330000002
2001-02-10,0.5491778790130678,262.9125,248.7875,0.41250000000000003,102.18750000000001,0.06875,0.0007775000000000001,4.362500000000001,48.56666666666667,-95.05833330000002
2001-02-18,0.5914869903270562,264.43749999999994,250.05,0.07500000000000001,114.08750000000002,0.07,0.00093875,5.175,48.56666666666667,-95.05833330000002
2001-02-26,0.5245078267049275,270.78749999999997,255.87500000000003,0.0,149.675,0.1325,0.0014625,4.112500000000001,48.56666666666667,-95.05833330000002
2001-03-06,0.6056753397819626,274.67499999999995,262.3875,0.0,144.9375,0.16,0.00204,4.250000000000001,48.56666666666667,-95.05833330000002
2001-03-14,0.4273454965959088,277.4875,265.4125,0.0625,196.7625,0.20375,0.00247125,3.25,48.56666666666667,-95.05833330000002
2001-03-22,0.6102571587036835,272.27500000000003,261.3,0.0,178.87500000000003,0.17124999999999999,0.0017000000000000001,5.125,48.56666666666667,-95.05833330000002
2001-03-30,0.8028376698909813,278.73749999999995,271.4125,1.925,153.1875,0.18500000000000003,0.0035475000000000003,3.075,48.56666666666667,-95.05833330000002
2001-04-07,0.981167513077035,281.7625,272.53749999999997,6.3,131.9375,0.22874999999999998,0.00405375,5.325000000000001,48.56666666666667,-95.05833330000002
2001-04-15,1.014412893604457,282.45,270.91249999999997,0.3125,196.86249999999998,0.3524999999999999,0.003485,5.012500000000001,48.56666666666667,-95.05833330000002
2001-04-23,1.2623350261540702,291.1625,278.2375,0.9750000000000001,253.67499999999998,0.7825,0.0047775,5.6499999999999995,48.56666666666667,-95.05833330000002
2001-05-01,1.2971623301090187,290.925,277.63750000000005,1.6,234.775,0.6225,0.005305,5.662500000000001,48.56666666666667,-95.05833330000002
2001-05-09,1.4058375653851751,294.84999999999997,280.17499999999995,1.05,271.25,0.7825,0.00701125,4.2875,48.56666666666667,-95.05833330000002
2001-05-17,1.4435025392311052,289.5375,279.0125,8.012500000000001,209.8,0.4825,0.0063275,5.7875000000000005,48.56666666666667,-95.05833330000002
2001-05-25,1.7916492159302688,292.2,281.675,4.775,243.06250000000003,0.54,0.007232500000000002,3.6,48.56666666666667,-95.05833330000002
2001-06-02,1.9564351422225572,293.1,281.77500000000003,0.9125000000000001,236.5625,0.63125,0.0072375,3.1375000000000006,48.56666666666667,-95.05833330000002
2001-06-10,2.4028376698909817,294.4875,283.32500000000005,2.95,230.65000000000003,0.6149999999999999,0.008436250000000001,3.7,48.56666666666667,-95.05833330000002
2001-07-04,3.176423468552102,298.27500000000003,284.9875,0.275,291.075,0.9474999999999999,0.008928750000000001,3.8625000000000003,48.56666666666667,-95.05833330000002
2001-07-12,3.2833169662869817,301.5,290.3625,4.5125,229.0125,0.8825000000000001,0.013161250000000003,2.9124999999999996,48.56666666666667,-95.05833330000002
2001-07-20,3.1935971292688192,299.675,288.125,1.7625000000000002,237.9375,0.8762500000000001,0.011417499999999999,4.0,48.56666666666667,-95.05833330000002
2001-07-28,2.9642599352144665,301.4875,289.18750000000006,7.5,244.4625,0.60875,0.0144775,3.9625,48.56666666666667,-95.05833330000002
2001-08-05,3.673523480114783,299.775,288.1125,9.612499999999999,252.31250000000003,0.79375,0.01227625,4.2875,48.56666666666667,-95.05833330000002
2001-08-13,3.2383717249534083,296.975,283.975,2.6,232.41250000000005,0.5675,0.010083750000000002,3.8375000000000004,48.56666666666667,-95.05833330000002
2001-08-21,2.9078703028694495,300.075,285.1875,0.5625,228.75000000000003,0.88375,0.010261250000000001,3.8625000000000003,48.56666666666667,-95.05833330000002
2001-08-29,2.914026123851694,299.52500000000003,282.3375,0.36250000000000004,196.66250000000002,1.00875,0.008785,5.15,48.56666666666667,-95.05833330000002
2001-09-06,2.2706858102238017,291.92499999999995,281.28749999999997,4.575000000000001,148.8625,0.40625000000000006,0.00822375,4.05,48.56666666666667,-95.05833330000002
2001-09-14,1.9925181926409603,291.225,280.925,0.1125,130.1,0.31,0.00811125,2.6,48.56666666666667,-95.05833330000002
2001-09-22,1.8349895295581613,290.0125,275.20000000000005,1.1625,159.30000000000004,0.5187499999999999,0.005375,3.6,48.56666666666667,-95.05833330000002
2001-09-30,1.4875557995758328,286.21250000000003,273.8125,1.6125000000000003,131.7,0.415,0.004642500000000001,4.325,48.56666666666667,-95.05833330000002
2001-10-08,1.2464025276684243,285.4375,275.125,3.6750000000000003,98.81250000000001,0.265,0.00524375,5.050000000000001,48.56666666666667,-95.05833330000002
2001-10-16,1.0275700407454593,282.55,272.22499999999997,0.7875,98.88750000000002,0.28625,0.0038137500000000003,4.7125,48.56666666666667,-95.05833330000002
2001-10-24,1.0378271994491426,277.825,269.425,1.675,75.875,0.08875000000000001,0.003725,6.750000000000001,48.56666666666667,-95.05833330000002
2001-11-01,0.8728167290073039,282.95000000000005,273.16249999999997,0.3125,85.05000000000001,0.27375000000000005,0.004205,5.487500000000002,48.56666666666667,-95.05833330000002
2001-11-09,0.8538220164811263,284.2375,271.65000000000003,0.0,81.4375,0.25375,0.00440875,3.9000000000000004,48.56666666666667,-95.05833330000002
2001-11-17,0.8594973562630889,279.325,270.88750000000005,1.1875,59.575,0.14875000000000002,0.00386375,4.375,48.56666666666667,-95.05833330000002
2001-11-25,0.8330208363778714,271.525,264.21250000000003,1.2125,42.6125,0.06625,0.0023475,6.125000000000001,48.56666666666667,-95.05833330000002
2001-12-03,0.7660416727557429,272.85,263.55,0.9625,53.225,0.0775,0.00241375,4.437500000000001,48.56666666666667,-95.05833330000002
2001-12-11,0.7660416727557429,273.27500000000003,263.5625,0.125,51.1875,0.061250000000000006,0.0025675000000000003,4.6375,48.56666666666667,-95.05833330000002
2001-12-19,0.7207326659475605,266.175,257.1875,0.7000000000000001,50.65,0.06249999999999999,0.0013875,4.9125,48.56666666666667,-95.05833330000002
2001-12-27,0.9010935208602419,262.84,255.54000000000002,0.06000000000000001,38.82,0.066,0.001002,4.82,48.56666666666667,-95.05833330000002
2002-01-01,0.7680726844823704,268.5,257.4875,0.0,55.6125,0.07125000000000001,0.0016250000000000001,4.4,48.56666666666667,-95.05833330000002
2002-01-09,0.575872747438479,271.675,264.05,0.0,60.9,0.08874999999999998,0.0022162500000000003,4.0,48.56666666666667,-95.05833330000002
2002-01-25,0.6914869903270562,264.0625,252.7875,0.07500000000000001,79.63749999999999,0.07499999999999998,0.0009637500000000001,2.9875000000000003,48.56666666666667,-95.05833330000002
2002-02-02,0.615932498485646,271.8375,257.0,0.0,89.1,0.11625,0.0016875000000000002,4.3375,48.56666666666667,-95.05833330000002
2002-02-10,0.5262519757356671,275.6625,262.125,0.2,99.63750000000002,0.16625,0.0021750000000000003,5.325000000000001,48.56666666666667,-95.05833330000002
2002-02-18,0.47826752463971606,273.9875,261.36250000000007,0.1875,101.68749999999999,0.13875000000000004,0.0020562500000000004,4.325,48.56666666666667,-95.05833330000002
2002-02-26,0.5,263.7375,250.075,0.037500000000000006,132.41250000000002,0.07375,0.00084125,4.6000000000000005,48.56666666666667,-95.05833330000002
2002-03-06,0.4709103543733517,267.4625,255.425,1.6875,141.03750000000002,0.10375000000000001,0.0012125,5.300000000000001,48.56666666666667,-95.05833330000002
2002-03-14,0.48116751307703504,272.85,260.99999999999994,0.2,150.375,0.19374999999999998,0.0015600000000000002,4.4375,48.56666666666667,-95.05833330000002
2002-03-22,0.8811675130770351,274.025,260.33750000000003,0.1625,187.62500000000003,0.2,0.0017087500000000002,5.512500000000001,48.56666666666667,-95.05833330000002
2002-03-30,0.8811675130770351,272.575,264.9,0.2,108.5875,0.18125,0.00179375,4.737500000000001,48.56666666666667,-95.05833330000002
2002-04-07,1.081167513077035,285.23749999999995,271.4125,0.35,207.70000000000002,0.4375,0.00404125,4.25,48.56666666666667,-95.05833330000002
2002-04-15,0.9973245557122316,285.27500000000003,272.77500000000003,1.2375000000000003,198.07500000000002,0.48124999999999996,0.004165,4.925000000000001,48.56666666666667,-95.05833330000002
2002-04-23,1.2811675130770352,282.0125,269.225,2.5875,205.67500000000004,0.34875,0.003045,5.6,48.56666666666667,-95.05833330000002
2002-05-01,0.7839052759111415,282.5875,270.7375,4.025,186.85,0.39749999999999996,0.00298875,5.525,48.56666666666667,-95.05833330000002
2002-05-09,0.7946884256926469,286.1375,272.7875,0.8875000000000001,218.5,0.46125,0.00393375,5.425000000000001,48.56666666666667,-95.05833330000002
2002-05-17,1.5189947125261776,286.8625,273.1625,0.0,239.1875,0.5575,0.00364875,4.825,48.56666666666667,-95.05833330000002
2002-05-25,1.4999999999999998,297.58750000000003,282.1,3.225,277.825,1.155,0.0064175,4.7875,48.56666666666667,-95.05833330000002
2002-06-02,2.0347649854086107,294.45,281.3,10.762500000000001,239.9125,0.8099999999999999,0.006641250000000001,4.4875,48.56666666666667,-95.05833330000002
2002-06-10,2.46784814033282,295.12500000000006,283.45,15.912500000000001,262.40000000000003,0.7212500000000001,0.007965,3.7625,48.56666666666667,-95.05833330000002
2002-06-18,3.0026754442877692,299.225,287.70000000000005,10.075000000000001,247.28750000000002,0.8175,0.011020000000000002,4.4375,48.56666666666667,-95.05833330000002
2002-06-26,3.4111884539607127,302.6375,289.13750000000005,0.6875,295.1,1.1500000000000001,0.011957500000000003,4.9125,48.56666666666667,-95.05833330000002
2002-07-04,3.761948256401307,299.025,285.9125,5.6499999999999995,241.88750000000002,0.65625,0.01137125,4.2125,48.56666666666667,-95.05833330000002
2002-07-12,3.9216701568139465,302.87499999999994,288.95000000000005,0.2625,286.6,0.99,0.012892500000000003,3.1875,48.56666666666667,-95.05833330000002
2002-07-20,3.652759421266042,299.52500000000003,286.95,2.0375,233.55,0.6925000000000001,0.011917500000000003,3.8500000000000005,48.56666666666667,-95.05833330000002
2002-07-28,3.9508221209869325,298.13750000000005,286.1625,2.3625000000000003,253.025,0.7887500000000001,0.0100675,4.1625000000000005,48.56666666666667,-95.05833330000002
2002-08-05,3.855971469691073,298.175,285.725,3.1125000000000003,244.775,0.605,0.011235,4.775,48.56666666666667,-95.05833330000002
2002-08-13,3.5562729166193447,294.2,282.6375,5.9375,205.65000000000003,0.5225,0.00858625,4.9,48.56666666666667,-95.05833330000002
2002-08-21,3.322601452070975,298.87500000000006,286.425,3.7750000000000004,215.60000000000002,0.6525,0.011365000000000002,3.2,48.56666666666667,-95.05833330000002
2002-08-29,3.1724922778008784,298.37500000000006,286.90000000000003,3.825,191.375,0.5800000000000001,0.011863750000000001,5.075,48.56666666666667,-95.05833330000002
2002-09-06,2.9678481403328205,299.4125,285.65,2.5250000000000004,180.78750000000002,0.8487499999999999,0.01051625,4.1125,48.56666666666667,-95.05833330000002
2002-09-14,1.9717793310840432,293.72499999999997,280.525,1.4375000000000002,174.10000000000002,0.66,0.0071312500000000004,5.2875000000000005,48.56666666666667,-95.05833330000002
2002-09-22,1.8895182971467663,284.9375,275.825,0.6375000000000001,123.825,0.38499999999999995,0.004432500000000001,3.8000000000000003,48.56666666666667,-95.05833330000002
2002-09-30,1.4290896456266482,283.4375,273.29999999999995,1.175,116.55000000000001,0.28500000000000003,0.004543750000000001,4.3875,48.56666666666667,-95.05833330000002
2002-10-08,1.481167513077035,282.6,270.975,0.48750000000000004,105.12500000000001,0.2775,0.004105,5.925000000000001,48.56666666666667,-95.05833330000002
2002-10-16,1.183136206257325,272.95,266.82500000000005,0.2625,74.98750000000001,0.12625,0.0023587500000000006,3.7624999999999997,48.56666666666667,-95.05833330000002
2002-10-24,0.4757313016770063,271.75,264.75,1.175,69.45000000000002,0.02375,0.002715,4.225,48.56666666666667,-95.05833330000002
2002-11-01,0.9888115460392877,274.2375,264.9375,0.0,69.3375,0.10875,0.0025075,4.325,48.56666666666667,-95.05833330000002
2002-11-09,1.0699790591163227,272.625,263.77500000000003,0.8250000000000002,57.462500000000006,0.10625,0.0022425,3.6375,48.56666666666667,-95.05833330000002
2002-11-17,0.9643037193343601,274.0625,265.52500000000003,0.3375,59.7625,0.1175,0.0024587500000000004,5.2250000000000005,48.56666666666667,-95.05833330000002
2002-11-25,0.9264142013388798,268.4125,257.275,0.0,55.537499999999994,0.08125000000000002,0.00150875,4.6375,48.56666666666667,-95.05833330000002
2002-12-03,1.0566596863721076,266.6875,255.58749999999998,0.0,57.90000000000001,0.07625,0.0013162500000000001,4.1625000000000005,48.56666666666667,-95.05833330000002
2002-12-11,1.0623350261540703,274.175,264.9625,1.1500000000000001,48.88750000000001,0.11875,0.00243875,4.9,48.56666666666667,-95.05833330000002
2002-12-19,0.9273454965959089,269.75,260.05,0.6249999999999999,43.525,0.09,0.0017387500000000003,4.8999999999999995,48.56666666666667,-95.05833330000002
2002-12-27,0.5754921732950726,271.47999999999996,260.6,0.0,55.56,0.13599999999999998,0.001642,4.760000000000001,48.56666666666667,-95.05833330000002
2003-01-01,0.6709103543733518,271.83750000000003,260.8,0.25,57.675000000000004,0.1275,0.0017924999999999998,4.65,48.56666666666667,-95.05833330000002
2003-01-09,0.8660416727557427,261.3,251.575,0.0,63.462500000000006,0.08500000000000002,0.0006887500000000001,5.5625,48.56666666666667,-95.05833330000002
2003-01-17,0.6840051829680164,258.59999999999997,248.9625,0.35000000000000003,60.55000000000001,0.06,0.000555,4.7,48.56666666666667,-95.05833330000002
2003-01-25,0.6406648693401239,264.59999999999997,252.7,0.5,75.9,0.09000000000000001,0.0010125000000000002,4.2250000000000005,48.56666666666667,-95.05833330000002
2003-02-02,0.6275077221991215,264.075,250.5375,0.0,82.95,0.09375,0.0008387500000000001,5.0875,48.56666666666667,-95.05833330000002
2003-02-10,0.5811675130770352,261.875,247.9,0.2,109.5875,0.085,0.0006625,4.65,48.56666666666667,-95.05833330000002
2003-02-18,0.5783298431860538,263.4125,250.75,0.28750000000000003,105.0875,0.09125000000000001,0.0007887500000000001,4.475,48.56666666666667,-95.05833330000002
2003-02-26,0.5566596863721077,264.075,248.5875,0.0,126.30000000000001,0.09749999999999999,0.0007037500000000001,3.7375000000000007,48.56666666666667,-95.05833330000002
2003-03-06,0.7594973562630888,264.8375,249.78750000000002,0.07500000000000001,153.3625,0.10750000000000001,0.0007650000000000001,4.75,48.56666666666667,-95.05833330000002
2003-03-14,0.8189947125261776,281.3125,268.675,0.037500000000000006,180.57500000000005,0.34500000000000003,0.0027087500000000002,3.712500000000001,48.56666666666667,-95.05833330000002
2003-03-22,0.6942623416716998,283.125,271.7,1.8,144.3125,0.53125,0.0025312500000000005,5.1375,48.56666666666667,-95.05833330000002
2003-03-30,0.9594973562630889,275.1125,266.075,0.525,138.925,0.27125,0.0018712500000000003,5.2124999999999995,48.56666666666667,-95.05833330000002
2003-04-07,1.0566596863721076,289.0875,271.7125,0.037500000000000006,249.225,0.74,0.00321875,5.5375,48.56666666666667,-95.05833330000002
2003-04-15,1.159497356263089,285.17500000000007,271.7875,2.2875,215.26250000000005,0.4887500000000001,0.0033025000000000003,5.362499999999999,48.56666666666667,-95.05833330000002
2003-04-23,1.1698168335131103,289.43749999999994,274.175,0.475,245.3125,0.72875,0.0035975000000000004,3.8000000000000003,48.56666666666667,-95.05833330000002
2003-05-01,1.481167513077035,291.92499999999995,276.4625,0.775,253.01250000000005,0.8375,0.0041825000000000005,4.800000000000001,48.56666666666667,-95.05833330000002
2003-05-09,1.418832486922965,290.8375,277.9625,1.05,236.11250000000004,0.7475000000000002,0.004795000000000001,4.637500000000001,48.56666666666667,-95.05833330000002
2003-05-17,1.789680522749979,291.0375,278.1625,3.6750000000000007,216.625,0.6162500000000001,0.005531250000000001,4.2875,48.56666666666667,-95.05833330000002
2003-05-25,2.3029998954941946,295.7125,280.72499999999997,2.3125,279.0,1.01,0.005785,3.925,48.56666666666667,-95.05833330000002
2003-06-02,2.649015653409855,293.525,282.675,4.9375,207.89999999999998,0.6262499999999999,0.0075337500000000005,2.5875,48.56666666666667,-95.05833330000002
2003-06-10,2.792355967037748,298.475,284.925,2.4250000000000003,260.5,0.88,0.00934125,3.3500000000000005,48.56666666666667,-95.05833330000002
2003-06-18,2.3426666811792414,299.0375,284.9625,6.7875000000000005,254.75000000000006,0.9,0.00969125,5.2,48.56666666666667,-95.05833330000002
2003-06-26,3.1647859262922884,297.45000000000005,284.21250000000003,2.2625,267.05000000000007,0.65125,0.010255000000000002,4.025,48.56666666666667,-95.05833330000002
2003-07-04,2.6718186453522272,295.50000000000006,284.175,0.7375,229.27500000000003,0.56375,0.009462500000000002,4.35,48.56666666666667,-95.05833330000002
2003-07-12,2.914026123851694,300.0,284.7875,2.75,286.04999999999995,0.875,0.010192500000000002,3.8875,48.56666666666667,-95.05833330000002
2003-07-20,2.740891139247321,300.6125,285.1,0.15000000000000002,264.33750000000003,1.05125,0.009741250000000002,4.1,48.56666666666667,-95.05833330000002
2003-07-28,2.141920615803579,297.21250000000003,286.675,3.575,214.10000000000002,0.5375,0.01139,3.0125,48.56666666666667,-95.05833330000002
2003-08-05,2.5979313997628357,300.67499999999995,288.5625,2.625,227.75000000000003,0.7575000000000001,0.012635,3.4749999999999996,48.56666666666667,-95.05833330000002
2003-08-13,3.0648482448386267,306.0125,289.1,0.8750000000000001,243.25,1.54,0.012102500000000002,4.4750000000000005,48.56666666666667,-95.05833330000002
2003-08-21,2.8330208363778717,298.22499999999997,284.9,2.5625,217.90000000000003,0.8075000000000001,0.00968625,5.112500000000001,48.56666666666667,-95.05833330000002
2003-08-29,2.6390206273662593,295.6875,280.8625,0.7375,208.88750000000002,0.8125,0.00715125,4.5125,48.56666666666667,-95.05833330000002
2003-09-06,2.4431157694783425,298.55,284.65000000000003,2.6875,173.71250000000003,0.93375,0.00915875,5.525,48.56666666666667,-95.05833330000002
2003-09-14,1.96784814033282,290.81250000000006,279.7375,7.0875,133.50000000000003,0.3525,0.00764375,4.187500000000001,48.56666666666667,-95.05833330000002
2003-09-22,1.4581792912532965,282.9,275.72499999999997,0.6625,114.67500000000001,0.17500000000000002,0.0052137500000000005,6.1,48.56666666666667,-95.05833330000002
2003-09-30,1.359497356263089,286.9375,273.33750000000003,0.07500000000000001,129.275,0.53625,0.00426,4.325,48.56666666666667,-95.05833330000002
2003-10-08,1.278329843186054,291.02500000000003,278.8375,1.95,116.5,0.63875,0.006115000000000001,4.950000000000001,48.56666666666667,-95.05833330000002
2003-10-16,1.0396336670262198,285.7125,273.925,0.0,108.6125,0.40750000000000003,0.00428625,4.312500000000001,48.56666666666667,-95.05833330000002
2003-10-24,0.7726545034040911,277.7875,270.1875,2.875,61.87499999999999,0.18250000000000002,0.00320125,4.800000000000001,48.56666666666667,-95.05833330000002
2003-11-01,0.7246700523081402,269.975,262.0625,0.5875,76.4625,0.11124999999999999,0.00174125,5.4750000000000005,48.56666666666667,-95.05833330000002
2003-11-09,0.681167513077035,276.125,265.25,0.7875,77.0,0.135,0.0026825,4.4750000000000005,48.56666666666667,-95.05833330000002
2003-11-17,0.66233502615407,271.05,263.375,0.475,60.9375,0.07125000000000001,0.00235375,5.449999999999999,48.56666666666667,-95.05833330000002
2003-11-25,0.5942623416716997,269.575,259.525,1.375,57.375,0.06999999999999999,0.00177625,4.825000000000001,48.56666666666667,-95.05833330000002
2003-12-03,0.7170883378922255,270.91249999999997,260.9375,0.07500000000000001,49.20000000000001,0.08500000000000002,0.00196625,4.75,48.56666666666667,-95.05833330000002
2003-12-11,0.8056753397819625,268.0125,258.4375,0.375,50.03750000000001,0.06375,0.0016075,4.5375,48.56666666666667,-95.05833330000002
2003-12-19,0.7971623301090186,271.4875,259.35,0.2,53.987500000000004,0.08375,0.001895,4.050000000000001,48.56666666666667,-95.05833330000002
2003-12-27,0.608513009672944,269.6,261.02,2.1800000000000006,35.9,0.049999999999999996,0.002068,4.0,48.56666666666667,-95.05833330000002
2004-01-01,0.7026754442877687,260.46250000000003,248.07500000000002,0.15000000000000002,52.5375,0.053750000000000006,0.0007700000000000001,4.3625,48.56666666666667,-95.05833330000002
2004-01-09,0.8413093019012648,264.075,254.6625,1.1625,44.5375,0.05374999999999999,0.00114625,3.6125000000000003,48.56666666666667,-95.05833330000002
2004-01-17,0.5518533233008363,258.1875,245.225,1.125,57.849999999999994,0.045000000000000005,0.00059,4.675,48.56666666666667,-95.05833330000002
2004-01-25,0.608513009672944,257.15,244.6625,1.2375,71.1625,0.05,0.0005200000000000001,3.8625000000000003,48.56666666666667,-95.05833330000002
2004-02-02,0.6056753397819626,267.25,254.65,0.30000000000000004,77.7625,0.10875,0.0011474999999999999,4.5125,48.56666666666667,-95.05833330000002
2004-02-10,0.4056753397819626,265.7875,251.26250000000002,0.0625,99.5,0.10125,0.000915,4.5875,48.56666666666667,-95.05833330000002
2004-02-18,0.4159324984856459,274.02500000000003,263.7,0.4625,104.4125,0.16375,0.00201,3.3750000000000004,48.56666666666667,-95.05833330000002
2004-02-26,0.3376026552995922,275.22499999999997,265.47499999999997,1.8625,113.0875,0.15250000000000002,0.0024187500000000003,4.5375,48.56666666666667,-95.05833330000002
2004-03-05,0.5594973562630889,273.175,260.35,0.5,122.38750000000002,0.10999999999999999,0.00209625,4.8875,48.56666666666667,-95.05833330000002
2004-03-13,0.5914246717807184,274.92499999999995,261.25,0.7250000000000001,166.775,0.14250000000000002,0.0021200000000000004,5.775,48.56666666666667,-95.05833330000002
2004-03-21,0.7594973562630888,278.4375,265.23749999999995,1.6625,177.71250000000003,0.21375000000000002,0.0027812500000000003,4.825,48.56666666666667,-95.05833330000002
2004-03-29,0.8594973562630889,280.95,268.375,0.125,199.92499999999998,0.35125000000000006,0.0026325000000000007,4.362500000000001,48.56666666666667,-95.05833330000002
2004-04-06,0.8669168450757908,278.70000000000005,269.6875,2.4250000000000003,148.53750000000002,0.33125,0.0025350000000000004,4.5375,48.56666666666667,-95.05833330000002
2004-04-14,1.0566596863721076,284.7,271.3625,1.0875000000000001,199.8625,0.395,0.00364375,4.4625,48.56666666666667,-95.05833330000002
2004-04-22,1.159497356263089,286.3125,271.83750000000003,0.05,260.51250000000005,0.61375,0.003055000000000001,5.4,48.56666666666667,-95.05833330000002
2004-04-30,1.173810342810671,284.325,272.6,0.7000000000000001,209.85000000000002,0.54125,0.00281625,4.875,48.56666666666667,-95.05833330000002
2004-05-08,1.1535974723315758,285.2875,274.175,10.675,203.725,0.51375,0.0039700000000000004,5.125,48.56666666666667,-95.05833330000002
2004-05-16,1.5234766243910234,289.9625,278.0875,1.1375000000000002,237.46250000000003,0.6875,0.004645,4.500000000000001,48.56666666666667,-95.05833330000002
2004-05-24,1.762172800550858,289.8,278.95,6.775,200.42499999999998,0.5325,0.0057375,5.15,48.56666666666667,-95.05833330000002
2004-06-01,1.975267629145522,295.75,283.37500000000006,2.725,239.83750000000003,0.845,0.0076525000000000004,3.7750000000000004,48.56666666666667,-95.05833330000002
2004-06-09,1.9094443049299732,293.3625,280.8625,0.9,231.2875,0.5925,0.007295000000000001,5.3125,48.56666666666667,-95.05833330000002
2004-06-17,2.1880362807761147,291.28749999999997,277.8625,1.6250000000000004,254.58750000000003,0.5875,0.005858750000000001,5.6875,48.56666666666667,-95.05833330000002
2004-06-25,2.6155440029752364,294.8875,281.025,1.625,262.65000000000003,0.6437499999999999,0.00791,4.4625,48.56666666666667,-95.05833330000002
2004-07-03,2.7084276868484527,295.42499999999995,284.125,4.575,208.52500000000003,0.505,0.009958749999999999,3.4625,48.56666666666667,-95.05833330000002
2004-07-11,3.3194455265829252,298.95000000000005,287.95000000000005,2.75,267.975,0.72125,0.011472500000000002,3.3000000000000003,48.56666666666667,-95.05833330000002
2004-07-19,3.3705235846205883,298.04999999999995,284.575,2.525,273.9375,0.8175000000000001,0.009598750000000001,4.2625,48.56666666666667,-95.05833330000002
2004-07-27,3.3082508770128567,295.8,284.1,3.3499999999999996,233.10000000000002,0.6150000000000001,0.009179999999999999,3.3000000000000003,48.56666666666667,-95.05833330000002
2004-08-04,3.2688417541361874,292.33750000000003,280.95000000000005,8.125,204.32500000000002,0.36374999999999996,0.00857,4.1125,48.56666666666667,-95.05833330000002
2004-08-12,3.3167638866858007,293.05,280.8,0.9125000000000001,217.40000000000003,0.54625,0.007503750000000001,4.7,48.56666666666667,-95.05833330000002
2004-08-20,2.8735234801147826,293.6125,279.59999999999997,2.5,203.3,0.42125,0.008396250000000001,5.1,48.56666666666667,-95.05833330000002
2004-08-28,2.643277995081555,296.075,283.5875,2.3875,191.71250000000003,0.56375,0.009816250000000002,4.2,48.56666666666667,-95.05833330000002
2004-09-05,2.3896805227499796,293.25,281.82500000000005,4.9624999999999995,156.7625,0.36,0.00917125,4.6875,48.56666666666667,-95.05833330000002
2004-09-13,2.0028376698909813,294.76250000000005,283.15,7.425000000000001,150.18750000000003,0.4575,0.00972875,5.775,48.56666666666667,-95.05833330000002
2004-09-21,1.8189947125261778,291.2125,280.04999999999995,3.0500000000000003,128.91250000000002,0.385,0.00756125,4.1000000000000005,48.56666666666667,-95.05833330000002
2004-09-29,1.5840051829680164,287.13749999999993,273.6125,0.7250000000000001,146.71250000000003,0.44750000000000006,0.004673750000000001,5.750000000000001,48.56666666666667,-95.05833330000002
2004-10-07,1.3566596863721077,288.7875,277.5625,1.4,120.91250000000001,0.4375,0.005821250000000001,4.8625,48.56666666666667,-95.05833330000002
2004-10-15,1.1378271994491427,280.2375,272.97499999999997,2.75,74.1875,0.16500000000000004,0.004338750000000001,5.7,48.56666666666667,-95.05833330000002
2004-10-23,1.0378271994491426,283.05,275.11249999999995,7.3500000000000005,66.0625,0.11875000000000001,0.00543625,4.5875,48.56666666666667,-95.05833330000002
2004-10-31,0.8378271994491426,281.575,270.84999999999997,0.05,81.85000000000001,0.24,0.0036850000000000003,4.675000000000001,48.56666666666667,-95.05833330000002
2004-11-08,0.8698168335131099,278.32500000000005,267.45,0.0,85.53750000000001,0.265,0.00247,5.112500000000001,48.56666666666667,-95.05833330000002
2004-11-16,0.9594973562630889,278.3125,267.90000000000003,0.5375000000000001,64.4375,0.16124999999999998,0.0031762500000000007,4.5875,48.56666666666667,-95.05833330000002
2004-11-24,1.0623350261540703,271.8125,264.29999999999995,0.0,53.7875,0.08750000000000001,0.0022387500000000003,3.6375,48.56666666666667,-95.05833330000002
2004-12-02,1.0376026552995923,271.8125,262.05,0.2,45.737500000000004,0.11124999999999999,0.0019637500000000002,4.2875000000000005,48.56666666666667,-95.05833330000002
2004-12-10,0.9840051829680163,269.51250000000005,259.34999999999997,0.575,48.3,0.10375,0.0015937500000000001,5.7375,48.56666666666667,-95.05833330000002
2004-12-18,1.315932498485646,259.875,246.96249999999998,0.3375,54.199999999999996,0.07125000000000001,0.0006150000000000001,5.2875000000000005,48.56666666666667,-95.05833330000002
2004-12-26,0.9840051829680163,267.95,254.73333333333335,4.033333333333334,48.116666666666674,0.08333333333333333,0.0013516666666666666,4.0,48.56666666666667,-95.05833330000002
2005-01-01,0.5056753397819626,258.6,246.7625,1.6125,60.10000000000001,0.03875,0.0006425000000000001,3.825,48.56666666666667,-95.05833330000002
2005-01-09,0.627345496595909,258.1375,246.24999999999997,0.7375,60.250000000000014,0.045,0.000675,4.3,48.56666666666667,-95.05833330000002
2005-01-17,0.48400518296801637,262.9125,251.23749999999995,2.1875,63.87500000000001,0.05125,0.0010175000000000002,4.6625000000000005,48.56666666666667,-95.05833330000002
2005-01-25,0.5245078267049275,270.3,257.16249999999997,0.2,78.80000000000001,0.085,0.0017212500000000001,4.3875,48.56666666666667,-95.05833330000002
2005-02-02,0.5028376698909813,270.075,257.325,0.0,93.95,0.11374999999999999,0.0015624999999999999,3.9000000000000004,48.56666666666667,-95.05833330000002
2005-02-10,0.42450782670492754,271.2625,258.4875,0.5625000000000001,87.05000000000001,0.1175,0.0016962500000000003,4.6375,48.56666666666667,-95.05833330000002
2005-02-18,0.5056753397819626,267.52500000000003,254.025,0.65,100.28750000000001,0.10125,0.0011037500000000001,2.6875000000000004,48.56666666666667,-95.05833330000002
2005-02-26,0.5056753397819626,272.54999999999995,259.0,0.0,130.85000000000002,0.1525,0.0016162500000000003,3.6500000000000004,48.56666666666667,-95.05833330000002
2005-03-06,0.5783298431860538,270.8875,256.275,0.42500000000000004,161.57500000000002,0.14625,0.00136,4.725,48.56666666666667,-95.05833330000002
2005-03-14,0.7594973562630888,273.275,260.2625,0.1875,168.9375,0.19249999999999998,0.0015162500000000002,2.45,48.56666666666667,-95.05833330000002
2005-03-22,0.8811675130770351,278.88750000000005,264.5625,0.25,184.78750000000002,0.26375000000000004,0.0024225,3.775,48.56666666666667,-95.05833330000002
2005-03-30,1.0754921732950724,285.22499999999997,271.9,0.1875,214.9,0.46875,0.0034625000000000003,4.6625000000000005,48.56666666666667,-95.05833330000002
2005-04-07,1.159497356263089,291.6125,275.9375,1.375,210.8125,0.71625,0.00466875,5.425,48.56666666666667,-95.05833330000002
2005-04-15,1.178329843186054,290.7875,275.725,0.65,258.71250000000003,0.78625,0.0042025000000000005,5.125,48.56666666666667,-95.05833330000002
2005-04-23,1.340664869340124,280.2125,271.91249999999997,1.125,179.15,0.355,0.0028175,4.75,48.56666666666667,-95.05833330000002
2005-05-01,1.343502539231105,288.3125,274.7875,0.9375,234.1375,0.7075,0.00404625,5.1125,48.56666666666667,-95.05833330000002
2005-05-09,1.721832382417159,284.8125,274.97499999999997,3.6125000000000003,213.075,0.385,0.00438125,5.2250000000000005,48.56666666666667,-95.05833330000002
2005-05-17,1.1709249386057352,293.55,282.675,3.9375,200.525,0.6325000000000001,0.007600000000000001,5.137499999999999,48.56666666666667,-95.05833330000002
2005-05-25,2.218994712526178,290.45,281.9125,2.9625000000000004,209.75000000000003,0.5275000000000001,0.006755000000000001,4.075,48.56666666666667,-95.05833330000002
2005-06-02,2.6216078382676082,294.79999999999995,284.5,4.4375,223.86249999999998,0.5462500000000001,0.00919875,5.250000000000001,48.56666666666667,-95.05833330000002
2005-06-10,3.1245078267049275,293.9125,285.2625,3.575,225.175,0.49749999999999994,0.0092225,3.325,48.56666666666667,-95.05833330000002
2005-06-18,3.3330831549242093,299.5125,287.375,2.3,294.21250000000003,0.82125,0.01130375,4.6375,48.56666666666667,-95.05833330000002
2005-06-26,3.4964117948816464,297.875,285.575,10.425,235.66250000000005,0.55375,0.01121125,5.3375,48.56666666666667,-95.05833330000002
2005-07-04,3.1681102729929083,301.0,288.6625,1.1125,273.6125,0.8462500000000001,0.012728750000000002,4.062500000000001,48.56666666666667,-95.05833330000002
2005-07-12,2.81083088409546,301.72499999999997,288.03749999999997,3.2,270.65000000000003,0.96,0.012215000000000002,4.3500000000000005,48.56666666666667,-95.05833330000002
2005-07-20,3.413863898248481,297.7625,284.2625,0.48750000000000004,262.27500000000003,0.8137500000000001,0.009221250000000002,4.050000000000001,48.56666666666667,-95.05833330000002
2005-07-28,3.7488534278066425,299.97499999999997,286.95000000000005,2.1375,272.4875,0.9175000000000001,0.010863750000000002,3.325,48.56666666666667,-95.05833330000002
2005-08-05,2.7966133347530433,299.21250000000003,285.25,0.8875000000000001,240.2125,1.0175,0.009225,3.962500000000001,48.56666666666667,-95.05833330000002
2005-08-13,3.010219570193147,295.16249999999997,283.325,6.5,204.87500000000003,0.52875,0.009210000000000001,4.275,48.56666666666667,-95.05833330000002
2005-08-21,2.7952559554750667,293.72499999999997,282.78749999999997,4.987500000000001,204.15,0.37124999999999997,0.00934,5.050000000000001,48.56666666666667,-95.05833330000002
2005-08-29,2.3800532123750533,294.7625,283.35,2.1875,173.8125,0.46625,0.0097675,5.175000000000001,48.56666666666667,-95.05833330000002
2005-09-06,2.2759805758623575,296.6875,284.09999999999997,1.6125,182.7,0.64625,0.009850000000000001,4.6625,48.56666666666667,-95.05833330000002
2005-09-14,1.7250961363290875,293.675,280.92499999999995,1.3125,173.6125,0.58,0.0074962499999999994,3.312500000000001,48.56666666666667,-95.05833330000002
2005-09-22,1.6564351422225572,289.9375,276.5125,0.6125,145.7875,0.5187499999999999,0.00546625,4.65,48.56666666666667,-95.05833330000002
2005-09-30,1.481167513077035,287.73749999999995,276.225,6.312500000000001,103.47500000000001,0.43374999999999997,0.006027500000000001,6.487500000000002,48.56666666666667,-95.05833330000002
2005-10-08,1.140664869340124,287.71250000000003,274.9,0.1375,129.6625,0.35625,0.0053037499999999994,4.4,48.56666666666667,-95.05833330000002
2005-10-16,1.1378271994491427,282.9625,273.3,2.4,98.95,0.22,0.00458875,4.3875,48.56666666666667,-95.05833330000002
2005-10-24,0.7914246717807184,284.45000000000005,273.025,1.7875,95.325,0.2775,0.0045225000000000005,3.8125,48.56666666666667,-95.05833330000002
2005-11-01,0.8566596863721075,282.2375,273.2125,4.35,64.05,0.25125000000000003,0.00408,4.074999999999999,48.56666666666667,-95.05833330000002
2005-11-09,0.8754921732950725,278.27500000000003,268.83750000000003,4.2875,67.98750000000001,0.22,0.0030750000000000005,6.824999999999999,48.56666666666667,-95.05833330000002
2005-11-17,0.8378271994491426,272.55,262.76250000000005,0.1625,67.82500000000002,0.07,0.0024262500000000005,5.3125,48.56666666666667,-95.05833330000002
2005-11-25,0.6159948170319838,267.4125,260.86249999999995,0.037500000000000006,46.087500000000006,0.07,0.0016087500000000002,4.775,48.56666666666667,-95.05833330000002
2005-12-03,0.7188324869229649,265.21250000000003,257.7375,0.375,43.587500000000006,0.0575,0.0013375000000000001,5.125000000000001,48.56666666666667,-95.05833330000002
2005-12-11,0.6130948285946647,269.53749999999997,261.5875,1.2,47.862500000000004,0.0675,0.00198625,4.575,48.56666666666667,-95.05833330000002
2005-12-19,0.5725921848577535,270.3,261.1625,0.575,55.050000000000004,0.07250000000000001,0.00200875,3.650000000000001,48.56666666666667,-95.05833330000002
2005-12-27,0.44924019755940553,272.32,265.34000000000003,1.3,40.94,0.072,0.0024820000000000003,2.62,48.56666666666667,-95.05833330000002
2006-01-01,0.3028376698909813,271.7875,264.0,0.07500000000000001,51.21249999999999,0.07750000000000001,0.00226375,3.2875,48.56666666666667,-95.05833330000002
2006-01-09,0.48400518296801637,272.525,264.6625,0.6125,53.012499999999996,0.07500000000000001,0.0024525000000000007,4.475,48.56666666666667,-95.05833330000002
2006-01-17,0.5056753397819626,268.90000000000003,258.9,0.575,63.8125,0.06875,0.00169625,4.45,48.56666666666667,-95.05833330000002
2006-01-25,0.4566596863721076,272.775,262.22499999999997,0.675,72.05,0.07625,0.0023087500000000005,4.5,48.56666666666667,-95.05833330000002
2006-02-02,0.4698168335131099,267.5875,253.875,0.8875000000000001,86.5,0.10625,0.0010762500000000002,3.5625,48.56666666666667,-95.05833330000002
2006-02-10,0.46517269604505146,263.275,249.9,0.07500000000000001,99.52500000000002,0.07625000000000001,0.0008437500000000001,4.1875,48.56666666666667,-95.05833330000002
2006-02-18,0.4056753397819626,265.22499999999997,251.0875,1.05,107.76250000000002,0.08249999999999999,0.0009500000000000002,4.1125,48.56666666666667,-95.05833330000002
2006-02-26,0.2187701683766272,272.17499999999995,260.96250000000003,1.55,117.07500000000002,0.16375,0.00166375,3.7875,48.56666666666667,-95.05833330000002
2006-03-06,0.5623350261540703,276.2875,267.025,0.9750000000000001,147.05,0.19124999999999998,0.00248625,4.125,48.56666666666667,-95.05833330000002
2006-03-14,0.5594973562630889,272.9375,259.8875,0.0,194.425,0.17999999999999997,0.00148875,3.7125,48.56666666666667,-95.05833330000002
2006-03-22,0.7594973562630888,277.95,268.2625,0.0,168.73749999999998,0.23500000000000001,0.0026587500000000005,3.7375000000000003,48.56666666666667,-95.05833330000002
2006-03-30,0.7,279.0375,268.3625,3.3875,180.20000000000002,0.24625,0.0029312500000000003,4.4625,48.56666666666667,-95.05833330000002
2006-04-07,0.9594973562630889,290.23749999999995,274.1875,0.07500000000000001,242.5375,0.7375,0.0041025,4.337500000000001,48.56666666666667,-95.05833330000002
2006-04-15,1.1378271994491427,293.3875,278.6375,2.125,215.53750000000002,0.8875000000000001,0.00498875,4.5125,48.56666666666667,-95.05833330000002
2006-04-23,1.0898427483531918,289.5875,276.09999999999997,1.6624999999999999,214.7625,0.6687500000000001,0.00439125,5.050000000000001,48.56666666666667,-95.05833330000002
2006-05-01,1.46233502615407,289.8375,278.09999999999997,1.7750000000000004,212.52500000000003,0.6175,0.00531625,4.5249999999999995,48.56666666666667,-95.05833330000002
2006-05-09,1.9405026437369113,286.21250000000003,277.35,2.9125,175.32500000000002,0.38749999999999996,0.005268750000000001,5.175000000000001,48.56666666666667,-95.05833330000002
2006-05-17,2.0,292.2625,278.5375,0.6625000000000001,264.2,0.72625,0.00588,4.2,48.56666666666667,-95.05833330000002
2006-05-25,2.7893560715435535,300.07500000000005,286.3125,0.95,277.5625,1.05625,0.009792499999999999,4.5375000000000005,48.56666666666667,-95.05833330000002
2006-06-02,2.959110586510326,297.4125,283.9,0.9625000000000001,269.8625,0.8599999999999999,0.008667500000000002,4.125,48.56666666666667,-95.05833330000002
2006-06-10,3.3461779835188743,297.56250000000006,282.825,0.38750000000000007,274.08750000000003,0.7687499999999999,0.00913125,3.9500000000000006,48.56666666666667,-95.05833330000002
2006-06-18,3.727183270992696,296.7250000000001,284.275,2.625,261.6,0.7825,0.0085775,4.4,48.56666666666667,-95.05833330000002
2006-06-26,3.199750725814649,298.725,285.2,2.9875000000000003,290.40000000000003,0.8875,0.00949125,4.312500000000001,48.56666666666667,-95.05833330000002
2006-07-04,3.393125036691564,300.03749999999997,285.1875,0.9625,298.675,0.9450000000000001,0.010136250000000001,4.487500000000001,48.56666666666667,-95.05833330000002
2006-07-12,3.6790989128398706,305.25,289.2375,0.41250000000000003,300.73749999999995,1.61625,0.011015,4.6,48.56666666666667,-95.05833330000002
2006-07-20,3.348046769642289,302.4125,287.7375,0.5125000000000001,270.975,1.3425,0.009905000000000002,2.9375000000000004,48.56666666666667,-95.05833330000002
2006-07-28,3.3093443978730983,300.9875,287.3875,2.5875000000000004,242.18750000000003,1.0125000000000002,0.011063750000000002,3.55,48.56666666666667,-95.05833330000002
2006-08-05,3.3617860307980942,300.8375,285.34999999999997,6.812500000000001,241.01250000000005,0.8649999999999999,0.011066250000000001,4.975,48.56666666666667,-95.05833330000002
2006-08-13,3.0919691972849845,297.33750000000003,284.2625,2.375,215.10000000000002,0.595,0.01036,3.975,48.56666666666667,-95.05833330000002
2006-08-21,2.590873950667096,297.625,282.51250000000005,0.1625,232.775,0.7925000000000001,0.008588750000000001,4.25,48.56666666666667,-95.05833330000002
2006-08-29,2.792193741434535,298.0625,282.15,0.9,202.4125,0.9012500000000001,0.008098750000000002,4.125,48.56666666666667,-95.05833330000002
2006-09-06,2.4271832709926966,295.3625,278.825,0.0,200.4625,0.8637499999999999,0.006520000000000001,3.775000000000001,48.56666666666667,-95.05833330000002
2006-09-14,2.0621728005508575,291.675,279.29999999999995,3.025,139.575,0.48,0.007677500000000001,5.65,48.56666666666667,-95.05833330000002
2006-09-22,1.5234766243910234,286.6875,277.4375,2.7625,105.0,0.24749999999999997,0.006183750000000001,5.1625000000000005,48.56666666666667,-95.05833330000002
2006-09-30,1.3868428528589976,292.31250000000006,277.5125,0.0,145.07500000000002,0.7250000000000001,0.005427500000000001,5.0875,48.56666666666667,-95.05833330000002
2006-10-08,1.0914246717807183,280.66249999999997,269.8,1.875,107.925,0.30500000000000005,0.0031675,7.55,48.56666666666667,-95.05833330000002
2006-10-16,1.059497356263089,276.4625,269.375,2.8000000000000003,76.17499999999998,0.08875000000000002,0.0034475,4.875000000000001,48.56666666666667,-95.05833330000002
2006-10-24,0.8378271994491426,278.18750000000006,268.45,0.0,81.6125,0.20375000000000001,0.00294875,4.9,48.56666666666667,-95.05833330000002
2006-11-01,0.8378271994491426,277.3125,267.22499999999997,0.8375,67.325,0.16375,0.00313125,4.6375,48.56666666666667,-95.05833330000002
2006-11-09,0.8321518596671801,276.17499999999995,266.1875,0.0,73.675,0.18875,0.0024387500000000004,5.0625,48.56666666666667,-95.05833330000002
2006-11-17,0.8349895295581614,276.8125,266.27500000000003,0.0,66.525,0.17625,0.00263,4.4375,48.56666666666667,-95.05833330000002
2006-11-25,0.9406648693401239,269.5,259.45,1.7125000000000001,45.5125,0.08500000000000002,0.0016875,5.0,48.56666666666667,-95.05833330000002
2006-12-03,1.0273454965959088,268.1875,257.425,0.7000000000000001,50.625,0.09499999999999999,0.0014600000000000001,4.5625,48.56666666666667,-95.05833330000002
2006-12-11,1.0141883494549064,274.2,264.2125,0.21250000000000002,47.0625,0.0975,0.00251875,4.5125,48.56666666666667,-95.05833330000002
2006-12-19,1.3330208363778715,272.68750000000006,261.8125,0.0,59.437500000000014,0.1125,0.0020062500000000002,3.9875000000000007,48.56666666666667,-95.05833330000002
2006-12-27,0.9056753397819626,271.72,260.6,3.1000000000000005,51.080000000000005,0.05,0.0022600000000000007,2.7,48.56666666666667,-95.05833330000002
2007-01-01,0.5783298431860538,271.6625,260.88750000000005,0.325,57.3,0.09625,0.0019787500000000005,4.575,48.56666666666667,-95.05833330000002
2007-01-09,0.8424713369172011,261.15000000000003,249.54999999999998,0.0,64.425,0.05875,0.0007737500000000001,4.5375000000000005,48.56666666666667,-95.05833330000002
2007-01-17,0.6594973562630888,267.0625,255.67499999999998,0.037500000000000006,65.0,0.0825,0.0012262500000000001,3.900000000000001,48.56666666666667,-95.05833330000002
2007-01-25,0.5349272110118237,264.03749999999997,252.6,0.1875,66.0625,0.075,0.000965,4.65,48.56666666666667,-95.05833330000002
2007-02-02,0.6188324869229651,255.10000000000002,245.03750000000002,0.0,91.1625,0.0575,0.00031,4.437500000000001,48.56666666666667,-95.05833330000002
2007-02-10,0.592580511187298,261.825,248.725,0.0,104.9125,0.08875,0.0005662500000000001,4.0875,48.56666666666667,-95.05833330000002
2007-02-18,0.681167513077035,271.32500000000005,259.875,1.7125000000000001,85.03750000000001,0.17124999999999999,0.001395,4.8375,48.56666666666667,-95.05833330000002
2007-02-26,0.5406648693401239,271.025,259.25,0.4,131.1125,0.1625,0.00144,5.125,48.56666666666667,-95.05833330000002
2007-03-06,0.7087375538224944,275.9625,262.0,0.23750000000000002,151.72500000000002,0.1775,0.0022712500000000003,4.200000000000001,48.56666666666667,-95.05833330000002
2007-03-14,0.7378271994491425,274.9625,261.1625,0.6000000000000001,154.425,0.17875,0.0019612500000000003,4.9625,48.56666666666667,-95.05833330000002
2007-03-22,0.840664869340124,283.95,271.22499999999997,1.125,154.28750000000002,0.38375000000000004,0.0035700000000000003,4.6,48.56666666666667,-95.05833330000002
2007-03-30,0.981167513077035,274.325,263.9,4.950000000000001,157.12500000000003,0.2075,0.0020487500000000002,6.9,48.56666666666667,-95.05833330000002
2007-04-07,1.0102571587036835,277.0625,264.58750000000003,0.0,237.52499999999998,0.31,0.0018137500000000003,3.7625,48.56666666666667,-95.05833330000002
2007-04-15,1.081167513077035,290.9875,274.1375,1.475,247.03750000000002,0.7300000000000001,0.00415375,3.8500000000000005,48.56666666666667,-95.05833330000002
2007-04-23,1.3028376698909812,292.9,276.72499999999997,0.25,261.20000000000005,0.9700000000000001,0.00391875,3.725,48.56666666666667,-95.05833330000002
2007-05-01,0.9503960369659852,292.3625,279.22499999999997,0.7625000000000001,233.6,0.76125,0.0054975,6.4750000000000005,48.56666666666667,-95.05833330000002
2007-05-09,1.6028376698909812,291.775,279.05,0.6875,237.7625,0.73875,0.0055112500000000005,4.4375,48.56666666666667,-95.05833330000002
2007-05-17,1.780942968927485,294.275,279.25,3.6750000000000007,245.26250000000005,0.7487499999999999,0.00672,5.85,48.56666666666667,-95.05833330000002
2007-05-25,1.8546909931918178,293.78749999999997,282.03749999999997,4.8,241.91250000000002,0.6649999999999999,0.007798750000000001,4.3875,48.56666666666667,-95.05833330000002
2007-06-02,2.26610399130208,293.8125,282.1375,6.487500000000001,243.61250000000004,0.62625,0.007681250000000001,5.2875000000000005,48.56666666666667,-95.05833330000002
2007-06-10,2.371454879877618,299.675,287.4,6.3375,245.9375,0.8500000000000002,0.0110325,4.7125,48.56666666666667,-95.05833330000002
2007-06-18,2.929858715280465,299.175,286.51250000000005,3.1374999999999997,276.43750000000006,0.8775000000000002,0.01037,4.9375,48.56666666666667,-95.05833330000002
2007-06-26,3.1316651828575424,296.51250000000005,285.1875,0.8500000000000001,257.675,0.70875,0.009428750000000001,4.1625000000000005,48.56666666666667,-95.05833330000002
2007-07-04,3.173423573057908,298.2875,285.8,10.075000000000001,273.16249999999997,0.7637499999999999,0.0104125,5.0375000000000005,48.56666666666667,-95.05833330000002
2007-07-12,3.0603663329737802,296.775,284.56249999999994,1.2125000000000001,275.2875,0.7175,0.00916625,4.0249999999999995,48.56666666666667,-95.05833330000002
2007-07-20,3.5836807317615915,304.725,288.7625,0.4625,280.0125,1.3025,0.01268875,3.775,48.56666666666667,-95.05833330000002
2007-07-28,3.4922622555902296,302.625,286.75,0.15000000000000002,276.725,1.34875,0.009928750000000002,4.75,48.56666666666667,-95.05833330000002
2007-08-05,3.560041881767355,300.17499999999995,286.3625,2.1125000000000003,237.07500000000002,0.95125,0.010543750000000001,4.0375000000000005,48.56666666666667,-95.05833330000002
2007-08-13,3.2744547753718116,296.3,281.1375,1.5750000000000002,240.28750000000002,0.7025000000000001,0.008205,4.9125000000000005,48.56666666666667,-95.05833330000002
2007-08-21,3.0486288836570923,294.6625,284.1,0.8,189.1125,0.46875000000000006,0.009773750000000001,4.6625,48.56666666666667,-95.05833330000002
2007-08-29,2.7110262283575,300.06249999999994,282.9375,1.1375000000000002,219.95,1.0650000000000002,0.008791250000000002,4.75,48.56666666666667,-95.05833330000002
2007-09-06,2.0810052874738223,287.55,279.05,3.775,158.01250000000002,0.3275,0.006472500000000001,5.4625,48.56666666666667,-95.05833330000002
2007-09-14,2.049015653409855,291.4,278.2125,0.875,161.15,0.43124999999999997,0.0072975,5.2375,48.56666666666667,-95.05833330000002
2007-09-22,1.6028376698909812,292.05,278.675,1.475,142.7875,0.4225,0.007553750000000001,5.737500000000001,48.56666666666667,-95.05833330000002
2007-09-30,1.4594973562630886,290.8375,278.4,3.3125,119.33750000000002,0.41375000000000006,0.00682125,4.825,48.56666666666667,-95.05833330000002
2007-10-08,1.159497356263089,282.3375,274.125,5.125,94.275,0.16,0.0048962499999999996,4.187500000000001,48.56666666666667,-95.05833330000002
2007-10-16,1.0378271994491426,283.66249999999997,275.25,4.6000000000000005,78.5,0.14625,0.0056162500000000014,5.2875,48.56666666666667,-95.05833330000002
2007-10-24,0.6361453689647409,284.22499999999997,271.6375,0.21250000000000002,94.07500000000002,0.35875,0.0038137500000000003,5.275,48.56666666666667,-95.05833330000002
2007-11-01,0.8161570426351964,279.41249999999997,269.675,0.3375,70.3625,0.295,0.0027550000000000005,4.65,48.56666666666667,-95.05833330000002
2007-11-09,0.7378271994491425,278.92499999999995,269.2,0.6,60.175,0.24750000000000003,0.0029475000000000005,5.675000000000002,48.56666666666667,-95.05833330000002
2007-11-17,0.7783298431860537,272.8375,263.9375,0.1875,56.98750000000001,0.09500000000000001,0.0023337500000000003,4.4750000000000005,48.56666666666667,-95.05833330000002
2007-11-25,0.7999999999999999,264.4375,255.9375,0.375,45.5,0.05,0.00127125,4.737500000000001,48.56666666666667,-95.05833330000002
2007-12-03,0.6359208248151905,261.79999999999995,251.13750000000002,1.8624999999999998,54.462500000000006,0.04375,0.0009300000000000002,4.025,48.56666666666667,-95.05833330000002
2007-12-11,0.6717170125377054,264.9,251.6625,0.08750000000000001,52.16250000000001,0.04625,0.0011462500000000001,3.7625,48.56666666666667,-95.05833330000002
2007-12-19,0.6642975237250034,267.4125,258.775,0.5750000000000001,47.349999999999994,0.035,0.0017212500000000001,4.325,48.56666666666667,-95.05833330000002
2007-12-27,0.538696176159834,267.34,259.12,0.32,39.36000000000001,0.05800000000000001,0.0015540000000000003,3.08,48.56666666666667,-95.05833330000002
2008-01-01,0.5650104704418387,269.925,258.27500000000003,0.15000000000000002,54.0625,0.12125,0.001505,4.95,48.56666666666667,-95.05833330000002
2008-01-09,0.4498223115742087,267.2875,255.86249999999998,0.21250000000000002,52.800000000000004,0.0925,0.001195,3.8625,48.56666666666667,-95.05833330000002
2008-01-17,0.549015653409855,256.86249999999995,243.60000000000002,0.0,75.03750000000001,0.053750000000000006,0.00041500000000000006,4.4125,48.56666666666667,-95.05833330000002
2008-01-25,0.6142506680012443,265.45,250.36250000000004,0.0,80.95,0.1075,0.0009125,5.1875,48.56666666666667,-95.05833330000002
2008-02-02,0.6245078267049277,268.6125,254.60000000000002,0.07500000000000001,89.66250000000002,0.1225,0.00113125,4.05,48.56666666666667,-95.05833330000002
2008-02-10,0.4869051714053354,262.2,246.6375,0.675,96.63750000000002,0.0825,0.00071125,4.737500000000001,48.56666666666667,-95.05833330000002
2008-02-18,0.5187701683766273,264.31250000000006,249.31249999999997,0.0,122.1375,0.1,0.00079875,4.1625000000000005,48.56666666666667,-95.05833330000002
2008-02-26,0.5159324984856459,270.5,255.6875,0.2875,121.12500000000001,0.14250000000000002,0.0012537500000000003,5.0375,48.56666666666667,-95.05833330000002
2008-03-05,0.5,269.16249999999997,254.89999999999998,0.07500000000000001,151.26250000000005,0.1275,0.0012975,4.3125,48.56666666666667,-95.05833330000002
2008-03-13,0.492580511187298,275.075,264.225,0.0,163.63750000000002,0.19749999999999998,0.0020362500000000003,4.2625,48.56666666666667,-95.05833330000002
2008-03-21,0.7594973562630888,275.0625,263.825,0.47500000000000003,183.20000000000005,0.20625,0.00192875,3.9875,48.56666666666667,-95.05833330000002
2008-03-29,0.7737480242643331,277.5125,267.3875,0.5875,192.68750000000003,0.23875000000000002,0.0024887500000000005,5.137500000000001,48.56666666666667,-95.05833330000002
2008-04-06,0.8710725799765645,279.225,267.77500000000003,0.1375,235.56250000000003,0.305,0.0024375000000000004,4.95,48.56666666666667,-95.05833330000002
2008-04-14,1.0566596863721076,289.875,274.63750000000005,0.375,220.2375,0.72,0.003765,5.0375000000000005,48.56666666666667,-95.05833330000002
2008-04-22,1.178329843186054,280.65,269.2375,6.300000000000001,210.70000000000005,0.35750000000000004,0.0027037500000000004,5.0625,48.56666666666667,-95.05833330000002
2008-04-30,1.1811675130770354,285.775,271.42499999999995,0.037500000000000006,233.7625,0.54,0.00309,4.925000000000001,48.56666666666667,-95.05833330000002
2008-05-08,1.36233502615407,287.05,274.07500000000005,3.475,220.26250000000002,0.56,0.0038025000000000008,4.050000000000001,48.56666666666667,-95.05833330000002
2008-05-16,1.359497356263089,289.8375,276.65,0.3,256.9625,0.6937500000000001,0.004316250000000001,5.0375000000000005,48.56666666666667,-95.05833330000002
2008-05-24,1.0924182855840854,293.7749999999999,277.81249999999994,2.6625000000000005,252.125,0.7875,0.005671250000000001,3.9125,48.56666666666667,-95.05833330000002
2008-06-01,2.081167513077035,293.575,279.8,3.6875,250.20000000000002,0.6425,0.006828750000000001,5.175000000000001,48.56666666666667,-95.05833330000002
2008-06-09,2.243340313627893,290.8375,279.525,3.9750000000000005,229.35,0.4524999999999999,0.006777500000000001,5.225000000000001,48.56666666666667,-95.05833330000002
2008-06-17,2.7255014405082947,297.6,283.55,0.4125,291.5125,0.93375,0.007916250000000001,3.4625000000000004,48.56666666666667,-95.05833330000002
2008-06-25,3.1665300753230277,297.625,285.1125,4.7875000000000005,266.02500000000003,0.775,0.009595,4.950000000000001,48.56666666666667,-95.05833330000002
2008-07-03,3.5078247929919093,296.2625,282.8625,3.8875,267.26250000000005,0.49875,0.0099325,4.3625,48.56666666666667,-95.05833330000002
2008-07-11,3.51356245132021,297.1125,285.2625,2.15,270.625,0.665,0.009942500000000002,5.0625,48.56666666666667,-95.05833330000002
2008-07-19,3.737565066789055,297.8625,285.3,2.9250000000000003,254.4375,0.70875,0.010045000000000002,3.9625,48.56666666666667,-95.05833330000002
2008-07-27,3.4411156833968723,299.7,286.2,1.4375,260.82500000000005,0.8700000000000001,0.010416250000000002,3.7375000000000003,48.56666666666667,-95.05833330000002
2008-08-04,3.4938755719189367,297.575,284.1875,0.41250000000000003,240.925,0.7675,0.0091275,3.4999999999999996,48.56666666666667,-95.05833330000002
2008-08-12,3.201860864756412,298.15000000000003,285.63750000000005,4.6375,223.90000000000003,0.625,0.011267500000000001,3.6375,48.56666666666667,-95.05833330000002
2008-08-20,3.5213457056075215,297.3,283.91249999999997,1.6625,224.81250000000006,0.7475000000000002,0.009523750000000001,6.625,48.56666666666667,-95.05833330000002
2008-08-28,3.3865184016525722,296.96250000000003,282.32500000000005,4.6375,181.8,0.78,0.008938750000000002,5.487500000000001,48.56666666666667,-95.05833330000002
2008-09-05,2.805350888575537,289.5375,279.3875,4.4,151.10000000000002,0.29750000000000004,0.007243750000000001,3.6625,48.56666666666667,-95.05833330000002
2008-09-13,1.8154210916402072,291.32500000000005,280.1,2.6875,147.60000000000002,0.44625000000000004,0.007362500000000001,4.4750000000000005,48.56666666666667,-95.05833330000002
2008-09-21,2.265010470441839,293.72499999999997,280.6125,1.9500000000000002,157.3,0.46625000000000005,0.008327500000000002,5.612500000000001,48.56666666666667,-95.05833330000002
2008-09-29,1.8245078267049275,287.1125,274.8125,2.0875,124.3875,0.31875,0.0053412500000000005,4.625,48.56666666666667,-95.05833330000002
2008-10-07,1.1811675130770354,286.3625,276.05,7.025,94.1625,0.24250000000000002,0.0058850000000000005,5.425000000000001,48.56666666666667,-95.05833330000002
2008-10-15,1.278329843186054,283.4375,273.625,0.875,112.55000000000001,0.2725,0.004367500000000001,4.7625,48.56666666666667,-95.05833330000002
2008-10-23,0.9349895295581613,281.75,271.8625,0.6625000000000001,83.23750000000001,0.27125000000000005,0.0037350000000000005,5.4625,48.56666666666667,-95.05833330000002
2008-10-31,0.7783298431860537,286.5,275.3875,6.6125,72.4,0.4075,0.0048200000000000005,5.387500000000001,48.56666666666667,-95.05833330000002
2008-11-08,0.8189947125261776,273.825,267.6375,0.225,64.5625,0.12249999999999998,0.0026137500000000006,5.550000000000001,48.56666666666667,-95.05833330000002
2008-11-16,0.8001622256032127,269.6,261.6125,0.15000000000000002,62.7375,0.09375000000000001,0.0017650000000000003,4.875,48.56666666666667,-95.05833330000002
2008-11-24,0.8783298431860538,269.825,261.5375,0.1,49.6125,0.07,0.0019125000000000001,3.4125,48.56666666666667,-95.05833330000002
2008-12-02,0.9594973562630889,264.1125,253.76250000000002,0.28750000000000003,51.31250000000001,0.06,0.00109125,4.725,48.56666666666667,-95.05833330000002
2008-12-10,0.8623350261540702,258.7,247.83749999999998,2.225,45.337500000000006,0.037500000000000006,0.0007087500000000001,5.362500000000001,48.56666666666667,-95.05833330000002
2008-12-18,0.7085130096729438,259.475,246.475,1.1500000000000001,50.400000000000006,0.035,0.0007112500000000001,4.1375,48.56666666666667,-95.05833330000002
2008-12-26,0.5245078267049275,262.11666666666673,247.80000000000004,1.5833333333333333,48.400000000000006,0.051666666666666666,0.0008716666666666667,4.016666666666667,48.56666666666667,-95.05833330000002
2009-01-01,0.38400518296801633,261.675,248.68749999999997,2.15,46.362500000000004,0.06625,0.000705,4.05,48.56666666666667,-95.05833330000002
2009-01-09,0.43470266686227305,257.5125,241.125,0.1875,69.0,0.04875000000000001,0.0004725000000000001,3.8125000000000004,48.56666666666667,-95.05833330000002
2009-01-17,0.5130948285946646,266.57500000000005,252.9375,0.3125,67.03750000000001,0.09625,0.00108875,4.500000000000001,48.56666666666667,-95.05833330000002
2009-01-25,0.533245380527422,262.91249999999997,248.46250000000003,0.0,79.98750000000001,0.07625,0.0008875,5.137500000000001,48.56666666666667,-95.05833330000002
2009-02-02,0.4463402091220865,267.6875,253.87500000000003,1.7375000000000003,74.91250000000001,0.08124999999999999,0.0013125000000000003,4.7875000000000005,48.56666666666667,-95.05833330000002
2009-02-10,0.15469099319181762,267.9875,258.425,2.1625000000000005,73.9125,0.0775,0.00157375,3.8375,48.56666666666667,-95.05833330000002
2009-02-18,0.46233502615407013,265.5,251.775,0.65,109.60000000000002,0.075,0.00100125,3.9500000000000006,48.56666666666667,-95.05833330000002
2009-02-26,0.46233502615407013,266.15,252.16250000000002,0.1625,124.28750000000001,0.0925,0.0011424999999999999,4.4,48.56666666666667,-95.05833330000002
2009-03-06,0.41309482859466456,269.0875,255.025,0.925,166.0625,0.11124999999999999,0.00134,5.575,48.56666666666667,-95.05833330000002
2009-03-14,0.36517269604505137,278.77500000000003,265.97499999999997,0.037500000000000006,189.7125,0.2925,0.0023025000000000003,4.4125,48.56666666666667,-95.05833330000002
2009-03-22,0.5406648693401239,274.825,265.6375,8.8875,146.8625,0.17250000000000001,0.0023475,4.9375,48.56666666666667,-95.05833330000002
2009-03-30,0.7566596863721076,274.0,267.75,1.1125,145.875,0.12625,0.00258875,4.775,48.56666666666667,-95.05833330000002
2009-04-07,0.7,281.31249999999994,270.1,0.17500000000000002,208.0875,0.385,0.00286,4.0875,48.56666666666667,-95.05833330000002
2009-04-15,0.843664764834318,287.2375,273.8125,0.25,229.875,0.58125,0.003715,4.3500000000000005,48.56666666666667,-95.05833330000002
2009-04-23,1.059497356263089,286.1,273.4125,2.9875000000000003,209.17499999999998,0.51625,0.003702500000000001,4.8500000000000005,48.56666666666667,-95.05833330000002
2009-05-01,1.178329843186054,287.38750000000005,274.91249999999997,0.48750000000000004,211.2625,0.5475,0.00419375,4.625,48.56666666666667,-95.05833330000002
2009-05-09,1.294549204367588,286.15,273.225,3.0375000000000005,221.27499999999998,0.43875000000000003,0.004211250000000001,5.6875,48.56666666666667,-95.05833330000002
2009-05-17,1.0419599300717624,290.675,274.8125,0.5,250.43750000000003,0.6075,0.00484375,4.4625,48.56666666666667,-95.05833330000002
2009-05-25,1.317514421913173,289.8875,277.5625,6.325,241.90000000000003,0.52625,0.00550125,4.3500000000000005,48.56666666666667,-95.05833330000002
2009-06-02,2.121670156813946,287.6,277.2,1.2125000000000001,206.675,0.42374999999999996,0.0052474999999999996,4.4375,48.56666666666667,-95.05833330000002
2009-06-10,2.3477599069464006,294.7875,282.125,1.6125,257.25,0.7412500000000001,0.007433750000000001,3.45,48.56666666666667,-95.05833330000002
2009-06-18,3.021507931210734,300.52500000000003,286.7,1.075,272.1875,0.97875,0.010426250000000001,3.5875,48.56666666666667,-95.05833330000002
2009-06-26,3.144271608884922,294.2,283.4375,4.5625,237.65000000000003,0.5237499999999999,0.00884,5.9875,48.56666666666667,-95.05833330000002
2009-07-04,2.7107999584503024,295.6125,282.4875,0.625,289.4625,0.6425,0.00843,4.5249999999999995,48.56666666666667,-95.05833330000002
2009-07-12,3.6128326959345776,294.0,281.8625,2.6125000000000003,228.0625,0.5675000000000001,0.008080000000000002,5.15,48.56666666666667,-95.05833330000002
2009-07-20,3.3034445139415847,298.58750000000003,284.625,1.65,236.6625,0.8225,0.00956625,4.6875,48.56666666666667,-95.05833330000002
2009-07-28,3.173199028908358,293.31249999999994,281.5125,2.7,213.5375,0.46749999999999997,0.0081925,4.5875,48.56666666666667,-95.05833330000002
2009-08-05,3.376261242948889,297.4625,284.425,0.5499999999999999,214.46249999999998,0.7,0.009960000000000002,3.3750000000000004,48.56666666666667,-95.05833330000002
2009-08-13,2.813863898248481,297.2875,285.2,11.049999999999999,186.3125,0.62,0.01100875,4.65,48.56666666666667,-95.05833330000002
2009-08-21,2.4740742012284054,296.22499999999997,284.02500000000003,0.1375,212.5125,0.50625,0.010212500000000001,4.2125,48.56666666666667,-95.05833330000002
2009-08-29,2.887711829569689,295.725,280.77500000000003,0.0,205.11250000000004,0.6525,0.00819125,3.6875000000000004,48.56666666666667,-95.05833330000002
2009-09-06,2.193131232300921,297.925,284.95,4.175000000000001,182.175,0.5650000000000001,0.010975,3.7750000000000004,48.56666666666667,-95.05833330000002
2009-09-14,2.6225391335246377,298.92499999999995,285.15,0.25,173.525,0.80125,0.01007,4.0625,48.56666666666667,-95.05833330000002
2009-09-22,2.0546909931918176,291.825,279.27500000000003,2.4000000000000004,156.10000000000002,0.5037499999999999,0.007275,4.6499999999999995,48.56666666666667,-95.05833330000002
2009-09-30,1.3991871462262897,283.50000000000006,274.8125,0.6625,99.3875,0.23124999999999998,0.004825000000000001,5.2125,48.56666666666667,-95.05833330000002
2009-10-08,1.4216701568139463,275.225,269.65,0.8875000000000001,70.81250000000001,0.1175,0.0030525,4.200000000000001,48.56666666666667,-95.05833330000002
2009-10-16,1.0378271994491426,280.6125,272.85,0.1125,89.36250000000001,0.1625,0.004320000000000001,3.7250000000000005,48.56666666666667,-95.05833330000002
2009-10-24,1.059497356263089,280.7,273.0,3.8875,58.39999999999999,0.14250000000000002,0.0044462500000000005,4.7875000000000005,48.56666666666667,-95.05833330000002
2009-11-01,0.9378271994491426,280.0125,269.475,0.375,76.62500000000001,0.1925,0.0035500000000000006,5.175000000000001,48.56666666666667,-95.05833330000002
2009-11-09,0.5102571587036834,282.5125,271.47499999999997,0.65,67.80000000000001,0.25125,0.004005,4.550000000000001,48.56666666666667,-95.05833330000002
2009-11-17,0.7522025045430623,280.1125,268.81250000000006,0.6875,65.4875,0.20375000000000001,0.0033325000000000004,4.2875000000000005,48.56666666666667,-95.05833330000002
2009-11-25,0.8840051829680163,273.0625,265.725,1.1375,49.56250000000001,0.07500000000000001,0.00261,3.7375000000000007,48.56666666666667,-95.05833330000002
2009-12-03,0.8840051829680163,262.0875,255.2875,0.23750000000000004,46.512499999999996,0.05249999999999999,0.00106,3.4625000000000004,48.56666666666667,-95.05833330000002
2009-12-11,0.6576908886860117,258.5625,248.92499999999998,0.05,46.775000000000006,0.03875,0.0007250000000000002,3.5625,48.56666666666667,-95.05833330000002
2009-12-19,0.6472715043791156,267.46250000000003,259.28749999999997,3.0125,39.15,0.061250000000000006,0.0016075000000000002,4.0375,48.56666666666667,-95.05833330000002
2009-12-27,0.5301831664868901,262.06,252.24,0.0,51.92,0.048,0.0009500000000000001,5.0200000000000005,48.56666666666667,-95.05833330000002
2010-01-01,0.608513009672944,257.875,243.375,0.0,58.88750000000001,0.043750000000000004,0.0005175000000000001,2.8375,48.56666666666667,-95.05833330000002
2010-01-09,0.884711934075495,271.6875,260.1375,0.0,63.050000000000004,0.17875,0.0014925000000000001,4.525,48.56666666666667,-95.05833330000002
2010-01-17,0.5811675130770352,273.125,266.6,2.5125,62.85000000000001,0.175,0.00207875,4.2875,48.56666666666667,-95.05833330000002
2010-01-25,0.4378271994491426,260.84999999999997,247.26250000000005,0.0,79.00000000000001,0.053750000000000006,0.0006850000000000001,4.6375,48.56666666666667,-95.05833330000002
2010-02-02,0.5,267.82500000000005,255.71249999999998,0.6000000000000001,66.55000000000001,0.10124999999999999,0.00124875,3.1625000000000005,48.56666666666667,-95.05833330000002
2010-02-10,0.39999999999999997,270.87499999999994,254.47500000000002,0.0,109.89999999999999,0.15999999999999998,0.00110875,3.9875000000000007,48.56666666666667,-95.05833330000002
2010-02-18,0.49432466021803745,269.0375,253.56250000000003,0.17500000000000002,114.225,0.11000000000000001,0.0012325,3.0125000000000006,48.56666666666667,-95.05833330000002
2010-02-26,0.6028376698909813,276.1,259.625,0.0,158.1125,0.23125,0.0017162500000000001,2.4125,48.56666666666667,-95.05833330000002
2010-03-06,0.8811675130770351,279.9375,272.4875,1.6875,123.91250000000002,0.30000000000000004,0.0031474999999999997,2.962500000000001,48.56666666666667,-95.05833330000002
2010-03-14,0.8568219119753203,281.8875,269.0375,0.0,156.9,0.365,0.0028875,4.8125,48.56666666666667,-95.05833330000002
2010-03-22,1.059497356263089,281.29999999999995,266.76250000000005,0.0,193.6125,0.41375,0.0023887500000000002,4.825,48.56666666666667,-95.05833330000002
2010-03-30,1.1754921732950727,287.825,273.6375,0.3125,202.7875,0.60625,0.00360375,5.175000000000001,48.56666666666667,-95.05833330000002
2010-04-07,0.9532337068569665,287.3625,272.05,0.0,217.02500000000003,0.6575,0.0030687500000000003,5.2125,48.56666666666667,-95.05833330000002
2010-04-15,1.2726545034040913,290.93750000000006,272.8625,0.0,264.3125,0.8450000000000001,0.00313125,4.05,48.56666666666667,-95.05833330000002
2010-04-23,1.1567220049184457,290.01250000000005,278.1375,2.9625,214.47500000000005,0.71875,0.00452125,4.1375,48.56666666666667,-95.05833330000002
2010-05-01,1.5999999999999999,282.75000000000006,273.525,3.6875,157.55,0.27,0.004205,5.000000000000001,48.56666666666667,-95.05833330000002
2010-05-09,1.746177983518874,288.9375,278.5875,1.625,214.71250000000003,0.7200000000000001,0.004412500000000001,3.7250000000000005,48.56666666666667,-95.05833330000002
2010-05-17,1.8215079312107338,297.90000000000003,283.275,8.1125,276.0125,1.1099999999999999,0.006942500000000001,4.3,48.56666666666667,-95.05833330000002
2010-05-25,2.1780053919796285,295.5125,282.1875,3.4875,263.51250000000005,0.8087500000000001,0.007398750000000001,5.025,48.56666666666667,-95.05833330000002
2010-06-02,2.459172905056664,292.325,282.35,3.325,236.31250000000003,0.555,0.007418750000000001,3.3625000000000003,48.56666666666667,-95.05833330000002
2010-06-10,2.6110262283575003,293.45,284.3625,3.8625,184.46250000000003,0.43250000000000005,0.00930125,3.4000000000000004,48.56666666666667,-95.05833330000002
2010-06-18,2.105756192754744,297.29999999999995,285.76250000000005,2.2750000000000004,232.22500000000002,0.70625,0.00984625,4.1875,48.56666666666667,-95.05833330000002
2010-06-26,2.8269587268431455,298.2125,286.775,5.0,287.475,0.8137500000000001,0.010483750000000002,5.700000000000001,48.56666666666667,-95.05833330000002
2010-07-04,2.6357944619648683,299.25,285.375,1.1500000000000001,278.925,0.8812500000000001,0.00989625,4.2125,48.56666666666667,-95.05833330000002
2010-07-12,3.4951936369287293,298.4125,285.4875,3.5000000000000004,280.675,0.8625,0.009438750000000001,4.7125,48.56666666666667,-95.05833330000002
2010-07-20,3.086643038745248,299.4875,287.675,6.9,257.3,0.9025000000000001,0.010566250000000001,3.85,48.56666666666667,-95.05833330000002
2010-07-28,3.3228635847310635,299.325,287.02500000000003,1.1625,243.29999999999998,0.8175000000000001,0.010810000000000002,3.2,48.56666666666667,-95.05833330000002
2010-08-05,3.24453374154501,300.9375,287.2375,2.975,243.16250000000002,0.9450000000000002,0.011317500000000003,3.3249999999999997,48.56666666666667,-95.05833330000002
2010-08-13,3.03018316648689,295.725,281.675,1.7125000000000001,209.35,0.58375,0.008793750000000001,4.874999999999999,48.56666666666667,-95.05833330000002
2010-08-21,2.472997489036961,300.07500000000005,286.125,0.4,228.25,1.1099999999999999,0.009350000000000002,5.9,48.56666666666667,-95.05833330000002
2010-08-29,2.298742527778899,294.8,282.45,4.825000000000001,208.975,0.6587500000000001,0.008425,5.9375,48.56666666666667,-95.05833330000002
2010-09-06,2.4055131141787505,289.4,279.1375,7.700000000000001,170.15,0.37375,0.0065450000000000005,5.8375,48.56666666666667,-95.05833330000002
2010-09-14,2.1215079312107337,286.6375,275.3,1.0375,153.63750000000002,0.2875,0.005518750000000001,4.3625,48.56666666666667,-95.05833330000002
2010-09-22,1.7593351306598766,289.9625,279.6,8.825000000000001,134.375,0.37374999999999997,0.006986250000000001,5.0875,48.56666666666667,-95.05833330000002
2010-09-30,0.9724922778008785,292.45,275.96250000000003,0.25,154.3,0.71375,0.0052175,4.9125000000000005,48.56666666666667,-95.05833330000002
2010-10-08,1.3566596863721077,292.84999999999997,277.1375,0.0,133.48749999999998,0.645,0.006168750000000001,3.8125,48.56666666666667,-95.05833330000002
2010-10-16,1.0378271994491426,285.85,271.77500000000003,0.0,117.5375,0.45375000000000004,0.0036112500000000007,4.862500000000001,48.56666666666667,-95.05833330000002
2010-10-24,1.059497356263089,280.7625,273.0125,7.7875000000000005,80.45000000000002,0.145,0.00462375,5.5,48.56666666666667,-95.05833330000002
2010-11-01,0.9378271994491426,285.5125,272.09999999999997,0.0,90.9375,0.43124999999999997,0.0037850000000000006,5.1000000000000005,48.56666666666667,-95.05833330000002
2010-11-09,0.8652350145913891,278.875,270.63750000000005,0.65,66.3875,0.19375000000000003,0.003586249999999999,3.9375,48.56666666666667,-95.05833330000002
2010-11-17,0.7715609825438494,269.075,258.1125,1.075,55.875,0.065,0.0017075,5.4625,48.56666666666667,-95.05833330000002
2010-11-25,0.8537596979347886,266.66249999999997,257.825,0.8875000000000001,49.4125,0.0425,0.00165875,5.237500000000001,48.56666666666667,-95.05833330000002
2010-12-03,0.657528663082799,264.7375,254.575,0.15000000000000002,50.68750000000001,0.05875,0.00115875,3.4250000000000003,48.56666666666667,-95.05833330000002
2010-12-11,0.7450221441122942,262.175,250.2,0.07500000000000001,54.16250000000001,0.07625,0.0007512500000000001,3.9875000000000007,48.56666666666667,-95.05833330000002
2010-12-19,1.0777791220724315,266.0125,258.36249999999995,0.5,48.65,0.0375,0.0016262500000000003,3.325,48.56666666666667,-95.05833330000002
2010-12-27,0.9303453920901029,268.28000000000003,259.54,0.4800000000000001,53.2,0.144,0.001248,6.38,48.56666666666667,-95.05833330000002
2011-01-01,0.6709103543733518,261.875,249.6375,0.037500000000000006,56.099999999999994,0.06,0.0007512500000000001,4.2250000000000005,48.56666666666667,-95.05833330000002
2011-01-09,0.5021870417204838,265.6375,255.47500000000002,0.9125000000000001,51.300000000000004,0.09,0.0010875000000000001,2.7125,48.56666666666667,-95.05833330000002
2011-01-17,0.5319896340639673,260.175,248.5375,0.9500000000000001,52.0125,0.05625,0.00067375,4.050000000000001,48.56666666666667,-95.05833330000002
2011-01-25,0.6490156534098551,264.68750000000006,251.9125,0.2625,69.61250000000001,0.08000000000000002,0.0010175000000000002,3.6500000000000004,48.56666666666667,-95.05833330000002
2011-02-02,0.6056753397819626,265.675,250.6125,0.5125,86.16250000000001,0.09500000000000003,0.0010612500000000001,4.987500000000001,48.56666666666667,-95.05833330000002
2011-02-10,0.5245078267049275,272.73750000000007,258.825,0.0625,98.4875,0.15375,0.0018025000000000003,4.2375,48.56666666666667,-95.05833330000002
2011-02-18,0.6028376698909813,265.625,250.9625,0.037500000000000006,102.9625,0.08875,0.0009200000000000001,4.975000000000001,48.56666666666667,-95.05833330000002
2011-02-26,0.5,266.275,251.55,0.0,128.725,0.10375,0.00093,4.275,48.56666666666667,-95.05833330000002
2011-03-06,0.492580511187298,271.7,256.9125,0.5125,133.2,0.14875,0.0014500000000000001,4.2,48.56666666666667,-95.05833330000002
2011-03-14,0.6566596863721075,277.35,266.74999999999994,0.3375,151.05,0.20124999999999998,0.0026212500000000003,4.5375000000000005,48.56666666666667,-95.05833330000002
2011-03-22,0.6566596863721075,273.475,260.5875,0.0,222.16250000000002,0.18125,0.0016225000000000002,3.5,48.56666666666667,-95.05833330000002
2011-03-30,0.7783298431860537,277.7875,267.95,1.9125,166.10000000000002,0.19624999999999998,0.00284375,3.6125000000000007,48.56666666666667,-95.05833330000002
2011-04-07,0.9538220164811262,285.9625,271.95,5.3875,208.2375,0.46125000000000005,0.0038187500000000005,4.275,48.56666666666667,-95.05833330000002
2011-04-15,1.0754921732950724,279.825,269.7875,1.4625000000000001,172.37500000000003,0.3325,0.00264625,4.187500000000001,48.56666666666667,-95.05833330000002
2011-04-23,1.159497356263089,289.3875,274.15000000000003,2.725,235.63750000000002,0.6787499999999999,0.003795000000000001,4.875,48.56666666666667,-95.05833330000002
2011-05-01,1.381167513077035,288.325,274.1375,0.5625,215.38750000000002,0.6250000000000001,0.0038775000000000003,4.7,48.56666666666667,-95.05833330000002
2011-05-09,1.3651726960450514,290.2875,276.2125,0.55,239.2875,0.56375,0.0053675,5.4375,48.56666666666667,-95.05833330000002
2011-05-17,1.9159948170319838,293.9375,280.08750000000003,2.375,235.025,0.72125,0.0066975,4.187500000000001,48.56666666666667,-95.05833330000002
2011-05-25,2.234827303954949,290.65,277.45,4.0375000000000005,239.6875,0.535,0.005743750000000001,5.487500000000001,48.56666666666667,-95.05833330000002
2011-06-02,2.6591729050566633,295.5375,281.25,1.425,252.21249999999998,0.7837500000000001,0.0075475,5.25,48.56666666666667,-95.05833330000002
2011-06-10,3.0185080357165393,295.65,282.525,0.7750000000000001,250.51250000000002,0.8012500000000001,0.007558750000000001,4.15,48.56666666666667,-95.05833330000002
2011-06-18,3.5192833009797133,297.0625,285.45,6.675000000000001,238.87499999999997,0.79125,0.009182500000000001,4.425,48.56666666666667,-95.05833330000002
2011-06-26,3.7334093318882817,300.175,286.29999999999995,4.7749999999999995,279.475,0.88,0.010976250000000002,4.737500000000001,48.56666666666667,-95.05833330000002
2011-07-04,3.490048238418649,301.25,287.31250000000006,3.5125,282.5125,0.9387500000000001,0.011487500000000001,3.9125,48.56666666666667,-95.05833330000002
2011-07-12,3.5646237006890757,303.03749999999997,288.7875,0.525,280.225,1.075,0.0131125,4.012500000000001,48.56666666666667,-95.05833330000002
2011-07-20,3.83685212007222,301.4875,286.8,4.8375,252.96250000000003,1.0250000000000001,0.011112500000000003,4.45,48.56666666666667,-95.05833330000002
2011-07-28,3.802450900138218,304.28749999999997,286.8125,0.6125,271.17499999999995,1.5625,0.00963,4.2625,48.56666666666667,-95.05833330000002
2011-08-05,3.1096441190437227,300.4625,285.25,2.2375,232.00000000000003,1.20625,0.008561250000000001,3.9375,48.56666666666667,-95.05833330000002
2011-08-13,3.7007690696538167,301.2375,284.6875,0.6625000000000001,238.91250000000002,1.255,0.008711250000000002,4.3374999999999995,48.56666666666667,-95.05833330000002
2011-08-21,3.4762612429488886,301.725,283.83750000000003,0.05,235.68750000000003,1.505,0.0074312499999999995,4.687500000000001,48.56666666666667,-95.05833330000002
2011-08-29,2.8985674437009497,298.54999999999995,283.7,4.3625,203.2875,0.9424999999999999,0.0089025,4.300000000000001,48.56666666666667,-95.05833330000002
2011-09-06,2.909506623476311,301.0125,283.02500000000003,0.15000000000000002,196.775,1.4212500000000001,0.007273750000000001,4.275,48.56666666666667,-95.05833330000002
2011-09-14,1.9478368097251217,289.475,276.1625,3.6500000000000004,139.55,0.5062500000000001,0.00548625,5.8875,48.56666666666667,-95.05833330000002
2011-09-22,1.5476206856213417,294.45,278.0125,0.75,172.05000000000004,0.79,0.0061575000000000015,4.2250000000000005,48.56666666666667,-95.05833330000002
2011-09-30,1.502837669890981,298.99999999999994,279.45000000000005,0.0,159.16250000000002,1.44,0.005015000000000001,5.925000000000001,48.56666666666667,-95.05833330000002
2011-10-08,1.481167513077035,290.3625,279.5625,2.8375000000000004,104.95,0.63,0.00575375,6.237500000000001,48.56666666666667,-95.05833330000002
2011-10-16,1.0566596863721076,283.08750000000003,272.8,0.15000000000000002,104.53750000000001,0.36000000000000004,0.0036037500000000006,5.362500000000001,48.56666666666667,-95.05833330000002
2011-10-24,0.9321518596671801,282.8125,271.28749999999997,0.6375000000000001,89.125,0.35750000000000004,0.0032825000000000003,3.2874999999999996,48.56666666666667,-95.05833330000002
2011-11-01,0.9378271994491426,283.58750000000003,269.8125,0.1875,85.44999999999999,0.44750000000000006,0.0027975000000000005,6.2,48.56666666666667,-95.05833330000002
2011-11-09,0.5170883378922255,278.525,267.6,0.325,71.98750000000001,0.23125,0.00277875,4.8125,48.56666666666667,-95.05833330000002
2011-11-17,0.9538220164811262,272.7375,261.70000000000005,0.225,70.275,0.1125,0.0021287500000000004,4.525,48.56666666666667,-95.05833330000002
2011-11-25,1.0218323824171591,273.1125,263.325,0.21250000000000002,61.06250000000001,0.10875000000000001,0.0022287500000000003,5.012500000000001,48.56666666666667,-95.05833330000002
2011-12-03,1.2018064675770774,267.83750000000003,256.86249999999995,0.0,56.5125,0.0925,0.0013375000000000001,4.8375,48.56666666666667,-95.05833330000002
2011-12-11,1.3245078267049275,270.7875,259.0875,0.15000000000000002,50.875,0.10375,0.0017212500000000001,3.7375000000000007,48.56666666666667,-95.05833330000002
2011-12-19,1.318832486922965,271.7125,261.1,0.28750000000000003,49.525000000000006,0.11249999999999999,0.0018650000000000003,4.7625,48.56666666666667,-95.05833330000002
2011-12-27,0.9566596863721075,270.55999999999995,257.64,0.4600000000000001,53.14000000000001,0.10600000000000001,0.0015480000000000003,3.6,48.56666666666667,-95.05833330000002
2012-01-01,0.7378895179954804,271.3875,260.4875,0.1625,46.975,0.125,0.0017425000000000001,5.25,48.56666666666667,-95.05833330000002
2012-01-09,0.936571452985688,268.8125,257.84999999999997,0.75,50.125,0.10875000000000001,0.0015225000000000002,4.7250000000000005,48.56666666666667,-95.05833330000002
2012-01-17,0.8481466766991638,262.65,250.18749999999997,0.30000000000000004,58.18750000000001,0.07500000000000001,0.0008712500000000001,4.437500000000001,48.56666666666667,-95.05833330000002
2012-01-25,0.8914869903270561,271.58750000000003,259.01250000000005,0.31250000000000006,81.0,0.12375000000000001,0.0016800000000000003,4.6499999999999995,48.56666666666667,-95.05833330000002
2012-02-02,0.7971623301090186,271.55,257.825,0.0,97.13750000000002,0.13124999999999998,0.0015837499999999999,3.8875,48.56666666666667,-95.05833330000002
2012-02-10,0.7754921732950725,268.68750000000006,254.47500000000002,0.0,98.0,0.13,0.0011812500000000002,4.050000000000001,48.56666666666667,-95.05833330000002
2012-02-18,0.6783298431860538,273.3875,262.4,1.6125000000000003,90.35,0.14875,0.0019575,4.05,48.56666666666667,-95.05833330000002
2012-02-26,0.8594973562630889,272.5125,260.325,0.8500000000000001,95.51249999999999,0.14375,0.0017375,3.875,48.56666666666667,-95.05833330000002
2012-03-05,0.9754921732950724,275.325,262.5,1.5750000000000002,127.85,0.175,0.00216875,4.737500000000001,48.56666666666667,-95.05833330000002
2012-03-13,1.0566596863721076,288.1,273.375,1.0,187.9875,0.59375,0.0038950000000000005,5.0875,48.56666666666667,-95.05833330000002
2012-03-21,1.0783298431860537,284.58750000000003,271.2625,2.2624999999999997,165.87500000000003,0.47874999999999995,0.00321125,5.025,48.56666666666667,-95.05833330000002
2012-03-29,1.1464025276684244,287.84999999999997,273.4125,2.7125000000000004,188.3,0.5687500000000001,0.00385125,4.487500000000001,48.56666666666667,-95.05833330000002
2012-04-06,1.140727187886462,283.59999999999997,271.09999999999997,1.0125,171.625,0.53625,0.00262125,5.675000000000001,48.56666666666667,-95.05833330000002
2012-04-14,1.262397344700408,283.8,272.2875,2.1375,208.75,0.42250000000000004,0.00339625,4.625,48.56666666666667,-95.05833330000002
2012-04-22,1.3652350145913892,289.125,273.21250000000003,0.21250000000000002,237.78750000000002,0.69,0.0035325000000000005,4.125,48.56666666666667,-95.05833330000002
2012-04-30,1.6028376698909812,292.71250000000003,279.25,0.5875,193.57500000000002,0.7050000000000001,0.0058775,4.425000000000001,48.56666666666667,-95.05833330000002
2012-05-08,1.7000000000000004,294.2875,278.025,0.3625,255.2625,1.0325000000000002,0.0045737500000000006,5.112500000000001,48.56666666666667,-95.05833330000002
2012-05-16,1.986680627255785,298.5375,280.03749999999997,1.9375,260.575,1.16625,0.00642,4.9375,48.56666666666667,-95.05833330000002
2012-05-24,2.195031411325516,291.375,278.76250000000005,1.775,218.4625,0.5875,0.0060550000000000005,4.025,48.56666666666667,-95.05833330000002
2012-06-01,2.468554891440299,299.95,284.26250000000005,0.7250000000000001,281.40000000000003,1.295,0.007410000000000001,3.35,48.56666666666667,-95.05833330000002
2012-06-09,3.0916677503567134,298.5875,282.2125,5.6625000000000005,256.42500000000007,0.9874999999999999,0.008238750000000001,5.6375,48.56666666666667,-95.05833330000002
2012-06-17,3.134215990052635,297.57500000000005,283.5125,2.4250000000000003,248.18750000000003,0.9025,0.00814375,4.1125,48.56666666666667,-95.05833330000002
2012-06-25,3.6515288720944117,306.0,284.9875,0.8875000000000001,285.08750000000003,1.96375,0.0082225,4.550000000000001,48.56666666666667,-95.05833330000002
2012-07-03,3.740178192530486,304.4375,287.97499999999997,1.9875000000000003,273.425,1.7025000000000001,0.009457500000000002,3.3875,48.56666666666667,-95.05833330000002
2012-07-11,2.7305239276833464,305.53749999999997,289.0125,3.0625,251.85000000000002,1.7737500000000002,0.0102375,4.2,48.56666666666667,-95.05833330000002
2012-07-19,3.3532107025788127,306.6125,288.575,3.3875,269.975,1.9625000000000001,0.009987500000000002,4.362500000000001,48.56666666666667,-95.05833330000002
2012-07-27,3.0372158855468294,305.2125,287.975,3.6625000000000005,267.7875,1.8037500000000002,0.0094,4.15,48.56666666666667,-95.05833330000002
2012-08-04,3.2385339505566213,300.09999999999997,283.79999999999995,1.35,256.325,1.215,0.007951250000000002,4.325,48.56666666666667,-95.05833330000002
2012-08-12,3.0847119340754956,297.5125,282.125,2.0250000000000004,220.9875,1.03125,0.007005,4.4,48.56666666666667,-95.05833330000002
2012-08-20,2.9385339505566215,303.8125,285.025,1.6375000000000002,231.3,1.75875,0.00769375,3.9875,48.56666666666667,-95.05833330000002
2012-08-28,2.5554662584549908,305.2625,285.7,0.0,200.25,2.0325,0.007233750000000001,4.75,48.56666666666667,-95.05833330000002
2012-09-05,2.121445612664396,296.4375,280.33750000000003,0.48750000000000004,174.10000000000002,1.1300000000000001,0.0056525,5.2875,48.56666666666667,-95.05833330000002
2012-09-13,1.9227636776741883,291.5125,275.925,0.875,162.15,0.8587500000000001,0.00404875,4.875,48.56666666666667,-95.05833330000002
2012-09-21,1.7142506680012446,290.21250000000003,274.70000000000005,0.42500000000000004,157.88750000000002,0.7712500000000001,0.0038575000000000007,4.3500000000000005,48.56666666666667,-95.05833330000002
2012-09-29,1.481167513077035,291.125,275.8875,3.85,129.70000000000002,0.9162500000000001,0.00422125,6.25,48.56666666666667,-95.05833330000002
2012-10-07,1.2001622256032127,282.35,271.5125,1.0375,94.82500000000002,0.36624999999999996,0.00319125,4.7875,48.56666666666667,-95.05833330000002
2012-10-15,0.8350518481044991,287.3125,277.1875,3.9625,72.61250000000001,0.35750000000000004,0.00562625,4.35,48.56666666666667,-95.05833330000002
2012-10-23,1.0048063630712714,279.9125,271.17499999999995,2.5125,62.3875,0.25125000000000003,0.0033900000000000002,5.012500000000001,48.56666666666667,-95.05833330000002
2012-10-31,0.5146144334758536,280.12499999999994,271.13750000000005,1.7500000000000002,64.27499999999999,0.26625,0.00322625,3.5,48.56666666666667,-95.05833330000002
2012-11-08,0.43476498540861086,276.7125,267.5,0.42500000000000004,59.6,0.18250000000000002,0.00272,5.6000000000000005,48.56666666666667,-95.05833330000002
2012-11-16,0.7606531956696685,279.5125,267.4625,0.0,64.05,0.265,0.00283625,4.9625,48.56666666666667,-95.05833330000002
2012-11-24,0.7579154328355622,270.8625,260.9375,0.36250000000000004,49.737500000000004,0.12875000000000003,0.00166875,4.5875,48.56666666666667,-95.05833330000002
2012-12-02,0.8708480358270141,270.8875,260.35,0.75,51.8875,0.11125,0.0018275000000000003,5.3375,48.56666666666667,-95.05833330000002
2012-12-10,0.8096065305331857,267.33750000000003,256.55,0.30000000000000004,51.35000000000001,0.08375,0.0013449999999999998,3.4375,48.56666666666667,-95.05833330000002
2012-12-18,0.759048267963988,266.025,256.3,0.1625,50.112500000000004,0.07375,0.0012462500000000002,3.4125000000000005,48.56666666666667,-95.05833330000002
2012-12-26,0.6838429573648037,266.1333333333333,257.45000000000005,0.6166666666666667,39.15,0.07833333333333332,0.0012616666666666668,2.9500000000000006,48.56666666666667,-95.05833330000002
2013-01-01,0.40283766989098124,269.73749999999995,258.1,0.45000000000000007,55.5,0.12000000000000001,0.00142,4.3125,48.56666666666667,-95.05833330000002
2013-01-09,0.35185332330083635,267.47499999999997,255.2,2.2500000000000004,56.387499999999996,0.08625000000000001,0.0014462500000000005,5.6875,48.56666666666667,-95.05833330000002
2013-01-17,0.2706858102238013,257.9125,244.60000000000002,0.4875,58.0,0.04625,0.00052625,4.425000000000001,48.56666666666667,-95.05833330000002
2013-01-25,0.5943246602180375,264.9625,252.5625,0.7375,60.3375,0.07750000000000003,0.0011175,4.4624999999999995,48.56666666666667,-95.05833330000002
2013-02-02,0.19519363692872876,266.725,252.59999999999997,2.2875000000000005,81.27500000000002,0.11000000000000001,0.0010025000000000001,3.4625,48.56666666666667,-95.05833330000002
2013-02-10,0.49710001156268097,271.125,257.725,0.037500000000000006,101.22500000000001,0.13375,0.0014825,4.8875,48.56666666666667,-95.05833330000002
2013-02-18,0.43476498540861086,269.71250000000003,253.96249999999998,1.05,119.5625,0.12875,0.0013112500000000001,3.95,48.56666666666667,-95.05833330000002
2013-02-26,0.4709103543733517,273.3875,260.275,1.225,137.1,0.15875000000000003,0.0017325,3.9625,48.56666666666667,-95.05833330000002
2013-03-06,0.31309482859466464,273.425,260.95,0.275,156.8125,0.145,0.0018612500000000003,3.625,48.56666666666667,-95.05833330000002
2013-03-14,0.38232335248361465,269.34999999999997,257.0375,1.9000000000000001,156.92500000000004,0.11625,0.0013575000000000002,5.2875000000000005,48.56666666666667,-95.05833330000002
2013-03-22,0.31425066800124424,276.5625,265.5125,0.0,175.63750000000002,0.22375,0.0022287500000000003,2.5500000000000003,48.56666666666667,-95.05833330000002
2013-03-30,0.4406648693401239,274.325,264.53749999999997,0.30000000000000004,190.075,0.15375,0.0022325,4.7625,48.56666666666667,-95.05833330000002
2013-04-07,0.5783298431860538,274.425,264.2125,1.5875,199.9125,0.11124999999999999,0.0024550000000000006,4.2625,48.56666666666667,-95.05833330000002
2013-04-15,0.7973245557122315,275.82499999999993,267.4875,2.25,176.0375,0.15500000000000003,0.0026762500000000002,4.95,48.56666666666667,-95.05833330000002
2013-04-23,0.7130948285946647,286.5125,270.8125,2.8125,254.76250000000002,0.5687500000000001,0.0034937500000000003,4.550000000000001,48.56666666666667,-95.05833330000002
2013-05-01,1.0783298431860537,286.15000000000003,273.125,0.7,237.33749999999998,0.53125,0.003865,3.9250000000000003,48.56666666666667,-95.05833330000002
2013-05-09,1.0914246717807183,290.95,274.76250000000005,0.4625,265.95,0.7875000000000001,0.00424625,5.4625,48.56666666666667,-95.05833330000002
2013-05-17,1.3754921732950725,290.775,278.90000000000003,10.3125,198.65,0.51875,0.00623375,5.4875,48.56666666666667,-95.05833330000002
2013-05-25,1.8433403136278925,294.125,282.27500000000003,3.8,204.32500000000002,0.63375,0.0078975,5.199999999999999,48.56666666666667,-95.05833330000002
2013-06-02,1.5258028874365661,292.55,280.1125,0.625,238.87500000000006,0.665,0.0062562500000000005,3.4625000000000004,48.56666666666667,-95.05833330000002
2013-06-10,2.6736857057179955,297.3875,284.19999999999993,0.525,290.7375,0.8475,0.008535000000000001,4.15,48.56666666666667,-95.05833330000002
2013-06-18,2.8417977044685503,300.8125,286.6875,1.5125,275.01250000000005,1.01875,0.010466250000000002,3.9000000000000004,48.56666666666667,-95.05833330000002
2013-06-26,3.683680731761591,300.00000000000006,287.825,2.3625000000000003,286.175,1.00875,0.01027125,4.125000000000001,48.56666666666667,-95.05833330000002
2013-07-04,3.251992544625895,301.225,287.55,2.825,262.8625,0.9400000000000002,0.01159125,3.6375,48.56666666666667,-95.05833330000002
2013-07-12,3.6953182740214046,302.8625,288.9375,6.237500000000001,263.32500000000005,0.9500000000000001,0.013165000000000001,3.7125000000000004,48.56666666666667,-95.05833330000002
2013-07-20,3.746078076461999,294.24999999999994,282.65,1.85,245.775,0.5887500000000001,0.00809875,4.175,48.56666666666667,-95.05833330000002
2013-07-28,3.5563352351656827,296.55,282.8125,1.2500000000000002,240.07500000000002,0.9087500000000002,0.007360000000000001,4.0,48.56666666666667,-95.05833330000002
2013-08-05,3.419763782179994,294.5125,283.1375,2.3000000000000003,203.78750000000002,0.6175,0.00822875,3.1875000000000004,48.56666666666667,-95.05833330000002
2013-08-13,3.264623700689075,302.54999999999995,285.225,0.1625,247.85000000000002,1.50625,0.008544999999999999,3.6875000000000004,48.56666666666667,-95.05833330000002
2013-08-21,3.0340767687275765,305.4125,288.5,2.725,225.02500000000003,1.65625,0.010926250000000002,3.2625,48.56666666666667,-95.05833330000002
2013-08-29,3.1138638982484816,301.13750000000005,283.92499999999995,3.575,203.975,1.14,0.00944125,3.7375000000000003,48.56666666666667,-95.05833330000002
2013-09-06,2.786518401652572,298.32500000000005,284.075,1.425,161.35000000000002,0.8450000000000002,0.00944,3.8875,48.56666666666667,-95.05833330000002
2013-09-14,2.440340418133699,294.95,278.95,0.875,168.28750000000002,0.6950000000000001,0.0074600000000000005,4.8375,48.56666666666667,-95.05833330000002
2013-09-22,2.0100949331004707,296.9125,280.37500000000006,5.575000000000001,139.78750000000002,0.82625,0.007771250000000002,6.025,48.56666666666667,-95.05833330000002
2013-09-30,1.4757167174446228,289.1875,277.6125,2.1875000000000004,120.875,0.5487500000000001,0.00526125,5.200000000000001,48.56666666666667,-95.05833330000002
2013-10-08,1.2433403136278927,291.27500000000003,278.175,3.4875,114.11250000000001,0.6549999999999999,0.0056437499999999995,5.4375,48.56666666666667,-95.05833330000002
2013-10-16,1.2538220164811262,278.96250000000003,271.4125,0.6125,62.775,0.17750000000000005,0.00362125,4.1375,48.56666666666667,-95.05833330000002
2013-10-24,0.6857493319987559,278.2125,269.8,0.08750000000000001,76.125,0.2,0.0031075,4.187500000000001,48.56666666666667,-95.05833330000002
2013-11-01,0.7102571587036833,280.0375,269.2,0.6125,86.025,0.28625,0.0028799999999999997,5.1499999999999995,48.56666666666667,-95.05833330000002
2013-11-09,0.9321518596671801,276.3,266.05,0.3625,63.400000000000006,0.16,0.0027187500000000007,5.4125000000000005,48.56666666666667,-95.05833330000002
2013-11-17,0.7056753397819626,270.77500000000003,261.3125,1.475,60.550000000000004,0.09000000000000001,0.00204375,5.7250000000000005,48.56666666666667,-95.05833330000002
2013-11-25,0.4923559670377475,269.65000000000003,261.5,0.9,41.2,0.075,0.0018825,4.2625,48.56666666666667,-95.05833330000002
2013-12-03,0.8840051829680163,262.175,253.375,2.25,40.58749999999999,0.045,0.0011100000000000003,5.5125,48.56666666666667,-95.05833330000002
2013-12-11,0.8734611615684449,260.66249999999997,249.1625,0.05,48.050000000000004,0.052500000000000005,0.0007625,3.95,48.56666666666667,-95.05833330000002
2013-12-19,0.9500468557237592,260.4875,248.56249999999997,0.1125,52.050000000000004,0.043750000000000004,0.00076,3.6374999999999997,48.56666666666667,-95.05833330000002
2013-12-27,0.7301831664868901,259.76,245.94,0.18,46.68000000000001,0.04,0.0008640000000000002,4.180000000000001,48.56666666666667,-95.05833330000002
2014-01-01,0.681167513077035,254.5375,241.23749999999998,0.7625000000000001,54.45,0.043750000000000004,0.000415,4.45,48.56666666666667,-95.05833330000002
2014-01-09,0.7358585062688526,269.4375,256.2875,0.3375,50.025000000000006,0.15125,0.00132375,5.2625,48.56666666666667,-95.05833330000002
2014-01-17,0.5763611500057639,263.38750000000005,245.39999999999998,1.0000000000000002,68.02499999999999,0.08125,0.00078875,5.2625,48.56666666666667,-95.05833330000002
2014-01-25,0.48552478784920533,256.55,245.04999999999998,0.28750000000000003,75.76250000000002,0.043750000000000004,0.0005025000000000001,5.55,48.56666666666667,-95.05833330000002
2014-02-02,0.7045818189217208,258.6875,245.4875,0.0,87.62500000000001,0.0425,0.0005825,4.2375,48.56666666666667,-95.05833330000002
2014-02-10,0.6102571587036835,263.6125,249.0,1.6875000000000002,99.925,0.07875,0.0007999999999999999,4.6625000000000005,48.56666666666667,-95.05833330000002
2014-02-18,0.5840051829680164,264.75,253.57500000000002,0.1125,115.875,0.07750000000000001,0.0012037500000000002,6.35,48.56666666666667,-95.05833330000002
2014-02-26,0.4897428412963167,260.27500000000003,244.23749999999998,0.0,139.41250000000002,0.0825,0.0004900000000000001,4.737500000000001,48.56666666666667,-95.05833330000002
2014-03-06,0.4056753397819626,274.5375,258.7375,0.5750000000000001,143.8125,0.19625000000000004,0.0018825,4.3875,48.56666666666667,-95.05833330000002
2014-03-14,0.5216701568139462,272.7875,257.7625,1.5875000000000001,163.33749999999998,0.11374999999999999,0.00199125,4.200000000000001,48.56666666666667,-95.05833330000002
2014-03-22,0.5971623301090188,269.6875,255.61249999999998,0.0,162.97500000000002,0.13375,0.00130375,4.9375,48.56666666666667,-95.05833330000002
2014-03-30,0.8594973562630889,276.91249999999997,264.9,2.625,190.01250000000002,0.22375,0.0024512500000000003,4.8375,48.56666666666667,-95.05833330000002
2014-04-07,0.7783298431860537,279.9625,268.6125,0.47500000000000003,208.1,0.28625,0.0030412500000000006,5.4,48.56666666666667,-95.05833330000002
2014-04-15,1.0783298431860537,282.31250000000006,268.05,0.55,260.875,0.4275,0.0026750000000000003,4.5625,48.56666666666667,-95.05833330000002
2014-04-23,1.178329843186054,282.02500000000003,273.3125,3.9625000000000004,204.525,0.35750000000000004,0.0033875000000000008,6.775,48.56666666666667,-95.05833330000002
2014-05-01,1.381167513077035,282.925,274.3375,2.4875000000000003,128.9875,0.25625,0.00444,4.2,48.56666666666667,-95.05833330000002
2014-05-09,1.5159948170319835,285.375,274.3625,4.75,178.5,0.39875,0.004515,4.8375,48.56666666666667,-95.05833330000002
2014-05-17,1.7216701568139465,293.20000000000005,281.1875,0.4625,238.40000000000003,0.83125,0.00612625,4.5125,48.56666666666667,-95.05833330000002
2014-05-25,1.9066128306483485,299.65,286.6125,3.9000000000000004,268.88750000000005,1.0362500000000001,0.009643750000000001,3.6500000000000004,48.56666666666667,-95.05833330000002
2014-06-02,2.2827494365045617,293.9875,282.325,3.1000000000000005,245.16250000000002,0.62375,0.007832500000000001,4.4,48.56666666666667,-95.05833330000002
2014-06-10,2.474880859392759,292.7875,283.35,9.2375,227.86250000000004,0.5225,0.008136250000000001,5.3,48.56666666666667,-95.05833330000002
2014-06-18,2.8100012216529526,296.6125,286.02500000000003,1.4875,246.15000000000003,0.6325,0.01019375,4.375,48.56666666666667,-95.05833330000002
2014-06-26,3.505513114178751,295.825,285.46250000000003,3.1750000000000003,236.58749999999998,0.6275000000000001,0.0098625,6.85,48.56666666666667,-95.05833330000002
2014-07-04,2.8652120103132357,298.6875,286.53749999999997,2.8,277.9,0.71625,0.010981250000000001,4.9375,48.56666666666667,-95.05833330000002
2014-07-12,2.8509220280438075,296.075,283.475,1.5875000000000001,276.06250000000006,0.68375,0.008837500000000002,5.275,48.56666666666667,-95.05833330000002
2014-07-20,3.7186702613197524,299.05,285.875,8.8375,262.77500000000003,0.7487499999999999,0.010863750000000002,4.25,48.56666666666667,-95.05833330000002
2014-07-28,3.2347273968980734,298.4375,284.3875,0.6000000000000001,269.9625,0.8724999999999999,0.009050000000000002,3.4125000000000005,48.56666666666667,-95.05833330000002
2014-08-05,3.7186702613197524,299.30000000000007,286.025,3.225,254.0625,0.99,0.00939,3.6250000000000004,48.56666666666667,-95.05833330000002
2014-08-13,2.6929628110883517,297.78749999999997,287.0875,1.125,219.22500000000002,0.7187500000000001,0.010547500000000001,3.5375,48.56666666666667,-95.05833330000002
2014-08-21,2.914857512051848,294.775,285.175,1.8875,171.12500000000003,0.40875000000000006,0.010441250000000001,4.6000000000000005,48.56666666666667,-95.05833330000002
2014-08-29,2.9488534278066423,295.24999999999994,282.34999999999997,2.6000000000000005,189.12500000000003,0.46875,0.0092825,4.325,48.56666666666667,-95.05833330000002
2014-09-06,2.616701568139463,290.3125,277.99999999999994,1.3875000000000002,160.2375,0.5875,0.00582125,4.875,48.56666666666667,-95.05833330000002
2014-09-14,2.4676859147296075,290.35,279.075,2.75,153.675,0.41125,0.006732500000000001,4.525,48.56666666666667,-95.05833330000002
2014-09-22,1.8730598075832985,294.86249999999995,283.3,1.1500000000000001,146.0375,0.7000000000000001,0.008306250000000001,4.9125000000000005,48.56666666666667,-95.05833330000002
2014-09-30,1.746177983518874,283.35,274.97499999999997,1.8125,110.85000000000001,0.2625,0.00483875,6.937499999999999,48.56666666666667,-95.05833330000002
2014-10-08,1.278329843186054,287.0375,273.65000000000003,0.875,126.62500000000001,0.45875000000000005,0.004350000000000001,4.75,48.56666666666667,-95.05833330000002
2014-10-16,1.278329843186054,287.17499999999995,276.675,0.2625,119.1125,0.45250000000000007,0.0049475000000000005,5.812500000000001,48.56666666666667,-95.05833330000002
2014-10-24,1.0321518596671801,282.525,271.325,1.6250000000000002,88.675,0.34375,0.0037875,5.175,48.56666666666667,-95.05833330000002
2014-11-01,0.9566596863721075,279.5875,270.8,0.5750000000000001,68.44999999999999,0.315,0.00284875,5.675000000000001,48.56666666666667,-95.05833330000002
2014-11-09,0.8566596863721075,268.475,260.4875,0.42500000000000004,65.1375,0.09625,0.00154875,5.6,48.56666666666667,-95.05833330000002
2014-11-17,0.9,269.32500000000005,259.69999999999993,0.21250000000000002,55.1625,0.09875,0.0017512500000000002,6.162500000000001,48.56666666666667,-95.05833330000002
2014-11-25,0.9623350261540701,263.2625,251.525,0.0,58.03750000000001,0.07,0.000925,4.525,48.56666666666667,-95.05833330000002
2014-12-03,1.0330208363778715,270.02500000000003,259.81250000000006,0.4,52.175,0.1275,0.0015625,4.7125,48.56666666666667,-95.05833330000002
2014-12-11,1.0301831664868901,271.5,265.15000000000003,0.30000000000000004,45.7625,0.13375,0.00219125,4.437500000000001,48.56666666666667,-95.05833330000002
2014-12-19,1.1980313068197102,272.7125,269.03749999999997,0.9375000000000001,24.262500000000003,0.15125000000000002,0.00245875,3.8625000000000003,48.56666666666667,-95.05833330000002
2014-12-27,0.7378271994491425,260.3,249.92,0.08,44.120000000000005,0.06000000000000001,0.0007920000000000002,4.640000000000001,48.56666666666667,-95.05833330000002
2015-01-01,0.7490156534098551,258.32500000000005,246.83749999999998,2.3375,53.82500000000001,0.051250000000000004,0.0005775000000000001,5.2875000000000005,48.56666666666667,-95.05833330000002
2015-01-09,0.9498846301205464,263.6625,250.20000000000002,0.2,65.96249999999999,0.10250000000000001,0.0007675000000000001,4.8375,48.56666666666667,-95.05833330000002
2015-01-17,0.8008689767106913,272.825,262.925,0.0,63.35000000000001,0.16375,0.0018775,4.550000000000001,48.56666666666667,-95.05833330000002
2015-01-25,0.6564974607688949,267.7875,257.0625,0.0,63.2,0.10625000000000001,0.0015300000000000003,4.4625,48.56666666666667,-95.05833330000002
2015-02-02,0.5245078267049275,264.34999999999997,255.6625,0.1625,73.55,0.10625,0.0008862500000000001,3.95,48.56666666666667,-95.05833330000002
2015-02-10,0.5461779835188737,260.6875,247.475,1.1375,77.55000000000001,0.04,0.0008500000000000002,5.375,48.56666666666667,-95.05833330000002
2015-02-18,0.48116751307703504,260.6375,243.76250000000002,0.17500000000000002,107.5125,0.05375,0.0006787500000000001,5.5375,48.56666666666667,-95.05833330000002
2015-02-26,0.781167513077035,265.075,247.81250000000003,0.0,132.1875,0.08625000000000001,0.0008375,5.3375,48.56666666666667,-95.05833330000002
2015-03-06,0.8840051829680163,278.93749999999994,268.6875,0.0,152.95000000000002,0.32,0.00245375,4.1625,48.56666666666667,-95.05833330000002
2015-03-14,1.0236388499942362,279.5125,266.8125,0.0,163.45,0.36125000000000007,0.0023425,4.7,48.56666666666667,-95.05833330000002
2015-03-22,1.081167513077035,276.85,265.7625,1.7625000000000002,171.66250000000002,0.29125,0.00195625,5.737500000000001,48.56666666666667,-95.05833330000002
2015-03-30,0.8611791867474906,280.0875,266.775,0.0,195.675,0.34125,0.0025862500000000004,4.325,48.56666666666667,-95.05833330000002
2015-04-07,1.2726545034040913,286.625,272.3125,0.525,230.98749999999998,0.6312500000000001,0.0030337500000000004,4.937500000000001,48.56666666666667,-95.05833330000002
2015-04-15,1.250984346590145,285.48749999999995,272.375,1.225,203.89999999999998,0.59,0.00332875,6.875000000000001,48.56666666666667,-95.05833330000002
2015-04-23,1.0726545034040913,289.3875,274.26249999999993,0.1375,254.20000000000002,0.8025000000000001,0.0032575,3.6125,48.56666666666667,-95.05833330000002
2015-05-01,1.1766856012121893,292.8875,277.65000000000003,1.3,245.5375,0.8574999999999999,0.005107500000000001,5.4,48.56666666666667,-95.05833330000002
2015-05-09,1.6216701568139462,284.65,276.41249999999997,3.7625,165.2375,0.35125,0.004850000000000001,5.1000000000000005,48.56666666666667,-95.05833330000002
2015-05-17,1.550109174270097,291.66249999999997,277.23749999999995,3.6875,265.3625,0.7975000000000001,0.0050425,4.4625,48.56666666666667,-95.05833330000002
2015-05-25,1.7738103428106708,292.47499999999997,280.1625,2.4375,259.26250000000005,0.75375,0.006053750000000001,4.5,48.56666666666667,-95.05833330000002
2015-06-02,2.4007690696538164,295.22499999999997,285.33750000000003,5.3875,222.875,0.6275000000000001,0.009132500000000002,4.737500000000001,48.56666666666667,-95.05833330000002
2015-06-10,2.6600418817673552,295.975,283.5625,0.2,274.01250000000005,0.83125,0.00783875,4.1375,48.56666666666667,-95.05833330000002
2015-06-18,2.6512420093985227,295.84999999999997,284.225,4.025,267.9125,0.7575,0.00835,3.6,48.56666666666667,-95.05833330000002
2015-06-26,3.476036698799338,298.8875,286.3625,0.3375,286.1125,1.0225,0.008975,3.125,48.56666666666667,-95.05833330000002
2015-07-04,3.468779435589849,297.3625,285.3625,5.45,275.1,0.85625,0.00909,4.5625,48.56666666666667,-95.05833330000002
2015-07-12,3.211693665196795,299.2625,289.375,7.375000000000001,249.22500000000002,0.6224999999999999,0.012806250000000002,3.7125000000000004,48.56666666666667,-95.05833330000002
2015-07-20,3.1736273373657182,300.61250000000007,288.6875,3.25,278.83750000000003,1.095,0.010597500000000001,4.1125,48.56666666666667,-95.05833330000002
2015-07-28,3.6241833754985024,297.5,285.2875,1.2375,235.78750000000002,0.90375,0.0086025,6.012500000000001,48.56666666666667,-95.05833330000002
2015-08-05,3.3798118595567055,298.725,286.2875,7.1125,248.7125,0.8675,0.00986,3.7375,48.56666666666667,-95.05833330000002
2015-08-13,3.038371724953408,297.6625,284.8625,1.125,231.45,0.8275,0.0096675,4.7875000000000005,48.56666666666667,-95.05833330000002
2015-08-21,2.9686172099866366,294.75,282.55,3.8125,206.125,0.5962500000000001,0.008703750000000001,5.487500000000001,48.56666666666667,-95.05833330000002
2015-08-29,2.689356071543554,300.87499999999994,288.85,1.9500000000000002,217.47500000000005,0.98,0.01148125,4.6875,48.56666666666667,-95.05833330000002
2015-09-06,2.565010470441839,294.02500000000003,279.73749999999995,0.36250000000000004,188.175,0.6325,0.0074625,4.725,48.56666666666667,-95.05833330000002
2015-09-14,2.0300209408836776,296.0875,282.73749999999995,0.125,179.66250000000002,0.77625,0.0081475,5.125,48.56666666666667,-95.05833330000002
2015-09-22,1.527833899163194,292.1875,280.3875,1.0250000000000001,158.48750000000004,0.5587500000000001,0.007123750000000002,4.3125,48.56666666666667,-95.05833330000002
2015-09-30,1.333183061981084,289.025,274.525,0.8125,129.25000000000003,0.5950000000000001,0.00422625,4.6125,48.56666666666667,-95.05833330000002
2015-10-08,1.4594973562630886,289.05,277.23749999999995,0.45,116.2625,0.61625,0.005083750000000001,5.875,48.56666666666667,-95.05833330000002
2015-10-16,0.9350518481044992,285.66249999999997,272.8875,1.9250000000000003,100.45,0.445,0.0039025,4.950000000000001,48.56666666666667,-95.05833330000002
2015-10-24,0.7783298431860537,282.55,273.12500000000006,2.4375,78.56250000000001,0.21625,0.0044025,4.9625,48.56666666666667,-95.05833330000002
2015-11-01,0.9566596863721075,282.59999999999997,274.2,1.9000000000000001,67.925,0.245,0.004540000000000001,4.675000000000001,48.56666666666667,-95.05833330000002
2015-11-09,0.8594973562630889,282.7875,273.59999999999997,0.1375,72.5875,0.34750000000000003,0.0038287500000000006,4.7,48.56666666666667,-95.05833330000002
2015-11-17,0.981167513077035,274.21250000000003,266.3125,4.2250000000000005,42.587500000000006,0.08750000000000001,0.0029387500000000004,5.262499999999999,48.56666666666667,-95.05833330000002
2015-11-25,0.7943246602180374,273.1625,261.96250000000003,0.5875,52.225,0.11750000000000001,0.00213,3.775,48.56666666666667,-95.05833330000002
2015-12-03,1.076361150005764,278.4125,269.3,0.625,55.57500000000001,0.2475,0.0027500000000000003,4.324999999999999,48.56666666666667,-95.05833330000002
2015-12-11,0.6490156534098551,270.36249999999995,265.50000000000006,1.5,40.425000000000004,0.0675,0.00239375,4.7875000000000005,48.56666666666667,-95.05833330000002
2015-12-19,0.6433403136278926,268.4125,259.625,0.8750000000000001,51.737500000000004,0.1,0.0015925000000000002,4.075,48.56666666666667,-95.05833330000002
2015-12-27,0.3783298431860538,264.52000000000004,255.83999999999997,0.0,57.86,0.072,0.001128,2.88,48.56666666666667,-95.05833330000002
2016-01-01,0.668941661193062,271.2375,261.5625,0.2,51.7625,0.17625,0.0015450000000000001,4.300000000000001,48.56666666666667,-95.05833330000002
2016-01-09,0.9413716204476025,256.8875,245.20000000000002,0.2625,49.5875,0.0225,0.0006812500000000001,3.7875000000000005,48.56666666666667,-95.05833330000002
2016-01-17,0.7687171170435114,263.875,256.27500000000003,0.25,61.487500000000004,0.051250000000000004,0.0012075000000000002,3.4000000000000004,48.56666666666667,-95.05833330000002
2016-01-25,0.6198636892368691,272.90000000000003,264.9125,0.4375,66.2,0.1775,0.0020000000000000005,4.525,48.56666666666667,-95.05833330000002
2016-02-02,0.5520155489040491,268.6,257.75000000000006,0.6875,78.1875,0.14375000000000002,0.0013825000000000003,4.6625,48.56666666666667,-95.05833330000002
2016-02-10,0.46233502615407013,265.2625,250.225,0.1875,101.825,0.08124999999999999,0.0008337500000000002,4.15,48.56666666666667,-95.05833330000002
2016-02-26,0.781167513077035,270.7625,256.6625,0.75,133.7875,0.16125000000000003,0.0014100000000000002,3.9500000000000006,48.56666666666667,-95.05833330000002
2016-03-05,0.8651726960450514,282.675,269.65,0.0,170.55,0.40750000000000003,0.0027962500000000006,4.125,48.56666666666667,-95.05833330000002
2016-03-13,0.8783298431860538,279.375,269.975,3.2875,138.65,0.345,0.0029874999999999997,3.7125,48.56666666666667,-95.05833330000002
2016-03-21,0.981167513077035,279.41249999999997,265.4125,0.07500000000000001,176.125,0.2775,0.0023362500000000007,3.2375000000000003,48.56666666666667,-95.05833330000002
2016-03-29,0.9133193727442152,278.16249999999997,266.7,1.5125000000000002,170.26250000000002,0.31375,0.002305,4.675000000000001,48.56666666666667,-95.05833330000002
2016-04-06,0.9463402091220865,277.32499999999993,265.85,0.5250000000000001,173.01250000000002,0.22875,0.0023362500000000002,5.625,48.56666666666667,-95.05833330000002
2016-04-14,1.1623350261540704,288.95000000000005,276.2875,3.975,191.23750000000004,0.50625,0.005511250000000001,4.15,48.56666666666667,-95.05833330000002
2016-04-22,0.7649481518955009,285.45,273.5875,1.0125000000000002,211.21250000000003,0.48375,0.0034937500000000003,4.7250000000000005,48.56666666666667,-95.05833330000002
2016-04-30,1.3,294.34999999999997,276.5,0.0,280.7375,1.06875,0.00422125,4.500000000000001,48.56666666666667,-95.05833330000002
2016-05-08,1.5840051829680164,287.76250000000005,276.45,0.975,179.12500000000003,0.60625,0.00452375,5.1875,48.56666666666667,-95.05833330000002
2016-05-16,1.7724299592545412,296.5125,280.4625,0.9125000000000001,292.55,1.105,0.005496250000000001,4.4125000000000005,48.56666666666667,-95.05833330000002
2016-05-24,2.152077867450387,294.7875,283.67499999999995,5.762500000000001,235.31250000000003,0.6387499999999999,0.008273750000000002,3.925,48.56666666666667,-95.05833330000002
2016-06-01,2.5103194772500212,293.575,281.82500000000005,2.8625,234.925,0.56875,0.007390000000000002,4.7,48.56666666666667,-95.05833330000002
2016-06-09,2.6416584831434906,295.8875,285.55,6.862500000000001,249.66250000000002,0.5025,0.01024125,4.5125,48.56666666666667,-95.05833330000002
2016-06-17,3.146015757915661,297.8875,285.15,11.287500000000001,247.525,0.765,0.009792499999999999,4.3875,48.56666666666667,-95.05833330000002
2016-06-25,3.459172905056664,296.575,283.16249999999997,1.225,272.6625,0.81125,0.00866875,4.475,48.56666666666667,-95.05833330000002
2016-07-03,3.118670261319752,298.0875,287.4875,5.812499999999999,268.27500000000003,0.55125,0.011307500000000002,3.4375,48.56666666666667,-95.05833330000002
2016-07-11,2.9659793542094057,296.43750000000006,286.26250000000005,1.55,243.4875,0.60375,0.01044375,5.4,48.56666666666667,-95.05833330000002
2016-07-19,3.3925181926409613,301.675,288.88750000000005,3.9625000000000004,280.9875,0.91875,0.01277,4.4125,48.56666666666667,-95.05833330000002
2016-07-27,3.114901296171742,300.4375,287.05,7.9125000000000005,234.75,0.8287500000000001,0.01119875,3.7375000000000003,48.56666666666667,-95.05833330000002
2016-08-04,3.248146676699164,298.25,286.55,1.875,242.0,0.5925,0.011345000000000001,4.487500000000001,48.56666666666667,-95.05833330000002
2016-08-12,3.3086752352761573,299.52500000000003,285.33750000000003,1.475,225.96250000000003,0.88625,0.010505000000000002,3.075,48.56666666666667,-95.05833330000002
2016-08-20,3.05027139987331,296.8375,283.375,3.0,201.60000000000005,0.6637499999999998,0.009111250000000001,4.775,48.56666666666667,-95.05833330000002
2016-08-28,2.4516270533936395,296.8,283.63749999999993,6.575000000000001,209.275,0.545,0.009927500000000002,4.925,48.56666666666667,-95.05833330000002
2016-09-05,2.5256013475651695,293.40000000000003,281.1375,2.4250000000000003,199.9375,0.46125000000000005,0.00902125,4.0875,48.56666666666667,-95.05833330000002
2016-09-13,1.8451260013632296,291.7375,280.27500000000003,0.9750000000000001,175.52500000000003,0.41375,0.007585,4.425000000000001,48.56666666666667,-95.05833330000002
2016-09-21,1.3546516789236338,288.72499999999997,280.125,3.8125,118.63750000000002,0.2425,0.007720000000000001,5.975000000000001,48.56666666666667,-95.05833330000002
2016-09-29,1.6623350261540704,289.925,280.8625,1.05,126.67500000000001,0.52875,0.00689,5.4375,48.56666666666667,-95.05833330000002
2016-10-07,0.8463402091220865,282.52500000000003,273.8625,0.6625,102.725,0.17500000000000002,0.004560000000000001,5.325,48.56666666666667,-95.05833330000002
2016-10-15,1.059497356263089,284.3875,273.5375,0.7625000000000001,98.8875,0.2975,0.004700000000000001,4.800000000000001,48.56666666666667,-95.05833330000002
2016-10-23,0.8016818304844017,282.4625,273.47499999999997,0.7250000000000001,86.75,0.16999999999999998,0.00473,4.325,48.56666666666667,-95.05833330000002
2016-10-31,0.9538220164811262,287.475,276.0,0.5375000000000001,87.73750000000001,0.47500000000000003,0.0050550000000000005,4.7875,48.56666666666667,-95.05833330000002
2016-11-08,0.729251871229861,285.63750000000005,272.9375,0.07500000000000001,85.80000000000001,0.45,0.00392,5.2125,48.56666666666667,-95.05833330000002
2016-11-16,0.840664869340124,274.775,268.63750000000005,1.1375,46.925000000000004,0.17875000000000002,0.0026212500000000003,5.3375,48.56666666666667,-95.05833330000002
2016-11-24,0.8840051829680163,275.8125,271.4,2.35,43.6,0.17125,0.0031525000000000004,4.025,48.56666666666667,-95.05833330000002
2016-12-02,0.9461779835188738,269.6,263.5375,1.8250000000000002,44.1125,0.11375,0.00213125,4.9125000000000005,48.56666666666667,-95.05833330000002
2016-12-10,0.7951936369287288,256.65,246.63750000000002,0.05,52.025000000000006,0.027500000000000004,0.0006275000000000001,4.4,48.56666666666667,-95.05833330000002
2016-12-18,0.6263142942820048,270.975,259.41249999999997,2.7,52.85000000000001,0.12750000000000003,0.0015512500000000001,5.425000000000001,48.56666666666667,-95.05833330000002
2016-12-26,0.43302083637787137,268.6666666666667,254.71666666666667,0.6333333333333333,47.583333333333336,0.09166666666666667,0.0014633333333333332,5.283333333333334,48.56666666666667,-95.05833330000002
2017-01-01,0.40283766989098124,259.625,248.45,1.85,49.862500000000004,0.035,0.0008275,4.862500000000001,48.56666666666667,-95.05833330000002
2017-01-09,0.44917787901306777,263.1875,249.2625,0.6000000000000001,65.525,0.08375,0.0007762500000000001,4.6125,48.56666666666667,-95.05833330000002
2017-01-17,0.48232335248361474,276.7875,269.15,0.4375,58.112500000000004,0.2525,0.00249875,3.5,48.56666666666667,-95.05833330000002
2017-01-25,0.5056753397819626,269.6375,258.6875,0.8125,69.23750000000001,0.1225,0.0015087500000000005,4.25,48.56666666666667,-95.05833330000002
2017-02-02,0.5056753397819626,262.6375,250.0125,1.3250000000000002,87.48750000000001,0.07999999999999999,0.0007224999999999999,4.675000000000001,48.56666666666667,-95.05833330000002
2017-02-10,0.5651726960450515,276.4125,264.5375,0.0,102.03749999999998,0.3025,0.0018125,4.9750000000000005,48.56666666666667,-95.05833330000002
2017-02-18,0.5245078267049275,276.1,266.1625,1.3875,107.9875,0.2575,0.0023250000000000002,4.362500000000001,48.56666666666667,-95.05833330000002
2017-02-26,0.7218323824171589,272.27500000000003,257.61249999999995,0.0,142.57500000000002,0.18875,0.00153125,4.4125,48.56666666666667,-95.05833330000002
2017-03-06,0.8594973562630889,266.6375,253.55,0.1375,154.91250000000002,0.09625,0.0011875000000000002,6.112500000000001,48.56666666666667,-95.05833330000002
2017-03-14,0.7188324869229649,277.2375,262.66249999999997,1.1625,168.78750000000002,0.26,0.0020325,5.075000000000001,48.56666666666667,-95.05833330000002
2017-03-22,0.9236388499942362,282.12499999999994,269.52500000000003,0.6375000000000001,187.66250000000002,0.37250000000000005,0.00298375,3.6625000000000005,48.56666666666667,-95.05833330000002
2017-03-30,0.5997754558504496,285.825,271.25,0.0,211.9375,0.47625000000000006,0.00343375,3.6,48.56666666666667,-95.05833330000002
2017-04-07,1.210481702853234,287.86249999999995,271.825,0.0,246.96250000000003,0.60125,0.00354,4.550000000000001,48.56666666666667,-95.05833330000002
2017-04-15,1.178329843186054,286.5875,272.52500000000003,0.9624999999999999,224.7,0.44375000000000003,0.00416125,3.725,48.56666666666667,-95.05833330000002
2017-04-23,1.2811675130770352,279.47499999999997,270.4375,2.55,183.2,0.3425,0.0027887500000000004,5.1125,48.56666666666667,-95.05833330000002
2017-05-01,1.3028376698909812,291.3125,276.975,0.23750000000000002,238.36249999999995,0.83375,0.0040774999999999995,4.075,48.56666666666667,-95.05833330000002
2017-05-09,1.429151964172986,291.35,276.5625,0.3125,246.01250000000002,0.6587500000000001,0.005175,3.8625000000000007,48.56666666666667,-95.05833330000002
2017-05-17,1.8593351306598762,287.175,276.65000000000003,1.75,205.0375,0.44999999999999996,0.00489625,4.6875,48.56666666666667,-95.05833330000002
2017-05-25,1.9433403136278926,292.8,280.1375,0.2375,232.31249999999997,0.75875,0.005985,5.525,48.56666666666667,-95.05833330000002
2017-06-02,2.3779430734332903,299.925,285.21250000000003,4.2875000000000005,277.28749999999997,1.1175000000000002,0.00878625,4.825000000000001,48.56666666666667,-95.05833330000002
2017-06-10,2.8401781925304856,295.7625,284.6875,9.1375,244.05,0.6825,0.008892500000000001,5.4624999999999995,48.56666666666667,-95.05833330000002
2017-06-18,3.2883248692296494,292.3125,281.32499999999993,2.2,214.0,0.5387500000000001,0.00722375,5.525,48.56666666666667,-95.05833330000002
2017-06-26,3.5628481587571557,294.73749999999995,283.125,5.0875,240.0125,0.6287500000000001,0.00831625,3.7375,48.56666666666667,-95.05833330000002
2017-07-04,3.451691097697624,299.7125,286.1375,4.762500000000001,288.4,0.98625,0.009788749999999999,3.7250000000000005,48.56666666666667,-95.05833330000002
2017-07-12,3.0588529237019477,297.7375,284.7,0.2375,254.86250000000004,0.94375,0.008435,4.5375000000000005,48.56666666666667,-95.05833330000002
2017-07-20,3.5327587037177834,300.5125,287.925,0.4,265.25,1.2262499999999998,0.009255,4.15,48.56666666666667,-95.05833330000002
2017-07-28,3.183292236251181,300.47499999999997,285.9375,1.65,249.65,1.3675,0.008016249999999999,3.4375000000000004,48.56666666666667,-95.05833330000002
2017-08-05,2.8083866468226213,298.34999999999997,282.5,2.1500000000000004,247.15,1.105,0.007048750000000001,2.6375,48.56666666666667,-95.05833330000002
2017-08-13,3.289356071543554,297.95,283.70000000000005,1.9500000000000002,232.25,0.9062500000000001,0.00848875,3.3500000000000005,48.56666666666667,-95.05833330000002
2017-08-21,3.076198924402552,294.375,280.9875,0.7250000000000001,180.52500000000003,0.64,0.0076100000000000004,3.5500000000000003,48.56666666666667,-95.05833330000002
2017-08-29,2.9488534278066423,296.8,281.5125,1.3250000000000002,188.86249999999998,0.93625,0.0072075,5.875000000000001,48.56666666666667,-95.05833330000002
2017-09-06,2.521507931210734,296.91249999999997,281.34999999999997,0.0,189.01250000000002,1.00375,0.006893750000000001,4.425000000000001,48.56666666666667,-95.05833330000002
2017-09-14,2.094162434614825,290.59999999999997,283.0375,9.225000000000001,143.625,0.40249999999999997,0.008037500000000001,5.8125,48.56666666666667,-95.05833330000002
2017-09-22,1.8650104704418387,288.9,280.2125,8.3,122.4,0.16875,0.008273750000000002,3.8,48.56666666666667,-95.05833330000002
2017-09-30,1.381167513077035,289.1875,278.34999999999997,3.6,132.125,0.46124999999999994,0.00591,5.575,48.56666666666667,-95.05833330000002
2017-10-08,1.259497356263089,285.925,271.78749999999997,0.0,130.05,0.42000000000000004,0.003933750000000001,5.075,48.56666666666667,-95.05833330000002
2017-10-16,1.059497356263089,291.5125,276.84999999999997,0.25,111.62500000000001,0.7112499999999999,0.00505625,7.012500000000001,48.56666666666667,-95.05833330000002
2017-10-24,0.9378271994491426,276.4875,269.3125,2.0,76.3125,0.135,0.0031850000000000003,6.125,48.56666666666667,-95.05833330000002
2017-11-01,0.8275700407454593,271.31250000000006,261.09999999999997,2.2375,57.462500000000006,0.042499999999999996,0.00241125,5.325,48.56666666666667,-95.05833330000002
2017-11-09,0.6349895295581613,272.225,262.9,0.0,67.48750000000001,0.10500000000000001,0.00225875,5.475,48.56666666666667,-95.05833330000002
2017-11-17,0.6566596863721075,273.0375,260.8625,0.125,61.45,0.11125,0.00220625,5.1000000000000005,48.56666666666667,-95.05833330000002
2017-11-25,0.47832984318605376,276.23749999999995,267.66249999999997,0.125,61.98750000000001,0.21499999999999997,0.0024475,4.7625,48.56666666666667,-95.05833330000002
2017-12-03,0.5594973562630889,268.7625,259.95,2.975,43.462500000000006,0.0975,0.00163125,5.675,48.56666666666667,-95.05833330000002
2017-12-11,0.6113506795639252,267.525,259.25,0.6625000000000001,43.612500000000004,0.07375,0.0015987500000000001,4.0625,48.56666666666667,-95.05833330000002
2017-12-19,0.744596060091347,258.47499999999997,245.36249999999998,0.25,42.050000000000004,0.011250000000000001,0.0008975000000000001,4.2875000000000005,48.56666666666667,-95.05833330000002
2017-12-27,0.6783298431860538,254.9,241.0,0.2,45.22,0.036,0.00052,3.8,48.56666666666667,-95.05833330000002
2018-01-01,0.66233502615407,261.925,248.08749999999998,0.0,60.35000000000001,0.0975,0.0006875000000000001,4.4125,48.56666666666667,-95.05833330000002
2018-01-09,0.7112883610175875,261.5625,246.9875,1.225,53.18749999999999,0.08625000000000001,0.00073875,5.425000000000001,48.56666666666667,-95.05833330000002
2018-01-17,0.5943246602180375,273.4875,264.75,0.07500000000000001,70.625,0.25000000000000006,0.00154375,3.2250000000000005,48.56666666666667,-95.05833330000002
2018-01-25,0.6056753397819626,264.6,252.625,0.4125,75.35000000000001,0.09250000000000001,0.0010550000000000002,5.65,48.56666666666667,-95.05833330000002
2018-02-02,0.48684285285899764,258.125,244.8375,0.18750000000000003,83.5875,0.04375,0.0005187500000000001,4.1375,48.56666666666667,-95.05833330000002
2018-02-10,0.42282599622052586,266.6125,251.51249999999996,0.05,106.41250000000001,0.125,0.0009437500000000001,5.3375,48.56666666666667,-95.05833330000002
2018-02-18,0.43760265529959214,266.5875,254.2,1.25,99.10000000000001,0.0975,0.00107625,4.5625,48.56666666666667,-95.05833330000002
2018-02-26,0.45949735626308885,277.8,261.72499999999997,0.07500000000000001,131.9875,0.24375000000000002,0.0020887500000000003,4.7250000000000005,48.56666666666667,-95.05833330000002
2018-03-06,0.45491553734136814,273.96250000000003,258.775,0.05,170.75000000000003,0.14125000000000001,0.0018625000000000002,3.475,48.56666666666667,-95.05833330000002
2018-03-14,0.24334031362789244,277.4625,265.77500000000003,0.05,170.6375,0.28750000000000003,0.002045,2.7875,48.56666666666667,-95.05833330000002
2018-03-22,0.41708833789222555,277.5375,266.65,0.1,190.925,0.2575,0.0023887500000000002,4.925,48.56666666666667,-95.05833330000002
2018-03-30,0.781167513077035,269.175,256.32500000000005,0.35000000000000003,203.31250000000003,0.10250000000000001,0.0013637500000000002,5.050000000000001,48.56666666666667,-95.05833330000002
2018-04-07,0.981167513077035,275.43750000000006,263.0125,0.325,233.56250000000003,0.19375,0.00207375,3.8375000000000004,48.56666666666667,-95.05833330000002
2018-04-15,1.081167513077035,284.9375,270.975,0.0,271.5375,0.5650000000000001,0.00278375,3.7874999999999996,48.56666666666667,-95.05833330000002
2018-04-23,1.2464025276684243,289.775,273.73749999999995,1.6,263.0375,0.6975000000000001,0.0040175,5.4125,48.56666666666667,-95.05833330000002
2018-05-01,1.4680726844823704,292.4,277.53749999999997,1.175,228.4375,0.83875,0.00502,3.475,48.56666666666667,-95.05833330000002
2018-05-09,1.137138982768108,293.53749999999997,275.5125,0.0,270.71250000000003,0.8787500000000001,0.00474,4.15,48.56666666666667,-95.05833330000002
2018-05-17,1.798093625366048,295.25,281.5,4.1,276.0625,0.8325000000000001,0.007311250000000001,4.3500000000000005,48.56666666666667,-95.05833330000002
2018-05-25,2.2300209408836777,299.17499999999995,285.96250000000003,2.1375,283.00000000000006,0.93125,0.00995,4.35,48.56666666666667,-95.05833330000002
2018-06-02,2.526958726843146,294.59999999999997,282.2,1.625,267.6125,0.5987499999999999,0.008283750000000001,5.0625,48.56666666666667,-95.05833330000002
2018-06-10,2.8004822069579283,297.825,284.73749999999995,2.5250000000000004,246.7375,0.6862499999999999,0.010162500000000001,4.8125,48.56666666666667,-95.05833330000002
2018-06-18,3.5440470647353717,300.5,285.78749999999997,2.375,263.5,1.04125,0.00985,3.075,48.56666666666667,-95.05833330000002
2018-06-26,3.4873873783632634,300.34999999999997,287.4,4.9375,274.825,0.8512500000000001,0.0114075,3.8500000000000005,48.56666666666667,-95.05833330000002
2018-07-04,3.7415338460508156,300.925,288.02500000000003,1.9625000000000001,279.1625,0.9275,0.0116075,5.0375000000000005,48.56666666666667,-95.05833330000002
2018-07-12,3.9083507840697314,299.8625,287.125,1.3,292.6875,1.1500000000000001,0.009285,4.2875000000000005,48.56666666666667,-95.05833330000002
2018-07-20,3.909282079326761,296.95,285.0625,0.325,256.2875,0.8037500000000001,0.00893625,4.6875,48.56666666666667,-95.05833330000002
2018-07-28,3.6461779835188737,298.51250000000005,283.51250000000005,3.025,254.15,0.9462499999999999,0.008686250000000001,3.8125,48.56666666666667,-95.05833330000002
2018-08-05,3.7101572516468084,301.375,286.13750000000005,0.05,262.875,1.3137500000000002,0.00890875,3.75,48.56666666666667,-95.05833330000002
2018-08-13,3.190455788013152,298.825,282.4375,0.6000000000000001,248.07500000000002,1.0825,0.00767,4.237500000000001,48.56666666666667,-95.05833330000002
2018-08-21,2.6806167919634127,296.22499999999997,282.9875,4.125000000000001,211.30000000000004,0.7487499999999999,0.00867625,4.025,48.56666666666667,-95.05833330000002
2018-08-29,3.1012557464634547,296.3625,280.71250000000003,2.7125,213.325,0.7625,0.007703750000000001,4.675,48.56666666666667,-95.05833330000002
2018-09-06,2.6019103248280127,296.125,282.75,1.9375000000000002,162.26250000000002,0.73625,0.008292500000000001,5.025,48.56666666666667,-95.05833330000002
2018-09-14,2.3866806272557857,291.8375,279.125,5.7375,164.71249999999998,0.40750000000000003,0.00790625,4.7125,48.56666666666667,-95.05833330000002
2018-09-22,2.2102571587036834,282.9375,275.25,1.7125,100.2,0.15249999999999997,0.00537625,4.825000000000001,48.56666666666667,-95.05833330000002
2018-09-30,1.5726545034040913,280.53749999999997,272.8,3.1500000000000004,103.1875,0.16999999999999998,0.004347500000000001,4.0625,48.56666666666667,-95.05833330000002
2018-10-08,1.4161570426351964,276.08750000000003,270.32499999999993,3.1875000000000004,72.5125,0.07,0.00367,5.8375,48.56666666666667,-95.05833330000002
2018-10-16,1.1321518596671802,281.9625,270.875,0.125,110.03750000000001,0.33625,0.0034525000000000003,5.9875,48.56666666666667,-95.05833330000002
2018-10-24,0.7520778674503868,281.125,274.6125,2.3625000000000003,79.8625,0.155,0.004686250000000001,4.3500000000000005,48.56666666666667,-95.05833330000002
2018-11-01,0.705899883931513,275.68750000000006,267.95,0.9875,64.9125,0.15625000000000003,0.0028250000000000007,3.2750000000000004,48.56666666666667,-95.05833330000002
2018-11-09,0.6421844742213129,268.9125,256.4375,0.1625,60.337500000000006,0.065,0.0016975000000000002,5.412500000000001,48.56666666666667,-95.05833330000002
2018-11-17,0.6972246486553565,267.7625,260.25,0.07500000000000001,62.2625,0.07250000000000001,0.0017012500000000003,4.95,48.56666666666667,-95.05833330000002
2018-11-25,0.7479221325496132,268.225,262.6,0.41250000000000003,45.3125,0.07500000000000001,0.0018462500000000002,4.562500000000001,48.56666666666667,-95.05833330000002
2018-12-03,0.9498846301205464,268.3375,259.35,0.05,54.474999999999994,0.09125,0.00156625,3.6999999999999993,48.56666666666667,-95.05833330000002
2018-12-11,1.006544316492654,274.575,263.3625,0.42500000000000004,57.61250000000001,0.19625,0.00198,4.550000000000001,48.56666666666667,-95.05833330000002
2018-12-19,0.8820364897877264,267.825,260.6,1.8750000000000002,40.3125,0.07625,0.00167125,3.4000000000000004,48.56666666666667,-95.05833330000002
2018-12-27,0.6056753397819626,263.88,251.8,0.24000000000000005,40.739999999999995,0.038,0.001134,4.92,48.56666666666667,-95.05833330000002
2019-01-01,0.6594973562630888,271.8625,260.1125,0.375,49.73750000000001,0.19124999999999998,0.0015300000000000001,5.175,48.56666666666667,-95.05833330000002
2019-01-09,0.7680103659360327,267.22499999999997,256.8625,0.08750000000000001,55.0875,0.11499999999999999,0.0012662500000000002,3.825,48.56666666666667,-95.05833330000002
2019-01-17,0.6960688092487769,258.6875,243.82500000000002,0.8750000000000001,64.25000000000001,0.04624999999999999,0.0006249999999999999,3.4500000000000006,48.56666666666667,-95.05833330000002
2019-01-25,0.5823233524836147,253.04999999999998,236.3875,0.3375,70.0875,0.021249999999999998,0.0004237500000000001,4.2875,48.56666666666667,-95.05833330000002
2019-02-02,0.6737480242643331,258.96250000000003,247.8125,2.7375000000000003,78.16250000000001,0.04875000000000001,0.0006875000000000001,4.6125,48.56666666666667,-95.05833330000002
2019-02-10,0.4463402091220865,264.5125,250.55,0.7250000000000001,94.0,0.06125,0.00102125,3.7500000000000004,48.56666666666667,-95.05833330000002
2019-02-18,0.48116751307703504,264.975,252.4375,1.4500000000000002,98.67500000000001,0.05875,0.0011825,4.375,48.56666666666667,-95.05833330000002
2019-02-26,0.4234143058446857,260.50000000000006,248.1625,0.05,119.5125,0.0425,0.0007887500000000002,4.5874999999999995,48.56666666666667,-95.05833330000002
2019-03-06,0.5,271.36249999999995,258.5625,3.3,144.28750000000002,0.12625,0.00184625,4.5625,48.56666666666667,-95.05833330000002
2019-03-14,0.4056753397819626,276.725,264.65,0.3375,169.25,0.21875,0.00229375,4.7875000000000005,48.56666666666667,-95.05833330000002
2019-03-22,0.5840675015143543,278.75,264.3125,0.0,207.86249999999998,0.27125,0.0022987500000000004,4.5249999999999995,48.56666666666667,-95.05833330000002
2019-03-30,0.7082115627446722,278.2,267.9125,0.1125,196.53750000000002,0.27,0.00258375,4.4624999999999995,48.56666666666667,-95.05833330000002
2019-04-07,0.8840051829680163,278.1375,268.85,1.6875000000000002,195.8875,0.19624999999999998,0.0030687500000000003,5.125000000000001,48.56666666666667,-95.05833330000002
2019-04-15,1.0840051829680164,288.50000000000006,273.90000000000003,0.0,223.35000000000002,0.57875,0.004061250000000001,3.9499999999999997,48.56666666666667,-95.05833330000002
2019-04-23,1.2406648693401239,286.15,272.3875,0.8625,231.86249999999998,0.53875,0.0035250000000000004,4.6875,48.56666666666667,-95.05833330000002
2019-05-01,1.381167513077035,284.0375,272.775,1.3125,203.1875,0.39874999999999994,0.00361375,3.6999999999999997,48.56666666666667,-95.05833330000002
2019-05-09,1.381167513077035,291.0,276.1875,0.625,240.8625,0.7112499999999999,0.004633750000000001,4.95,48.56666666666667,-95.05833330000002
2019-05-17,1.6245078267049275,288.1125,277.01249999999993,4.3125,211.0375,0.52375,0.00485875,4.9625,48.56666666666667,-95.05833330000002
2019-05-25,1.552015548904049,293.15000000000003,278.32500000000005,0.1875,255.18750000000003,0.7174999999999999,0.006181250000000001,3.5625000000000004,48.56666666666667,-95.05833330000002
2019-06-02,2.1678481403328203,299.075,284.55,3.7125000000000004,261.425,1.035,0.00908625,4.45,48.56666666666667,-95.05833330000002
2019-06-10,2.484774252621833,293.0375,280.875,1.7875,244.9625,0.69875,0.006498750000000001,3.3875,48.56666666666667,-95.05833330000002
2019-06-18,2.733789906031688,297.03749999999997,284.1125,1.0250000000000001,255.37500000000006,0.84125,0.008408750000000001,3.8875,48.56666666666667,-95.05833330000002
2019-06-26,2.9270210453894836,301.15,286.05,3.7125000000000004,292.5,1.1175,0.00981125,3.1375,48.56666666666667,-95.05833330000002
2019-07-04,3.5548532187950306,298.175,285.9625,8.075000000000001,268.2125,0.7137500000000001,0.010523750000000002,3.5875000000000004,48.56666666666667,-95.05833330000002
2019-07-12,3.7546909931918178,300.3375,289.1125,5.3875,261.25,0.8737499999999999,0.0118825,4.275,48.56666666666667,-95.05833330000002
2019-07-20,3.6311144617439197,299.11249999999995,287.07500000000005,0.625,277.925,1.15625,0.00857,4.4375,48.56666666666667,-95.05833330000002
2019-07-28,3.4789972800253484,300.225,286.1875,0.125,252.67499999999995,1.06375,0.00983375,3.9125,48.56666666666667,-95.05833330000002
2019-08-05,3.4453651297451637,297.53749999999997,283.82500000000005,2.9,240.61249999999998,0.9825,0.007747500000000001,3.5750000000000006,48.56666666666667,-95.05833330000002
2019-08-13,3.5356962806656407,297.25,283.55,3.1,229.5125,0.8925000000000002,0.00805,4.3875,48.56666666666667,-95.05833330000002
2019-08-21,3.2705235846205887,293.875,283.98749999999995,3.8625,192.125,0.57375,0.008447500000000002,6.025,48.56666666666667,-95.05833330000002
2019-08-29,2.6488534278066425,291.4375,279.11249999999995,1.2000000000000002,190.975,0.37749999999999995,0.0075250000000000004,4.487500000000001,48.56666666666667,-95.05833330000002
2019-09-06,2.708350784069731,288.2625,279.96250000000003,6.35,132.38750000000002,0.1675,0.00784,4.487500000000001,48.56666666666667,-95.05833330000002
2019-09-14,2.0245078267049275,297.09999999999997,286.81249999999994,17.85,168.92500000000004,0.45375000000000004,0.01192875,5.700000000000001,48.56666666666667,-95.05833330000002
2019-09-22,1.792580511187298,288.8125,278.5125,6.0875,122.50000000000003,0.32875,0.0066475000000000015,4.7,48.56666666666667,-95.05833330000002
2019-09-30,1.2971623301090187,282.825,277.1,5.2375,112.6375,0.19375,0.0053325000000000004,5.050000000000001,48.56666666666667,-95.05833330000002
2019-10-08,1.3378271994491426,281.51250000000005,276.0375,6.4875,76.98750000000001,0.22499999999999998,0.004941250000000001,4.35,48.56666666666667,-95.05833330000002
2019-10-16,0.9163815867847469,282.7,274.825,1.8625,94.5,0.22750000000000004,0.00475875,5.987500000000001,48.56666666666667,-95.05833330000002
2019-10-24,0.9349895295581613,276.58750000000003,268.975,0.07500000000000001,73.7625,0.22375,0.0027287500000000003,5.887499999999999,48.56666666666667,-95.05833330000002
2019-11-01,0.8594973562630889,271.0875,262.5125,1.0625,62.87500000000001,0.07125,0.0022575,5.000000000000001,48.56666666666667,-95.05833330000002
2019-11-09,0.7435025392311051,269.325,257.95000000000005,0.28750000000000003,66.22500000000001,0.065,0.0019099999999999998,5.4375,48.56666666666667,-95.05833330000002
2019-11-17,0.7085130096729438,274.34999999999997,267.425,2.225,58.67500000000001,0.12375,0.0027700000000000003,4.300000000000001,48.56666666666667,-95.05833330000002
2019-11-25,0.8010935208602419,271.20000000000005,265.38750000000005,0.7375,45.3125,0.07375,0.0024025,4.449999999999999,48.56666666666667,-95.05833330000002
2019-12-03,0.8962871577889707,267.2875,257.0875,0.7625000000000001,49.675000000000004,0.065,0.0016650000000000002,4.6000000000000005,48.56666666666667,-95.05833330000002
2019-12-11,1.006544316492654,261.1375,247.66250000000002,0.3875,53.28750000000001,0.034999999999999996,0.0009087500000000002,4.125,48.56666666666667,-95.05833330000002
2019-12-19,0.7923559670377475,271.45000000000005,263.05,0.6625000000000001,53.962500000000006,0.18875,0.00152125,3.3750000000000004,48.56666666666667,-95.05833330000002
2019-12-27,0.5709103543733518,268.4,259.12,4.88,41.96,0.08,0.0015940000000000004,5.42,48.56666666666667,-95.05833330000002
2020-01-01,0.3783298431860538,269.375,257.7875,0.3375,55.6,0.1525,0.0013812500000000003,4.6000000000000005,48.56666666666667,-95.05833330000002
2020-01-09,0.46233502615407013,262.325,247.7125,0.7375,52.32500000000001,0.05875,0.0009287499999999999,4.2,48.56666666666667,-95.05833330000002
2020-01-17,0.4538220164811263,268.275,256.9375,1.4500000000000002,68.3875,0.125,0.0012675000000000002,4.7,48.56666666666667,-95.05833330000002
2020-01-25,0.5085130096729439,269.5625,263.90000000000003,0.037500000000000006,74.5125,0.15000000000000002,0.0015712500000000002,2.8125,48.56666666666667,-95.05833330000002
2020-02-02,0.5056753397819626,266.7125,254.13750000000002,0.0625,86.8375,0.11249999999999999,0.0010675,4.075,48.56666666666667,-95.05833330000002
2020-02-10,0.41877016837662717,265.95,249.24999999999994,0.28750000000000003,99.19999999999999,0.10375,0.0009375,5.050000000000001,48.56666666666667,-95.05833330000002
2020-02-18,0.48400518296801637,270.6625,256.625,0.0,121.375,0.195,0.00125,4.825,48.56666666666667,-95.05833330000002
2020-02-26,0.4971623301090187,272.41249999999997,258.7375,0.775,143.67499999999998,0.13375,0.0018475000000000002,4.1000000000000005,48.56666666666667,-95.05833330000002
2020-03-05,0.4216701568139462,276.76250000000005,262.075,0.1875,155.475,0.21375,0.00216375,4.3875,48.56666666666667,-95.05833330000002
2020-03-13,0.5840051829680164,271.76249999999993,258.375,0.7750000000000001,144.28750000000002,0.1125,0.0017350000000000002,4.612500000000001,48.56666666666667,-95.05833330000002
2020-03-21,0.7172505634954383,277.97499999999997,264.4375,0.0,203.10000000000002,0.26,0.0022612500000000002,4.15,48.56666666666667,-95.05833330000002
2020-03-29,0.7056753397819626,280.20000000000005,268.1625,2.8625,203.55,0.37500000000000006,0.0025875,3.8500000000000005,48.56666666666667,-95.05833330000002
2020-04-06,0.9463402091220865,277.95,269.025,0.23750000000000002,203.65,0.29875,0.002556250000000001,5.675,48.56666666666667,-95.05833330000002
2020-04-14,1.049177879013068,278.225,266.25,0.0,182.38750000000002,0.33999999999999997,0.0019612500000000003,5.1375,48.56666666666667,-95.05833330000002
2020-04-22,1.1491778790130678,290.0375,275.325,0.6375000000000001,244.83750000000003,0.68625,0.004135,3.6500000000000004,48.56666666666667,-95.05833330000002
2020-04-30,1.361303823840166,287.47499999999997,274.2625,0.225,238.225,0.5975,0.0037849999999999997,4.7125,48.56666666666667,-95.05833330000002
2020-05-08,1.4141883494549066,284.36249999999995,272.1125,2.075,257.21250000000003,0.48374999999999996,0.0031612499999999996,4.1625,48.56666666666667,-95.05833330000002
2020-05-16,1.9433403136278926,296.84999999999997,284.25,0.0,279.96250000000003,1.04125,0.007157500000000001,4.7875000000000005,48.56666666666667,-95.05833330000002
2020-05-24,2.343340313627893,293.32500000000005,283.2875,1.925,243.98749999999998,0.7312500000000002,0.007205,4.375,48.56666666666667,-95.05833330000002
2020-06-01,2.550597576837382,297.225,284.1,8.475000000000001,279.85,0.7775,0.009192500000000001,5.0249999999999995,48.56666666666667,-95.05833330000002
2020-06-09,3.0925181926409606,295.07500000000005,284.6125,1.0875000000000001,269.6875,0.825,0.00831625,6.0625,48.56666666666667,-95.05833330000002
2020-06-17,3.401193427917117,295.73749999999995,283.8,3.0875000000000004,267.5,0.61375,0.00935,4.65,48.56666666666667,-95.05833330000002
2020-06-25,3.5905119109501333,301.84999999999997,288.9375,2.575,294.52500000000003,0.8562500000000001,0.012965,4.1875,48.56666666666667,-95.05833330000002
2020-07-03,3.9110262283575,301.0625,288.3625,4.7625,288.13750000000005,0.7675,0.012839999999999999,3.1750000000000007,48.56666666666667,-95.05833330000002
2020-07-11,3.4205951703801487,299.76250000000005,287.0125,4.9,278.3125,0.7987500000000001,0.011176250000000002,4.3625,48.56666666666667,-95.05833330000002
2020-07-19,3.282705652384668,299.0875,286.65000000000003,2.8125,265.5375,0.69625,0.01165,4.3125,48.56666666666667,-95.05833330000002
2020-07-27,3.6025817328402505,298.4875,283.5875,0.25,278.35,0.7625000000000001,0.00962875,3.3375,48.56666666666667,-95.05833330000002
2020-08-04,3.5738496570788554,299.06250000000006,285.75,5.0125,258.02500000000003,0.8350000000000002,0.010132500000000003,3.6875,48.56666666666667,-95.05833330000002
2020-08-12,3.7545910861349427,298.15,284.47499999999997,2.75,231.3375,0.5900000000000001,0.011250000000000003,4.1375,48.56666666666667,-95.05833330000002
2020-08-20,3.4065443164926545,300.5875,285.33750000000003,0.2,219.48749999999998,0.6174999999999999,0.012410000000000003,2.6375,48.56666666666667,-95.05833330000002
2020-08-28,3.2545287675886048,293.59999999999997,280.75,4.8500000000000005,205.55,0.58375,0.0073925000000000015,5.675000000000001,48.56666666666667,-95.05833330000002
2020-09-05,2.0826646123588373,290.375,275.7875,0.18750000000000003,177.875,0.5187499999999999,0.00559875,4.9125000000000005,48.56666666666667,-95.05833330000002
2020-09-13,1.9927842754951084,289.75,275.275,0.0,170.3625,0.3975,0.006141250000000001,4.075,48.56666666666667,-95.05833330000002
2020-09-21,1.9301831664868903,292.78749999999997,279.65,0.36250000000000004,145.88750000000002,0.605,0.006928750000000001,5.2250000000000005,48.56666666666667,-95.05833330000002
2020-09-29,1.4999999999999998,285.7625,273.06250000000006,0.9375,138.8,0.41000000000000003,0.0042125,4.4125000000000005,48.56666666666667,-95.05833330000002
2020-10-07,1.2406648693401239,286.9,274.4375,3.5375,127.4375,0.44875,0.00452875,5.750000000000001,48.56666666666667,-95.05833330000002
2020-10-15,1.0028376698909813,274.0125,266.0875,0.5875,89.1875,0.15250000000000002,0.00229375,4.3875,48.56666666666667,-95.05833330000002
2020-10-23,0.8492401975594055,272.7625,264.36249999999995,0.5125000000000001,79.61250000000001,0.10875000000000001,0.0023037500000000002,4.7125,48.56666666666667,-95.05833330000002
2020-10-31,0.7550777629445808,286.6125,271.8625,0.0,93.92500000000001,0.5175,0.0036975,5.250000000000001,48.56666666666667,-95.05833330000002
2020-11-08,0.8840675015143541,276.5875,262.15,0.4,68.375,0.1475,0.0028337500000000003,6.062500000000001,48.56666666666667,-95.05833330000002
2020-11-16,1.0349895295581615,272.5375,263.3625,0.125,69.3875,0.11625,0.00214625,4.5,48.56666666666667,-95.05833330000002
2020-11-24,1.1056753397819628,273.7875,263.9,0.1875,60.2875,0.13625,0.0022487500000000003,4.625000000000001,48.56666666666667,-95.05833330000002
2020-12-02,1.227345496595909,274.65,265.975,0.08750000000000001,58.31250000000001,0.17875,0.0022487500000000003,2.9625000000000004,48.56666666666667,-95.05833330000002
2020-12-10,1.4433403136278924,269.26250000000005,260.8625,0.4125,50.0125,0.11000000000000001,0.0016962500000000003,3.6625000000000005,48.56666666666667,-95.05833330000002
2020-12-18,1.335758599211978,268.96250000000003,254.79999999999998,1.1,48.75,0.10000000000000002,0.0014000000000000002,5.3375,48.56666666666667,-95.05833330000002
2020-12-26,1.0301831664868901,266.56666666666666,255.1833333333333,0.7166666666666667,56.1,0.08,0.0012950000000000001,3.933333333333333,48.56666666666667,-95.05833330000002
2021-01-01,0.9275700407454593,275.375,263.6375,0.0,59.78750000000001,0.24374999999999997,0.0017625000000000002,3.5124999999999997,48.56666666666667,-95.05833330000002
2021-01-09,1.0489533348635174,274.0875,264.825,0.9875,57.525000000000006,0.215,0.0018537500000000001,3.5375000000000005,48.56666666666667,-95.05833330000002
2021-01-17,0.9085130096729439,266.3875,252.7625,0.4625,54.87499999999999,0.07875,0.0012225000000000003,4.762499999999999,48.56666666666667,-95.05833330000002
2021-01-25,0.5914246717807184,265.0625,254.90000000000003,0.15000000000000002,59.78750000000001,0.08375,0.0012512500000000002,3.125,48.56666666666667,-95.05833330000002
2021-02-02,0.5406648693401239,258.4125,249.7125,0.25,80.9125,0.058750000000000004,0.0008637500000000002,6.412500000000001,48.56666666666667,-95.05833330000002
2021-02-10,0.6216701568139463,253.575,238.0875,0.0,103.27500000000002,0.0325,0.0003387500000000001,2.8375000000000004,48.56666666666667,-95.05833330000002
2021-02-18,0.7378271994491425,273.525,261.1625,0.08750000000000001,119.38750000000002,0.23625,0.001535,4.112500000000001,48.56666666666667,-95.05833330000002
2021-02-26,0.8028376698909813,275.33750000000003,258.825,0.0,145.125,0.24125,0.0017275000000000003,4.075000000000001,48.56666666666667,-95.05833330000002
2021-03-06,0.981167513077035,282.1375,268.2625,0.0,172.2,0.44375000000000003,0.00251875,5.1499999999999995,48.56666666666667,-95.05833330000002
2021-03-14,1.0087375538224943,283.4625,269.7,0.35000000000000003,180.3,0.47125000000000006,0.0027050000000000004,4.862500000000001,48.56666666666667,-95.05833330000002
2021-03-22,1.0218323824171591,282.6125,268.425,0.1,191.9875,0.41500000000000004,0.0027025000000000005,4.9625,48.56666666666667,-95.05833330000002
2021-03-30,1.0783298431860537,283.8625,267.1375,0.0,205.9375,0.53875,0.0025537500000000005,5.4625,48.56666666666667,-95.05833330000002
2021-04-07,1.1811675130770354,279.875,273.9,6.4624999999999995,126.15,0.23999999999999996,0.00378,4.5375000000000005,48.56666666666667,-95.05833330000002
2021-04-15,1.1028376698909814,282.6375,269.3625,0.5,194.41250000000002,0.4425,0.0026850000000000003,4.6875,48.56666666666667,-95.05833330000002
2021-04-23,1.273748024264333,285.4625,270.5375,0.037500000000000006,243.31250000000003,0.49124999999999996,0.00336375,4.1625,48.56666666666667,-95.05833330000002
2021-05-01,1.2481466766991638,288.0125,271.3625,1.3875,235.32500000000002,0.58375,0.00367875,4.5625,48.56666666666667,-95.05833330000002
2021-05-09,1.6678481403328198,292.2,277.6375,0.0,272.6375,0.9674999999999999,0.0040375,3.8000000000000007,48.56666666666667,-95.05833330000002
2021-05-17,1.9764234685521018,296.2625,285.3,3.6375,241.22500000000002,0.8812499999999999,0.008767500000000001,5.000000000000001,48.56666666666667,-95.05833330000002
2021-05-25,2.1123442933672925,291.6,276.8625,1.0375,294.57500000000005,0.77,0.004857500000000001,5.1625000000000005,48.56666666666667,-95.05833330000002
2021-06-02,2.4270210453894836,303.3,288.0375,2.95,276.0,1.4549999999999998,0.010096250000000001,4.1375,48.56666666666667,-95.05833330000002
2021-06-10,2.7499469486668846,299.6375,285.47499999999997,0.275,298.26250000000005,1.065,0.00894375,4.637499999999999,48.56666666666667,-95.05833330000002
2021-06-18,2.817957314602917,296.45000000000005,281.98749999999995,1.6875000000000002,255.4,1.03,0.006552500000000001,4.025,48.56666666666667,-95.05833330000002
2021-06-26,3.1093443978730986,302.1125,286.77500000000003,0.5625,279.58750000000003,1.4887500000000002,0.00852875,2.3625000000000003,48.56666666666667,-95.05833330000002
2021-07-04,3.384711934075495,299.9,284.9875,0.0,286.27500000000003,1.2475,0.008230000000000001,3.3000000000000003,48.56666666666667,-95.05833330000002
2021-07-12,2.929894578033355,302.51250000000005,286.8875,0.5750000000000001,298.75,1.62375,0.007903750000000001,3.9750000000000005,48.56666666666667,-95.05833330000002
2021-07-20,3.4052245257252154,302.3375,288.63750000000005,0.8500000000000001,259.225,1.56625,0.009048750000000001,3.8625000000000003,48.56666666666667,-95.05833330000002
2021-07-28,3.1363637175049353,301.9125,285.9375,0.175,257.925,1.65125,0.00704,4.4125000000000005,48.56666666666667,-95.05833330000002
2021-08-05,3.0677840960288356,299.7125,286.7625,6.4750000000000005,256.375,1.1375000000000002,0.00913625,4.9125,48.56666666666667,-95.05833330000002
2021-08-13,3.183680731761591,304.21250000000003,289.36249999999995,5.15,242.225,1.7125000000000001,0.009875000000000002,6.0,48.56666666666667,-95.05833330000002
2021-08-21,2.944109383281709,294.3125,283.5375,6.375,195.5875,0.43,0.009475,4.7125,48.56666666666667,-95.05833330000002
2021-08-29,2.5367898015258823,294.625,282.76249999999993,2.6499999999999995,183.325,0.445,0.009272500000000001,4.237500000000001,48.56666666666667,-95.05833330000002
2021-09-06,2.4706858102238014,295.2875,281.46250000000003,1.4625000000000001,180.925,0.695,0.00775,4.45,48.56666666666667,-95.05833330000002
2021-09-14,2.1923559670377477,293.425,281.425,3.7,156.58750000000003,0.50375,0.00820125,5.5875,48.56666666666667,-95.05833330000002
2021-09-22,1.8490156534098552,296.05,281.8,0.0,166.95,0.9412500000000001,0.0068562499999999995,4.4750000000000005,48.56666666666667,-95.05833330000002
2021-09-30,1.5056753397819624,296.85,282.7875,0.2,128.0625,0.8087500000000001,0.008270000000000001,3.6625,48.56666666666667,-95.05833330000002
2021-10-08,1.4216701568139463,288.61249999999995,280.5625,8.775,103.525,0.24625000000000002,0.007616250000000001,4.7125,48.56666666666667,-95.05833330000002
2021-10-16,1.0754921732950724,285.6125,271.95,0.05,121.275,0.39625000000000005,0.004296250000000001,3.9625,48.56666666666667,-95.05833330000002
2021-10-24,1.0566596863721076,282.725,273.2625,3.1375,78.65000000000002,0.3112500000000001,0.0038937500000000005,4.7875,48.56666666666667,-95.05833330000002
2021-11-01,0.760877739819219,282.95,271.925,0.0,82.375,0.34625000000000006,0.0036412500000000004,4.4375,48.56666666666667,-95.05833330000002
2021-11-09,0.840664869340124,275.25,269.45000000000005,4.95,57.95,0.13999999999999999,0.0029575000000000005,5.4625,48.56666666666667,-95.05833330000002
2021-11-17,0.8435025392311053,272.675,263.0625,0.1125,56.8,0.11,0.00221125,6.112500000000001,48.56666666666667,-95.05833330000002
2021-11-25,0.6736857057179952,273.725,266.28749999999997,0.15000000000000002,59.62500000000001,0.185,0.0021525000000000003,4.2,48.56666666666667,-95.05833330000002
2021-12-03,0.9414339389939403,268.70000000000005,258.65,1.8125000000000002,55.96249999999999,0.115,0.0014812500000000004,4.9125,48.56666666666667,-95.05833330000002
2021-12-11,0.8556222884488468,271.16249999999997,262.2625,0.0,54.962500000000006,0.15625000000000003,0.0018575000000000002,4.875,48.56666666666667,-95.05833330000002
2021-12-19,1.1280522477033876,266.16249999999997,253.7,1.3875000000000002,49.4625,0.0925,0.0011412500000000001,4.3125,48.56666666666667,-95.05833330000002
2021-12-27,0.816863793742675,256.76000000000005,242.57999999999998,1.86,47.620000000000005,0.008,0.0007880000000000002,3.4,48.56666666666667,-95.05833330000002
2022-01-01,0.48951829714676615,258.675,243.57500000000002,0.7625,57.45,0.045,0.0006050000000000001,4.9750000000000005,48.56666666666667,-95.05833330000002
2022-01-09,0.7875496039664763,264.53749999999997,251.075,0.675,65.4875,0.11125000000000002,0.00080125,4.437499999999999,48.56666666666667,-95.05833330000002
2022-01-17,0.6301831664868902,261.2125,245.67499999999998,0.5625,65.8,0.06375,0.0007700000000000001,5.137500000000001,48.56666666666667,-95.05833330000002
2022-01-25,0.46042865152011797,265.1,250.075,0.36250000000000004,77.3375,0.0825,0.0009587500000000001,5.0375,48.56666666666667,-95.05833330000002
2022-02-02,0.3923559670377475,263.1625,249.75,1.35,72.55,0.0825,0.00096,4.55,48.56666666666667,-95.05833330000002
2022-02-10,0.6000000000000001,261.1,243.525,1.6875,92.4375,0.056249999999999994,0.00073625,4.537500000000001,48.56666666666667,-95.05833330000002
2022-02-18,0.45075980244059444,261.1,243.1125,0.9375,110.775,0.0675,0.0005975,5.45,48.56666666666667,-95.05833330000002
2022-02-26,0.42450782670492754,269.09999999999997,255.14999999999998,0.037500000000000006,133.07500000000002,0.12,0.0012587499999999999,3.45,48.56666666666667,-95.05833330000002
2022-03-06,0.5085130096729439,267.1625,251.9375,0.25,147.88750000000002,0.0675,0.00126125,5.550000000000001,48.56666666666667,-95.05833330000002
2022-03-14,0.5028376698909813,281.6,268.50000000000006,0.1625,185.1875,0.41374999999999995,0.0024475,3.3625,48.56666666666667,-95.05833330000002
2022-03-22,0.5,274.675,263.975,0.125,186.8875,0.21375,0.0020650000000000004,5.2,48.56666666666667,-95.05833330000002
2022-03-30,0.48400518296801637,276.7875,269.0875,3.05,184.25000000000003,0.19624999999999998,0.0028125,4.6625000000000005,48.56666666666667,-95.05833330000002
2022-04-07,0.6216701568139463,278.225,268.5625,3.975,185.90000000000003,0.22875,0.00282625,5.125000000000001,48.56666666666667,-95.05833330000002
2022-04-15,0.8435025392311053,276.5375,265.875,3.7750000000000004,184.9,0.18125000000000002,0.0026425000000000003,5.25,48.56666666666667,-95.05833330000002
2022-04-23,0.5912001276311679,280.25,270.625,7.1875,194.16250000000002,0.27875000000000005,0.0032737499999999998,5.15,48.56666666666667,-95.05833330000002
2022-05-01,1.1623350261540704,288.0625,276.8375,1.25,237.86249999999998,0.59875,0.00466375,5.199999999999999,48.56666666666667,-95.05833330000002
2022-05-09,1.0782675246397162,290.55,279.925,6.775,238.31250000000003,0.535,0.006251250000000001,6.4125,48.56666666666667,-95.05833330000002
2022-05-17,1.705675339781963,287.9,279.0625,1.9875,234.12500000000003,0.5525000000000001,0.005090000000000001,4.0375000000000005,48.56666666666667,-95.05833330000002
2022-05-25,1.4012950607316388,293.2625,283.025,6.175,244.625,0.56625,0.007977500000000002,4.35,48.56666666666667,-95.05833330000002
2022-06-02,2.0516910976976237,292.35,278.49999999999994,0.0,273.0,0.6537499999999999,0.0059275000000000005,3.6500000000000004,48.56666666666667,-95.05833330000002
2022-06-10,2.746240302065212,296.27500000000003,286.29999999999995,1.4625000000000001,263.1875,0.6112500000000001,0.010091250000000001,4.937500000000001,48.56666666666667,-95.05833330000002
2022-06-18,3.1612039167832915,300.75,288.125,6.3999999999999995,274.25,0.81,0.01266625,5.7749999999999995,48.56666666666667,-95.05833330000002
2022-06-26,3.395031411325516,295.51250000000005,281.725,1.7500000000000002,279.275,0.6875,0.00798125,4.525,48.56666666666667,-95.05833330000002
2022-07-04,3.104538034801827,298.4,287.13750000000005,1.4500000000000002,269.7125,0.50375,0.012256250000000002,3.45,48.56666666666667,-95.05833330000002
2022-07-12,3.410864002754287,300.9875,287.3,1.5000000000000002,261.52500000000003,0.5924999999999999,0.013526249999999998,3.0625,48.56666666666667,-95.05833330000002
2022-07-20,3.765072788988177,297.975,285.41249999999997,4.5375000000000005,248.37500000000003,0.64875,0.01058125,4.7749999999999995,48.56666666666667,-95.05833330000002
2022-07-28,3.6287651944202235,297.375,284.78749999999997,0.5875000000000001,240.925,0.5387500000000001,0.010770000000000002,4.575,48.56666666666667,-95.05833330000002
2022-08-05,3.6733612545115704,296.6375,282.5125,0.0,227.13750000000002,0.52625,0.009837500000000002,4.0125,48.56666666666667,-95.05833330000002
2022-08-13,3.7245078267049276,298.175,285.8375,8.05,210.21250000000003,0.3925,0.012378750000000003,2.6625,48.56666666666667,-95.05833330000002
2022-08-21,3.551691097697624,297.75,285.1875,3.1500000000000004,210.08750000000003,0.47000000000000003,0.011555000000000001,3.4125,48.56666666666667,-95.05833330000002
2022-08-29,3.2433403136278924,296.4875,282.51250000000005,1.075,215.39999999999998,0.63,0.009246250000000003,4.775,48.56666666666667,-95.05833330000002
2022-09-06,3.03859626910296,296.33750000000003,276.9125,0.037500000000000006,190.7375,0.6225,0.00787875,3.8375000000000004,48.56666666666667,-95.05833330000002
2022-09-14,2.540278099587361,292.0875,281.925,4.1625000000000005,148.75000000000003,0.23249999999999998,0.009388750000000001,4.4,48.56666666666667,-95.05833330000002
2022-09-22,1.8245078267049275,288.37499999999994,275.65,1.975,146.43750000000003,0.40125,0.00554,4.6000000000000005,48.56666666666667,-95.05833330000002
2022-09-30,1.502837669890981,290.56250000000006,279.325,0.05,123.60000000000001,0.56125,0.006370000000000001,4.550000000000001,48.56666666666667,-95.05833330000002
2022-10-08,1.3264765198852175,284.775,274.2375,2.9625000000000004,110.93750000000001,0.41750000000000004,0.0042525,5.050000000000001,48.56666666666667,-95.05833330000002
2022-10-24,1.0566596863721076,285.72499999999997,273.43750000000006,0.23750000000000002,104.22500000000001,0.43500000000000005,0.004143750000000001,5.362500000000001,48.56666666666667,-95.05833330000002
2022-11-01,0.9566596863721075,282.5625,272.225,0.15000000000000002,82.3875,0.435,0.00338,5.887500000000001,48.56666666666667,-95.05833330000002
2022-11-09,0.9056753397819626,271.5625,266.4125,2.525,44.85000000000001,0.07875,0.0024837500000000003,4.4875,48.56666666666667,-95.05833330000002
2022-11-17,0.6142506680012443,271.95,262.4625,0.3125,70.97500000000001,0.1525,0.0019075000000000001,4.987500000000001,48.56666666666667,-95.05833330000002
2022-11-25,0.6227636776741882,272.3125,260.625,0.275,57.8125,0.12,0.0020950000000000005,5.1000000000000005,48.56666666666667,-95.05833330000002
2022-12-03,0.855559969902509,264.9,251.53749999999997,0.36250000000000004,50.7875,0.05875,0.0013162500000000001,4.2875000000000005,48.56666666666667,-95.05833330000002
2022-12-11,0.5734611615684448,269.7375,264.5625,3.1750000000000003,44.075,0.13499999999999998,0.0019675000000000005,5.4,48.56666666666667,-95.05833330000002
2022-12-19,0.5,254.61249999999998,244.325,1.5875000000000001,48.087500000000006,0.0175,0.0005675000000000001,5.45,48.56666666666667,-95.05833330000002
2022-12-27,0.3056753397819626,267.76,260.02,0.0,55.2,0.078,0.0015540000000000003,3.9200000000000004,48.56666666666667,-95.05833330000002
