date,LAI,tmmx,tmmn,pr,srad,vpd,sph,vs,lat,lon
2000-02-18,0.2,278.55,266.7375,0.0,117.0875,0.26875000000000004,0.00264125,3.4250000000000003,48.900000000000006,-95.59999996666669
2000-02-26,0.3204607104803402,280.41249999999997,269.7875,0.0,132.7375,0.24875,0.003237500000000001,4.6125,48.900000000000006,-95.59999996666669
2000-03-05,0.3204607104803402,279.44999999999993,267.08750000000003,0.07500000000000001,156.225,0.3550000000000001,0.0027512500000000002,3.900000000000001,48.900000000000006,-95.59999996666669
2000-03-13,0.3451358965891855,275.0375,264.1,0.0,168.875,0.25375000000000003,0.0019100000000000002,4.25,48.900000000000006,-95.59999996666669
2000-03-21,0.4204607104803401,283.28749999999997,272.62500000000006,2.4125000000000005,157.2625,0.3175,0.003965000000000001,5.05,48.900000000000006,-95.59999996666669
2000-03-29,0.34659549780274723,282.38750000000005,271.15,2.625,169.8625,0.3225,0.00338875,4.575,48.900000000000006,-95.59999996666669
2000-04-06,0.40145960121356183,278.35,268.01250000000005,0.0,180.3375,0.3037500000000001,0.00229375,4.449999999999999,48.900000000000006,-95.59999996666669
2000-04-14,0.5261347873224071,282.4125,267.95,0.0625,251.0,0.41875,0.0027087500000000007,3.8875,48.900000000000006,-95.59999996666669
2000-04-22,0.6000000000000002,291.8125,276.96250000000003,0.0,261.6125,0.735,0.00487,4.0375,48.900000000000006,-95.59999996666669
2000-04-30,0.805674076842067,295.31250000000006,280.35,1.8625,235.225,0.7962499999999999,0.0069187499999999996,3.8375,48.900000000000006,-95.59999996666669
2000-05-08,0.9795392895196601,287.4,275.9125,2.4875,213.25,0.365,0.00539625,4.1375,48.900000000000006,-95.59999996666669
2000-05-16,1.0711103382626495,292.1375,278.725,2.1375,242.875,0.65125,0.005956250000000001,3.8875,48.900000000000006,-95.59999996666669
2000-05-24,1.2881325687888507,291.93750000000006,278.4625,0.08750000000000001,274.0625,0.5950000000000001,0.006061250000000001,4.425000000000001,48.900000000000006,-95.59999996666669
2000-06-01,1.640241797784722,293.48749999999995,281.6625,0.6375000000000001,250.56250000000003,0.7849999999999999,0.006477500000000001,3.4875,48.900000000000006,-95.59999996666669
2000-06-09,1.8345677209426547,293.25,283.11250000000007,9.825000000000001,211.175,0.425,0.009095,4.862500000000001,48.900000000000006,-95.59999996666669
2000-06-17,2.012647409248753,294.075,285.15,8.512500000000001,225.5875,0.475,0.00951375,3.962500000000001,48.900000000000006,-95.59999996666669
2000-06-25,2.2930306499565516,295.3875,284.47499999999997,0.525,265.77500000000003,0.60375,0.0091925,4.000000000000001,48.900000000000006,-95.59999996666669
2000-07-03,2.3191654372789587,298.725,287.725,3.75,279.95,0.39625,0.013565,3.3375000000000004,48.900000000000006,-95.59999996666669
2000-07-11,2.7052227548288243,297.2875,285.13750000000005,2.5000000000000004,285.9875,0.6387499999999999,0.010582500000000002,4.25,48.900000000000006,-95.59999996666669
2000-07-19,2.691895722404113,298.47499999999997,286.7875,0.0,246.53750000000002,0.80625,0.01037875,3.6500000000000004,48.900000000000006,-95.59999996666669
2000-07-27,2.5108968316708915,302.77500000000003,288.66249999999997,0.0,270.07500000000005,1.2625000000000002,0.011011250000000002,2.975,48.900000000000006,-95.59999996666669
2000-08-04,2.3006836055391964,298.98749999999995,288.35,4.1375,222.575,0.6174999999999999,0.0124275,3.5875000000000004,48.900000000000006,-95.59999996666669
2000-08-12,1.9909553987175665,295.6625,284.2375,2.8,222.97500000000005,0.39125,0.010557500000000001,4.1625000000000005,48.900000000000006,-95.59999996666669
2000-08-20,2.0177058360653968,298.45,285.875,4.1375,214.15000000000003,0.5925,0.011285000000000002,4.025,48.900000000000006,-95.59999996666669
2000-08-28,1.6975697992461798,291.72499999999997,281.5,6.2625,158.75,0.23375,0.008953750000000002,4.237500000000001,48.900000000000006,-95.59999996666669
2000-09-05,1.5438406233878037,295.525,281.225,0.5875,184.6,0.76875,0.0073012500000000004,5.65,48.900000000000006,-95.59999996666669
2000-09-13,1.401459601213562,292.3,279.625,2.1500000000000004,157.3625,0.7325,0.0058962500000000004,3.95,48.900000000000006,-95.59999996666669
2000-09-21,1.2548641034108148,285.5,274.65,2.9250000000000003,126.5875,0.36875,0.0046125,3.500000000000001,48.900000000000006,-95.59999996666669
2000-09-29,0.9605381802528817,285.925,274.575,1.1625,113.3375,0.51375,0.004254999999999999,4.0875,48.900000000000006,-95.59999996666669
2000-10-07,0.6795392895196601,286.4625,272.8125,0.17500000000000002,125.51249999999999,0.53125,0.0036850000000000008,3.6125,48.900000000000006,-95.59999996666669
2000-10-15,0.57953928951966,289.6625,275.6625,0.0,117.46249999999999,0.6224999999999999,0.0044912500000000005,3.875,48.900000000000006,-95.59999996666669
2000-10-23,0.405674076842067,285.7375,276.05,6.2875,71.97500000000001,0.26,0.00556375,4.575,48.900000000000006,-95.59999996666669
2000-10-31,0.2261347873224071,281.4125,273.78749999999997,9.662500000000001,47.55,0.125,0.004845,4.5,48.900000000000006,-95.59999996666669
2000-11-08,0.3190011092667784,272.375,266.8875,1.0250000000000001,49.175,0.11624999999999999,0.0023437500000000003,3.8375000000000004,48.900000000000006,-95.59999996666669
2000-11-16,0.22192031169390186,267.425,261.08750000000003,0.05,59.92500000000001,0.09624999999999999,0.0014600000000000001,4.1875,48.900000000000006,-95.59999996666669
2000-11-24,0.22192031169390186,269.7125,261.575,0.2,60.53750000000001,0.07375,0.00186625,2.8500000000000005,48.900000000000006,-95.59999996666669
2000-12-02,0.1553531050841177,262.73749999999995,252.55,0.0,51.4625,0.04625,0.0010512499999999999,4.8125,48.900000000000006,-95.59999996666669
2000-12-10,0.2220846397060819,256.225,245.66250000000002,1.6875,56.0375,0.03,0.0005562500000000001,3.3875,48.900000000000006,-95.59999996666669
2000-12-18,0.1262991153345871,255.95000000000002,245.725,0.7749999999999999,46.5,0.01875,0.00060875,3.7,48.900000000000006,-95.59999996666669
2000-12-26,0.22337991290746362,256.9166666666667,247.51666666666665,0.0,52.45000000000001,0.028333333333333335,0.0006183333333333335,2.4,48.900000000000006,-95.59999996666669
2001-01-01,0.10145960121356176,266.675,258.2,0.45000000000000007,56.275,0.08499999999999999,0.0013862500000000003,3.4500000000000006,48.900000000000006,-95.59999996666669
2001-01-09,0.1753248138911547,268.5875,259.5375,0.2625,68.8875,0.095,0.0014925000000000003,2.6999999999999997,48.900000000000006,-95.59999996666669
2001-01-17,0.10145960121356176,265.975,253.03749999999997,0.4,70.56250000000001,0.07875000000000001,0.00109,3.9875000000000007,48.900000000000006,-95.59999996666669
2001-01-25,0.10145960121356176,266.5125,254.21249999999998,0.0,81.00000000000001,0.08125,0.0011912500000000003,4.300000000000001,48.900000000000006,-95.59999996666669
2001-02-02,0.02759438853596884,264.6,252.89999999999998,0.325,88.91250000000001,0.051250000000000004,0.00115375,3.5125,48.900000000000006,-95.59999996666669
2001-02-10,0.10145960121356176,261.3,248.83750000000003,0.30000000000000004,110.9,0.04625,0.0008162500000000001,3.8500000000000005,48.900000000000006,-95.59999996666669
2001-02-18,0.10145960121356176,262.8125,250.12500000000003,1.9875,123.625,0.045000000000000005,0.0009562500000000002,4.7,48.900000000000006,-95.59999996666669
2001-02-26,0.1,269.7875,256.1875,0.05,158.525,0.10375000000000001,0.0015300000000000001,3.462500000000001,48.900000000000006,-95.59999996666669
2001-03-06,0.026134787322407087,273.58750000000003,262.8,0.0,156.47500000000002,0.12,0.0021725000000000004,3.9875000000000003,48.900000000000006,-95.59999996666669
2001-03-14,0.10145960121356176,276.1625,265.725,0.05,198.27500000000003,0.15,0.002605,3.0500000000000003,48.900000000000006,-95.59999996666669
2001-03-22,0.1204607104803401,270.52500000000003,260.96250000000003,0.037500000000000006,186.5375,0.115,0.00179625,4.3375,48.900000000000006,-95.59999996666669
2001-03-30,0.205674076842067,278.575,271.65000000000003,2.275,158.625,0.135,0.0038362500000000003,3.0125,48.900000000000006,-95.59999996666669
2001-04-07,0.24513589658918544,281.675,273.0875,5.775,142.15,0.16875,0.00443,4.825,48.900000000000006,-95.59999996666669
2001-04-15,0.4261347873224071,282.1125,270.87500000000006,0.42500000000000004,210.01250000000002,0.29250000000000004,0.0037625000000000002,4.55,48.900000000000006,-95.59999996666669
2001-04-23,0.5985403987864384,291.6125,278.5875,0.48750000000000004,262.02500000000003,0.7537499999999999,0.00517375,5.2125,48.900000000000006,-95.59999996666669
2001-05-01,0.7000000000000002,290.7875,278.3625,2.1500000000000004,237.32500000000002,0.5762499999999999,0.0056700000000000006,5.075,48.900000000000006,-95.59999996666669
2001-05-09,0.9548641034108147,295.275,281.375,1.3125000000000002,273.96250000000003,0.79625,0.00743125,4.025,48.900000000000006,-95.59999996666669
2001-05-17,1.153404502197253,289.3125,280.02500000000003,4.4750000000000005,201.52500000000003,0.47625,0.006512500000000001,5.8375,48.900000000000006,-95.59999996666669
2001-05-25,1.3548641034108149,293.0625,282.26250000000005,6.675,245.42499999999998,0.495,0.007963750000000002,3.6874999999999996,48.900000000000006,-95.59999996666669
2001-06-02,1.5809988907332218,293.20000000000005,282.72499999999997,2.6000000000000005,242.4,0.5975,0.0076525000000000004,3.0375,48.900000000000006,-95.59999996666669
2001-06-10,1.7162462348518353,293.6625000000001,283.1875,1.3125,227.6875,0.46125,0.008937500000000001,3.6125000000000003,48.900000000000006,-95.59999996666669
2001-07-04,2.399029400459742,298.46250000000003,285.5875,0.41250000000000003,300.0625,0.89375,0.009571250000000002,3.45,48.900000000000006,-95.59999996666669
2001-07-12,2.584762044348484,301.25,291.21250000000003,3.2,244.32500000000002,0.735,0.014175,2.5125,48.900000000000006,-95.59999996666669
2001-07-20,2.82989794093767,299.7375,289.2125,3.5250000000000004,236.95000000000002,0.78875,0.01228875,3.725,48.900000000000006,-95.59999996666669
2001-07-28,2.5703000843713344,301.625,289.59999999999997,8.125,251.2125,0.4675,0.015596249999999999,3.55,48.900000000000006,-95.59999996666669
2001-08-05,2.82989794093767,300.00000000000006,288.175,8.675,250.3125,0.7662500000000001,0.01261625,3.9000000000000004,48.900000000000006,-95.59999996666669
2001-08-13,2.194814924831236,297.3125,284.5125,3.375,227.375,0.5225,0.01065625,3.5250000000000004,48.900000000000006,-95.59999996666669
2001-08-21,2.4108968316708914,300.91249999999997,286.29999999999995,0.17500000000000002,228.275,0.9900000000000001,0.01046,3.8875,48.900000000000006,-95.59999996666669
2001-08-29,2.1699754107102107,300.4375,282.84999999999997,0.0,193.41250000000002,1.1625,0.008715,4.875,48.900000000000006,-95.59999996666669
2001-09-06,1.8085932792691906,291.94999999999993,281.775,3.3124999999999996,146.1,0.445,0.008136250000000001,3.9125000000000005,48.900000000000006,-95.59999996666669
2001-09-14,1.3199414329533248,291.0625,281.2125,0.1875,127.21250000000002,0.25125,0.008436250000000001,2.65,48.900000000000006,-95.59999996666669
2001-09-22,1.3548641034108149,290.55,275.575,1.2625000000000002,156.3375,0.515,0.00568375,3.6625,48.900000000000006,-95.59999996666669
2001-09-30,0.9619977814664435,286.525,274.6625,0.775,122.82500000000002,0.44375,0.0046749999999999995,4.075,48.900000000000006,-95.59999996666669
2001-10-08,0.85907857903932,286.66249999999997,276.0375,2.4625000000000004,106.0125,0.32625,0.00537875,4.4625,48.900000000000006,-95.59999996666669
2001-10-16,0.653404502197253,282.6375,272.95,0.6250000000000001,98.36250000000001,0.2725,0.003997500000000001,4.325,48.900000000000006,-95.59999996666669
2001-10-24,0.5780796883060983,275.78749999999997,269.2125,1.7625,74.3,0.005,0.00390625,5.9375,48.900000000000006,-95.59999996666669
2001-11-01,0.3985403987864383,282.4125000000001,273.1,0.1875,80.72500000000001,0.2025,0.004416250000000001,4.7875000000000005,48.900000000000006,-95.59999996666669
2001-11-09,0.3000000000000001,283.425,271.97499999999997,0.0,78.32500000000002,0.20375,0.00449875,3.2375,48.900000000000006,-95.59999996666669
2001-11-17,0.3000000000000001,278.9875,271.16249999999997,0.36250000000000004,57.075,0.11125,0.003985,3.6,48.900000000000006,-95.59999996666669
2001-11-25,0.3000000000000001,271.65,265.25,1.0500000000000003,42.85,0.0425,0.00259375,5.2375,48.900000000000006,-95.59999996666669
2001-12-03,0.2204607104803401,271.325,262.875,1.2625000000000002,54.85,0.045,0.0023762500000000003,3.5375,48.900000000000006,-95.59999996666669
2001-12-11,0.2204607104803401,272.1625,262.725,0.8500000000000001,52.775000000000006,0.021249999999999998,0.0026400000000000004,3.8,48.900000000000006,-95.59999996666669
2001-12-19,0.13946181974711844,264.825,256.40000000000003,0.1375,52.975,0.035,0.0013987500000000003,3.8874999999999993,48.900000000000006,-95.59999996666669
2001-12-27,0.2204607104803401,262.8,256.14,0.1,39.480000000000004,0.057999999999999996,0.001088,4.36,48.900000000000006,-95.59999996666669
2002-01-01,0.24238102217424196,267.9,258.6375,0.0,57.7625,0.0575,0.001685,3.7,48.900000000000006,-95.59999996666669
2002-01-09,0.2438406233878037,271.4,264.075,0.08750000000000001,62.83750000000001,0.07125000000000001,0.002265,3.5,48.900000000000006,-95.59999996666669
2002-01-25,0.14238102217424192,262.0875,251.0125,0.05,86.4625,0.05625,0.00086375,2.4125,48.900000000000006,-95.59999996666669
2002-02-02,0.12192031169390186,270.5625,256.2,0.0,96.9375,0.0875,0.00167125,3.7250000000000005,48.900000000000006,-95.59999996666669
2002-02-10,0.12192031169390186,275.375,263.5875,0.28750000000000003,102.80000000000001,0.15125,0.00234,4.725000000000001,48.900000000000006,-95.59999996666669
2002-02-18,0.11900110926677834,273.75,263.7125,0.08750000000000001,110.7875,0.13125,0.00221125,3.8875000000000006,48.900000000000006,-95.59999996666669
2002-02-26,0.11900110926677834,263.96250000000003,251.325,0.08750000000000001,142.75,0.07,0.0009025000000000001,4.2625,48.900000000000006,-95.59999996666669
2002-03-06,0.1,267.27500000000003,256.4375,1.3375000000000001,141.22500000000002,0.09875,0.0012525,4.5874999999999995,48.900000000000006,-95.59999996666669
2002-03-14,0.09854039878643826,272.32500000000005,261.35,0.3125,153.3,0.16875,0.00166,4.15,48.900000000000006,-95.59999996666669
2002-03-22,0.3000000000000001,274.175,261.23749999999995,0.225,191.97500000000005,0.1925,0.0018499999999999999,5.112500000000001,48.900000000000006,-95.59999996666669
2002-03-30,0.3190011092667784,273.02500000000003,264.54999999999995,0.0,131.6875,0.1175,0.00222,4.1625,48.900000000000006,-95.59999996666669
2002-04-07,0.4,285.0375,272.09999999999997,0.2,210.25,0.39375,0.00443125,3.5625,48.900000000000006,-95.59999996666669
2002-04-15,0.3970807975728765,285.76250000000005,273.6125,0.9625,195.3625,0.4875,0.004163750000000001,4.5375,48.900000000000006,-95.59999996666669
2002-04-23,0.4928663219443713,282.8375,270.325,3.0875,209.9875,0.38,0.0031750000000000003,5.137500000000001,48.900000000000006,-95.59999996666669
2002-05-01,0.5232155848952836,282.75,270.82500000000005,3.625,198.175,0.385,0.00308875,5.45,48.900000000000006,-95.59999996666669
2002-05-09,0.5,286.33750000000003,273.46250000000003,0.4375,220.37500000000003,0.43500000000000005,0.0042137500000000005,5.2875000000000005,48.900000000000006,-95.59999996666669
2002-05-17,0.85907857903932,287.5375,274.40000000000003,0.1875,236.85000000000002,0.5675,0.0039725,4.550000000000001,48.900000000000006,-95.59999996666669
2002-05-25,0.7895921700024123,297.9625,282.9,3.325,275.075,1.16875,0.006760000000000002,4.3875,48.900000000000006,-95.59999996666669
2002-06-02,1.2895921700024124,294.2125,282.65000000000003,6.0375000000000005,239.5375,0.73625,0.0072562500000000005,4.4,48.900000000000006,-95.59999996666669
2002-06-10,1.6157269573248194,294.7625,283.275,17.662500000000005,263.2875,0.63,0.00821375,3.625,48.900000000000006,-95.59999996666669
2002-06-18,1.8679965319696337,299.7,289.05,7.062500000000001,252.3625,0.8075000000000001,0.01178375,3.8374999999999995,48.900000000000006,-95.59999996666669
2002-06-26,2.3842427668214685,302.45000000000005,290.05,1.6,298.9375,1.0775000000000001,0.0125825,4.25,48.900000000000006,-95.59999996666669
2002-07-04,2.437971942679845,298.625,287.05,5.062499999999999,266.3125,0.5487500000000001,0.012150000000000001,3.9625000000000004,48.900000000000006,-95.59999996666669
2002-07-12,2.744165297048927,302.8125,289.9,0.55,296.4875,0.8500000000000001,0.013970000000000003,3.1500000000000004,48.900000000000006,-95.59999996666669
2002-07-20,2.5850867180096078,299.6875,288.175,1.5125000000000002,250.1375,0.6612499999999999,0.012603750000000002,3.6500000000000004,48.900000000000006,-95.59999996666669
2002-07-28,2.7735742363132934,298.23750000000007,286.84999999999997,2.6375,261.0125,0.8275000000000001,0.01005375,3.9125,48.900000000000006,-95.59999996666669
2002-08-05,2.5612178034288404,298.3,286.8625,4.7875,242.55,0.5275000000000001,0.01207625,4.575,48.900000000000006,-95.59999996666669
2002-08-13,2.61971100829645,294.27500000000003,283.35,5.2875000000000005,206.5625,0.495,0.008932500000000001,4.6875,48.900000000000006,-95.59999996666669
2002-08-21,2.304442776791221,298.85,287.16249999999997,3.9125,220.47500000000002,0.61125,0.011828749999999999,2.9375,48.900000000000006,-95.59999996666669
2002-08-29,2.116108200330131,298.65000000000003,287.325,2.575,201.71250000000003,0.54,0.01232375,4.7125,48.900000000000006,-95.59999996666669
2002-09-06,2.0818428419213606,299.32500000000005,285.9375,1.575,177.38750000000005,0.8725000000000002,0.010335,3.5875,48.900000000000006,-95.59999996666669
2002-09-14,1.6628417326545821,294.0125,280.87500000000006,1.9375,167.26250000000002,0.7025,0.007037500000000001,5.0375,48.900000000000006,-95.59999996666669
2002-09-22,1.4261347873224073,284.50000000000006,276.15,0.1625,122.31250000000001,0.39625000000000005,0.00424625,3.6375,48.900000000000006,-95.59999996666669
2002-09-30,1.1,283.8875,273.75,1.0499999999999998,114.93750000000003,0.34750000000000003,0.0042975,4.05,48.900000000000006,-95.59999996666669
2002-10-08,0.6493503722176908,282.4875,271.3625,0.3875,101.1875,0.29500000000000004,0.00398375,5.3500000000000005,48.900000000000006,-95.59999996666669
2002-10-16,0.5605381802528817,272.35,266.7875,0.4,72.67500000000001,0.08875000000000001,0.00249875,3.2,48.900000000000006,-95.59999996666669
2002-10-24,0.5042144756285053,271.40000000000003,264.9875,0.9625000000000001,68.0625,0.01875,0.0026925,3.8750000000000004,48.900000000000006,-95.59999996666669
2002-11-01,0.42467518610884536,273.90000000000003,265.5125,0.0,63.27500000000001,0.09749999999999999,0.0025550000000000004,3.6,48.900000000000006,-95.59999996666669
2002-11-09,0.3451358965891855,271.925,263.82500000000005,0.41250000000000003,57.7625,0.09499999999999999,0.0021950000000000003,3.0875,48.900000000000006,-95.59999996666669
2002-11-17,0.3493503722176907,273.5,265.925,0.3625,55.35000000000001,0.09624999999999999,0.00252125,4.437500000000001,48.900000000000006,-95.59999996666669
2002-11-25,0.4394618197471185,267.8875,257.7625,0.0,54.2125,0.07250000000000001,0.0015100000000000003,4.112500000000001,48.900000000000006,-95.59999996666669
2002-12-03,0.46689188027090733,265.9,256.175,0.0,59.287499999999994,0.07,0.0013000000000000002,3.4875000000000003,48.900000000000006,-95.59999996666669
2002-12-11,0.5451358965891855,273.2875,265.7,1.125,49.2,0.10375,0.0024612500000000003,4.2250000000000005,48.900000000000006,-95.59999996666669
2002-12-19,0.3451358965891855,268.8,260.3125,0.6875000000000001,46.65,0.08,0.0017237499999999998,4.4625,48.900000000000006,-95.59999996666669
2002-12-27,0.3190011092667784,270.21999999999997,260.38,0.0,55.06000000000002,0.122,0.001558,3.9400000000000004,48.900000000000006,-95.59999996666669
2003-01-01,0.16524165755468995,271.11249999999995,260.6,0.225,61.025,0.12250000000000003,0.0017087500000000002,3.9750000000000005,48.900000000000006,-95.59999996666669
2003-01-09,0.2014293253598493,260.88750000000005,251.60000000000002,0.0,67.2125,0.08500000000000002,0.00066625,4.7875000000000005,48.900000000000006,-95.59999996666669
2003-01-17,0.15956758071262295,258.675,249.79999999999998,0.08750000000000001,62.78750000000001,0.0625,0.00055875,4.0875,48.900000000000006,-95.59999996666669
2003-01-25,0.15097430144343243,264.1875,253.50000000000003,0.45000000000000007,81.22500000000002,0.08375,0.0009837500000000002,3.7375000000000007,48.900000000000006,-95.59999996666669
2003-02-02,0.1290539897495306,263.85,251.6625,0.0,89.12500000000001,0.09625,0.000835,4.5125,48.900000000000006,-95.59999996666669
2003-02-10,0.12759438853596886,261.71250000000003,249.52500000000003,0.36250000000000004,117.525,0.0825,0.00069125,3.9125000000000005,48.900000000000006,-95.59999996666669
2003-02-18,0.12759438853596886,262.625,250.4625,0.48750000000000004,114.35,0.08625000000000001,0.00073875,3.7125000000000004,48.900000000000006,-95.59999996666669
2003-02-26,0.1465954978027472,263.075,248.0125,0.0,133.4125,0.08875000000000001,0.0006700000000000001,3.4125000000000005,48.900000000000006,-95.59999996666669
2003-03-06,0.2204607104803401,263.7625,249.7125,0.0625,158.8875,0.09875,0.0007300000000000002,4.1125,48.900000000000006,-95.59999996666669
2003-03-14,0.2465954978027472,279.475,269.475,0.08750000000000001,189.8,0.2925,0.0027037500000000004,3.1125000000000007,48.900000000000006,-95.59999996666669
2003-03-22,0.3204607104803402,281.7625,272.575,1.95,143.8625,0.4575,0.0026662500000000002,4.775,48.900000000000006,-95.59999996666669
2003-03-30,0.3261347873224072,274.90000000000003,266.1,0.5,150.8625,0.23374999999999996,0.00202875,4.5875,48.900000000000006,-95.59999996666669
2003-04-07,0.4261347873224071,288.8,272.2875,0.0,250.7625,0.6875,0.0034912500000000004,4.8125,48.900000000000006,-95.59999996666669
2003-04-15,0.3261347873224072,286.1625,272.525,2.0,233.525,0.52875,0.0034175,4.887499999999999,48.900000000000006,-95.59999996666669
2003-04-23,0.5190011092667784,289.4875,275.01250000000005,0.36250000000000004,239.52500000000003,0.7450000000000001,0.003598750000000001,3.85,48.900000000000006,-95.59999996666669
2003-05-01,0.8014596012135619,291.8625,277.175,0.7250000000000001,253.625,0.8262500000000002,0.00431125,4.5875,48.900000000000006,-95.59999996666669
2003-05-09,0.8261347873224072,291.3625,278.85,0.9875,247.24999999999997,0.78625,0.00486125,4.475,48.900000000000006,-95.59999996666669
2003-05-17,1.2204607104803404,291.1125,278.7875,5.4,219.0875,0.57875,0.00587,3.95,48.900000000000006,-95.59999996666669
2003-05-25,1.5248395141210254,296.3625,281.6625,1.1125,284.63750000000005,1.0625,0.005985000000000001,3.625,48.900000000000006,-95.59999996666669
2003-06-02,1.9001643280121803,293.38749999999993,283.44999999999993,5.975,214.16249999999997,0.5787500000000001,0.007930000000000001,2.5625000000000004,48.900000000000006,-95.59999996666669
2003-06-10,2.30016432801218,299.11249999999995,285.65,2.5,283.33750000000003,0.93125,0.00958875,2.95,48.900000000000006,-95.59999996666669
2003-06-18,2.513491360436892,298.98749999999995,285.65,4.15,256.175,0.925,0.009678750000000002,4.65,48.900000000000006,-95.59999996666669
2003-06-26,2.6959498523836753,297.6,284.9625,1.925,272.3,0.6437499999999999,0.010497500000000002,3.750000000000001,48.900000000000006,-95.59999996666669
2003-07-04,2.4643013338681445,294.85,284.6125,0.4,218.075,0.54875,0.00929375,4.075,48.900000000000006,-95.59999996666669
2003-07-12,2.648219427028489,299.76250000000005,285.45,3.4125000000000005,292.9125,0.88375,0.01039375,3.5999999999999996,48.900000000000006,-95.59999996666669
2003-07-20,2.2069693500434493,300.6125,286.7375,0.7000000000000001,267.9875,1.1412499999999999,0.0096125,3.6875000000000004,48.900000000000006,-95.59999996666669
2003-07-28,2.403763153615263,297.225,287.2375,2.125,209.33750000000003,0.54125,0.0114925,2.8625,48.900000000000006,-95.59999996666669
2003-08-05,2.1357363457919165,301.0,288.84999999999997,1.8125,230.65,0.825,0.01265625,3.3375000000000004,48.900000000000006,-95.59999996666669
2003-08-13,2.1039274816274425,306.875,289.85,0.4,247.58750000000003,1.7875,0.0114725,4.300000000000001,48.900000000000006,-95.59999996666669
2003-08-21,1.7237045865685867,297.70000000000005,285.375,2.9375,211.56250000000003,0.8287500000000001,0.00947375,4.7,48.900000000000006,-95.59999996666669
2003-08-29,2.0001643280121804,295.5125,281.1625,0.95,200.22500000000002,0.775,0.0073124999999999996,4.250000000000001,48.900000000000006,-95.59999996666669
2003-09-06,1.6085932792691906,298.26250000000005,285.4375,4.0625,173.075,0.96125,0.00899625,4.95,48.900000000000006,-95.59999996666669
2003-09-14,1.4548641034108147,289.97499999999997,280.175,7.0625,125.58750000000002,0.29000000000000004,0.007667500000000001,3.4125000000000005,48.900000000000006,-95.59999996666669
2003-09-22,1.1344033929304747,283.15000000000003,275.725,0.0625,114.3625,0.15875,0.00532,5.4875,48.900000000000006,-95.59999996666669
2003-09-30,1.0693260633879647,287.4125,274.6,0.0,125.06250000000003,0.5375,0.00448,3.6375,48.900000000000006,-95.59999996666669
2003-10-08,0.9025945287660005,290.875,279.225,1.1500000000000001,112.025,0.65625,0.00587375,4.025,48.900000000000006,-95.59999996666669
2003-10-16,0.653404502197253,285.75,274.45,0.0,103.68750000000001,0.4125,0.0042875000000000005,3.6625,48.900000000000006,-95.59999996666669
2003-10-24,0.553404502197253,277.7625,270.5875,2.525,60.03750000000001,0.18250000000000002,0.00323125,4.3375,48.900000000000006,-95.59999996666669
2003-11-01,0.4491900265687476,269.95,262.7,0.45000000000000007,72.65,0.09500000000000001,0.001865,4.8500000000000005,48.900000000000006,-95.59999996666669
2003-11-09,0.3767844151047165,274.2875,264.875,0.8375000000000001,74.275,0.08875,0.0026275,3.475,48.900000000000006,-95.59999996666669
2003-11-17,0.22759438853596886,270.675,263.775,0.1,59.612500000000004,0.06625,0.00232375,4.4125,48.900000000000006,-95.59999996666669
2003-11-25,0.32337991290746365,269.08750000000003,259.9875,0.6500000000000001,57.20000000000001,0.065,0.001755,4.2625,48.900000000000006,-95.59999996666669
2003-12-03,0.3204607104803402,270.12499999999994,260.9,0.8375000000000001,53.77499999999999,0.07375000000000001,0.0019225,4.112500000000001,48.900000000000006,-95.59999996666669
2003-12-11,0.21426735611125752,267.41249999999997,258.91249999999997,0.2625,52.35,0.05375,0.001595,3.8125000000000004,48.900000000000006,-95.59999996666669
2003-12-19,0.20713367805562877,270.225,259.9,0.0,55.2,0.07,0.0018325000000000001,3.375,48.900000000000006,-95.59999996666669
2003-12-27,0.1261347873224071,268.76,260.8,2.16,35.1,0.052000000000000005,0.001934,3.22,48.900000000000006,-95.59999996666669
2004-01-01,0.16705620828308726,259.1625,247.90000000000003,0.8125000000000001,55.162500000000016,0.05125,0.0006875000000000001,3.8125,48.900000000000006,-95.59999996666669
2004-01-09,0.10583840485424702,263.75,255.575,0.6875,47.0125,0.057499999999999996,0.0011125,3.1125,48.900000000000006,-95.59999996666669
2004-01-17,0.10437880364068527,257.83750000000003,246.18750000000003,0.9500000000000001,57.35,0.0475,0.0005700000000000001,4.2875000000000005,48.900000000000006,-95.59999996666669
2004-01-25,0.10437880364068527,255.85000000000002,244.25,1.5250000000000001,75.9125,0.045,0.0004637500000000001,3.2375000000000003,48.900000000000006,-95.59999996666669
2004-02-02,0.1204607104803401,265.8625,253.97500000000002,0.0625,82.0,0.09000000000000001,0.00110125,4.1125,48.900000000000006,-95.59999996666669
2004-02-10,0.1,264.95,251.76250000000002,0.0,107.26250000000002,0.09,0.00091,4.1875,48.900000000000006,-95.59999996666669
2004-02-18,0.026134787322407087,273.375,264.8375,0.6375000000000001,117.2875,0.1575,0.00202875,3.1125,48.900000000000006,-95.59999996666669
2004-02-26,0.0014596012135617525,274.475,265.625,1.4125000000000003,117.57500000000002,0.1375,0.00239375,3.925,48.900000000000006,-95.59999996666669
2004-03-05,0.1,272.66249999999997,260.225,0.775,132.975,0.09625000000000002,0.0021012500000000003,4.5875,48.900000000000006,-95.59999996666669
2004-03-13,0.1261347873224071,274.5375,262.51250000000005,0.725,172.32500000000005,0.13,0.0021987499999999997,5.2,48.900000000000006,-95.59999996666669
2004-03-21,0.3000000000000001,277.22499999999997,265.65,1.4625000000000001,179.5625,0.18375,0.00270375,3.9000000000000004,48.900000000000006,-95.59999996666669
2004-03-29,0.29854039878643834,281.3875,269.75,0.1,204.0625,0.3575,0.00281,3.9875000000000003,48.900000000000006,-95.59999996666669
2004-04-06,0.4,279.1375,270.1,2.95,151.9125,0.32375,0.0027275,4.1625,48.900000000000006,-95.59999996666669
2004-04-14,0.4928663219443713,283.73749999999995,271.9,1.575,204.06250000000003,0.34374999999999994,0.0036987500000000006,4.075,48.900000000000006,-95.59999996666669
2004-04-22,0.4985403987864383,286.41249999999997,272.55,0.037500000000000006,261.27500000000003,0.5962500000000001,0.0031762500000000003,5.1125,48.900000000000006,-95.59999996666669
2004-04-30,0.5985403987864384,284.8875,273.7125,0.8999999999999999,207.73749999999998,0.57125,0.00292875,4.5,48.900000000000006,-95.59999996666669
2004-05-08,0.6780796883060983,284.775,275.3375,12.1125,198.8,0.4925,0.004065,4.875,48.900000000000006,-95.59999996666669
2004-05-16,0.9400774697725416,290.23749999999995,278.8375,1.9125,240.60000000000002,0.6975,0.004823750000000001,4.0125,48.900000000000006,-95.59999996666669
2004-05-24,1.2563237046243765,289.84999999999997,280.4125,6.775,188.10000000000002,0.5325000000000001,0.00604625,4.550000000000001,48.900000000000006,-95.59999996666669
2004-06-01,1.3029192024271237,295.875,284.3125,3.8875,243.50000000000003,0.85375,0.007831250000000001,3.5875,48.900000000000006,-95.59999996666669
2004-06-09,1.6248395141210255,293.1625,281.925,1.05,226.71250000000003,0.5675,0.00751625,4.6875,48.900000000000006,-95.59999996666669
2004-06-17,2.1134913604368917,291.04999999999995,279.125,1.8875,251.65,0.5675,0.00609125,5.3500000000000005,48.900000000000006,-95.59999996666669
2004-06-25,1.9734178730275869,295.325,282.575,1.0,262.40000000000003,0.6812500000000001,0.00823625,3.75,48.900000000000006,-95.59999996666669
2004-07-03,2.2991937284719217,295.56250000000006,285.28749999999997,2.5250000000000004,217.1875,0.53625,0.010041250000000002,2.9000000000000004,48.900000000000006,-95.59999996666669
2004-07-11,2.5428700238475455,299.2875,288.8375,1.725,280.16249999999997,0.76,0.01165625,2.825,48.900000000000006,-95.59999996666669
2004-07-19,2.278800973505354,298.5375,285.375,2.575,266.7625,0.84875,0.0098875,3.8625000000000003,48.900000000000006,-95.59999996666669
2004-07-27,2.8969844250744696,296.175,285.28749999999997,2.4125000000000005,237.50000000000003,0.6862499999999999,0.009247500000000002,2.8500000000000005,48.900000000000006,-95.59999996666669
2004-08-04,2.8187141152657156,292.8125,281.8375,9.8625,196.45000000000002,0.38625,0.008711250000000002,3.6875,48.900000000000006,-95.59999996666669
2004-08-12,2.5096015584695097,293.51250000000005,282.09999999999997,0.7375,206.96250000000003,0.58875,0.007716250000000001,4.1875,48.900000000000006,-95.59999996666669
2004-08-20,2.0342767445783547,293.5625,280.67499999999995,2.35,196.275,0.42874999999999996,0.008452500000000002,4.6375,48.900000000000006,-95.59999996666669
2004-08-28,1.40356854974937,296.05,284.8875,1.4000000000000001,188.675,0.5875,0.009912500000000001,3.6875000000000004,48.900000000000006,-95.59999996666669
2004-09-05,1.6895921700024126,293.3,282.475,3.2875,151.91250000000002,0.41750000000000004,0.00889,3.9499999999999997,48.900000000000006,-95.59999996666669
2004-09-13,1.270591060735634,295.425,284.24999999999994,5.675000000000001,147.76250000000002,0.52125,0.00980625,4.3375,48.900000000000006,-95.59999996666669
2004-09-21,1.2605381802528817,291.72499999999997,280.4875,2.2125000000000004,135.8375,0.47125,0.007235,3.6375,48.900000000000006,-95.59999996666669
2004-09-29,1.132943791716913,287.325,274.725,0.5625,135.8,0.45875,0.0047975000000000005,5.0125,48.900000000000006,-95.59999996666669
2004-10-07,0.9272697148748459,289.675,278.675,1.0125000000000002,121.05000000000003,0.5087499999999999,0.0059075,4.362500000000001,48.900000000000006,-95.59999996666669
2004-10-15,0.8124830812365728,280.375,273.625,1.6625,68.30000000000001,0.16375,0.004385000000000001,4.987499999999999,48.900000000000006,-95.59999996666669
2004-10-23,0.6519449009836913,282.9875,275.8375,4.925000000000001,62.3875,0.14625,0.0053525000000000005,4.0875,48.900000000000006,-95.59999996666669
2004-10-31,0.47516048587897475,281.225,271.15000000000003,0.0,75.13750000000002,0.19749999999999998,0.0038862500000000004,4.0125,48.900000000000006,-95.59999996666669
2004-11-08,0.373865212677593,278.325,268.1625,0.0,80.78750000000001,0.25375000000000003,0.00256125,4.425000000000001,48.900000000000006,-95.59999996666669
2004-11-16,0.3928663219443713,277.76250000000005,268.38750000000005,0.4625,59.487500000000004,0.15000000000000002,0.0031625000000000004,4.0875,48.900000000000006,-95.59999996666669
2004-11-24,0.4374829410065411,271.95,264.37499999999994,0.0,52.300000000000004,0.07125,0.00235625,2.9750000000000005,48.900000000000006,-95.59999996666669
2004-12-02,0.5493503722176908,271.975,261.1125,0.5,47.68750000000001,0.10875,0.0019399999999999999,3.7375000000000003,48.900000000000006,-95.59999996666669
2004-12-10,0.48881219196480913,269.725,259.1,0.65,49.825,0.09749999999999999,0.0016237500000000002,4.9625,48.900000000000006,-95.59999996666669
2004-12-18,0.5410817666096233,259.97499999999997,246.73750000000004,0.4,53.975,0.06875000000000002,0.0006150000000000001,4.6875,48.900000000000006,-95.59999996666669
2004-12-26,0.39740547123399966,267.0,254.33333333333334,4.6000000000000005,50.333333333333336,0.08000000000000002,0.001236666666666667,3.6833333333333336,48.900000000000006,-95.59999996666669
2005-01-01,0.14513589658918544,257.9125,247.1125,2.15,60.325,0.04125,0.0005925,3.3875000000000006,48.900000000000006,-95.59999996666669
2005-01-09,0.21624623485183486,257.4,246.46249999999995,0.5375000000000001,60.66250000000001,0.04500000000000001,0.0006262499999999999,3.8375000000000004,48.900000000000006,-95.59999996666669
2005-01-17,0.10291920242712352,262.375,251.57500000000002,2.7,67.15,0.055,0.0009525,4.1875,48.900000000000006,-95.59999996666669
2005-01-25,0.029053989749530593,269.325,257.1875,0.17500000000000002,83.05000000000001,0.08374999999999999,0.0016025000000000002,3.7000000000000006,48.900000000000006,-95.59999996666669
2005-02-02,0.1,268.16249999999997,255.8875,0.0,100.8375,0.085,0.0014437500000000002,3.2750000000000004,48.900000000000006,-95.59999996666669
2005-02-10,0.1,269.8625,258.70000000000005,0.3125,93.92500000000001,0.08875,0.0017100000000000001,3.8375000000000004,48.900000000000006,-95.59999996666669
2005-02-18,0.1,266.2375,254.03749999999997,0.8,109.82500000000003,0.08124999999999999,0.00111125,2.2499999999999996,48.900000000000006,-95.59999996666669
2005-02-26,0.1,271.575,258.625,0.0625,138.8875,0.12250000000000001,0.0016450000000000002,3.275000000000001,48.900000000000006,-95.59999996666669
2005-03-06,0.10145960121356176,269.9375,256.95000000000005,0.36250000000000004,155.625,0.12375,0.0014112500000000002,4.45,48.900000000000006,-95.59999996666669
2005-03-14,0.1261347873224071,272.3875,260.85,0.07500000000000001,169.8625,0.165,0.00158375,2.1875,48.900000000000006,-95.59999996666669
2005-03-22,0.3000000000000001,277.6375,265.5125,0.25,189.65,0.21375,0.0025012500000000004,3.3750000000000004,48.900000000000006,-95.59999996666669
2005-03-30,0.3261347873224072,284.825,271.6,0.0,220.71250000000003,0.42125,0.0035912500000000003,4.025,48.900000000000006,-95.59999996666669
2005-04-07,0.4118674312111496,291.725,277.625,1.55,210.9375,0.70375,0.00510875,4.825,48.900000000000006,-95.59999996666669
2005-04-15,0.49708079757287654,290.9875,276.5375,0.35000000000000003,267.175,0.8050000000000002,0.004206250000000001,4.8375,48.900000000000006,-95.59999996666669
2005-04-23,0.6795392895196601,280.9750000000001,272.6,0.9375000000000002,180.4125,0.37875000000000003,0.00294,4.862500000000001,48.900000000000006,-95.59999996666669
2005-05-01,0.7724056114640313,288.4625,275.9875,1.8750000000000002,234.23749999999998,0.73875,0.0040125000000000004,4.775,48.900000000000006,-95.59999996666669
2005-05-09,0.9000000000000001,284.75,275.325,4.025,216.46249999999998,0.38625,0.004347500000000001,4.8500000000000005,48.900000000000006,-95.59999996666669
2005-05-17,1.0553833809378301,294.25,283.8,3.9875000000000007,203.4,0.6950000000000001,0.007835000000000002,4.987500000000001,48.900000000000006,-95.59999996666669
2005-05-25,1.4548641034108147,291.45,282.475,0.9249999999999999,223.60000000000002,0.58,0.006923750000000001,3.8000000000000003,48.900000000000006,-95.59999996666669
2005-06-02,1.8563237046243766,293.7125,285.125,4.775,212.4625,0.46249999999999997,0.009345,4.775,48.900000000000006,-95.59999996666669
2005-06-10,2.2259744416734644,293.875,286.28749999999997,4.6625000000000005,232.68750000000003,0.48374999999999996,0.0095525,3.1875,48.900000000000006,-95.59999996666669
2005-06-18,2.3782440163182788,299.25,288.525,2.8875,293.125,0.8162500000000001,0.011536250000000001,4.225,48.900000000000006,-95.59999996666669
2005-06-26,2.7190011092667787,297.3625,286.33750000000003,11.4125,246.0875,0.5025000000000001,0.011371250000000001,4.5125,48.900000000000006,-95.59999996666669
2005-07-04,2.629218317761711,300.875,289.775,2.175,278.775,0.80875,0.013206250000000001,3.5625000000000004,48.900000000000006,-95.59999996666669
2005-07-12,2.3746788880120193,301.41249999999997,288.925,2.325,275.1375,0.9324999999999999,0.012353750000000002,3.8500000000000005,48.900000000000006,-95.59999996666669
2005-07-20,2.4518182526315715,297.36250000000007,285.03749999999997,0.55,267.175,0.8125000000000001,0.009187500000000001,3.4625,48.900000000000006,-95.59999996666669
2005-07-28,2.464626007529267,299.9625,287.375,3.8125,272.4625,0.925,0.010877500000000002,3.0875,48.900000000000006,-95.59999996666669
2005-08-05,1.9551585012182253,299.04999999999995,285.90000000000003,0.9625,233.95000000000005,1.0025,0.0093425,3.55,48.900000000000006,-95.59999996666669
2005-08-13,2.239786493408242,295.38750000000005,283.9875,6.475,194.625,0.5237499999999999,0.00941875,3.9000000000000004,48.900000000000006,-95.59999996666669
2005-08-21,2.069975410710211,294.575,283.51250000000005,1.6875,197.73750000000004,0.44,0.00944375,4.775,48.900000000000006,-95.59999996666669
2005-08-29,1.5405664714458447,295.66249999999997,283.725,1.3,171.5,0.5225,0.009870000000000002,4.8500000000000005,48.900000000000006,-95.59999996666669
2005-09-06,1.7071336780556292,297.67500000000007,284.65,0.55,184.42500000000004,0.78125,0.009607500000000001,4.15,48.900000000000006,-95.59999996666669
2005-09-14,1.47953928951966,293.6625000000001,281.35,1.7625000000000002,168.5875,0.6137499999999999,0.007326250000000001,3.075,48.900000000000006,-95.59999996666669
2005-09-22,1.2632930546678254,290.925,277.2875,0.8,150.8875,0.6137500000000001,0.00534875,4.1375,48.900000000000006,-95.59999996666669
2005-09-30,1.05907857903932,287.25,276.40000000000003,5.387500000000001,101.3125,0.46875000000000006,0.005751249999999999,5.925000000000001,48.900000000000006,-95.59999996666669
2005-10-08,0.8561593766121964,288.2125,276.2375,0.0,127.48750000000001,0.37374999999999997,0.00554625,3.8000000000000007,48.900000000000006,-95.59999996666669
2005-10-16,0.6780796883060983,283.625,274.25,2.8750000000000004,99.05,0.25625,0.004611250000000001,3.7625,48.900000000000006,-95.59999996666669
2005-10-24,0.47662008709253645,284.6125,274.025,1.675,98.85000000000002,0.28500000000000003,0.0046187500000000005,3.25,48.900000000000006,-95.59999996666669
2005-11-01,0.4534045021972529,281.425,273.525,3.7375,61.587500000000006,0.21375,0.004138750000000001,3.5625000000000004,48.900000000000006,-95.59999996666669
2005-11-09,0.37953928951966,277.01250000000005,268.90000000000003,2.7625,65.2,0.18125000000000002,0.00306125,6.1499999999999995,48.900000000000006,-95.59999996666669
2005-11-17,0.3809988907332217,271.375,262.825,0.037500000000000006,63.1375,0.04125,0.0024400000000000003,4.5375000000000005,48.900000000000006,-95.59999996666669
2005-11-25,0.22192031169390186,266.825,261.2125,0.037500000000000006,44.2625,0.0625,0.00160625,4.3625,48.900000000000006,-95.59999996666669
2005-12-03,0.1610271819261847,264.825,258.2125,0.30000000000000004,44.3375,0.055,0.00134125,4.825,48.900000000000006,-95.59999996666669
2005-12-11,0.12759438853596886,268.9625,261.8375,1.3250000000000002,48.075,0.057499999999999996,0.00201125,4.25,48.900000000000006,-95.59999996666669
2005-12-19,0.1204607104803401,269.20000000000005,260.82500000000005,0.3625,57.087500000000006,0.05375,0.0019312499999999998,3.0875,48.900000000000006,-95.59999996666669
2005-12-27,0.02759438853596884,271.76000000000005,265.71999999999997,0.8400000000000001,39.4,0.064,0.0024720000000000002,2.14,48.900000000000006,-95.59999996666669
2006-01-01,0.1204607104803401,271.0875,263.65,0.21250000000000002,53.73750000000001,0.06875,0.0021925000000000004,2.9375000000000004,48.900000000000006,-95.59999996666669
2006-01-09,0.1204607104803401,272.2625,264.675,0.8625,52.62500000000001,0.06,0.0024712500000000004,3.7749999999999995,48.900000000000006,-95.59999996666669
2006-01-17,0.046595497802747174,268.2875,258.95,0.8625,65.1375,0.061250000000000006,0.0016787500000000001,3.9,48.900000000000006,-95.59999996666669
2006-01-25,0.1,272.25,262.5875,0.3375,73.55000000000001,0.06625,0.00231,3.7375000000000007,48.900000000000006,-95.59999996666669
2006-02-02,0.06705620828308725,266.425,254.225,0.47500000000000003,90.72500000000001,0.08625,0.0010887499999999999,2.6500000000000004,48.900000000000006,-95.59999996666669
2006-02-10,0.1204607104803401,261.8375,249.675,0.0625,108.6125,0.0625,0.0008237500000000002,3.7625000000000006,48.900000000000006,-95.59999996666669
2006-02-18,0.1,264.46250000000003,250.36249999999998,1.5125000000000002,116.725,0.07250000000000001,0.000935,3.5000000000000004,48.900000000000006,-95.59999996666669
2006-02-26,0.026134787322407087,270.8625,261.08750000000003,1.9250000000000003,119.77500000000002,0.125,0.0017325,3.5125,48.900000000000006,-95.59999996666669
2006-03-06,0.026134787322407087,274.57500000000005,266.7,1.05,150.96250000000003,0.125,0.002565,3.4875,48.900000000000006,-95.59999996666669
2006-03-14,0.11900110926677834,271.70000000000005,259.95,0.0,196.53750000000002,0.14625,0.00154125,3.2125000000000004,48.900000000000006,-95.59999996666669
2006-03-22,0.22467518610884535,276.3375,266.725,0.23750000000000002,178.9,0.15625,0.0026950000000000003,3.175,48.900000000000006,-95.59999996666669
2006-03-30,0.3000000000000001,278.8,268.3375,2.575,188.6125,0.20875000000000002,0.0030462500000000003,3.9875000000000003,48.900000000000006,-95.59999996666669
2006-04-07,0.4928663219443713,289.9125,274.9125,0.1625,240.1875,0.6725,0.0043975,3.8125,48.900000000000006,-95.59999996666669
2006-04-15,0.5985403987864384,293.925,280.75,2.0125,216.76250000000002,0.9337499999999999,0.005338750000000001,4.050000000000001,48.900000000000006,-95.59999996666669
2006-04-23,0.5871922451023044,290.075,277.275,1.925,215.525,0.7025,0.004588750000000001,4.4125,48.900000000000006,-95.59999996666669
2006-05-01,0.885213366361727,289.6875,278.72499999999997,1.4750000000000003,215.675,0.62,0.0053525000000000005,3.85,48.900000000000006,-95.59999996666669
2006-05-09,1.185213366361727,287.0625,277.90000000000003,2.5125,184.125,0.42374999999999996,0.005317500000000001,4.2375,48.900000000000006,-95.59999996666669
2006-05-17,1.4042144756285055,293.125,280.0625,0.8500000000000001,265.1125,0.79125,0.006180000000000001,3.7875000000000005,48.900000000000006,-95.59999996666669
2006-05-25,1.7423810221742424,299.875,286.9375,0.8500000000000001,275.0625,1.05125,0.009811249999999999,3.7875000000000005,48.900000000000006,-95.59999996666669
2006-06-02,1.9191654372789586,297.86249999999995,285.3,0.45000000000000007,272.425,0.9500000000000001,0.0087575,3.6,48.900000000000006,-95.59999996666669
2006-06-10,2.4113481536841346,297.775,284.3375,0.475,276.07500000000005,0.81125,0.00932375,3.7375000000000003,48.900000000000006,-95.59999996666669
2006-06-18,2.474189886338716,297.23750000000007,284.8875,2.225,251.62500000000003,0.7975000000000001,0.00891375,3.7874999999999996,48.900000000000006,-95.59999996666669
2006-06-26,2.9008439511881394,298.825,285.9125,2.4000000000000004,299.75000000000006,0.8387500000000001,0.010002500000000001,3.875,48.900000000000006,-95.59999996666669
2006-07-04,2.6869012687380045,299.975,285.55,0.4,302.71250000000003,0.86375,0.01068375,4.0125,48.900000000000006,-95.59999996666669
2006-07-12,2.6216293353296027,305.67499999999995,289.8625,0.21250000000000002,303.46250000000003,1.765,0.010657499999999999,4.4125000000000005,48.900000000000006,-95.59999996666669
2006-07-20,2.3377112421692567,302.4125,288.1875,0.325,272.25,1.33375,0.0100125,2.8000000000000007,48.900000000000006,-95.59999996666669
2006-07-28,2.0997090236357003,300.68749999999994,287.40000000000003,4.325,250.1625,0.9462499999999999,0.011135,3.6500000000000004,48.900000000000006,-95.59999996666669
2006-08-05,2.001168624849262,301.47499999999997,286.6625,5.6625000000000005,239.58750000000003,0.9725,0.0111575,4.4375,48.900000000000006,-95.59999996666669
2006-08-13,1.8764934387404166,297.875,285.275,0.5750000000000001,217.0125,0.66625,0.010418750000000001,3.4000000000000012,48.900000000000006,-95.59999996666669
2006-08-21,1.7412460946218034,297.81250000000006,283.5875,0.3375,230.2125,0.81125,0.008805,4.000000000000001,48.900000000000006,-95.59999996666669
2006-08-29,1.6875169187634274,298.40000000000003,283.0,0.6000000000000001,200.875,1.0362500000000001,0.007627500000000001,3.4375,48.900000000000006,-95.59999996666669
2006-09-06,1.2023035524017005,295.9375,279.5875,0.0,200.96249999999998,0.9850000000000001,0.006175,3.6375,48.900000000000006,-95.59999996666669
2006-09-14,1.1409214209606802,291.7625,280.4,3.7125,131.5625,0.54875,0.007546249999999999,4.8500000000000005,48.900000000000006,-95.59999996666669
2006-09-22,1.0,287.1,278.275,2.2875,108.5625,0.31,0.005967500000000001,4.5875,48.900000000000006,-95.59999996666669
2006-09-30,0.7000000000000002,292.375,277.8375,0.0,140.6,0.76375,0.00519,4.2,48.900000000000006,-95.59999996666669
2006-10-08,0.5928663219443714,280.825,270.2875,1.125,99.2625,0.35,0.0029112499999999998,6.95,48.900000000000006,-95.59999996666669
2006-10-16,0.573865212677593,277.25,269.92499999999995,3.125,78.475,0.17125,0.0031362500000000006,4.325,48.900000000000006,-95.59999996666669
2006-10-24,0.4,277.875,268.95,0.4,79.60000000000001,0.22749999999999998,0.002765,4.275,48.900000000000006,-95.59999996666669
2006-11-01,0.3928663219443713,276.825,267.72499999999997,0.775,63.824999999999996,0.15375,0.0030012500000000004,3.9125000000000005,48.900000000000006,-95.59999996666669
2006-11-09,0.3190011092667784,275.875,266.975,0.0,66.2125,0.17500000000000002,0.00251875,4.425000000000001,48.900000000000006,-95.59999996666669
2006-11-17,0.3000000000000001,276.0125,266.5375,0.0,64.5125,0.14875,0.0026625,3.8000000000000007,48.900000000000006,-95.59999996666669
2006-11-25,0.23946181974711844,269.61249999999995,259.77500000000003,1.2,43.074999999999996,0.095,0.00163125,4.725,48.900000000000006,-95.59999996666669
2006-12-03,0.3190011092667784,267.65,257.73749999999995,0.5250000000000001,53.087500000000006,0.08625,0.0014475,4.012499999999999,48.900000000000006,-95.59999996666669
2006-12-11,0.342381022174242,273.29999999999995,264.41249999999997,0.037500000000000006,50.0875,0.08374999999999999,0.00247625,3.825,48.900000000000006,-95.59999996666669
2006-12-19,0.29173139439193263,271.3625,261.78749999999997,0.0,59.87499999999999,0.09624999999999999,0.001915,3.4375000000000004,48.900000000000006,-95.59999996666669
2006-12-27,0.22192031169390186,270.41999999999996,260.24000000000007,3.22,54.739999999999995,0.048,0.0021020000000000006,2.46,48.900000000000006,-95.59999996666669
2007-01-01,0.1204607104803401,270.51250000000005,259.5125,0.4125,60.462500000000006,0.08875,0.0018012500000000001,3.8375,48.900000000000006,-95.59999996666669
2007-01-09,0.1465954978027472,260.825,249.2,0.0,66.44999999999999,0.057499999999999996,0.00075125,4.025,48.900000000000006,-95.59999996666669
2007-01-17,0.1204607104803401,266.78749999999997,256.325,0.05,67.4375,0.08125,0.0012325,3.075,48.900000000000006,-95.59999996666669
2007-01-25,0.1204607104803401,263.825,253.45000000000002,0.225,69.375,0.07250000000000001,0.0009912500000000002,4.625,48.900000000000006,-95.59999996666669
2007-02-02,0.11900110926677834,254.2625,244.95,0.0,98.36250000000001,0.05375,0.0003025,3.8125000000000004,48.900000000000006,-95.59999996666669
2007-02-10,0.11900110926677834,260.6375,248.6875,0.0,111.31250000000001,0.0825,0.00054875,3.5625000000000004,48.900000000000006,-95.59999996666669
2007-02-18,0.026134787322407087,270.3625,259.9875,1.2500000000000002,92.075,0.15625,0.00134,4.1875,48.900000000000006,-95.59999996666669
2007-02-26,0.026134787322407087,270.475,260.17499999999995,0.3375,139.7125,0.15875,0.0014374999999999998,4.275,48.900000000000006,-95.59999996666669
2007-03-06,0.1,274.6875,262.75,0.0,155.5125,0.1525,0.00222125,3.5125,48.900000000000006,-95.59999996666669
2007-03-14,0.1261347873224071,274.1625,262.0625,0.5625000000000001,163.175,0.16125,0.0019975000000000006,4.275,48.900000000000006,-95.59999996666669
2007-03-22,0.20145960121356177,282.3375,272.4,1.625,164.85,0.32875000000000004,0.00358,4.137499999999999,48.900000000000006,-95.59999996666669
2007-03-30,0.2204607104803401,274.27500000000003,264.58750000000003,6.275,161.775,0.19499999999999998,0.00213,6.2625,48.900000000000006,-95.59999996666669
2007-04-07,0.2522695746448142,277.8875,265.83750000000003,0.07500000000000001,233.77499999999998,0.3175,0.00199875,3.275,48.900000000000006,-95.59999996666669
2007-04-15,0.5,291.0625,275.1125,0.675,256.66249999999997,0.7362500000000001,0.00427375,3.8249999999999997,48.900000000000006,-95.59999996666669
2007-04-23,0.6985403987864384,293.2625,278.1125,0.35000000000000003,256.7875,0.9824999999999998,0.0042225000000000006,3.375,48.900000000000006,-95.59999996666669
2007-05-01,0.6014596012135619,293.325,280.425,1.175,233.68750000000003,0.7837500000000001,0.006002499999999999,5.7125,48.900000000000006,-95.59999996666669
2007-05-09,0.9809988907332218,292.5875,280.11249999999995,0.6625000000000001,233.76250000000005,0.7875000000000001,0.005795000000000001,4.112500000000001,48.900000000000006,-95.59999996666669
2007-05-17,1.360538180252882,294.875,280.40000000000003,2.5875,234.30000000000004,0.7725000000000001,0.007130000000000001,5.1,48.900000000000006,-95.59999996666669
2007-05-25,1.321920311693902,293.55,282.0125,5.5,243.5875,0.63875,0.00792375,3.8625,48.900000000000006,-95.59999996666669
2007-06-02,1.8592429070515,294.28749999999997,282.5125,6.562500000000001,245.4,0.67375,0.007735000000000001,4.812500000000001,48.900000000000006,-95.59999996666669
2007-06-10,2.232943791716913,299.95000000000005,288.75,3.05,248.43750000000003,0.9024999999999999,0.01130625,4.075,48.900000000000006,-95.59999996666669
2007-06-18,2.3391068702322833,299.8375,287.98749999999995,6.687500000000001,282.2125,0.9387500000000001,0.010896250000000001,4.312500000000001,48.900000000000006,-95.59999996666669
2007-06-26,2.5092768848083864,296.8375,286.4875,0.9500000000000001,267.77500000000003,0.72375,0.00986125,3.5999999999999996,48.900000000000006,-95.59999996666669
2007-07-04,2.1079473533900552,298.4,286.975,9.2625,274.6,0.7237500000000001,0.010975,4.3875,48.900000000000006,-95.59999996666669
2007-07-12,2.548544100689613,297.1375,285.47499999999997,0.8500000000000001,275.06250000000006,0.67625,0.009855,3.1500000000000004,48.900000000000006,-95.59999996666669
2007-07-20,2.621793663341782,304.84999999999997,290.4,0.6625000000000001,290.9375,1.2075,0.01396625,3.4875000000000007,48.900000000000006,-95.59999996666669
2007-07-28,2.918549787253536,302.325,287.975,0.30000000000000004,280.425,1.1862500000000002,0.01105375,4.387500000000001,48.900000000000006,-95.59999996666669
2007-08-05,2.1847317684947716,300.25,287.08750000000003,2.5,233.92499999999995,0.85,0.011376250000000001,3.5999999999999996,48.900000000000006,-95.59999996666669
2007-08-13,2.1125207608966328,296.5125,282.425,0.95,235.24999999999997,0.66625,0.008793750000000001,4.425,48.900000000000006,-95.59999996666669
2007-08-21,2.1328171433647927,294.85,284.54999999999995,0.7375,187.725,0.5137499999999999,0.00965,4.300000000000001,48.900000000000006,-95.59999996666669
2007-08-29,1.9108968316708912,300.34999999999997,283.8,2.6875000000000004,216.6,1.0962500000000002,0.008970000000000002,4.512499999999999,48.900000000000006,-95.59999996666669
2007-09-06,1.668515809496649,288.5375,279.41249999999997,0.9625,156.5375,0.435,0.00617875,5.012499999999999,48.900000000000006,-95.59999996666669
2007-09-14,1.4480550990163092,292.07500000000005,278.3875,0.4625,158.16250000000002,0.505,0.00706,4.550000000000001,48.900000000000006,-95.59999996666669
2007-09-22,0.8931909956054944,292.8,278.91249999999997,0.5125000000000001,137.26250000000002,0.46875,0.007607500000000001,4.862500000000001,48.900000000000006,-95.59999996666669
2007-09-30,0.8071336780556289,290.95,278.7625,2.3125,117.16250000000001,0.49875,0.006311250000000001,4.3625,48.900000000000006,-95.59999996666669
2007-10-08,0.7042144756285054,283.6625,275.525,6.0,91.11250000000001,0.21875,0.0049900000000000005,3.6625,48.900000000000006,-95.59999996666669
2007-10-16,0.3190011092667784,284.675,276.13750000000005,4.1375,77.55,0.18500000000000003,0.00564375,4.6375,48.900000000000006,-95.59999996666669
2007-10-24,0.3985403987864383,284.0125,272.3625,0.1625,87.06250000000001,0.33999999999999997,0.00391,4.5875,48.900000000000006,-95.59999996666669
2007-11-01,0.3985403987864383,278.8875,270.4625,0.3625,68.775,0.26249999999999996,0.0029237499999999997,4.025,48.900000000000006,-95.59999996666669
2007-11-09,0.3190011092667784,278.59999999999997,270.0625,0.36250000000000004,60.91250000000001,0.225,0.00309625,5.3125,48.900000000000006,-95.59999996666669
2007-11-17,0.3246751861088454,272.2375,265.0,0.08750000000000001,52.837500000000006,0.08000000000000002,0.00239875,4.075,48.900000000000006,-95.59999996666669
2007-11-25,0.34092142096068023,263.9125,255.67499999999998,0.5750000000000001,43.300000000000004,0.045,0.00123,4.2250000000000005,48.900000000000006,-95.59999996666669
2007-12-03,0.24513589658918544,261.65,251.3625,1.8250000000000002,54.72500000000001,0.04875,0.0009075000000000001,3.575,48.900000000000006,-95.59999996666669
2007-12-11,0.2641370058559638,264.775,252.2375,0.325,52.462500000000006,0.051250000000000004,0.0011250000000000001,3.250000000000001,48.900000000000006,-95.59999996666669
2007-12-19,0.14513589658918544,267.075,259.1,0.5,47.25000000000001,0.04125,0.0016550000000000002,3.6875,48.900000000000006,-95.59999996666669
2007-12-27,0.11900110926677834,267.88,260.1,0.4,38.6,0.072,0.0015620000000000002,2.7800000000000002,48.900000000000006,-95.59999996666669
2008-01-01,0.05080997343125242,269.2375,258.08750000000003,0.17500000000000002,58.275000000000006,0.115,0.0014262500000000004,4.175,48.900000000000006,-95.59999996666669
2008-01-09,0.052269574644814173,267.0375,255.925,0.2625,56.15,0.09874999999999998,0.0011500000000000002,3.4875,48.900000000000006,-95.59999996666669
2008-01-17,0.046595497802747174,256.26250000000005,243.45000000000005,0.0,78.11250000000001,0.05,0.0003975,3.837500000000001,48.900000000000006,-95.59999996666669
2008-01-25,0.046595497802747174,263.925,250.3375,0.0,85.57500000000002,0.09250000000000001,0.0008425000000000001,4.4375,48.900000000000006,-95.59999996666669
2008-02-02,0.046595497802747174,266.8,254.6375,0.1875,93.0,0.10375,0.00106125,3.6875,48.900000000000006,-95.59999996666669
2008-02-10,0.05372917585837592,261.1875,246.8,0.375,103.81250000000001,0.0725,0.0006925,4.2250000000000005,48.900000000000006,-95.59999996666669
2008-02-18,0.046595497802747174,263.11249999999995,249.0625,0.0,133.2625,0.08875000000000001,0.00076625,3.6874999999999996,48.900000000000006,-95.59999996666669
2008-02-26,0.02759438853596884,269.875,256.93749999999994,0.5875000000000001,124.69999999999999,0.12625,0.00134,4.525,48.900000000000006,-95.59999996666669
2008-03-05,0.026134787322407087,268.33750000000003,255.3375,0.0,161.175,0.10250000000000001,0.0013650000000000001,3.65,48.900000000000006,-95.59999996666669
2008-03-13,0.14513589658918544,274.26250000000005,264.46250000000003,0.0,175.3625,0.16249999999999998,0.0021325,3.7125000000000004,48.900000000000006,-95.59999996666669
2008-03-21,0.2261347873224071,274.1875,264.1375,0.1875,183.60000000000002,0.16875,0.00205125,3.5374999999999996,48.900000000000006,-95.59999996666669
2008-03-29,0.2465954978027472,277.69999999999993,267.9125,0.925,198.21250000000003,0.22,0.0026762500000000002,4.3875,48.900000000000006,-95.59999996666669
2008-04-06,0.27127068391159254,280.8625,268.76250000000005,0.0,251.00000000000003,0.36,0.0025287500000000006,4.2,48.900000000000006,-95.59999996666669
2008-04-14,0.4394618197471185,290.2625,275.7375,0.675,220.60000000000002,0.7349999999999999,0.00396375,4.8,48.900000000000006,-95.59999996666669
2008-04-22,0.5190011092667784,281.1,270.2875,4.25,220.00000000000003,0.35875,0.0028500000000000005,4.762499999999999,48.900000000000006,-95.59999996666669
2008-04-30,0.4522695746448142,286.125,272.11249999999995,0.0,233.65000000000003,0.56125,0.0031087500000000004,4.4875,48.900000000000006,-95.59999996666669
2008-05-08,0.753404502197253,287.925,274.875,4.8875,223.925,0.62,0.0038325000000000004,3.7625,48.900000000000006,-95.59999996666669
2008-05-16,0.5769447607536595,290.7875,277.38750000000005,0.0625,252.87500000000003,0.7475,0.004435000000000001,4.65,48.900000000000006,-95.59999996666669
2008-05-24,0.9852133663617271,294.3125,279.2375,1.5,253.68750000000003,0.82,0.00594875,3.4374999999999996,48.900000000000006,-95.59999996666669
2008-06-01,1.2100528804827524,293.88750000000005,281.27500000000003,3.6875,257.5375,0.6925,0.006956250000000001,4.550000000000001,48.900000000000006,-95.59999996666669
2008-06-09,1.6043788036406854,291.125,280.77500000000003,5.799999999999999,231.1375,0.47000000000000003,0.006960000000000001,4.674999999999999,48.900000000000006,-95.59999996666669
2008-06-17,1.8165709085129582,298.4125,285.5125,0.2,297.26250000000005,1.0462500000000001,0.00819875,2.7,48.900000000000006,-95.59999996666669
2008-06-25,1.9748734918779118,298.21250000000003,287.1,4.6875,267.4,0.8662500000000001,0.009912500000000001,4.300000000000001,48.900000000000006,-95.59999996666669
2008-07-03,2.493355323617675,296.7375,284.27500000000003,4.3625,272.0,0.5475,0.010211250000000002,4.112500000000001,48.900000000000006,-95.59999996666669
2008-07-11,2.6964691299106907,296.725,286.375,2.1125000000000003,267.45000000000005,0.6000000000000001,0.010398750000000002,4.5,48.900000000000006,-95.59999996666669
2008-07-19,3.1880361962904433,298.8,286.71250000000003,2.9000000000000004,268.4875,0.81,0.010326249999999999,3.9250000000000003,48.900000000000006,-95.59999996666669
2008-07-27,2.4289233590341737,300.075,287.68750000000006,2.7375000000000003,254.52499999999998,0.9475,0.01058,3.175,48.900000000000006,-95.59999996666669
2008-08-04,3.0750338375268553,298.0375000000001,285.8125,0.8625,226.95000000000002,0.8512500000000001,0.009442500000000001,3.2750000000000004,48.900000000000006,-95.59999996666669
2008-08-12,2.632652815352613,299.1125,287.0,5.7125,232.95,0.7312500000000001,0.01142125,3.3500000000000005,48.900000000000006,-95.59999996666669
2008-08-20,2.3097619041184525,297.38750000000005,285.2125,3.0625,217.41250000000002,0.71,0.01012375,5.925000000000001,48.900000000000006,-95.59999996666669
2008-08-28,2.244165297048927,297.21250000000003,283.22499999999997,5.9625,183.9875,0.7812499999999999,0.009245,4.6125,48.900000000000006,-95.59999996666669
2008-09-05,2.149514700229871,290.9375,280.3,1.5250000000000001,153.45000000000002,0.415,0.0072337500000000015,3.3500000000000005,48.900000000000006,-95.59999996666669
2008-09-13,1.921920311693902,292.4,281.0625,2.9250000000000003,151.6875,0.55,0.007320000000000001,4.15,48.900000000000006,-95.59999996666669
2008-09-21,1.5767844151047166,293.6375,280.52500000000003,3.0500000000000003,153.9125,0.4587500000000001,0.008248750000000001,4.762499999999999,48.900000000000006,-95.59999996666669
2008-09-29,1.2809988907332217,288.4125,276.775,1.8875000000000002,117.88750000000002,0.38125,0.005676250000000001,4.15,48.900000000000006,-95.59999996666669
2008-10-07,0.9344033929304746,287.025,276.7875,5.3,96.45,0.275,0.005895,5.0,48.900000000000006,-95.59999996666669
2008-10-15,0.6056740768420672,284.26250000000005,274.35,0.48750000000000004,109.03750000000001,0.2875,0.0045537500000000005,4.1375,48.900000000000006,-95.59999996666669
2008-10-23,0.553404502197253,282.67499999999995,272.3875,0.325,87.8125,0.29750000000000004,0.0038350000000000003,5.0375000000000005,48.900000000000006,-95.59999996666669
2008-10-31,0.47386521267759296,284.8375,275.2625,5.300000000000001,68.28750000000001,0.34750000000000003,0.0046612500000000005,5.15,48.900000000000006,-95.59999996666669
2008-11-08,0.368191135835526,273.575,268.03749999999997,0.275,60.587500000000006,0.09375000000000001,0.002775,4.75,48.900000000000006,-95.59999996666669
2008-11-16,0.4985403987864383,269.675,262.29999999999995,0.05,62.00000000000001,0.085,0.0018600000000000003,4.1875,48.900000000000006,-95.59999996666669
2008-11-24,0.5261347873224071,270.1125,262.20000000000005,0.0,50.62500000000001,0.065,0.00199875,3.0500000000000003,48.900000000000006,-95.59999996666669
2008-12-02,0.5451358965891855,264.57500000000005,254.7375,0.1,49.975,0.06375,0.00112875,4.15,48.900000000000006,-95.59999996666669
2008-12-10,0.5862856187125813,258.75,248.27500000000003,2.15,46.43750000000001,0.04000000000000001,0.00069875,4.8374999999999995,48.900000000000006,-95.59999996666669
2008-12-18,0.23119321413905103,258.975,246.82500000000002,1.2125000000000001,54.2,0.0375,0.00066875,3.45,48.900000000000006,-95.59999996666669
2008-12-26,0.18751691876342735,261.36666666666673,247.26666666666668,2.25,52.21666666666667,0.049999999999999996,0.0007966666666666666,3.4500000000000006,48.900000000000006,-95.59999996666669
2009-01-01,0.026134787322407087,260.07500000000005,250.3625,1.8250000000000002,51.75,0.06375,0.0006500000000000001,3.5125000000000006,48.900000000000006,-95.59999996666669
2009-01-09,0.1204607104803401,256.3875,242.25,0.36250000000000004,72.3875,0.04750000000000001,0.00044500000000000003,3.125,48.900000000000006,-95.59999996666669
2009-01-17,0.1204607104803401,265.95,253.65,0.1125,72.325,0.09999999999999999,0.0010325,4.025,48.900000000000006,-95.59999996666669
2009-01-25,0.1,262.0375,249.26250000000002,0.0,83.11250000000001,0.065,0.0008962500000000001,4.5,48.900000000000006,-95.59999996666669
2009-02-02,0.1,266.5125,253.48749999999998,2.5875000000000004,82.11250000000001,0.06375,0.0012775000000000002,4.0625,48.900000000000006,-95.59999996666669
2009-02-10,0.11900110926677834,266.5875,257.4,2.525,75.6875,0.05374999999999999,0.00151,3.3875,48.900000000000006,-95.59999996666669
2009-02-18,0.11900110926677834,264.55,251.0625,0.9375,122.1625,0.0625,0.0009775,3.4749999999999996,48.900000000000006,-95.59999996666669
2009-02-26,0.1,265.38750000000005,253.03749999999997,0.30000000000000004,128.3125,0.08625,0.0011875000000000002,3.7375,48.900000000000006,-95.59999996666669
2009-03-06,0.1,268.0125,256.1125,0.7125,167.95000000000002,0.10624999999999998,0.00130875,4.975,48.900000000000006,-95.59999996666669
2009-03-14,0.1,277.04999999999995,266.125,0.0625,195.66250000000002,0.22874999999999998,0.002340000000000001,3.5875000000000004,48.900000000000006,-95.59999996666669
2009-03-22,0.1,274.4375,265.86249999999995,8.3625,163.15,0.16375,0.0023887500000000002,4.7375,48.900000000000006,-95.59999996666669
2009-03-30,0.14513589658918544,274.6,268.55,1.0250000000000001,157.05,0.13125,0.00270625,4.175000000000001,48.900000000000006,-95.59999996666669
2009-04-07,0.21900110926677835,281.25,271.425,0.4375,193.9875,0.32125,0.00332625,3.6,48.900000000000006,-95.59999996666669
2009-04-15,0.3190011092667784,287.1875,274.84999999999997,0.3375,220.01250000000002,0.55875,0.0039162500000000005,3.9625,48.900000000000006,-95.59999996666669
2009-04-23,0.41900110926677836,285.6625,274.725,3.2125000000000004,197.48749999999998,0.49625,0.003775,4.612500000000001,48.900000000000006,-95.59999996666669
2009-05-01,0.5,288.0875,276.075,0.325,212.83750000000003,0.5712499999999999,0.004450000000000001,4.2125,48.900000000000006,-95.59999996666669
2009-05-09,0.6985403987864384,286.78749999999997,274.325,2.2875,212.25000000000003,0.46125000000000005,0.004371250000000001,4.975,48.900000000000006,-95.59999996666669
2009-05-17,0.9519449009836912,291.3125,276.2,0.5,258.08750000000003,0.6675,0.00489625,4.2625,48.900000000000006,-95.59999996666669
2009-05-25,0.9491900265687477,291.27500000000003,279.225,9.4375,248.76250000000002,0.61125,0.0058125,4.175,48.900000000000006,-95.59999996666669
2009-06-02,1.4809988907332217,288.25,278.5,1.6,204.73749999999998,0.48375000000000007,0.005350000000000001,4.0,48.900000000000006,-95.59999996666669
2009-06-10,1.717705836065397,295.575,284.1375,1.1749999999999998,265.2625,0.8300000000000001,0.007763750000000001,3.0000000000000004,48.900000000000006,-95.59999996666669
2009-06-18,2.0467598258149273,301.2,288.17499999999995,3.0875000000000004,280.3125,1.0787499999999999,0.010661250000000002,3.3375000000000004,48.900000000000006,-95.59999996666669
2009-06-26,2.248903032567685,295.5,284.7625,5.05,253.6,0.595,0.00930625,5.1625,48.900000000000006,-95.59999996666669
2009-07-04,2.555872382611134,295.925,284.675,0.6375000000000001,288.77500000000003,0.6724999999999999,0.00895,3.6875000000000004,48.900000000000006,-95.59999996666669
2009-07-12,2.4839860486741183,294.4875,283.475,3.3500000000000005,226.8125,0.59875,0.008463749999999999,4.6000000000000005,48.900000000000006,-95.59999996666669
2009-07-20,2.701367211078392,299.6625,286.21250000000003,0.5875,240.25000000000003,0.985,0.0096125,4.2625,48.900000000000006,-95.59999996666669
2009-07-28,1.9386858240727525,294.3625,282.9875,1.2125000000000001,215.0125,0.5575,0.008413750000000001,4.1625000000000005,48.900000000000006,-95.59999996666669
2009-08-05,2.5341803720799474,298.9375,285.775,0.8125,210.9875,0.94625,0.00969625,3.0625,48.900000000000006,-95.59999996666669
2009-08-13,2.1324924697036702,297.28749999999997,286.84999999999997,9.1375,175.97500000000002,0.5875,0.01152,3.7625,48.900000000000006,-95.59999996666669
2009-08-21,2.366280212608722,296.725,285.3125,0.5125000000000001,204.0875,0.50375,0.0107775,3.85,48.900000000000006,-95.59999996666669
2009-08-29,2.179087967506417,296.9625,282.8625,0.0,200.90000000000003,0.77,0.008543750000000001,3.4375,48.900000000000006,-95.59999996666669
2009-09-06,1.715630584826412,298.2875,286.1125,5.300000000000001,179.76250000000002,0.63625,0.01103,3.6374999999999997,48.900000000000006,-95.59999996666669
2009-09-14,1.479087967506417,299.7375,285.96250000000003,0.0,173.4625,0.9137500000000001,0.0100675,3.9125,48.900000000000006,-95.59999996666669
2009-09-22,1.6915710487429898,292.6875,280.62500000000006,1.95,158.1625,0.6275000000000001,0.007146250000000001,4.275,48.900000000000006,-95.59999996666669
2009-09-30,1.3548641034108149,284.6875,276.2625,0.23750000000000004,93.55000000000001,0.30125,0.0049050000000000005,4.5875,48.900000000000006,-95.59999996666669
2009-10-08,1.1287293160884078,276.4375,270.96250000000003,0.42500000000000004,66.8125,0.15125000000000002,0.0031750000000000003,3.7375000000000003,48.900000000000006,-95.59999996666669
2009-10-16,0.7724056114640313,281.65,274.3,0.0,87.975,0.21500000000000002,0.0043875,3.2750000000000004,48.900000000000006,-95.59999996666669
2009-10-24,0.7462708241416242,281.5,274.4,2.0500000000000003,60.475,0.20500000000000002,0.00437125,4.125000000000001,48.900000000000006,-95.59999996666669
2009-11-01,0.47953928951965996,281.4625,270.775,0.23750000000000002,72.4625,0.24375000000000002,0.0036575000000000006,4.4875,48.900000000000006,-95.59999996666669
2009-11-09,0.47386521267759296,283.15,272.2125,0.35000000000000003,63.487500000000004,0.27625,0.00405375,3.725,48.900000000000006,-95.59999996666669
2009-11-17,0.4,280.625,269.91249999999997,0.925,67.47500000000001,0.25125000000000003,0.0032362500000000004,3.7124999999999995,48.900000000000006,-95.59999996666669
2009-11-25,0.5,273.925,266.67499999999995,1.7750000000000001,44.775,0.08124999999999999,0.0027600000000000003,3.1375,48.900000000000006,-95.59999996666669
2009-12-03,0.3451358965891855,262.725,255.86249999999998,0.1875,49.300000000000004,0.0625,0.00106875,3.0,48.900000000000006,-95.59999996666669
2009-12-11,0.3133270324247114,258.3125,249.02499999999998,0.15000000000000002,48.9375,0.04,0.0006950000000000001,3.1000000000000005,48.900000000000006,-95.59999996666669
2009-12-19,0.21900110926677835,267.275,259.9625,2.0250000000000004,38.925,0.0675,0.00156125,3.5875000000000004,48.900000000000006,-95.59999996666669
2009-12-27,0.15080997343125244,261.73999999999995,251.5,0.0,56.779999999999994,0.054000000000000006,0.000876,4.34,48.900000000000006,-95.59999996666669
2010-01-01,0.1204607104803401,255.5125,243.65,0.0,59.15,0.0275,0.000515,2.6625,48.900000000000006,-95.59999996666669
2010-01-09,0.1,269.7375,260.2,0.0,65.625,0.1575,0.0013800000000000002,3.8499999999999996,48.900000000000006,-95.59999996666669
2010-01-17,0.026134787322407087,272.5,266.2,2.1625,61.975,0.16874999999999998,0.0020075,3.787500000000001,48.900000000000006,-95.59999996666669
2010-01-25,0.1,258.92500000000007,247.6375,0.0,86.0375,0.04375,0.0006300000000000001,4.1625000000000005,48.900000000000006,-95.59999996666669
2010-02-02,0.1,266.07500000000005,255.5375,0.47500000000000003,69.51250000000002,0.07125000000000001,0.0012637500000000001,2.65,48.900000000000006,-95.59999996666669
2010-02-10,0.1,268.5125,253.7125,0.0,118.9625,0.12375,0.0010612500000000001,3.3125000000000004,48.900000000000006,-95.59999996666669
2010-02-18,0.11900110926677834,266.9,253.54999999999995,0.1125,121.9,0.08,0.0012487500000000003,2.8125000000000004,48.900000000000006,-95.59999996666669
2010-02-26,0.1261347873224071,273.3125,258.65,0.0,162.66250000000002,0.15125,0.0017025,1.9500000000000002,48.900000000000006,-95.59999996666669
2010-03-06,0.24513589658918544,278.2875,272.2,1.7625,121.95000000000002,0.24375,0.0031312500000000004,2.3125,48.900000000000006,-95.59999996666669
2010-03-14,0.3261347873224072,280.27500000000003,270.0625,0.0,172.4,0.31875000000000003,0.0028787500000000002,4.3,48.900000000000006,-95.59999996666669
2010-03-22,0.41900110926677836,280.5375,267.2,0.0,205.9625,0.36125,0.00257,4.0125,48.900000000000006,-95.59999996666669
2010-03-30,0.34659549780274723,287.23749999999995,274.0375,0.5875000000000001,202.02500000000003,0.55,0.0038400000000000005,4.450000000000001,48.900000000000006,-95.59999996666669
2010-04-07,0.49432592315793306,286.9625,272.37499999999994,0.0,216.0875,0.6125,0.00324375,4.987500000000001,48.900000000000006,-95.59999996666669
2010-04-15,0.4204607104803401,290.83750000000003,272.83750000000003,0.0,262.975,0.8200000000000001,0.00322,3.4375,48.900000000000006,-95.59999996666669
2010-04-23,0.773865212677593,290.53749999999997,278.425,2.9,223.9125,0.73125,0.004716250000000001,3.5875000000000004,48.900000000000006,-95.59999996666669
2010-05-01,0.7809988907332217,283.16249999999997,274.02500000000003,2.5125,160.3375,0.25125,0.00445375,4.4125,48.900000000000006,-95.59999996666669
2010-05-09,1.0809988907332218,289.37500000000006,278.7375,2.6875,216.4,0.68125,0.004761250000000001,3.375,48.900000000000006,-95.59999996666669
2010-05-17,1.2100528804827524,297.90000000000003,284.26250000000005,6.3875,274.975,1.1300000000000001,0.00707125,4.5375000000000005,48.900000000000006,-95.59999996666669
2010-05-25,1.5029192024271236,294.9625,282.9875,6.625,257.05,0.725,0.007805,4.8125,48.900000000000006,-95.59999996666669
2010-06-02,1.937322595357598,292.72499999999997,283.4,3.8125000000000004,246.33750000000003,0.5487500000000001,0.007821250000000002,3.0875000000000004,48.900000000000006,-95.59999996666669
2010-06-10,2.3316485185155313,293.2125,285.0375,3.9749999999999996,203.56250000000003,0.39625000000000005,0.00956125,3.1625,48.900000000000006,-95.59999996666669
2010-06-18,2.4493543545809278,296.775,286.97499999999997,1.8250000000000002,240.29999999999998,0.63875,0.010320000000000001,3.6750000000000007,48.900000000000006,-95.59999996666669
2010-06-26,2.666895862634145,298.5,287.5875,1.3125,285.13750000000005,0.7350000000000001,0.011416250000000001,5.05,48.900000000000006,-95.59999996666669
2010-07-04,2.780547568719979,299.125,286.05,0.5875,288.6875,0.82,0.01032,3.975,48.900000000000006,-95.59999996666669
2010-07-12,2.793355323617675,298.3625,286.4,2.3375,286.575,0.8025,0.009951250000000002,4.4625,48.900000000000006,-95.59999996666669
2010-07-20,2.1079473533900552,299.63750000000005,288.1125,6.0874999999999995,260.2875,0.85875,0.01100375,3.2125000000000004,48.900000000000006,-95.59999996666669
2010-07-28,2.7287972716021804,299.26249999999993,287.825,1.225,247.36249999999998,0.8262499999999999,0.010892500000000001,3.0625,48.900000000000006,-95.59999996666669
2010-08-05,2.4948149248312363,300.85,287.91249999999997,1.1375,235.95000000000002,0.9900000000000001,0.011156250000000001,3.0,48.900000000000006,-95.59999996666669
2010-08-13,2.1581079794990616,295.52500000000003,282.3625,0.5,196.85000000000002,0.57125,0.00891625,4.437500000000001,48.900000000000006,-95.59999996666669
2010-08-21,2.0566483782854994,299.4125,286.525,0.1125,222.75,1.0662500000000001,0.009365000000000002,5.550000000000001,48.900000000000006,-95.59999996666669
2010-08-29,1.929053989749531,294.47499999999997,282.52500000000003,4.9750000000000005,192.08749999999998,0.54125,0.0089925,4.800000000000001,48.900000000000006,-95.59999996666669
2010-09-06,1.701459601213562,289.7,279.7625,5.7125,167.375,0.39625000000000005,0.0066412500000000005,5.0375000000000005,48.900000000000006,-95.59999996666669
2010-09-14,1.47953928951966,287.1,276.125,0.7875000000000001,150.65,0.3,0.0056612500000000005,3.9125,48.900000000000006,-95.59999996666669
2010-09-22,1.153404502197253,289.66249999999997,279.98750000000007,9.1375,131.5375,0.33249999999999996,0.007237500000000001,4.775,48.900000000000006,-95.59999996666669
2010-09-30,0.6738652126775931,291.8,277.45,0.21250000000000002,150.3625,0.68125,0.00537125,4.3375,48.900000000000006,-95.59999996666669
2010-10-08,0.8314841905033511,292.9375,277.7875,0.0,129.1125,0.6499999999999999,0.00625,3.5625000000000004,48.900000000000006,-95.59999996666669
2010-10-16,0.5780796883060983,285.875,272.6875,0.0,113.85,0.4675,0.0036425000000000003,4.1125,48.900000000000006,-95.59999996666669
2010-10-24,0.55907857903932,280.2875,273.6875,6.4750000000000005,76.78750000000001,0.1425,0.0045225000000000005,4.875000000000002,48.900000000000006,-95.59999996666669
2010-11-01,0.405674076842067,284.46250000000003,272.3125,0.0,87.21249999999999,0.36125,0.0038875,4.25,48.900000000000006,-95.59999996666669
2010-11-09,0.3056740768420671,277.8,271.02500000000003,0.5875,63.025000000000006,0.1375,0.00372625,3.1750000000000007,48.900000000000006,-95.59999996666669
2010-11-17,0.3056740768420671,268.13750000000005,257.46250000000003,0.5,51.45,0.045000000000000005,0.0016875,5.0,48.900000000000006,-95.59999996666669
2010-11-25,0.22759438853596886,265.35,257.1,0.4,48.287499999999994,0.03125,0.0015775000000000001,4.65,48.900000000000006,-95.59999996666669
2010-12-03,0.2551887770719377,263.9125,254.56250000000003,0.0,51.80000000000001,0.037500000000000006,0.0012300000000000002,2.9375,48.900000000000006,-95.59999996666669
2010-12-11,0.13326846537803586,260.95000000000005,251.22499999999997,0.0,54.2625,0.06125,0.0008087500000000001,3.6125,48.900000000000006,-95.59999996666669
2010-12-19,0.13326846537803586,264.825,258.075,0.2625,50.275,0.015,0.0017187500000000002,3.0500000000000003,48.900000000000006,-95.59999996666669
2010-12-27,0.1465954978027472,266.7,258.96,0.0,56.0,0.12400000000000003,0.001186,5.7,48.900000000000006,-95.59999996666669
2011-01-01,0.1409214209606802,260.96250000000003,251.4125,0.0,59.9875,0.0575,0.0007875000000000001,3.4625,48.900000000000006,-95.59999996666669
2011-01-09,0.2352473441186132,264.7125,256.53749999999997,0.5750000000000001,52.2,0.07999999999999999,0.0010937499999999999,2.275,48.900000000000006,-95.59999996666669
2011-01-17,0.11900110926677834,259.375,248.78750000000002,0.6000000000000001,55.662499999999994,0.04625,0.0006900000000000001,3.6500000000000004,48.900000000000006,-95.59999996666669
2011-01-25,0.04513589658918542,263.375,251.77500000000003,0.0625,74.4,0.06750000000000002,0.00099375,3.3249999999999997,48.900000000000006,-95.59999996666669
2011-02-02,0.1,264.3375,250.61249999999998,0.7250000000000001,96.35000000000001,0.07750000000000001,0.0010600000000000002,4.262500000000001,48.900000000000006,-95.59999996666669
2011-02-10,0.037482941006541086,270.9625,259.1125,0.0,102.46249999999999,0.11750000000000001,0.0017975,3.6,48.900000000000006,-95.59999996666669
2011-02-18,0.105674076842067,263.55,252.425,0.037500000000000006,111.05,0.06999999999999999,0.00091,4.2125,48.900000000000006,-95.59999996666669
2011-02-26,0.17386521267759295,264.525,252.0125,0.0,131.97500000000002,0.0825,0.0009125000000000001,3.825,48.900000000000006,-95.59999996666669
2011-03-06,0.026134787322407087,269.77500000000003,256.77500000000003,0.5875,141.2125,0.12250000000000001,0.00138375,3.4875000000000007,48.900000000000006,-95.59999996666669
2011-03-14,0.12467518610884534,275.71250000000003,266.2625,0.6125,159.625,0.15124999999999997,0.0025812500000000006,3.775000000000001,48.900000000000006,-95.59999996666669
2011-03-22,0.15080997343125244,272.46250000000003,261.27500000000003,0.0,221.2375,0.15625,0.0016637499999999999,3.1,48.900000000000006,-95.59999996666669
2011-03-30,0.22467518610884535,278.40000000000003,268.45,1.8875000000000002,173.05,0.19125000000000003,0.0030375,3.4874999999999994,48.900000000000006,-95.59999996666669
2011-04-07,0.3246751861088454,285.38750000000005,271.725,5.112500000000001,206.25,0.37875,0.004092500000000001,3.8625000000000003,48.900000000000006,-95.59999996666669
2011-04-15,0.42467518610884536,280.1125,270.5625,1.7750000000000001,176.2375,0.3112500000000001,0.0029275000000000004,3.5625000000000004,48.900000000000006,-95.59999996666669
2011-04-23,0.42467518610884536,290.2625,275.5875,2.725,240.41250000000002,0.7075,0.004130000000000001,4.025,48.900000000000006,-95.59999996666669
2011-05-01,0.6928663219443714,288.525,274.2,0.75,216.18750000000003,0.59875,0.004127500000000001,4.6000000000000005,48.900000000000006,-95.59999996666669
2011-05-09,0.5522695746448142,289.45,276.5375,0.6000000000000001,227.02500000000003,0.49,0.005492500000000001,4.825000000000001,48.900000000000006,-95.59999996666669
2011-05-17,1.2301889173019693,293.81249999999994,280.6875,2.7875,235.62499999999997,0.69375,0.006883750000000001,4.175000000000001,48.900000000000006,-95.59999996666669
2011-05-25,1.380998890733222,289.85,276.925,3.8625000000000003,227.65,0.4900000000000001,0.0055249999999999995,4.4625,48.900000000000006,-95.59999996666669
2011-06-02,1.9521092289958715,294.3375,281.65,0.8250000000000001,254.93750000000003,0.65875,0.00771,4.8875,48.900000000000006,-95.59999996666669
2011-06-10,2.1078172835948243,295.56250000000006,283.23749999999995,0.8875000000000002,257.3,0.7000000000000001,0.008268750000000002,3.8500000000000005,48.900000000000006,-95.59999996666669
2011-06-18,2.6477304253551863,297.075,285.97499999999997,5.9750000000000005,253.52500000000003,0.7375,0.009600000000000003,3.8875,48.900000000000006,-95.59999996666669
2011-06-26,3.0310328684901084,299.59999999999997,286.25,3.5250000000000004,278.71250000000003,0.7362500000000001,0.011405,4.15,48.900000000000006,-95.59999996666669
2011-07-04,3.084762044348484,300.05,287.2375,2.9375,278.75,0.6825,0.012170000000000002,3.475,48.900000000000006,-95.59999996666669
2011-07-12,3.116570908512958,302.6875,289.1875,0.2,282.35,0.9862500000000001,0.013456250000000003,3.3375,48.900000000000006,-95.59999996666669
2011-07-20,3.417705836065397,300.15,286.75,6.737500000000001,257.1,0.7775000000000001,0.011635000000000001,4.1125,48.900000000000006,-95.59999996666669
2011-07-28,3.216570908512958,303.35,287.1375,0.6375000000000001,274.45,1.33,0.010373750000000003,3.7625000000000006,48.900000000000006,-95.59999996666669
2011-08-05,2.6593068802020357,299.25,285.5625,1.6000000000000003,226.7625,1.00125,0.009075,3.3375,48.900000000000006,-95.59999996666669
2011-08-13,2.6574923294736386,300.59999999999997,284.5375,0.9500000000000001,236.96249999999998,1.1275,0.00896125,3.9125000000000005,48.900000000000006,-95.59999996666669
2011-08-21,2.428602667736288,301.8625,284.5,0.0,229.96249999999998,1.54875,0.007431250000000001,4.3500000000000005,48.900000000000006,-95.59999996666669
2011-08-29,2.2081419572559478,297.97499999999997,283.7875,3.3125000000000004,200.07500000000005,0.8650000000000001,0.009010000000000002,3.9375000000000004,48.900000000000006,-95.59999996666669
2011-09-06,1.8862216455620457,300.375,283.95,0.08750000000000001,193.8625,1.4412500000000001,0.007003750000000001,3.5375000000000005,48.900000000000006,-95.59999996666669
2011-09-14,1.5915710487429897,289.625,277.025,3.2,140.2,0.5375,0.0054575000000000005,5.6625,48.900000000000006,-95.59999996666669
2011-09-22,1.295785524371495,294.21250000000003,278.4625,0.325,170.7,0.75375,0.00629875,4.2125,48.900000000000006,-95.59999996666669
2011-09-30,0.9957855243714949,298.55,280.225,0.0,154.0,1.3825,0.00518875,5.2250000000000005,48.900000000000006,-95.59999996666669
2011-10-08,0.8724056114640313,289.82500000000005,280.05,3.7125000000000004,96.30000000000001,0.5900000000000001,0.0057575000000000005,5.45,48.900000000000006,-95.59999996666669
2011-10-16,0.57953928951966,282.9125,272.775,0.0,104.38750000000002,0.34875,0.00358625,4.9375,48.900000000000006,-95.59999996666669
2011-10-24,0.46819113583552596,282.65000000000003,271.47499999999997,0.41250000000000003,87.60000000000001,0.35,0.0032937500000000002,2.9250000000000007,48.900000000000006,-95.59999996666669
2011-11-01,0.47386521267759296,282.275,269.51250000000005,0.0,79.23750000000001,0.37375,0.00285875,5.2875,48.900000000000006,-95.59999996666669
2011-11-09,0.2318088641644741,277.125,267.92499999999995,0.2625,66.9125,0.15500000000000003,0.0029725,4.012500000000001,48.900000000000006,-95.59999996666669
2011-11-17,0.5,271.57500000000005,262.15,0.16250000000000003,67.08749999999999,0.08374999999999999,0.00214125,3.9375000000000004,48.900000000000006,-95.59999996666669
2011-11-25,0.5246751861088454,272.575,263.625,0.175,57.5125,0.08499999999999999,0.0023037500000000002,4.45,48.900000000000006,-95.59999996666669
2011-12-03,0.6246751861088454,267.05,258.27500000000003,0.1375,54.962500000000006,0.0775,0.0014175000000000001,4.275,48.900000000000006,-95.59999996666669
2011-12-11,0.6261347873224072,269.175,259.175,0.125,53.36250000000001,0.08,0.0016500000000000002,3.1500000000000004,48.900000000000006,-95.59999996666669
2011-12-19,0.7451358965891856,270.9125,262.02500000000003,0.0,49.949999999999996,0.09125,0.0019337500000000001,4.075,48.900000000000006,-95.59999996666669
2011-12-27,0.7261347873224073,269.5,258.5,0.76,54.64,0.08,0.0016260000000000003,3.1,48.900000000000006,-95.59999996666669
2012-01-01,0.4451358965891855,269.84999999999997,260.8625,0.1,48.587500000000006,0.1025,0.0016749999999999998,4.5,48.900000000000006,-95.59999996666669
2012-01-09,0.5451358965891855,267.5875,257.45,0.325,52.8125,0.08625000000000001,0.00146375,4.0625,48.900000000000006,-95.59999996666669
2012-01-17,0.41900110926677836,261.3875,250.33749999999998,0.17500000000000002,62.72500000000001,0.06625,0.000845,3.8125000000000004,48.900000000000006,-95.59999996666669
2012-01-25,0.3000000000000001,270.1875,258.55,0.3875,83.33750000000002,0.105,0.00158875,4.0875,48.900000000000006,-95.59999996666669
2012-02-02,0.24513589658918544,269.40000000000003,256.6125,0.0,105.37500000000003,0.1025,0.00144,3.3000000000000007,48.900000000000006,-95.59999996666669
2012-02-10,0.1655966070695255,266.5125,253.72500000000002,0.0,108.42500000000001,0.10250000000000001,0.00112125,3.2,48.900000000000006,-95.59999996666669
2012-02-18,0.1522695746448142,271.925,262.4125,1.8750000000000002,98.8375,0.1125,0.0019662500000000005,3.6000000000000005,48.900000000000006,-95.59999996666669
2012-02-26,0.22467518610884535,270.85,260.11249999999995,0.48750000000000004,112.16250000000001,0.1125,0.0016937500000000004,3.6375,48.900000000000006,-95.59999996666669
2012-03-05,0.3190011092667784,273.9,262.16249999999997,1.7375,136.4875,0.135,0.00214875,4.0,48.900000000000006,-95.59999996666669
2012-03-13,0.3261347873224072,289.575,275.08750000000003,0.28750000000000003,193.1125,0.6412500000000001,0.00440875,4.762499999999999,48.900000000000006,-95.59999996666669
2012-03-21,0.3451358965891855,285.075,272.4,1.2750000000000001,172.22500000000002,0.51,0.0034062500000000004,4.675000000000001,48.900000000000006,-95.59999996666669
2012-03-29,0.4204607104803401,287.875,274.3375,2.9875000000000003,193.4625,0.56125,0.004040000000000001,4.2124999999999995,48.900000000000006,-95.59999996666669
2012-04-06,0.2727302851251543,283.4625,271.5625,1.5,172.10000000000002,0.52375,0.00272375,5.500000000000001,48.900000000000006,-95.59999996666669
2012-04-14,0.5985403987864384,284.025,272.2125,1.5375,220.05,0.40875,0.003503750000000001,4.0625,48.900000000000006,-95.59999996666669
2012-04-22,0.4465954978027472,289.3875,273.85,0.08750000000000001,240.20000000000002,0.6937500000000001,0.0036725000000000004,4.387500000000001,48.900000000000006,-95.59999996666669
2012-04-30,0.8928663219443713,292.325,279.7375,0.42500000000000004,196.1875,0.6662499999999999,0.00600625,3.9000000000000004,48.900000000000006,-95.59999996666669
2012-05-08,0.9029192024271236,294.65000000000003,278.7625,0.32500000000000007,262.3875,1.0450000000000002,0.0047887500000000005,5.112500000000001,48.900000000000006,-95.59999996666669
2012-05-16,1.2839180931603453,297.8875,280.8125,1.8500000000000003,248.47500000000002,1.1050000000000002,0.006571250000000001,4.1375,48.900000000000006,-95.59999996666669
2012-05-24,1.2637820563411284,290.76250000000005,278.7375,1.9000000000000001,218.02499999999998,0.555,0.005952500000000001,3.7500000000000004,48.900000000000006,-95.59999996666669
2012-06-01,1.2829435112568497,300.0375,285.8625,0.75,286.5375,1.32625,0.007683750000000001,2.925,48.900000000000006,-95.59999996666669
2012-06-09,1.9842427668214684,297.725,282.58750000000003,7.874999999999999,257.0,0.8500000000000001,0.00861125,4.737500000000001,48.900000000000006,-95.59999996666669
2012-06-17,2.0715953575727157,296.96250000000003,283.625,0.7875000000000001,255.58750000000003,0.82,0.008283750000000001,3.4875,48.900000000000006,-95.59999996666669
2012-06-25,2.7670562082830874,306.1125,285.65,1.0875000000000001,292.25,2.0475,0.007872500000000001,4.3375,48.900000000000006,-95.59999996666669
2012-07-03,2.079378382950591,303.5625,288.72499999999997,2.8249999999999997,282.25,1.53625,0.00992125,2.7750000000000004,48.900000000000006,-95.59999996666669
2012-07-11,2.963361010181598,305.325,289.55,1.4250000000000003,251.32500000000002,1.77875,0.010163750000000001,3.8750000000000004,48.900000000000006,-95.59999996666669
2012-07-19,2.5053831004777676,306.4,288.90000000000003,1.2875,272.7375,1.9562499999999998,0.00995375,3.9375,48.900000000000006,-95.59999996666669
2012-07-27,2.314301053408081,304.625,288.15,4.3500000000000005,272.88750000000005,1.6525,0.009841250000000001,3.7375000000000003,48.900000000000006,-95.59999996666669
2012-08-04,2.0333021626748593,299.5,283.7375,0.2,254.7875,1.085,0.00847375,4.0,48.900000000000006,-95.59999996666669
2012-08-12,2.4313575421512317,296.975,282.35,2.0625000000000004,217.88750000000002,0.9112499999999999,0.00744375,3.9250000000000003,48.900000000000006,-95.59999996666669
2012-08-20,2.212356432884453,303.01249999999993,285.86249999999995,1.0750000000000002,230.75000000000003,1.63125,0.008106250000000002,3.3875,48.900000000000006,-95.59999996666669
2012-08-28,1.9237348624222994,304.875,286.375,0.0,202.76250000000002,1.99375,0.007291250000000002,4.3375,48.900000000000006,-95.59999996666669
2012-09-05,1.4065180280302059,295.8375,280.4375,0.45,172.3875,1.0862500000000002,0.00548375,4.987500000000001,48.900000000000006,-95.59999996666669
2012-09-13,1.3858969719009229,291.2875,276.20000000000005,0.47500000000000003,157.06249999999997,0.8587500000000001,0.00395375,4.562500000000001,48.900000000000006,-95.59999996666669
2012-09-21,1.0162462348518349,289.97499999999997,274.1875,0.15000000000000002,152.8,0.755,0.0037762499999999997,3.7000000000000006,48.900000000000006,-95.59999996666669
2012-09-29,0.8219203116939019,290.5875,276.55,4.1875,127.6,0.9199999999999999,0.0041425,5.95,48.900000000000006,-95.59999996666669
2012-10-07,0.6147866336382732,281.45000000000005,271.675,0.6500000000000001,91.9,0.31875,0.0032525,4.000000000000001,48.900000000000006,-95.59999996666669
2012-10-15,0.4,286.375,277.125,4.625,69.92500000000001,0.28750000000000003,0.0057150000000000005,3.8625,48.900000000000006,-95.59999996666669
2012-10-23,0.3261347873224072,278.925,271.4375,1.6500000000000001,60.9375,0.20875,0.0034187500000000008,4.5375000000000005,48.900000000000006,-95.59999996666669
2012-10-31,0.3204607104803402,279.35,272.35,1.4375,60.025,0.21374999999999997,0.00353,3.4000000000000004,48.900000000000006,-95.59999996666669
2012-11-08,0.3056740768420671,274.725,267.28749999999997,0.9125000000000001,52.8375,0.10750000000000001,0.0028150000000000007,4.825,48.900000000000006,-95.59999996666669
2012-11-16,0.2579436514868812,276.22499999999997,267.275,0.0,59.4625,0.14750000000000002,0.002845,4.15,48.900000000000006,-95.59999996666669
2012-11-24,0.3332684653780359,269.625,261.7875,0.8,47.7625,0.10625000000000001,0.0016975,4.1375,48.900000000000006,-95.59999996666669
2012-12-02,0.6036951981014897,270.15000000000003,261.6125,1.375,55.07500000000002,0.11,0.0018025,4.775,48.900000000000006,-95.59999996666669
2012-12-10,0.3318088641644742,265.825,256.6875,0.0,51.900000000000006,0.06875,0.0012687500000000001,3.025,48.900000000000006,-95.59999996666669
2012-12-18,0.18975251565135526,265.08750000000003,257.02500000000003,0.65,50.775000000000006,0.0625,0.0012500000000000002,2.8875,48.900000000000006,-95.59999996666669
2012-12-26,0.1712706839115925,265.15000000000003,259.2,0.06666666666666667,37.483333333333334,0.06499999999999999,0.0013316666666666668,2.733333333333333,48.900000000000006,-95.59999996666669
2013-01-01,0.07710908876583952,268.3875,258.65,0.15000000000000002,55.737500000000004,0.10125,0.0013900000000000002,3.6625,48.900000000000006,-95.59999996666669
2013-01-09,0.12645946098353017,265.4875,254.33750000000003,2.0125,63.0125,0.07,0.0013337499999999999,4.987500000000001,48.900000000000006,-95.59999996666669
2013-01-17,0.04805509901630892,256.875,244.92499999999998,0.8,62.5625,0.0425,0.0005225000000000002,3.9750000000000005,48.900000000000006,-95.59999996666669
2013-01-25,0.052269574644814173,263.325,252.8125,0.3375,64.52499999999999,0.07,0.00104125,3.9000000000000004,48.900000000000006,-95.59999996666669
2013-02-02,0.023379912907463593,265.6,253.7,1.5625,85.92500000000001,0.08625000000000001,0.0010387500000000002,2.8375000000000004,48.900000000000006,-95.59999996666669
2013-02-10,0.026134787322407087,269.9625,258.1,0.41250000000000003,110.51250000000002,0.10750000000000001,0.00150125,4.1875,48.900000000000006,-95.59999996666669
2013-02-18,0.026134787322407087,268.04999999999995,253.675,0.25,135.0875,0.10250000000000001,0.00125875,3.7750000000000004,48.900000000000006,-95.59999996666669
2013-02-26,0.026134787322407087,272.25,261.05,1.075,140.5625,0.1325,0.00176,3.6,48.900000000000006,-95.59999996666669
2013-03-06,0.026134787322407087,272.62499999999994,261.95,0.15000000000000002,156.7125,0.1275,0.00190375,3.0875000000000004,48.900000000000006,-95.59999996666669
2013-03-14,0.026134787322407087,268.3125,255.96249999999998,1.525,166.3625,0.095,0.00133125,4.5874999999999995,48.900000000000006,-95.59999996666669
2013-03-22,0.026134787322407087,274.83750000000003,264.7,0.0,188.13750000000002,0.165,0.0022000000000000006,2.0875,48.900000000000006,-95.59999996666669
2013-03-30,0.026134787322407087,273.45,263.5375,0.1375,194.0125,0.10999999999999999,0.0022525,4.0874999999999995,48.900000000000006,-95.59999996666669
2013-04-07,0.11624623485183486,274.1875,263.32499999999993,1.075,213.93750000000003,0.08375,0.0025012500000000004,3.562500000000001,48.900000000000006,-95.59999996666669
2013-04-15,0.3204607104803402,275.95,267.79999999999995,2.375,189.275,0.13875,0.0028037500000000003,4.3875,48.900000000000006,-95.59999996666669
2013-04-23,0.4204607104803401,285.9375,270.7,3.75,251.1125,0.45125000000000004,0.00391,4.200000000000001,48.900000000000006,-95.59999996666669
2013-05-01,0.5190011092667784,286.5625,273.1625,0.0,258.25,0.5425,0.0038825000000000005,3.462500000000001,48.900000000000006,-95.59999996666669
2013-05-09,0.7000000000000002,291.175,275.1125,0.23750000000000002,267.0625,0.7950000000000002,0.004311250000000001,4.7875000000000005,48.900000000000006,-95.59999996666669
2013-05-17,0.768191135835526,290.7,279.0,9.525000000000002,194.37500000000003,0.47750000000000004,0.006407500000000001,5.1875,48.900000000000006,-95.59999996666669
2013-05-25,1.2753248138911548,293.96250000000003,282.58750000000003,4.875,208.7375,0.5350000000000001,0.0084025,5.0,48.900000000000006,-95.59999996666669
2013-06-02,1.2521092289958713,292.45,280.65,0.45000000000000007,249.60000000000002,0.6300000000000001,0.006503750000000001,3.1375000000000006,48.900000000000006,-95.59999996666669
2013-06-10,1.8864162494279382,296.8625,284.625,0.3125,291.56250000000006,0.74,0.008977500000000001,3.7875000000000005,48.900000000000006,-95.59999996666669
2013-06-18,2.2281176484262217,300.2125,287.2125,0.55,281.775,0.89125,0.010950000000000001,3.4125000000000005,48.900000000000006,-95.59999996666669
2013-06-26,2.318519511399823,299.57500000000005,287.97499999999997,1.7875,289.70000000000005,0.8625,0.01089875,3.6375,48.900000000000006,-95.59999996666669
2013-07-04,2.521629335329602,300.37500000000006,287.72499999999997,1.0,276.3,0.7487499999999999,0.0121525,3.1125000000000007,48.900000000000006,-95.59999996666669
2013-07-12,3.140309753298494,301.675,288.1375,4.375,279.57500000000005,0.7650000000000001,0.013068749999999999,3.6125000000000003,48.900000000000006,-95.59999996666669
2013-07-20,2.6270129967274953,293.4125,282.65,2.7875,238.08750000000003,0.46125000000000005,0.008485,3.6125000000000003,48.900000000000006,-95.59999996666669
2013-07-28,2.721114040165824,296.0875,282.3875,0.625,240.33750000000003,0.7812500000000001,0.00774875,3.5750000000000006,48.900000000000006,-95.59999996666669
2013-08-05,2.8220846397060826,293.9875,283.375,2.775,202.46250000000003,0.5337500000000001,0.0085625,2.9250000000000003,48.900000000000006,-95.59999996666669
2013-08-13,2.350328375564297,303.02500000000003,285.82500000000005,0.0,246.82500000000002,1.5725000000000002,0.0086975,3.375,48.900000000000006,-95.59999996666669
2013-08-21,2.8143353116250305,305.2875,289.17499999999995,2.75,223.93750000000003,1.6537499999999998,0.010976250000000002,2.8625000000000003,48.900000000000006,-95.59999996666669
2013-08-29,2.4191654372789593,301.025,284.6375,1.8375,198.15000000000003,1.135,0.009455,3.3875,48.900000000000006,-95.59999996666669
2013-09-06,1.5735439604595807,297.7625,284.71250000000003,0.36250000000000004,152.66250000000002,0.8337500000000001,0.00934125,3.4000000000000004,48.900000000000006,-95.59999996666669
2013-09-14,2.094490251170113,294.27500000000003,279.3625,0.05,168.29999999999998,0.6412500000000001,0.007412500000000001,4.4,48.900000000000006,-95.59999996666669
2013-09-22,1.6639766602070212,296.175,280.7,8.0,138.0125,0.8374999999999999,0.00747375,5.1625000000000005,48.900000000000006,-95.59999996666669
2013-09-30,1.3373225953575982,288.8,276.8875,2.1125,123.60000000000001,0.4962500000000001,0.005291249999999999,4.475,48.900000000000006,-95.59999996666669
2013-10-08,0.9548641034108147,290.38750000000005,278.425,2.975,107.0125,0.58875,0.005697500000000001,4.575000000000001,48.900000000000006,-95.59999996666669
2013-10-16,0.653404502197253,278.825,271.58750000000003,0.15000000000000002,66.5625,0.17125,0.0036500000000000005,3.6625,48.900000000000006,-95.59999996666669
2013-10-24,0.4,277.97499999999997,269.975,0.0,79.63750000000002,0.19625,0.0030762500000000004,3.8875,48.900000000000006,-95.59999996666669
2013-11-01,0.47386521267759296,279.40000000000003,269.59999999999997,0.0625,81.025,0.25125,0.0029975000000000006,4.4750000000000005,48.900000000000006,-95.59999996666669
2013-11-09,0.4,275.575,266.525,0.175,62.025,0.13874999999999998,0.0027387500000000003,4.575,48.900000000000006,-95.59999996666669
2013-11-17,0.37953928951966,269.425,260.78749999999997,1.9250000000000003,57.4125,0.06625,0.0019775000000000005,4.9625,48.900000000000006,-95.59999996666669
2013-11-25,0.2,269.2,262.18750000000006,0.28750000000000003,42.25,0.06,0.0019337500000000004,3.900000000000001,48.900000000000006,-95.59999996666669
2013-12-03,0.1261347873224071,261.03749999999997,253.325,2.3375000000000004,42.925000000000004,0.030000000000000002,0.0011012500000000002,4.825,48.900000000000006,-95.59999996666669
2013-12-11,0.1465954978027472,260.0625,250.75,0.05,49.25,0.046250000000000006,0.000805,3.4625,48.900000000000006,-95.59999996666669
2013-12-19,0.15372917585837592,259.2375,248.6875,0.1375,54.13750000000001,0.03625,0.0007362500000000001,3.2249999999999996,48.900000000000006,-95.59999996666669
2013-12-27,0.0946505968190561,258.78000000000003,247.08,0.3,49.8,0.032,0.0008460000000000001,3.62,48.900000000000006,-95.59999996666669
2014-01-01,0.07840436196722125,253.8,241.08749999999995,1.05,56.3625,0.03875000000000001,0.00040625,4.0375000000000005,48.900000000000006,-95.59999996666669
2014-01-09,0.0882929144377935,268.5,255.51249999999996,0.2625,53.862500000000004,0.14375000000000002,0.0012437500000000003,4.6,48.900000000000006,-95.59999996666669
2014-01-17,0.08407843880928825,262.9125,245.6625,1.5625,70.66250000000001,0.08,0.0007737499999999999,4.6625000000000005,48.900000000000006,-95.59999996666669
2014-01-25,0.07127068391159251,255.58750000000003,245.21250000000003,0.3375,79.7125,0.03875,0.00049125,4.949999999999999,48.900000000000006,-95.59999996666669
2014-02-02,0.046595497802747174,258.0375,245.89999999999998,0.0,93.52499999999999,0.04125,0.0005675000000000001,3.775,48.900000000000006,-95.59999996666669
2014-02-10,0.046595497802747174,262.5125,248.875,1.8625000000000003,111.26249999999999,0.075,0.00076625,4.0375000000000005,48.900000000000006,-95.59999996666669
2014-02-18,0.026134787322407087,263.51250000000005,253.2375,0.0,122.03750000000002,0.065,0.0011375000000000003,5.825,48.900000000000006,-95.59999996666669
2014-02-26,0.020460710480340087,257.82500000000005,243.625,0.0,146.13750000000002,0.057499999999999996,0.00048375,4.1875,48.900000000000006,-95.59999996666669
2014-03-06,0.026134787322407087,273.42499999999995,258.1875,0.5625,148.225,0.1575,0.0018425,3.7375000000000003,48.900000000000006,-95.59999996666669
2014-03-14,0.026134787322407087,271.6625,257.05,1.0,171.1625,0.08875000000000001,0.00198875,3.6875000000000004,48.900000000000006,-95.59999996666669
2014-03-22,0.1,268.8875,255.6875,0.05,168.0875,0.1175,0.0013050000000000002,4.375000000000001,48.900000000000006,-95.59999996666669
2014-03-30,0.22467518610884535,275.5375,263.88750000000005,2.1625,193.3625,0.15625,0.0024637500000000002,4.1625000000000005,48.900000000000006,-95.59999996666669
2014-04-07,0.2261347873224071,278.9875,269.025,0.3125,207.45,0.21875000000000003,0.0032037500000000004,4.862500000000001,48.900000000000006,-95.59999996666669
2014-04-15,0.3451358965891855,281.8875,268.4,0.35000000000000003,268.16249999999997,0.36500000000000005,0.0029362500000000005,4.15,48.900000000000006,-95.59999996666669
2014-04-23,0.4261347873224071,281.775,273.8125,3.825,212.15000000000003,0.31375000000000003,0.0036700000000000005,6.237500000000001,48.900000000000006,-95.59999996666669
2014-05-01,0.5451358965891855,283.3125,275.0,4.575,135.9875,0.25125,0.004635000000000001,4.0375,48.900000000000006,-95.59999996666669
2014-05-09,0.4727302851251543,285.9875,274.97499999999997,4.7875,193.38750000000002,0.4025,0.004676250000000001,4.275,48.900000000000006,-95.59999996666669
2014-05-17,0.5378076146676642,293.1375,281.3,2.2125000000000004,239.88750000000002,0.7662499999999999,0.0065475,4.175,48.900000000000006,-95.59999996666669
2014-05-25,1.395785524371495,299.42499999999995,287.16249999999997,1.0,274.5125,0.9762500000000001,0.009895,3.3875000000000006,48.900000000000006,-95.59999996666669
2014-06-02,1.7725699394762113,294.3125,283.1375,3.5125,248.3,0.64875,0.00789375,3.9250000000000003,48.900000000000006,-95.59999996666669
2014-06-10,2.07970361753184,293.375,284.13749999999993,6.125,238.0125,0.54375,0.00841,4.625,48.900000000000006,-95.59999996666669
2014-06-18,2.5686801375088293,296.575,286.8125,1.1875,238.20000000000002,0.615,0.010443750000000002,3.9750000000000005,48.900000000000006,-95.59999996666669
2014-06-26,2.7997130059989375,295.93750000000006,286.325,2.7500000000000004,231.82500000000002,0.5825,0.01042875,6.1000000000000005,48.900000000000006,-95.59999996666669
2014-07-04,2.921633317692839,298.79999999999995,287.1125,1.7125000000000004,273.55,0.6325000000000001,0.0116775,4.312500000000001,48.900000000000006,-95.59999996666669
2014-07-12,2.8075263072305248,296.5125,284.4125,1.0875000000000001,276.23749999999995,0.63875,0.009521250000000002,4.737500000000001,48.900000000000006,-95.59999996666669
2014-07-20,2.988525197963747,298.825,286.15000000000003,6.0,266.0875,0.6775,0.011156250000000001,3.9375,48.900000000000006,-95.59999996666669
2014-07-28,2.7383605894915033,298.76250000000005,285.5125,0.8375,268.20000000000005,0.8800000000000001,0.009455,2.825,48.900000000000006,-95.59999996666669
2014-08-05,2.075071517186915,299.875,287.025,0.15000000000000002,251.53750000000002,1.08375,0.009411250000000001,3.6000000000000005,48.900000000000006,-95.59999996666669
2014-08-13,2.6774337624269626,298.4,287.7375,1.2375,222.45000000000002,0.79375,0.01060875,3.5375000000000005,48.900000000000006,-95.59999996666669
2014-08-21,2.352433902656995,294.95,285.5375,3.8125000000000004,166.725,0.355,0.011012500000000001,4.475,48.900000000000006,-95.59999996666669
2014-08-29,2.313296756570999,294.9,282.0875,2.8375,189.75,0.45625000000000004,0.009156250000000001,3.825,48.900000000000006,-95.59999996666669
2014-09-06,1.9652416575546903,290.51250000000005,277.8625,0.7000000000000001,157.85000000000002,0.5925,0.0057350000000000005,4.5375000000000005,48.900000000000006,-95.59999996666669
2014-09-14,1.7175415080532168,290.26250000000005,279.175,3.5375000000000005,151.07500000000002,0.4287500000000001,0.0066425,4.312500000000001,48.900000000000006,-95.59999996666669
2014-09-22,1.482813441461619,294.87500000000006,283.8875,1.2625000000000002,146.2125,0.7025,0.00849,4.637499999999999,48.900000000000006,-95.59999996666669
2014-09-30,1.1824584919467838,283.7375,275.6,1.125,108.2625,0.27875000000000005,0.00494875,6.575000000000001,48.900000000000006,-95.59999996666669
2014-10-08,0.77953928951966,287.375,274.2625,0.9125000000000001,118.85000000000001,0.47875,0.00442875,4.1000000000000005,48.900000000000006,-95.59999996666669
2014-10-16,0.6795392895196601,287.33750000000003,277.675,0.275,109.125,0.46249999999999997,0.005090000000000001,5.125,48.900000000000006,-95.59999996666669
2014-10-24,0.46819113583552596,282.1875,271.4875,0.8375000000000001,86.075,0.32375,0.00381875,4.687500000000001,48.900000000000006,-95.59999996666669
2014-11-01,0.3928663219443713,278.82500000000005,270.325,0.5625,66.575,0.27125,0.0029237500000000006,5.15,48.900000000000006,-95.59999996666669
2014-11-09,0.47386521267759296,267.2,260.01250000000005,0.0,59.07500000000001,0.06875,0.00158,5.25,48.900000000000006,-95.59999996666669
2014-11-17,0.5,268.4375,259.42499999999995,0.28750000000000003,56.7875,0.0725,0.00177375,5.575000000000001,48.900000000000006,-95.59999996666669
2014-11-25,0.7606985259018249,261.8875,251.23749999999998,0.3125,55.300000000000004,0.05,0.0009350000000000001,4.0625,48.900000000000006,-95.59999996666669
2014-12-03,0.5831381151227422,269.3125,259.925,0.8375,54.375,0.11124999999999999,0.00158125,3.925,48.900000000000006,-95.59999996666669
2014-12-11,0.5072940237045719,270.33750000000003,264.41249999999997,0.08750000000000001,48.61250000000001,0.0925,0.0022375000000000003,3.9125,48.900000000000006,-95.59999996666669
2014-12-19,0.6175072498362673,271.875,268.46250000000003,1.1500000000000001,28.450000000000003,0.13,0.00242875,3.175,48.900000000000006,-95.59999996666669
2014-12-27,0.3249998597699685,259.64,249.44,0.1,44.24,0.052000000000000005,0.00081,4.3,48.900000000000006,-95.59999996666669
2015-01-01,0.23411241656617454,257.2,246.5,1.9375,58.175,0.0475,0.0005437500000000001,4.625000000000001,48.900000000000006,-95.59999996666669
2015-01-09,0.21932578292790145,262.3875,249.8875,0.1375,66.6625,0.09250000000000001,0.00075,4.3125,48.900000000000006,-95.59999996666669
2015-01-17,0.17273028512515426,271.675,262.55,0.0,63.72500000000001,0.125,0.0019200000000000003,3.9,48.900000000000006,-95.59999996666669
2015-01-25,0.14951470022987068,266.925,256.7875,0.1375,68.7125,0.08249999999999999,0.00156625,3.9625000000000004,48.900000000000006,-95.59999996666669
2015-02-02,0.04805509901630892,263.32500000000005,255.7625,0.125,87.3625,0.0925,0.0008875,3.525,48.900000000000006,-95.59999996666669
2015-02-10,0.046595497802747174,259.86249999999995,247.5125,0.9625000000000001,85.7625,0.02875,0.0008687500000000001,4.8875,48.900000000000006,-95.59999996666669
2015-02-18,0.1204607104803401,259.71250000000003,244.1875,0.1625,117.3125,0.048749999999999995,0.0006837500000000001,5.025,48.900000000000006,-95.59999996666669
2015-02-26,0.1753248138911547,262.9125,247.75,0.0,138.9875,0.06125,0.0008025,4.7749999999999995,48.900000000000006,-95.59999996666669
2015-03-06,0.3190011092667784,276.48749999999995,267.8625,0.0,163.1875,0.23875000000000002,0.00238125,3.6375,48.900000000000006,-95.59999996666669
2015-03-14,0.27127068391159254,277.6125,266.3625,0.0,175.05000000000004,0.2675,0.0024712500000000004,4.2125,48.900000000000006,-95.59999996666669
2015-03-22,0.34659549780274723,274.59999999999997,265.675,1.9500000000000002,166.65000000000003,0.19875,0.0021512500000000004,5.300000000000001,48.900000000000006,-95.59999996666669
2015-03-30,0.41900110926677836,279.67499999999995,266.6125,0.0,187.4,0.30125,0.00279,3.7750000000000004,48.900000000000006,-95.59999996666669
2015-04-07,0.4451358965891855,286.8375,272.12500000000006,0.48750000000000004,237.625,0.60875,0.0031900000000000006,4.487500000000001,48.900000000000006,-95.59999996666669
2015-04-15,0.4465954978027472,285.9375,272.45000000000005,1.1625,213.7,0.5812499999999999,0.00349,6.662500000000001,48.900000000000006,-95.59999996666669
2015-04-23,0.37127068391159257,289.875,274.8375,0.07500000000000001,256.175,0.79875,0.00357,3.4750000000000005,48.900000000000006,-95.59999996666669
2015-05-01,0.6246751861088454,293.175,277.9,1.525,246.15,0.895,0.00520875,4.937500000000001,48.900000000000006,-95.59999996666669
2015-05-09,0.9809988907332218,284.6,276.7,3.9125,164.83750000000003,0.32875000000000004,0.005013750000000001,4.3875,48.900000000000006,-95.59999996666669
2015-05-17,1.232943791716913,291.58750000000003,277.4,4.15,267.15000000000003,0.79125,0.0052575,4.2,48.900000000000006,-95.59999996666669
2015-05-25,1.4897867738683048,292.8875,280.6,1.725,276.58750000000003,0.7925000000000001,0.0060775000000000004,4.25,48.900000000000006,-95.59999996666669
2015-06-02,1.553729175858376,295.1125,285.92499999999995,6.7125,225.29999999999998,0.59625,0.0093775,4.15,48.900000000000006,-95.59999996666669
2015-06-10,2.043321345860788,295.84999999999997,284.11249999999995,0.23750000000000004,281.65,0.7887499999999998,0.00814625,3.75,48.900000000000006,-95.59999996666669
2015-06-18,2.474189886338716,295.7,284.975,2.3249999999999997,273.61249999999995,0.735,0.0085525,3.0875,48.900000000000006,-95.59999996666669
2015-06-26,2.8335931390391593,298.95,287.18749999999994,0.125,288.86250000000007,1.00625,0.00930375,2.725,48.900000000000006,-95.59999996666669
2015-07-04,3.264301333868144,297.375,286.20000000000005,6.3375,271.425,0.78625,0.00987875,3.9375,48.900000000000006,-95.59999996666669
2015-07-12,3.3620657369802163,299.15,289.90000000000003,7.5875,252.55,0.5387500000000001,0.013416250000000003,2.9625000000000004,48.900000000000006,-95.59999996666669
2015-07-20,3.089335451855062,300.525,289.5,2.275,285.3625,1.0025000000000002,0.011305000000000003,3.8000000000000003,48.900000000000006,-95.59999996666669
2015-07-28,2.9956588760193754,297.55,285.55,1.2125000000000001,241.71250000000003,0.88375,0.008763750000000002,5.712500000000001,48.900000000000006,-95.59999996666669
2015-08-05,2.780096246706736,298.675,286.575,7.800000000000001,249.95,0.8875,0.009725000000000003,3.7875,48.900000000000006,-95.59999996666669
2015-08-13,1.9269444802935964,298.15000000000003,284.6875,0.4,234.18749999999997,0.8225,0.0098225,4.0375,48.900000000000006,-95.59999996666669
2015-08-21,2.5933553236176747,294.96250000000003,283.2,3.975,204.47500000000002,0.56875,0.009150000000000002,4.6625000000000005,48.900000000000006,-95.59999996666669
2015-08-29,2.3754891419033353,300.65,289.1625,2.5625,211.43750000000003,0.92125,0.011785,4.225,48.900000000000006,-95.59999996666669
2015-09-06,2.2259744416734644,293.76249999999993,280.37500000000006,0.375,185.3625,0.59125,0.0076575,4.2125,48.900000000000006,-95.59999996666669
2015-09-14,1.8203003648313971,295.65,282.6375,0.8125000000000001,174.6125,0.77125,0.00787875,4.500000000000001,48.900000000000006,-95.59999996666669
2015-09-22,1.4490296809198047,292.275,281.07499999999993,1.3125,155.17499999999998,0.58375,0.007145000000000001,4.0375000000000005,48.900000000000006,-95.59999996666669
2015-09-30,1.2201360368192171,289.1,275.575,0.6375000000000001,123.77500000000002,0.61125,0.004323750000000001,4.5625,48.900000000000006,-95.59999996666669
2015-10-08,0.9201360368192172,288.9375,276.9,0.6000000000000001,113.3875,0.5575,0.0052925,5.3125,48.900000000000006,-95.59999996666669
2015-10-16,0.65907857903932,286.1125,273.17499999999995,2.0250000000000004,95.67500000000001,0.46749999999999997,0.003935,4.15,48.900000000000006,-95.59999996666669
2015-10-24,0.553404502197253,282.3625,273.4375,1.5500000000000003,76.6375,0.2275,0.00431375,4.4125000000000005,48.900000000000006,-95.59999996666669
2015-11-01,0.553404502197253,280.95,274.225,1.8125,61.825,0.1625,0.004636250000000001,4.075000000000001,48.900000000000006,-95.59999996666669
2015-11-09,0.47240561146403126,281.40000000000003,273.2875,0.08750000000000001,69.5,0.27749999999999997,0.0038850000000000004,3.9250000000000003,48.900000000000006,-95.59999996666669
2015-11-17,0.5724056114640313,273.125,266.27500000000003,2.4000000000000004,46.7625,0.05,0.00298375,4.7124999999999995,48.900000000000006,-95.59999996666669
2015-11-25,0.4754851595400978,272.25,261.5625,0.3375,52.625,0.08875,0.00215875,3.2125,48.900000000000006,-95.59999996666669
2015-12-03,0.7246751861088455,277.6,269.0875,0.8125000000000001,56.9125,0.22625,0.0026987500000000006,3.5625000000000004,48.900000000000006,-95.59999996666669
2015-12-11,0.4436762953756237,269.2875,264.9875,1.6,43.975,0.04,0.0024112500000000006,3.9499999999999997,48.900000000000006,-95.59999996666669
2015-12-19,0.2261347873224071,267.0125,258.325,0.8625,51.28750000000001,0.08124999999999999,0.0015187500000000001,3.3625,48.900000000000006,-95.59999996666669
2015-12-27,0.1860573175498656,263.14,255.28000000000003,0.0,56.379999999999995,0.042,0.0012140000000000002,2.3800000000000003,48.900000000000006,-95.59999996666669
2016-01-01,0.15846292901389675,269.375,260.27500000000003,0.08750000000000001,54.987500000000004,0.15125,0.0013800000000000002,3.6,48.900000000000006,-95.59999996666669
2016-01-09,0.4166011843666705,254.9875,244.775,0.1125,52.93750000000001,0.01,0.0006737500000000001,3.1875,48.900000000000006,-95.59999996666669
2016-01-17,0.11900110926677834,262.93749999999994,254.91250000000002,0.3375,66.85000000000001,0.03375,0.0012375,3.0000000000000004,48.900000000000006,-95.59999996666669
2016-01-25,0.04513589658918542,271.71250000000003,264.3125,0.525,68.95000000000002,0.14625000000000002,0.0020037500000000003,4.0,48.900000000000006,-95.59999996666669
2016-02-02,0.026134787322407087,267.59999999999997,257.46250000000003,0.7125000000000001,89.78750000000001,0.11374999999999999,0.0013975000000000003,3.9000000000000004,48.900000000000006,-95.59999996666669
2016-02-10,0.1,264.32500000000005,250.1125,0.4625,108.3875,0.06875,0.0008837500000000001,3.6500000000000004,48.900000000000006,-95.59999996666669
2016-02-26,0.1261347873224071,269.125,256.2875,0.7875000000000001,143.9625,0.12625000000000003,0.0013575000000000002,3.4250000000000003,48.900000000000006,-95.59999996666669
2016-03-05,0.13800221853355668,279.9375,270.1875,0.5,175.175,0.3125,0.0026900000000000006,3.6,48.900000000000006,-95.59999996666669
2016-03-13,0.2261347873224071,278.62500000000006,269.9375,2.8500000000000005,151.025,0.2925,0.0029950000000000003,3.1250000000000004,48.900000000000006,-95.59999996666669
2016-03-21,0.3451358965891855,278.41249999999997,266.7625,1.225,187.25,0.25125,0.0024212500000000002,3.1250000000000004,48.900000000000006,-95.59999996666669
2016-03-29,0.3394618197471185,277.475,266.38750000000005,0.6875000000000001,174.0625,0.25875000000000004,0.0024275,4.2250000000000005,48.900000000000006,-95.59999996666669
2016-04-06,0.41900110926677836,277.625,267.1375,0.48750000000000004,178.0,0.22375,0.00249,5.175000000000001,48.900000000000006,-95.59999996666669
2016-04-14,0.5190011092667784,287.86249999999995,276.71250000000003,4.7125,186.71250000000003,0.43875000000000003,0.0055362499999999995,4.0,48.900000000000006,-95.59999996666669
2016-04-22,0.394325923157933,285.46250000000003,274.7625,0.48750000000000004,228.3125,0.51375,0.0034625000000000003,4.65,48.900000000000006,-95.59999996666669
2016-04-30,0.6000000000000002,294.09999999999997,277.51250000000005,0.0,283.9875,1.0475,0.00431125,4.0,48.900000000000006,-95.59999996666669
2016-05-08,1.1491900265687478,288.09999999999997,276.8625,1.125,180.46250000000003,0.6025,0.004678750000000001,5.0,48.900000000000006,-95.59999996666669
2016-05-16,1.2521092289958713,297.16249999999997,281.8875,1.575,293.0125,1.1375,0.00594625,4.1000000000000005,48.900000000000006,-95.59999996666669
2016-05-24,1.747894753367366,294.78749999999997,284.78749999999997,8.5875,248.85000000000002,0.6087499999999999,0.008613750000000002,3.4000000000000004,48.900000000000006,-95.59999996666669
2016-06-01,2.3217599660449593,293.62499999999994,283.1875,2.2125000000000004,237.7375,0.55125,0.0077675,4.2875000000000005,48.900000000000006,-95.59999996666669
2016-06-09,2.562681387005639,296.4625,286.38749999999993,6.862500000000001,266.57500000000005,0.5137499999999999,0.0107275,3.95,48.900000000000006,-95.59999996666669
2016-06-17,2.998704726798618,297.99999999999994,286.6375,7.837499999999999,254.88750000000005,0.7662500000000001,0.0101975,3.9875000000000003,48.900000000000006,-95.59999996666669
2016-06-25,3.1668958626341444,296.3875,284.18750000000006,2.4375,270.72499999999997,0.7112499999999999,0.009275,3.975,48.900000000000006,-95.59999996666669
2016-07-03,2.966444540620902,298.0,287.83750000000003,10.8625,277.0625,0.38250000000000006,0.012346250000000001,2.9625000000000004,48.900000000000006,-95.59999996666669
2016-07-11,2.9920600504162933,296.5625,287.0125,4.15,245.01250000000002,0.46375000000000005,0.011416250000000001,4.55,48.900000000000006,-95.59999996666669
2016-07-19,2.8984137504343184,301.625,289.45000000000005,3.8125,280.95,0.7787499999999998,0.013947500000000002,3.8375000000000004,48.900000000000006,-95.59999996666669
2016-07-27,2.663850011854901,300.49999999999994,287.55,7.1875,253.2125,0.7525000000000001,0.0117625,3.325,48.900000000000006,-95.59999996666669
2016-08-04,2.587681246775608,298.33750000000003,286.9,0.275,239.43750000000003,0.50375,0.012071250000000002,3.975000000000001,48.900000000000006,-95.59999996666669
2016-08-12,2.11157645484685,299.2375,286.31249999999994,1.075,222.58750000000003,0.8362499999999999,0.01087625,2.8375000000000004,48.900000000000006,-95.59999996666669
2016-08-20,2.371599339935953,296.42499999999995,283.0,1.2875,207.11250000000004,0.53625,0.0095,4.3500000000000005,48.900000000000006,-95.59999996666669
2016-08-28,2.0045431316528655,297.15,284.5,9.325,208.68750000000003,0.62875,0.00978875,4.487500000000001,48.900000000000006,-95.59999996666669
2016-09-05,2.016410562864015,293.1875,282.1375,1.35,183.9875,0.4775,0.00893625,3.4375,48.900000000000006,-95.59999996666669
2016-09-13,1.7001643280121805,291.7875,280.9125,0.45,171.425,0.41625,0.00767125,3.9625000000000004,48.900000000000006,-95.59999996666669
2016-09-21,1.2972451255850568,289.0625,280.75,4.075,121.9125,0.2625,0.0077425,5.025000000000001,48.900000000000006,-95.59999996666669
2016-09-29,0.9738652126775931,290.4875,281.07500000000005,0.8250000000000001,116.98750000000003,0.54,0.0070525,5.2625,48.900000000000006,-95.59999996666669
2016-10-07,0.7667315346219643,282.6125,274.3125,0.6875,98.16250000000001,0.20875,0.004445,4.7,48.900000000000006,-95.59999996666669
2016-10-15,0.553404502197253,284.2625,273.01250000000005,0.5625,94.0625,0.26625000000000004,0.004710000000000001,4.35,48.900000000000006,-95.59999996666669
2016-10-23,0.573865212677593,282.27500000000003,274.3,0.5125,84.4625,0.16125,0.004817500000000001,3.9375000000000004,48.900000000000006,-95.59999996666669
2016-10-31,0.47386521267759296,285.9125,275.875,0.9375000000000001,83.23750000000001,0.35,0.00523125,4.15,48.900000000000006,-95.59999996666669
2016-11-08,0.3985403987864383,285.22499999999997,272.9,0.1625,81.25000000000001,0.40125,0.0040550000000000004,4.562499999999999,48.900000000000006,-95.59999996666669
2016-11-16,0.3985403987864383,274.8625,268.8125,0.675,46.01250000000001,0.16500000000000004,0.0027162500000000003,4.7,48.900000000000006,-95.59999996666669
2016-11-24,0.4451358965891855,275.32500000000005,271.0,1.8750000000000002,42.7875,0.13625,0.003235,3.6,48.900000000000006,-95.59999996666669
2016-12-02,0.37548515954009787,268.8375,263.73749999999995,1.6750000000000003,47.2,0.0925,0.00220875,4.375,48.900000000000006,-95.59999996666669
2016-12-10,0.3058344224910101,255.35,247.11249999999998,0.05,55.85000000000001,0.0275,0.0005650000000000001,3.6125,48.900000000000006,-95.59999996666669
2016-12-18,0.26215812711538644,269.7875,258.2375,3.2375000000000003,54.78750000000001,0.10625,0.001495,4.525,48.900000000000006,-95.59999996666669
2016-12-26,0.1636177283289482,267.41666666666663,254.98333333333335,0.7166666666666668,49.73333333333334,0.08,0.0013933333333333332,4.683333333333334,48.900000000000006,-95.59999996666669
2017-01-01,0.11900110926677834,258.46250000000003,247.9,1.6375,51.0375,0.03125,0.0008025,4.25,48.900000000000006,-95.59999996666669
2017-01-09,0.194325923157933,261.3125,248.03749999999997,0.55,67.6375,0.06875,0.0006900000000000001,4.05,48.900000000000006,-95.59999996666669
2017-01-17,0.11900110926677834,274.59999999999997,268.48749999999995,0.5875,60.05000000000001,0.19624999999999995,0.0024149999999999996,3.1,48.900000000000006,-95.59999996666669
2017-01-25,0.04513589658918542,268.8625,258.66249999999997,0.7625000000000001,75.92500000000001,0.11250000000000002,0.0014550000000000001,3.6624999999999996,48.900000000000006,-95.59999996666669
2017-02-02,0.15846292901389675,261.8625,249.525,1.7875,94.0625,0.07625000000000001,0.0006875000000000001,3.9375,48.900000000000006,-95.59999996666669
2017-02-10,0.11900110926677834,274.7375,263.5625,0.0,110.73750000000001,0.24375000000000002,0.0017450000000000002,4.1375,48.900000000000006,-95.59999996666669
2017-02-18,0.11900110926677834,274.625,266.0875,1.5125000000000002,117.92500000000001,0.20875000000000002,0.0022625,3.4000000000000004,48.900000000000006,-95.59999996666669
2017-02-26,0.12467518610884534,270.625,258.2625,0.0625,148.76250000000002,0.1575,0.0014962500000000002,3.65,48.900000000000006,-95.59999996666669
2017-03-06,0.14513589658918544,265.9125,254.95000000000002,0.0625,163.4875,0.0975,0.0011612500000000002,5.3500000000000005,48.900000000000006,-95.59999996666669
2017-03-14,0.24513589658918544,276.2,264.6625,1.0625,173.4875,0.23875,0.002075,4.425,48.900000000000006,-95.59999996666669
2017-03-22,0.3451358965891855,280.65,270.775,0.08750000000000001,195.15000000000003,0.33,0.00298125,3.1624999999999996,48.900000000000006,-95.59999996666669
2017-03-30,0.3451358965891855,284.78749999999997,272.25000000000006,0.0625,207.625,0.39875000000000005,0.003703750000000001,3.075,48.900000000000006,-95.59999996666669
2017-04-07,0.3451358965891855,287.3,272.625,0.3125,249.48749999999995,0.5700000000000001,0.0036675,4.25,48.900000000000006,-95.59999996666669
2017-04-15,0.4465954978027472,285.8875,272.45000000000005,0.8625,228.96250000000003,0.36125,0.00440375,3.3125,48.900000000000006,-95.59999996666669
2017-04-23,0.6190011092667784,279.3875,270.8625,2.6625,195.51250000000002,0.32875,0.0028350000000000003,4.8625,48.900000000000006,-95.59999996666669
2017-05-01,0.6943259231579332,290.875,277.82500000000005,0.3375,242.75000000000003,0.77125,0.00438875,3.775,48.900000000000006,-95.59999996666669
2017-05-09,0.9985403987864384,291.22499999999997,278.075,0.037500000000000006,240.1625,0.6825,0.005207500000000001,3.7,48.900000000000006,-95.59999996666669
2017-05-17,1.301459601213562,287.975,277.1375,1.9875,214.51250000000002,0.46375000000000005,0.00513,4.225,48.900000000000006,-95.59999996666669
2017-05-25,1.595785524371495,293.1,281.225,0.125,230.63750000000005,0.74125,0.00639375,5.15,48.900000000000006,-95.59999996666669
2017-06-02,2.075324813891155,299.8875,286.325,3.1750000000000003,283.46250000000003,1.0362500000000001,0.00953375,4.2125,48.900000000000006,-95.59999996666669
2017-06-10,2.4147866336382737,295.65000000000003,285.13750000000005,5.762499999999999,230.56250000000003,0.62125,0.009265,4.7250000000000005,48.900000000000006,-95.59999996666669
2017-06-18,2.631357542151231,292.4,281.9875,2.0375,212.475,0.48375,0.00771125,5.025,48.900000000000006,-95.59999996666669
2017-06-26,2.6393351713949986,295.06250000000006,284.075,4.7125,238.5,0.60125,0.00879125,3.3,48.900000000000006,-95.59999996666669
2017-07-04,2.826008138970287,299.5875,287.325,1.8875000000000002,297.02500000000003,0.91625,0.010438750000000002,3.3750000000000004,48.900000000000006,-95.59999996666669
2017-07-12,2.682656517255787,297.5625,285.0625,0.11250000000000002,257.01250000000005,0.935,0.008395000000000001,4.237500000000001,48.900000000000006,-95.59999996666669
2017-07-20,2.347405190773937,299.975,288.15000000000003,1.5250000000000001,278.13750000000005,1.18625,0.00914125,3.6999999999999997,48.900000000000006,-95.59999996666669
2017-07-28,2.9782137404645663,300.41249999999997,286.525,0.9375000000000001,251.4875,1.37875,0.0079675,2.9875000000000003,48.900000000000006,-95.59999996666669
2017-08-05,2.927498016037562,298.3875,283.4375,1.8,250.1375,1.11375,0.007185,2.1125,48.900000000000006,-95.59999996666669
2017-08-13,2.7396261477592985,298.3625,284.05,1.475,235.2125,0.9537500000000001,0.00845375,2.8125000000000004,48.900000000000006,-95.59999996666669
2017-08-21,2.5906004492027312,294.5625,281.51249999999993,0.7750000000000001,184.675,0.67625,0.00754375,3.325,48.900000000000006,-95.59999996666669
2017-08-29,2.2235442409196438,296.8375,281.7,1.6625,182.875,0.9362499999999999,0.00719875,5.3875,48.900000000000006,-95.59999996666669
2017-09-06,1.79773412725836,297.5375,281.2375,0.0,192.6125,1.11875,0.006418750000000001,4.125,48.900000000000006,-95.59999996666669
2017-09-14,1.5001643280121801,290.4625,282.3125,10.775000000000002,128.2625,0.39,0.00782875,5.1499999999999995,48.900000000000006,-95.59999996666669
2017-09-22,1.2782440163182784,288.475,279.6,5.7,116.4375,0.18875,0.007756250000000002,3.5874999999999995,48.900000000000006,-95.59999996666669
2017-09-30,0.8753248138911548,289.1125,278.52500000000003,2.075,128.78750000000002,0.4375,0.005995,4.8875,48.900000000000006,-95.59999996666669
2017-10-08,0.7724056114640313,285.9625,271.84999999999997,0.0,125.3875,0.40750000000000003,0.004018750000000001,4.7375,48.900000000000006,-95.59999996666669
2017-10-16,0.57953928951966,291.15000000000003,276.5125,0.1,113.4625,0.6612500000000001,0.005145,6.225,48.900000000000006,-95.59999996666669
2017-10-24,0.47386521267759296,275.9375,269.93749999999994,1.3750000000000002,74.525,0.11624999999999999,0.0032737500000000006,5.487500000000001,48.900000000000006,-95.59999996666669
2017-11-01,0.47386521267759296,270.40000000000003,262.1625,2.0375,59.86250000000001,0.02375,0.0025875000000000004,4.637500000000001,48.900000000000006,-95.59999996666669
2017-11-09,0.24513589658918544,270.6375,262.9875,0.125,63.525,0.06625,0.002285,4.7125,48.900000000000006,-95.59999996666669
2017-11-17,0.21900110926677835,271.93749999999994,261.1875,0.125,61.55000000000001,0.08750000000000001,0.0021637500000000003,4.3,48.900000000000006,-95.59999996666669
2017-11-25,0.1261347873224071,275.16249999999997,266.7,0.05,59.63750000000001,0.16375,0.00247625,3.95,48.900000000000006,-95.59999996666669
2017-12-03,0.2,268.01249999999993,260.0,2.75,47.3875,0.07874999999999999,0.00163625,5.2125,48.900000000000006,-95.59999996666669
2017-12-11,0.1522695746448142,267.175,259.79999999999995,0.46249999999999997,46.5,0.0675,0.0016012499999999998,3.7250000000000005,48.900000000000006,-95.59999996666669
2017-12-19,0.26559660706952554,258.0875,247.05,0.2,44.575,0.01625,0.0008912500000000001,3.7375,48.900000000000006,-95.59999996666669
2017-12-27,0.3204607104803402,254.0,242.42,0.16,49.04,0.028000000000000004,0.000532,3.3,48.900000000000006,-95.59999996666669
2018-01-01,0.279863963180783,260.0375,249.2875,0.0,61.0,0.085,0.00064625,3.8375,48.900000000000006,-95.59999996666669
2018-01-09,0.3011006693354893,260.2875,247.38750000000002,1.0125000000000002,58.8125,0.08125000000000002,0.0006675000000000001,4.875,48.900000000000006,-95.59999996666669
2018-01-17,0.16507732954250992,272.2625,264.9875,0.037500000000000006,72.57500000000002,0.23750000000000004,0.0014425,2.3875,48.900000000000006,-95.59999996666669
2018-01-25,0.16086285391400468,263.4375,253.77500000000003,0.4625,78.39999999999999,0.08625000000000002,0.001025,5.025,48.900000000000006,-95.59999996666669
2018-02-02,0.12759438853596886,257.82500000000005,245.0375,0.2625,89.2625,0.041249999999999995,0.0005275000000000001,3.7125000000000004,48.900000000000006,-95.59999996666669
2018-02-10,0.1261347873224071,265.125,251.85,0.05,114.48750000000001,0.11125000000000002,0.0008675,4.675000000000001,48.900000000000006,-95.59999996666669
2018-02-18,0.10145960121356176,265.45,254.05,0.7375,119.225,0.08499999999999999,0.00101625,3.7625,48.900000000000006,-95.59999996666669
2018-02-26,0.10145960121356176,275.1,261.21250000000003,0.21250000000000002,142.95000000000002,0.17375000000000002,0.0020300000000000006,4.375,48.900000000000006,-95.59999996666669
2018-03-06,0.1,273.00000000000006,259.6375,0.0,176.1125,0.12625,0.0018600000000000003,2.9125,48.900000000000006,-95.59999996666669
2018-03-14,0.1,275.675,265.9375,0.0,179.5,0.22999999999999998,0.0020700000000000002,2.3375000000000004,48.900000000000006,-95.59999996666669
2018-03-22,0.1,276.2375,267.25,1.5625,190.01250000000002,0.2075,0.0024525000000000003,4.4875,48.900000000000006,-95.59999996666669
2018-03-30,0.1,268.575,257.2875,0.1375,197.4875,0.08375,0.0014412500000000003,4.6375,48.900000000000006,-95.59999996666669
2018-04-07,0.3204607104803402,275.03749999999997,263.6375,0.2625,235.08750000000003,0.16375,0.00220125,3.3000000000000007,48.900000000000006,-95.59999996666669
2018-04-15,0.4204607104803401,284.55,271.3625,0.0,277.58750000000003,0.4950000000000001,0.00309875,3.0875,48.900000000000006,-95.59999996666669
2018-04-23,0.34092142096068023,289.66249999999997,274.77500000000003,0.7000000000000001,265.05,0.6625,0.0042650000000000006,5.0625,48.900000000000006,-95.59999996666669
2018-05-01,0.6204607104803402,292.0875,277.9125,0.47500000000000003,234.62500000000003,0.8125,0.005036250000000001,3.2125000000000004,48.900000000000006,-95.59999996666669
2018-05-09,0.805674076842067,293.9,276.1625,0.0,275.3375,0.92,0.00473375,3.875,48.900000000000006,-95.59999996666669
2018-05-17,1.1824584919467838,294.9375,281.875,5.5249999999999995,267.45000000000005,0.8324999999999999,0.00745125,4.175000000000001,48.900000000000006,-95.59999996666669
2018-05-25,1.5605381802528817,299.5,287.2875,4.4375,285.63750000000005,1.0037500000000001,0.010082500000000001,4.0,48.900000000000006,-95.59999996666669
2018-06-02,2.1210763605057634,295.2875,283.2625,1.4625,275.21250000000003,0.6137500000000001,0.008737500000000002,4.6000000000000005,48.900000000000006,-95.59999996666669
2018-06-10,2.00599875050319,298.36249999999995,285.5375,2.8125,247.425,0.74875,0.010226250000000001,4.5,48.900000000000006,-95.59999996666669
2018-06-18,2.5654020032036335,301.0,287.3125,0.5875,273.9875,1.1249999999999998,0.010058750000000002,2.725,48.900000000000006,-95.59999996666669
2018-06-26,2.5753887870416907,300.31249999999994,287.9375,4.675000000000001,285.6875,0.8825000000000001,0.011281250000000001,3.7,48.900000000000006,-95.59999996666669
2018-07-04,3.3165709085129578,300.9,288.375,2.775,284.5875,0.8712500000000001,0.011947500000000002,4.5875,48.900000000000006,-95.59999996666669
2018-07-12,3.2397864934082414,300.0375,287.46250000000003,0.25,296.9,1.2537500000000001,0.00876,4.2375,48.900000000000006,-95.59999996666669
2018-07-20,3.339010497733876,296.975,285.9375,0.42500000000000004,261.06250000000006,0.8262500000000002,0.00896875,4.7,48.900000000000006,-95.59999996666669
2018-07-28,3.1510422569572056,298.8,283.9,1.6250000000000002,248.78750000000002,1.0262499999999999,0.008346250000000001,3.5250000000000004,48.900000000000006,-95.59999996666669
2018-08-05,2.8799319186945556,301.725,287.07500000000005,0.375,260.1625,1.4425000000000001,0.008633749999999999,3.5625000000000004,48.900000000000006,-95.59999996666669
2018-08-13,2.559471208214216,299.0,283.61249999999995,0.30000000000000004,242.725,1.185,0.00736875,3.9875000000000007,48.900000000000006,-95.59999996666669
2018-08-21,1.8615801567500236,296.525,284.2125,2.775,214.8625,0.8375,0.0084425,3.7,48.900000000000006,-95.59999996666669
2018-08-29,1.6324621938499573,296.825,280.725,0.525,217.92499999999998,0.8574999999999999,0.007317500000000001,4.5,48.900000000000006,-95.59999996666669
2018-09-06,1.7214689896806588,296.425,283.2875,3.2,153.35,0.7799999999999999,0.00826,4.500000000000001,48.900000000000006,-95.59999996666669
2018-09-14,1.3052227548288242,291.57500000000005,279.35,4.6375,164.175,0.44875000000000004,0.007447500000000001,4.050000000000001,48.900000000000006,-95.59999996666669
2018-09-22,1.1600868582396386,282.4125,275.22499999999997,2.025,99.95,0.12375000000000001,0.00534375,4.125,48.900000000000006,-95.59999996666669
2018-09-30,0.7930306499565514,280.625,273.4125,2.4125,96.94999999999999,0.17375,0.004325000000000001,3.562500000000001,48.900000000000006,-95.59999996666669
2018-10-08,0.6029192024271237,276.3125,270.46250000000003,2.8749999999999996,74.3,0.05500000000000001,0.00379125,4.9125000000000005,48.900000000000006,-95.59999996666669
2018-10-16,0.4753248138911548,281.83750000000003,270.7375,0.08750000000000001,107.22500000000001,0.3137500000000001,0.0035375000000000003,5.112499999999999,48.900000000000006,-95.59999996666669
2018-10-24,0.3000000000000001,280.7875,274.75,1.4500000000000002,75.30000000000001,0.13999999999999999,0.00474875,3.525,48.900000000000006,-95.59999996666669
2018-11-01,0.30145960121356186,274.8875,267.5,0.45000000000000007,59.787499999999994,0.095,0.0029874999999999997,3.2125,48.900000000000006,-95.59999996666669
2018-11-09,0.3000000000000001,268.2875,258.025,0.08750000000000001,59.71250000000001,0.02875,0.00191,4.575,48.900000000000006,-95.59999996666669
2018-11-17,0.3451358965891855,267.075,260.45,0.07500000000000001,60.06250000000001,0.055,0.0017187500000000002,4.275,48.900000000000006,-95.59999996666669
2018-11-25,0.42078538414146327,267.8,262.7125,0.4375,46.28750000000001,0.05625000000000001,0.0019062500000000002,3.6125000000000003,48.900000000000006,-95.59999996666669
2018-12-03,0.43213353782559727,267.6625,258.3625,0.0,55.175000000000004,0.07,0.001595,3.1875000000000004,48.900000000000006,-95.59999996666669
2018-12-11,0.36170680510214337,273.2875,263.6875,0.65,59.400000000000006,0.18250000000000002,0.0018900000000000002,3.8125000000000004,48.900000000000006,-95.59999996666669
2018-12-19,0.3732192867984574,266.7,260.06250000000006,1.8375000000000001,43.125,0.05,0.0017050000000000001,2.9625,48.900000000000006,-95.59999996666669
2018-12-27,0.28605731754986563,262.58000000000004,251.92,0.16,40.64,0.028000000000000004,0.0010760000000000001,4.32,48.900000000000006,-95.59999996666669
2019-01-01,0.25372917585837595,270.52500000000003,259.5625,0.36250000000000004,54.85,0.16625,0.0014325000000000002,4.525,48.900000000000006,-95.59999996666669
2019-01-09,0.25940325270044295,265.825,257.58750000000003,0.07500000000000001,59.15000000000001,0.11375000000000002,0.00114375,3.2500000000000004,48.900000000000006,-95.59999996666669
2019-01-17,0.1465954978027472,257.66249999999997,245.0625,0.7375,66.66250000000001,0.04125,0.00060375,3.075,48.900000000000006,-95.59999996666669
2019-01-25,0.1204607104803401,253.45000000000005,239.1375,0.25,75.3375,0.028749999999999998,0.0004250000000000001,3.85,48.900000000000006,-95.59999996666669
2019-02-02,0.1261347873224071,258.1875,248.65,2.3375,83.175,0.045000000000000005,0.00066,4.1000000000000005,48.900000000000006,-95.59999996666669
2019-02-10,0.1,263.61250000000007,250.8625,0.8625,104.17500000000001,0.06125,0.00095375,3.1500000000000004,48.900000000000006,-95.59999996666669
2019-02-18,0.1,264.05,251.89999999999998,1.475,110.5625,0.052500000000000005,0.001125,3.9125000000000005,48.900000000000006,-95.59999996666669
2019-02-26,0.1,260.8625,249.25,0.0625,126.67500000000001,0.04750000000000001,0.0007950000000000001,4.1875,48.900000000000006,-95.59999996666669
2019-03-06,0.1,270.31250000000006,258.225,2.725,153.725,0.11375000000000002,0.0017250000000000004,4.0,48.900000000000006,-95.59999996666669
2019-03-14,0.026134787322407087,275.83750000000003,264.4125,0.32500000000000007,176.875,0.20125000000000004,0.0022062500000000003,4.25,48.900000000000006,-95.59999996666669
2019-03-22,0.12467518610884534,276.8875,264.21250000000003,0.0625,214.1125,0.21625,0.0022475000000000004,3.9,48.900000000000006,-95.59999996666669
2019-03-30,0.2261347873224071,276.9125,267.6625,0.21250000000000002,196.65,0.1975,0.002695,3.7874999999999996,48.900000000000006,-95.59999996666669
2019-04-07,0.2204607104803401,278.075,269.425,0.925,215.03750000000002,0.18,0.0031600000000000005,4.6625000000000005,48.900000000000006,-95.59999996666669
2019-04-15,0.4204607104803401,288.5625,274.3625,0.37500000000000006,227.0625,0.5537500000000001,0.0042787500000000004,3.45,48.900000000000006,-95.59999996666669
2019-04-23,0.5190011092667784,285.6625,273.08750000000003,0.5125,232.55,0.49624999999999997,0.0037025000000000005,4.450000000000001,48.900000000000006,-95.59999996666669
2019-05-01,0.7000000000000002,283.925,272.8625,1.075,210.125,0.38375,0.0036787500000000006,3.5250000000000004,48.900000000000006,-95.59999996666669
2019-05-09,0.7204607104803403,291.45000000000005,275.97499999999997,0.5875,235.4625,0.70375,0.004786250000000001,4.487500000000001,48.900000000000006,-95.59999996666669
2019-05-17,1.0029192024271236,288.6875,278.0375,3.575,218.125,0.55625,0.005010000000000001,4.449999999999999,48.900000000000006,-95.59999996666669
2019-05-25,1.2987047267986185,293.5875,279.1625,0.8625,265.13750000000005,0.7325,0.006385000000000001,3.1250000000000004,48.900000000000006,-95.59999996666669
2019-06-02,1.5811632187454017,298.84999999999997,284.7875,2.1374999999999997,260.71250000000003,0.9750000000000001,0.009280000000000002,4.0375000000000005,48.900000000000006,-95.59999996666669
2019-06-10,1.7171865585383814,293.1125,281.65000000000003,1.85,239.60000000000002,0.66375,0.0068537500000000005,2.9374999999999996,48.900000000000006,-95.59999996666669
2019-06-18,1.8423507463205298,297.3125,284.875,1.9500000000000002,260.6375,0.83375,0.008748750000000001,3.6000000000000005,48.900000000000006,-95.59999996666669
2019-06-26,2.4891408479891695,300.8625,286.775,2.7125000000000004,297.96250000000003,1.0412500000000002,0.01022375,2.9125000000000005,48.900000000000006,-95.59999996666669
2019-07-04,2.5019788787405774,298.27500000000003,285.975,10.2625,277.57500000000005,0.6587500000000001,0.0108925,3.4250000000000003,48.900000000000006,-95.59999996666669
2019-07-12,2.507331703364632,300.3625,289.3875,4.4,270.02500000000003,0.8325000000000001,0.0121525,4.0,48.900000000000006,-95.59999996666669
2019-07-20,2.4235099827026945,299.47499999999997,286.91249999999997,0.5125,282.3375,1.2375,0.0081375,3.9749999999999996,48.900000000000006,-95.59999996666669
2019-07-28,2.989301193638113,300.425,286.625,1.0375,258.6875,1.11375,0.00967625,3.9250000000000003,48.900000000000006,-95.59999996666669
2019-08-05,3.119490110940082,297.8,284.0875,1.525,240.58750000000003,1.0425,0.007537500000000002,3.3500000000000005,48.900000000000006,-95.59999996666669
2019-08-13,2.3779530399539786,297.125,283.3875,3.2250000000000005,222.66250000000002,0.885,0.00789125,4.0875,48.900000000000006,-95.59999996666669
2019-08-21,2.5209497121536435,294.0375,283.9125,3.0875,188.65,0.49000000000000005,0.009035000000000001,5.487500000000001,48.900000000000006,-95.59999996666669
2019-08-29,2.1990294004597417,291.8375,279.1375,0.75,186.08749999999998,0.3425,0.007766250000000001,4.062500000000001,48.900000000000006,-95.59999996666669
2019-09-06,1.9305135909630926,288.325,280.35,5.7,132.8625,0.16875,0.00782375,4.1000000000000005,48.900000000000006,-95.59999996666669
2019-09-14,1.5142673561112576,296.91249999999997,286.3625,15.3875,163.2625,0.40499999999999997,0.012101250000000001,4.812500000000001,48.900000000000006,-95.59999996666669
2019-09-22,1.2029192024271238,288.1125,279.34999999999997,6.562500000000001,123.56250000000001,0.27375000000000005,0.006867500000000001,4.050000000000001,48.900000000000006,-95.59999996666669
2019-09-30,1.0548641034108146,282.6625,277.025,4.925000000000001,107.9,0.17375,0.00537375,4.4750000000000005,48.900000000000006,-95.59999996666669
2019-10-08,0.853404502197253,280.925,275.4375,7.175,75.73750000000001,0.18750000000000006,0.0047599999999999995,4.6000000000000005,48.900000000000006,-95.59999996666669
2019-10-16,0.573865212677593,282.53749999999997,274.325,0.7875000000000001,92.63750000000002,0.18875000000000003,0.004845,5.175000000000001,48.900000000000006,-95.59999996666669
2019-10-24,0.547730425355186,276.075,268.925,0.275,69.55000000000001,0.18,0.0028737500000000004,5.3374999999999995,48.900000000000006,-95.59999996666669
2019-11-01,0.4548641034108146,270.48749999999995,263.79999999999995,0.825,58.43750000000001,0.042499999999999996,0.00242875,4.3375,48.900000000000006,-95.59999996666669
2019-11-09,0.394325923157933,268.7875,258.46250000000003,0.05,64.35,0.04875,0.00198,4.675000000000001,48.900000000000006,-95.59999996666669
2019-11-17,0.348055099016309,273.0625,266.8625,1.7000000000000002,55.2,0.085,0.0027637500000000006,3.6374999999999997,48.900000000000006,-95.59999996666669
2019-11-25,0.2827831656079065,270.77500000000003,265.225,0.5875,46.8875,0.05,0.002475,3.75,48.900000000000006,-95.59999996666669
2019-12-03,0.4285986853730507,266.9375,257.95,0.35,52.650000000000006,0.06875,0.00162875,3.8625000000000003,48.900000000000006,-95.59999996666669
2019-12-11,0.7633267519646483,261.0875,248.29999999999998,0.375,56.45,0.037500000000000006,0.0008737500000000002,3.5375000000000005,48.900000000000006,-95.59999996666669
2019-12-19,0.2962705436815609,270.5,261.975,0.725,56.525000000000006,0.1775,0.0013737500000000004,2.7375000000000003,48.900000000000006,-95.59999996666669
2019-12-27,0.30032467366112314,267.22,258.08000000000004,1.9600000000000002,46.4,0.08,0.0014100000000000002,4.48,48.900000000000006,-95.59999996666669
2020-01-01,0.15956758071262295,268.5375,258.1625,0.41250000000000003,58.43750000000001,0.15125000000000002,0.0012800000000000003,4.0,48.900000000000006,-95.59999996666669
2020-01-09,0.5019486028868649,261.2625,248.31250000000003,0.3875,57.48750000000001,0.04624999999999999,0.0009,3.7875,48.900000000000006,-95.59999996666669
2020-01-17,0.1319731921766541,266.575,257.0,1.2625000000000002,72.16250000000001,0.11249999999999999,0.0011737500000000003,4.1,48.900000000000006,-95.59999996666669
2020-01-25,0.059567580712622935,269.05,263.575,0.0,77.53750000000001,0.1525,0.001465,2.5375,48.900000000000006,-95.59999996666669
2020-02-02,0.12337991290746361,266.0875,253.975,0.0625,97.23750000000001,0.10375000000000001,0.00102375,3.4875,48.900000000000006,-95.59999996666669
2020-02-10,0.2,265.58750000000003,249.925,0.325,103.0375,0.10250000000000002,0.0009100000000000001,4.475,48.900000000000006,-95.59999996666669
2020-02-18,0.1261347873224071,269.84999999999997,256.6625,0.0,134.175,0.17875000000000002,0.001175,4.05,48.900000000000006,-95.59999996666669
2020-02-26,0.031808864164474086,271.86249999999995,258.5,0.5875,146.975,0.10500000000000001,0.0018937500000000003,3.6250000000000004,48.900000000000006,-95.59999996666669
2020-03-05,0.1,275.725,262.625,0.1375,166.45000000000002,0.19749999999999998,0.00206125,4.0625,48.900000000000006,-95.59999996666669
2020-03-13,0.2,270.875,258.5125,0.6125,153.2,0.105,0.0016562500000000002,4.125000000000001,48.900000000000006,-95.59999996666669
2020-03-21,0.2261347873224071,277.3875,264.5,0.037500000000000006,211.3,0.24374999999999997,0.0021937500000000004,3.4750000000000005,48.900000000000006,-95.59999996666669
2020-03-29,0.3204607104803402,279.525,267.27500000000003,3.6875,202.61249999999998,0.31375,0.0027225,3.675,48.900000000000006,-95.59999996666669
2020-04-06,0.4204607104803401,277.85,268.7625,0.30000000000000004,200.32500000000002,0.24625,0.0027624999999999998,5.0,48.900000000000006,-95.59999996666669
2020-04-14,0.4261347873224071,278.2625,266.3875,0.0,178.275,0.29999999999999993,0.00218125,4.525,48.900000000000006,-95.59999996666669
2020-04-22,0.4465954978027472,290.0,275.5875,1.1375000000000002,252.72500000000005,0.6487499999999999,0.004375,3.2,48.900000000000006,-95.59999996666669
2020-04-30,0.5261347873224071,287.375,273.95,0.3625,238.53750000000002,0.54625,0.003987500000000001,4.5,48.900000000000006,-95.59999996666669
2020-05-08,0.5522695746448142,284.4625,272.625,2.075,256.625,0.48624999999999996,0.0032087500000000002,3.575,48.900000000000006,-95.59999996666669
2020-05-16,1.1824584919467838,297.49999999999994,283.9625,0.0,286.6125,1.005,0.00757875,4.562500000000001,48.900000000000006,-95.59999996666669
2020-05-24,1.402919202427124,294.0,282.03749999999997,1.45,235.5875,0.69875,0.007307500000000001,4.0375,48.900000000000006,-95.59999996666669
2020-06-01,1.9043788036406855,297.575,284.4125,6.425000000000001,279.3875,0.72875,0.009702500000000001,4.675,48.900000000000006,-95.59999996666669
2020-06-09,2.4058384048542476,295.3125,284.5,2.0,270.83750000000003,0.6575,0.009255000000000003,5.3375,48.900000000000006,-95.59999996666669
2020-06-17,2.6319731921766545,295.825,284.8375,5.025,251.08750000000003,0.5475,0.009951250000000002,3.95,48.900000000000006,-95.59999996666669
2020-06-25,2.9933553236176746,302.025,290.125,4.525,294.675,0.79625,0.0138125,4.0,48.900000000000006,-95.59999996666669
2020-07-03,3.132817143364793,301.02500000000003,289.4875,5.387499999999999,289.325,0.68125,0.013656250000000002,2.9125000000000005,48.900000000000006,-95.59999996666669
2020-07-11,3.3013329528614417,299.58750000000003,287.8375,4.8,280.53749999999997,0.6825,0.011973750000000002,3.7875000000000005,48.900000000000006,-95.59999996666669
2020-07-19,3.2941992748058135,299.2625,287.2625,3.075,275.175,0.5900000000000001,0.012483750000000002,3.75,48.900000000000006,-95.59999996666669
2020-07-27,3.0176755602116847,298.875,284.7375,0.3375,278.58750000000003,0.7262500000000001,0.0103075,2.8375,48.900000000000006,-95.59999996666669
2020-08-04,2.898738424095442,299.1875,285.675,1.9625000000000001,258.55,0.7937500000000001,0.010356250000000001,3.5750000000000006,48.900000000000006,-95.59999996666669
2020-08-12,2.650683325079133,298.775,285.2125,1.7000000000000002,224.9875,0.61125,0.011569999999999999,3.2625,48.900000000000006,-95.59999996666669
2020-08-20,2.5875169187634275,300.22499999999997,286.1625,0.05,219.26250000000002,0.6025,0.01242375,2.575,48.900000000000006,-95.59999996666669
2020-08-28,2.5354116721307935,293.3625,281.02500000000003,4.75,203.10000000000002,0.5175,0.0076974999999999995,5.000000000000001,48.900000000000006,-95.59999996666669
2020-09-05,1.9615464594532004,290.4375,276.97499999999997,0.0625,176.1,0.55375,0.00559125,4.55,48.900000000000006,-95.59999996666669
2020-09-13,1.6381665465457367,289.875,276.01250000000005,0.0,166.91250000000002,0.4475,0.005931250000000001,3.7125000000000004,48.900000000000006,-95.59999996666669
2020-09-21,1.295785524371495,292.86249999999995,280.175,0.1375,143.625,0.64125,0.00672625,4.8500000000000005,48.900000000000006,-95.59999996666669
2020-09-29,0.8767844151047166,285.7625,273.58750000000003,0.48750000000000004,136.13750000000002,0.415,0.0042475,4.2125,48.900000000000006,-95.59999996666669
2020-10-07,0.6738652126775931,287.0,274.2375,3.325,124.67500000000001,0.47750000000000004,0.004288750000000001,5.2124999999999995,48.900000000000006,-95.59999996666669
2020-10-15,0.57953928951966,273.95000000000005,267.21250000000003,0.48750000000000004,89.27499999999999,0.17250000000000001,0.0022337500000000005,3.925,48.900000000000006,-95.59999996666669
2020-10-23,0.4,272.36249999999995,265.18750000000006,0.2375,81.0,0.08374999999999999,0.0024137500000000005,4.175000000000001,48.900000000000006,-95.59999996666669
2020-10-31,0.3261347873224072,284.9,270.9875,0.0,88.00000000000001,0.42875,0.0035975,4.5125,48.900000000000006,-95.59999996666669
2020-11-08,0.394325923157933,274.65,263.0125,0.38750000000000007,66.32499999999999,0.13125,0.00279,5.05,48.900000000000006,-95.59999996666669
2020-11-16,0.4261347873224071,271.2875,262.55,0.175,65.55,0.075,0.002145,3.7625,48.900000000000006,-95.59999996666669
2020-11-24,0.5655966070695255,273.075,264.0625,0.32499999999999996,58.91250000000001,0.1175,0.0022187500000000002,3.937500000000001,48.900000000000006,-95.59999996666669
2020-12-02,0.6134873780736545,273.77500000000003,266.15,0.8,60.087500000000006,0.16,0.00220625,2.3500000000000005,48.900000000000006,-95.59999996666669
2020-12-10,0.6698110826980309,268.31249999999994,261.65,0.375,50.425,0.09125,0.0017699999999999999,3.1000000000000005,48.900000000000006,-95.59999996666669
2020-12-18,0.6190011092667784,267.6375,255.14999999999998,0.85,51.825,0.08125000000000002,0.0013825,4.800000000000001,48.900000000000006,-95.59999996666669
2020-12-26,0.6190011092667784,265.7833333333333,256.25,0.8833333333333334,58.083333333333336,0.07333333333333333,0.0012683333333333333,3.4666666666666672,48.900000000000006,-95.59999996666669
2021-01-01,0.16705620828308726,272.83750000000003,262.5,0.225,63.77499999999999,0.19124999999999998,0.0016200000000000001,2.9875000000000003,48.900000000000006,-95.59999996666669
2021-01-09,0.14805509901630892,272.35,263.6125,0.7500000000000001,62.175,0.17499999999999996,0.00175,3.2750000000000004,48.900000000000006,-95.59999996666669
2021-01-17,0.15518877707193768,265.02500000000003,252.95,0.48750000000000004,57.487500000000004,0.056249999999999994,0.0012400000000000002,4.2250000000000005,48.900000000000006,-95.59999996666669
2021-01-25,0.08278316560790652,263.58750000000003,254.35,0.08750000000000001,66.2375,0.06125,0.0012575,2.8875,48.900000000000006,-95.59999996666669
2021-02-02,0.15372917585837592,258.525,249.5875,0.375,87.61250000000001,0.052500000000000005,0.0008687500000000003,5.875000000000001,48.900000000000006,-95.59999996666669
2021-02-10,0.15940325270044292,253.725,238.85,0.0,115.3625,0.037500000000000006,0.000315,2.5375000000000005,48.900000000000006,-95.59999996666669
2021-02-18,0.2261347873224071,272.2625,260.15000000000003,0.1125,131.625,0.19875000000000004,0.00149875,3.5375,48.900000000000006,-95.59999996666669
2021-02-26,0.2522695746448142,274.2375,259.35,0.037500000000000006,149.7375,0.21375,0.00170625,3.5250000000000004,48.900000000000006,-95.59999996666669
2021-03-06,0.2465954978027472,281.5625,268.45,0.0,177.62500000000003,0.41375000000000006,0.00251375,4.449999999999999,48.900000000000006,-95.59999996666669
2021-03-14,0.27127068391159254,282.5625,269.8125,0.3375,187.25,0.43125,0.00268125,4.3375,48.900000000000006,-95.59999996666669
2021-03-22,0.34659549780274723,282.0,269.01250000000005,0.1,187.675,0.41625,0.0025962500000000005,4.737500000000001,48.900000000000006,-95.59999996666669
2021-03-30,0.3451358965891855,283.33750000000003,267.55,0.0,208.10000000000002,0.5125,0.00254625,5.125,48.900000000000006,-95.59999996666669
2021-04-07,0.4261347873224071,279.775,273.38750000000005,6.187500000000001,153.6875,0.2,0.003908750000000001,4.487500000000001,48.900000000000006,-95.59999996666669
2021-04-15,0.4204607104803401,282.55,269.7,0.4375,203.25,0.41375,0.00287375,4.237500000000001,48.900000000000006,-95.59999996666669
2021-04-23,0.6625170589934591,285.525,270.3875,0.0,242.56250000000003,0.46749999999999997,0.0034425000000000002,3.7624999999999997,48.900000000000006,-95.59999996666669
2021-05-01,0.6204607104803402,288.2625,272.3,1.875,225.97499999999997,0.6025000000000001,0.0036962500000000003,4.0875,48.900000000000006,-95.59999996666669
2021-05-09,0.9753248138911548,292.8375,276.95000000000005,0.30000000000000004,270.125,0.9725,0.00409875,3.4875000000000003,48.900000000000006,-95.59999996666669
2021-05-17,1.2767844151047167,296.66249999999997,285.0375,5.7125,236.97500000000002,0.8724999999999998,0.0087525,4.4375,48.900000000000006,-95.59999996666669
2021-05-25,1.7111878080351912,291.82500000000005,277.0875,0.8250000000000001,292.31250000000006,0.765,0.0049625,4.875,48.900000000000006,-95.59999996666669
2021-06-02,2.1259744416734647,302.92500000000007,288.1875,3.0250000000000004,276.87500000000006,1.3800000000000001,0.0102675,3.95,48.900000000000006,-95.59999996666669
2021-06-10,2.486837295587469,299.9125,285.71250000000003,0.23750000000000002,300.20000000000005,1.105,0.00886625,4.612500000000001,48.900000000000006,-95.59999996666669
2021-06-18,2.629218317761711,296.8875,282.0875,0.8625,258.35,1.14625,0.006051250000000001,3.9875000000000003,48.900000000000006,-95.59999996666669
2021-06-26,2.745624898262489,301.9625,287.4875,0.6125,289.45000000000005,1.595,0.007855000000000001,2.6625,48.900000000000006,-95.59999996666669
2021-07-04,2.5141407077591382,299.41249999999997,285.4375,0.0,300.5625,1.29875,0.0075925,3.0375,48.900000000000006,-95.59999996666669
2021-07-12,2.6183551833876435,301.875,287.5,0.925,298.17500000000007,1.5787499999999999,0.007855000000000001,3.8750000000000004,48.900000000000006,-95.59999996666669
2021-07-20,2.585930669197746,301.53749999999997,288.91249999999997,2.325,266.45,1.42625,0.009260000000000001,3.600000000000001,48.900000000000006,-95.59999996666669
2021-07-28,2.226687762146246,301.8125,286.1,0.1125,258.6,1.6225,0.007097500000000001,4.050000000000001,48.900000000000006,-95.59999996666669
2021-08-05,1.9696844343459112,299.2875,286.08750000000003,1.225,250.8375,0.9800000000000001,0.0095575,4.525,48.900000000000006,-95.59999996666669
2021-08-13,1.7162799321486581,304.26250000000005,289.5,7.612500000000001,238.04999999999998,1.6487500000000004,0.01036,5.1000000000000005,48.900000000000006,-95.59999996666669
2021-08-21,1.8666048862698446,294.34999999999997,283.96250000000003,2.475,185.5,0.32875,0.010252500000000003,4.3875,48.900000000000006,-95.59999996666669
2021-08-29,1.6342767445783546,294.85,283.5375,2.575,183.65,0.435,0.009573750000000002,3.9250000000000003,48.900000000000006,-95.59999996666669
2021-09-06,1.3456248982624885,295.2625,282.23749999999995,1.0125,178.46250000000003,0.6975,0.007822500000000001,4.0875,48.900000000000006,-95.59999996666669
2021-09-14,1.5001643280121801,293.4875,280.6875,0.38749999999999996,152.82500000000002,0.50625,0.00787,4.9750000000000005,48.900000000000006,-95.59999996666669
2021-09-22,1.4188407636178353,296.93750000000006,281.88750000000005,0.0,165.425,1.06,0.006591250000000001,4.375,48.900000000000006,-95.59999996666669
2021-09-30,1.0738652126775932,297.4875,283.18749999999994,0.08750000000000001,130.6,0.945,0.00781375,3.5624999999999996,48.900000000000006,-95.59999996666669
2021-10-08,1.1559990309632533,288.54999999999995,280.45,7.4125000000000005,98.57500000000002,0.26375,0.007415,4.1625000000000005,48.900000000000006,-95.59999996666669
2021-10-16,0.882653095812676,285.6375,272.27500000000003,0.05,117.48750000000001,0.405,0.00426875,3.5375,48.900000000000006,-95.59999996666669
2021-10-24,0.627269714874846,282.425,273.4375,2.1625,76.5875,0.25125000000000003,0.00418875,4.5375000000000005,48.900000000000006,-95.59999996666669
2021-11-01,0.542056348513119,282.175,271.7375,0.0,79.025,0.30125,0.0036500000000000005,3.8500000000000005,48.900000000000006,-95.59999996666669
2021-11-09,0.37953928951966,274.375,268.79999999999995,5.3375,54.35000000000001,0.08750000000000001,0.00311375,4.875,48.900000000000006,-95.59999996666669
2021-11-17,0.37953928951966,271.74999999999994,262.5875,0.25,56.28750000000001,0.08000000000000002,0.0022175,5.4125000000000005,48.900000000000006,-95.59999996666669
2021-11-25,0.3000000000000001,272.84999999999997,265.0125,0.1375,58.98750000000001,0.15125,0.00213375,3.5375000000000005,48.900000000000006,-95.59999996666669
2021-12-03,0.17564948755227777,268.21250000000003,257.7375,0.5499999999999999,58.8,0.10875000000000001,0.0014012500000000002,4.15,48.900000000000006,-95.59999996666669
2021-12-11,0.24546057025030854,270.8375,262.875,0.0,56.800000000000004,0.17375000000000002,0.0017175000000000003,4.0375,48.900000000000006,-95.59999996666669
2021-12-19,0.36316640631570507,265.7875,254.6,1.05,52.1625,0.09875,0.00106125,3.6125000000000003,48.900000000000006,-95.59999996666669
2021-12-27,0.28476204434848384,255.66,242.51999999999998,1.8400000000000003,48.88,0.013999999999999999,0.0006960000000000001,2.96,48.900000000000006,-95.59999996666669
2022-01-01,0.08716196924859178,257.02500000000003,243.9625,0.7250000000000001,59.41250000000001,0.03875,0.0005675000000000001,4.2875,48.900000000000006,-95.59999996666669
2022-01-09,0.1233496370537511,262.62500000000006,250.87499999999997,0.1625,70.45,0.0975,0.0007450000000000001,3.75,48.900000000000006,-95.59999996666669
2022-01-17,0.1003246736611231,259.475,245.95,0.975,67.55,0.04625,0.0007400000000000003,4.6625000000000005,48.900000000000006,-95.59999996666669
2022-01-25,0.15518877707193768,263.85,250.25,0.4,80.85000000000001,0.07250000000000001,0.0009125,4.5,48.900000000000006,-95.59999996666669
2022-02-02,0.06378205634112818,262.75,250.325,0.8625,81.2625,0.08,0.0009575,4.1,48.900000000000006,-95.59999996666669
2022-02-10,0.07383493682388044,260.8,244.38750000000002,1.6500000000000004,100.70000000000002,0.05875,0.00071,4.250000000000001,48.900000000000006,-95.59999996666669
2022-02-18,0.03472806659159759,260.13750000000005,243.375,1.6624999999999999,120.57499999999999,0.05999999999999999,0.00058,4.7625,48.900000000000006,-95.59999996666669
2022-02-26,0.033268465378035836,267.6375,255.55,0.45,141.625,0.09875,0.001255,2.9875000000000003,48.900000000000006,-95.59999996666669
2022-03-06,0.02759438853596884,266.2875,251.9125,0.3,152.925,0.0625,0.0012075,4.9875,48.900000000000006,-95.59999996666669
2022-03-14,0.1,279.125,267.9875,0.3125,189.81250000000003,0.31875000000000003,0.0024162500000000004,2.8875,48.900000000000006,-95.59999996666669
2022-03-22,0.1,274.4,264.90000000000003,0.4375,203.7875,0.21375000000000002,0.00208375,4.6,48.900000000000006,-95.59999996666669
2022-03-30,0.1,276.7,270.2125,2.225,194.96250000000003,0.18750000000000003,0.0029525,4.3374999999999995,48.900000000000006,-95.59999996666669
2022-04-07,0.2,278.45,269.15,2.1750000000000003,192.4375,0.21625,0.0029875,4.9625,48.900000000000006,-95.59999996666669
2022-04-15,0.3190011092667784,276.35,268.0875,3.3750000000000004,201.57500000000002,0.1875,0.002755,4.725,48.900000000000006,-95.59999996666669
2022-04-23,0.4,279.225,271.7,7.050000000000001,201.6625,0.23124999999999998,0.00340125,5.0249999999999995,48.900000000000006,-95.59999996666669
2022-05-01,0.5985403987864384,288.275,277.1875,1.9625000000000001,249.025,0.55125,0.005065,4.9375,48.900000000000006,-95.59999996666669
2022-05-09,0.9477304253551859,290.1875,280.0375,10.137500000000001,221.05,0.47875000000000006,0.006385,5.925000000000001,48.900000000000006,-95.59999996666669
2022-05-17,1.0142673561112576,288.25,278.2,1.85,222.72500000000002,0.48874999999999996,0.005375000000000001,3.9125,48.900000000000006,-95.59999996666669
2022-05-25,1.5488653529076248,293.9125,282.73749999999995,4.0875,253.05,0.56125,0.0082275,3.875,48.900000000000006,-95.59999996666669
2022-06-02,1.7782440163182782,292.9375,279.0,0.0,276.3625,0.67125,0.006155,3.2250000000000005,48.900000000000006,-95.59999996666669
2022-06-10,2.398704726798619,296.6125,286.3125,4.275,269.1125,0.57375,0.010517499999999999,4.2,48.900000000000006,-95.59999996666669
2022-06-18,2.722084639706082,301.125,288.5,2.7125000000000004,267.125,0.8012500000000001,0.013041250000000002,5.0625,48.900000000000006,-95.59999996666669
2022-06-26,2.9686801375088296,295.53749999999997,282.9375,0.17500000000000002,294.2375,0.6512499999999999,0.008438750000000002,4.075,48.900000000000006,-95.59999996666669
2022-07-04,3.2081419572559478,298.0,288.425,2.375,265.175,0.41625000000000006,0.012920000000000001,3.075,48.900000000000006,-95.59999996666669
2022-07-12,2.1614158287378435,300.35,289.3,3.3625,260.3875,0.49875,0.014288750000000001,2.9625000000000004,48.900000000000006,-95.59999996666669
2022-07-20,2.606032447800014,297.3625,286.3,3.0125,256.575,0.52375,0.011219999999999999,4.3125,48.900000000000006,-95.59999996666669
2022-07-28,3.2501943234058297,297.425,285.8875,1.7375000000000003,239.8375,0.43625,0.011775,4.125,48.900000000000006,-95.59999996666669
2022-08-05,3.1143353116250303,297.275,283.2875,0.1875,225.9,0.49250000000000005,0.010526250000000001,3.675,48.900000000000006,-95.59999996666669
2022-08-13,1.993030089036425,298.8,286.79999999999995,9.0,207.76250000000002,0.42,0.012855,2.2125,48.900000000000006,-95.59999996666669
2022-08-21,2.637195947005478,298.66249999999997,286.1,5.7749999999999995,213.38750000000002,0.5325,0.011841250000000001,3.0375,48.900000000000006,-95.59999996666669
2022-08-29,2.37727341677802,297.45,283.97499999999997,0.1125,211.275,0.7575000000000001,0.00924125,4.425000000000001,48.900000000000006,-95.59999996666669
2022-09-06,2.0686801375088293,296.5875,279.7,0.07500000000000001,187.15,0.8049999999999999,0.007365,3.625,48.900000000000006,-95.59999996666669
2022-09-14,1.6262991153345872,292.0875,283.0,3.7375000000000007,135.45000000000002,0.26875000000000004,0.00926625,4.175000000000001,48.900000000000006,-95.59999996666669
2022-09-22,1.2029192024271238,289.2125,276.625,0.5875,147.26250000000002,0.47250000000000003,0.005445000000000001,4.0125,48.900000000000006,-95.59999996666669
2022-09-30,0.9738652126775931,290.4125,277.97499999999997,0.21250000000000002,131.525,0.52625,0.006217500000000001,4.125,48.900000000000006,-95.59999996666669
2022-10-08,0.8709460102504696,285.01250000000005,274.025,2.45,106.7,0.4250000000000001,0.004215,5.0375,48.900000000000006,-95.59999996666669
2022-10-24,0.4753248138911548,285.1875,273.11249999999995,0.25,97.225,0.40875000000000006,0.00403625,4.5875,48.900000000000006,-95.59999996666669
2022-11-01,0.4753248138911548,281.9375,271.77500000000003,0.21250000000000002,77.01249999999999,0.4,0.00328125,5.4,48.900000000000006,-95.59999996666669
2022-11-09,0.42337991290746363,270.47499999999997,266.0125,2.7,48.050000000000004,0.0525,0.002425,3.95,48.900000000000006,-95.59999996666669
2022-11-17,0.348219427028489,270.97499999999997,262.1,0.3375,67.8375,0.12625,0.0018437500000000003,4.425,48.900000000000006,-95.59999996666669
2022-11-25,0.30324387608824666,271.2375,260.6375,0.25,55.150000000000006,0.10375,0.002015,4.675,48.900000000000006,-95.59999996666669
2022-12-03,0.27889336364052436,264.3625,252.325,0.45000000000000007,52.050000000000004,0.0625,0.00122875,3.5875000000000004,48.900000000000006,-95.59999996666669
2022-12-11,0.17727341677801955,269.3375,264.25,2.7125,46.1375,0.1225,0.00195625,4.8125,48.900000000000006,-95.59999996666669
2022-12-19,0.07710908876583952,254.18749999999997,245.58749999999998,1.2000000000000002,51.025000000000006,0.02125,0.0005387500000000001,4.525,48.900000000000006,-95.59999996666669
2022-12-27,0.04951470022987068,267.12,260.0,0.0,54.42,0.06999999999999999,0.0015600000000000002,3.16,48.900000000000006,-95.59999996666669
