date,LAI,tmmx,tmmn,pr,srad,vpd,sph,vs,lat,lon
2000-02-18,0.1,270.52500000000003,255.76250000000005,0.55,144.3625,0.14375,0.001295,3.1500000000000004,46.900000000000006,-68.14166663333334
2000-02-26,0.1,274.6625,268.07500000000005,3.6625,113.4625,0.11624999999999999,0.00276875,3.6875,46.900000000000006,-68.14166663333334
2000-03-05,0.14054746871505738,274.2625,265.98749999999995,2.8500000000000005,130.4375,0.16625,0.0021774999999999997,4.125,46.900000000000006,-68.14166663333334
2000-03-13,0.14054746871505738,273.29999999999995,261.65,0.725,192.91250000000002,0.19625,0.00159125,4.2125,46.900000000000006,-68.14166663333334
2000-03-21,0.21936515935060075,283.625,270.26250000000005,1.1500000000000001,206.38750000000002,0.44375000000000003,0.0027687500000000004,3.9625000000000004,46.900000000000006,-68.14166663333334
2000-03-29,0.5,282.025,273.375,2.7625,134.1875,0.31,0.0036512500000000004,3.575,46.900000000000006,-68.14166663333334
2000-04-06,0.532782430111476,279.4625,270.47499999999997,3.4625000000000004,170.4,0.28750000000000003,0.00297625,5.875,46.900000000000006,-68.14166663333334
2000-04-14,0.8,280.02500000000003,269.91249999999997,1.4875000000000003,232.8625,0.3,0.0028225000000000004,3.3000000000000007,46.900000000000006,-68.14166663333334
2000-04-22,0.9134172707608752,280.34999999999997,271.7125,7.6375,182.15,0.27125,0.003360000000000001,3.6,46.900000000000006,-68.14166663333334
2000-04-30,1.0134172707608753,288.34999999999997,275.4375,1.85,255.2,0.58125,0.004252500000000001,4.1375,46.900000000000006,-68.14166663333334
2000-05-08,1.2405474687150577,286.5,276.6625,6.175,203.3375,0.4525,0.0046275,3.9625000000000004,46.900000000000006,-68.14166663333334
2000-05-16,1.408225135384297,288.925,277.0375,2.2624999999999997,286.675,0.6125,0.0044037500000000005,3.1750000000000003,46.900000000000006,-68.14166663333334
2000-05-24,1.8940521114102746,288.0125,279.275,4.0,178.375,0.39875,0.0058425000000000005,3.5500000000000003,46.900000000000006,-68.14166663333334
2000-06-01,2.2397917155019105,290.4875,278.0625,1.6625000000000003,252.62500000000003,0.6125,0.005211250000000001,3.775,46.900000000000006,-68.14166663333334
2000-06-09,2.585531319593546,291.7625,279.05,0.6125000000000002,259.65,0.6225,0.0060012500000000005,3.4,46.900000000000006,-68.14166663333334
2000-06-17,3.364349010229089,296.51249999999993,284.0875,1.8625000000000003,285.6625,0.90125,0.0075875000000000005,3.975,46.900000000000006,-68.14166663333334
2000-06-25,3.7402518122826263,298.1125,286.1375,4.737500000000001,277.9375,0.8275,0.009571250000000002,3.0875,46.900000000000006,-68.14166663333334
2000-07-03,3.991137222828268,293.33750000000003,283.8,5.9375,226.4375,0.48,0.0085175,3.4124999999999996,46.900000000000006,-68.14166663333334
2000-07-11,3.5764810102599642,296.26250000000005,285.525,2.8125,228.6375,0.6174999999999999,0.0096675,3.7250000000000005,46.900000000000006,-68.14166663333334
2000-07-19,3.8780156084998247,295.9875,284.51250000000005,4.3875,261.3625,0.69875,0.008757500000000001,2.75,46.900000000000006,-68.14166663333334
2000-07-27,4.0216424061451725,297.6125,286.2875,1.7625000000000002,237.2125,0.6387499999999999,0.010415,3.0124999999999997,46.900000000000006,-68.14166663333334
2000-08-04,3.0809304970818316,295.16249999999997,285.9375,3.5,177.45,0.45875000000000005,0.0101025,2.9250000000000003,46.900000000000006,-68.14166663333334
2000-08-12,3.366438724861811,294.7125,284.7125,2.9125,198.125,0.56,0.008935000000000002,2.5875000000000004,46.900000000000006,-68.14166663333334
2000-08-20,3.6216424061451726,294.2875,282.5375,3.975,208.2375,0.55,0.00823375,3.2000000000000006,46.900000000000006,-68.14166663333334
2000-08-28,3.140876349411625,294.56249999999994,282.1125,0.35000000000000003,193.7875,0.61125,0.008041250000000002,2.6750000000000003,46.900000000000006,-68.14166663333334
2000-09-05,3.4945122081909905,292.4625,279.66249999999997,0.35000000000000003,180.22500000000002,0.5075000000000001,0.00711875,3.775,46.900000000000006,-68.14166663333334
2000-09-13,3.1086852321650125,292.55000000000007,280.6375,1.6625,155.02500000000003,0.41500000000000004,0.0078675,3.7375000000000003,46.900000000000006,-68.14166663333334
2000-09-21,1.8373832526231906,286.59999999999997,276.5,3.0250000000000004,130.01250000000002,0.35,0.0053,3.9125,46.900000000000006,-68.14166663333334
2000-09-29,1.8461997008723512,288.1375,276.02500000000003,0.8250000000000001,146.51250000000002,0.43,0.0052875000000000005,3.6999999999999997,46.900000000000006,-68.14166663333334
2000-10-07,1.5134172707608753,282.2,273.8625,4.4,86.8125,0.19625,0.00449375,3.7875,46.900000000000006,-68.14166663333334
2000-10-15,0.9539647394759327,282.7375,272.32500000000005,2.0125,116.38750000000002,0.2925,0.0038462500000000003,4.125,46.900000000000006,-68.14166663333334
2000-10-23,0.9405474687150575,283.4125,272.9875,1.2125000000000001,98.07500000000002,0.29375,0.00428625,4.6875,46.900000000000006,-68.14166663333334
2000-10-31,0.5056522321572938,280.7875,273.375,1.2625000000000002,78.91250000000002,0.22625,0.0038650000000000004,3.6625000000000005,46.900000000000006,-68.14166663333334
2000-11-08,0.6134172707608753,281.7625,275.875,3.75,69.0125,0.22375,0.0044662500000000015,3.25,46.900000000000006,-68.14166663333334
2000-11-16,0.6405474687150575,273.5,268.675,0.3,56.112500000000004,0.14250000000000002,0.00248,3.3250000000000006,46.900000000000006,-68.14166663333334
2000-11-24,0.6405474687150575,271.62499999999994,267.4875,1.5250000000000001,40.25000000000001,0.07875,0.0025362500000000003,2.7875000000000005,46.900000000000006,-68.14166663333334
2000-12-02,0.4405474687150574,267.33750000000003,259.75,0.07500000000000001,64.5,0.1175,0.0013212500000000002,4.5375000000000005,46.900000000000006,-68.14166663333334
2000-12-10,0.3405474687150575,267.94999999999993,256.725,7.175000000000001,51.975,0.0675,0.0015525,3.9875,46.900000000000006,-68.14166663333334
2000-12-18,0.3134172707608752,266.9375,258.65000000000003,2.1875,51.275000000000006,0.11875000000000001,0.00123375,5.2875,46.900000000000006,-68.14166663333334
2000-12-26,0.3004600967807155,268.0,259.3666666666667,3.9166666666666665,54.26666666666667,0.08666666666666667,0.001515,5.250000000000001,46.900000000000006,-68.14166663333334
2001-01-01,0.14054746871505738,267.6875,258.85,0.3375,61.82500000000001,0.06874999999999999,0.0015225,2.9749999999999996,46.900000000000006,-68.14166663333334
2001-01-09,0.15991262806565812,265.09999999999997,253.93749999999997,0.7750000000000001,69.86250000000001,0.05625,0.0011625000000000001,3.175,46.900000000000006,-68.14166663333334
2001-01-17,0.1728698020458178,265.61250000000007,252.46249999999998,0.7500000000000001,79.46249999999999,0.05875,0.00115875,2.7875,46.900000000000006,-68.14166663333334
2001-01-25,0.1728698020458178,267.1625,257.15,1.1375,83.18749999999999,0.075,0.0013575000000000002,2.725,46.900000000000006,-68.14166663333334
2001-02-02,0.1728698020458178,269.5,260.875,3.3500000000000005,93.4125,0.1175,0.0015425000000000005,3.8125,46.900000000000006,-68.14166663333334
2001-02-10,0.15991262806565812,267.4375,253.28750000000002,3.2375000000000007,100.28750000000001,0.09999999999999999,0.0011425,5.125000000000001,46.900000000000006,-68.14166663333334
2001-02-18,0.2,265.8625,251.48749999999998,0.7375,116.17499999999998,0.08374999999999999,0.0010975000000000002,4.9375,46.900000000000006,-68.14166663333334
2001-02-26,0.15991262806565812,266.6125,254.24999999999997,0.5875,142.4375,0.11875000000000001,0.0010437500000000002,3.45,46.900000000000006,-68.14166663333334
2001-03-06,0.15991262806565812,274.05000000000007,260.725,3.5500000000000003,193.0875,0.1725,0.00172,4.5125,46.900000000000006,-68.14166663333334
2001-03-14,0.14054746871505738,275.5625,266.8125,0.8875000000000001,169.90000000000003,0.1925,0.002285,3.7625000000000006,46.900000000000006,-68.14166663333334
2001-03-22,0.14054746871505738,275.125,266.8125,2.2375,164.45000000000002,0.22374999999999998,0.00207375,4.8375,46.900000000000006,-68.14166663333334
2001-03-30,0.2,275.9,268.2375,2.0875000000000004,221.9,0.2525,0.00212,4.0249999999999995,46.900000000000006,-68.14166663333334
2001-04-07,0.4405474687150574,277.1875,268.5125,1.7750000000000001,203.66250000000002,0.225,0.002575,4.0,46.900000000000006,-68.14166663333334
2001-04-15,0.7405474687150575,282.28749999999997,270.875,0.1375,265.51250000000005,0.42500000000000004,0.0028725,4.225,46.900000000000006,-68.14166663333334
2001-04-23,0.8810949374301148,287.7,274.2875,0.3125,308.6125,0.70625,0.0031650000000000003,4.5249999999999995,46.900000000000006,-68.14166663333334
2001-05-01,1.3134172707608753,294.5375,278.83750000000003,0.17500000000000002,273.92500000000007,1.0775,0.00464125,3.212500000000001,46.900000000000006,-68.14166663333334
2001-05-09,1.7405474687150577,291.8875,278.35,1.9625000000000001,227.9875,0.74625,0.00519125,3.875,46.900000000000006,-68.14166663333334
2001-05-17,1.9044132903498654,293.2375,279.5625,0.18750000000000003,268.45000000000005,0.8224999999999999,0.0053774999999999995,2.45,46.900000000000006,-68.14166663333334
2001-05-25,2.5596169716332264,293.1125,279.9125,3.9625000000000004,266.275,0.7625000000000001,0.0058800000000000015,3.675,46.900000000000006,-68.14166663333334
2001-06-02,2.986287072806693,290.775,280.77500000000003,4.9125000000000005,201.15,0.50875,0.006525000000000002,3.5625000000000004,46.900000000000006,-68.14166663333334
2001-06-10,3.2149850932648714,299.09999999999997,286.4375,2.4625000000000004,280.1,0.9625,0.00963,2.8625,46.900000000000006,-68.14166663333334
2001-07-04,3.69118355175084,295.525,285.075,5.337500000000001,220.2375,0.575,0.009352500000000001,3.3375000000000004,46.900000000000006,-68.14166663333334
2001-07-12,4.1763628988342525,295.26250000000005,285.775,5.4625,218.88750000000002,0.68,0.008760000000000002,2.0625000000000004,46.900000000000006,-68.14166663333334
2001-07-20,3.9280503915156135,298.4,287.1,3.4125,251.425,0.8800000000000001,0.010101250000000003,3.8875,46.900000000000006,-68.14166663333334
2001-07-28,4.19451220819099,299.375,286.325,0.22500000000000003,269.75000000000006,1.0474999999999999,0.009092500000000002,2.075,46.900000000000006,-68.14166663333334
2001-08-05,3.1335149462156178,300.925,285.42499999999995,0.1125,254.9875,1.0174999999999998,0.010025000000000003,3.6000000000000005,46.900000000000006,-68.14166663333334
2001-08-13,3.8966713435598495,298.375,284.9875,0.7375,228.02499999999998,0.8550000000000001,0.0091475,3.0875000000000004,46.900000000000006,-68.14166663333334
2001-08-21,3.699704343567569,296.375,283.05,1.9875,199.45000000000002,0.6475,0.008885,2.7125,46.900000000000006,-68.14166663333334
2001-08-29,3.4673820102368085,293.08750000000003,279.9625,4.325,185.0125,0.51125,0.0073775,3.9125000000000005,46.900000000000006,-68.14166663333334
2001-09-06,2.923210228649168,297.1625,282.7875,1.375,213.46250000000003,0.785,0.008700000000000001,3.6750000000000003,46.900000000000006,-68.14166663333334
2001-09-14,2.641007565495773,290.3,278.4375,0.7875000000000001,154.83750000000003,0.49625,0.00594375,3.7250000000000005,46.900000000000006,-68.14166663333334
2001-09-22,2.0134172707608755,291.21250000000003,282.125,8.375000000000002,127.95,0.43375,0.007685000000000002,3.0000000000000004,46.900000000000006,-68.14166663333334
2001-09-30,1.4539647394759325,289.55,277.0125,1.2875,130.22500000000002,0.46749999999999997,0.00566625,3.4125,46.900000000000006,-68.14166663333334
2001-10-08,1.1952679614041375,288.6375,276.8,0.525,120.36250000000003,0.45125,0.0054425,3.8500000000000005,46.900000000000006,-68.14166663333334
2001-10-16,0.9134172707608752,284.4125,273.5,3.8875,102.2125,0.29125,0.004432500000000001,4.1875,46.900000000000006,-68.14166663333334
2001-10-24,0.8275902947348976,281.825,273.275,1.5625,88.425,0.2775,0.00397625,3.95,46.900000000000006,-68.14166663333334
2001-11-01,0.7134172707608752,282.0125,275.15,0.5750000000000001,84.73750000000001,0.27625,0.00419375,5.1000000000000005,46.900000000000006,-68.14166663333334
2001-11-09,0.6405474687150575,275.0,268.1625,1.2375,69.525,0.14125000000000001,0.0026975000000000002,4.3375,46.900000000000006,-68.14166663333334
2001-11-17,0.6405474687150575,278.1,270.56249999999994,0.625,71.0875,0.2575,0.0027925,3.5124999999999997,46.900000000000006,-68.14166663333334
2001-11-25,0.8134172707608752,277.6625,270.7875,3.3500000000000005,60.80000000000001,0.15500000000000003,0.0035550000000000004,3.5875000000000004,46.900000000000006,-68.14166663333334
2001-12-03,0.7146331207547382,275.25,268.575,0.8625,58.925000000000004,0.16749999999999998,0.0025925,3.8875000000000006,46.900000000000006,-68.14166663333334
2001-12-11,0.8815550342108303,273.1375,266.15,0.9375,56.825,0.14750000000000002,0.00218125,4.0125,46.900000000000006,-68.14166663333334
2001-12-19,0.8414676622764885,271.52500000000003,264.625,2.1625,48.6875,0.08875,0.0021850000000000003,3.4250000000000003,46.900000000000006,-68.14166663333334
2001-12-27,0.8544248362566481,269.15999999999997,263.74,0.06000000000000001,46.6,0.10800000000000001,0.001708,4.180000000000001,46.900000000000006,-68.14166663333334
2002-01-01,0.2134172707608752,266.525,259.8,0.525,65.42500000000001,0.07750000000000001,0.0014,4.125,46.900000000000006,-68.14166663333334
2002-01-09,0.26767766666923964,270.16249999999997,262.02500000000003,2.8125,49.28750000000001,0.0625,0.00204125,3.3750000000000004,46.900000000000006,-68.14166663333334
2002-01-25,0.2405474687150574,266.9125,257.375,2.3375000000000004,62.9,0.0625,0.0014524999999999998,2.6999999999999997,46.900000000000006,-68.14166663333334
2002-02-02,0.2,263.83750000000003,253.5375,0.8875000000000001,92.1625,0.09874999999999999,0.0007750000000000001,4.125,46.900000000000006,-68.14166663333334
2002-02-10,0.1728698020458178,271.175,255.05000000000004,0.9375,108.38750000000002,0.14375,0.0014225000000000002,4.5125,46.900000000000006,-68.14166663333334
2002-02-18,0.13232233333076043,272.84999999999997,264.9625,1.3625,109.54999999999998,0.19249999999999998,0.0018312500000000002,2.85,46.900000000000006,-68.14166663333334
2002-02-26,0.11936515935060074,274.1875,264.9375,4.5,114.2625,0.1975,0.0020375000000000002,5.125000000000001,46.900000000000006,-68.14166663333334
2002-03-06,0.11936515935060074,273.6875,264.675,2.525,127.7625,0.1825,0.0019525,4.6125,46.900000000000006,-68.14166663333334
2002-03-14,0.2134172707608752,273.3125,262.3125,1.3875,186.0,0.18,0.0017312500000000004,3.525,46.900000000000006,-68.14166663333334
2002-03-22,0.2405474687150574,273.0625,263.63749999999993,3.3375000000000004,167.25,0.17875000000000002,0.00181875,5.0874999999999995,46.900000000000006,-68.14166663333334
2002-03-30,0.32759029473489776,276.2125,270.1375,4.6875,183.14999999999998,0.20375,0.0026975000000000007,4.7125,46.900000000000006,-68.14166663333334
2002-04-07,0.5810949374301148,281.21250000000003,272.3875,1.2625000000000002,193.325,0.325,0.0033787500000000002,4.2,46.900000000000006,-68.14166663333334
2002-04-15,0.5862870728066931,283.85,273.51249999999993,3.4625000000000004,223.01250000000002,0.37875000000000003,0.00399625,4.437500000000001,46.900000000000006,-68.14166663333334
2002-04-23,0.8004600967807155,280.9,271.9125,1.2875,255.675,0.39375000000000004,0.002665,4.1375,46.900000000000006,-68.14166663333334
2002-05-01,1.0004600967807156,287.775,276.1375,2.7625,219.3625,0.64625,0.00379625,4.700000000000001,46.900000000000006,-68.14166663333334
2002-05-09,1.0268345415217504,285.575,274.2875,3.6125000000000007,222.0875,0.54875,0.0033037500000000007,5.2625,46.900000000000006,-68.14166663333334
2002-05-17,1.2725741456133859,288.35,276.96250000000003,1.5625,228.07500000000002,0.61875,0.004223750000000001,4.2625,46.900000000000006,-68.14166663333334
2002-05-25,1.8457396040916358,293.4875,280.92499999999995,3.1625,249.83750000000003,0.75625,0.0064425,4.75,46.900000000000006,-68.14166663333334
2002-06-02,2.318609406137454,288.95,277.5625,2.0375,213.6125,0.50625,0.00521,4.4125000000000005,46.900000000000006,-68.14166663333334
2002-06-10,2.9402518122826256,289.8,279.33750000000003,2.4,230.20000000000002,0.505,0.005875,2.6499999999999995,46.900000000000006,-68.14166663333334
2002-06-18,3.754424836256648,297.0,283.3,2.8125000000000004,314.82500000000005,0.88125,0.007781250000000001,3.7125000000000004,46.900000000000006,-68.14166663333334
2002-06-26,4.026538885089319,299.91249999999997,287.6,7.137500000000001,265.9875,0.9012499999999999,0.0108375,2.775,46.900000000000006,-68.14166663333334
2002-07-04,4.321346749712741,294.5625,285.4625,5.9375,201.22500000000002,0.5775000000000001,0.009280000000000002,3.725,46.900000000000006,-68.14166663333334
2002-07-12,3.129515569019337,296.45,285.6375,4.175000000000001,236.775,0.6924999999999999,0.009281250000000001,2.8750000000000004,46.900000000000006,-68.14166663333334
2002-07-20,4.462649971640945,295.5,283.05,1.2874999999999999,239.275,0.645,0.00852625,3.5125000000000006,46.900000000000006,-68.14166663333334
2002-07-28,4.227412749728178,298.51250000000005,286.975,1.3125,215.35000000000002,0.7100000000000001,0.0107325,3.0875000000000004,46.900000000000006,-68.14166663333334
2002-08-05,4.287808566388118,296.8125,283.4625,0.9875,222.17499999999998,0.73875,0.00893375,3.6000000000000005,46.900000000000006,-68.14166663333334
2002-08-13,4.089165619621258,302.1375,289.3875,1.475,241.4375,1.06,0.011962500000000001,3.1625000000000005,46.900000000000006,-68.14166663333334
2002-08-21,3.7804572956426794,295.5375,281.1625,0.4625,217.5,0.7612500000000001,0.0071400000000000005,3.1500000000000004,46.900000000000006,-68.14166663333334
2002-08-29,2.7873153906387067,293.6125,280.5,2.6625,179.6625,0.55625,0.007407500000000001,4.05,46.900000000000006,-68.14166663333334
2002-09-06,3.0812593777783985,295.45,282.7875,5.825,163.4,0.70625,0.008495,4.2375,46.900000000000006,-68.14166663333334
2002-09-14,2.96218987486023,294.37499999999994,280.925,1.3625,161.60000000000002,0.5675,0.00804625,3.1125000000000003,46.900000000000006,-68.14166663333334
2002-09-22,2.380799280997683,291.41249999999997,280.33750000000003,2.8375000000000004,142.125,0.54125,0.006788750000000001,3.3375,46.900000000000006,-68.14166663333334
2002-09-30,1.8079294789518654,289.08750000000003,275.88749999999993,1.675,133.97500000000002,0.425,0.005765,5.175,46.900000000000006,-68.14166663333334
2002-10-08,1.4350596769060473,282.85,273.40000000000003,1.6375000000000002,114.9625,0.29625,0.0040225,3.75,46.900000000000006,-68.14166663333334
2002-10-16,1.2487726040993545,278.3375,271.3,4.4125,84.0875,0.16875,0.0034350000000000006,4.300000000000001,46.900000000000006,-68.14166663333334
2002-10-24,0.7405474687150575,277.0625,271.15,0.9625000000000001,86.4625,0.22875,0.00279875,4.425,46.900000000000006,-68.14166663333334
2002-11-01,0.6000000000000002,273.58750000000003,265.18750000000006,1.6375000000000002,76.2625,0.1125,0.00239,4.050000000000001,46.900000000000006,-68.14166663333334
2002-11-09,0.4405474687150574,278.6375,271.59999999999997,1.6875000000000002,74.03750000000001,0.18125000000000002,0.0034975,2.9750000000000005,46.900000000000006,-68.14166663333334
2002-11-17,0.38704282601984036,273.0,267.01250000000005,6.787500000000001,56.45,0.058750000000000004,0.00276625,5.1625000000000005,46.900000000000006,-68.14166663333334
2002-11-25,0.3405474687150575,270.2875,263.5625,1.3625,63.050000000000004,0.08249999999999999,0.00202,4.2875,46.900000000000006,-68.14166663333334
2002-12-03,0.3676776666692396,267.2,257.15,0.2,54.175,0.09875,0.0012512500000000002,4.5625,46.900000000000006,-68.14166663333334
2002-12-11,0.40898088859744436,270.78749999999997,261.4125,2.3875,56.8125,0.09874999999999999,0.0018737500000000002,3.900000000000001,46.900000000000006,-68.14166663333334
2002-12-19,0.5030330000077188,271.33750000000003,263.67499999999995,4.4125,51.0,0.09499999999999999,0.002105,3.95,46.900000000000006,-68.14166663333334
2002-12-27,0.42759029473489774,266.58,256.6,0.78,59.14000000000001,0.10200000000000001,0.0010920000000000003,4.26,46.900000000000006,-68.14166663333334
2003-01-01,0.14054746871505738,267.65,259.2875,1.3625,59.425,0.09625,0.0013875000000000003,2.95,46.900000000000006,-68.14166663333334
2003-01-09,0.20822513538429696,260.7625,252.57500000000002,0.5375,64.52499999999999,0.065,0.00072625,3.7125,46.900000000000006,-68.14166663333334
2003-01-17,0.22118230936445665,260.4375,250.16249999999997,0.1875,73.55,0.06625,0.0006687500000000001,5.237500000000001,46.900000000000006,-68.14166663333334
2003-01-25,0.2,265.1,252.7,0.6,95.82500000000002,0.08125,0.0010187500000000001,3.575,46.900000000000006,-68.14166663333334
2003-02-02,0.1728698020458178,267.9375,256.6625,6.6,80.03750000000001,0.12999999999999998,0.00119,5.612499999999999,46.900000000000006,-68.14166663333334
2003-02-10,0.1728698020458178,259.05,246.375,0.1625,117.77499999999999,0.075,0.00048000000000000007,5.350000000000001,46.900000000000006,-68.14166663333334
2003-02-18,0.14054746871505738,268.05,259.57500000000005,2.0250000000000004,100.25,0.14375000000000002,0.00119,4.65,46.900000000000006,-68.14166663333334
2003-02-26,0.14054746871505738,268.90000000000003,252.3375,2.2875,160.20000000000002,0.1425,0.0010237500000000001,3.675,46.900000000000006,-68.14166663333334
2003-03-06,0.14054746871505738,269.675,254.9625,1.1125,161.3,0.145,0.00116,4.5375,46.900000000000006,-68.14166663333334
2003-03-14,0.14054746871505738,272.075,259.9125,2.1625,196.97500000000002,0.1525,0.0016912500000000003,3.3625,46.900000000000006,-68.14166663333334
2003-03-22,0.16767766666923958,276.8,271.5125,1.8125000000000002,176.45000000000002,0.21375,0.0028875000000000003,2.9625000000000004,46.900000000000006,-68.14166663333334
2003-03-30,0.14054746871505738,273.375,263.08750000000003,1.8250000000000002,193.8625,0.19999999999999998,0.00170125,4.0875,46.900000000000006,-68.14166663333334
2003-04-07,0.4,277.82500000000005,264.95,0.0,300.5625,0.32999999999999996,0.0018012500000000001,3.1375,46.900000000000006,-68.14166663333334
2003-04-15,0.5405474687150574,280.425,268.72499999999997,1.0,226.2625,0.39375,0.0026187500000000004,3.575,46.900000000000006,-68.14166663333334
2003-04-23,0.5728698020458179,284.23749999999995,276.0125,3.0875000000000004,197.82500000000002,0.5037499999999999,0.0034637500000000002,3.1875,46.900000000000006,-68.14166663333334
2003-05-01,0.8405474687150574,285.90000000000003,273.97499999999997,4.2,218.67500000000004,0.4925,0.0036612499999999996,3.45,46.900000000000006,-68.14166663333334
2003-05-09,1.1405474687150576,284.025,275.6375,2.6500000000000004,158.2375,0.31625000000000003,0.004461250000000001,3.1125,46.900000000000006,-68.14166663333334
2003-05-17,1.2539647394759328,294.43749999999994,279.3,0.2625,286.325,1.00625,0.004945000000000001,2.5375,46.900000000000006,-68.14166663333334
2003-05-25,1.8457396040916358,291.5125,281.00000000000006,4.4125000000000005,191.925,0.59625,0.006322500000000001,1.975,46.900000000000006,-68.14166663333334
2003-06-02,2.2513918362489296,292.0875,279.63749999999993,3.7375000000000003,243.175,0.66,0.005922500000000001,4.4,46.900000000000006,-68.14166663333334
2003-06-10,2.8478987394604953,291.95,279.8,2.8125000000000004,226.67499999999998,0.63,0.006125,3.6500000000000004,46.900000000000006,-68.14166663333334
2003-06-18,3.6320266768983296,300.4125,286.22499999999997,0.21250000000000002,287.625,1.11125,0.009396250000000002,2.8125,46.900000000000006,-68.14166663333334
2003-06-26,3.8454439476592044,299.4375,286.97499999999997,6.075,289.2,0.98125,0.009965000000000002,3.2875000000000005,46.900000000000006,-68.14166663333334
2003-07-04,3.3054977789641398,296.6125,285.4,2.925,244.5125,0.71,0.00929625,3.7000000000000006,46.900000000000006,-68.14166663333334
2003-07-12,3.687348469607402,297.17499999999995,286.75,1.1625,232.05,0.72625,0.009778750000000003,3.5,46.900000000000006,-68.14166663333334
2003-07-20,3.236476163720196,296.425,288.2375,8.762500000000001,158.58750000000003,0.52875,0.0110675,3.9375,46.900000000000006,-68.14166663333334
2003-07-28,3.179277787416259,296.4375,287.2125,2.3,186.07500000000002,0.5875,0.010450000000000001,2.8875,46.900000000000006,-68.14166663333334
2003-08-05,3.7535046426952174,297.5875,289.4,7.2375,170.71250000000003,0.5287499999999999,0.012145000000000001,2.75,46.900000000000006,-68.14166663333334
2003-08-13,3.6807992809976833,298.0625,285.52500000000003,1.725,245.70000000000005,0.74375,0.00984375,3.1375000000000006,46.900000000000006,-68.14166663333334
2003-08-21,2.9306796108203175,293.8,282.675,1.1125,187.40000000000003,0.5750000000000001,0.00829375,4.550000000000001,46.900000000000006,-68.14166663333334
2003-08-29,3.2,292.175,279.1,0.26250000000000007,179.8625,0.46,0.007,3.5375000000000005,46.900000000000006,-68.14166663333334
2003-09-06,3.0756071456211047,293.375,278.925,0.0,195.55,0.60375,0.0067625,2.825,46.900000000000006,-68.14166663333334
2003-09-14,2.60198159036214,295.92500000000007,283.94999999999993,1.2750000000000001,172.35000000000002,0.60625,0.009085000000000001,3.3000000000000003,46.900000000000006,-68.14166663333334
2003-09-22,2.389320072814412,293.20000000000005,282.35,5.9125000000000005,137.8125,0.43250000000000005,0.008375,4.3875,46.900000000000006,-68.14166663333334
2003-09-30,1.9082251353842974,284.0125,273.6375,3.1750000000000003,126.22500000000001,0.28125,0.004351250000000001,4.475,46.900000000000006,-68.14166663333334
2003-10-08,1.4000000000000001,290.25,277.59999999999997,4.35,138.925,0.4975,0.005831250000000001,3.75,46.900000000000006,-68.14166663333334
2003-10-16,1.0275902947348978,278.2125,272.13750000000005,2.1125000000000003,76.2875,0.22375,0.00315625,4.3125,46.900000000000006,-68.14166663333334
2003-10-24,0.7051921353765783,283.40000000000003,274.5125,10.924999999999999,67.53750000000001,0.23374999999999999,0.004758750000000001,4.775000000000001,46.900000000000006,-68.14166663333334
2003-11-01,0.7676776666692395,278.95,270.5375,0.5125000000000001,96.07500000000002,0.2475,0.00310125,4.512500000000001,46.900000000000006,-68.14166663333334
2003-11-09,0.7405474687150575,274.9625,268.075,3.4750000000000005,58.175000000000004,0.13375,0.0027087500000000007,5.45,46.900000000000006,-68.14166663333334
2003-11-17,0.5888599760336963,278.5375,269.3875,3.6375,79.57500000000002,0.1475,0.0034225,3.4875000000000003,46.900000000000006,-68.14166663333334
2003-11-25,0.6405474687150575,275.25000000000006,267.35,5.2625,54.875,0.1525,0.00256,4.8500000000000005,46.900000000000006,-68.14166663333334
2003-12-03,0.5405474687150574,268.125,259.4,2.025,63.6625,0.10874999999999999,0.00133625,4.9375,46.900000000000006,-68.14166663333334
2003-12-11,0.4405474687150574,272.1125,261.16249999999997,10.5,50.37500000000001,0.1275,0.0018537500000000001,6.5,46.900000000000006,-68.14166663333334
2003-12-19,0.47286980204581786,271.2625,264.05,1.7375000000000003,43.075,0.10250000000000001,0.0021725000000000004,3.0,46.900000000000006,-68.14166663333334
2003-12-27,0.32164240614517214,274.03999999999996,265.73999999999995,1.34,66.22,0.14600000000000002,0.0022580000000000005,4.44,46.900000000000006,-68.14166663333334
2004-01-01,0.3410075654957729,264.59999999999997,257.97499999999997,0.65,53.962500000000006,0.11124999999999999,0.00100875,5.025,46.900000000000006,-68.14166663333334
2004-01-09,0.28109493743011477,256.3125,248.13750000000002,0.15000000000000002,63.9875,0.05375,0.0004850000000000001,5.112500000000001,46.900000000000006,-68.14166663333334
2004-01-17,0.3000000000000001,264.02500000000003,254.1375,3.0875000000000004,61.2625,0.09000000000000001,0.0009412500000000001,5.200000000000001,46.900000000000006,-68.14166663333334
2004-01-25,0.2599126280656581,260.5,249.63750000000002,0.037500000000000006,84.0625,0.08,0.00068625,4.925,46.900000000000006,-68.14166663333334
2004-02-02,0.26767766666923964,269.5625,258.075,2.0125,83.2125,0.14125,0.0012525000000000001,4.4750000000000005,46.900000000000006,-68.14166663333334
2004-02-10,0.3000000000000001,266.38750000000005,256.06249999999994,0.225,103.1,0.12000000000000001,0.001105,4.1000000000000005,46.900000000000006,-68.14166663333334
2004-02-18,0.2,271.28749999999997,260.6125,0.25,135.50000000000003,0.16749999999999998,0.00139375,4.300000000000001,46.900000000000006,-68.14166663333334
2004-02-26,0.2405474687150574,272.4,260.825,0.2625,143.7375,0.15625,0.0017125,4.125000000000001,46.900000000000006,-68.14166663333334
2004-03-05,0.2,274.375,266.08750000000003,1.8250000000000002,161.08750000000003,0.195,0.00202875,3.1,46.900000000000006,-68.14166663333334
2004-03-13,0.26767766666923964,272.4125,260.9875,0.35,187.21250000000003,0.17625,0.0015487500000000002,4.2,46.900000000000006,-68.14166663333334
2004-03-21,0.4405474687150574,276.0625,265.4375,2.5250000000000004,188.37500000000003,0.22125,0.0021837500000000004,4.2125,46.900000000000006,-68.14166663333334
2004-03-29,0.41860940613745345,279.825,269.7125,1.7000000000000002,198.88750000000002,0.29875,0.00273,3.8,46.900000000000006,-68.14166663333334
2004-04-06,0.5405474687150574,277.5125,270.6625,1.9125,189.6,0.29375,0.0023950000000000004,3.9125,46.900000000000006,-68.14166663333334
2004-04-14,0.7134172707608752,285.825,272.53749999999997,3.3125,280.82500000000005,0.54,0.0032887500000000004,5.6625,46.900000000000006,-68.14166663333334
2004-04-22,0.9134172707608752,284.3,271.55,1.7999999999999998,228.71250000000003,0.48125,0.003022500000000001,4.8,46.900000000000006,-68.14166663333334
2004-04-30,0.9728698020458177,292.08750000000003,279.02500000000003,3.1125000000000003,209.57500000000002,0.7374999999999999,0.005711249999999999,4.4750000000000005,46.900000000000006,-68.14166663333334
2004-05-08,1.3134172707608753,288.45,275.25,1.1,222.63750000000005,0.62375,0.0041075,4.1625,46.900000000000006,-68.14166663333334
2004-05-16,1.5940521114102744,290.4875,278.9,1.6375000000000002,259.1625,0.7287500000000001,0.0046425,4.000000000000001,46.900000000000006,-68.14166663333334
2004-05-24,1.86218987486023,286.425,277.1375,2.8875,204.425,0.44500000000000006,0.0047075,4.4624999999999995,46.900000000000006,-68.14166663333334
2004-06-01,1.9082251353842974,290.675,279.8875,2.5375,227.55,0.575,0.005973750000000002,3.6500000000000004,46.900000000000006,-68.14166663333334
2004-06-09,2.9780619374223964,292.95,280.15000000000003,0.6625000000000001,264.40000000000003,0.6925000000000001,0.0063812500000000015,4.862500000000001,46.900000000000006,-68.14166663333334
2004-06-17,3.151227395900646,293.1125,282.58750000000003,4.6625,214.1375,0.6275,0.00722625,3.8375000000000004,46.900000000000006,-68.14166663333334
2004-06-25,2.9773061842092488,293.9875,282.7375,4.112500000000001,258.725,0.65375,0.007455000000000001,3.6625000000000005,46.900000000000006,-68.14166663333334
2004-07-03,2.6532684198437937,294.3375,285.1875,3.5374999999999996,191.425,0.49375,0.009291250000000001,3.0,46.900000000000006,-68.14166663333334
2004-07-11,3.0587431069943674,297.27500000000003,286.85,1.5125000000000004,214.9875,0.6575000000000001,0.010316250000000003,3.1875,46.900000000000006,-68.14166663333334
2004-07-19,3.4593213152007944,297.425,286.20000000000005,4.575,246.28750000000002,0.6837500000000001,0.01014875,3.0125,46.900000000000006,-68.14166663333334
2004-07-27,3.1330417447764654,298.75,287.3375,3.0625,224.43750000000006,0.7100000000000001,0.011013750000000001,3.125,46.900000000000006,-68.14166663333334
2004-08-04,2.9622362037828016,294.625,283.825,2.6,220.57500000000005,0.5775000000000001,0.008566250000000001,3.3874999999999997,46.900000000000006,-68.14166663333334
2004-08-12,2.8945253128494266,297.1375,286.3125,10.05,221.30000000000004,0.665,0.010005,3.6375,46.900000000000006,-68.14166663333334
2004-08-20,3.470415010244527,294.28749999999997,281.9875,1.6750000000000003,213.56250000000003,0.51125,0.008416250000000002,3.6000000000000005,46.900000000000006,-68.14166663333334
2004-08-28,3.10198159036214,293.575,282.9375,4.475,161.67499999999998,0.48624999999999996,0.008705000000000001,3.15,46.900000000000006,-68.14166663333334
2004-09-05,2.919009924041721,293.20000000000005,279.82500000000005,6.487500000000001,174.4875,0.4337500000000001,0.0078112500000000005,3.7249999999999996,46.900000000000006,-68.14166663333334
2004-09-13,2.7777662809899644,291.1375,278.3375,0.0,173.9625,0.47250000000000003,0.006643750000000001,4.012500000000001,46.900000000000006,-68.14166663333334
2004-09-21,1.8568796280579396,292.975,279.0625,0.2375,162.7375,0.57375,0.006702500000000002,3.45,46.900000000000006,-68.14166663333334
2004-09-29,1.508225135384297,288.125,274.9625,0.1,161.7375,0.48,0.004718750000000001,3.3125000000000004,46.900000000000006,-68.14166663333334
2004-10-07,1.472869802045818,288.3125,277.2,2.0500000000000003,117.87500000000003,0.40875000000000006,0.005636250000000001,4.487500000000001,46.900000000000006,-68.14166663333334
2004-10-15,0.8371724833523351,283.5125,275.1125,4.0,101.43750000000001,0.2625,0.0046475,3.587500000000001,46.900000000000006,-68.14166663333334
2004-10-23,0.8728698020458179,282.08750000000003,270.88750000000005,0.7625000000000001,113.52500000000002,0.3025,0.0033387500000000006,2.5999999999999996,46.900000000000006,-68.14166663333334
2004-10-31,0.7728698020458179,278.825,271.4,3.5625,68.73750000000001,0.17500000000000002,0.0035825,4.775,46.900000000000006,-68.14166663333334
2004-11-08,0.4134172707608752,272.5875,263.71250000000003,0.1125,98.55,0.09875,0.0021850000000000003,3.65,46.900000000000006,-68.14166663333334
2004-11-16,0.42118230936445666,275.025,267.96250000000003,0.0,73.87500000000001,0.11375,0.0028287500000000005,2.8125,46.900000000000006,-68.14166663333334
2004-11-24,0.5405474687150574,276.55,269.65000000000003,10.037500000000001,68.05000000000001,0.18500000000000005,0.0028037500000000007,5.199999999999999,46.900000000000006,-68.14166663333334
2004-12-02,0.3405474687150575,268.17500000000007,258.67499999999995,2.0500000000000003,67.325,0.1025,0.0014075000000000003,4.2375,46.900000000000006,-68.14166663333334
2004-12-10,0.3728698020458179,269.97499999999997,260.1875,3.5500000000000003,41.625,0.08625000000000001,0.0017937500000000002,3.3750000000000004,46.900000000000006,-68.14166663333334
2004-12-18,0.3000000000000001,268.8,257.5375,2.975,53.58750000000001,0.08499999999999999,0.00161375,3.5125,46.900000000000006,-68.14166663333334
2004-12-26,0.28109493743011477,264.9666666666667,252.71666666666667,1.75,56.25000000000001,0.06833333333333334,0.0011066666666666668,4.583333333333333,46.900000000000006,-68.14166663333334
2005-01-01,0.3410075654957729,267.42499999999995,256.84999999999997,1.475,62.0125,0.1075,0.0012525,3.650000000000001,46.900000000000006,-68.14166663333334
2005-01-09,0.2870428260198404,268.95,258.13750000000005,2.7375000000000003,63.35000000000001,0.125,0.00135625,4.4,46.900000000000006,-68.14166663333334
2005-01-17,0.3000000000000001,259.0,249.3375,1.425,74.55,0.0625,0.0006025,5.250000000000001,46.900000000000006,-68.14166663333334
2005-01-25,0.27286980204581784,262.825,250.7,0.0,97.58750000000002,0.09375,0.00070125,3.1875,46.900000000000006,-68.14166663333334
2005-02-02,0.2599126280656581,273.9375,263.25,1.0875,103.37500000000001,0.18374999999999997,0.0018474999999999998,1.8,46.900000000000006,-68.14166663333334
2005-02-10,0.2405474687150574,272.24999999999994,261.4375,5.2875000000000005,105.95000000000002,0.155,0.0017087500000000002,5.175,46.900000000000006,-68.14166663333334
2005-02-18,0.1728698020458178,265.675,254.75,0.325,125.06250000000001,0.12000000000000001,0.0008625,3.4000000000000004,46.900000000000006,-68.14166663333334
2005-02-26,0.18704282601984032,269.2625,259.2125,2.5250000000000004,144.07500000000002,0.15749999999999997,0.00116625,5.9125000000000005,46.900000000000006,-68.14166663333334
2005-03-06,0.2,271.75,259.93749999999994,7.737500000000001,152.325,0.17125,0.0014175000000000001,4.65,46.900000000000006,-68.14166663333334
2005-03-14,0.1728698020458178,275.4375,266.2375,1.3875000000000002,149.73749999999998,0.19624999999999998,0.00223375,3.4875000000000003,46.900000000000006,-68.14166663333334
2005-03-22,0.26767766666923964,275.46250000000003,264.41249999999997,1.9000000000000001,197.3375,0.20375000000000001,0.0020900000000000003,3.05,46.900000000000006,-68.14166663333334
2005-03-30,0.26767766666923964,278.2375,271.0375,4.7875000000000005,188.22500000000002,0.25125,0.0028875,3.5374999999999996,46.900000000000006,-68.14166663333334
2005-04-07,0.4405474687150574,277.90000000000003,270.70000000000005,1.4500000000000002,228.33749999999998,0.29250000000000004,0.0025175,4.699999999999999,46.900000000000006,-68.14166663333334
2005-04-15,0.6405474687150575,285.09999999999997,271.5875,0.0625,326.51250000000005,0.595,0.00262875,4.15,46.900000000000006,-68.14166663333334
2005-04-23,0.8405474687150574,286.53749999999997,276.3,12.8,191.4875,0.46749999999999997,0.004495,5.1375,46.900000000000006,-68.14166663333334
2005-05-01,0.9599126280656581,285.5125,277.08750000000003,1.3125,229.11249999999998,0.51375,0.0038825000000000005,4.0875,46.900000000000006,-68.14166663333334
2005-05-09,1.3992442467868527,286.9625,274.7625,3.3375000000000004,237.93750000000003,0.5237499999999999,0.00421875,4.187500000000001,46.900000000000006,-68.14166663333334
2005-05-17,1.6186094061374536,285.9625,277.79999999999995,3.9875,180.88750000000005,0.4175,0.00475875,4.2125,46.900000000000006,-68.14166663333334
2005-05-25,1.986287072806693,290.16249999999997,280.80000000000007,2.875,222.50000000000003,0.55875,0.00609875,2.875,46.900000000000006,-68.14166663333334
2005-06-02,2.667086353804376,296.46250000000003,282.625,1.4500000000000002,270.075,0.8925,0.007452500000000001,3.7625,46.900000000000006,-68.14166663333334
2005-06-10,3.2994086871351365,294.55,285.8,6.3125,181.25000000000003,0.6675,0.009312500000000001,3.7125000000000004,46.900000000000006,-68.14166663333334
2005-06-18,3.8588612184200795,295.65,282.275,0.375,277.8125,0.78,0.0076975,4.075,46.900000000000006,-68.14166663333334
2005-06-26,3.9501528944415014,299.29999999999995,286.725,0.0,269.86250000000007,0.88625,0.010292500000000001,3.9,46.900000000000006,-68.14166663333334
2005-07-04,4.1138773675415905,298.125,285.025,5.5875,258.0875,0.8325,0.009236250000000001,2.8875,46.900000000000006,-68.14166663333334
2005-07-12,4.4109624789595845,300.46250000000003,288.2,5.9625,263.525,0.9362500000000001,0.0111325,2.8375,46.900000000000006,-68.14166663333334
2005-07-20,4.141763318708921,297.90000000000003,286.2375,2.1,235.11250000000004,0.7862499999999998,0.00981375,3.1250000000000004,46.900000000000006,-68.14166663333334
2005-07-28,3.514797706398462,295.4375,283.325,1.6625,255.00000000000003,0.735,0.007798750000000001,3.325,46.900000000000006,-68.14166663333334
2005-08-05,3.9301864350709073,299.9,285.95,0.9,269.45,0.96,0.00979375,3.7125000000000004,46.900000000000006,-68.14166663333334
2005-08-13,3.705487937104451,295.6,283.8125,1.25,213.7125,0.735,0.008122500000000001,3.45,46.900000000000006,-68.14166663333334
2005-08-21,3.5510498508939263,296.575,285.2625,1.6500000000000001,199.025,0.74375,0.008941250000000001,3.2,46.900000000000006,-68.14166663333334
2005-08-29,3.5815550342108304,295.82499999999993,284.84999999999997,8.3125,188.22500000000002,0.56625,0.00961625,4.125,46.900000000000006,-68.14166663333334
2005-09-06,2.886287072806693,294.0625,280.675,1.3625,200.93750000000003,0.5875,0.00747125,3.9000000000000004,46.900000000000006,-68.14166663333334
2005-09-14,2.5134172707608755,292.4625,282.65,3.725,135.35000000000002,0.42375,0.0082725,3.4,46.900000000000006,-68.14166663333334
2005-09-22,2.181094937430115,289.625,277.32500000000005,11.237500000000002,137.4125,0.3375,0.0064075,4.8125,46.900000000000006,-68.14166663333334
2005-09-30,1.499704343567568,293.975,281.9125,4.3500000000000005,152.25000000000003,0.6412500000000001,0.007645,3.8500000000000005,46.900000000000006,-68.14166663333334
2005-10-08,1.3323223333307603,285.2875,277.3,5.775,86.4125,0.28250000000000003,0.005288750000000001,3.9000000000000004,46.900000000000006,-68.14166663333334
2005-10-16,1.0,281.81249999999994,276.675,9.5,69.5875,0.21875,0.004648750000000001,5.075000000000001,46.900000000000006,-68.14166663333334
2005-10-24,0.7186094061374535,278.33750000000003,272.1625,5.825000000000001,71.97500000000001,0.16999999999999998,0.0035550000000000004,4.0375000000000005,46.900000000000006,-68.14166663333334
2005-11-01,0.6728698020458179,279.525,272.725,3.3875,71.775,0.20625000000000002,0.003683750000000001,5.025,46.900000000000006,-68.14166663333334
2005-11-09,0.5223981593583196,277.35,269.86249999999995,3.3875,75.18750000000001,0.16625,0.0030875,4.3375,46.900000000000006,-68.14166663333334
2005-11-17,0.6134172707608753,276.175,268.675,8.687500000000002,56.262499999999996,0.155,0.0028250000000000003,3.8125000000000004,46.900000000000006,-68.14166663333334
2005-11-25,0.532782430111476,275.0,267.425,8.625,52.55000000000001,0.08625000000000001,0.0029925000000000004,4.125,46.900000000000006,-68.14166663333334
2005-12-03,0.5405474687150574,268.7,262.94999999999993,0.1,58.2125,0.135,0.0014575000000000002,5.437500000000001,46.900000000000006,-68.14166663333334
2005-12-11,0.5,268.5,261.3,1.2875,56.2,0.095,0.0016012500000000002,4.2,46.900000000000006,-68.14166663333334
2005-12-19,0.3599126280656582,267.7,259.8125,9.037500000000001,40.6625,0.04499999999999999,0.0018000000000000002,3.7000000000000006,46.900000000000006,-68.14166663333334
2005-12-27,0.3134172707608752,268.44,254.98000000000002,6.7,50.28,0.092,0.0013100000000000002,4.58,46.900000000000006,-68.14166663333334
2006-01-01,0.1,266.675,257.18749999999994,0.6749999999999999,59.25,0.085,0.0013037500000000002,1.975,46.900000000000006,-68.14166663333334
2006-01-09,0.14054746871505738,272.0125,265.475,7.3500000000000005,45.1875,0.11,0.00225625,4.7625,46.900000000000006,-68.14166663333334
2006-01-17,0.15991262806565812,271.52500000000003,261.78749999999997,3.5500000000000003,63.325,0.1125,0.0019075,4.9375,46.900000000000006,-68.14166663333334
2006-01-25,0.1728698020458178,270.3625,261.9375,0.2875,82.9,0.11125,0.00173125,4.2250000000000005,46.900000000000006,-68.14166663333334
2006-02-02,0.1728698020458178,270.05,261.25,3.3875,84.3125,0.1125,0.0017212500000000001,4.0375000000000005,46.900000000000006,-68.14166663333334
2006-02-10,0.1728698020458178,268.35,257.975,3.1125000000000003,107.64999999999999,0.12000000000000001,0.00133625,4.325,46.900000000000006,-68.14166663333334
2006-02-18,0.1728698020458178,267.5875,258.6375,0.375,120.80000000000001,0.13,0.0012100000000000001,4.65,46.900000000000006,-68.14166663333334
2006-02-26,0.15991262806565812,266.875,256.9125,0.33749999999999997,123.07500000000002,0.1325,0.00106375,5.5,46.900000000000006,-68.14166663333334
2006-03-06,0.1728698020458178,276.58750000000003,267.625,0.8375,170.70000000000002,0.25375,0.002225,4.1625,46.900000000000006,-68.14166663333334
2006-03-14,0.3405474687150575,273.775,265.3375,1.975,131.2,0.205,0.0018549999999999999,4.6625000000000005,46.900000000000006,-68.14166663333334
2006-03-22,0.3591568748525108,278.1625,270.525,0.05,179.76250000000002,0.29000000000000004,0.00254125,2.7875,46.900000000000006,-68.14166663333334
2006-03-30,0.7134172707608752,280.3625,269.9,1.65,198.225,0.31625000000000003,0.0027775,4.05,46.900000000000006,-68.14166663333334
2006-04-07,0.8134172707608752,283.575,272.0,0.35000000000000003,237.22499999999997,0.4575,0.003075,3.9250000000000007,46.900000000000006,-68.14166663333334
2006-04-15,0.8280503915156133,286.54999999999995,274.825,3.025,237.5625,0.58625,0.0034300000000000003,4.762500000000001,46.900000000000006,-68.14166663333334
2006-04-23,1.0134172707608753,286.025,272.72499999999997,0.9750000000000001,284.85,0.625,0.0028037500000000003,4.0,46.900000000000006,-68.14166663333334
2006-05-01,1.2457396040916358,289.28749999999997,278.72499999999997,3.0000000000000004,229.4625,0.65625,0.004770000000000001,2.8125,46.900000000000006,-68.14166663333334
2006-05-09,1.4457396040916357,291.4375,279.32500000000005,4.6875,235.97500000000002,0.6875,0.005338750000000001,3.962500000000001,46.900000000000006,-68.14166663333334
2006-05-17,2.121642406145172,288.8,280.15,7.9624999999999995,199.78750000000002,0.44,0.00601875,3.9875000000000007,46.900000000000006,-68.14166663333334
2006-05-25,2.215553314316169,294.525,282.825,0.42500000000000004,240.9875,0.79125,0.006880000000000001,3.025,46.900000000000006,-68.14166663333334
2006-06-02,2.972278489180954,292.5,282.325,2.35,203.04999999999998,0.6162500000000001,0.00707625,3.5000000000000004,46.900000000000006,-68.14166663333334
2006-06-10,3.5777662809899646,295.2875,284.41249999999997,4.6125,250.08750000000003,0.7362500000000001,0.0080175,3.0875,46.900000000000006,-68.14166663333334
2006-06-18,3.204850150021575,298.4,287.3,3.525,283.13750000000005,0.865,0.009915000000000002,3.7000000000000006,46.900000000000006,-68.14166663333334
2006-06-26,3.9648091070098044,297.7625,287.2125,6.987500000000001,236.51250000000005,0.765,0.010138749999999998,4.25,46.900000000000006,-68.14166663333334
2006-07-04,3.718773846485737,299.1875,287.07500000000005,2.625,264.9375,0.8362499999999999,0.01041,3.5375000000000005,46.900000000000006,-68.14166663333334
2006-07-12,4.099704343567568,300.71250000000003,289.2625,4.9875,266.05,0.9325,0.0115825,2.9625000000000004,46.900000000000006,-68.14166663333334
2006-07-20,4.204896478944146,298.2,288.0,4.675,211.32500000000005,0.6775000000000001,0.01117125,3.3,46.900000000000006,-68.14166663333334
2006-07-28,3.9914792081832715,298.24999999999994,287.3375,2.4125,229.8625,0.7887500000000001,0.01032625,3.375,46.900000000000006,-68.14166663333334
2006-08-05,3.256429663727794,294.7,282.475,3.9125000000000005,236.06250000000003,0.66875,0.007755000000000001,4.175,46.900000000000006,-68.14166663333334
2006-08-13,3.4953142903267094,296.21250000000003,283.1875,2.6125000000000003,219.1125,0.6975000000000001,0.008495,3.6624999999999996,46.900000000000006,-68.14166663333334
2006-08-21,3.0864515131549766,292.0375,280.7625,1.225,188.225,0.5487500000000001,0.00678875,3.525,46.900000000000006,-68.14166663333334
2006-08-29,2.4966713435598495,293.5,280.83750000000003,2.05,195.5625,0.55875,0.0073375,2.8625,46.900000000000006,-68.14166663333334
2006-09-06,2.6268345415217507,292.15,278.8375,0.48750000000000004,202.3625,0.6150000000000001,0.006082500000000001,2.7375000000000003,46.900000000000006,-68.14166663333334
2006-09-14,2.1,293.75,282.7625,2.125,144.40000000000003,0.52125,0.008400000000000001,3.3000000000000003,46.900000000000006,-68.14166663333334
2006-09-22,1.413712927193307,288.55,276.84999999999997,4.7875000000000005,128.78750000000002,0.37125,0.00575375,4.45,46.900000000000006,-68.14166663333334
2006-09-30,1.3353553333384796,286.125,276.15,3.3125,135.025,0.37249999999999994,0.004821250000000001,3.6500000000000004,46.900000000000006,-68.14166663333334
2006-10-08,0.9594525312849427,285.82500000000005,273.65000000000003,4.075,115.96249999999998,0.39125,0.004285000000000001,4.1375,46.900000000000006,-68.14166663333334
2006-10-16,0.7948078646234218,283.72499999999997,276.04999999999995,8.675,84.05000000000001,0.26875,0.0047425,3.6000000000000005,46.900000000000006,-68.14166663333334
2006-10-24,0.8271301979541823,279.1625,272.75,3.05,78.17500000000001,0.23124999999999998,0.0033787500000000002,5.9,46.900000000000006,-68.14166663333334
2006-11-01,0.6405474687150575,277.8125,271.15000000000003,1.75,78.24999999999999,0.21250000000000002,0.0030550000000000004,3.1125000000000003,46.900000000000006,-68.14166663333334
2006-11-09,0.5,282.8625,276.05,9.575,48.475,0.14875000000000002,0.005300000000000001,4.075,46.900000000000006,-68.14166663333334
2006-11-17,0.532782430111476,278.85,271.71250000000003,2.0625,72.2875,0.23375,0.003445,3.8625000000000003,46.900000000000006,-68.14166663333334
2006-11-25,0.5457396040916357,275.47499999999997,268.2,4.05,57.68750000000001,0.15750000000000003,0.00263625,3.5125,46.900000000000006,-68.14166663333334
2006-12-03,0.5461997008723511,271.68750000000006,264.47499999999997,0.5,45.487500000000004,0.13249999999999998,0.0019512500000000003,4.65,46.900000000000006,-68.14166663333334
2006-12-11,0.5056522321572938,274.63750000000005,266.2,0.4,53.4375,0.11625,0.0026062500000000005,3.825,46.900000000000006,-68.14166663333334
2006-12-19,0.7539647394759326,272.5875,264.98749999999995,4.4625,52.25,0.14250000000000002,0.00203125,4.5375000000000005,46.900000000000006,-68.14166663333334
2006-12-27,0.6004600967807155,266.58000000000004,258.38,0.0,64.92,0.06200000000000001,0.0014960000000000002,4.84,46.900000000000006,-68.14166663333334
2007-01-01,0.2134172707608752,274.6,266.70000000000005,4.5375000000000005,44.25,0.19,0.00219,4.525,46.900000000000006,-68.14166663333334
2007-01-09,0.2733298988265333,268.775,259.96250000000003,1.9250000000000003,52.41250000000001,0.135,0.001375,3.875,46.900000000000006,-68.14166663333334
2007-01-17,0.2134172707608752,264.6875,251.83749999999998,0.45,74.25,0.09875,0.000865,5.062500000000001,46.900000000000006,-68.14166663333334
2007-01-25,0.3004600967807155,260.975,249.525,0.0,91.8375,0.0775,0.0005925000000000001,3.7625000000000006,46.900000000000006,-68.14166663333334
2007-02-02,0.25396473947593257,263.04999999999995,253.7125,1.3250000000000002,98.82500000000002,0.10125,0.0007925000000000001,4.8,46.900000000000006,-68.14166663333334
2007-02-10,0.25396473947593257,265.6875,255.9375,3.7500000000000004,103.9625,0.11750000000000001,0.0008912499999999999,5.4625,46.900000000000006,-68.14166663333334
2007-02-18,0.2134172707608752,267.5625,254.9,0.4125,113.9,0.12625,0.0010100000000000003,4.450000000000001,46.900000000000006,-68.14166663333334
2007-02-26,0.2134172707608752,273.4,262.45,2.625,134.7625,0.19875,0.0016337500000000002,3.3375,46.900000000000006,-68.14166663333334
2007-03-06,0.1728698020458178,269.175,257.875,0.1375,161.9625,0.17125,0.0013700000000000001,5.0375,46.900000000000006,-68.14166663333334
2007-03-14,0.14054746871505738,274.40000000000003,261.72499999999997,8.75,148.00000000000003,0.19624999999999998,0.00179125,4.8125,46.900000000000006,-68.14166663333334
2007-03-22,0.13278243011147592,276.2625,267.41249999999997,0.30000000000000004,195.25,0.2675,0.00201375,4.575,46.900000000000006,-68.14166663333334
2007-03-30,0.2405474687150574,276.25,265.9375,3.6375,184.52500000000003,0.22749999999999998,0.0021437500000000003,3.9625000000000004,46.900000000000006,-68.14166663333334
2007-04-07,0.3405474687150575,276.675,268.9625,2.2,223.075,0.2525,0.0023525000000000004,4.312500000000001,46.900000000000006,-68.14166663333334
2007-04-15,0.5676776666692397,280.6499999999999,270.3375,4.325,292.85,0.35875000000000007,0.0026400000000000004,4.1625000000000005,46.900000000000006,-68.14166663333334
2007-04-23,0.6952679614041374,285.875,274.35,1.4000000000000001,238.125,0.5825000000000001,0.003445,3.7000000000000006,46.900000000000006,-68.14166663333334
2007-05-01,0.9676776666692397,286.225,274.3125,0.8250000000000001,192.3,0.62875,0.00324125,5.3999999999999995,46.900000000000006,-68.14166663333334
2007-05-09,1.181094937430115,291.5375,278.675,1.7625000000000002,257.0625,0.95625,0.004092500000000001,3.6500000000000004,46.900000000000006,-68.14166663333334
2007-05-17,1.781094937430115,288.1625,275.15,3.8875,206.72500000000002,0.5975,0.00423875,3.2625000000000006,46.900000000000006,-68.14166663333334
2007-05-25,1.9469554540854987,295.575,280.775,2.2375,277.71250000000003,0.99625,0.005896250000000001,3.7875,46.900000000000006,-68.14166663333334
2007-06-02,2.6492327008800705,293.2875,280.63749999999993,2.5625,233.175,0.68125,0.0064912500000000005,4.0375,46.900000000000006,-68.14166663333334
2007-06-10,3.4484769476669226,298.00000000000006,284.125,0.8125,296.6,0.96625,0.008,2.8875,46.900000000000006,-68.14166663333334
2007-06-18,3.326988994714905,294.5875,283.04999999999995,1.3750000000000002,253.81250000000003,0.75875,0.007175000000000002,3.975,46.900000000000006,-68.14166663333334
2007-06-26,3.7720909570191052,294.175,282.875,4.325,233.83750000000003,0.7275,0.007340000000000001,3.5125,46.900000000000006,-68.14166663333334
2007-07-04,3.7460352605240677,296.0375,284.5,2.875,225.25000000000003,0.6975,0.008773750000000002,3.9625000000000004,46.900000000000006,-68.14166663333334
2007-07-12,3.51080802576643,297.38750000000005,285.4125,4.225,243.33750000000003,0.7937500000000001,0.009066250000000001,3.4625,46.900000000000006,-68.14166663333334
2007-07-20,3.8210974222028806,300.25000000000006,287.3375,1.3375000000000001,259.32500000000005,0.9800000000000001,0.010386250000000001,2.9875,46.900000000000006,-68.14166663333334
2007-07-28,3.8796297599263916,300.0625,288.9375,7.4125,227.6125,0.8949999999999999,0.011251250000000003,2.5500000000000003,46.900000000000006,-68.14166663333334
2007-08-05,4.088610648523837,296.0625,283.0875,3.6375,243.3,0.7175,0.008215,3.7375000000000003,46.900000000000006,-68.14166663333334
2007-08-13,3.605356575724862,292.3875,280.9875,0.55,215.7375,0.5737500000000001,0.006830000000000001,3.8625,46.900000000000006,-68.14166663333334
2007-08-21,3.6235058850816,295.9375,283.4625,3.0125,202.3875,0.66375,0.0086125,2.7375000000000003,46.900000000000006,-68.14166663333334
2007-08-29,3.1411720058440564,293.41249999999997,281.125,2.0625,186.425,0.5687500000000001,0.007560000000000001,3.875,46.900000000000006,-68.14166663333334
2007-09-06,3.0949723049717055,293.15000000000003,280.875,1.3125,168.0875,0.54,0.007695,4.0375000000000005,46.900000000000006,-68.14166663333334
2007-09-14,2.6980053049794246,291.625,277.675,1.4125,172.52500000000003,0.54125,0.0060625,3.525,46.900000000000006,-68.14166663333334
2007-09-22,1.7353553333384792,293.07500000000005,280.825,2.8125,136.9,0.55875,0.0074175000000000005,4.625,46.900000000000006,-68.14166663333334
2007-09-30,1.1085207918167288,290.46250000000003,277.375,0.0,162.6125,0.5587500000000001,0.005608750000000001,4.0875,46.900000000000006,-68.14166663333334
2007-10-08,1.1728698020458181,284.5625,277.45,5.05,88.48750000000001,0.28375,0.00512625,3.675,46.900000000000006,-68.14166663333334
2007-10-16,0.9275902947348977,289.0375,278.29999999999995,3.0500000000000003,113.36250000000001,0.45625000000000004,0.005797500000000001,4.25,46.900000000000006,-68.14166663333334
2007-10-24,0.600920193561431,283.2125,272.53749999999997,3.075,88.1875,0.32249999999999995,0.00379625,4.5625,46.900000000000006,-68.14166663333334
2007-11-01,0.7134172707608752,278.32500000000005,271.7625,5.362500000000001,85.925,0.22124999999999997,0.00315875,4.5875,46.900000000000006,-68.14166663333334
2007-11-09,0.6405474687150575,276.47499999999997,268.8625,1.3875,70.8875,0.14125,0.00302375,3.8000000000000003,46.900000000000006,-68.14166663333334
2007-11-17,0.47286980204581786,271.4375,265.925,9.862499999999999,66.15,0.11125000000000002,0.0021737500000000003,3.9875000000000007,46.900000000000006,-68.14166663333334
2007-11-25,0.508225135384297,270.7375,261.075,5.550000000000001,67.1625,0.08249999999999999,0.0019312500000000002,4.75,46.900000000000006,-68.14166663333334
2007-12-03,0.2870428260198404,267.20000000000005,255.45000000000005,1.3125,64.875,0.06875,0.00134,3.6250000000000004,46.900000000000006,-68.14166663333334
2007-12-11,0.27286980204581784,264.36249999999995,253.12500000000003,1.35,55.825,0.0675,0.00101625,4.875,46.900000000000006,-68.14166663333334
2007-12-19,0.24573960409163562,269.96250000000003,262.9125,6.0874999999999995,47.60000000000001,0.09125,0.0019250000000000003,3.6999999999999997,46.900000000000006,-68.14166663333334
2007-12-27,0.286287072806693,270.03999999999996,262.78000000000003,6.460000000000001,43.0,0.08199999999999999,0.001898,3.0200000000000005,46.900000000000006,-68.14166663333334
2008-01-01,0.1728698020458178,268.41249999999997,257.675,1.5750000000000002,56.900000000000006,0.08375,0.0017150000000000002,3.575,46.900000000000006,-68.14166663333334
2008-01-09,0.20565223215729372,271.2875,263.0625,2.8874999999999997,64.45,0.12124999999999998,0.0019175000000000002,4.85,46.900000000000006,-68.14166663333334
2008-01-17,0.14054746871505738,265.8,254.65000000000003,2.225,74.25,0.09375,0.0011187500000000002,4.1,46.900000000000006,-68.14166663333334
2008-01-25,0.2134172707608752,266.3875,255.24999999999997,2.9125,82.525,0.0875,0.001185,3.7375000000000003,46.900000000000006,-68.14166663333334
2008-02-02,0.1728698020458178,268.45,258.27500000000003,2.5500000000000003,81.67500000000001,0.08625,0.0014500000000000001,2.9875000000000007,46.900000000000006,-68.14166663333334
2008-02-10,0.1728698020458178,268.05,254.41250000000002,4.000000000000001,97.8125,0.08000000000000002,0.0013375000000000001,4.875,46.900000000000006,-68.14166663333334
2008-02-18,0.2,269.2875,257.9,2.4875000000000003,116.8375,0.09625,0.0015837500000000003,3.8500000000000005,46.900000000000006,-68.14166663333334
2008-02-26,0.1728698020458178,270.25,257.025,3.5375,127.52500000000002,0.11374999999999999,0.00151,4.7,46.900000000000006,-68.14166663333334
2008-03-05,0.15991262806565812,272.37499999999994,260.8875,6.300000000000001,159.95,0.16125,0.0016212500000000003,4.1499999999999995,46.900000000000006,-68.14166663333334
2008-03-13,0.15991262806565812,271.925,261.375,4.5625,154.63750000000002,0.16375,0.0016150000000000003,3.6875,46.900000000000006,-68.14166663333334
2008-03-21,0.14054746871505738,270.4125,259.54999999999995,1.325,185.97500000000002,0.15875,0.0013350000000000002,5.300000000000001,46.900000000000006,-68.14166663333334
2008-03-29,0.11341727076087518,274.025,264.9125,1.8125,200.43750000000003,0.16,0.00214625,4.3125,46.900000000000006,-68.14166663333334
2008-04-06,0.3000000000000001,280.21250000000003,271.475,1.6625,233.50000000000003,0.35375,0.0027975,3.5625000000000004,46.900000000000006,-68.14166663333334
2008-04-14,0.42894734796803813,286.4625,272.98750000000007,0.0,311.2625,0.645,0.00317875,3.275,46.900000000000006,-68.14166663333334
2008-04-22,0.8,287.55,276.4,5.612500000000001,258.6375,0.595,0.003995,3.5875000000000004,46.900000000000006,-68.14166663333334
2008-04-30,1.0405474687150575,286.59999999999997,275.69999999999993,0.41250000000000003,253.79999999999998,0.5537500000000001,0.0039275000000000004,3.1999999999999997,46.900000000000006,-68.14166663333334
2008-05-08,1.3082251353842973,289.3625,276.15,1.4500000000000002,271.46250000000003,0.6462500000000001,0.00420375,3.6125000000000007,46.900000000000006,-68.14166663333334
2008-05-16,1.7759028020535368,289.16249999999997,278.85,3.5875000000000004,248.48750000000004,0.60625,0.004813750000000001,3.0875,46.900000000000006,-68.14166663333334
2008-05-24,2.103033000007719,289.50000000000006,277.0125,2.2625,232.58750000000003,0.59625,0.004763750000000001,4.9,46.900000000000006,-68.14166663333334
2008-06-01,2.7607864927045176,292.65,282.15000000000003,1.6125,226.15,0.5475000000000001,0.007615,2.9124999999999996,46.900000000000006,-68.14166663333334
2008-06-09,2.9897801695951274,294.67499999999995,284.2375,3.5249999999999995,268.0625,0.65375,0.008331250000000002,3.837500000000001,46.900000000000006,-68.14166663333334
2008-06-17,3.285531319593546,294.47499999999997,285.2875,4.25,249.07500000000005,0.56875,0.008916250000000002,3.7,46.900000000000006,-68.14166663333334
2008-06-25,2.6689166084766685,295.3,285.91249999999997,8.8375,224.1875,0.5850000000000001,0.009434999999999999,3.7875,46.900000000000006,-68.14166663333334
2008-07-03,3.78661595350326,299.66249999999997,286.6875,2.525,272.375,0.81,0.010842500000000001,3.9375000000000004,46.900000000000006,-68.14166663333334
2008-07-11,2.469626178062684,297.56249999999994,287.1125,2.4000000000000004,242.0875,0.76875,0.009859999999999999,3.6625000000000005,46.900000000000006,-68.14166663333334
2008-07-19,3.2727385859616698,297.8375,288.5,6.225,226.85000000000002,0.62875,0.011340000000000003,3.5,46.900000000000006,-68.14166663333334
2008-07-27,3.4711707634576743,296.6125,287.96250000000003,11.012500000000001,195.28750000000002,0.55125,0.010956250000000002,2.8500000000000005,46.900000000000006,-68.14166663333334
2008-08-04,3.572869802045818,293.66249999999997,285.4125,3.2750000000000004,181.5625,0.43875000000000003,0.009322500000000001,2.075,46.900000000000006,-68.14166663333334
2008-08-12,3.7815550342108306,295.02500000000003,284.8125,2.3625000000000003,205.8,0.5475,0.00916875,3.1625,46.900000000000006,-68.14166663333334
2008-08-20,3.800920193561431,296.8125,283.9,1.9375,228.06250000000003,0.66875,0.00930375,3.7375000000000007,46.900000000000006,-68.14166663333334
2008-08-28,3.4544248362566488,295.72499999999997,283.90000000000003,0.2375,209.83749999999998,0.6250000000000001,0.008790000000000001,3.15,46.900000000000006,-68.14166663333334
2008-09-05,3.1350596769060477,291.9375,280.91249999999997,3.875,153.1125,0.4225,0.007696250000000001,3.8000000000000007,46.900000000000006,-68.14166663333334
2008-09-13,2.66218987486023,290.0625,277.57499999999993,1.35,170.05,0.425,0.006283750000000001,3.9250000000000003,46.900000000000006,-68.14166663333334
2008-09-21,2.2350596769060473,290.08750000000003,279.15000000000003,8.0875,138.93750000000003,0.455,0.006535000000000001,2.8625,46.900000000000006,-68.14166663333334
2008-09-29,1.6940521114102745,285.4875,277.7,4.7250000000000005,90.0875,0.24875,0.005785000000000002,4.2,46.900000000000006,-68.14166663333334
2008-10-07,1.1862870728066932,285.975,275.48749999999995,0.8125000000000001,115.575,0.3325000000000001,0.004885000000000001,4.0375,46.900000000000006,-68.14166663333334
2008-10-15,0.8676776666692396,281.4375,272.9625,2.4250000000000003,109.0875,0.2775,0.0036862500000000003,3.5000000000000004,46.900000000000006,-68.14166663333334
2008-10-23,0.7813905938625467,283.425,272.1625,7.362500000000001,88.71249999999999,0.25,0.00436,4.8375,46.900000000000006,-68.14166663333334
2008-10-31,0.5728698020458179,281.7375,272.625,1.8750000000000002,91.4,0.3,0.0038,3.9500000000000006,46.900000000000006,-68.14166663333334
2008-11-08,0.45991262806565814,280.3375,273.7625,7.4125000000000005,59.337500000000006,0.17625000000000002,0.004237500000000001,3.9000000000000004,46.900000000000006,-68.14166663333334
2008-11-16,0.4,272.575,267.06250000000006,2.1625,50.53750000000001,0.1825,0.0021925,6.200000000000001,46.900000000000006,-68.14166663333334
2008-11-24,0.33278243011147596,272.7875,268.0375,4.937500000000001,53.487500000000004,0.10875,0.0025375,3.9250000000000007,46.900000000000006,-68.14166663333334
2008-12-02,0.27286980204581784,271.9875,264.5,3.1,46.16250000000001,0.13375,0.0020262500000000003,4.625000000000001,46.900000000000006,-68.14166663333334
2008-12-10,0.2405474687150574,269.92499999999995,258.1875,6.637500000000001,43.724999999999994,0.1,0.00163125,3.8000000000000003,46.900000000000006,-68.14166663333334
2008-12-18,0.2134172707608752,264.275,251.575,4.4,57.212500000000006,0.07125000000000001,0.00100875,4.65,46.900000000000006,-68.14166663333334
2008-12-26,0.2134172707608752,269.8,258.26666666666665,2.0500000000000003,58.75,0.13833333333333334,0.0014700000000000002,4.033333333333334,46.900000000000006,-68.14166663333334
2009-01-01,0.2134172707608752,264.2,254.825,2.5,52.6375,0.07125000000000001,0.0010175000000000002,5.3875,46.900000000000006,-68.14166663333334
2009-01-09,0.2134172707608752,261.975,247.8875,0.17500000000000002,70.475,0.06625,0.00077125,3.8500000000000005,46.900000000000006,-68.14166663333334
2009-01-17,0.2,263.0,250.57500000000002,3.1625000000000005,63.300000000000004,0.0625,0.000875,3.6125000000000003,46.900000000000006,-68.14166663333334
2009-01-25,0.1728698020458178,264.1875,252.1875,2.6375,71.86250000000001,0.08875000000000001,0.00095375,3.225,46.900000000000006,-68.14166663333334
2009-02-02,0.1728698020458178,267.275,255.1625,0.0625,96.0625,0.10624999999999998,0.0011662500000000002,4.800000000000001,46.900000000000006,-68.14166663333334
2009-02-10,0.2,271.0125,261.4125,1.4875,89.80000000000001,0.11625,0.0018100000000000002,4.2875,46.900000000000006,-68.14166663333334
2009-02-18,0.1728698020458178,270.3875,259.3375,3.0250000000000004,119.42500000000001,0.11125,0.001575,4.9125000000000005,46.900000000000006,-68.14166663333334
2009-02-26,0.2,270.74999999999994,258.65000000000003,2.475,144.1375,0.14500000000000002,0.0014300000000000003,4.737500000000001,46.900000000000006,-68.14166663333334
2009-03-06,0.1728698020458178,274.5125,262.725,2.475,149.40000000000003,0.19999999999999998,0.0018400000000000005,4.8,46.900000000000006,-68.14166663333334
2009-03-14,0.15991262806565812,274.375,258.475,0.1375,207.475,0.1925,0.001545,3.0000000000000004,46.900000000000006,-68.14166663333334
2009-03-22,0.1728698020458178,277.075,266.54999999999995,0.35000000000000003,187.55,0.275,0.0021425000000000003,3.6,46.900000000000006,-68.14166663333334
2009-03-30,0.4,282.0875,271.8875,5.700000000000001,208.77500000000003,0.33499999999999996,0.0035275000000000003,4.15,46.900000000000006,-68.14166663333334
2009-04-07,0.39696699999228136,277.3875,271.225,1.8875000000000002,149.9625,0.26875,0.0026050000000000005,4.65,46.900000000000006,-68.14166663333334
2009-04-15,0.564349010229089,283.7125,271.625,2.675,280.02500000000003,0.48874999999999996,0.00281625,3.925,46.900000000000006,-68.14166663333334
2009-04-23,0.9461997008723512,289.42499999999995,274.525,1.325,296.82500000000005,0.68375,0.003915,5.525,46.900000000000006,-68.14166663333334
2009-05-01,1.2539647394759328,288.2125,276.2875,2.9875000000000003,187.25,0.55125,0.00443,3.575,46.900000000000006,-68.14166663333334
2009-05-09,1.3539647394759327,290.475,278.325,3.9250000000000007,274.46250000000003,0.7062499999999999,0.004646249999999999,4.25,46.900000000000006,-68.14166663333334
2009-05-17,1.7893200728144119,290.575,277.575,1.3625,261.875,0.7162499999999999,0.00464875,4.175000000000001,46.900000000000006,-68.14166663333334
2009-05-25,2.16767766666924,289.0125,277.49999999999994,6.987500000000001,240.53750000000002,0.54125,0.005036250000000001,4.3,46.900000000000006,-68.14166663333334
2009-06-02,2.4817194745591142,290.575,278.6125,0.4,268.0375,0.68625,0.004867500000000001,4.0,46.900000000000006,-68.14166663333334
2009-06-10,2.744040565503492,293.9125,282.55000000000007,2.2375000000000003,238.85000000000002,0.6987500000000001,0.007170000000000002,2.9499999999999997,46.900000000000006,-68.14166663333334
2009-06-18,2.784127937437834,296.0125,287.05,4.6875,173.3875,0.67125,0.0096375,3.8125,46.900000000000006,-68.14166663333334
2009-06-26,3.2781800488481077,296.3,289.0875,4.525,188.025,0.57625,0.010998750000000002,3.4250000000000003,46.900000000000006,-68.14166663333334
2009-07-04,3.5262432286568868,293.98749999999995,284.7625,1.8625000000000003,228.375,0.5712499999999999,0.00859,2.9625000000000004,46.900000000000006,-68.14166663333334
2009-07-12,3.3268345415217504,293.50000000000006,284.3625,5.175000000000001,203.60000000000002,0.50125,0.008693750000000002,3.3625000000000007,46.900000000000006,-68.14166663333334
2009-07-20,3.17847570528054,295.18750000000006,286.35,7.175000000000001,194.63750000000002,0.5075000000000001,0.00999625,2.8875,46.900000000000006,-68.14166663333334
2009-07-28,3.831566580117613,299.04999999999995,288.4125,4.6625,227.27500000000003,0.8325,0.01078875,3.6125000000000003,46.900000000000006,-68.14166663333334
2009-08-05,3.901521493581425,296.06250000000006,284.4,1.725,212.9625,0.6862500000000001,0.008806250000000002,2.8125000000000004,46.900000000000006,-68.14166663333334
2009-08-13,4.119529599698885,301.19999999999993,289.3125,1.3375,226.52500000000003,0.9500000000000001,0.011823750000000001,2.9875000000000003,46.900000000000006,-68.14166663333334
2009-08-21,3.337951473674489,295.8625,284.75,3.125,192.56250000000003,0.69875,0.00910375,3.7125000000000004,46.900000000000006,-68.14166663333334
2009-08-29,3.318445111084611,293.2375,280.0,1.425,182.53750000000002,0.585,0.00702125,3.5625000000000004,46.900000000000006,-68.14166663333334
2009-09-06,3.2864515131549767,293.85,277.8875,0.1375,215.38750000000002,0.6775000000000001,0.00621,2.9625,46.900000000000006,-68.14166663333334
2009-09-14,2.6588612184200793,289.46250000000003,278.0125,0.9125,150.17500000000004,0.48749999999999993,0.0056187500000000005,3.5125,46.900000000000006,-68.14166663333334
2009-09-22,1.8833721842246864,291.225,278.8875,4.6000000000000005,136.01250000000002,0.44375,0.006915,3.8375000000000004,46.900000000000006,-68.14166663333334
2009-09-30,1.6186094061374536,285.2,278.9125,7.9,79.72500000000001,0.23375,0.00589,3.0000000000000004,46.900000000000006,-68.14166663333334
2009-10-08,0.7917748646157032,280.225,272.8625,1.8125000000000002,85.83750000000002,0.225,0.0037175000000000003,4.1499999999999995,46.900000000000006,-68.14166663333334
2009-10-16,0.7914792081832713,278.775,270.125,2.2625,106.68750000000001,0.22500000000000003,0.0030425000000000005,3.1250000000000004,46.900000000000006,-68.14166663333334
2009-10-24,0.7862870728066931,280.5,271.21250000000003,3.925,93.8,0.23,0.00357125,4.4125,46.900000000000006,-68.14166663333334
2009-11-01,0.7405474687150575,278.75,271.425,0.0,92.38749999999999,0.255,0.0030462499999999995,3.9625,46.900000000000006,-68.14166663333334
2009-11-09,0.7082251353842971,282.48749999999995,271.71250000000003,4.1375,97.0,0.28125,0.0036975000000000007,3.5125,46.900000000000006,-68.14166663333334
2009-11-17,0.6676776666692398,279.27500000000003,269.59999999999997,1.975,94.025,0.23124999999999998,0.0030087500000000006,3.0375,46.900000000000006,-68.14166663333334
2009-11-25,0.6405474687150575,276.225,270.9,5.5125,51.23750000000001,0.11500000000000002,0.0033587499999999998,4.125,46.900000000000006,-68.14166663333334
2009-12-03,0.49526796140413737,272.05,268.3,6.1,46.875,0.16000000000000003,0.0021625000000000004,4.125,46.900000000000006,-68.14166663333334
2009-12-11,0.3997043435675682,266.35,258.90000000000003,1.375,53.487500000000004,0.07875000000000001,0.0014387500000000001,5.9750000000000005,46.900000000000006,-68.14166663333334
2009-12-19,0.3810949374301148,269.1,261.43750000000006,3.7625,52.2875,0.06875,0.0018650000000000001,3.7250000000000005,46.900000000000006,-68.14166663333334
2009-12-27,0.3004600967807155,267.96000000000004,257.64,4.24,51.480000000000004,0.086,0.0015420000000000002,4.86,46.900000000000006,-68.14166663333334
2010-01-01,0.15991262806565812,271.925,268.2875,1.7,51.37500000000001,0.15125000000000002,0.00222,4.975,46.900000000000006,-68.14166663333334
2010-01-09,0.2405474687150574,266.725,256.47499999999997,0.0,65.325,0.11625,0.00110875,4.15,46.900000000000006,-68.14166663333334
2010-01-17,0.2405474687150574,269.0375,260.58750000000003,0.5125,76.30000000000001,0.14125000000000001,0.00134375,2.975,46.900000000000006,-68.14166663333334
2010-01-25,0.1728698020458178,268.66249999999997,259.8,2.825,66.9,0.11250000000000002,0.0016975000000000002,5.112500000000001,46.900000000000006,-68.14166663333334
2010-02-02,0.2405474687150574,265.58750000000003,257.6,0.6375000000000001,91.15,0.1,0.0012037500000000002,4.625,46.900000000000006,-68.14166663333334
2010-02-10,0.1728698020458178,272.3375,267.675,0.55,89.2,0.17625000000000002,0.0019975,3.575,46.900000000000006,-68.14166663333334
2010-02-18,0.2,275.725,272.4,0.9375000000000001,98.0875,0.22999999999999998,0.00269375,4.4625,46.900000000000006,-68.14166663333334
2010-02-26,0.2134172707608752,275.6125,269.51249999999993,2.075,115.52500000000002,0.22499999999999998,0.0024000000000000002,5.6125,46.900000000000006,-68.14166663333334
2010-03-06,0.24573960409163562,278.20000000000005,265.8875,0.0,201.41250000000002,0.3075,0.0019825,3.4625,46.900000000000006,-68.14166663333334
2010-03-14,0.38704282601984036,281.96250000000003,268.975,0.0,206.46250000000003,0.41374999999999995,0.0024600000000000004,3.3,46.900000000000006,-68.14166663333334
2010-03-22,0.5728698020458179,275.1,266.82500000000005,7.787500000000001,190.8,0.23375,0.0021837500000000004,5.175000000000001,46.900000000000006,-68.14166663333334
2010-03-30,0.6405474687150575,289.0375,275.9125,2.0250000000000004,249.92500000000004,0.66125,0.004288750000000001,3.6500000000000004,46.900000000000006,-68.14166663333334
2010-04-07,0.7862870728066931,282.05,272.6125,4.6875,205.25000000000003,0.35375,0.0032287500000000003,4.6875,46.900000000000006,-68.14166663333334
2010-04-15,0.8603727248463737,284.225,273.6,1.4000000000000001,211.85,0.455,0.00342375,3.0000000000000004,46.900000000000006,-68.14166663333334
2010-04-23,1.281094937430115,285.2375,275.7875,2.6125000000000003,175.89999999999998,0.44499999999999995,0.00401,4.062500000000001,46.900000000000006,-68.14166663333334
2010-05-01,1.3759028020535369,291.0,280.77500000000003,5.500000000000001,231.31250000000003,0.6987500000000001,0.005700000000000001,4.300000000000001,46.900000000000006,-68.14166663333334
2010-05-09,1.989320072814412,285.04999999999995,275.3625,0.48750000000000004,215.50000000000006,0.5175000000000001,0.0035575,4.45,46.900000000000006,-68.14166663333334
2010-05-17,2.630327638310185,296.6125,281.5125,2.1375,314.5625,1.06125,0.006265,3.5375000000000005,46.900000000000006,-68.14166663333334
2010-05-25,3.0815550342108304,293.85,282.66249999999997,2.45,258.77500000000003,0.79,0.00672625,3.7875000000000005,46.900000000000006,-68.14166663333334
2010-06-02,3.3219380625776043,290.59999999999997,282.3375,6.825,192.2375,0.41000000000000003,0.007532500000000001,2.9875,46.900000000000006,-68.14166663333334
2010-06-10,3.7536690830435018,295.975,282.725,0.1375,290.55,0.95125,0.006623750000000001,3.2,46.900000000000006,-68.14166663333334
2010-06-18,3.7040943968084274,297.72499999999997,286.88750000000005,5.950000000000001,248.35000000000002,0.935,0.009057500000000001,3.5625,46.900000000000006,-68.14166663333334
2010-06-26,3.44084312514749,293.70000000000005,283.66249999999997,4.325,225.05000000000004,0.62875,0.007858750000000001,3.6375000000000006,46.900000000000006,-68.14166663333334
2010-07-04,3.269954913463811,302.1875,292.26250000000005,2.5875000000000004,213.7375,0.82375,0.014533750000000002,3.0625,46.900000000000006,-68.14166663333334
2010-07-12,3.2024316999877263,300.3375,290.0,4.1000000000000005,227.96250000000003,0.775,0.012633750000000001,3.5375,46.900000000000006,-68.14166663333334
2010-07-20,3.882662759934111,297.275,287.34999999999997,2.7750000000000004,231.5875,0.7737499999999999,0.00977625,3.7125,46.900000000000006,-68.14166663333334
2010-07-28,3.7320266768983292,297.58750000000003,286.4375,2.2500000000000004,232.66250000000002,0.76125,0.0098775,3.2375000000000003,46.900000000000006,-68.14166663333334
2010-08-05,3.627646610812599,297.0875,284.125,0.525,215.26250000000002,0.70625,0.009265000000000002,3.4875,46.900000000000006,-68.14166663333334
2010-08-13,3.8971314403405657,297.9875,285.625,0.3,222.96250000000003,0.8262499999999999,0.0093775,3.275,46.900000000000006,-68.14166663333334
2010-08-21,3.49118355175084,295.4875,284.375,2.2875,203.375,0.65125,0.00863,2.7125000000000004,46.900000000000006,-68.14166663333334
2010-08-29,3.2648091070098046,301.125,289.575,5.7625,189.6375,1.0075,0.0120725,3.9875,46.900000000000006,-68.14166663333334
2010-09-06,2.945443947659204,289.53749999999997,282.9,3.4625,138.35000000000002,0.38875,0.00730375,3.6750000000000007,46.900000000000006,-68.14166663333334
2010-09-14,2.5544248362566484,289.49999999999994,279.2625,1.9375,151.11249999999998,0.43875,0.0061025,3.4500000000000006,46.900000000000006,-68.14166663333334
2010-09-22,1.7495283573125018,289.96250000000003,281.325,5.3625,112.275,0.35874999999999996,0.007370000000000001,4.075000000000001,46.900000000000006,-68.14166663333334
2010-09-30,1.508225135384297,288.4625,277.6125,9.4,134.2125,0.3425,0.00630875,3.9250000000000003,46.900000000000006,-68.14166663333334
2010-10-08,1.2216424061451723,283.9625,274.8125,2.2875,86.35,0.3350000000000001,0.0041712500000000005,5.475000000000001,46.900000000000006,-68.14166663333334
2010-10-16,0.8681377634499551,281.85,274.62499999999994,1.4875,83.39999999999999,0.27875,0.00398,6.1625,46.900000000000006,-68.14166663333334
2010-10-24,0.8405474687150574,281.7625,273.35,3.0875000000000004,72.45,0.205,0.004377500000000001,3.8875000000000006,46.900000000000006,-68.14166663333334
2010-11-01,0.8004600967807155,279.225,272.4625,7.325000000000001,81.15,0.15250000000000002,0.00393,4.1625000000000005,46.900000000000006,-68.14166663333334
2010-11-09,0.7405474687150575,281.2375,271.15000000000003,0.0,96.375,0.28375,0.0033175000000000006,3.1125000000000003,46.900000000000006,-68.14166663333334
2010-11-17,0.6146331207547381,274.08750000000003,267.6625,4.35,45.18749999999999,0.12249999999999998,0.00267,5.5375000000000005,46.900000000000006,-68.14166663333334
2010-11-25,0.608225135384297,273.4125,266.6625,4.3125,54.862500000000004,0.0975,0.00260375,3.7625000000000006,46.900000000000006,-68.14166663333334
2010-12-03,0.6004600967807155,271.23749999999995,266.2375,4.1125,40.650000000000006,0.07250000000000001,0.0025800000000000007,3.9875,46.900000000000006,-68.14166663333334
2010-12-11,0.6216424061451723,272.52500000000003,262.38750000000005,8.7375,40.1375,0.11000000000000001,0.00251,3.7125,46.900000000000006,-68.14166663333334
2010-12-19,0.7919393049639867,271.4125,266.4,0.6625000000000001,56.4625,0.11750000000000002,0.00219,5.2250000000000005,46.900000000000006,-68.14166663333334
2010-12-27,0.686287072806693,270.34,263.28,1.04,44.86,0.12000000000000002,0.0018880000000000001,6.1800000000000015,46.900000000000006,-68.14166663333334
2011-01-01,0.4603727248463737,270.8625,266.0625,1.9749999999999999,54.20000000000001,0.14625,0.0019525,4.0,46.900000000000006,-68.14166663333334
2011-01-09,0.3271301979541823,270.3875,265.925,0.625,50.0375,0.13125,0.0018987500000000003,4.3500000000000005,46.900000000000006,-68.14166663333334
2011-01-17,0.27286980204581784,262.6625,254.54999999999998,1.6250000000000002,67.725,0.07125,0.0009825000000000003,4.700000000000001,46.900000000000006,-68.14166663333334
2011-01-25,0.2870428260198404,265.48749999999995,256.6125,0.35000000000000003,69.28750000000001,0.1,0.00109625,2.7500000000000004,46.900000000000006,-68.14166663333334
2011-02-02,0.2405474687150574,268.9375,257.775,4.4,82.0875,0.11625,0.0013525,3.7125,46.900000000000006,-68.14166663333334
2011-02-10,0.2,268.275,254.46249999999998,2.375,101.36250000000001,0.12125,0.0011375,4.3500000000000005,46.900000000000006,-68.14166663333334
2011-02-18,0.23278243011147592,269.8,258.8125,1.6,111.6125,0.125,0.00145125,4.95,46.900000000000006,-68.14166663333334
2011-02-26,0.1728698020458178,269.2625,253.8875,1.975,142.88750000000002,0.13625,0.0011487500000000002,5.1375,46.900000000000006,-68.14166663333334
2011-03-06,0.1728698020458178,274.325,264.225,11.362500000000002,137.2125,0.14125000000000001,0.00231125,4.825,46.900000000000006,-68.14166663333334
2011-03-14,0.1728698020458178,275.325,261.6125,2.275,205.9875,0.1875,0.0019112500000000004,3.6624999999999996,46.900000000000006,-68.14166663333334
2011-03-22,0.15991262806565812,273.47499999999997,265.6125,0.8,154.21250000000003,0.18875,0.00193,4.7125,46.900000000000006,-68.14166663333334
2011-03-30,0.2599126280656581,275.48749999999995,267.875,2.325,184.08749999999998,0.17250000000000004,0.0024999999999999996,4.675000000000001,46.900000000000006,-68.14166663333334
2011-04-07,0.45350464269521706,279.55,268.25,1.55,252.6125,0.29250000000000004,0.002645,3.825,46.900000000000006,-68.14166663333334
2011-04-15,0.5535046426952172,276.4875,267.675,3.4625000000000004,222.5,0.21749999999999997,0.00241125,4.475,46.900000000000006,-68.14166663333334
2011-04-23,0.6004600967807155,287.09999999999997,275.175,1.7375000000000003,249.6875,0.4912500000000001,0.004392500000000001,4.7,46.900000000000006,-68.14166663333334
2011-05-01,1.0405474687150575,287.4875,276.5625,7.4,190.7,0.48375,0.00465875,3.5125000000000006,46.900000000000006,-68.14166663333334
2011-05-09,1.205652232157294,286.8,276.75,2.0375,168.925,0.41625,0.004903750000000001,4.2,46.900000000000006,-68.14166663333334
2011-05-17,1.7728698020458182,292.6875,279.8,0.55,206.27500000000003,0.64,0.006475000000000001,3.9875,46.900000000000006,-68.14166663333334
2011-05-25,2.3591568748525114,295.41249999999997,283.3,6.8375,255.25,0.76,0.00776,4.387499999999999,46.900000000000006,-68.14166663333334
2011-06-02,2.7881042228205493,294.025,282.6125,10.6875,226.3625,0.63875,0.0079275,3.325,46.900000000000006,-68.14166663333334
2011-06-10,2.8864416712952874,293.0,281.0875,4.575,231.20000000000002,0.6162500000000001,0.0070887499999999996,3.0500000000000007,46.900000000000006,-68.14166663333334
2011-06-18,3.5673820102368086,293.275,284.425,3.6000000000000005,216.3375,0.5525,0.0081975,3.4750000000000005,46.900000000000006,-68.14166663333334
2011-06-26,3.7376789090556226,297.125,286.03749999999997,1.975,229.59999999999997,0.71375,0.009670000000000002,2.8000000000000003,46.900000000000006,-68.14166663333334
2011-07-04,3.790099063136565,298.425,286.03749999999997,2.1,261.6875,0.77125,0.010047500000000001,3.6750000000000007,46.900000000000006,-68.14166663333334
2011-07-12,4.165870503810513,298.23749999999995,285.4625,4.15,260.58750000000003,0.78125,0.009718750000000002,3.1875,46.900000000000006,-68.14166663333334
2011-07-20,2.797522116385143,298.225,286.6,8.700000000000001,217.67499999999998,0.67625,0.010812500000000001,3.875000000000001,46.900000000000006,-68.14166663333334
2011-07-28,2.496601922823712,297.77500000000003,285.88750000000005,7.4624999999999995,226.60000000000002,0.6262499999999999,0.0104775,2.8,46.900000000000006,-68.14166663333334
2011-08-05,3.115694517555447,296.58750000000003,286.52500000000003,9.875000000000002,191.3125,0.5362500000000001,0.01062375,2.6625,46.900000000000006,-68.14166663333334
2011-08-13,3.547533662291926,297.7875,286.9375,1.5750000000000002,208.45000000000002,0.67125,0.010596250000000002,2.7875000000000005,46.900000000000006,-68.14166663333334
2011-08-21,2.839956155850194,297.025,284.63750000000005,10.975,197.0625,0.5900000000000001,0.009995,4.387500000000001,46.900000000000006,-68.14166663333334
2011-08-29,2.67384631168495,295.66249999999997,283.6125,5.5,176.3,0.50875,0.009455000000000002,3.6625000000000005,46.900000000000006,-68.14166663333334
2011-09-06,2.913581711109159,293.27500000000003,280.47499999999997,2.8375000000000004,181.1,0.51375,0.00754375,3.7,46.900000000000006,-68.14166663333334
2011-09-14,2.5670863538043758,290.225,280.1,1.9375000000000002,148.72500000000002,0.43,0.006707500000000001,3.1000000000000005,46.900000000000006,-68.14166663333334
2011-09-22,1.9544248362566483,295.7,283.01250000000005,0.6875,165.72500000000002,0.63375,0.008588750000000001,3.1125000000000003,46.900000000000006,-68.14166663333334
2011-09-30,1.8298675415294694,286.1875,277.375,3.6250000000000004,106.11250000000001,0.25,0.0061037500000000015,4.5625,46.900000000000006,-68.14166663333334
2011-10-08,1.278180048848108,290.9,277.7,4.6000000000000005,138.6125,0.42625,0.006606250000000001,4.45,46.900000000000006,-68.14166663333334
2011-10-16,1.0810949374301149,284.7125,277.775,1.7250000000000003,73.525,0.24749999999999997,0.00538625,3.712500000000001,46.900000000000006,-68.14166663333334
2011-10-24,0.8034930967884343,279.4,272.7875,1.075,83.56250000000001,0.23124999999999998,0.0034887499999999997,4.487500000000001,46.900000000000006,-68.14166663333334
2011-11-01,0.7539647394759326,281.71250000000003,270.8875,0.17500000000000002,108.62500000000001,0.31375000000000003,0.00321,3.8125000000000004,46.900000000000006,-68.14166663333334
2011-11-09,0.7134172707608752,284.3125,273.5625,4.525,74.5125,0.2675,0.00461,4.237500000000001,46.900000000000006,-68.14166663333334
2011-11-17,0.686287072806693,274.67499999999995,267.3875,0.47500000000000003,74.8125,0.18625,0.0023125000000000003,3.8,46.900000000000006,-68.14166663333334
2011-11-25,0.6733298988265334,277.61249999999995,269.925,1.8250000000000002,59.68750000000001,0.16,0.0032150000000000004,3.925,46.900000000000006,-68.14166663333334
2011-12-03,0.7379745654880543,274.9875,268.6625,3.1,41.525000000000006,0.11875000000000001,0.00286375,3.2375000000000003,46.900000000000006,-68.14166663333334
2011-12-11,0.5539647394759326,271.4,265.175,2.5,45.900000000000006,0.10625000000000001,0.002205,3.5875000000000004,46.900000000000006,-68.14166663333334
2011-12-19,0.5862870728066931,269.6125,259.36249999999995,2.075,48.287499999999994,0.09,0.0016775000000000002,3.5125,46.900000000000006,-68.14166663333334
2011-12-27,0.4461997008723511,269.70000000000005,258.76,4.08,56.379999999999995,0.072,0.0017740000000000002,4.959999999999999,46.900000000000006,-68.14166663333334
2012-01-01,0.2733298988265333,268.25,260.13750000000005,1.4625,56.97500000000001,0.10750000000000001,0.0014862500000000002,3.4625000000000004,46.900000000000006,-68.14166663333334
2012-01-09,0.2405474687150574,265.8875,254.6125,1.6875000000000002,68.675,0.08875000000000001,0.0011400000000000002,3.9625000000000004,46.900000000000006,-68.14166663333334
2012-01-17,0.26767766666923964,267.5,254.4375,3.0375,64.85000000000001,0.09999999999999999,0.00131,3.5874999999999995,46.900000000000006,-68.14166663333334
2012-01-25,0.23278243011147592,269.1,259.0125,3.95,73.575,0.10625,0.0014550000000000001,4.05,46.900000000000006,-68.14166663333334
2012-02-02,0.2599126280656581,268.0875,252.825,0.1125,98.525,0.10125,0.0011250000000000001,3.6875,46.900000000000006,-68.14166663333334
2012-02-10,0.23278243011147592,269.125,257.71250000000003,0.41250000000000003,97.875,0.12625,0.0014437500000000002,3.4625000000000004,46.900000000000006,-68.14166663333334
2012-02-18,0.2134172707608752,272.3125,262.0125,3.5125,115.85000000000001,0.14,0.0018512500000000002,3.975,46.900000000000006,-68.14166663333334
2012-02-26,0.27286980204581784,271.125,257.82500000000005,1.7500000000000002,128.3125,0.13499999999999998,0.00150625,4.975,46.900000000000006,-68.14166663333334
2012-03-05,0.3134172707608752,274.55,264.1375,0.7375,154.70000000000002,0.19,0.0019575000000000005,3.3625000000000003,46.900000000000006,-68.14166663333334
2012-03-13,0.4676776666692396,279.1625,269.9,2.8000000000000007,169.43750000000003,0.32125000000000004,0.002715,2.9625000000000004,46.900000000000006,-68.14166663333334
2012-03-21,0.6004600967807155,281.0625,269.17499999999995,0.375,194.8625,0.40750000000000003,0.00288375,4.8625,46.900000000000006,-68.14166663333334
2012-03-29,0.681094937430115,276.9125,270.35,0.2625,173.1,0.2775000000000001,0.0023475,3.8625000000000007,46.900000000000006,-68.14166663333334
2012-04-06,0.7134172707608752,279.8625,272.65,1.6375000000000002,154.575,0.32625000000000004,0.0029612500000000003,3.1500000000000004,46.900000000000006,-68.14166663333334
2012-04-14,0.8539647394759327,289.875,276.6125,1.2875,251.45000000000002,0.66625,0.004463750000000001,4.1375,46.900000000000006,-68.14166663333334
2012-04-22,0.9242616382947473,282.2375,273.1,9.225000000000001,189.25,0.30375,0.0037837500000000007,5.95,46.900000000000006,-68.14166663333334
2012-04-30,1.2591568748525108,287.5875,275.1875,0.4625,266.35,0.5837500000000001,0.00379875,3.1875,46.900000000000006,-68.14166663333334
2012-05-08,1.867382010236808,288.15,277.88749999999993,5.387499999999999,170.3,0.45500000000000007,0.0053375,3.425,46.900000000000006,-68.14166663333334
2012-05-16,2.2730342423941017,294.375,281.95,3.3125,256.5625,0.76,0.006913750000000001,3.95,46.900000000000006,-68.14166663333334
2012-05-24,2.7859914163742614,292.76250000000005,279.775,3.3249999999999997,282.0625,0.6525,0.0063387500000000015,4.1125,46.900000000000006,-68.14166663333334
2012-06-01,3.2725741456133863,290.3625,279.02500000000003,2.3625000000000003,218.8125,0.49375,0.0060625,3.9625000000000004,46.900000000000006,-68.14166663333334
2012-06-09,3.5963756871274177,294.875,282.21250000000003,1.6875,273.5375,0.66125,0.007721250000000001,3.6125,46.900000000000006,-68.14166663333334
2012-06-17,3.88371416957969,297.2,285.45000000000005,5.737500000000001,258.07500000000005,0.715,0.00956625,3.5874999999999995,46.900000000000006,-68.14166663333334
2012-06-25,3.444819410530205,295.525,286.275,10.849999999999998,211.3625,0.5975,0.0095975,3.8,46.900000000000006,-68.14166663333334
2012-07-03,3.107022535344311,297.27500000000003,286.13750000000005,0.39999999999999997,246.10000000000005,0.69625,0.009915000000000002,3.8125,46.900000000000006,-68.14166663333334
2012-07-11,3.6887418646079846,299.725,287.85,2.7750000000000004,242.21250000000006,0.8325,0.01115625,3.1375,46.900000000000006,-68.14166663333334
2012-07-19,3.502323575717144,296.525,285.16249999999997,1.5625,223.6625,0.68625,0.009232500000000001,3.6250000000000004,46.900000000000006,-68.14166663333334
2012-07-27,3.782958416366543,300.2625,287.79999999999995,1.5750000000000002,258.6375,0.9500000000000001,0.0106175,2.4250000000000003,46.900000000000006,-68.14166663333334
2012-08-04,3.8135817111091592,299.15,288.0375,4.2875000000000005,227.23750000000004,0.74375,0.011286250000000001,3.2875000000000005,46.900000000000006,-68.14166663333334
2012-08-12,3.59118355175084,298.3625,287.96250000000003,2.4000000000000004,191.975,0.6737500000000001,0.011216250000000002,2.3749999999999996,46.900000000000006,-68.14166663333334
2012-08-20,3.645443947659204,298.625,285.1875,1.5250000000000001,227.26250000000002,0.8475000000000001,0.00945375,2.975,46.900000000000006,-68.14166663333334
2012-08-28,3.4320266768983285,295.96250000000003,282.61249999999995,0.9,201.02500000000003,0.6612500000000001,0.008443750000000002,3.9250000000000003,46.900000000000006,-68.14166663333334
2012-09-05,3.040711909063341,295.025,282.9375,3.0125,167.4625,0.5499999999999999,0.008790000000000001,3.875,46.900000000000006,-68.14166663333334
2012-09-13,2.7355197736867627,293.875,278.53749999999997,3.375,181.375,0.5449999999999999,0.0074262500000000006,4.6,46.900000000000006,-68.14166663333334
2012-09-21,1.8862870728066932,290.66249999999997,276.825,1.2000000000000002,157.675,0.46875000000000006,0.00596375,3.9,46.900000000000006,-68.14166663333334
2012-09-29,1.6320266768983287,290.2125,279.7,7.65,109.01250000000002,0.3825,0.006838750000000001,3.5875000000000004,46.900000000000006,-68.14166663333334
2012-10-07,1.0539647394759326,282.1125,272.1625,5.925000000000001,114.97500000000001,0.26375,0.0038400000000000005,4.0875,46.900000000000006,-68.14166663333334
2012-10-15,0.986287072806693,286.04999999999995,275.86249999999995,3.2875,93.3375,0.28375,0.00536375,4.25,46.900000000000006,-68.14166663333334
2012-10-23,0.7134172707608752,285.68749999999994,275.3375,2.475,101.85000000000001,0.38375,0.004647500000000001,4.025,46.900000000000006,-68.14166663333334
2012-10-31,0.7134172707608752,281.28749999999997,275.4375,2.7250000000000005,68.5875,0.19625,0.0048449999999999995,3.75,46.900000000000006,-68.14166663333334
2012-11-08,0.7004600967807156,278.96250000000003,269.7875,1.0625,75.3625,0.18625000000000003,0.00334625,4.2875000000000005,46.900000000000006,-68.14166663333334
2012-11-16,0.7004600967807156,278.27500000000003,269.125,0.0,91.97500000000002,0.2475,0.0026525000000000003,2.3,46.900000000000006,-68.14166663333334
2012-11-24,0.7004600967807156,271.35,265.78749999999997,0.225,58.862500000000004,0.1275,0.00204,4.2875000000000005,46.900000000000006,-68.14166663333334
2012-12-02,0.7539647394759326,275.58750000000003,268.7375,2.7750000000000004,52.15,0.17375000000000002,0.0026025,3.95,46.900000000000006,-68.14166663333334
2012-12-10,0.686287072806693,270.00000000000006,260.8125,2.5250000000000004,55.425000000000004,0.11125000000000002,0.0016512500000000002,3.45,46.900000000000006,-68.14166663333334
2012-12-18,0.667086353804376,271.575,264.21250000000003,5.8625,45.3,0.09999999999999999,0.0021962500000000003,5.0125,46.900000000000006,-68.14166663333334
2012-12-26,0.8166147111168776,268.7333333333333,261.28333333333336,2.85,54.53333333333334,0.09166666666666667,0.00162,5.050000000000001,46.900000000000006,-68.14166663333334
2013-01-01,0.2599126280656581,264.57499999999993,252.31249999999997,0.5,60.775,0.08625000000000001,0.0008975000000000001,4.3500000000000005,46.900000000000006,-68.14166663333334
2013-01-09,0.32759029473489776,272.175,263.19999999999993,1.25,64.525,0.12125,0.00200125,3.8625000000000003,46.900000000000006,-68.14166663333334
2013-01-17,0.2870428260198404,260.9375,250.27499999999998,1.675,76.0,0.05874999999999999,0.0008675,5.1875,46.900000000000006,-68.14166663333334
2013-01-25,0.3000000000000001,267.1125,256.625,2.95,74.95,0.10875,0.0013362500000000002,5.612500000000001,46.900000000000006,-68.14166663333334
2013-02-02,0.3676776666692396,262.75,254.42499999999998,0.9125000000000001,88.9,0.09625,0.0007475,4.8375,46.900000000000006,-68.14166663333334
2013-02-10,0.2405474687150574,272.66249999999997,265.52500000000003,1.7875,81.10000000000001,0.1775,0.001915,3.7125000000000004,46.900000000000006,-68.14166663333334
2013-02-18,0.2405474687150574,272.42499999999995,263.1625,2.3874999999999997,104.67500000000003,0.15875,0.00178375,5.0375000000000005,46.900000000000006,-68.14166663333334
2013-02-26,0.2405474687150574,274.9125,267.6875,4.5875,103.1,0.18124999999999997,0.0023925000000000005,3.6500000000000004,46.900000000000006,-68.14166663333334
2013-03-06,0.2,276.5,267.45,1.1625,161.5,0.19749999999999998,0.0025350000000000004,3.85,46.900000000000006,-68.14166663333334
2013-03-14,0.18704282601984032,271.9875,263.28749999999997,2.8375000000000004,154.8375,0.16999999999999998,0.0016700000000000003,4.575,46.900000000000006,-68.14166663333334
2013-03-22,0.26767766666923964,277.42499999999995,270.4875,0.7875,147.225,0.24125000000000002,0.00269625,3.6875000000000004,46.900000000000006,-68.14166663333334
2013-03-30,0.39696699999228136,275.6125,267.4,0.9000000000000001,207.5375,0.24375000000000002,0.00209625,5.112500000000001,46.900000000000006,-68.14166663333334
2013-04-07,0.6858269760259776,277.6375,270.2375,1.8375000000000001,163.4625,0.24749999999999997,0.0026725000000000004,3.6375,46.900000000000006,-68.14166663333334
2013-04-15,0.8457396040916356,284.8625,272.6875,1.6750000000000003,257.32500000000005,0.465,0.0035475000000000003,5.4624999999999995,46.900000000000006,-68.14166663333334
2013-04-23,1.0268345415217504,288.8375,274.6875,0.2625,325.18750000000006,0.7075,0.0034737500000000003,3.1125000000000003,46.900000000000006,-68.14166663333334
2013-05-01,1.2733298988265336,295.8125,278.59999999999997,0.0,298.9000000000001,1.10125,0.00471125,3.1125000000000003,46.900000000000006,-68.14166663333334
2013-05-09,1.6134172707608752,289.225,278.86249999999995,4.2125,196.95000000000002,0.5199999999999999,0.005593750000000001,4.05,46.900000000000006,-68.14166663333334
2013-05-17,1.5640533537966572,289.90000000000003,278.975,5.2125,192.08750000000003,0.52375,0.00582,3.3625000000000007,46.900000000000006,-68.14166663333334
2013-05-25,1.9971314403405653,291.9875,281.0875,9.05,214.05,0.6925000000000001,0.00658875,4.5375000000000005,46.900000000000006,-68.14166663333334
2013-06-02,2.673494339174817,291.0,281.01250000000005,6.875000000000002,202.48750000000004,0.48625,0.00711,3.65,46.900000000000006,-68.14166663333334
2013-06-10,3.0663306005912285,294.1875,281.375,2.825,267.725,0.6775,0.007050000000000001,3.1625,46.900000000000006,-68.14166663333334
2013-06-18,3.256583971625508,296.88750000000005,284.45,1.2375,273.15000000000003,0.83,0.008556250000000001,3.4375,46.900000000000006,-68.14166663333334
2013-06-26,3.4067599578805745,295.13750000000005,285.8625,6.012500000000001,193.85000000000002,0.5475,0.009640000000000001,3.4125000000000005,46.900000000000006,-68.14166663333334
2013-07-04,3.6822026631533955,299.8875,287.6875,0.08750000000000001,285.8375,0.795,0.0113525,4.0,46.900000000000006,-68.14166663333334
2013-07-12,3.947307426595631,300.63750000000005,287.65000000000003,9.625,270.2375,0.98875,0.010661249999999999,2.9375,46.900000000000006,-68.14166663333334
2013-07-20,4.073329898826533,295.375,283.9875,5.05,202.4625,0.49250000000000005,0.009486250000000002,3.5125,46.900000000000006,-68.14166663333334
2013-07-28,3.9053565757248627,296.5875,285.525,6.875,217.1125,0.6025,0.0099325,3.1625,46.900000000000006,-68.14166663333334
2013-08-05,4.002323575717144,296.32500000000005,283.4,4.175000000000001,229.425,0.64125,0.00890875,4.074999999999999,46.900000000000006,-68.14166663333334
2013-08-13,3.7023235757171435,296.7625,284.57500000000005,3.4,228.4625,0.7225,0.008995000000000001,3.3375000000000004,46.900000000000006,-68.14166663333334
2013-08-21,3.5777662809899646,297.675,285.5,3.1125000000000003,207.775,0.70625,0.009998750000000002,2.9375000000000004,46.900000000000006,-68.14166663333334
2013-08-29,3.3131216143284434,293.9125,283.52500000000003,5.65,143.45,0.41375,0.00927125,3.2500000000000004,46.900000000000006,-68.14166663333334
2013-09-06,2.8402518122826255,293.3625,281.5,7.675000000000001,146.9,0.47500000000000003,0.00826,3.925,46.900000000000006,-68.14166663333334
2013-09-14,2.3949723049717058,291.2,279.29999999999995,0.525,166.9,0.4525,0.006783750000000001,4.112500000000001,46.900000000000006,-68.14166663333334
2013-09-22,1.8539647394759329,289.525,280.6,4.8500000000000005,113.2125,0.38750000000000007,0.00686,4.1375,46.900000000000006,-68.14166663333334
2013-09-30,0.962649971640945,290.36249999999995,277.775,1.8125000000000002,158.71250000000003,0.5387500000000001,0.005666250000000001,3.8875000000000006,46.900000000000006,-68.14166663333334
2013-10-08,1.281094937430115,289.7375,277.23749999999995,0.1,142.275,0.44,0.0058200000000000005,2.975,46.900000000000006,-68.14166663333334
2013-10-16,0.9673820102368078,286.34999999999997,277.07500000000005,2.4625000000000004,96.0,0.34375,0.0052675000000000005,4.3,46.900000000000006,-68.14166663333334
2013-10-24,0.9134172707608752,278.5875,271.325,1.5750000000000002,77.22500000000001,0.23750000000000002,0.0030525000000000005,4.0874999999999995,46.900000000000006,-68.14166663333334
2013-11-01,0.8004600967807155,280.11249999999995,271.4125,2.25,65.43750000000001,0.21625,0.0036900000000000006,4.875000000000001,46.900000000000006,-68.14166663333334
2013-11-09,0.7405474687150575,275.87500000000006,269.3125,0.775,73.7125,0.1575,0.0028537500000000004,4.1625000000000005,46.900000000000006,-68.14166663333334
2013-11-17,0.6275902947348978,276.25,267.5,2.7750000000000004,59.63750000000001,0.17125,0.0027900000000000004,5.3875,46.900000000000006,-68.14166663333334
2013-11-25,0.5275902947348978,270.925,264.4,6.2124999999999995,51.74999999999999,0.08875,0.0021325000000000003,4.7375,46.900000000000006,-68.14166663333334
2013-12-03,0.5134172707608752,271.82500000000005,266.3375,1.3250000000000002,53.687500000000014,0.11,0.0022975,4.575,46.900000000000006,-68.14166663333334
2013-12-11,0.59451220819099,262.0875,252.425,2.6750000000000003,53.275000000000006,0.05875,0.0008637500000000002,4.075,46.900000000000006,-68.14166663333334
2013-12-19,0.4134172707608752,267.45000000000005,257.7375,5.4625,42.2625,0.07250000000000001,0.001455,2.825,46.900000000000006,-68.14166663333334
2013-12-27,0.3134172707608752,268.26000000000005,253.56,1.3200000000000003,39.540000000000006,0.082,0.001294,3.4200000000000004,46.900000000000006,-68.14166663333334
2014-01-01,0.23278243011147592,261.6875,251.27500000000003,3.6875,60.650000000000006,0.095,0.0008650000000000001,4.5625,46.900000000000006,-68.14166663333334
2014-01-09,0.33232233333076044,273.9375,266.5875,4.300000000000001,63.925000000000004,0.22,0.00211625,3.875,46.900000000000006,-68.14166663333334
2014-01-17,0.24573960409163562,264.29999999999995,256.0875,0.55,78.1375,0.06875,0.0013762500000000003,3.475,46.900000000000006,-68.14166663333334
2014-01-25,0.2922349613964186,267.4125,254.8375,3.075,88.0,0.12375000000000001,0.0010600000000000002,5.1000000000000005,46.900000000000006,-68.14166663333334
2014-02-02,0.24573960409163562,265.925,254.1875,0.15000000000000002,92.98750000000001,0.07875,0.0011412500000000001,3.1750000000000003,46.900000000000006,-68.14166663333334
2014-02-10,0.27806193742239604,265.9,256.7,3.4250000000000003,111.36250000000001,0.09125,0.00115375,4.85,46.900000000000006,-68.14166663333334
2014-02-18,0.24573960409163562,271.65,259.8625,2.325,123.92500000000001,0.13625,0.0017300000000000002,4.237500000000001,46.900000000000006,-68.14166663333334
2014-02-26,0.23278243011147592,263.8125,248.70000000000002,0.1875,145.95000000000002,0.06125,0.00086125,3.45,46.900000000000006,-68.14166663333334
2014-03-06,0.2405474687150574,270.3875,257.05,3.0625,143.18750000000003,0.13249999999999998,0.0014137500000000003,4.2,46.900000000000006,-68.14166663333334
2014-03-14,0.1457396040916356,270.8875,258.4375,2.75,182.5625,0.12625,0.0016337500000000002,4.962500000000001,46.900000000000006,-68.14166663333334
2014-03-22,0.1728698020458178,271.03749999999997,259.525,0.925,205.675,0.13,0.0016762500000000002,4.862500000000001,46.900000000000006,-68.14166663333334
2014-03-30,0.1728698020458178,276.7,268.15,2.875,189.3,0.23625,0.0024000000000000002,4.55,46.900000000000006,-68.14166663333334
2014-04-07,0.3405474687150575,282.0625,271.0875,3.7,244.87500000000003,0.41500000000000004,0.002780000000000001,3.95,46.900000000000006,-68.14166663333334
2014-04-15,0.5940521114102745,281.1125,270.72499999999997,4.0875,254.3625,0.39625,0.0027275,3.6000000000000005,46.900000000000006,-68.14166663333334
2014-04-23,0.6728698020458179,281.5125,273.4875,3.0875,215.875,0.32375,0.0034625,3.6374999999999997,46.900000000000006,-68.14166663333334
2014-05-01,0.9733298988265334,286.13750000000005,275.275,1.8750000000000002,203.7375,0.45250000000000007,0.004168750000000001,3.6625,46.900000000000006,-68.14166663333334
2014-05-09,1.3186094061374534,290.37499999999994,279.2,1.4125,252.85,0.6262500000000001,0.0055562499999999996,4.0875,46.900000000000006,-68.14166663333334
2014-05-17,1.867382010236808,288.6125,282.0,5.9624999999999995,146.4625,0.34875,0.0069387500000000005,3.1875,46.900000000000006,-68.14166663333334
2014-05-25,2.1859914163742613,293.2,279.3625,1.6375000000000002,288.70000000000005,0.805,0.005513750000000001,2.8125,46.900000000000006,-68.14166663333334
2014-06-02,2.9123658611152963,296.5125,285.26250000000005,2.825,253.675,0.79625,0.0087425,3.5750000000000006,46.900000000000006,-68.14166663333334
2014-06-10,3.725783131876172,294.22499999999997,283.225,4.4375,227.8125,0.7112500000000002,0.007427500000000001,3.8875,46.900000000000006,-68.14166663333334
2014-06-18,3.5183137497050216,295.0875,283.8375,2.4875,219.26250000000002,0.6662499999999999,0.008351250000000001,3.725000000000001,46.900000000000006,-68.14166663333334
2014-06-26,3.813121614328444,302.675,288.1875,3.975,293.2125,1.1975,0.011221250000000002,2.925,46.900000000000006,-68.14166663333334
2014-07-04,3.7213467497127413,296.31250000000006,286.375,7.5375,217.375,0.57375,0.010368750000000001,4.4750000000000005,46.900000000000006,-68.14166663333334
2014-07-12,3.4789821309838276,299.0625,287.59999999999997,2.3125,258.5,0.8062499999999998,0.01071125,3.7250000000000005,46.900000000000006,-68.14166663333334
2014-07-20,3.538693976933759,299.425,287.1625,1.9125,242.16250000000002,0.865,0.0104775,3.625,46.900000000000006,-68.14166663333334
2014-07-28,3.3022772467945716,297.36249999999995,286.825,4.4750000000000005,210.57500000000002,0.63375,0.010528750000000002,2.8875,46.900000000000006,-68.14166663333334
2014-08-05,3.99118355175084,298.67499999999995,284.8375,1.4375,249.71250000000003,0.8037500000000001,0.009591250000000003,2.4125,46.900000000000006,-68.14166663333334
2014-08-13,3.218313749705022,294.5,284.96250000000003,4.3125,185.875,0.50875,0.0092625,3.325,46.900000000000006,-68.14166663333334
2014-08-21,3.4782263777706803,298.8125,285.8125,0.0,198.57500000000002,0.7062499999999999,0.010805,2.5875,46.900000000000006,-68.14166663333334
2014-08-29,3.2942165517585584,297.6125,286.675,3.3875000000000006,186.875,0.7175,0.010157500000000002,3.7,46.900000000000006,-68.14166663333334
2014-09-06,2.7949723049717057,292.3875,278.375,2.0,185.17500000000004,0.48874999999999996,0.0069475000000000006,4.0875,46.900000000000006,-68.14166663333334
2014-09-14,1.967382010236808,287.7375,277.68750000000006,0.8125,150.2375,0.395,0.0056075000000000005,4.0625,46.900000000000006,-68.14166663333334
2014-09-22,1.7678421070175234,293.35,278.9875,0.7000000000000001,142.92499999999998,0.58375,0.0071849999999999995,4.0875,46.900000000000006,-68.14166663333334
2014-09-30,1.3268345415217504,288.4625,277.59999999999997,3.3,121.425,0.34125,0.006182500000000001,3.5124999999999997,46.900000000000006,-68.14166663333334
2014-10-08,1.032782430111476,287.86249999999995,277.075,1.8625,107.76250000000002,0.40499999999999997,0.005555000000000001,4.45,46.900000000000006,-68.14166663333334
2014-10-16,0.9405474687150575,284.525,276.9,8.2875,75.3,0.17375000000000002,0.00600625,4.5625,46.900000000000006,-68.14166663333334
2014-10-24,0.8134172707608752,281.3875,275.79999999999995,2.8125,63.225,0.15875000000000003,0.004772500000000001,3.8375000000000004,46.900000000000006,-68.14166663333334
2014-11-01,0.48704282601984034,276.675,271.0875,6.05,67.14999999999999,0.17750000000000002,0.00309125,5.6000000000000005,46.900000000000006,-68.14166663333334
2014-11-09,0.43278243011147594,275.925,269.1625,0.3125,71.80000000000001,0.17999999999999997,0.002702500000000001,3.7625,46.900000000000006,-68.14166663333334
2014-11-17,0.30519213537657824,274.6625,267.0125,2.2,53.975,0.17250000000000001,0.0025237500000000004,4.875,46.900000000000006,-68.14166663333334
2014-11-25,0.3599126280656582,272.525,262.7625,2.4375,62.237500000000004,0.1025,0.0023712500000000005,4.325000000000001,46.900000000000006,-68.14166663333334
2014-12-03,0.2922349613964186,268.9875,258.34999999999997,7.875000000000001,54.9,0.11374999999999999,0.0016375,4.575,46.900000000000006,-68.14166663333334
2014-12-11,0.4813905938625467,273.25000000000006,270.75,4.3875,50.087500000000006,0.12125,0.00281125,3.4125,46.900000000000006,-68.14166663333334
2014-12-19,0.4955636178365692,272.85,267.6875,3.4625000000000004,43.900000000000006,0.21250000000000002,0.0020475000000000003,3.7625,46.900000000000006,-68.14166663333334
2014-12-27,0.47408565203968067,267.9,257.72,0.4800000000000001,43.50000000000001,0.10200000000000001,0.0017260000000000005,4.28,46.900000000000006,-68.14166663333334
2015-01-01,0.44100756549577297,263.325,251.15,2.775,55.41250000000001,0.08750000000000002,0.0008562500000000001,4.5625,46.900000000000006,-68.14166663333334
2015-01-09,0.3599126280656582,263.8125,251.2625,1.0250000000000001,72.0625,0.07250000000000001,0.0009125000000000001,3.4375,46.900000000000006,-68.14166663333334
2015-01-17,0.3599126280656582,269.1625,258.25000000000006,1.2875,80.16250000000001,0.1275,0.0014425000000000002,4.612500000000001,46.900000000000006,-68.14166663333334
2015-01-25,0.3134172707608752,263.175,253.8,3.1000000000000005,85.5875,0.057499999999999996,0.0010825000000000001,5.6625000000000005,46.900000000000006,-68.14166663333334
2015-02-02,0.286287072806693,260.2,248.71249999999995,0.625,106.91250000000002,0.05375000000000001,0.0006775000000000002,3.6875,46.900000000000006,-68.14166663333334
2015-02-10,0.23278243011147592,259.775,251.1,0.4,108.01249999999999,0.061250000000000006,0.000675,4.525,46.900000000000006,-68.14166663333334
2015-02-18,0.2405474687150574,265.7,253.6,1.8625,102.75000000000001,0.08499999999999999,0.0010387500000000002,4.05,46.900000000000006,-68.14166663333334
2015-02-26,0.2405474687150574,267.2,253.175,0.925,161.925,0.10625000000000001,0.00107625,4.8125,46.900000000000006,-68.14166663333334
2015-03-06,0.2134172707608752,271.13750000000005,257.2875,0.23750000000000002,147.9125,0.13874999999999998,0.0014712500000000001,4.6,46.900000000000006,-68.14166663333334
2015-03-14,0.2405474687150574,270.925,259.71250000000003,2.75,168.8375,0.135,0.0015425000000000003,5.1000000000000005,46.900000000000006,-68.14166663333334
2015-03-22,0.28109493743011477,273.4125,262.6625,0.05,200.58749999999998,0.20625,0.00178125,5.075000000000001,46.900000000000006,-68.14166663333334
2015-03-30,0.2275902947348977,274.5875,263.4875,2.1750000000000003,197.66250000000005,0.18625000000000003,0.00213625,4.2125,46.900000000000006,-68.14166663333334
2015-04-07,0.4405474687150574,281.025,270.65,1.8375000000000001,242.98749999999995,0.41125,0.0026225,4.500000000000001,46.900000000000006,-68.14166663333334
2015-04-15,0.6539647394759327,283.525,272.5875,2.4125,279.2875,0.44375,0.0031100000000000004,4.65,46.900000000000006,-68.14166663333334
2015-04-23,0.9945122081909901,281.6875,274.8875,2.2875000000000005,145.5,0.2625,0.0040675,4.3375,46.900000000000006,-68.14166663333334
2015-05-01,1.0539647394759326,291.29999999999995,277.47499999999997,0.1875,280.0375,0.8237499999999999,0.00423625,4.075,46.900000000000006,-68.14166663333334
2015-05-09,1.3320266768983284,290.8875,279.55,3.15,207.8125,0.69375,0.005226250000000001,3.9125000000000005,46.900000000000006,-68.14166663333334
2015-05-17,1.923801541514032,289.18750000000006,279.77500000000003,1.5500000000000003,222.73750000000004,0.5725,0.00536875,4.862500000000001,46.900000000000006,-68.14166663333334
2015-05-25,2.377766280989964,296.1375,284.70000000000005,5.550000000000001,271.975,0.83875,0.008308750000000002,4.5,46.900000000000006,-68.14166663333334
2015-06-02,2.901863478936428,288.7,280.99999999999994,7.1875,198.38750000000002,0.44,0.0063587500000000016,3.7125,46.900000000000006,-68.14166663333334
2015-06-10,3.5314353640334657,294.9875,284.325,1.9875,291.3375,0.7250000000000001,0.00798125,4.75,46.900000000000006,-68.14166663333334
2015-06-18,3.560655276620369,292.55,282.6625,2.6000000000000005,240.63750000000002,0.5725,0.007376250000000001,4.3875,46.900000000000006,-68.14166663333334
2015-06-26,3.3927181499907,293.4125,284.0,4.050000000000001,228.9,0.54,0.0082825,3.7750000000000004,46.900000000000006,-68.14166663333334
2015-07-04,3.1763862812386985,298.375,286.0625,0.525,283.25,0.79,0.01004375,3.4875000000000003,46.900000000000006,-68.14166663333334
2015-07-12,3.6370875961907587,295.84999999999997,284.475,6.050000000000001,233.55000000000004,0.5750000000000001,0.009593750000000002,3.5125,46.900000000000006,-68.14166663333334
2015-07-20,4.063757697364226,293.0875,286.4,2.9375,192.175,0.33125,0.010135000000000002,3.2875000000000005,46.900000000000006,-68.14166663333334
2015-07-28,3.867086353804376,299.52500000000003,286.5625,7.0875,242.05000000000004,0.72625,0.011133750000000001,3.675,46.900000000000006,-68.14166663333334
2015-08-05,3.776067242401821,295.2,285.575,2.1625,202.375,0.54375,0.00948875,3.1000000000000005,46.900000000000006,-68.14166663333334
2015-08-13,3.8169103675493097,301.05,290.28749999999997,0.0,218.925,0.8749999999999999,0.0126175,3.1875,46.900000000000006,-68.14166663333334
2015-08-21,3.867086353804376,297.65,288.42499999999995,7.900000000000001,200.325,0.55125,0.0117575,3.3,46.900000000000006,-68.14166663333334
2015-08-29,3.661598561995366,296.82500000000005,285.02500000000003,0.23750000000000004,217.42499999999998,0.76,0.008967500000000002,3.4375000000000004,46.900000000000006,-68.14166663333334
2015-09-06,3.258730002335931,296.3875,287.575,5.925,161.3,0.62875,0.010503750000000003,3.2000000000000006,46.900000000000006,-68.14166663333334
2015-09-14,3.2355197736867627,296.7,284.9375,0.7875,185.225,0.70625,0.00957375,3.725,46.900000000000006,-68.14166663333334
2015-09-22,2.8083895757325807,292.57500000000005,279.0625,1.9375,163.38750000000002,0.65625,0.006138750000000001,3.3375000000000004,46.900000000000006,-68.14166663333334
2015-09-30,1.9082251353842974,286.83750000000003,275.26250000000005,4.9,132.95,0.34375000000000006,0.0052725,3.9,46.900000000000006,-68.14166663333334
2015-10-08,1.5405474687150575,284.65000000000003,276.5625,3.0,108.16250000000001,0.27125,0.00520625,4.3875,46.900000000000006,-68.14166663333334
2015-10-16,1.2268345415217505,279.375,270.3125,0.7375,84.61250000000001,0.20250000000000004,0.0033450000000000003,4.5375000000000005,46.900000000000006,-68.14166663333334
2015-10-24,0.8733298988265334,281.91249999999997,271.7875,4.7125,95.6125,0.27499999999999997,0.0037187500000000003,5.65,46.900000000000006,-68.14166663333334
2015-11-01,0.8,280.99999999999994,275.025,1.0250000000000001,69.91250000000001,0.16125,0.004611250000000001,4.2875000000000005,46.900000000000006,-68.14166663333334
2015-11-09,0.7599126280656582,279.63750000000005,272.5875,1.75,67.53750000000001,0.19499999999999998,0.0037675000000000004,4.0375000000000005,46.900000000000006,-68.14166663333334
2015-11-17,0.686287072806693,275.7375,269.3875,4.3875,65.47500000000001,0.10750000000000001,0.0032775,4.362500000000001,46.900000000000006,-68.14166663333334
2015-11-25,0.6914792081832712,273.6375,265.5625,3.1875,64.9625,0.155,0.00239375,3.6374999999999997,46.900000000000006,-68.14166663333334
2015-12-03,0.6728698020458179,275.09999999999997,268.27500000000003,1.175,57.62500000000001,0.15375,0.0026462500000000006,3.0625000000000004,46.900000000000006,-68.14166663333334
2015-12-11,0.9544248362566481,275.32500000000005,271.2625,5.4125000000000005,44.07500000000001,0.18125000000000002,0.00287125,3.6625,46.900000000000006,-68.14166663333334
2015-12-19,0.741007565495773,274.27500000000003,268.925,3.7375,52.85000000000001,0.15875,0.0025949999999999997,4.2375,46.900000000000006,-68.14166663333334
2015-12-27,0.5733298988265334,265.68,260.44,4.28,44.699999999999996,0.06,0.001568,3.22,46.900000000000006,-68.14166663333334
2016-01-01,0.23278243011147592,269.3625,261.03749999999997,0.325,57.237500000000004,0.12375000000000003,0.0015937500000000001,3.2375,46.900000000000006,-68.14166663333334
2016-01-09,0.26767766666923964,269.13750000000005,259.825,4.1625000000000005,68.6875,0.1325,0.001545,5.05,46.900000000000006,-68.14166663333334
2016-01-17,0.2870428260198404,266.6375,256.625,0.037500000000000006,79.15000000000002,0.12250000000000003,0.00101625,5.175,46.900000000000006,-68.14166663333334
2016-01-25,0.2870428260198404,274.5,264.3625,0.75,69.6375,0.18125,0.0021125000000000002,3.6625000000000005,46.900000000000006,-68.14166663333334
2016-02-02,0.2599126280656581,271.28749999999997,258.6375,2.5875000000000004,96.06250000000001,0.12875,0.00162875,4.2625,46.900000000000006,-68.14166663333334
2016-02-10,0.26767766666923964,267.58750000000003,255.21249999999998,3.225,97.5375,0.15875,0.0012225,4.35,46.900000000000006,-68.14166663333334
2016-02-26,0.2134172707608752,268.65,258.1,3.575,143.3375,0.12875,0.0013625000000000002,5.275000000000001,46.900000000000006,-68.14166663333334
2016-03-05,0.2405474687150574,275.9125,265.525,2.225,164.2,0.195,0.00215375,3.5,46.900000000000006,-68.14166663333334
2016-03-13,0.2405474687150574,274.625,264.55,2.2750000000000004,172.275,0.195,0.0020900000000000003,3.8875,46.900000000000006,-68.14166663333334
2016-03-21,0.27286980204581784,273.5125,264.5625,6.7625,203.61249999999998,0.18250000000000002,0.0018625,3.7875000000000005,46.900000000000006,-68.14166663333334
2016-03-29,0.47286980204581786,275.575,265.66249999999997,2.9875000000000003,195.51250000000002,0.245,0.0022875000000000005,4.3500000000000005,46.900000000000006,-68.14166663333334
2016-04-06,0.6405474687150575,279.15,268.34999999999997,5.725,185.93750000000003,0.2625,0.0026750000000000003,4.175000000000001,46.900000000000006,-68.14166663333334
2016-04-14,0.7728698020458179,286.6375,272.2875,0.0,302.0125,0.6225,0.00271125,3.5250000000000004,46.900000000000006,-68.14166663333334
2016-04-22,0.9405474687150575,282.31250000000006,269.8,0.0,254.05,0.5449999999999999,0.00231125,4.3375,46.900000000000006,-68.14166663333334
2016-04-30,1.0379745654880543,287.33750000000003,277.58750000000003,1.475,199.75,0.5075,0.004285000000000001,2.6750000000000003,46.900000000000006,-68.14166663333334
2016-05-08,1.4268345415217505,289.1125,276.4875,5.1000000000000005,253.8875,0.6012500000000001,0.005101250000000001,4.95,46.900000000000006,-68.14166663333334
2016-05-16,1.5324867736790442,292.7625,279.7,1.2875,244.18750000000003,0.8099999999999999,0.00524875,3.1125,46.900000000000006,-68.14166663333334
2016-05-24,1.9760672424018204,294.0375,282.31250000000006,3.7000000000000006,239.48750000000004,0.6287499999999999,0.008036250000000002,3.9125,46.900000000000006,-68.14166663333334
2016-06-01,2.352617673397922,293.7125,283.17499999999995,4.5625,227.71250000000003,0.5575000000000001,0.00807,4.15,46.900000000000006,-68.14166663333334
2016-06-09,3.0774475327439674,289.33750000000003,281.22499999999997,4.15,155.675,0.44000000000000006,0.0066099999999999996,4.6125,46.900000000000006,-68.14166663333334
2016-06-17,3.494676648539274,298.48749999999995,282.59999999999997,0.0,295.57500000000005,0.9575,0.007727500000000001,3.7,46.900000000000006,-68.14166663333334
2016-06-25,3.8024416871428555,299.875,287.175,3.3125,267.42499999999995,0.9575,0.0104625,4.137500000000001,46.900000000000006,-68.14166663333334
2016-07-03,3.999408687135137,293.5,284.1875,7.3,194.10000000000002,0.44125,0.0089625,3.125,46.900000000000006,-68.14166663333334
2016-07-11,3.446716113730768,300.42500000000007,287.475,5.1875,237.45000000000002,0.8900000000000001,0.011236250000000001,3.5625000000000004,46.900000000000006,-68.14166663333334
2016-07-19,3.6852487678195502,298.97499999999997,287.68749999999994,5.300000000000001,236.51250000000002,0.7125,0.01067125,4.0,46.900000000000006,-68.14166663333334
2016-07-27,3.8021591353688597,299.3125,285.48749999999995,1.4500000000000002,260.3625,0.7562500000000001,0.010563750000000002,1.9625000000000001,46.900000000000006,-68.14166663333334
2016-08-04,3.510466040411426,298.5625,285.7625,4.6625000000000005,231.1375,0.78125,0.01035375,3.8625000000000007,46.900000000000006,-68.14166663333334
2016-08-12,3.613877367541591,295.52500000000003,285.1875,8.525,157.35000000000002,0.4587500000000001,0.01011125,2.5375000000000005,46.900000000000006,-68.14166663333334
2016-08-20,3.47273858596167,297.68750000000006,286.7125,4.2,226.7375,0.6637500000000001,0.010675,4.2625,46.900000000000006,-68.14166663333334
2016-08-28,3.4535378669593526,295.02500000000003,284.4125,3.025,162.0,0.6,0.008811250000000001,2.9750000000000005,46.900000000000006,-68.14166663333334
2016-09-05,3.4229145722167367,296.8125,286.16249999999997,4.4625,179.1125,0.6012500000000001,0.010407500000000002,4.325,46.900000000000006,-68.14166663333334
2016-09-13,3.442115291219054,293.62500000000006,281.87499999999994,2.65,145.8625,0.48125,0.0083475,3.5875000000000004,46.900000000000006,-68.14166663333334
2016-09-21,3.0366274994100433,287.625,277.05,1.4000000000000001,127.9125,0.41500000000000004,0.00563875,3.5625,46.900000000000006,-68.14166663333334
2016-09-29,2.458861218420079,290.5875,275.48749999999995,0.0,165.31250000000003,0.48375000000000007,0.00525625,1.9875000000000003,46.900000000000006,-68.14166663333334
2016-10-07,1.7591568748525108,288.9375,275.6125,0.625,136.25,0.52375,0.005442500000000001,4.387500000000001,46.900000000000006,-68.14166663333334
2016-10-15,1.3051921353765783,286.525,276.07500000000005,6.3625,105.8625,0.22125,0.0057237500000000005,4.0375,46.900000000000006,-68.14166663333334
2016-10-23,1.1004600967807157,278.2,272.85,1.35,71.92500000000001,0.15125,0.0037962500000000006,4.3,46.900000000000006,-68.14166663333334
2016-10-31,0.7728698020458179,278.6125,271.5125,1.4875000000000003,73.6625,0.12625,0.0038250000000000003,3.0125,46.900000000000006,-68.14166663333334
2016-11-08,0.6457396040916357,280.92499999999995,271.6625,1.3625,83.22500000000001,0.20124999999999998,0.00368375,4.2125,46.900000000000006,-68.14166663333334
2016-11-16,0.5417633187089202,278.70000000000005,273.45,3.9250000000000003,54.68750000000001,0.1425,0.00445625,3.7,46.900000000000006,-68.14166663333334
2016-11-24,0.45350464269521706,273.275,270.65,9.2375,46.550000000000004,0.0925,0.0029375000000000004,3.1625,46.900000000000006,-68.14166663333334
2016-12-02,0.3000000000000001,269.78749999999997,262.9875,0.35,56.06250000000001,0.10500000000000001,0.00209625,2.8375000000000004,46.900000000000006,-68.14166663333334
2016-12-10,0.1728698020458178,263.77500000000003,254.125,2.225,55.775,0.060000000000000005,0.00105125,3.9750000000000005,46.900000000000006,-68.14166663333334
2016-12-18,0.25396473947593257,268.90000000000003,258.1125,0.375,51.987500000000004,0.1025,0.0016975000000000002,3.9375,46.900000000000006,-68.14166663333334
2016-12-26,0.23278243011147592,270.9166666666667,260.65000000000003,8.35,46.61666666666667,0.10499999999999998,0.0018466666666666666,4.6,46.900000000000006,-68.14166663333334
2017-01-01,0.2134172707608752,267.28749999999997,255.9,2.8,54.2,0.0925,0.0012900000000000001,3.7125,46.900000000000006,-68.14166663333334
2017-01-09,0.2405474687150574,269.625,257.6375,1.9625,63.787500000000016,0.16875,0.00144125,5.099999999999999,46.900000000000006,-68.14166663333334
2017-01-17,0.2405474687150574,271.1125,265.0,6.237500000000001,75.5875,0.15875,0.0017987500000000002,2.9125,46.900000000000006,-68.14166663333334
2017-01-25,0.2405474687150574,270.1625,260.7125,1.0,68.025,0.11750000000000002,0.0017200000000000002,3.45,46.900000000000006,-68.14166663333334
2017-02-02,0.23278243011147592,264.7375,252.6,2.2125000000000004,92.5875,0.07250000000000001,0.0010062500000000002,4.1625000000000005,46.900000000000006,-68.14166663333334
2017-02-10,0.2405474687150574,266.35,254.6125,1.6625,107.53750000000001,0.09125,0.0011787500000000001,4.75,46.900000000000006,-68.14166663333334
2017-02-18,0.2405474687150574,277.12499999999994,265.975,2.875,119.65,0.25625,0.002265,2.9000000000000004,46.900000000000006,-68.14166663333334
2017-02-26,0.2405474687150574,271.6375,261.625,2.025,133.8625,0.17625000000000002,0.0017100000000000001,5.7125,46.900000000000006,-68.14166663333334
2017-03-06,0.2405474687150574,269.1,258.28749999999997,2.075,152.5,0.1375,0.0014150000000000005,5.3500000000000005,46.900000000000006,-68.14166663333334
2017-03-14,0.18704282601984032,274.5375,262.525,3.1,177.2875,0.19999999999999998,0.00183875,3.3125000000000004,46.900000000000006,-68.14166663333334
2017-03-22,0.18704282601984032,271.1875,262.4625,2.7,164.8,0.11999999999999998,0.0018375000000000002,4.225,46.900000000000006,-68.14166663333334
2017-03-30,0.13278243011147592,277.57500000000005,268.875,2.7875000000000005,204.675,0.25625,0.0024900000000000005,3.4500000000000006,46.900000000000006,-68.14166663333334
2017-04-07,0.3000000000000001,282.86249999999995,274.5,2.125,188.32500000000002,0.44375,0.0032525000000000006,2.8750000000000004,46.900000000000006,-68.14166663333334
2017-04-15,0.6728698020458179,280.46250000000003,273.425,5.062500000000001,150.4,0.3275,0.0032575000000000004,3.0375000000000005,46.900000000000006,-68.14166663333334
2017-04-23,0.9728698020458177,287.3625,276.0125,2.925,244.27499999999998,0.45999999999999996,0.0047625,3.9125,46.900000000000006,-68.14166663333334
2017-05-01,1.2591568748525108,286.4625,278.1625,11.187500000000002,171.9625,0.38875000000000004,0.00524375,4.95,46.900000000000006,-68.14166663333334
2017-05-09,1.3345995801253319,288.075,277.81250000000006,2.6625000000000005,207.2625,0.45500000000000007,0.00534625,3.7500000000000004,46.900000000000006,-68.14166663333334
2017-05-17,2.059156874852511,292.48749999999995,279.2125,0.8625,242.675,0.6975,0.006040000000000001,3.7375000000000003,46.900000000000006,-68.14166663333334
2017-05-25,2.380799280997683,291.26250000000005,280.6125,3.5125,236.70000000000002,0.5199999999999999,0.006655000000000001,4.125,46.900000000000006,-68.14166663333334
2017-06-02,3.1588612184200793,293.46250000000003,280.66249999999997,0.475,263.875,0.71125,0.006665,3.1375,46.900000000000006,-68.14166663333334
2017-06-10,3.4235058850816005,295.0,283.58750000000003,2.3125,246.90000000000003,0.77,0.0078575,4.45,46.900000000000006,-68.14166663333334
2017-06-18,3.447556754105492,296.8875,286.01250000000005,6.325000000000001,241.5125,0.65125,0.00995125,4.4125000000000005,46.900000000000006,-68.14166663333334
2017-06-26,3.3894976178211325,295.2625,285.025,4.0625,230.96250000000003,0.6312500000000001,0.0089475,3.4625000000000004,46.900000000000006,-68.14166663333334
2017-07-04,4.123801541514032,298.59999999999997,286.5875,4.0375000000000005,244.675,0.78,0.010257500000000001,3.5875,46.900000000000006,-68.14166663333334
2017-07-12,3.795869261424131,298.47499999999997,286.4375,0.7125000000000001,241.26250000000002,0.83375,0.00988,2.75,46.900000000000006,-68.14166663333334
2017-07-20,4.159156874852511,296.96250000000003,283.9125,1.8875,251.1,0.7875000000000001,0.00862625,3.0,46.900000000000006,-68.14166663333334
2017-07-28,4.076714871344386,298.95,284.1875,1.7125000000000001,248.9875,0.8400000000000001,0.009536250000000001,3.1875000000000004,46.900000000000006,-68.14166663333334
2017-08-05,4.019023173995597,295.7625,283.4875,2.4625000000000004,224.31250000000003,0.5675,0.009105,3.8750000000000004,46.900000000000006,-68.14166663333334
2017-08-13,4.189320072814412,295.5375,284.52500000000003,3.0749999999999997,198.75000000000003,0.58125,0.009201250000000001,4.025,46.900000000000006,-68.14166663333334
2017-08-21,3.7536690830435018,295.9875,282.25,0.7250000000000001,217.62500000000003,0.6987500000000001,0.00835375,3.3250000000000006,46.900000000000006,-68.14166663333334
2017-08-29,3.7670863538043764,292.5875,281.4,6.9125000000000005,183.625,0.5375,0.007387500000000001,3.75,46.900000000000006,-68.14166663333334
2017-09-06,2.8621898748602295,293.4125,282.1125,4.324999999999999,166.5625,0.485,0.00825375,3.0500000000000003,46.900000000000006,-68.14166663333334
2017-09-14,2.607929478951865,296.8,282.85,0.0,195.325,0.525,0.009823750000000001,2.525,46.900000000000006,-68.14166663333334
2017-09-22,2.0186094061374535,296.7,282.56250000000006,1.5125000000000002,162.04999999999998,0.6612500000000001,0.009511250000000002,3.4000000000000004,46.900000000000006,-68.14166663333334
2017-09-30,1.6859914163742613,290.2625,275.975,2.5,152.20000000000002,0.50375,0.00551625,3.8625000000000007,46.900000000000006,-68.14166663333334
2017-10-08,1.4134172707608754,290.05,278.225,3.9000000000000004,102.41250000000001,0.3675,0.006796250000000002,4.125,46.900000000000006,-68.14166663333334
2017-10-16,1.0810949374301149,286.725,275.21250000000003,0.05,122.17500000000001,0.455,0.00441125,4.1875,46.900000000000006,-68.14166663333334
2017-10-24,0.981094937430115,288.8375,279.6125,14.762500000000001,77.0125,0.30624999999999997,0.007036250000000001,6.3625,46.900000000000006,-68.14166663333334
2017-11-01,0.7810949374301148,282.7875,271.37500000000006,4.887500000000001,80.75,0.29625,0.003905,4.55,46.900000000000006,-68.14166663333334
2017-11-09,0.7405474687150575,274.0875,265.16249999999997,2.3375000000000004,80.7125,0.18125,0.00200875,3.7125,46.900000000000006,-68.14166663333334
2017-11-17,0.6676776666692398,273.8875,266.06249999999994,3.6875,64.65,0.10500000000000001,0.00256,5.2125,46.900000000000006,-68.14166663333334
2017-11-25,0.5134172707608752,274.775,266.0375,0.6125,57.0125,0.15874999999999997,0.0024300000000000003,4.2875,46.900000000000006,-68.14166663333334
2017-12-03,0.5134172707608752,273.8,267.5125,4.425,37.18750000000001,0.145,0.0024287500000000004,3.5875000000000004,46.900000000000006,-68.14166663333334
2017-12-11,0.4405474687150574,264.35,254.425,4.3,57.337500000000006,0.06625,0.001155,4.375,46.900000000000006,-68.14166663333334
2017-12-19,0.4134172707608752,265.7375,254.3125,4.1625000000000005,56.62500000000001,0.05374999999999999,0.00128125,4.45,46.900000000000006,-68.14166663333334
2017-12-27,0.33278243011147596,257.46,249.94,0.0,55.339999999999996,0.05600000000000001,0.0005720000000000001,4.84,46.900000000000006,-68.14166663333334
2018-01-01,0.2004600967807155,261.7,252.08749999999998,5.1000000000000005,59.65,0.07,0.0008100000000000001,5.375,46.900000000000006,-68.14166663333334
2018-01-09,0.2405474687150574,268.90000000000003,258.4375,4.812500000000001,55.825,0.15125000000000002,0.00149125,4.125,46.900000000000006,-68.14166663333334
2018-01-17,0.2134172707608752,269.8125,260.90000000000003,5.475,66.5375,0.14,0.0014112500000000002,3.9250000000000003,46.900000000000006,-68.14166663333334
2018-01-25,0.2134172707608752,267.9875,257.28749999999997,0.65,94.66250000000001,0.1325,0.0011987500000000002,4.550000000000001,46.900000000000006,-68.14166663333334
2018-02-02,0.1728698020458178,267.59999999999997,254.1125,3.8625,81.35000000000001,0.08125,0.001275,4.3,46.900000000000006,-68.14166663333334
2018-02-10,0.1728698020458178,271.875,261.075,0.8125,101.65,0.16125,0.0016462500000000001,4.1625000000000005,46.900000000000006,-68.14166663333334
2018-02-18,0.1728698020458178,274.8375,261.4,0.9000000000000001,121.17500000000001,0.19875000000000004,0.0018675000000000002,4.4,46.900000000000006,-68.14166663333334
2018-02-26,0.13278243011147592,276.1125,270.8625,1.8125000000000002,133.925,0.24750000000000003,0.0024737500000000003,4.1375,46.900000000000006,-68.14166663333334
2018-03-06,0.1728698020458178,274.8125,270.27500000000003,5.1125,133.2,0.21125,0.0024075,4.425000000000001,46.900000000000006,-68.14166663333334
2018-03-14,0.15991262806565812,270.92499999999995,261.7375,2.0875000000000004,162.1625,0.1425,0.0016837500000000001,5.550000000000001,46.900000000000006,-68.14166663333334
2018-03-22,0.15991262806565812,278.28749999999997,266.31249999999994,0.9375,217.00000000000003,0.295,0.00213375,3.0625000000000004,46.900000000000006,-68.14166663333334
2018-03-30,0.15991262806565812,275.475,265.5625,4.575,182.52500000000003,0.19875,0.0022075,4.4750000000000005,46.900000000000006,-68.14166663333334
2018-04-07,0.308225135384297,276.275,265.6,0.65,255.11250000000004,0.23250000000000004,0.0021625,3.7875000000000005,46.900000000000006,-68.14166663333334
2018-04-15,0.5405474687150574,279.36249999999995,270.98749999999995,3.4875,203.37500000000003,0.32875000000000004,0.0026387500000000005,3.8875,46.900000000000006,-68.14166663333334
2018-04-23,0.8134172707608752,288.3875,277.475,8.8,245.38750000000002,0.6237500000000001,0.004282500000000001,3.1500000000000004,46.900000000000006,-68.14166663333334
2018-05-01,1.0862870728066931,289.6875,277.65000000000003,3.075,249.23749999999998,0.5925,0.0051775,3.8875000000000006,46.900000000000006,-68.14166663333334
2018-05-09,1.3897801695951273,291.45,275.65,0.28750000000000003,302.4625,0.7825,0.0043375,4.862500000000001,46.900000000000006,-68.14166663333334
2018-05-17,1.7670863538043762,290.8875,275.75000000000006,3.4000000000000004,262.325,0.69625,0.0045275,3.875,46.900000000000006,-68.14166663333334
2018-05-25,2.1292762286646054,296.0375,281.16249999999997,0.925,279.90000000000003,0.86375,0.00707,3.4,46.900000000000006,-68.14166663333334
2018-06-02,2.824084093288027,290.22499999999997,278.8375,0.6500000000000001,223.85,0.58375,0.0055,3.9000000000000004,46.900000000000006,-68.14166663333334
2018-06-10,3.4204597804154453,293.07499999999993,280.0,3.075,252.925,0.71125,0.006405000000000001,3.9125000000000005,46.900000000000006,-68.14166663333334
2018-06-18,3.731139707601033,295.425,281.475,1.9500000000000002,237.275,0.69375,0.0076725000000000005,4.2250000000000005,46.900000000000006,-68.14166663333334
2018-06-26,3.6453358233886215,299.575,287.825,3.0875000000000004,260.02500000000003,0.86875,0.010882500000000002,3.825,46.900000000000006,-68.14166663333334
2018-07-04,4.209497301455862,301.2125,287.04999999999995,1.25,285.9,1.1075000000000002,0.01045625,4.300000000000001,46.900000000000006,-68.14166663333334
2018-07-12,3.7111401692617445,297.68750000000006,285.7375,1.775,245.67500000000004,0.7075,0.0100225,3.0375,46.900000000000006,-68.14166663333334
2018-07-20,3.9707569955995305,301.9125,291.625,3.3,246.48749999999998,1.0375,0.01275625,4.325,46.900000000000006,-68.14166663333334
2018-07-28,4.032486773679044,300.3375,288.95,1.3125,210.55000000000007,0.82125,0.011942500000000002,3.1000000000000005,46.900000000000006,-68.14166663333334
2018-08-05,3.9195295996988846,300.325,287.55,13.3125,242.80000000000004,0.82625,0.011441250000000002,2.8875,46.900000000000006,-68.14166663333334
2018-08-13,3.490417956678004,297.925,285.5125,3.925,238.21250000000003,0.6525,0.01044375,2.5625000000000004,46.900000000000006,-68.14166663333334
2018-08-21,3.7239659818623156,298.5,287.225,0.6875,219.88750000000002,0.74875,0.010657500000000002,4.0125,46.900000000000006,-68.14166663333334
2018-08-29,3.6604290409240745,296.5625,283.8875,5.1125,189.37500000000003,0.56,0.009751250000000001,3.5250000000000004,46.900000000000006,-68.14166663333334
2018-09-06,3.6180180932725903,292.8375,278.9375,0.8500000000000001,182.52500000000003,0.5750000000000001,0.006785,2.825,46.900000000000006,-68.14166663333334
2018-09-14,2.9119520932571525,294.75,283.25,1.7000000000000002,152.9125,0.5975,0.00886125,3.5625000000000004,46.900000000000006,-68.14166663333334
2018-09-22,2.927294638302466,288.1875,275.725,2.6,151.925,0.35875,0.0055675,4.3375,46.900000000000006,-68.14166663333334
2018-09-30,2.202737343575287,285.34999999999997,275.8375,0.4375,116.2,0.30000000000000004,0.00505625,3.1250000000000004,46.900000000000006,-68.14166663333334
2018-10-08,1.6432848122903443,283.6625,275.525,8.162500000000001,89.1625,0.24000000000000002,0.004952500000000001,4.025,46.900000000000006,-68.14166663333334
2018-10-16,1.0030562371167249,279.5375,270.1125,0.275,86.4625,0.26,0.0030162500000000007,5.600000000000001,46.900000000000006,-68.14166663333334
2018-10-24,0.7323223333307605,276.6125,270.5,3.4,75.61250000000001,0.15999999999999998,0.0030887500000000008,4.7375,46.900000000000006,-68.14166663333334
2018-11-01,0.6405474687150575,280.13750000000005,273.975,6.950000000000001,59.737500000000004,0.175,0.004150000000000001,4.9125000000000005,46.900000000000006,-68.14166663333334
2018-11-09,0.5539647394759326,271.125,264.1125,6.237500000000001,73.9625,0.09875,0.00216625,5.7125,46.900000000000006,-68.14166663333334
2018-11-17,0.3599126280656582,268.95000000000005,259.725,0.4625,69.3125,0.065,0.0017875000000000002,4.05,46.900000000000006,-68.14166663333334
2018-11-25,0.4323223333307604,273.22499999999997,268.6375,4.8875,61.925000000000004,0.1425,0.0024475000000000005,3.575,46.900000000000006,-68.14166663333334
2018-12-03,0.32759029473489776,266.3375,255.80000000000004,0.7250000000000001,59.22500000000001,0.056249999999999994,0.0014237499999999999,3.3,46.900000000000006,-68.14166663333334
2018-12-11,0.33278243011147596,268.7125,258.9,2.2,61.4,0.09,0.0016375,3.5374999999999996,46.900000000000006,-68.14166663333334
2018-12-19,0.4591568748525108,271.175,261.375,5.9125000000000005,59.849999999999994,0.16875000000000004,0.0017000000000000001,4.1625000000000005,46.900000000000006,-68.14166663333334
2018-12-27,0.39223496139641856,267.04,256.3,4.0200000000000005,50.620000000000005,0.10800000000000001,0.001142,3.46,46.900000000000006,-68.14166663333334
2019-01-01,0.15991262806565812,269.7625,258.8875,3.1000000000000005,44.3125,0.14125,0.00144125,3.8625,46.900000000000006,-68.14166663333334
2019-01-09,0.16767766666923958,265.96250000000003,254.6875,1.9625000000000001,51.49999999999999,0.08125000000000002,0.0011875,4.725,46.900000000000006,-68.14166663333334
2019-01-17,0.2405474687150574,263.825,254.775,8.8875,63.112500000000004,0.10250000000000001,0.0009825,4.8625,46.900000000000006,-68.14166663333334
2019-01-25,0.28109493743011477,264.9625,252.475,2.225,76.275,0.08375,0.0009675,4.787500000000001,46.900000000000006,-68.14166663333334
2019-02-02,0.25396473947593257,270.4875,260.3,1.3625,84.74999999999999,0.14,0.0016025000000000002,4.8625,46.900000000000006,-68.14166663333334
2019-02-10,0.25396473947593257,267.075,254.03750000000002,3.4750000000000005,111.72500000000001,0.09624999999999999,0.0010987500000000001,5.050000000000001,46.900000000000006,-68.14166663333334
2019-02-18,0.2405474687150574,267.9375,254.58749999999998,3.7250000000000005,117.525,0.10625000000000001,0.00115,4.4375,46.900000000000006,-68.14166663333334
2019-02-26,0.2405474687150574,267.86249999999995,255.375,0.7,158.78750000000002,0.12625,0.0011175,4.7749999999999995,46.900000000000006,-68.14166663333334
2019-03-06,0.2134172707608752,271.075,256.8375,0.7125,160.6875,0.1425,0.0014425,4.300000000000001,46.900000000000006,-68.14166663333334
2019-03-14,0.1728698020458178,276.08750000000003,264.2375,0.36250000000000004,166.78750000000002,0.25625,0.0020275,4.5125,46.900000000000006,-68.14166663333334
2019-03-22,0.14054746871505738,275.4375,264.475,2.925,195.9,0.19624999999999998,0.00216375,4.9625,46.900000000000006,-68.14166663333334
2019-03-30,0.21417302397402255,277.025,268.75,3.3000000000000003,191.1125,0.2525,0.0024612500000000003,5.937500000000001,46.900000000000006,-68.14166663333334
2019-04-07,0.4806348406493993,280.15,270.0625,3.1,245.2875,0.37125,0.002615,3.4500000000000006,46.900000000000006,-68.14166663333334
2019-04-15,0.6535046426952171,283.4,274.40000000000003,7.6375,190.375,0.41,0.0036300000000000004,4.237500000000001,46.900000000000006,-68.14166663333334
2019-04-23,0.8134172707608752,281.40000000000003,273.7875,2.7250000000000005,174.7875,0.345,0.003335,5.087500000000001,46.900000000000006,-68.14166663333334
2019-05-01,0.9539647394759327,288.0,275.15,0.41250000000000003,259.20000000000005,0.6325000000000001,0.00375625,3.7,46.900000000000006,-68.14166663333334
2019-05-09,1.0211823093644568,284.38750000000005,275.575,3.4124999999999996,203.0625,0.41625,0.00396,4.15,46.900000000000006,-68.14166663333334
2019-05-17,1.6134172707608752,287.22499999999997,277.6,6.712500000000001,171.13750000000002,0.36625,0.0054825,3.4250000000000007,46.900000000000006,-68.14166663333334
2019-05-25,1.6940521114102745,290.78749999999997,278.425,1.7375,283.45000000000005,0.6425000000000001,0.005277500000000001,3.8000000000000007,46.900000000000006,-68.14166663333334
2019-06-02,2.16767766666924,292.62499999999994,279.1375,1.2875,247.86250000000004,0.6725000000000001,0.00595,3.55,46.900000000000006,-68.14166663333334
2019-06-10,2.8180180932725896,295.20000000000005,282.275,2.6999999999999997,258.4,0.7037500000000001,0.007612500000000001,4.4125000000000005,46.900000000000006,-68.14166663333334
2019-06-18,3.4353553333384794,295.32499999999993,283.2875,4.4125,262.875,0.7325,0.0078425,3.825,46.900000000000006,-68.14166663333334
2019-06-26,3.456833299135368,295.83750000000003,286.00000000000006,3.7375,227.0625,0.5987500000000001,0.00970875,2.9875,46.900000000000006,-68.14166663333334
2019-07-04,3.843166700864632,299.63750000000005,285.34999999999997,1.5625,289.58750000000003,0.9500000000000002,0.009685000000000001,3.7125000000000004,46.900000000000006,-68.14166663333334
2019-07-12,3.620472885073881,298.7125,287.52500000000003,2.6999999999999997,221.9875,0.78125,0.010716250000000002,3.687500000000001,46.900000000000006,-68.14166663333334
2019-07-20,3.446659797653067,298.95000000000005,285.8125,0.3875,242.33749999999998,0.8187500000000001,0.01018375,2.5625,46.900000000000006,-68.14166663333334
2019-07-28,3.982958416366543,300.18750000000006,286.77500000000003,2.8000000000000003,240.8,0.8325,0.0111275,3.4,46.900000000000006,-68.14166663333334
2019-08-05,3.7914792081832713,295.92500000000007,286.0125,4.025,204.45000000000005,0.61625,0.00969,3.8,46.900000000000006,-68.14166663333334
2019-08-13,3.805629140343729,295.76250000000005,284.78749999999997,1.9500000000000002,225.51250000000002,0.5425,0.009661250000000001,3.1,46.900000000000006,-68.14166663333334
2019-08-21,3.6046008225117148,297.33750000000003,283.1375,2.25,235.03750000000002,0.71375,0.00901125,3.0999999999999996,46.900000000000006,-68.14166663333334
2019-08-29,3.6161546143361623,292.325,280.95000000000005,4.1,161.5875,0.3975,0.0079025,3.95,46.900000000000006,-68.14166663333334
2019-09-06,3.1704150102445268,289.5125,278.2875,3.7375000000000003,175.3375,0.43625,0.00591875,3.0500000000000003,46.900000000000006,-68.14166663333334
2019-09-14,2.7432848122903444,291.24999999999994,278.3,0.775,154.75,0.49000000000000005,0.00643125,3.425,46.900000000000006,-68.14166663333334
2019-09-22,2.1621898748602297,290.22499999999997,280.2375,5.575,113.20000000000002,0.2975,0.00783,4.1875,46.900000000000006,-68.14166663333334
2019-09-30,1.5134172707608753,284.3375,275.46250000000003,1.5,114.85000000000001,0.30000000000000004,0.0046612500000000005,3.6000000000000005,46.900000000000006,-68.14166663333334
2019-10-08,1.2353553333384792,288.3875,274.975,0.1375,132.3375,0.4225000000000001,0.00503125,2.8875,46.900000000000006,-68.14166663333334
2019-10-16,0.8138773675415907,284.20000000000005,275.1375,7.2875000000000005,96.1875,0.29,0.00460125,3.9875000000000003,46.900000000000006,-68.14166663333334
2019-10-24,0.8405474687150574,283.63750000000005,276.0875,4.3875,89.40000000000002,0.27625,0.00486625,3.8125,46.900000000000006,-68.14166663333334
2019-11-01,0.681094937430115,278.4875,270.8625,1.25,81.525,0.19625,0.0033337500000000003,5.3,46.900000000000006,-68.14166663333334
2019-11-09,0.6405474687150575,270.925,261.4125,3.95,71.025,0.06999999999999999,0.00205375,5.0125,46.900000000000006,-68.14166663333334
2019-11-17,0.508225135384297,272.05,264.5,6.4125000000000005,80.025,0.11000000000000001,0.0021725000000000004,3.1750000000000003,46.900000000000006,-68.14166663333334
2019-11-25,0.408225135384297,271.3625,264.275,0.375,77.85000000000001,0.1275,0.00203875,4.2125,46.900000000000006,-68.14166663333334
2019-12-03,0.3457396040916356,272.9125,262.70000000000005,4.1125,53.900000000000006,0.13875,0.00208375,4.1000000000000005,46.900000000000006,-68.14166663333334
2019-12-11,0.40046009678071554,270.12499999999994,262.2375,3.8875,48.3875,0.14625000000000002,0.00169,5.2250000000000005,46.900000000000006,-68.14166663333334
2019-12-19,0.4867471695874085,268.225,260.45,0.4,55.8875,0.09374999999999999,0.00151125,4.2,46.900000000000006,-68.14166663333334
2019-12-27,0.44100756549577297,270.96000000000004,262.26,2.9400000000000004,55.260000000000005,0.10999999999999999,0.001874,3.8600000000000003,46.900000000000006,-68.14166663333334
2020-01-01,0.2405474687150574,271.475,265.3,0.48750000000000004,48.987500000000004,0.14750000000000002,0.0019450000000000001,2.9875,46.900000000000006,-68.14166663333334
2020-01-09,0.2599126280656581,269.075,258.0,5.9375,46.9125,0.10125,0.0015275000000000002,3.5375000000000005,46.900000000000006,-68.14166663333334
2020-01-17,0.20519213537657824,265.15000000000003,254.92499999999998,1.5250000000000001,84.47500000000001,0.10625,0.00102125,3.8125,46.900000000000006,-68.14166663333334
2020-01-25,0.2,270.0875,259.6875,2.375,79.6625,0.13625,0.0014950000000000002,3.025000000000001,46.900000000000006,-68.14166663333334
2020-02-02,0.2004600967807155,268.5625,257.87499999999994,4.15,83.05,0.11125,0.0013575000000000002,3.975,46.900000000000006,-68.14166663333334
2020-02-10,0.1728698020458178,268.95,256.075,0.4,98.67500000000001,0.1275,0.0013837500000000002,3.775,46.900000000000006,-68.14166663333334
2020-02-18,0.2405474687150574,273.76250000000005,257.325,0.675,142.4625,0.24875000000000003,0.001355,4.1625000000000005,46.900000000000006,-68.14166663333334
2020-02-26,0.2405474687150574,273.825,262.7,5.112500000000001,108.35000000000001,0.1875,0.00196,4.1375,46.900000000000006,-68.14166663333334
2020-03-05,0.2405474687150574,273.28749999999997,263.08750000000003,2.375,175.68750000000003,0.18,0.00174875,4.0625,46.900000000000006,-68.14166663333334
2020-03-13,0.2,274.76249999999993,263.9,3.7250000000000005,167.325,0.18375,0.002055,5.5875,46.900000000000006,-68.14166663333334
2020-03-21,0.2,275.76250000000005,263.15,0.9875,230.13750000000005,0.24875000000000003,0.00186625,3.65,46.900000000000006,-68.14166663333334
2020-03-29,0.24573960409163562,279.8,271.65,2.85,184.08749999999998,0.32125000000000004,0.0028375000000000006,3.7875000000000005,46.900000000000006,-68.14166663333334
2020-04-06,0.4271301979541823,278.5125,269.7375,4.925,208.525,0.295,0.0025812500000000006,5.15,46.900000000000006,-68.14166663333334
2020-04-14,0.5129571739801597,280.3875,268.97499999999997,1.7875,269.82500000000005,0.38625,0.0022737500000000006,4.1375,46.900000000000006,-68.14166663333334
2020-04-22,0.7000000000000001,283.5,271.48749999999995,0.0,300.725,0.5575000000000001,0.0023462500000000002,4.5875,46.900000000000006,-68.14166663333334
2020-04-30,1.0268345415217504,284.47499999999997,274.2875,3.9125,198.4125,0.42500000000000004,0.003723750000000001,4.537500000000001,46.900000000000006,-68.14166663333334
2020-05-08,1.1268345415217504,281.8375,273.075,4.25,199.2875,0.455,0.00279875,5.475000000000001,46.900000000000006,-68.14166663333334
2020-05-16,1.867382010236808,293.20000000000005,276.96250000000003,0.0625,316.15000000000003,0.9737500000000001,0.00410375,3.6125000000000003,46.900000000000006,-68.14166663333334
2020-05-24,1.8599126280656584,298.65000000000003,284.8125,2.6375,272.85,1.065,0.008847500000000001,4.1625,46.900000000000006,-68.14166663333334
2020-06-01,2.885695759941829,292.26250000000005,279.6625,1.1625,239.8625,0.7375,0.005730000000000001,3.7624999999999997,46.900000000000006,-68.14166663333334
2020-06-09,3.320341668989733,294.875,280.7125,0.65,258.4875,0.7975,0.00664875,4.0375,46.900000000000006,-68.14166663333334
2020-06-17,3.8399561558501936,304.75,288.95,1.9625000000000001,325.975,1.3325000000000002,0.0120175,3.65,46.900000000000006,-68.14166663333334
2020-06-25,3.8083895757325816,299.225,287.6375,0.25,234.32500000000005,0.8750000000000001,0.010408750000000001,3.05,46.900000000000006,-68.14166663333334
2020-07-03,3.436749018929943,298.75000000000006,287.5375,4.8125,264.31250000000006,0.78125,0.01080875,2.8125000000000004,46.900000000000006,-68.14166663333334
2020-07-11,4.065870503810514,296.9375,286.7125,1.7750000000000001,208.8625,0.605,0.01064875,3.7,46.900000000000006,-68.14166663333334
2020-07-19,3.9928594985254184,300.43750000000006,288.8,2.4375,225.95,0.9162499999999999,0.01136625,3.2125000000000004,46.900000000000006,-68.14166663333334
2020-07-27,3.815398861123015,300.34999999999997,289.0,3.45,216.5375,0.84,0.011846250000000001,2.9124999999999996,46.900000000000006,-68.14166663333334
2020-08-04,3.7320266768983292,301.175,287.8125,0.9750000000000001,250.20000000000002,1.02,0.010946250000000001,3.6625000000000005,46.900000000000006,-68.14166663333334
2020-08-12,3.544096881581193,298.4625,284.66249999999997,4.025,230.35,0.79625,0.00958125,2.9375000000000004,46.900000000000006,-68.14166663333334
2020-08-20,3.7584011216393636,295.0,282.41249999999997,2.6875,216.7,0.69625,0.007722500000000001,4.0375000000000005,46.900000000000006,-68.14166663333334
2020-08-28,3.59118355175084,293.3,281.42500000000007,2.65,183.45,0.54,0.007638750000000001,4.1875,46.900000000000006,-68.14166663333334
2020-09-05,2.945443947659204,292.6125,280.18750000000006,0.25,178.00000000000003,0.5275,0.00720375,3.6125,46.900000000000006,-68.14166663333334
2020-09-13,2.5320266768983286,288.75,275.3375,0.21250000000000002,170.425,0.46499999999999997,0.005102500000000001,4.3875,46.900000000000006,-68.14166663333334
2020-09-21,1.831566580117613,293.6375,279.5125,0.125,174.39999999999998,0.7125,0.006512500000000001,3.9875000000000003,46.900000000000006,-68.14166663333334
2020-09-29,1.6320266768983287,289.6625,279.3,5.025,115.95,0.42374999999999996,0.00667375,4.025,46.900000000000006,-68.14166663333334
2020-10-07,1.1785220342031117,284.82500000000005,274.2125,9.687500000000002,127.175,0.3375,0.00444,4.9875,46.900000000000006,-68.14166663333334
2020-10-15,1.0268345415217504,285.11249999999995,276.2125,8.100000000000001,93.48750000000001,0.23375000000000004,0.005492500000000001,3.9500000000000006,46.900000000000006,-68.14166663333334
2020-10-23,1.0268345415217504,277.8625,270.35,1.5,80.75,0.19125,0.0032250000000000004,4.3374999999999995,46.900000000000006,-68.14166663333334
2020-10-31,0.8862870728066932,280.7375,270.225,1.3375000000000001,92.3875,0.345,0.00305125,4.5375000000000005,46.900000000000006,-68.14166663333334
2020-11-08,0.8134172707608752,283.525,273.71250000000003,2.225,91.17500000000001,0.29124999999999995,0.00473625,3.7875000000000005,46.900000000000006,-68.14166663333334
2020-11-16,0.699704343567568,274.7125,267.3,6.7875000000000005,62.862500000000004,0.15750000000000003,0.0024837500000000003,4.7125,46.900000000000006,-68.14166663333334
2020-11-24,0.5358154301191946,276.8,270.475,6.825,52.1875,0.2,0.0031475,3.8375000000000004,46.900000000000006,-68.14166663333334
2020-12-02,0.42164240614517223,273.61249999999995,269.5,4.65,41.025,0.125,0.00275375,4.6499999999999995,46.900000000000006,-68.14166663333334
2020-12-10,0.502737343575287,267.875,262.225,1.8,48.712500000000006,0.060000000000000005,0.0019512500000000003,3.6375,46.900000000000006,-68.14166663333334
2020-12-18,0.3539647394759326,273.65000000000003,263.775,2.0,52.1375,0.1775,0.0022375,4.525,46.900000000000006,-68.14166663333334
2020-12-26,0.4544248362566481,272.83333333333337,262.1666666666667,2.3833333333333333,54.083333333333336,0.09833333333333334,0.0021550000000000002,5.783333333333334,46.900000000000006,-68.14166663333334
2021-01-01,0.2870428260198404,270.4625,265.3875,1.225,64.2625,0.14875,0.0017325000000000003,3.8000000000000003,46.900000000000006,-68.14166663333334
2021-01-09,0.29480786462342184,272.625,266.0125,1.5125000000000002,60.38750000000001,0.1625,0.00201,2.8000000000000003,46.900000000000006,-68.14166663333334
2021-01-17,0.29480786462342184,267.0375,259.1,0.9625,58.91250000000001,0.08750000000000001,0.00143,4.3875,46.900000000000006,-68.14166663333334
2021-01-25,0.2870428260198404,268.775,259.91249999999997,0.35000000000000003,70.675,0.09125000000000003,0.0016375,2.9375,46.900000000000006,-68.14166663333334
2021-02-02,0.2405474687150574,270.375,260.15,3.5125000000000006,86.80000000000001,0.105,0.0017375000000000003,4.2250000000000005,46.900000000000006,-68.14166663333334
2021-02-10,0.2134172707608752,266.2875,256.08750000000003,2.4375,86.66250000000001,0.08500000000000002,0.0011525,3.7375,46.900000000000006,-68.14166663333334
2021-02-18,0.2405474687150574,270.6625,258.3375,1.2625000000000002,127.72500000000002,0.1325,0.00152125,3.4375,46.900000000000006,-68.14166663333334
2021-02-26,0.2134172707608752,269.5875,258.55,2.475,138.23749999999998,0.14750000000000002,0.00132375,6.737500000000001,46.900000000000006,-68.14166663333334
2021-03-06,0.286287072806693,274.90000000000003,262.5625,0.475,171.05,0.23249999999999998,0.0017950000000000002,4.5625,46.900000000000006,-68.14166663333334
2021-03-14,0.3810949374301148,274.825,261.25000000000006,0.0,207.7375,0.29625,0.0015062500000000002,4.725,46.900000000000006,-68.14166663333334
2021-03-22,0.6405474687150575,281.6125,270.71250000000003,5.7,165.63750000000005,0.42875,0.0027550000000000005,4.325,46.900000000000006,-68.14166663333334
2021-03-30,0.5862870728066931,278.6625,269.625,5.1625000000000005,176.7625,0.29125,0.0026875000000000002,4.4625,46.900000000000006,-68.14166663333334
2021-04-07,0.8539647394759327,288.425,273.88750000000005,0.0,237.825,0.52375,0.004275,3.2125,46.900000000000006,-68.14166663333334
2021-04-15,0.9004600967807155,283.88750000000005,272.3,3.9125000000000005,204.93750000000003,0.45875000000000005,0.0032387500000000003,4.387499999999999,46.900000000000006,-68.14166663333334
2021-04-23,0.9733298988265334,287.1875,275.625,2.0625,239.47500000000002,0.5762499999999999,0.003955,4.7625,46.900000000000006,-68.14166663333334
2021-05-01,1.3539647394759327,284.8,274.9125,3.3125000000000004,197.2375,0.45749999999999996,0.0036987500000000006,4.1375,46.900000000000006,-68.14166663333334
2021-05-09,1.39451220819099,290.1,275.675,1.8375000000000004,260.3,0.68375,0.0042025,2.925,46.900000000000006,-68.14166663333334
2021-05-17,1.967382010236808,295.22499999999997,281.4375,2.7,275.7125,0.9062499999999999,0.00647125,3.712500000000001,46.900000000000006,-68.14166663333334
2021-05-25,2.4833721842246868,291.125,278.85,4.7,256.70000000000005,0.67625,0.005702500000000001,4.199999999999999,46.900000000000006,-68.14166663333334
2021-06-02,3.2300319818777528,299.23749999999995,286.61249999999995,0.55,276.3,0.9787499999999999,0.00973,4.300000000000001,46.900000000000006,-68.14166663333334
2021-06-10,3.1033749853627226,293.43749999999994,280.3375,2.9,264.0,0.71875,0.006292500000000001,3.4750000000000005,46.900000000000006,-68.14166663333334
2021-06-18,3.745443947659204,297.0625,284.8125,3.7875000000000005,270.88750000000005,0.7975000000000001,0.00884,4.5375000000000005,46.900000000000006,-68.14166663333334
2021-06-26,3.8536690830435014,295.86249999999995,287.375,2.9000000000000004,191.8125,0.51375,0.01106,3.3,46.900000000000006,-68.14166663333334
2021-07-04,4.020886652932025,296.9625,284.29999999999995,3.475,243.93750000000003,0.71625,0.00911,3.5125000000000006,46.900000000000006,-68.14166663333334
2021-07-12,3.511435680398736,299.45,288.3625,0.3125,262.8,0.8400000000000001,0.011061250000000002,2.8875,46.900000000000006,-68.14166663333334
2021-07-20,3.9985348224962776,295.86250000000007,285.4875,4.3500000000000005,212.57500000000002,0.58375,0.00969875,3.1875000000000004,46.900000000000006,-68.14166663333334
2021-07-28,3.710900683611573,295.0,284.09999999999997,2.1625,211.63750000000005,0.67375,0.0082325,3.5125,46.900000000000006,-68.14166663333334
2021-08-05,4.136134323660633,299.225,289.5375,1.4125,236.31250000000003,0.66875,0.01241,3.2,46.900000000000006,-68.14166663333334
2021-08-13,4.32683454152175,301.15,288.01250000000005,0.9125000000000001,240.41250000000002,0.9325,0.011631250000000003,2.8875,46.900000000000006,-68.14166663333334
2021-08-21,3.644937521955917,299.325,287.0125,2.275,212.01250000000002,0.71375,0.011587500000000002,2.95,46.900000000000006,-68.14166663333334
2021-08-29,3.3532089862627856,292.0125,282.875,3.5125,145.22500000000002,0.41125000000000006,0.00822125,3.775,46.900000000000006,-68.14166663333334
2021-09-06,2.8417633187089204,294.3,283.15,10.6,145.26250000000002,0.545,0.008425000000000002,4.2875,46.900000000000006,-68.14166663333334
2021-09-14,2.432782430111476,293.58750000000003,281.30000000000007,1.8375000000000001,180.8125,0.61,0.00723125,3.625,46.900000000000006,-68.14166663333334
2021-09-22,1.7077650386035816,292.825,282.90000000000003,11.2625,138.8125,0.425,0.008657500000000002,3.9375,46.900000000000006,-68.14166663333334
2021-09-30,1.153317110533368,288.525,276.7,0.375,125.47500000000001,0.3975000000000001,0.00567375,2.15,46.900000000000006,-68.14166663333334
2021-10-08,1.1134172707608754,290.925,279.925,0.2,118.42500000000001,0.35375,0.0074912500000000005,2.1500000000000004,46.900000000000006,-68.14166663333334
2021-10-16,1.0405474687150575,285.375,279.6625,3.8625000000000003,63.125,0.23,0.006195,4.112500000000001,46.900000000000006,-68.14166663333334
2021-10-24,0.7728698020458179,283.7125,274.90000000000003,1.925,90.76250000000002,0.32625000000000004,0.00424125,3.9000000000000004,46.900000000000006,-68.14166663333334
2021-11-01,0.7405474687150575,282.01250000000005,270.81249999999994,0.08750000000000001,88.675,0.33,0.0032175000000000003,3.1500000000000004,46.900000000000006,-68.14166663333334
2021-11-09,0.6870428260198405,279.975,272.3,4.8875,70.2,0.25125000000000003,0.003445,3.9875000000000003,46.900000000000006,-68.14166663333334
2021-11-17,0.6405474687150575,276.7,270.4375,4.05,64.7,0.24625,0.00256125,4.5875,46.900000000000006,-68.14166663333334
2021-11-25,0.5405474687150574,272.76250000000005,265.4375,3.2249999999999996,52.72500000000001,0.14875000000000005,0.0021087500000000004,4.025,46.900000000000006,-68.14166663333334
2021-12-03,0.5405474687150574,269.1875,259.2125,3.9125,53.1875,0.10375000000000001,0.0015912500000000002,4.550000000000001,46.900000000000006,-68.14166663333334
2021-12-11,0.608225135384297,275.07500000000005,267.46250000000003,3.1000000000000005,52.525000000000006,0.21,0.0022787500000000004,5.3500000000000005,46.900000000000006,-68.14166663333334
2021-12-19,0.4810949374301148,267.25,257.5375,2.6250000000000004,55.53750000000001,0.08625,0.0013262500000000002,4.2625,46.900000000000006,-68.14166663333334
2021-12-27,0.4138773675415907,269.08000000000004,264.06,0.76,48.38,0.05800000000000001,0.0020840000000000003,1.7200000000000002,46.900000000000006,-68.14166663333334
2022-01-01,0.23278243011147592,268.87499999999994,260.0875,1.7625000000000002,60.075,0.10125,0.0016700000000000003,3.6625,46.900000000000006,-68.14166663333334
2022-01-09,0.27286980204581784,263.04999999999995,252.8625,0.7000000000000001,66.10000000000001,0.07625,0.0009487500000000002,4.987500000000001,46.900000000000006,-68.14166663333334
2022-01-17,0.2405474687150574,264.6875,249.6,1.7125,78.22500000000001,0.08625,0.0008737500000000001,3.925,46.900000000000006,-68.14166663333334
2022-01-25,0.2134172707608752,263.075,247.2875,2.3,88.10000000000001,0.075,0.000705,3.8625,46.900000000000006,-68.14166663333334
2022-02-02,0.2134172707608752,269.65,260.62500000000006,5.0375,64.65,0.1475,0.0015475,4.000000000000001,46.900000000000006,-68.14166663333334
2022-02-10,0.2405474687150574,271.05,258.67499999999995,3.125,86.3,0.15125,0.0017300000000000002,4.5625,46.900000000000006,-68.14166663333334
2022-02-18,0.1728698020458178,269.125,255.325,3.4125,105.6875,0.12125,0.00131375,5.075,46.900000000000006,-68.14166663333334
2022-02-26,0.24573960409163562,267.375,254.0,0.8375000000000001,150.01250000000002,0.11875,0.0009800000000000002,4.425000000000001,46.900000000000006,-68.14166663333334
2022-03-06,0.1728698020458178,273.4875,263.67499999999995,5.7,138.13750000000002,0.14250000000000002,0.0021150000000000006,4.875000000000001,46.900000000000006,-68.14166663333334
2022-03-14,0.14054746871505738,276.575,267.5,2.7875000000000005,132.41250000000002,0.21875,0.0024700000000000004,3.4625,46.900000000000006,-68.14166663333334
2022-03-22,0.2134172707608752,274.08750000000003,267.0,2.2,122.35000000000001,0.16000000000000003,0.0023225000000000003,4.112500000000001,46.900000000000006,-68.14166663333334
2022-03-30,0.28109493743011477,278.225,268.11249999999995,1.7750000000000001,237.4875,0.28875,0.00232125,3.9375,46.900000000000006,-68.14166663333334
2022-04-07,0.5405474687150574,281.65,273.225,4.0375,200.52499999999998,0.39375,0.00300875,3.2750000000000004,46.900000000000006,-68.14166663333334
2022-04-15,0.6051921353765783,282.02500000000003,273.1375,1.35,213.91250000000002,0.39625,0.0030637500000000005,5.25,46.900000000000006,-68.14166663333334
2022-04-23,0.7268345415217503,281.9875,274.0125,5.587500000000001,194.37500000000003,0.3812500000000001,0.0033662500000000008,5.3875,46.900000000000006,-68.14166663333334
2022-05-01,1.0862870728066931,286.1875,273.22499999999997,0.28750000000000003,247.63750000000002,0.5250000000000001,0.0035462500000000004,3.2,46.900000000000006,-68.14166663333334
2022-05-09,1.5457396040916358,296.9,282.54999999999995,1.0625,276.725,1.16625,0.00606375,3.1624999999999996,46.900000000000006,-68.14166663333334
2022-05-17,1.859156874852511,290.2375,277.6125,4.5625,266.35,0.4675,0.0059875000000000015,4.775,46.900000000000006,-68.14166663333334
2022-05-25,2.2496927976607854,293.22499999999997,280.46250000000003,7.7625,240.6875,0.6900000000000001,0.006410000000000002,3.925,46.900000000000006,-68.14166663333334
2022-06-02,2.761894218427798,292.0,282.4125,7.15,229.60000000000002,0.5387500000000001,0.007255,3.0125,46.900000000000006,-68.14166663333334
2022-06-10,3.574437624549814,294.79999999999995,284.2375,3.5,260.9875,0.6412500000000001,0.0083675,4.025,46.900000000000006,-68.14166663333334
2022-06-18,3.6799254163588238,292.725,281.6375,3.9375,220.66250000000002,0.5525,0.007608750000000001,4.15,46.900000000000006,-68.14166663333334
2022-06-26,3.6236834300883203,297.93750000000006,284.775,2.075,265.6625,0.79875,0.0092825,3.8125,46.900000000000006,-68.14166663333334
2022-07-04,3.602901783923571,295.88750000000005,283.6375,4.3625,270.65000000000003,0.7762500000000001,0.007928750000000002,3.7250000000000005,46.900000000000006,-68.14166663333334
2022-07-12,4.039496059069479,299.58750000000003,286.8,6.7875000000000005,246.63750000000002,0.8700000000000001,0.010388749999999999,3.7500000000000004,46.900000000000006,-68.14166663333334
2022-07-20,3.768443407037517,300.8125,288.3875,3.5,249.85,0.88625,0.011660000000000002,4.2,46.900000000000006,-68.14166663333334
2022-07-28,4.009286532185006,299.67500000000007,288.425,1.4875,255.125,0.835,0.011188750000000003,3.7375000000000007,46.900000000000006,-68.14166663333334
2022-08-05,3.820590996499593,296.35,285.73749999999995,5.0125,183.3,0.53,0.01055,2.6,46.900000000000006,-68.14166663333334
2022-08-13,3.804896478944147,297.67499999999995,286.32500000000005,2.7875,209.85,0.7700000000000001,0.009738750000000001,2.5625000000000004,46.900000000000006,-68.14166663333334
2022-08-21,3.2121165336054363,296.0625,285.8,1.7125000000000001,183.75,0.55125,0.01021,2.625,46.900000000000006,-68.14166663333334
2022-08-29,3.453669083043501,295.65,283.8125,6.2875000000000005,190.85000000000002,0.5575,0.009466250000000002,3.5,46.900000000000006,-68.14166663333334
2022-09-06,3.267086353804376,297.79999999999995,284.09999999999997,1.35,206.72500000000002,0.7512500000000001,0.009261250000000002,1.25,46.900000000000006,-68.14166663333334
2022-09-14,2.8994086871351366,289.025,279.5625,3.1,153.45,0.48375,0.005781250000000001,4.4875,46.900000000000006,-68.14166663333334
2022-09-22,2.0890244163819798,289.175,279.77500000000003,4.1,125.52500000000002,0.4125000000000001,0.0062987500000000005,4.737500000000001,46.900000000000006,-68.14166663333334
2022-09-30,1.4829120874439707,290.51249999999993,273.825,0.625,166.05,0.5637500000000001,0.0048625000000000005,2.5875000000000004,46.900000000000006,-68.14166663333334
2022-10-08,1.4539647394759325,287.35,276.9125,6.012500000000001,124.61250000000001,0.385,0.005540000000000001,4.75,46.900000000000006,-68.14166663333334
2022-10-24,0.8004600967807155,288.59999999999997,277.525,2.6125000000000003,104.51250000000002,0.41,0.00586375,3.1625,46.900000000000006,-68.14166663333334
2022-11-01,0.7223981593583195,289.25,277.375,0.6000000000000001,112.525,0.5800000000000001,0.0051025,5.0625,46.900000000000006,-68.14166663333334
2022-11-09,0.7810949374301148,277.8375,273.02500000000003,9.2,58.9,0.1925,0.0037350000000000005,3.4875000000000003,46.900000000000006,-68.14166663333334
2022-11-17,0.7676776666692395,270.775,262.35,0.3375,73.67500000000001,0.07625,0.00199,3.887500000000001,46.900000000000006,-68.14166663333334
2022-11-25,0.6223981593583195,274.97499999999997,265.825,4.3375,72.98750000000001,0.1375,0.0024962499999999998,4.45,46.900000000000006,-68.14166663333334
2022-12-03,0.6134172707608753,275.17499999999995,267.5625,7.025,54.637499999999996,0.18250000000000002,0.0025662500000000004,5.2250000000000005,46.900000000000006,-68.14166663333334
2022-12-11,0.9461997008723512,272.2875,267.2375,3.5625,44.3875,0.15250000000000002,0.00223375,4.3875,46.900000000000006,-68.14166663333334
2022-12-19,0.55472049268908,270.3625,263.61250000000007,3.45,44.8375,0.09125,0.0020437500000000004,4.949999999999999,46.900000000000006,-68.14166663333334
2022-12-27,0.4,273.1,264.84000000000003,4.8,38.38,0.154,0.00228,2.72,46.900000000000006,-68.14166663333334
