date,LAI,tmmx,tmmn,pr,srad,vpd,sph,vs,lat,lon
2000-02-18,0.274447645473479,277.0625,263.675,1.0875,113.5875,0.13875,0.0027987500000000005,3.4750000000000005,46.56666666666667,-89.22499996666667
2000-02-26,0.4000000000000001,282.5125,268.03749999999997,0.125,127.61250000000001,0.37,0.00289125,5.4,46.56666666666667,-89.22499996666667
2000-03-05,0.4000000000000001,281.37500000000006,265.85,2.325,161.3375,0.36000000000000004,0.0029425000000000007,4.0375,46.56666666666667,-89.22499996666667
2000-03-13,0.5741731170607622,275.3,263.96250000000003,1.6,138.8625,0.15875,0.0023250000000000002,4.15,46.56666666666667,-89.22499996666667
2000-03-21,0.4997254715872832,284.15,270.375,4.5125,134.22500000000002,0.29375,0.0041175000000000005,5.8500000000000005,46.56666666666667,-89.22499996666667
2000-03-29,0.6741731170607622,282.83750000000003,268.5375,0.75,182.025,0.38375,0.00296875,4.45,46.56666666666667,-89.22499996666667
2000-04-06,0.6997254715872833,277.675,266.84999999999997,1.1375000000000002,184.425,0.26875000000000004,0.0022375000000000003,5.0625,46.56666666666667,-89.22499996666667
2000-04-14,0.8997254715872832,281.1125,268.0875,2.325,165.2375,0.27375,0.0031562499999999998,4.862500000000001,46.56666666666667,-89.22499996666667
2000-04-22,0.799631246346381,289.3375,272.3625,0.3875,245.45000000000002,0.635,0.003852500000000001,3.0500000000000003,46.56666666666667,-89.22499996666667
2000-04-30,1.2275733221508012,297.1375,280.0125,0.6125,247.525,0.9187500000000001,0.00732,4.362500000000001,46.56666666666667,-89.22499996666667
2000-05-08,1.501754586521553,290.1875,276.4625,2.6625,208.3,0.5175000000000001,0.0055975,4.95,46.56666666666667,-89.22499996666667
2000-05-16,2.103775554145833,292.07500000000005,275.7625,0.7125,259.91249999999997,0.63625,0.0055075,3.4,46.56666666666667,-89.22499996666667
2000-05-24,2.0559946714697217,293.34999999999997,278.0625,1.0875000000000001,262.425,0.655,0.006240000000000001,4.025,46.56666666666667,-89.22499996666667
2000-06-01,2.629524506464149,293.65,278.675,1.9625,231.47500000000002,0.61625,0.006825000000000001,3.6125000000000007,46.56666666666667,-89.22499996666667
2000-06-09,3.0003071176526763,296.2,280.5125,7.3375,240.60000000000002,0.52875,0.00910125,4.55,46.56666666666667,-89.22499996666667
2000-06-17,2.649169819359675,296.2125,281.925,4.0875,224.75000000000006,0.5787500000000001,0.009067500000000001,4.425,46.56666666666667,-89.22499996666667
2000-06-25,3.676861808681348,296.675,282.1875,7.0,255.0125,0.66625,0.008838750000000001,4.1375,46.56666666666667,-89.22499996666667
2000-07-03,3.873812510717133,297.88750000000005,282.7625,5.3875,253.23749999999998,0.5637500000000001,0.010387500000000003,3.3875,46.56666666666667,-89.22499996666667
2000-07-11,4.501307902247012,297.77500000000003,282.8,0.75,267.06250000000006,0.6500000000000001,0.009786250000000002,3.9875000000000003,46.56666666666667,-89.22499996666667
2000-07-19,4.129327908672354,295.91249999999997,282.45,2.2125,230.41250000000002,0.5825,0.009118750000000002,3.575,46.56666666666667,-89.22499996666667
2000-07-27,4.452121788267357,298.7875,285.125,3.1625,240.175,0.5912499999999999,0.01135875,2.5125000000000006,46.56666666666667,-89.22499996666667
2000-08-04,3.8023168341513363,297.58750000000003,284.5875,2.3625,218.0625,0.5375000000000001,0.01068,3.45,46.56666666666667,-89.22499996666667
2000-08-12,3.8291476055005393,296.525,282.3375,1.5000000000000002,222.4375,0.46375,0.01013,3.8125000000000004,46.56666666666667,-89.22499996666667
2000-08-20,3.9751041183441647,299.1,283.1375,1.4375000000000002,223.18750000000006,0.66,0.0105,3.2750000000000004,46.56666666666667,-89.22499996666667
2000-08-28,3.775378646756882,295.2,281.77500000000003,1.8625000000000003,188.55,0.4512500000000001,0.00947625,4.875,46.56666666666667,-89.22499996666667
2000-09-05,3.452207866198269,296.29999999999995,280.7875,2.7,183.97500000000002,0.63,0.00860125,5.0375,46.56666666666667,-89.22499996666667
2000-09-13,2.975739253100511,292.8625,279.0375,1.975,161.56250000000003,0.6425000000000001,0.006546250000000001,5.487500000000001,46.56666666666667,-89.22499996666667
2000-09-21,1.9522939441291818,287.15,273.9,0.9250000000000002,141.6375,0.3975,0.0047550000000000005,4.1,46.56666666666667,-89.22499996666667
2000-09-29,1.7253639040447168,289.25,276.3875,0.8500000000000001,128.85,0.5125000000000001,0.005656250000000001,4.862500000000001,46.56666666666667,-89.22499996666667
2000-10-07,0.9999057747590977,287.45,273.475,2.6375,127.7125,0.45,0.0047037500000000005,4.575,46.56666666666667,-89.22499996666667
2000-10-15,0.8000860779309125,289.1875,275.19999999999993,0.65,110.17500000000001,0.5075,0.00505625,4.1000000000000005,46.56666666666667,-89.22499996666667
2000-10-23,0.4261014113519548,289.3875,275.7125,0.9875,92.5875,0.35875,0.00628875,4.65,46.56666666666667,-89.22499996666667
2000-10-31,0.5002745284127168,286.3875,275.925,1.1500000000000001,79.35000000000001,0.4625,0.0044325,6.3,46.56666666666667,-89.22499996666667
2000-11-08,0.49990577475909775,276.4,270.1,5.550000000000001,46.03750000000001,0.16875,0.00296625,5.137499999999999,46.56666666666667,-89.22499996666667
2000-11-16,0.274447645473479,269.6625,263.72499999999997,2.5500000000000003,53.487500000000004,0.10249999999999998,0.0018312500000000002,5.4750000000000005,46.56666666666667,-89.22499996666667
2000-11-24,0.20009422524090228,273.1,265.625,0.2,65.60000000000001,0.09124999999999998,0.002471250000000001,3.8000000000000003,46.56666666666667,-89.22499996666667
2000-12-02,0.22527782611380429,266.09999999999997,256.875,2.7500000000000004,48.925,0.09250000000000003,0.001175,6.012500000000001,46.56666666666667,-89.22499996666667
2000-12-10,0.19972547158728318,265.6,252.6125,3.1625,55.075,0.07625,0.00108375,5.15,46.56666666666667,-89.22499996666667
2000-12-18,0.12555235452652108,263.525,254.0125,3.137500000000001,39.0,0.06375,0.00098625,4.3125,46.56666666666667,-89.22499996666667
2000-12-26,0.12555235452652108,265.2,255.23333333333332,1.3499999999999999,47.083333333333336,0.065,0.0012266666666666667,4.283333333333334,46.56666666666667,-89.22499996666667
2001-01-01,0.19963124634638094,270.2,258.025,1.825,48.362500000000004,0.09374999999999999,0.0016049999999999999,5.025000000000001,46.56666666666667,-89.22499996666667
2001-01-09,0.19981969682818543,273.61249999999995,264.27500000000003,3.5375,67.63749999999999,0.12625,0.002245,4.050000000000001,46.56666666666667,-89.22499996666667
2001-01-17,0.19972547158728318,269.55,258.45,0.7375,81.4625,0.1125,0.0014475000000000002,5.0,46.56666666666667,-89.22499996666667
2001-01-25,0.12564657976742333,271.40000000000003,259.1875,3.2500000000000004,74.93750000000001,0.12,0.0016937500000000002,4.7,46.56666666666667,-89.22499996666667
2001-02-02,0.15091625857123767,269.41249999999997,257.8375,2.8375,70.5875,0.09,0.0015562500000000001,4.0875,46.56666666666667,-89.22499996666667
2001-02-10,0.12545812928561884,266.90000000000003,252.01250000000002,0.8,103.0875,0.0875,0.0011025000000000002,4.5,46.56666666666667,-89.22499996666667
2001-02-18,0.25064173015852087,267.675,252.95,3.1375,110.525,0.0825,0.00127,5.7875,46.56666666666667,-89.22499996666667
2001-02-26,0.19963124634638094,270.59999999999997,256.45,0.5,112.6125,0.1325,0.0013937500000000002,4.875,46.56666666666667,-89.22499996666667
2001-03-06,0.27417311706076214,274.525,261.35,1.85,138.125,0.15625,0.00196875,4.612500000000001,46.56666666666667,-89.22499996666667
2001-03-14,0.2740788918198599,278.35,263.8875,0.3375,189.6375,0.24625000000000002,0.00227375,3.2125000000000004,46.56666666666667,-89.22499996666667
2001-03-22,0.274447645473479,275.275,262.05,1.1125,137.28750000000002,0.22375000000000003,0.00187375,4.2625,46.56666666666667,-89.22499996666667
2001-03-30,0.5486207625342412,280.625,270.85,2.125,139.16250000000002,0.3125,0.0030750000000000005,2.5875,46.56666666666667,-89.22499996666667
2001-04-07,0.6486207625342411,284.675,272.8375,4.5375000000000005,168.75,0.39875000000000005,0.0038500000000000006,5.4,46.56666666666667,-89.22499996666667
2001-04-15,0.8231626332486223,284.15000000000003,270.725,6.3375,182.225,0.40375,0.0034962500000000002,4.762500000000001,46.56666666666667,-89.22499996666667
2001-04-23,1.0002745284127168,292.0625,275.00000000000006,2.6750000000000003,240.61250000000004,0.835,0.004181250000000001,5.65,46.56666666666667,-89.22499996666667
2001-05-01,1.625732657698336,291.59999999999997,276.9125,1.9375000000000002,198.1875,0.64125,0.0053887499999999994,5.200000000000001,46.56666666666667,-89.22499996666667
2001-05-09,1.382620697717141,294.27500000000003,277.775,3.05,247.05,0.7450000000000001,0.006336250000000001,4.25,46.56666666666667,-89.22499996666667
2001-05-17,2.7018325171424755,293.47499999999997,279.1125,3.1125000000000003,230.03750000000002,0.7712499999999999,0.006028750000000001,4.5625,46.56666666666667,-89.22499996666667
2001-05-25,3.2509162585712383,290.5625,276.4375,3.0875,244.3375,0.5549999999999999,0.00537875,2.5625,46.56666666666667,-89.22499996666667
2001-06-02,3.077747029920441,291.5875,278.375,0.6875000000000001,192.4625,0.58875,0.0061287500000000005,3.2,46.56666666666667,-89.22499996666667
2001-06-10,3.4215073154623314,299.7875,284.5625,3.7,242.18750000000006,0.91875,0.009852499999999998,3.9625000000000004,46.56666666666667,-89.22499996666667
2001-07-04,4.177760220724791,297.7375,282.33750000000003,0.1375,290.2,0.85625,0.008448750000000001,4.4625,46.56666666666667,-89.22499996666667
2001-07-12,4.27693663548664,300.375,286.0125,4.4375,235.53750000000005,0.91875,0.010547500000000001,2.2125,46.56666666666667,-89.22499996666667
2001-07-20,3.9829084169342073,300.3875,285.425,1.5750000000000002,253.97500000000005,0.9262500000000001,0.01087375,3.35,46.56666666666667,-89.22499996666667
2001-07-28,3.106639505443874,301.8375,286.65,8.0,223.3,0.805,0.012590000000000002,3.2875,46.56666666666667,-89.22499996666667
2001-08-05,3.3845850728348386,301.2625,286.23749999999995,0.8500000000000001,237.025,0.87625,0.0120375,4.4625,46.56666666666667,-89.22499996666667
2001-08-13,3.361667482574603,295.95,281.8375,2.4625000000000004,213.6,0.6025,0.008668750000000001,3.4500000000000006,46.56666666666667,-89.22499996666667
2001-08-21,4.4497320669894584,299.59999999999997,284.02500000000003,0.0,222.3875,0.8012499999999999,0.010093750000000002,2.975,46.56666666666667,-89.22499996666667
2001-08-29,3.977948671206595,296.8625,281.175,1.1375000000000002,201.1125,0.6937500000000001,0.008556250000000001,4.737500000000001,46.56666666666667,-89.22499996666667
2001-09-06,3.55018689857399,293.075,281.4375,5.9375,140.41250000000002,0.3862500000000001,0.0088,4.0375,46.56666666666667,-89.22499996666667
2001-09-14,2.5515676879475637,291.5375,279.4125,0.20000000000000004,139.78750000000002,0.41375000000000006,0.007192500000000001,2.6750000000000003,46.56666666666667,-89.22499996666667
2001-09-22,2.350916258571238,288.35,274.88750000000005,2.1500000000000004,155.3875,0.41000000000000003,0.00528,4.2625,46.56666666666667,-89.22499996666667
2001-09-30,1.5252778261138042,287.8,274.875,3.7875000000000005,127.22500000000002,0.45999999999999996,0.005115,4.5375000000000005,46.56666666666667,-89.22499996666667
2001-10-08,1.2749024770580104,288.11249999999995,275.8375,2.475,108.32500000000002,0.38,0.00549375,5.9,46.56666666666667,-89.22499996666667
2001-10-16,0.9738985886480453,284.8875,272.26250000000005,1.475,105.7,0.3787500000000001,0.0039275000000000004,4.4,46.56666666666667,-89.22499996666667
2001-10-24,0.6749967022989127,281.5,270.53749999999997,3.825,85.2125,0.25375000000000003,0.003725,6.9750000000000005,46.56666666666667,-89.22499996666667
2001-11-01,0.5999057747590979,285.525,274.24999999999994,0.8125,89.47500000000001,0.4025,0.004282500000000001,5.625,46.56666666666667,-89.22499996666667
2001-11-09,0.5741731170607622,284.45,273.47499999999997,0.275,82.06250000000001,0.2825,0.0046387500000000005,4.562500000000001,46.56666666666667,-89.22499996666667
2001-11-17,0.5002745284127168,283.45000000000005,272.96250000000003,2.5125,68.0625,0.24125,0.004580000000000001,5.2875,46.56666666666667,-89.22499996666667
2001-11-25,0.600274528412717,275.7375,268.6125,4.125,38.68750000000001,0.07625,0.00331125,5.487500000000001,46.56666666666667,-89.22499996666667
2001-12-03,0.5255523545265212,277.4125,268.8375,3.4750000000000005,59.225,0.18499999999999997,0.002968750000000001,5.775,46.56666666666667,-89.22499996666667
2001-12-11,0.5255523545265212,275.7625,268.2,0.375,56.98750000000001,0.13125,0.0028737500000000004,4.5125,46.56666666666667,-89.22499996666667
2001-12-19,0.3742673423016644,270.8375,263.175,3.1375,39.487500000000004,0.0825,0.0020862500000000004,6.175000000000001,46.56666666666667,-89.22499996666667
2001-12-27,0.20009422524090228,266.41999999999996,259.72,1.56,44.7,0.06,0.0015020000000000003,6.2,46.56666666666667,-89.22499996666667
2002-01-01,0.1510104838121399,271.7875,261.0625,0.28750000000000003,63.737500000000004,0.095,0.00196625,5.3125,46.56666666666667,-89.22499996666667
2002-01-09,0.22527782611380429,273.42499999999995,266.075,1.3625000000000003,58.73750000000001,0.09999999999999999,0.0025412500000000005,4.612500000000001,46.56666666666667,-89.22499996666667
2002-01-25,0.22527782611380429,271.675,262.7375,1.7000000000000002,63.900000000000006,0.11374999999999999,0.0019875,3.6375000000000006,46.56666666666667,-89.22499996666667
2002-02-02,0.12555235452652108,273.5125,259.9375,0.875,96.61250000000001,0.13,0.0019612500000000003,4.875000000000001,46.56666666666667,-89.22499996666667
2002-02-10,0.12555235452652108,274.55,260.7,1.0,103.61250000000001,0.1375,0.00207375,5.5375000000000005,46.56666666666667,-89.22499996666667
2002-02-18,0.09972547158728318,274.6375,264.13750000000005,5.9125,85.70000000000002,0.13375,0.0023787500000000002,5.0375,46.56666666666667,-89.22499996666667
2002-02-26,0.09972547158728318,266.46250000000003,253.91250000000002,0.9750000000000002,127.16250000000002,0.10124999999999999,0.0010037499999999999,5.025,46.56666666666667,-89.22499996666667
2002-03-06,0.10000000000000002,272.28749999999997,257.41249999999997,5.937500000000001,128.1625,0.14625000000000002,0.0015637500000000003,6.0874999999999995,46.56666666666667,-89.22499996666667
2002-03-14,0.10000000000000002,274.25,261.4875,3.5250000000000004,156.16250000000002,0.18125,0.00185125,4.4750000000000005,46.56666666666667,-89.22499996666667
2002-03-22,0.17444764547347896,274.5,259.33750000000003,0.41250000000000003,204.275,0.18125000000000002,0.0018075,5.175000000000001,46.56666666666667,-89.22499996666667
2002-03-30,0.3000000000000001,273.7375,264.7125,1.2249999999999999,132.25000000000003,0.165,0.0020437500000000004,3.8750000000000004,46.56666666666667,-89.22499996666667
2002-04-07,0.5,283.8,271.525,7.1625,178.175,0.37250000000000005,0.0038062500000000006,3.7875000000000005,46.56666666666667,-89.22499996666667
2002-04-15,0.6489895161878602,287.775,272.8125,2.4875000000000003,238.15000000000003,0.6012500000000001,0.004660000000000001,4.6875,46.56666666666667,-89.22499996666667
2002-04-23,0.7997254715872832,282.025,268.9125,2.875,211.0,0.37500000000000006,0.0027887500000000004,6.175,46.56666666666667,-89.22499996666667
2002-05-01,0.9255523545265211,285.275,272.82500000000005,7.637500000000001,200.57500000000005,0.4900000000000001,0.00338,4.7625,46.56666666666667,-89.22499996666667
2002-05-09,1.325552354526521,286.7,273.0875,0.7125,217.47500000000002,0.49750000000000005,0.0038250000000000003,5.737500000000001,46.56666666666667,-89.22499996666667
2002-05-17,1.502389721277899,285.5125,270.9375,0.0,255.51250000000002,0.50625,0.0034237499999999997,4.6,46.56666666666667,-89.22499996666667
2002-05-25,2.1301514939105046,296.0125,281.5375,1.3375000000000001,259.6625,0.9525000000000001,0.0067,4.275,46.56666666666667,-89.22499996666667
2002-06-02,2.8299711907386897,294.52500000000003,280.0375,3.8375000000000004,243.1875,0.69,0.00730625,4.375,46.56666666666667,-89.22499996666667
2002-06-10,3.802672397000606,294.125,281.58750000000003,5.925000000000001,227.8,0.565,0.008028750000000001,3.35,46.56666666666667,-89.22499996666667
2002-06-18,4.202860847482411,300.04999999999995,285.83750000000003,3.8375000000000004,238.65,0.87,0.01064625,4.8125,46.56666666666667,-89.22499996666667
2002-06-26,4.478780403754736,303.48749999999995,289.5375,0.7000000000000001,283.06250000000006,1.0825,0.013096250000000004,4.750000000000001,46.56666666666667,-89.22499996666667
2002-07-04,4.553596802881834,298.95,283.5875,3.2,277.1875,0.73125,0.010208749999999999,3.2750000000000004,46.56666666666667,-89.22499996666667
2002-07-12,4.675112265654155,302.175,286.85,1.0375,290.7,0.91625,0.012082500000000003,3.6,46.56666666666667,-89.22499996666667
2002-07-20,4.37576059121485,300.175,285.4625,6.875,248.6125,0.78125,0.01127875,3.725,46.56666666666667,-89.22499996666667
2002-07-28,4.627581469460791,299.65,286.15000000000003,6.425,223.025,0.67125,0.01172875,3.7625,46.56666666666667,-89.22499996666667
2002-08-05,4.577948671206595,297.9625,283.775,0.16250000000000003,235.51250000000002,0.61375,0.010423750000000002,3.8625000000000003,46.56666666666667,-89.22499996666667
2002-08-13,4.323520135776621,296.04999999999995,282.98750000000007,3.0250000000000004,224.31250000000003,0.55625,0.0092875,5.687500000000001,46.56666666666667,-89.22499996666667
2002-08-21,4.450100820643078,298.2,283.9375,2.9375,206.38750000000002,0.55875,0.01074,3.125,46.56666666666667,-89.22499996666667
2002-08-29,4.47776022072479,297.97499999999997,285.22499999999997,5.1625000000000005,193.26250000000002,0.5650000000000001,0.01104625,4.675,46.56666666666667,-89.22499996666667
2002-09-06,3.8522857968191917,298.52500000000003,285.01250000000005,2.35,181.97500000000002,0.62375,0.01107625,4.25,46.56666666666667,-89.22499996666667
2002-09-14,3.577760220724791,293.75,281.275,3.8,153.1125,0.43250000000000005,0.00867,4.2625,46.56666666666667,-89.22499996666667
2002-09-22,2.7510023365021503,286.2,275.6875,4.425,116.30000000000001,0.2475,0.00563375,3.662500000000001,46.56666666666667,-89.22499996666667
2002-09-30,1.9032133065160495,286.92500000000007,276.0875,15.1125,95.52500000000002,0.27375,0.006316250000000001,4.9750000000000005,46.56666666666667,-89.22499996666667
2002-10-08,1.576837366751378,285.0625,272.675,1.4000000000000001,110.4875,0.2975,0.004678750000000001,5.8375,46.56666666666667,-89.22499996666667
2002-10-16,0.6280363010453223,276.04999999999995,269.4375,2.9625000000000004,71.35000000000001,0.14500000000000002,0.0029812500000000004,4.0875,46.56666666666667,-89.22499996666667
2002-10-24,0.674447645473479,275.3875,268.625,0.825,71.91250000000001,0.09375,0.0030962500000000005,4.0125,46.56666666666667,-89.22499996666667
2002-11-01,0.6001803031718147,276.5125,266.53749999999997,0.23750000000000004,80.0875,0.11125000000000002,0.002975,5.375,46.56666666666667,-89.22499996666667
2002-11-09,0.4261014113519548,276.7,267.03749999999997,1.0625,62.78750000000001,0.16875,0.0028037500000000003,4.1125,46.56666666666667,-89.22499996666667
2002-11-17,0.5742673423016645,274.675,266.775,0.8375,51.6875,0.1225,0.00262625,4.9625,46.56666666666667,-89.22499996666667
2002-11-25,0.5738985886480453,270.6375,263.0625,1.9874999999999998,50.13750000000001,0.08125,0.0020462500000000003,6.537500000000001,46.56666666666667,-89.22499996666667
2002-12-03,0.325826882939238,268.975,259.58750000000003,0.8,65.06250000000001,0.08625000000000001,0.0016150000000000001,6.625,46.56666666666667,-89.22499996666667
2002-12-11,0.3993567179336641,273.97499999999997,264.675,0.9750000000000001,57.4125,0.08250000000000002,0.00260625,5.8500000000000005,46.56666666666667,-89.22499996666667
2002-12-19,0.29972547158728324,271.85,264.8625,0.55,46.6375,0.08,0.0023337500000000003,6.4625,46.56666666666667,-89.22499996666667
2002-12-27,0.44789140253699283,273.96,263.3,0.0,63.1,0.128,0.002196,6.62,46.56666666666667,-89.22499996666667
2003-01-01,0.19972547158728318,272.275,262.7125,0.1875,59.2125,0.14875,0.0018137500000000003,4.875,46.56666666666667,-89.22499996666667
2003-01-09,0.37435342023257673,265.8625,256.6375,1.8625000000000003,61.7,0.09499999999999999,0.0010950000000000003,7.987499999999999,46.56666666666667,-89.22499996666667
2003-01-17,0.299631246346381,261.5625,252.7,1.3375000000000001,70.7625,0.075,0.00073125,7.15,46.56666666666667,-89.22499996666667
2003-01-25,0.27454187071438124,266.7,254.5875,1.8375000000000001,70.575,0.09375,0.0011787500000000001,5.65,46.56666666666667,-89.22499996666667
2003-02-02,0.19972547158728318,267.62500000000006,253.825,4.6125,79.97500000000001,0.1,0.00120375,6.925000000000001,46.56666666666667,-89.22499996666667
2003-02-10,0.19972547158728318,264.675,249.02499999999998,0.2375,106.28750000000002,0.10125,0.0007237500000000002,6.175000000000001,46.56666666666667,-89.22499996666667
2003-02-18,0.19981969682818543,266.475,253.775,0.23750000000000002,107.8625,0.09749999999999999,0.0011337500000000002,5.6625,46.56666666666667,-89.22499996666667
2003-02-26,0.19972547158728318,269.45,252.2125,0.3125,146.3,0.13375,0.0011050000000000003,4.0625,46.56666666666667,-89.22499996666667
2003-03-06,0.19972547158728318,268.58750000000003,253.16250000000002,0.6625000000000001,164.07500000000002,0.13125,0.001055,5.075000000000001,46.56666666666667,-89.22499996666667
2003-03-14,0.20000000000000004,282.8375,268.5125,2.15,170.8,0.36875,0.0029425000000000002,3.5875,46.56666666666667,-89.22499996666667
2003-03-22,0.2257326576983357,281.6,269.325,4.425000000000001,143.63750000000002,0.43,0.002615,5.437500000000001,46.56666666666667,-89.22499996666667
2003-03-30,0.5253639040447167,274.8125,263.98749999999995,2.325,150.6125,0.23625000000000002,0.0018075,5.625000000000002,46.56666666666667,-89.22499996666667
2003-04-07,0.5489895161878602,285.625,268.5125,0.1875,252.95,0.6312500000000001,0.0026987499999999998,5.2250000000000005,46.56666666666667,-89.22499996666667
2003-04-15,0.5749106243680003,283.2,269.75,5.9750000000000005,189.75,0.38375,0.00327625,5.45,46.56666666666667,-89.22499996666667
2003-04-23,0.7513792374657591,288.275,271.75,0.0,270.27500000000003,0.6825000000000001,0.0030475000000000003,3.45,46.56666666666667,-89.22499996666667
2003-05-01,0.7530314514364198,289.5625,272.8625,0.8125,253.55000000000004,0.6799999999999999,0.00360875,3.9250000000000003,46.56666666666667,-89.22499996666667
2003-05-09,1.277111895164095,290.16249999999997,275.775,11.075,223.01250000000002,0.6575,0.00449625,5.2625,46.56666666666667,-89.22499996666667
2003-05-17,1.6534944303309411,292.3,275.3625,1.925,260.0875,0.72,0.0049362500000000005,4.2,46.56666666666667,-89.22499996666667
2003-05-25,2.0769397393022704,292.8125,276.72499999999997,1.425,268.40000000000003,0.8025,0.00488125,3.6624999999999996,46.56666666666667,-89.22499996666667
2003-06-02,3.1246477348518185,294.3875,279.8,1.9500000000000002,229.13750000000002,0.79375,0.006220000000000001,2.4625000000000004,46.56666666666667,-89.22499996666667
2003-06-10,3.803423095112194,297.3,281.3375,2.3625000000000003,248.8375,0.78375,0.00825375,3.0875000000000004,46.56666666666667,-89.22499996666667
2003-06-18,4.0291476055005395,300.15,283.5125,1.75,278.30000000000007,1.045,0.0090725,3.45,46.56666666666667,-89.22499996666667
2003-06-26,4.128504323434203,297.275,281.5375,1.4874999999999998,265.5875,0.7625000000000001,0.00876125,3.8875,46.56666666666667,-89.22499996666667
2003-07-04,3.9546057347861585,297.675,283.3375,1.975,252.05,0.75125,0.009331250000000003,4.2125,46.56666666666667,-89.22499996666667
2003-07-12,3.750580094157579,298.50000000000006,282.3375,1.1875,280.08750000000003,0.8237500000000001,0.00893375,4.1,46.56666666666667,-89.22499996666667
2003-07-20,3.658101717024915,298.7375,283.375,2.025,262.025,0.745,0.010041250000000002,3.7,46.56666666666667,-89.22499996666667
2003-07-28,4.380612920897211,298.04999999999995,284.22499999999997,5.512499999999999,224.025,0.68125,0.009990000000000002,2.3375,46.56666666666667,-89.22499996666667
2003-08-05,4.3537821495480085,298.6375,284.3125,0.125,241.64999999999998,0.68125,0.01035375,2.75,46.56666666666667,-89.22499996666667
2003-08-13,4.3508515187546655,303.2625,287.26250000000005,1.8125,242.125,0.9512499999999999,0.012816250000000001,3.8375,46.56666666666667,-89.22499996666667
2003-08-21,3.833652519643621,299.43749999999994,284.48749999999995,3.075,214.95000000000002,0.8299999999999998,0.010170000000000002,4.3500000000000005,46.56666666666667,-89.22499996666667
2003-08-29,4.0282297950214865,294.7,279.8125,0.1625,213.93750000000003,0.70625,0.0069450000000000015,4.775,46.56666666666667,-89.22499996666667
2003-09-06,3.852401360174434,300.125,285.25,2.9000000000000004,190.78750000000002,0.8600000000000001,0.010493750000000001,4.800000000000001,46.56666666666667,-89.22499996666667
2003-09-14,3.1768505575557273,293.3,279.97499999999997,2.4499999999999997,151.63750000000002,0.59375,0.007102500000000001,5.425000000000001,46.56666666666667,-89.22499996666667
2003-09-22,2.349912370161273,285.8125,275.725,3.0625000000000004,124.05000000000003,0.3075,0.005165,6.275000000000001,46.56666666666667,-89.22499996666667
2003-09-30,1.4995451684154686,283.75,271.1375,2.25,128.88750000000002,0.37374999999999997,0.0038200000000000005,5.5375000000000005,46.56666666666667,-89.22499996666667
2003-10-08,0.8018406644524653,292.0625,277.62499999999994,1.6500000000000001,143.1875,0.6525000000000001,0.006010000000000001,6.3,46.56666666666667,-89.22499996666667
2003-10-16,0.8997254715872832,284.28749999999997,273.0625,0.6125,97.2875,0.3425,0.004166250000000001,3.8750000000000004,46.56666666666667,-89.22499996666667
2003-10-24,0.600274528412717,280.45,270.68749999999994,3.05,60.575,0.1875,0.0037237500000000005,4.125000000000001,46.56666666666667,-89.22499996666667
2003-11-01,0.5999057747590979,273.77500000000003,267.0125,1.0625000000000002,73.05000000000001,0.16374999999999998,0.0023137500000000003,6.237500000000001,46.56666666666667,-89.22499996666667
2003-11-09,0.5,277.5125,268.5,0.9125,67.17500000000001,0.16125000000000003,0.00307375,5.8,46.56666666666667,-89.22499996666667
2003-11-17,0.25110470905304216,277.925,269.525,5.012500000000001,53.050000000000004,0.16125,0.00337125,6.675000000000001,46.56666666666667,-89.22499996666667
2003-11-25,0.3997254715872832,273.1375,265.02500000000003,0.7999999999999999,50.925000000000004,0.08875000000000001,0.00245,6.375000000000001,46.56666666666667,-89.22499996666667
2003-12-03,0.32537205135470654,274.05,264.52500000000003,3.5875000000000004,43.3125,0.11124999999999999,0.0024062500000000004,4.5875,46.56666666666667,-89.22499996666667
2003-12-11,0.37399281388894756,270.8875,261.1875,2.2875,50.525,0.09249999999999999,0.0018950000000000002,5.975,46.56666666666667,-89.22499996666667
2003-12-19,0.5223390480104718,272.9375,260.9,0.4375,60.3625,0.11374999999999999,0.0019787500000000005,5.062500000000001,46.56666666666667,-89.22499996666667
2003-12-27,0.29945094317456644,273.52000000000004,265.6,1.48,44.42,0.1,0.002524,6.8,46.56666666666667,-89.22499996666667
2004-01-01,0.10000000000000002,266.17500000000007,255.27500000000003,1.0875000000000001,62.06250000000001,0.07625000000000001,0.0012687500000000001,6.3625,46.56666666666667,-89.22499996666667
2004-01-09,0.10000000000000002,265.95,256.9,2.7624999999999997,43.575,0.0675,0.0012862499999999999,4.4625,46.56666666666667,-89.22499996666667
2004-01-17,0.1741731170607621,261.86249999999995,252.15,2.1125000000000003,60.512499999999996,0.056249999999999994,0.00087875,6.612500000000001,46.56666666666667,-89.22499996666667
2004-01-25,0.1741731170607621,263.51250000000005,253.27499999999998,1.5750000000000002,70.65,0.0725,0.0009549999999999999,5.849999999999999,46.56666666666667,-89.22499996666667
2004-02-02,0.19972547158728318,271.36249999999995,257.025,1.9125,80.60000000000001,0.1275,0.0015175,5.3125,46.56666666666667,-89.22499996666667
2004-02-10,0.19963124634638094,269.15,254.025,0.4375,100.83750000000002,0.1175,0.00118125,5.1375,46.56666666666667,-89.22499996666667
2004-02-18,0.1993567179336641,274.9625,262.575,3.1625,95.5875,0.13875,0.0022387500000000003,4.025,46.56666666666667,-89.22499996666667
2004-02-26,0.12545812928561884,277.0875,265.2875,1.3875000000000002,110.35,0.16125,0.0026850000000000003,3.575,46.56666666666667,-89.22499996666667
2004-03-05,0.17444764547347896,273.9125,263.075,4.3375,125.41250000000001,0.11625,0.0022675000000000004,5.4,46.56666666666667,-89.22499996666667
2004-03-13,0.27417311706076214,274.575,261.625,2.4625000000000004,125.53750000000001,0.11375,0.00228,6.5625,46.56666666666667,-89.22499996666667
2004-03-21,0.3741731170607622,280.375,265.775,1.725,186.58750000000003,0.23,0.0034375000000000005,5.525,46.56666666666667,-89.22499996666667
2004-03-29,0.4742673423016644,277.8625,265.27500000000003,0.35000000000000003,194.8625,0.22750000000000004,0.0024262500000000005,4.9625,46.56666666666667,-89.22499996666667
2004-04-06,0.5741731170607622,280.02500000000003,268.6625,0.95,150.07500000000002,0.33625,0.00262625,3.0625,46.56666666666667,-89.22499996666667
2004-04-14,0.7741731170607622,289.0625,272.625,7.650000000000001,227.22500000000002,0.57125,0.00425125,4.8500000000000005,46.56666666666667,-89.22499996666667
2004-04-22,0.825458129285619,285.5875,270.03749999999997,1.8875000000000002,208.46250000000003,0.46375000000000005,0.0035425000000000005,4.925,46.56666666666667,-89.22499996666667
2004-04-30,0.9745418707143813,284.83750000000003,271.47499999999997,0.1,237.35,0.48250000000000004,0.0031575000000000006,4.187500000000001,46.56666666666667,-89.22499996666667
2004-05-08,1.0762883099259442,292.06249999999994,275.55,4.425000000000001,233.2375,0.6250000000000001,0.005828750000000001,4.375000000000001,46.56666666666667,-89.22499996666667
2004-05-16,1.4028527001724203,290.40000000000003,277.33750000000003,4.3375,201.4125,0.5525,0.005557500000000001,4.975,46.56666666666667,-89.22499996666667
2004-05-24,1.853674733502756,289.8125,276.275,4.800000000000001,241.08750000000003,0.5,0.005371250000000001,5.137500000000001,46.56666666666667,-89.22499996666667
2004-06-01,2.827212715807172,296.4625,281.0,1.5750000000000002,264.4375,0.80625,0.0078575,4.1625000000000005,46.56666666666667,-89.22499996666667
2004-06-09,3.5546057347861577,295.45,280.45,2.8375,228.68749999999997,0.67125,0.0078775,4.6,46.56666666666667,-89.22499996666667
2004-06-17,3.6577329633712954,293.35,278.81250000000006,2.525,277.0375,0.69125,0.0062587499999999996,5.425000000000001,46.56666666666667,-89.22499996666667
2004-06-25,4.377862593275683,295.2875,279.6,1.1625,286.0125,0.72,0.007206250000000001,4.2125,46.56666666666667,-89.22499996666667
2004-07-03,4.152678992402781,294.16249999999997,280.71250000000003,4.3125,184.27500000000003,0.46875000000000006,0.008636250000000002,3.45,46.56666666666667,-89.22499996666667
2004-07-11,4.5997386623916325,299.2,284.275,1.3000000000000003,274.8875,0.78125,0.01009625,3.5500000000000003,46.56666666666667,-89.22499996666667
2004-07-19,4.497262863182821,298.9875,283.025,0.037500000000000006,282.40000000000003,0.83375,0.009545000000000001,3.4875,46.56666666666667,-89.22499996666667
2004-07-27,4.197352044929364,298.83750000000003,284.2125,2.6125000000000003,257.825,0.78,0.00980875,3.3875,46.56666666666667,-89.22499996666667
2004-08-04,4.026380983259032,292.9625,280.5,7.237500000000001,179.85,0.49125,0.007687500000000001,4.075,46.56666666666667,-89.22499996666667
2004-08-12,3.7772111638993566,294.175,278.91249999999997,0.7999999999999999,226.51250000000002,0.595,0.0071825000000000005,4.8875,46.56666666666667,-89.22499996666667
2004-08-20,3.8787772999391046,296.32500000000005,280.8625,2.775,225.1125,0.6462500000000001,0.008721250000000002,5.012500000000001,46.56666666666667,-89.22499996666667
2004-08-28,3.877493839622064,296.2875,281.83750000000003,1.075,196.8875,0.6174999999999999,0.00905,3.6875000000000004,46.56666666666667,-89.22499996666667
2004-09-05,3.7264833558099237,295.71250000000003,281.9,1.9500000000000002,175.71249999999998,0.60375,0.008672500000000001,4.937500000000001,46.56666666666667,-89.22499996666667
2004-09-13,3.2523963166800742,296.46250000000003,282.91249999999997,3.4125,167.7875,0.7362500000000001,0.008511250000000001,6.1375,46.56666666666667,-89.22499996666667
2004-09-21,2.4801417946927,294.25,280.9,0.625,151.66250000000002,0.65625,0.007407500000000001,4.9875,46.56666666666667,-89.22499996666667
2004-09-29,1.8246345440474683,288.37500000000006,273.3625,2.4375,139.47500000000002,0.5225000000000001,0.00448375,6.9375,46.56666666666667,-89.22499996666667
2004-10-07,1.3019348896933678,289.05,276.6375,0.7250000000000001,129.88750000000002,0.49625,0.005280000000000001,4.6375,46.56666666666667,-89.22499996666667
2004-10-15,1.1508220333303356,281.925,273.11250000000007,3.7,89.88749999999999,0.2075,0.0043775,6.0125,46.56666666666667,-89.22499996666667
2004-10-23,0.6747221738861959,286.02500000000003,276.525,6.125,81.1875,0.225,0.00591875,4.9,46.56666666666667,-89.22499996666667
2004-10-31,0.5002745284127168,281.9375,270.95,0.275,76.7375,0.25625000000000003,0.0036587500000000005,5.5,46.56666666666667,-89.22499996666667
2004-11-08,0.5002745284127168,278.41249999999997,268.2625,0.5750000000000001,81.06250000000001,0.25625000000000003,0.0025987500000000004,5.6875,46.56666666666667,-89.22499996666667
2004-11-16,0.47444764547347895,281.0125,270.76250000000005,1.5750000000000002,68.3125,0.205,0.003832500000000001,5.925,46.56666666666667,-89.22499996666667
2004-11-24,0.4488952909469579,273.8625,267.09999999999997,3.0750000000000006,52.9,0.14875000000000002,0.00235,6.062500000000001,46.56666666666667,-89.22499996666667
2004-12-02,0.44852653729333886,273.0,264.5125,1.9,45.00000000000001,0.08875,0.00241375,5.625000000000002,46.56666666666667,-89.22499996666667
2004-12-10,0.3737101381662408,270.34999999999997,260.9875,3.7,51.150000000000006,0.0875,0.0018650000000000001,7.6625000000000005,46.56666666666667,-89.22499996666667
2004-12-18,0.3737101381662408,263.525,251.5875,1.5375,38.2625,0.056249999999999994,0.0009975,6.525,46.56666666666667,-89.22499996666667
2004-12-26,0.19972547158728318,271.35,258.2666666666667,1.966666666666667,45.48333333333333,0.085,0.0018633333333333332,6.183333333333334,46.56666666666667,-89.22499996666667
2005-01-01,0.19972547158728318,266.675,256.95000000000005,1.2875,74.13749999999999,0.06875,0.0013375,5.2125,46.56666666666667,-89.22499996666667
2005-01-09,0.1745418707143812,264.325,254.975,0.9,70.95,0.06875,0.00122875,6.5625,46.56666666666667,-89.22499996666667
2005-01-17,0.3483462341215242,264.41249999999997,254.0625,2.75,65.7,0.06125,0.00111,5.9125,46.56666666666667,-89.22499996666667
2005-01-25,0.3483462341215242,271.175,259.0,0.25,84.61250000000001,0.09874999999999999,0.0018025000000000003,4.6625000000000005,46.56666666666667,-89.22499996666667
2005-02-02,0.27389858864804534,275.0875,263.04999999999995,1.0875,90.26250000000002,0.14375,0.0022900000000000004,5.3375,46.56666666666667,-89.22499996666667
2005-02-10,0.3483462341215242,272.6,260.075,0.7000000000000001,95.2,0.11124999999999999,0.0019525000000000005,5.837500000000001,46.56666666666667,-89.22499996666667
2005-02-18,0.24844045936242648,270.225,257.7,0.5875,97.4,0.09624999999999999,0.0015925000000000002,4.1375,46.56666666666667,-89.22499996666667
2005-02-26,0.17444764547347896,272.925,256.7125,1.9125000000000003,138.27500000000003,0.14625,0.0015712500000000002,4.875000000000001,46.56666666666667,-89.22499996666667
2005-03-06,0.12555235452652108,271.8375,256.9625,1.0500000000000003,143.8,0.16374999999999998,0.00136,5.5625,46.56666666666667,-89.22499996666667
2005-03-14,0.37407889181985987,274.13750000000005,260.525,0.65,142.6375,0.19124999999999998,0.0016225000000000002,3.1625,46.56666666666667,-89.22499996666667
2005-03-22,0.57407889181986,279.325,262.5375,0.0,200.13750000000005,0.30374999999999996,0.0020700000000000002,3.8,46.56666666666667,-89.22499996666667
2005-03-30,0.6995370211054788,286.51250000000005,271.125,5.6625000000000005,179.375,0.53125,0.0034037500000000005,4.1375,46.56666666666667,-89.22499996666667
2005-04-07,0.799631246346381,290.2125,272.3875,0.1,243.62500000000003,0.8087500000000002,0.00293625,4.875000000000001,46.56666666666667,-89.22499996666667
2005-04-15,0.7512850122248568,291.46250000000003,273.6875,2.1,241.77500000000003,0.7687499999999999,0.004335,4.6125,46.56666666666667,-89.22499996666667
2005-04-23,0.7026642496906158,280.1375,269.47499999999997,0.41250000000000003,176.95000000000002,0.35125,0.0024825000000000003,4.7375,46.56666666666667,-89.22499996666667
2005-05-01,1.0510104838121401,288.5625,273.4375,0.675,237.5,0.7,0.0037225,5.375,46.56666666666667,-89.22499996666667
2005-05-09,1.6019267423833776,286.3125,273.9125,4.175000000000001,176.2125,0.4575000000000001,0.004422499999999999,5.0625,46.56666666666667,-89.22499996666667
2005-05-17,1.5277536253226156,292.1625,279.375,2.5125,208.76250000000002,0.6637500000000001,0.005915000000000001,4.175,46.56666666666667,-89.22499996666667
2005-05-25,2.75102677843212,292.98749999999995,278.1625,0.6125,262.27500000000003,0.7424999999999999,0.005634999999999999,3.5500000000000007,46.56666666666667,-89.22499996666667
2005-06-02,3.4251056702519804,299.5,283.8875,2.6375,263.45,0.9875000000000002,0.00885,4.2875,46.56666666666667,-89.22499996666667
2005-06-10,4.176021928823219,297.2125,284.54999999999995,6.075,244.70000000000005,0.81375,0.0090275,3.8625000000000003,46.56666666666667,-89.22499996666667
2005-06-18,4.400107416045252,300.53749999999997,284.1375,0.0,298.75,1.0699999999999998,0.00920625,4.637500000000001,46.56666666666667,-89.22499996666667
2005-06-26,4.616024894517985,299.52500000000003,284.1,4.8125,280.25000000000006,0.86375,0.009912500000000001,6.1375,46.56666666666667,-89.22499996666667
2005-07-04,4.6979677812501,300.6,284.6875,0.525,296.62500000000006,0.96375,0.010215,3.1000000000000005,46.56666666666667,-89.22499996666667
2005-07-12,3.6509375966855773,302.4625,287.2,0.5,286.875,1.0725,0.011483750000000001,3.625,46.56666666666667,-89.22499996666667
2005-07-20,2.763885047990677,299.73750000000007,284.6125,5.737500000000001,271.07500000000005,1.0025,0.009335,4.000000000000001,46.56666666666667,-89.22499996666667
2005-07-28,4.079797482969051,301.2,286.0125,2.0625,259.075,0.9187500000000001,0.011357500000000001,3.7,46.56666666666667,-89.22499996666667
2005-08-05,4.304149351293812,299.61249999999995,284.47499999999997,2.225,242.025,0.8787499999999999,0.009891250000000002,4.550000000000001,46.56666666666667,-89.22499996666667
2005-08-13,3.7767644796248145,297.1625,283.27500000000003,2.6875,224.7875,0.73,0.008905,4.0125,46.56666666666667,-89.22499996666667
2005-08-21,3.926577581050826,295.6,282.1875,0.45000000000000007,198.61250000000004,0.69125,0.008125,4.4750000000000005,46.56666666666667,-89.22499996666667
2005-08-29,3.7502000893783394,296.07500000000005,281.9875,0.05,193.3,0.66625,0.008495,4.75,46.56666666666667,-89.22499996666667
2005-09-06,3.149920517471263,300.3375,284.65000000000003,3.9125000000000005,192.8375,0.9475,0.01011625,5.187500000000001,46.56666666666667,-89.22499996666667
2005-09-14,2.627212715807172,296.5,280.65000000000003,2.6125000000000003,176.925,0.7649999999999999,0.007723750000000001,4.050000000000001,46.56666666666667,-89.22499996666667
2005-09-22,2.1017464392115635,290.9125,277.0625,3.8625,134.03750000000002,0.41625000000000006,0.006537500000000001,5.2749999999999995,46.56666666666667,-89.22499996666667
2005-09-30,1.550835224134685,294.525,280.9625,15.8625,134.28750000000002,0.65125,0.008150000000000001,5.649999999999999,46.56666666666667,-89.22499996666667
2005-10-08,1.1516537658784758,287.4125,276.125,0.65,122.2125,0.3675,0.005382500000000001,3.9500000000000006,46.56666666666667,-89.22499996666667
2005-10-16,1.025458129285619,283.76250000000005,274.0625,2.8125,106.35000000000002,0.28750000000000003,0.004410000000000001,4.4375,46.56666666666667,-89.22499996666667
2005-10-24,0.7000000000000001,283.7375,273.625,0.5750000000000001,88.62500000000001,0.28625,0.0043675,4.625,46.56666666666667,-89.22499996666667
2005-11-01,0.5745418707143813,282.03749999999997,272.8,0.875,80.25,0.20500000000000002,0.004253750000000001,4.4,46.56666666666667,-89.22499996666667
2005-11-09,0.3745418707143813,280.3375,269.4375,5.525,63.5875,0.2,0.0035675,7.0625,46.56666666666667,-89.22499996666667
2005-11-17,0.37444764547347903,271.975,264.7875,1.8,54.025000000000006,0.06375,0.0025062500000000002,7.35,46.56666666666667,-89.22499996666667
2005-11-25,0.37444764547347903,271.2375,264.3625,2.6999999999999997,42.112500000000004,0.08499999999999999,0.0022862500000000005,5.125,46.56666666666667,-89.22499996666667
2005-12-03,0.3741731170607622,266.125,259.1,0.6125,42.1375,0.08125,0.00132,6.775,46.56666666666667,-89.22499996666667
2005-12-11,0.49706122189666757,269.5375,262.7125,2.0250000000000004,35.475,0.0875,0.0018712500000000003,5.425,46.56666666666667,-89.22499996666667
2005-12-19,1.0193141919762272,271.1875,263.25,0.525,52.2625,0.05125000000000001,0.002355,4.75,46.56666666666667,-89.22499996666667
2005-12-27,0.6707795073728983,272.3,266.12,3.84,40.160000000000004,0.041999999999999996,0.002722,3.5,46.56666666666667,-89.22499996666667
2006-01-01,0.10000000000000002,273.8,266.7375,1.125,54.599999999999994,0.03875000000000001,0.00302,4.324999999999999,46.56666666666667,-89.22499996666667
2006-01-09,0.10000000000000002,273.3375,264.8375,0.3125,63.0375,0.0675,0.0026125000000000002,6.4125,46.56666666666667,-89.22499996666667
2006-01-17,0.10009422524090227,270.975,262.775,2.1875,63.15,0.04125000000000001,0.0022987500000000004,6.075,46.56666666666667,-89.22499996666667
2006-01-25,0.17426734230166435,273.4375,264.425,3.4750000000000005,72.92500000000001,0.07125000000000001,0.0026100000000000003,6.200000000000001,46.56666666666667,-89.22499996666667
2006-02-02,0.2739928138889476,270.5375,259.625,0.8875000000000001,83.92500000000001,0.13375,0.00147875,6.5375000000000005,46.56666666666667,-89.22499996666667
2006-02-10,0.19981969682818543,268.92500000000007,255.1125,0.7000000000000001,91.5875,0.09999999999999999,0.0013175,5.5,46.56666666666667,-89.22499996666667
2006-02-18,0.27389858864804534,267.425,253.57500000000002,1.6375000000000002,116.06250000000001,0.0875,0.00119375,6.625000000000001,46.56666666666667,-89.22499996666667
2006-02-26,0.19972547158728318,272.5125,256.75,0.9625,140.1125,0.14625,0.0015187500000000001,3.462500000000001,46.56666666666667,-89.22499996666667
2006-03-06,0.10000000000000002,278.5375,265.75,4.375,159.27499999999998,0.21375,0.00264125,4.7625,46.56666666666667,-89.22499996666667
2006-03-14,0.20000000000000004,273.725,260.77500000000003,0.0,197.9625,0.1775,0.0016750000000000003,6.0875,46.56666666666667,-89.22499996666667
2006-03-22,0.47444764547347895,279.225,265.8125,0.525,168.9875,0.26875,0.0024775,3.625,46.56666666666667,-89.22499996666667
2006-03-30,0.5996312463463811,280.54999999999995,268.8125,1.375,186.4125,0.3175,0.00278625,4.9875,46.56666666666667,-89.22499996666667
2006-04-07,0.6512850122248568,289.22499999999997,272.4625,0.3125,250.05000000000004,0.74125,0.0035300000000000006,5.25,46.56666666666667,-89.22499996666667
2006-04-15,0.799905774759098,291.73749999999995,275.1875,0.9875,230.375,0.8087500000000001,0.003987500000000001,3.7,46.56666666666667,-89.22499996666667
2006-04-23,0.9254581292856189,289.0375,273.6125,0.6875,222.35000000000002,0.6849999999999999,0.0035362500000000003,5.312500000000001,46.56666666666667,-89.22499996666667
2006-05-01,1.0511907869839545,289.7625,276.2375,1.175,218.68750000000003,0.6425000000000001,0.004633750000000001,4.9125,46.56666666666667,-89.22499996666667
2006-05-09,1.7763743878568568,287.9125,276.78749999999997,7.8875,168.05,0.4625000000000001,0.005216250000000001,5.362500000000001,46.56666666666667,-89.22499996666667
2006-05-17,1.7769234446822904,289.0125,275.02500000000003,1.4,267.1625,0.63125,0.004391250000000001,4.825000000000001,46.56666666666667,-89.22499996666667
2006-05-25,2.8773914670711718,300.31250000000006,285.625,1.7750000000000001,267.7125,1.1187500000000001,0.00927125,3.625,46.56666666666667,-89.22499996666667
2006-06-02,3.7034068004922136,296.5625,280.725,2.275,284.6375,0.91,0.006976250000000001,3.775000000000001,46.56666666666667,-89.22499996666667
2006-06-10,3.2366804794934954,296.97499999999997,280.17499999999995,1.0125,265.90000000000003,0.8949999999999999,0.00763875,3.675,46.56666666666667,-89.22499996666667
2006-06-18,2.9409190125338496,297.725,281.7125,1.0375,277.475,0.95625,0.00745375,4.4,46.56666666666667,-89.22499996666667
2006-06-26,2.5460540179389164,299.175,283.01250000000005,2.0375000000000005,277.425,1.045,0.0081075,4.05,46.56666666666667,-89.22499996666667
2006-07-04,4.154339353683431,298.15000000000003,281.56249999999994,1.0125,275.95,0.9062499999999999,0.0079925,4.075,46.56666666666667,-89.22499996666667
2006-07-12,3.8046072866939733,303.825,287.2875,1.625,287.6375,1.255,0.011348750000000001,4.1375,46.56666666666667,-89.22499996666667
2006-07-20,4.00166850859064,300.875,285.8375,2.3500000000000005,275.1,1.1025,0.009646250000000002,2.9375000000000004,46.56666666666667,-89.22499996666667
2006-07-28,3.7508464752603055,302.225,288.12500000000006,9.249999999999998,241.5125,1.0125,0.012047499999999997,3.7750000000000004,46.56666666666667,-89.22499996666667
2006-08-05,3.9818963812142525,297.7625,282.45000000000005,0.037500000000000006,242.30000000000004,0.6837500000000001,0.009343750000000001,4.312500000000001,46.56666666666667,-89.22499996666667
2006-08-13,3.977493839622064,298.21250000000003,283.07500000000005,3.3375000000000004,234.35000000000005,0.75625,0.00933625,4.7875,46.56666666666667,-89.22499996666667
2006-08-21,3.979514807246344,297.34999999999997,282.5375,2.6375,222.27500000000003,0.73375,0.00875625,3.5875000000000004,46.56666666666667,-89.22499996666667
2006-08-29,3.6286846266060184,296.225,280.5875,0.0,220.15000000000003,0.71,0.007791250000000001,2.9500000000000006,46.56666666666667,-89.22499996666667
2006-09-06,3.2521217882673574,292.11249999999995,276.9375,1.0250000000000001,180.9375,0.49875,0.006617500000000002,3.6375,46.56666666666667,-89.22499996666667
2006-09-14,1.5325412151884032,291.48750000000007,277.78749999999997,2.925,140.0,0.48875,0.006765,5.687500000000001,46.56666666666667,-89.22499996666667
2006-09-22,1.9252778261138044,287.0875,275.70000000000005,2.15,110.07499999999999,0.31625000000000003,0.0055075,5.575000000000001,46.56666666666667,-89.22499996666667
2006-09-30,1.1,291.2,275.95,0.8875000000000001,154.45,0.6375000000000001,0.00515875,5.1125,46.56666666666667,-89.22499996666667
2006-10-08,0.9493582698414793,281.5,270.375,4.475,106.8625,0.32625,0.0033175,7.9625,46.56666666666667,-89.22499996666667
2006-10-16,0.5748163991270981,278.7,270.475,1.6,62.162499999999994,0.14500000000000002,0.0036712500000000005,4.8500000000000005,46.56666666666667,-89.22499996666667
2006-10-24,0.6489895161878602,281.125,269.4875,0.6125,109.6375,0.3025,0.00303625,5.550000000000001,46.56666666666667,-89.22499996666667
2006-11-01,0.574447645473479,279.40000000000003,271.4375,1.3,63.6375,0.23750000000000002,0.0035787500000000003,5.837500000000001,46.56666666666667,-89.22499996666667
2006-11-09,0.3519282942911927,277.4625,269.5875,1.2750000000000001,75.4875,0.16625000000000004,0.00318,4.6625000000000005,46.56666666666667,-89.22499996666667
2006-11-17,0.5,277.525,270.525,0.1625,69.7125,0.17375000000000002,0.0032162500000000004,4.9625,46.56666666666667,-89.22499996666667
2006-11-25,0.4000000000000001,276.59999999999997,267.6875,1.9375,57.0,0.19,0.0028075,5.750000000000001,46.56666666666667,-89.22499996666667
2006-12-03,0.5480717057088075,270.31249999999994,261.1625,1.0,48.35000000000001,0.1075,0.00175,7.075,46.56666666666667,-89.22499996666667
2006-12-11,0.5969669966557652,275.2,267.85,1.7375000000000003,56.31250000000001,0.0875,0.0030425,6.5375000000000005,46.56666666666667,-89.22499996666667
2006-12-19,0.2742673423016644,273.7875,265.8875,2.5,59.3875,0.08750000000000001,0.0026362500000000006,5.925000000000001,46.56666666666667,-89.22499996666667
2006-12-27,0.27389858864804534,273.71999999999997,265.6,4.16,50.8,0.04,0.002998,3.6799999999999997,46.56666666666667,-89.22499996666667
2007-01-01,0.20009422524090228,273.5625,265.4375,1.7000000000000002,72.9375,0.08499999999999999,0.002575,7.0375000000000005,46.56666666666667,-89.22499996666667
2007-01-09,0.3738985886480453,267.2875,258.9875,1.5250000000000001,63.0625,0.07375000000000001,0.0014875000000000003,5.8125,46.56666666666667,-89.22499996666667
2007-01-17,0.32490907246018524,267.8375,257.875,1.0875,66.42500000000001,0.0675,0.0014900000000000002,6.487500000000002,46.56666666666667,-89.22499996666667
2007-01-25,0.4735298349944262,266.25,255.60000000000002,1.3000000000000003,84.10000000000001,0.0675,0.0012650000000000003,5.550000000000002,46.56666666666667,-89.22499996666667
2007-02-02,0.4500926733330872,259.73749999999995,249.0,0.5499999999999999,89.11250000000001,0.0775,0.0005087500000000001,7.525,46.56666666666667,-89.22499996666667
2007-02-10,0.4480717057088074,263.8625,252.3875,0.08750000000000001,103.11250000000001,0.09999999999999999,0.00072875,5.8875,46.56666666666667,-89.22499996666667
2007-02-18,0.4480717057088074,271.7625,258.55,1.6,108.5125,0.16125,0.00141625,5.7125,46.56666666666667,-89.22499996666667
2007-02-26,0.299631246346381,272.6375,261.525,2.3000000000000003,108.86250000000001,0.16999999999999998,0.0016525,6.325000000000001,46.56666666666667,-89.22499996666667
2007-03-06,0.19972547158728318,276.625,263.15,0.6625000000000001,166.8375,0.21750000000000003,0.00224375,5.5,46.56666666666667,-89.22499996666667
2007-03-14,0.17444764547347896,276.0,261.56249999999994,0.7875,179.23749999999998,0.19874999999999998,0.00198875,5.0875,46.56666666666667,-89.22499996666667
2007-03-22,0.274447645473479,286.75,271.59999999999997,1.95,193.0375,0.55375,0.00352125,5.1125,46.56666666666667,-89.22499996666667
2007-03-30,0.5252696788038145,276.9625,265.46250000000003,5.0875,140.03750000000002,0.235,0.00243625,7.975000000000001,46.56666666666667,-89.22499996666667
2007-04-07,0.5001803031718146,276.45000000000005,264.7375,0.7125000000000001,215.675,0.2975,0.00172375,4.887499999999999,46.56666666666667,-89.22499996666667
2007-04-15,0.7253639040447166,289.70000000000005,271.7625,0.36250000000000004,255.825,0.71875,0.0035925,3.8000000000000003,46.56666666666667,-89.22499996666667
2007-04-23,0.9511907869839545,290.6,274.05,2.3375000000000004,276.46250000000003,0.81,0.00343375,3.7875000000000005,46.56666666666667,-89.22499996666667
2007-05-01,1.1509162585712378,292.4125,277.32500000000005,0.225,239.675,0.9,0.00426125,5.6875,46.56666666666667,-89.22499996666667
2007-05-09,1.2530314514364198,293.025,277.8625,2.275,229.26250000000002,0.865,0.00520875,4.1625000000000005,46.56666666666667,-89.22499996666667
2007-05-17,1.9270242653253675,295.1375,277.575,4.0125,259.2,0.895,0.0058625000000000005,6.0875,46.56666666666667,-89.22499996666667
2007-05-25,2.7257458485026858,296.1,281.7125,1.225,250.60000000000002,0.96875,0.006772500000000001,5.137500000000001,46.56666666666667,-89.22499996666667
2007-06-02,3.326483355809924,295.0,279.6375,0.8500000000000001,227.8,0.7875000000000001,0.00677125,5.2875000000000005,46.56666666666667,-89.22499996666667
2007-06-10,4.004144307799453,301.8125,284.8125,3.8875,284.2,1.20125,0.009296249999999999,3.3000000000000003,46.56666666666667,-89.22499996666667
2007-06-18,3.781719181858068,299.59999999999997,282.52500000000003,2.0625000000000004,282.18750000000006,1.06375,0.008260000000000002,5.612500000000001,46.56666666666667,-89.22499996666667
2007-06-26,4.204873667796701,296.75000000000006,280.76250000000005,1.3,266.3125,0.8612500000000001,0.007636250000000001,4.05,46.56666666666667,-89.22499996666667
2007-07-04,3.8036033982840083,300.08750000000003,285.17499999999995,2.5875000000000004,271.98749999999995,1.01125,0.00956125,4.7625,46.56666666666667,-89.22499996666667
2007-07-12,4.325934298984491,296.5625,281.025,2.1625,272.0875,0.79,0.0077225,4.3125,46.56666666666667,-89.22499996666667
2007-07-20,3.5061784662280817,302.59999999999997,285.825,0.6625000000000001,279.45,1.09125,0.0111725,2.7,46.56666666666667,-89.22499996666667
2007-07-28,4.2030430903329545,301.7875,285.35,0.7875000000000001,280.9125,1.1875000000000002,0.009661250000000001,4.175000000000001,46.56666666666667,-89.22499996666667
2007-08-05,3.081075899791732,300.46250000000003,285.0375,0.35,247.6,0.81125,0.010990000000000002,3.1000000000000005,46.56666666666667,-89.22499996666667
2007-08-13,3.531082495193907,296.0875,280.875,0.5750000000000001,239.85,0.7525000000000002,0.007677500000000001,4.4125,46.56666666666667,-89.22499996666667
2007-08-21,3.277227458519337,299.2625,284.3875,3.6625,206.0625,0.8437500000000001,0.00983,3.9875000000000003,46.56666666666667,-89.22499996666667
2007-08-29,3.028049491849672,298.23749999999995,283.1875,1.4000000000000001,209.0125,0.8825000000000001,0.00860375,4.2125,46.56666666666667,-89.22499996666667
2007-09-06,2.3792321315236364,291.4,280.18749999999994,1.4250000000000003,164.78750000000002,0.475,0.007332500000000001,5.800000000000001,46.56666666666667,-89.22499996666667
2007-09-14,1.7533141271591266,293.075,279.3125,6.737500000000001,155.7125,0.54625,0.007485,6.9625,46.56666666666667,-89.22499996666667
2007-09-22,1.5250032977010874,293.48749999999995,279.4625,4.687500000000001,157.75,0.615,0.00704375,5.862500000000001,46.56666666666667,-89.22499996666667
2007-09-30,1.1004629788945215,295.47499999999997,284.4125,12.412500000000001,133.125,0.62125,0.00905,5.35,46.56666666666667,-89.22499996666667
2007-10-08,1.048526537293339,284.6875,274.5875,3.4875000000000003,107.08750000000002,0.26375000000000004,0.0050637500000000005,5.375,46.56666666666667,-89.22499996666667
2007-10-16,0.7745418707143813,287.2125,277.81250000000006,5.812500000000001,83.31250000000001,0.33999999999999997,0.0058000000000000005,6.2749999999999995,46.56666666666667,-89.22499996666667
2007-10-24,0.674447645473479,283.59999999999997,272.41249999999997,0.3375,111.47500000000002,0.35250000000000004,0.0037362500000000004,5.975,46.56666666666667,-89.22499996666667
2007-11-01,0.5747221738861958,277.4375,269.97499999999997,0.3,77.77499999999999,0.22875,0.00278625,6.050000000000001,46.56666666666667,-89.22499996666667
2007-11-09,0.47444764547347895,278.7375,270.65,2.5875,62.7625,0.23375,0.003116250000000001,6.1625000000000005,46.56666666666667,-89.22499996666667
2007-11-17,0.3748163991270981,273.08750000000003,266.9,1.075,54.37499999999999,0.1175,0.0024625000000000007,6.150000000000001,46.56666666666667,-89.22499996666667
2007-11-25,0.3741731170607622,269.1125,261.4375,1.3250000000000002,51.36250000000001,0.07500000000000001,0.0018475000000000002,7.4625,46.56666666666667,-89.22499996666667
2007-12-03,0.34844045936242646,266.3,256.8875,3.3,63.36250000000001,0.06125,0.00133875,6.0125,46.56666666666667,-89.22499996666667
2007-12-11,0.7218842164259404,268.375,257.46250000000003,0.3125,56.425000000000004,0.0675,0.00152125,5.199999999999999,46.56666666666667,-89.22499996666667
2007-12-19,0.49688091872485296,272.3,264.59999999999997,1.7625000000000002,41.0125,0.0625,0.00248625,4.8125,46.56666666666667,-89.22499996666667
2007-12-27,0.17426734230166435,269.23999999999995,259.91999999999996,5.2,54.54,0.066,0.0017660000000000002,3.8,46.56666666666667,-89.22499996666667
2008-01-01,0.10009422524090227,270.925,262.15000000000003,0.7375,58.550000000000004,0.10875,0.0019287500000000003,5.85,46.56666666666667,-89.22499996666667
2008-01-09,0.3480717057088074,271.7625,264.25,1.7125,52.95,0.12125,0.002,4.125000000000001,46.56666666666667,-89.22499996666667
2008-01-17,0.27389858864804534,260.9625,252.98750000000004,2.3625000000000003,71.75,0.065,0.00078125,6.675000000000001,46.56666666666667,-89.22499996666667
2008-01-25,0.27389858864804534,268.04999999999995,254.2625,1.525,75.10000000000001,0.09750000000000002,0.0013025,6.1875,46.56666666666667,-89.22499996666667
2008-02-02,0.3480717057088074,272.0625,256.41249999999997,1.775,87.41250000000001,0.11374999999999999,0.0016200000000000001,4.05,46.56666666666667,-89.22499996666667
2008-02-10,0.34816593094970966,265.08750000000003,249.825,1.5,106.625,0.08625000000000001,0.0009225,5.5125,46.56666666666667,-89.22499996666667
2008-02-18,0.42233904801047173,268.325,253.48749999999995,0.47500000000000003,117.6625,0.11125000000000002,0.0011512500000000001,4.987500000000001,46.56666666666667,-89.22499996666667
2008-02-26,0.2739928138889476,271.27500000000003,254.87499999999997,0.75,136.625,0.1475,0.0012812500000000003,4.8999999999999995,46.56666666666667,-89.22499996666667
2008-03-05,0.19981969682818543,271.42500000000007,255.2375,0.48750000000000004,158.925,0.17375000000000002,0.00122875,4.0,46.56666666666667,-89.22499996666667
2008-03-13,0.10009422524090227,275.11249999999995,261.21250000000003,0.9375,148.41250000000002,0.17875,0.0019487500000000002,4.6,46.56666666666667,-89.22499996666667
2008-03-21,0.12555235452652108,274.5375,259.475,0.5,172.55,0.18125,0.0017150000000000002,4.525,46.56666666666667,-89.22499996666667
2008-03-29,0.22592110818014022,279.34999999999997,265.45,1.6125,202.71250000000003,0.29375,0.00240125,5.387499999999999,46.56666666666667,-89.22499996666667
2008-04-06,0.5996312463463811,278.625,267.375,5.3375,166.77500000000003,0.245,0.0027587500000000004,6.175000000000001,46.56666666666667,-89.22499996666667
2008-04-14,0.7000000000000001,287.775,272.0625,2.0500000000000003,215.0625,0.5275,0.00403125,4.837500000000001,46.56666666666667,-89.22499996666667
2008-04-22,0.7997254715872832,285.1125,271.4625,2.6875,173.9,0.47625,0.00360875,5.8625,46.56666666666667,-89.22499996666667
2008-04-30,0.9486207625342411,287.77500000000003,272.67499999999995,4.4125,206.4375,0.5875,0.0035912500000000007,4.3375,46.56666666666667,-89.22499996666667
2008-05-08,1.0257326576983359,289.08750000000003,274.13750000000005,0.3875,233.38750000000002,0.6475000000000001,0.0038475000000000002,3.8000000000000007,46.56666666666667,-89.22499996666667
2008-05-16,0.9032133065160495,287.55,274.0625,0.6875,229.36250000000004,0.5637500000000001,0.003843750000000001,4.862500000000001,46.56666666666667,-89.22499996666667
2008-05-24,1.99999185269001,293.33750000000003,274.6625,2.975,259.3125,0.73125,0.0052987500000000005,4.2375,46.56666666666667,-89.22499996666667
2008-06-01,2.598258604282797,296.7125,281.77500000000003,2.4625,231.0,0.8500000000000001,0.007677500000000001,4.8875,46.56666666666667,-89.22499996666667
2008-06-09,3.4988076611082306,294.8125,281.1125,2.4250000000000003,229.675,0.73625,0.0072275,5.675,46.56666666666667,-89.22499996666667
2008-06-17,3.9527650703336934,295.8625,281.2375,0.42500000000000004,271.76250000000005,0.86375,0.00691875,3.9125000000000005,46.56666666666667,-89.22499996666667
2008-06-25,3.9051695343237567,299.0625,284.25,3.5875000000000004,258.8625,0.9175000000000002,0.009216250000000002,4.550000000000001,46.56666666666667,-89.22499996666667
2008-07-03,4.751486653511011,298.40000000000003,282.7875,1.625,280.675,0.7975,0.009155,4.3875,46.56666666666667,-89.22499996666667
2008-07-11,3.9344761048817705,299.45,284.5875,4.95,273.625,0.8925000000000001,0.00971375,4.987500000000001,46.56666666666667,-89.22499996666667
2008-07-19,4.649912370161274,298.2625,284.3,2.525,249.475,0.79125,0.009405,3.4875000000000003,46.56666666666667,-89.22499996666667
2008-07-27,4.0099357860752045,299.42499999999995,284.5,2.5125,259.5,0.84,0.009853750000000001,3.125,46.56666666666667,-89.22499996666667
2008-08-04,3.53080796678119,297.625,281.65,0.275,260.28749999999997,0.7762500000000001,0.008572500000000002,3.075,46.56666666666667,-89.22499996666667
2008-08-12,4.452121788267357,298.9375,281.5375,0.23750000000000002,227.01250000000002,0.8612499999999998,0.0087375,3.7125000000000004,46.56666666666667,-89.22499996666667
2008-08-20,4.251941485095542,299.1125,281.32499999999993,1.55,234.0375,0.92125,0.008597500000000001,4.737500000000001,46.56666666666667,-89.22499996666667
2008-08-28,3.7984470547646016,297.6125,283.0625,2.45,205.3,0.7962500000000001,0.009035000000000001,4.9,46.56666666666667,-89.22499996666667
2008-09-05,3.129508211844169,290.66249999999997,279.16249999999997,3.5375,171.01250000000002,0.38875000000000004,0.0069625,4.050000000000001,46.56666666666667,-89.22499996666667
2008-09-13,2.726843962153553,292.25,279.54999999999995,3.4875000000000003,149.225,0.42375000000000007,0.00763375,4.9,46.56666666666667,-89.22499996666667
2008-09-21,1.95101048381214,294.75,281.2,1.975,153.63750000000002,0.5574999999999999,0.00830125,5.05,46.56666666666667,-89.22499996666667
2008-09-29,0.8552358260481444,284.75,275.3375,4.35,113.61250000000001,0.23875000000000002,0.005198750000000001,4.737500000000001,46.56666666666667,-89.22499996666667
2008-10-07,1.1986273579364162,291.42499999999995,278.52500000000003,1.5625,123.1875,0.52125,0.006503750000000001,6.225,46.56666666666667,-89.22499996666667
2008-10-15,0.8746279486452936,283.9,273.0375,0.325,115.7125,0.32625000000000004,0.00402,5.1,46.56666666666667,-89.22499996666667
2008-10-23,0.6746279486452936,281.375,271.5875,3.5375,84.03750000000001,0.26749999999999996,0.0036537500000000003,6.500000000000001,46.56666666666667,-89.22499996666667
2008-10-31,0.574447645473479,286.5125,275.2375,0.5750000000000001,86.25,0.3675,0.0050875,5.15,46.56666666666667,-89.22499996666667
2008-11-08,0.47444764547347895,275.2375,268.11249999999995,3.5500000000000003,55.400000000000006,0.10625,0.0029762500000000006,6.175000000000001,46.56666666666667,-89.22499996666667
2008-11-16,0.29972547158728324,269.925,263.55,0.9625000000000001,58.10000000000001,0.12875,0.0016837500000000001,6.5375000000000005,46.56666666666667,-89.22499996666667
2008-11-24,0.4969669966557653,271.825,265.575,0.7625,61.10000000000001,0.0825,0.00236125,5.0,46.56666666666667,-89.22499996666667
2008-12-02,0.6218760691159505,266.8,257.2875,1.7,41.02500000000001,0.0675,0.00137625,6.5625,46.56666666666667,-89.22499996666667
2008-12-10,0.27389858864804534,265.9,254.125,3.0375,49.5625,0.055,0.0013375,6.4625,46.56666666666667,-89.22499996666667
2008-12-18,0.19972547158728318,265.425,253.25,2.45,52.95000000000001,0.04875,0.00121125,5.45,46.56666666666667,-89.22499996666667
2008-12-26,0.19972547158728318,268.76666666666665,258.3833333333333,2.0,48.416666666666664,0.06166666666666667,0.0017383333333333333,6.616666666666667,46.56666666666667,-89.22499996666667
2009-01-01,0.10000000000000002,267.84999999999997,254.05,2.7625,52.362500000000004,0.09,0.0011875000000000002,6.025,46.56666666666667,-89.22499996666667
2009-01-09,0.1741731170607621,262.5,250.875,1.4250000000000003,65.8875,0.06874999999999999,0.0008100000000000001,5.3375,46.56666666666667,-89.22499996666667
2009-01-17,0.2486207625342411,266.45,253.3375,2.0625000000000004,66.75,0.07625,0.0011687500000000003,5.15,46.56666666666667,-89.22499996666667
2009-01-25,0.17426734230166435,263.45000000000005,249.675,0.8250000000000001,83.5875,0.07625000000000001,0.0008812500000000001,5.5,46.56666666666667,-89.22499996666667
2009-02-02,0.10000000000000002,269.58750000000003,255.1125,0.8,90.15,0.10250000000000001,0.0014700000000000002,4.8875,46.56666666666667,-89.22499996666667
2009-02-10,0.3227938795950031,272.3875,262.225,1.4625000000000001,69.13750000000002,0.11875,0.0020337500000000004,4.300000000000001,46.56666666666667,-89.22499996666667
2009-02-18,0.3480717057088074,269.0625,255.26250000000002,1.3125,94.7,0.1075,0.00129625,4.7125,46.56666666666667,-89.22499996666667
2009-02-26,0.3972415250684821,270.16249999999997,252.89999999999998,1.075,142.85,0.1425,0.001205,4.075,46.56666666666667,-89.22499996666667
2009-03-06,0.32306840800771996,274.125,258.29999999999995,0.8500000000000001,158.82500000000002,0.18000000000000002,0.0016850000000000003,5.0125,46.56666666666667,-89.22499996666667
2009-03-14,0.24898951618786017,281.6125,266.075,0.6000000000000001,196.22500000000002,0.395,0.0023825,4.949999999999999,46.56666666666667,-89.22499996666667
2009-03-22,0.3488952909469579,276.3,265.0625,1.4500000000000002,135.9875,0.21374999999999997,0.0022125,6.3375,46.56666666666667,-89.22499996666667
2009-03-30,0.47444764547347895,275.7375,266.12499999999994,1.05,161.9375,0.2225,0.002115,5.5625,46.56666666666667,-89.22499996666667
2009-04-07,0.574447645473479,281.2875,267.25,0.0,244.96249999999998,0.48250000000000004,0.0017487500000000003,3.7,46.56666666666667,-89.22499996666667
2009-04-15,0.7000000000000001,286.2625,271.875,6.0875,194.3,0.655,0.00275375,4.4,46.56666666666667,-89.22499996666667
2009-04-23,0.800274528412717,289.7,273.0,3.4,235.71250000000003,0.695,0.003775,5.8375,46.56666666666667,-89.22499996666667
2009-05-01,1.1486207625342413,289.925,276.175,1.475,250.6125,0.7512500000000001,0.00392375,4.9,46.56666666666667,-89.22499996666667
2009-05-09,1.3998196968281855,288.5,272.78749999999997,1.85,214.6875,0.58875,0.003931250000000001,6.062500000000001,46.56666666666667,-89.22499996666667
2009-05-17,1.276476760407749,292.2625,275.47499999999997,0.36250000000000004,269.3375,0.7662500000000001,0.00474875,4.825,46.56666666666667,-89.22499996666667
2009-05-25,2.074369714852557,288.26250000000005,274.775,2.025,230.8,0.50875,0.004477500000000001,4.4375,46.56666666666667,-89.22499996666667
2009-06-02,2.773911779452395,289.82500000000005,274.8375,3.175,247.05,0.5937500000000001,0.0046075000000000005,4.4625,46.56666666666667,-89.22499996666667
2009-06-10,3.374460836277829,295.95000000000005,280.08750000000003,0.28750000000000003,272.82500000000005,0.8700000000000001,0.006623750000000001,2.4875000000000003,46.56666666666667,-89.22499996666667
2009-06-18,4.101025226524305,301.06250000000006,286.8125,1.65,250.6,1.0625,0.010335,3.4000000000000004,46.56666666666667,-89.22499996666667
2009-06-26,4.349732066989458,292.1,281.26250000000005,2.8249999999999997,161.56250000000003,0.49625,0.0074887500000000015,5.4125,46.56666666666667,-89.22499996666667
2009-07-04,4.452216013508259,295.9375,280.275,1.3375000000000001,305.11250000000007,0.7825000000000001,0.007246250000000001,4.5,46.56666666666667,-89.22499996666667
2009-07-12,4.128778851846921,294.17499999999995,280.0,2.625,233.91250000000002,0.6775,0.00691625,5.0874999999999995,46.56666666666667,-89.22499996666667
2009-07-20,3.800914706663423,298.01250000000005,283.125,3.825,233.92499999999998,0.795,0.00893,3.825,46.56666666666667,-89.22499996666667
2009-07-28,2.489076796173569,295.03749999999997,280.86249999999995,0.6625000000000001,249.77500000000003,0.6512500000000001,0.0076437499999999995,5.0,46.56666666666667,-89.22499996666667
2009-08-05,3.1317257772602427,297.21250000000003,282.425,4.125,230.6375,0.62875,0.009525,3.7375,46.56666666666667,-89.22499996666667
2009-08-13,2.8326598823592755,299.8125,284.85,4.3,218.1625,0.8762500000000001,0.010301250000000001,4.550000000000001,46.56666666666667,-89.22499996666667
2009-08-21,2.7343849834564993,294.56250000000006,280.1375,3.7,198.04999999999998,0.5362500000000001,0.008140000000000001,3.825,46.56666666666667,-89.22499996666667
2009-08-29,3.9274062097833364,293.6875,278.7625,1.625,201.125,0.62375,0.006866250000000001,3.85,46.56666666666667,-89.22499996666667
2009-09-06,3.6779486712065954,299.04999999999995,283.0125,0.0,194.57500000000005,0.8575000000000002,0.0090925,2.8750000000000004,46.56666666666667,-89.22499996666667
2009-09-14,3.2036813289049304,296.475,279.2125,0.037500000000000006,175.8,0.7137500000000001,0.00768,3.5250000000000004,46.56666666666667,-89.22499996666667
2009-09-22,2.35506056637069,291.77500000000003,278.825,5.612500000000001,122.7625,0.45,0.007350000000000001,5.4625,46.56666666666667,-89.22499996666667
2009-09-30,1.5751851527807172,283.7125,274.575,6.5,108.5625,0.21125000000000002,0.004935,5.387500000000001,46.56666666666667,-89.22499996666667
2009-10-08,1.3762801626159544,278.0625,271.125,0.7875000000000001,96.55000000000001,0.21124999999999997,0.0031337500000000003,5.225,46.56666666666667,-89.22499996666667
2009-10-16,0.8251754535629122,280.23749999999995,271.77500000000003,5.9,77.80000000000001,0.15875,0.00409375,5.3500000000000005,46.56666666666667,-89.22499996666667
2009-10-24,0.4507359553994231,282.675,273.0125,2.1875,82.28750000000001,0.17125,0.004767500000000001,5.5625,46.56666666666667,-89.22499996666667
2009-11-01,0.27656283833866097,280.85,270.775,0.30000000000000004,83.94999999999999,0.27125,0.0034075000000000004,5.7250000000000005,46.56666666666667,-89.22499996666667
2009-11-09,0.39981969682818547,283.425,272.16249999999997,0.0,80.3125,0.385,0.0034087500000000003,5.1625000000000005,46.56666666666667,-89.22499996666667
2009-11-17,0.4255523545265211,282.5625,271.45,0.7500000000000001,66.87500000000001,0.20249999999999999,0.0042337500000000005,3.8500000000000005,46.56666666666667,-89.22499996666667
2009-11-25,0.25147346270666127,275.5875,268.225,1.6375000000000002,47.324999999999996,0.10250000000000001,0.0030612500000000006,4.4625,46.56666666666667,-89.22499996666667
2009-12-03,0.4000000000000001,267.65,260.72499999999997,4.700000000000001,40.150000000000006,0.11375,0.0013512500000000002,6.4375,46.56666666666667,-89.22499996666667
2009-12-11,0.22537205135470653,265.67499999999995,255.79999999999998,1.4875000000000003,48.150000000000006,0.04875,0.0013462500000000002,5.1625000000000005,46.56666666666667,-89.22499996666667
2009-12-19,0.4484404593624265,269.8625,261.375,3.4750000000000005,40.1125,0.03375,0.0021175,4.875000000000001,46.56666666666667,-89.22499996666667
2009-12-27,0.20009422524090228,268.21999999999997,257.41999999999996,1.6600000000000001,53.64,0.06000000000000001,0.0015840000000000003,6.420000000000002,46.56666666666667,-89.22499996666667
2010-01-01,0.20000000000000004,264.475,258.58750000000003,1.2500000000000002,61.72500000000001,0.060000000000000005,0.0013262500000000002,6.074999999999999,46.56666666666667,-89.22499996666667
2010-01-09,0.29972547158728324,270.875,262.17499999999995,0.5875,77.8125,0.13,0.001745,6.187500000000001,46.56666666666667,-89.22499996666667
2010-01-17,0.39715544713756973,273.425,265.15000000000003,0.9625000000000001,77.73750000000001,0.1375,0.002285,4.85,46.56666666666667,-89.22499996666667
2010-01-25,0.24844045936242648,264.3125,252.075,1.3250000000000002,85.85000000000001,0.036250000000000004,0.0012175000000000003,6.075,46.56666666666667,-89.22499996666667
2010-02-02,0.1511989342939444,270.3125,258.9625,1.1,81.7125,0.09,0.00171875,3.8125,46.56666666666667,-89.22499996666667
2010-02-10,0.17426734230166435,270.82500000000005,258.8375,1.5375,93.26250000000002,0.1,0.0017237500000000002,5.625000000000001,46.56666666666667,-89.22499996666667
2010-02-18,0.20000000000000004,273.3875,254.3875,0.6375,103.27500000000002,0.10375000000000001,0.0018425,3.5500000000000003,46.56666666666667,-89.22499996666667
2010-02-26,0.3741731170607622,275.7625,258.95,0.5625,152.8625,0.16,0.002105,4.112500000000001,46.56666666666667,-89.22499996666667
2010-03-06,0.47417311706076215,284.05000000000007,270.27500000000003,1.3125,148.4625,0.3625,0.0035262500000000007,4.0375,46.56666666666667,-89.22499996666667
2010-03-14,0.5254581292856189,284.90000000000003,267.25,0.0,186.60000000000002,0.4637500000000001,0.0029675,4.6,46.56666666666667,-89.22499996666667
2010-03-22,0.5997254715872834,281.5,264.53749999999997,0.0,197.02500000000003,0.41750000000000004,0.0021325000000000003,4.3999999999999995,46.56666666666667,-89.22499996666667
2010-03-30,0.699631246346381,292.09999999999997,273.825,0.35000000000000003,214.1125,0.76875,0.004392500000000001,5.9,46.56666666666667,-89.22499996666667
2010-04-07,0.799631246346381,286.4375,271.1375,0.9375,219.03750000000002,0.6325,0.0029725000000000003,5.0125,46.56666666666667,-89.22499996666667
2010-04-15,0.8000000000000002,287.9625,270.02500000000003,0.1125,267.9625,0.61625,0.00329875,4.7749999999999995,46.56666666666667,-89.22499996666667
2010-04-23,0.9259211081801401,291.02500000000003,272.7,2.9875,260.0125,0.7475,0.003915,5.2,46.56666666666667,-89.22499996666667
2010-05-01,1.1252696788038146,287.6875,273.6125,1.725,235.57500000000002,0.5499999999999999,0.004101250000000001,5.699999999999999,46.56666666666667,-89.22499996666667
2010-05-09,1.7763825351668467,288.7625,274.1875,1.825,216.87500000000003,0.63375,0.00397875,4.3125,46.56666666666667,-89.22499996666667
2010-05-17,1.9060629028728397,300.2,281.6,0.0,279.0375,1.17125,0.007915,3.2625,46.56666666666667,-89.22499996666667
2010-05-25,2.6570846378105997,300.82500000000005,281.825,1.3375000000000001,293.70000000000005,1.1825,0.00814125,3.5249999999999995,46.56666666666667,-89.22499996666667
2010-06-02,2.4319010369376977,292.9375,278.625,5.312500000000001,232.225,0.55375,0.00681625,3.6625,46.56666666666667,-89.22499996666667
2010-06-10,3.5793294605801695,293.3625,283.275,2.925,217.91250000000002,0.43875,0.008868750000000002,3.4125,46.56666666666667,-89.22499996666667
2010-06-18,3.2743666110369265,298.72499999999997,286.12500000000006,5.45,263.95000000000005,0.84625,0.009993750000000003,3.5125,46.56666666666667,-89.22499996666667
2010-06-26,4.328315872952399,297.8625,283.4,1.0125000000000002,284.9125,0.87125,0.008985,4.4750000000000005,46.56666666666667,-89.22499996666667
2010-07-04,4.428590401365117,300.73749999999995,286.95,3.65,253.675,0.8225,0.011632500000000002,3.8875,46.56666666666667,-89.22499996666667
2010-07-12,4.330980122643015,298.9875,285.29999999999995,2.3125,276.675,0.7512500000000001,0.010387500000000001,4.55,46.56666666666667,-89.22499996666667
2010-07-20,3.1097310409734202,299.0,285.225,1.7125000000000001,251.5625,0.7387500000000001,0.010505,3.937500000000001,46.56666666666667,-89.22499996666667
2010-07-28,4.049912370161272,299.76250000000005,286.2875,4.7875,239.18750000000003,0.71875,0.011455,3.7875000000000005,46.56666666666667,-89.22499996666667
2010-08-05,4.003578956354039,300.9375,286.3125,0.5125000000000001,243.91250000000002,0.75625,0.01217875,3.0624999999999996,46.56666666666667,-89.22499996666667
2010-08-13,4.228315872952399,296.675,284.6875,6.5625,220.03750000000002,0.5387500000000001,0.010355000000000001,5.7250000000000005,46.56666666666667,-89.22499996666667
2010-08-21,3.979875413589973,298.925,282.77500000000003,0.0,234.225,0.7750000000000001,0.009722500000000002,4.925,46.56666666666667,-89.22499996666667
2010-08-29,3.879412434695451,295.82500000000005,283.375,3.5250000000000004,189.125,0.6325,0.00962625,5.9375,46.56666666666667,-89.22499996666667
2010-09-06,3.3778544459656925,290.93749999999994,278.225,3.1375,169.53750000000002,0.39125,0.006936250000000001,5.6875,46.56666666666667,-89.22499996666667
2010-09-14,1.757622443510413,288.95,274.48749999999995,4.4125000000000005,150.4375,0.275,0.00622875,4.762500000000001,46.56666666666667,-89.22499996666667
2010-09-22,1.9271103432562797,289.4125,276.55,8.8625,121.75000000000001,0.29125,0.006710000000000001,4.9,46.56666666666667,-89.22499996666667
2010-09-30,1.3749106243680003,289.575,272.9,0.65,146.95000000000002,0.50625,0.0048087500000000005,4.3375,46.56666666666667,-89.22499996666667
2010-10-08,0.9002745284127168,292.52500000000003,275.175,0.0,129.55,0.5862499999999999,0.005995,3.7,46.56666666666667,-89.22499996666667
2010-10-16,0.7001803031718147,285.78749999999997,272.8125,0.6875,114.22500000000002,0.43624999999999997,0.0038675000000000003,5.875,46.56666666666667,-89.22499996666667
2010-10-24,0.7001803031718147,281.775,273.6875,4.25,72.45,0.16499999999999998,0.0048125,7.1,46.56666666666667,-89.22499996666667
2010-11-01,0.5002745284127168,283.5875,270.975,0.2625,102.22500000000002,0.39625,0.0033350000000000003,5.45,46.56666666666667,-89.22499996666667
2010-11-09,0.5002745284127168,281.6375,273.175,2.3249999999999997,64.28750000000001,0.27875000000000005,0.003993750000000001,5.4375,46.56666666666667,-89.22499996666667
2010-11-17,0.4257326576983357,273.3,267.1,1.9000000000000001,57.13750000000001,0.08875,0.00271,6.112500000000001,46.56666666666667,-89.22499996666667
2010-11-25,0.399631246346381,272.98749999999995,264.31249999999994,0.6375,48.95,0.095,0.002447500000000001,7.6875,46.56666666666667,-89.22499996666667
2010-12-03,0.44852653729333886,267.75,260.7875,0.7375,58.1875,0.08249999999999999,0.0015737500000000003,6.2250000000000005,46.56666666666667,-89.22499996666667
2010-12-11,0.27472217388619585,265.425,255.47500000000002,1.25,54.56250000000001,0.028750000000000005,0.0014525,6.437500000000001,46.56666666666667,-89.22499996666667
2010-12-19,1.1659919175071105,270.0875,261.425,0.7625,44.400000000000006,0.0425,0.00214875,4.125,46.56666666666667,-89.22499996666667
2010-12-27,0.6461368160154399,275.12,264.96,1.7,61.82000000000001,0.144,0.0026820000000000004,6.76,46.56666666666667,-89.22499996666667
2011-01-01,0.12555235452652108,267.6125,258.8625,1.45,56.49999999999999,0.10124999999999999,0.00132875,6.8,46.56666666666667,-89.22499996666667
2011-01-09,0.12555235452652108,268.77500000000003,262.325,2.7875,57.962500000000006,0.12500000000000003,0.0015062500000000002,3.9500000000000006,46.56666666666667,-89.22499996666667
2011-01-17,0.10009422524090227,264.875,256.575,1.85,55.587500000000006,0.09375,0.00100875,5.512500000000001,46.56666666666667,-89.22499996666667
2011-01-25,0.20000000000000004,269.5,261.5375,0.07500000000000001,73.7625,0.12,0.0015374999999999998,3.9750000000000005,46.56666666666667,-89.22499996666667
2011-02-02,0.19972547158728318,268.975,257.5375,0.7125000000000001,86.4375,0.12375,0.0013375000000000001,7.0,46.56666666666667,-89.22499996666667
2011-02-10,0.2742673423016644,274.975,261.32500000000005,0.48750000000000004,110.80000000000001,0.19125,0.0020550000000000004,5.8875,46.56666666666667,-89.22499996666667
2011-02-18,0.2742673423016644,272.2,260.4875,0.48750000000000004,109.53750000000001,0.19374999999999998,0.0013675,7.025,46.56666666666667,-89.22499996666667
2011-02-26,0.274447645473479,273.22499999999997,260.2125,0.6125,137.275,0.23375,0.0012887500000000002,5.2875000000000005,46.56666666666667,-89.22499996666667
2011-03-06,0.3234371616613391,277.7,266.58750000000003,1.3375000000000001,119.0125,0.29625000000000007,0.002065,3.45,46.56666666666667,-89.22499996666667
2011-03-14,0.32573265769833576,284.05,269.125,1.7000000000000002,159.3625,0.44375,0.00288625,5.062500000000001,46.56666666666667,-89.22499996666667
2011-03-22,0.4995370211054787,275.625,263.03749999999997,0.125,213.3,0.29125,0.001435,5.0249999999999995,46.56666666666667,-89.22499996666667
2011-03-30,0.57407889181986,281.625,268.8625,2.9250000000000003,158.55,0.42499999999999993,0.0022737500000000006,3.6625000000000005,46.56666666666667,-89.22499996666667
2011-04-07,0.699631246346381,290.15000000000003,271.9875,2.0375,233.2875,0.7062499999999999,0.0037862500000000006,4.7875000000000005,46.56666666666667,-89.22499996666667
2011-04-15,0.7000000000000001,281.05,268.76250000000005,2.9625000000000004,193.65000000000003,0.4325,0.0021825000000000004,6.000000000000001,46.56666666666667,-89.22499996666667
2011-04-23,0.6513792374657591,287.8625,272.7625,3.85,198.72500000000002,0.60375,0.0035625,5.1000000000000005,46.56666666666667,-89.22499996666667
2011-05-01,0.7744476454734791,287.82500000000005,272.28749999999997,0.2625,219.7625,0.6162500000000001,0.0035250000000000004,4.325,46.56666666666667,-89.22499996666667
2011-05-09,1.0997254715872833,292.12500000000006,276.65000000000003,2.6625,221.375,0.6875,0.005602500000000002,5.4750000000000005,46.56666666666667,-89.22499996666667
2011-05-17,1.7510104838121403,295.0625,278.65,3.825,245.50000000000003,0.78625,0.0065450000000000005,3.7,46.56666666666667,-89.22499996666667
2011-05-25,1.751285012224857,294.1875,276.21250000000003,3.0500000000000003,266.75,0.8150000000000001,0.00575375,6.1875,46.56666666666667,-89.22499996666667
2011-06-02,3.229053380259637,300.24999999999994,281.0375,0.675,282.8,1.16125,0.00804,4.8875,46.56666666666667,-89.22499996666667
2011-06-10,3.229053380259637,295.58750000000003,279.58750000000003,1.0125000000000002,232.32500000000002,0.8999999999999999,0.006220000000000001,3.3125000000000004,46.56666666666667,-89.22499996666667
2011-06-18,4.07896070692655,295.9375,283.125,7.925000000000001,187.95,0.7225,0.00826,4.25,46.56666666666667,-89.22499996666667
2011-06-26,3.018571817213388,302.4375,284.86249999999995,0.7125,290.52500000000003,1.205,0.010067500000000002,4.5125,46.56666666666667,-89.22499996666667
2011-07-04,4.200094225240903,303.32500000000005,286.2375,0.275,262.26250000000005,1.165,0.011171250000000002,4.1000000000000005,46.56666666666667,-89.22499996666667
2011-07-12,4.230988269953005,303.58750000000003,287.13750000000005,1.55,245.05,1.1475,0.012475000000000002,3.3500000000000005,46.56666666666667,-89.22499996666667
2011-07-20,4.602034158428629,303.48749999999995,286.0625,2.5250000000000004,266.2375,1.305,0.0107075,4.550000000000001,46.56666666666667,-89.22499996666667
2011-07-28,4.502472695393181,305.17499999999995,287.8,3.725,261.47499999999997,1.4974999999999998,0.011076250000000001,4.0125,46.56666666666667,-89.22499996666667
2011-08-05,4.10928435669888,301.9,285.4625,1.9749999999999999,246.76250000000005,1.2275,0.0095125,4.0875,46.56666666666667,-89.22499996666667
2011-08-13,4.602677440494966,302.225,284.5,2.425,244.7375,1.34125,0.008701249999999999,4.1625000000000005,46.56666666666667,-89.22499996666667
2011-08-21,3.777956818516585,300.8125,283.6,0.9125,225.08750000000003,1.2337500000000001,0.008182499999999999,4.7375,46.56666666666667,-89.22499996666667
2011-08-29,4.054331206373441,299.23749999999995,283.1,1.8125000000000002,181.95000000000002,0.9325000000000002,0.00946,4.0125,46.56666666666667,-89.22499996666667
2011-09-06,3.6519414850955423,300.55,282.75,0.9375000000000001,201.9625,1.2774999999999999,0.007766250000000001,3.4875,46.56666666666667,-89.22499996666667
2011-09-14,3.1287788518469206,290.1875,276.5875,2.6875,140.76250000000002,0.525,0.005535000000000001,5.425000000000001,46.56666666666667,-89.22499996666667
2011-09-22,2.150555652227609,290.9125,278.95,5.4375,111.8125,0.33625,0.007496250000000001,3.6000000000000005,46.56666666666667,-89.22499996666667
2011-09-30,1.325552354526521,295.0125,277.8,0.36250000000000004,151.18750000000003,0.97,0.00548375,4.125000000000001,46.56666666666667,-89.22499996666667
2011-10-08,0.9259211081801401,294.025,281.4125,4.8375,114.76250000000002,0.82625,0.006838750000000001,6.362500000000001,46.56666666666667,-89.22499996666667
2011-10-16,0.5748163991270981,283.3,273.54999999999995,1.8250000000000002,88.2125,0.32125000000000004,0.00398875,6.925000000000001,46.56666666666667,-89.22499996666667
2011-10-24,0.6999057747590978,282.47499999999997,272.5125,1.7875000000000003,86.01250000000002,0.295,0.0037287500000000003,3.4000000000000004,46.56666666666667,-89.22499996666667
2011-11-01,0.5257326576983357,284.7125,272.6,0.1375,96.37500000000003,0.43,0.00355125,6.05,46.56666666666667,-89.22499996666667
2011-11-09,0.5002745284127168,280.5,270.775,1.8250000000000002,62.037499999999994,0.29500000000000004,0.0031200000000000004,6.5375000000000005,46.56666666666667,-89.22499996666667
2011-11-17,0.47444764547347895,277.2,267.65000000000003,1.8750000000000002,72.51250000000002,0.225,0.00255,5.362500000000001,46.56666666666667,-89.22499996666667
2011-11-25,0.4254581292856189,276.81250000000006,267.6625,1.4875000000000003,61.575,0.1575,0.0029300000000000003,5.15,46.56666666666667,-89.22499996666667
2011-12-03,0.5502729765049018,271.075,262.79999999999995,0.4375,53.0125,0.1325,0.0017975,6.6625,46.56666666666667,-89.22499996666667
2011-12-11,0.6241715651529471,274.4875,265.3125,4.275,40.73750000000001,0.12125,0.0025349999999999995,5.300000000000002,46.56666666666667,-89.22499996666667
2011-12-19,1.37775711690916,272.225,262.8375,0.35000000000000003,54.7625,0.09,0.0021512500000000004,6.112500000000001,46.56666666666667,-89.22499996666667
2011-12-27,0.6774775450020837,271.9599999999999,261.74,1.06,52.4,0.08600000000000001,0.002102,4.34,46.56666666666667,-89.22499996666667
2012-01-01,0.20000000000000004,272.45,263.66249999999997,2.1500000000000004,58.0625,0.1225,0.002115,6.9624999999999995,46.56666666666667,-89.22499996666667
2012-01-09,0.299631246346381,272.1125,263.775,1.5875000000000001,71.80000000000001,0.13,0.00204125,5.700000000000001,46.56666666666667,-89.22499996666667
2012-01-17,0.4247206219783807,267.775,257.575,3.4375,74.525,0.09,0.00143625,6.487500000000001,46.56666666666667,-89.22499996666667
2012-01-25,0.299631246346381,273.225,263.0125,1.0375,82.11250000000001,0.1325,0.0020825,5.65,46.56666666666667,-89.22499996666667
2012-02-02,0.15110470905304216,275.0,262.8375,0.8125,108.51250000000002,0.16374999999999998,0.00211875,5.2250000000000005,46.56666666666667,-89.22499996666667
2012-02-10,0.225183600872902,272.98749999999995,261.51250000000005,0.275,96.1875,0.155,0.00183625,6.1875,46.56666666666667,-89.22499996666667
2012-02-18,0.27417311706076214,274.65,264.4,0.9000000000000001,85.3125,0.1875,0.002015,4.787500000000001,46.56666666666667,-89.22499996666667
2012-02-26,0.47417311706076215,275.7,265.3,2.0625000000000004,95.16250000000001,0.22,0.0020575000000000003,4.575,46.56666666666667,-89.22499996666667
2012-03-05,0.5,280.6125,267.35,2.75,151.125,0.36,0.00253875,6.362500000000001,46.56666666666667,-89.22499996666667
2012-03-13,0.6997254715872833,296.0875,276.9875,0.0,199.50000000000003,1.015,0.005435000000000001,5.3875,46.56666666666667,-89.22499996666667
2012-03-21,0.4024839465188012,289.88749999999993,275.25,2.2625,156.275,0.6275000000000001,0.004838750000000001,5.300000000000001,46.56666666666667,-89.22499996666667
2012-03-29,0.8000000000000002,286.075,271.625,0.7375,207.975,0.5075000000000001,0.0033775000000000003,4.3875,46.56666666666667,-89.22499996666667
2012-04-06,0.6508301806403255,285.7625,270.6125,0.43750000000000006,226.8125,0.6137499999999999,0.0025824999999999997,4.7125,46.56666666666667,-89.22499996666667
2012-04-14,0.8979790323757203,286.8125,271.575,3.375,187.02500000000003,0.5225,0.0036937500000000004,5.275,46.56666666666667,-89.22499996666667
2012-04-22,0.7768373667513778,287.0,270.7875,0.41250000000000003,280.48750000000007,0.66125,0.0025675000000000003,3.825,46.56666666666667,-89.22499996666667
2012-04-30,1.477206120404997,294.05,277.95,4.5874999999999995,208.38750000000002,0.7737499999999999,0.005966250000000001,4.062500000000001,46.56666666666667,-89.22499996666667
2012-05-08,1.8045049141430811,295.1125,276.73749999999995,0.30000000000000004,278.475,1.0212500000000002,0.004665000000000001,4.2625,46.56666666666667,-89.22499996666667
2012-05-16,2.155798073677928,297.9125,279.3375,2.3125,262.83750000000003,1.1624999999999999,0.00607125,5.4875,46.56666666666667,-89.22499996666667
2012-05-24,3.12997119073869,295.9625,280.15000000000003,5.562500000000001,253.25,0.875,0.0070825,4.975,46.56666666666667,-89.22499996666667
2012-06-01,3.5037026670192706,297.5875,280.27500000000003,0.3875,277.55,1.05,0.006486250000000001,2.7875,46.56666666666667,-89.22499996666667
2012-06-09,4.276484907717739,299.9375,283.18749999999994,2.4625000000000004,273.0,1.1387500000000002,0.008440000000000001,5.7875,46.56666666666667,-89.22499996666667
2012-06-17,4.253305979849137,300.13750000000005,283.8125,10.075,251.65000000000003,0.9725,0.009405,5.049999999999999,46.56666666666667,-89.22499996666667
2012-06-25,4.455609623196123,302.525,284.28749999999997,2.625,298.29999999999995,1.38375,0.008792500000000002,3.4875000000000003,46.56666666666667,-89.22499996666667
2012-07-03,4.601393980177924,303.825,287.5625,5.237500000000001,298.90000000000003,1.22125,0.011771250000000004,2.7749999999999995,46.56666666666667,-89.22499996666667
2012-07-11,4.526569433740836,304.21250000000003,286.6625,1.725,279.1,1.3725,0.010770000000000004,3.6500000000000004,46.56666666666667,-89.22499996666667
2012-07-19,4.42675788422264,303.825,286.625,4.5375,260.84999999999997,1.3125,0.010727500000000001,3.5125,46.56666666666667,-89.22499996666667
2012-07-27,3.8812643502735367,303.66249999999997,286.3125,0.7000000000000001,274.6625,1.30375,0.010588750000000001,3.7375000000000007,46.56666666666667,-89.22499996666667
2012-08-04,4.02713478518625,298.8375,283.075,3.0500000000000003,239.25000000000003,0.8837500000000001,0.008995000000000001,5.1125,46.56666666666667,-89.22499996666667
2012-08-12,3.5495711622532538,298.1625,282.07500000000005,2.1375,238.52500000000003,0.99875,0.00752,4.2875,46.56666666666667,-89.22499996666667
2012-08-20,3.8523963166800743,303.0,284.3125,0.7375,227.4125,1.535,0.0082225,4.812500000000001,46.56666666666667,-89.22499996666667
2012-08-28,3.5521217882673572,304.92500000000007,285.275,1.1500000000000001,218.925,1.7475,0.008698750000000002,3.6375,46.56666666666667,-89.22499996666667
2012-09-05,2.950281123814892,297.2375,281.5875,3.3875,170.11249999999998,0.94625,0.0073275000000000015,5.237500000000001,46.56666666666667,-89.22499996666667
2012-09-13,2.3989018863491336,292.75,277.2875,3.8625000000000007,156.3375,0.7324999999999999,0.00564125,5.4625,46.56666666666667,-89.22499996666667
2012-09-21,1.7506417301585213,289.375,275.92500000000007,1.35,136.65,0.6,0.00464875,4.875,46.56666666666667,-89.22499996666667
2012-09-29,1.0988076611082305,291.4875,275.675,0.45,149.96250000000003,0.7225,0.0049425,5.300000000000001,46.56666666666667,-89.22499996666667
2012-10-07,1.025458129285619,283.9,272.52500000000003,1.3875000000000002,110.77500000000002,0.42125,0.0033575,6.5,46.56666666666667,-89.22499996666667
2012-10-15,0.7001803031718147,288.775,276.0375,3.2874999999999996,105.80000000000001,0.42875,0.00545,3.6875000000000004,46.56666666666667,-89.22499996666667
2012-10-23,0.5254581292856189,284.6625,273.875,7.55,95.45,0.3837500000000001,0.0045825,5.025,46.56666666666667,-89.22499996666667
2012-10-31,0.5257326576983357,278.05,269.525,0.07500000000000001,85.2625,0.2125,0.0029125000000000006,4.2625,46.56666666666667,-89.22499996666667
2012-11-08,0.4254581292856189,280.4625,270.67500000000007,3.3000000000000003,56.400000000000006,0.23500000000000001,0.00354,6.400000000000001,46.56666666666667,-89.22499996666667
2012-11-16,0.4254581292856189,282.9875,271.575,1.975,70.75000000000001,0.33625,0.0036050000000000006,5.725000000000001,46.56666666666667,-89.22499996666667
2012-11-24,0.4258268829392379,273.5375,266.28749999999997,1.1625,54.7375,0.18374999999999997,0.00205375,6.462500000000001,46.56666666666667,-89.22499996666667
2012-12-02,0.325826882939238,276.6875,267.8375,0.4625,66.78750000000001,0.19625,0.00273375,5.9,46.56666666666667,-89.22499996666667
2012-12-10,0.34844045936242646,274.175,266.75,0.7625000000000001,46.775,0.13125,0.00249,5.137500000000001,46.56666666666667,-89.22499996666667
2012-12-18,0.4230765553177099,271.95,264.325,2.475,53.8125,0.12,0.0020625,4.775,46.56666666666667,-89.22499996666667
2012-12-26,0.15137923746575901,270.51666666666665,263.23333333333335,0.16666666666666666,44.38333333333333,0.10666666666666665,0.0018483333333333336,3.9500000000000006,46.56666666666667,-89.22499996666667
2013-01-01,0.3256465797674234,272.01250000000005,263.225,0.05,70.3125,0.14375,0.00186,5.875000000000001,46.56666666666667,-89.22499996666667
2013-01-09,0.5484404593624265,272.9625,263.15000000000003,0.8750000000000001,65.80000000000001,0.16625,0.0019525000000000002,7.800000000000001,46.56666666666667,-89.22499996666667
2013-01-17,0.4484404593624265,263.125,254.4625,2.6375,55.62500000000001,0.0725,0.0009812500000000001,6.662500000000001,46.56666666666667,-89.22499996666667
2013-01-25,0.1745418707143812,269.5,260.925,4.4875,63.41250000000001,0.1,0.0017324999999999999,5.6375,46.56666666666667,-89.22499996666667
2013-02-02,0.1003687536536191,268.075,256.8125,1.05,77.375,0.11875,0.0011862500000000002,4.2875,46.56666666666667,-89.22499996666667
2013-02-10,0.10009422524090227,272.2125,261.1125,3.0500000000000003,87.35,0.13999999999999999,0.00179625,5.2749999999999995,46.56666666666667,-89.22499996666667
2013-02-18,0.025826882939237912,273.775,260.775,1.8000000000000003,109.625,0.17125,0.0018175,5.075,46.56666666666667,-89.22499996666667
2013-02-26,0.09972547158728318,274.825,263.8375,0.21250000000000002,147.3125,0.20124999999999996,0.0019237500000000001,5.4375,46.56666666666667,-89.22499996666667
2013-03-06,0.10000000000000002,276.175,265.475,3.4625000000000004,136.4375,0.21249999999999997,0.0022162500000000003,5.425,46.56666666666667,-89.22499996666667
2013-03-14,0.10009422524090227,273.9125,261.06249999999994,2.7875000000000005,154.27500000000003,0.17500000000000002,0.00177,6.2875,46.56666666666667,-89.22499996666667
2013-03-22,0.10000000000000002,278.45000000000005,266.3375,0.0,163.71250000000003,0.29625,0.00216625,4.1375,46.56666666666667,-89.22499996666667
2013-03-30,0.10000000000000002,277.52500000000003,265.9,2.3625,175.4875,0.255,0.0022562500000000004,6.137499999999999,46.56666666666667,-89.22499996666667
2013-04-07,0.274447645473479,278.7625,267.9,5.5375,157.2625,0.2575,0.0026237500000000006,5.275,46.56666666666667,-89.22499996666667
2013-04-15,0.49990577475909775,279.33750000000003,268.4,7.0125,148.875,0.29,0.0026200000000000004,6.3125,46.56666666666667,-89.22499996666667
2013-04-23,0.6000000000000002,291.45,273.825,1.8624999999999998,248.91250000000002,0.84375,0.00407875,4.75,46.56666666666667,-89.22499996666667
2013-05-01,0.9250893756319998,289.6875,274.0125,1.6625,197.4,0.6900000000000001,0.00443,3.6750000000000007,46.56666666666667,-89.22499996666667
2013-05-09,0.825835030249228,289.125,273.96250000000003,1.5125,250.275,0.6362500000000001,0.00424875,5.525,46.56666666666667,-89.22499996666667
2013-05-17,1.3770258172331824,293.1375,278.25,6.675000000000001,217.475,0.66375,0.006515000000000001,4.3125,46.56666666666667,-89.22499996666667
2013-05-25,1.5791410100983643,297.3375,280.2375,4.2,267.11250000000007,0.9737499999999999,0.007080000000000001,4.075000000000001,46.56666666666667,-89.22499996666667
2013-06-02,2.2310693043895573,291.3,278.3125,3.0125000000000006,185.00000000000003,0.59625,0.0058025,3.125,46.56666666666667,-89.22499996666667
2013-06-10,3.2018406644524653,298.8,282.7625,1.5375,278.6625,0.9500000000000001,0.008400000000000001,3.325,46.56666666666667,-89.22499996666667
2013-06-18,4.048351277615884,301.15000000000003,284.81250000000006,4.5,256.6875,1.0474999999999999,0.010107500000000002,3.6375,46.56666666666667,-89.22499996666667
2013-06-26,4.204136160489463,299.675,283.9375,2.8,277.02500000000003,0.9625,0.00931625,3.0250000000000004,46.56666666666667,-89.22499996666667
2013-07-04,3.9552408695425045,302.45,287.02500000000003,8.1125,287.1375,1.055,0.011477500000000002,4.1875,46.56666666666667,-89.22499996666667
2013-07-12,3.386773152826583,303.9375,289.15,2.3875,249.75000000000003,1.075,0.013268750000000001,4.9,46.56666666666667,-89.22499996666667
2013-07-20,3.403409904307844,296.67500000000007,280.65000000000003,3.5625,240.475,0.72875,0.008386250000000001,4.275,46.56666666666667,-89.22499996666667
2013-07-28,3.580354687104474,296.65,281.7625,2.4125,222.0625,0.8712500000000001,0.007407500000000002,4.175,46.56666666666667,-89.22499996666667
2013-08-05,3.25468366540708,297.6375,281.08750000000003,2.2,213.725,0.93,0.007370000000000001,3.5999999999999996,46.56666666666667,-89.22499996666667
2013-08-13,2.464334836080849,301.95000000000005,281.57500000000005,0.0,240.58750000000003,1.5025,0.00708875,4.05,46.56666666666667,-89.22499996666667
2013-08-21,3.2377785931443626,306.525,287.775,6.675,216.95,1.7287500000000002,0.01112375,3.8625,46.56666666666667,-89.22499996666667
2013-08-29,4.103955857317648,299.5375,282.8,1.5375,206.83749999999998,0.9737500000000001,0.00904625,3.8249999999999997,46.56666666666667,-89.22499996666667
2013-09-06,3.7521217882673574,299.6,283.025,1.1750000000000003,169.11249999999998,1.0274999999999999,0.008896250000000001,4.175,46.56666666666667,-89.22499996666667
2013-09-14,2.9017464392115633,295.3,278.3125,1.7374999999999998,157.70000000000002,0.7000000000000001,0.007464999999999999,5.075,46.56666666666667,-89.22499996666667
2013-09-22,1.5602037190857467,297.625,278.1,0.775,168.48750000000004,1.0675,0.006016250000000001,5.025,46.56666666666667,-89.22499996666667
2013-09-30,1.7025700244497137,293.15,280.01250000000005,5.9625,125.89999999999998,0.79,0.005876250000000001,6.0375000000000005,46.56666666666667,-89.22499996666667
2013-10-08,1.1511047090530422,293.36250000000007,278.1375,1.9500000000000002,132.41250000000002,0.8437500000000001,0.005331250000000001,5.65,46.56666666666667,-89.22499996666667
2013-10-16,0.5745418707143813,281.6875,272.6375,3.875,86.80000000000001,0.22999999999999998,0.00404625,4.987500000000001,46.56666666666667,-89.22499996666667
2013-10-24,0.6003687536536192,281.04999999999995,272.25,2.4375,65.14999999999999,0.25125,0.0037550000000000005,5.3875,46.56666666666667,-89.22499996666667
2013-11-01,0.4745418707143812,280.33750000000003,271.85,3.0875000000000004,63.975,0.20125,0.003755,5.800000000000001,46.56666666666667,-89.22499996666667
2013-11-09,0.4745418707143812,278.65000000000003,269.3625,4.8125,69.98750000000001,0.23124999999999998,0.0029912500000000004,7.862500000000001,46.56666666666667,-89.22499996666667
2013-11-17,0.3256465797674234,274.92499999999995,266.6125,1.0625,53.45,0.1125,0.0029037500000000005,7.800000000000001,46.56666666666667,-89.22499996666667
2013-11-25,0.3742673423016644,272.925,265.5625,0.55,43.1,0.11,0.00235,5.55,46.56666666666667,-89.22499996666667
2013-12-03,0.20018845048180453,267.52500000000003,258.6875,3.7625,41.91250000000001,0.06375,0.0016875000000000002,8.375,46.56666666666667,-89.22499996666667
2013-12-11,0.19981969682818543,265.6875,257.275,0.9125000000000001,44.45,0.058750000000000004,0.0013275,6.425000000000001,46.56666666666667,-89.22499996666667
2013-12-19,0.17426734230166435,268.38749999999993,260.66249999999997,1.7375000000000003,45.7625,0.06375,0.00175625,5.0,46.56666666666667,-89.22499996666667
2013-12-27,0.17426734230166435,267.38,254.74,0.6200000000000001,51.839999999999996,0.06399999999999999,0.001526,5.76,46.56666666666667,-89.22499996666667
2014-01-01,0.07426734230166435,258.3125,245.53750000000002,1.35,63.05000000000001,0.026250000000000002,0.0007512500000000002,6.7125,46.56666666666667,-89.22499996666667
2014-01-09,0.1741731170607621,269.4125,261.3375,2.0625,61.025,0.13,0.00158,5.525000000000001,46.56666666666667,-89.22499996666667
2014-01-17,0.1741731170607621,263.09999999999997,253.60000000000002,2.4750000000000005,68.275,0.06125,0.00101,5.700000000000001,46.56666666666667,-89.22499996666667
2014-01-25,0.17426734230166435,260.1625,248.57500000000002,1.7125000000000001,79.60000000000001,0.05250000000000001,0.0007250000000000001,6.400000000000001,46.56666666666667,-89.22499996666667
2014-02-02,0.12555235452652108,263.5375,248.0625,0.0,100.05000000000001,0.065,0.00081,4.812499999999999,46.56666666666667,-89.22499996666667
2014-02-10,0.19972547158728318,264.85,250.38750000000005,2.2,89.76250000000002,0.07125000000000001,0.0010287500000000002,4.625,46.56666666666667,-89.22499996666667
2014-02-18,0.10009422524090227,269.27500000000003,257.225,3.1500000000000004,101.2625,0.11875000000000002,0.0015450000000000004,6.800000000000001,46.56666666666667,-89.22499996666667
2014-02-26,0.10000000000000002,261.375,242.5,0.55,135.45000000000002,0.053750000000000006,0.0006437500000000001,5.1,46.56666666666667,-89.22499996666667
2014-03-06,0.10000000000000002,274.7875,259.1,0.2,154.98749999999998,0.20125,0.0017900000000000004,5.1000000000000005,46.56666666666667,-89.22499996666667
2014-03-14,0.10000000000000002,272.2875,258.25,3.075,147.2375,0.11125,0.0019287500000000001,4.525,46.56666666666667,-89.22499996666667
2014-03-22,0.025826882939237912,270.8125,254.2375,1.475,171.2125,0.12000000000000002,0.0015925000000000002,4.75,46.56666666666667,-89.22499996666667
2014-03-30,0.09972547158728318,280.1,263.8125,3.825,164.28750000000002,0.30000000000000004,0.0025062500000000002,5.400000000000001,46.56666666666667,-89.22499996666667
2014-04-07,0.12545812928561884,281.0875,266.97499999999997,1.0,167.4125,0.31375000000000003,0.0029187500000000003,4.800000000000001,46.56666666666667,-89.22499996666667
2014-04-15,0.22555235452652114,280.8875,266.73749999999995,4.075,215.16250000000002,0.3725,0.0027225,4.6375,46.56666666666667,-89.22499996666667
2014-04-23,0.47619408468504193,280.9125,271.7,4.4375,168.65,0.32625000000000004,0.00310375,5.55,46.56666666666667,-89.22499996666667
2014-05-01,0.8232568584895246,285.59999999999997,274.61249999999995,5.4375,173.82500000000002,0.435,0.00417125,4.0125,46.56666666666667,-89.22499996666667
2014-05-09,1.3503672017458042,287.9,274.3875,2.5875000000000004,232.5875,0.40499999999999997,0.005297500000000001,5.3500000000000005,46.56666666666667,-89.22499996666667
2014-05-17,1.9500926733330874,293.8125,277.53749999999997,2.225,264.675,0.8137500000000001,0.005462500000000001,4.4,46.56666666666667,-89.22499996666667
2014-05-25,2.3992787873127424,300.85,282.875,0.6875,283.4,1.2000000000000002,0.008378750000000003,3.725,46.56666666666667,-89.22499996666667
2014-06-02,3.2498150411047404,295.8125,279.225,3.8000000000000003,245.28750000000002,0.645,0.0078525,3.95,46.56666666666667,-89.22499996666667
2014-06-10,3.676301500730294,296.52500000000003,281.4375,2.375,261.125,0.8325,0.00764625,4.925,46.56666666666667,-89.22499996666667
2014-06-18,4.051311393833556,296.06249999999994,283.6625,2.725,234.42500000000004,0.5350000000000001,0.009712499999999999,3.6625000000000005,46.56666666666667,-89.22499996666667
2014-06-26,4.5014719107988475,298.77500000000003,284.1,3.4000000000000004,252.425,0.9012500000000001,0.009347500000000002,5.5625,46.56666666666667,-89.22499996666667
2014-07-04,4.028315872952399,296.97499999999997,283.3,5.725,261.77500000000003,0.6925000000000001,0.009425,4.75,46.56666666666667,-89.22499996666667
2014-07-12,3.315694675110998,295.25,282.05,1.3250000000000002,255.87500000000006,0.6187500000000001,0.00844375,4.275,46.56666666666667,-89.22499996666667
2014-07-20,4.254573145546199,297.975,283.925,3.9000000000000004,250.39999999999998,0.6175,0.010542500000000002,4.325,46.56666666666667,-89.22499996666667
2014-07-28,3.7099357860752047,296.925,280.9,0.5750000000000001,250.8625,0.56625,0.0092025,3.0000000000000004,46.56666666666667,-89.22499996666667
2014-08-05,3.908829525114348,298.025,282.5875,1.9000000000000001,245.8625,0.6924999999999999,0.00953375,2.6625,46.56666666666667,-89.22499996666667
2014-08-13,3.112411585284016,294.2625,281.125,1.3375000000000001,209.1125,0.39625,0.009012500000000001,3.025,46.56666666666667,-89.22499996666667
2014-08-21,3.5085549967016307,296.275,284.71250000000003,4.975,203.3,0.48999999999999994,0.0105,3.8500000000000005,46.56666666666667,-89.22499996666667
2014-08-29,3.728959155018735,294.47499999999997,283.2875,7.5625,177.85000000000002,0.32000000000000006,0.01051375,4.612500000000001,46.56666666666667,-89.22499996666667
2014-09-06,2.931168573124819,290.275,277.65,7.55,152.3625,0.47000000000000003,0.0065474999999999995,5.0375000000000005,46.56666666666667,-89.22499996666667
2014-09-14,2.131434954227546,290.33750000000003,276.1375,0.5125000000000001,149.33750000000003,0.385,0.00649625,5.2875,46.56666666666667,-89.22499996666667
2014-09-22,1.5557899263679378,294.8375,278.4375,1.3875,145.03750000000002,0.6637500000000001,0.007413750000000002,4.200000000000001,46.56666666666667,-89.22499996666667
2014-09-30,1.2763825351668467,284.73749999999995,275.90000000000003,5.3500000000000005,119.03750000000001,0.2525,0.005436250000000001,5.825000000000001,46.56666666666667,-89.22499996666667
2014-10-08,1.0002745284127168,284.525,273.88750000000005,3.35,119.2,0.30124999999999996,0.0045312500000000006,5.725,46.56666666666667,-89.22499996666667
2014-10-16,0.9001803031718146,283.04999999999995,273.26250000000005,2.3375,101.56250000000001,0.19125,0.0047462500000000005,4.4125000000000005,46.56666666666667,-89.22499996666667
2014-10-24,0.600274528412717,283.08750000000003,273.0375,1.7625000000000002,84.65,0.2575,0.004501250000000001,6.025,46.56666666666667,-89.22499996666667
2014-11-01,0.574447645473479,278.4125,271.15,2.25,81.3875,0.21625000000000005,0.00322625,5.7625,46.56666666666667,-89.22499996666667
2014-11-09,0.47417311706076215,270.3125,261.54999999999995,5.1,67.075,0.03875000000000001,0.00224125,6.700000000000001,46.56666666666667,-89.22499996666667
2014-11-17,0.4488952909469579,270.59999999999997,262.3875,4.8875,45.3125,0.10625000000000001,0.00217,7.2,46.56666666666667,-89.22499996666667
2014-11-25,0.3483462341215242,267.275,256.7125,0.7,55.93750000000001,0.052500000000000005,0.0017225,5.937500000000001,46.56666666666667,-89.22499996666667
2014-12-03,0.47334953182261164,270.8375,260.325,0.47500000000000003,56.074999999999996,0.07875,0.00197,5.2625,46.56666666666667,-89.22499996666667
2014-12-11,0.39669246824304844,274.5875,267.11249999999995,3.5500000000000003,54.7375,0.12125,0.00283125,4.7375,46.56666666666667,-89.22499996666667
2014-12-19,0.39669246824304844,273.225,269.36249999999995,2.8625,33.862500000000004,0.1175,0.0027524999999999997,4.6625000000000005,46.56666666666667,-89.22499996666667
2014-12-27,0.2480717057088074,264.14,251.52000000000004,1.2200000000000002,42.879999999999995,0.018000000000000002,0.001396,6.3,46.56666666666667,-89.22499996666667
2015-01-01,0.09981969682818542,261.675,250.9125,2.5125,50.8125,0.05,0.00097625,7.7250000000000005,46.56666666666667,-89.22499996666667
2015-01-09,0.19972547158728318,264.325,252.00000000000003,0.1,70.26249999999999,0.08750000000000001,0.0009637500000000001,6.25,46.56666666666667,-89.22499996666667
2015-01-17,0.10000000000000002,272.2,266.3375,0.5875,65.85000000000001,0.15125,0.00208125,4.9,46.56666666666667,-89.22499996666667
2015-01-25,0.10009422524090227,268.0,260.2625,0.575,74.1625,0.08000000000000002,0.0016412500000000003,4.9625,46.56666666666667,-89.22499996666667
2015-02-02,0.10009422524090227,266.3875,253.5375,0.425,72.81250000000001,0.07625,0.00119625,5.000000000000001,46.56666666666667,-89.22499996666667
2015-02-10,0.17426734230166435,262.95,251.16249999999997,2.0625,80.16250000000001,0.05750000000000001,0.0009662500000000002,5.4750000000000005,46.56666666666667,-89.22499996666667
2015-02-18,0.17445579278346884,261.1875,243.95,1.0750000000000002,102.00000000000001,0.049999999999999996,0.0007175,5.7875,46.56666666666667,-89.22499996666667
2015-02-26,0.17426734230166435,265.7,248.2,0.3875,141.6125,0.07250000000000001,0.0010012500000000002,5.75,46.56666666666667,-89.22499996666667
2015-03-06,0.24844045936242648,280.8625,264.7125,0.0,145.5375,0.3675,0.00236875,4.862500000000001,46.56666666666667,-89.22499996666667
2015-03-14,0.34862076253424107,279.475,266.625,1.35,147.175,0.27875,0.0026112500000000003,5.275,46.56666666666667,-89.22499996666667
2015-03-22,0.47417311706076215,275.09999999999997,261.3625,1.8375000000000001,173.78750000000002,0.20625000000000004,0.0019000000000000002,5.1375,46.56666666666667,-89.22499996666667
2015-03-30,0.5996312463463811,281.075,267.125,0.43750000000000006,211.06250000000003,0.36249999999999993,0.0025375000000000003,5.0874999999999995,46.56666666666667,-89.22499996666667
2015-04-07,0.7252778261138043,284.8,270.5125,2.4375,197.2375,0.5237499999999999,0.00304125,6.0875,46.56666666666667,-89.22499996666667
2015-04-15,0.8255523545265212,285.5625,272.0375,2.4375,192.37500000000003,0.59375,0.0032362500000000004,5.9625,46.56666666666667,-89.22499996666667
2015-04-23,0.9252778261138043,286.16249999999997,269.51250000000005,0.0,268.075,0.53375,0.0029949999999999994,3.825,46.56666666666667,-89.22499996666667
2015-05-01,1.151379237465759,295.4125,278.2875,1.625,245.2125,0.9075,0.0058175000000000015,4.6,46.56666666666667,-89.22499996666667
2015-05-09,1.676468613097759,288.175,275.05,2.9750000000000005,221.80000000000004,0.45,0.005057500000000001,4.075,46.56666666666667,-89.22499996666667
2015-05-17,2.1512850122248572,291.3,274.9125,3.7125000000000004,253.28750000000002,0.685,0.00511875,5.0875,46.56666666666667,-89.22499996666667
2015-05-25,3.278317424860214,293.53749999999997,278.1625,4.4625,253.0,0.5725,0.007177500000000001,4.0125,46.56666666666667,-89.22499996666667
2015-06-02,3.9736453983496682,295.92500000000007,280.56250000000006,4.4375,243.5625,0.6837500000000001,0.007867500000000001,4.3,46.56666666666667,-89.22499996666667
2015-06-10,4.278137121688401,294.5125,281.075,2.2,225.08750000000003,0.49624999999999997,0.008440000000000001,2.9500000000000006,46.56666666666667,-89.22499996666667
2015-06-18,4.2530477460564,296.1875,280.96250000000003,2.3375,242.175,0.6325,0.0084475,3.4250000000000007,46.56666666666667,-89.22499996666667
2015-06-26,4.102406015897879,296.45,280.41249999999997,2.925,259.8125,0.625,0.00865375,3.1625000000000005,46.56666666666667,-89.22499996666667
2015-07-04,4.548084896513156,298.075,282.8625,2.225,277.9,0.625,0.01028625,3.875,46.56666666666667,-89.22499996666667
2015-07-12,3.709115304652685,299.1125,285.325,1.9375000000000002,267.27500000000003,0.6787500000000001,0.011248750000000002,3.825,46.56666666666667,-89.22499996666667
2015-07-20,4.650006595402176,301.0375,284.40000000000003,0.6500000000000001,288.0625,0.91625,0.01054625,4.0249999999999995,46.56666666666667,-89.22499996666667
2015-07-28,4.373263453891699,297.8875,284.21250000000003,2.5875000000000004,241.35000000000002,0.7300000000000001,0.009675000000000001,5.65,46.56666666666667,-89.22499996666667
2015-08-05,3.8805299467819285,297.1624999999999,284.075,2.4,226.61250000000004,0.555,0.01028125,3.5375000000000005,46.56666666666667,-89.22499996666667
2015-08-13,4.030065415979593,298.3375,285.475,3.3875,195.71250000000003,0.63,0.011433750000000001,4.5875,46.56666666666667,-89.22499996666667
2015-08-21,4.121722147552836,293.5375,280.575,1.7,180.225,0.44999999999999996,0.008422500000000001,6.012500000000001,46.56666666666667,-89.22499996666667
2015-08-29,3.7522160135082596,300.0875,287.34999999999997,3.2125000000000004,201.0625,0.61375,0.012695,4.1375,46.56666666666667,-89.22499996666667
2015-09-06,2.9525847671618783,295.0625,279.775,3.6874999999999996,181.575,0.45625,0.0091225,4.2125,46.56666666666667,-89.22499996666667
2015-09-14,2.7498262922303605,296.875,283.025,1.625,176.56249999999997,0.69625,0.0091225,5.7,46.56666666666667,-89.22499996666667
2015-09-22,2.1214344283357685,294.26250000000005,281.25,0.7,147.7375,0.48500000000000004,0.008590000000000002,4.2875,46.56666666666667,-89.22499996666667
2015-09-30,1.6246345440474685,287.92499999999995,273.8125,1.6375000000000002,146.1625,0.39374999999999993,0.0049525,3.6999999999999997,46.56666666666667,-89.22499996666667
2015-10-08,1.2997254715872832,289.2125,276.2,1.6624999999999999,119.63749999999999,0.4525,0.0058175,6.25,46.56666666666667,-89.22499996666667
2015-10-16,0.7255523545265211,285.53749999999997,272.63749999999993,1.7375,106.05,0.40750000000000003,0.004138750000000001,5.937500000000001,46.56666666666667,-89.22499996666667
2015-10-24,0.42527782611380427,282.16249999999997,275.21250000000003,7.237500000000001,67.65,0.16125,0.004956250000000001,5.025,46.56666666666667,-89.22499996666667
2015-11-01,0.5003687536536191,286.5,274.8625,0.36250000000000004,82.3625,0.29625,0.00543875,6.187500000000001,46.56666666666667,-89.22499996666667
2015-11-09,0.4258268829392379,283.97499999999997,271.6375,6.1625,69.575,0.32625000000000004,0.00406,5.65,46.56666666666667,-89.22499996666667
2015-11-17,0.4002745284127169,276.575,268.9,2.125,52.06250000000001,0.13625,0.0034275,7.612500000000001,46.56666666666667,-89.22499996666667
2015-11-25,0.3003687536536192,274.91249999999997,266.5375,2.0875,51.25000000000001,0.11625,0.002865,4.7,46.56666666666667,-89.22499996666667
2015-12-03,0.399631246346381,278.86249999999995,271.22499999999997,2.0250000000000004,68.7125,0.22375,0.0032475000000000004,5.612500000000001,46.56666666666667,-89.22499996666667
2015-12-11,0.44916981935967476,274.175,269.575,6.0875,34.7875,0.10375000000000001,0.0030862500000000005,7.050000000000001,46.56666666666667,-89.22499996666667
2015-12-19,0.4980651103066327,272.8125,267.5375,3.725,52.78750000000001,0.10875,0.002545,5.5125,46.56666666666667,-89.22499996666667
2015-12-27,0.42306840800772,269.14,264.55999999999995,0.4800000000000001,52.9,0.05800000000000001,0.00211,5.6,46.56666666666667,-89.22499996666667
2016-01-01,0.19972547158728318,271.68750000000006,264.72499999999997,1.7750000000000001,57.30000000000001,0.10375,0.0021837500000000004,5.562500000000001,46.56666666666667,-89.22499996666667
2016-01-09,0.24844045936242648,263.6,255.025,3.0624999999999996,46.75,0.049999999999999996,0.0013862500000000001,5.949999999999999,46.56666666666667,-89.22499996666667
2016-01-17,0.24844045936242648,265.0375,257.1875,0.8375000000000001,64.17500000000001,0.01625,0.001465,4.8125,46.56666666666667,-89.22499996666667
2016-01-25,0.20000000000000004,273.0125,262.9625,2.825,69.22500000000001,0.11375,0.0022725,5.475,46.56666666666667,-89.22499996666667
2016-02-02,0.19972547158728318,270.03749999999997,261.92499999999995,3.7125,68.975,0.10375,0.00201,6.1625000000000005,46.56666666666667,-89.22499996666667
2016-02-10,0.1741731170607621,265.6375,254.07500000000002,1.1500000000000001,98.68750000000001,0.06625,0.00113875,5.987500000000002,46.56666666666667,-89.22499996666667
2016-02-26,0.1741731170607621,272.2625,258.1125,1.0375,130.3625,0.13000000000000003,0.0017975,5.1000000000000005,46.56666666666667,-89.22499996666667
2016-03-05,0.17444764547347896,282.9125,271.0375,0.0,169.15,0.34500000000000003,0.0034850000000000003,4.550000000000001,46.56666666666667,-89.22499996666667
2016-03-13,0.24898951618786017,277.1625,268.2,4.9125000000000005,137.4375,0.19875,0.00311,4.525,46.56666666666667,-89.22499996666667
2016-03-21,0.37444764547347903,276.825,266.1,2.225,156.425,0.155,0.0026625000000000004,3.8875,46.56666666666667,-89.22499996666667
2016-03-29,0.49963124634638095,275.45000000000005,264.9375,2.6625,141.5875,0.1825,0.00253375,4.862500000000001,46.56666666666667,-89.22499996666667
2016-04-06,0.625458129285619,275.47499999999997,266.8625,1.9500000000000002,164.625,0.1825,0.0023724999999999996,5.475,46.56666666666667,-89.22499996666667
2016-04-14,0.7510104838121399,293.75,275.0875,0.1,216.26250000000002,0.8950000000000001,0.004633750000000001,4.15,46.56666666666667,-89.22499996666667
2016-04-22,0.9241797124629368,283.875,271.65000000000003,4.5125,215.88750000000005,0.38750000000000007,0.0034312500000000007,4.562499999999999,46.56666666666667,-89.22499996666667
2016-04-30,1.076837366751378,290.75,272.1875,1.1875,245.8125,0.6925,0.004355,4.5375,46.56666666666667,-89.22499996666667
2016-05-08,1.3024839465188014,287.6375,275.45,1.4875,202.7625,0.5399999999999999,0.00441125,4.824999999999999,46.56666666666667,-89.22499996666667
2016-05-16,1.5787722564447453,295.2,275.125,0.0625,284.5,0.855,0.005215,3.4125,46.56666666666667,-89.22499996666667
2016-05-24,2.3784977280320287,295.73749999999995,283.6625,11.7625,223.30000000000004,0.63,0.0089875,3.9874999999999994,46.56666666666667,-89.22499996666667
2016-06-01,2.9827118191424127,291.8375,279.4375,5.025,251.22500000000002,0.45499999999999996,0.007155000000000001,4.55,46.56666666666667,-89.22499996666667
2016-06-09,4.102849596356791,296.5,282.1125,2.225,251.37500000000006,0.5549999999999999,0.009130000000000001,3.9375,46.56666666666667,-89.22499996666667
2016-06-17,4.6250164885054375,299.7375,283.7,0.3375,291.90000000000003,0.8625,0.009665,4.2625,46.56666666666667,-89.22499996666667
2016-06-25,4.800091121425273,295.88750000000005,281.2625,4.65,267.0625,0.6787500000000001,0.00868,5.050000000000001,46.56666666666667,-89.22499996666667
2016-07-03,4.8976203657108215,297.40000000000003,284.95000000000005,5.4375,260.71250000000003,0.43374999999999997,0.011045000000000001,3.3875,46.56666666666667,-89.22499996666667
2016-07-11,4.671699257530681,297.9625,285.1375,6.4125000000000005,263.2875,0.6699999999999999,0.011078750000000002,5.4625,46.56666666666667,-89.22499996666667
2016-07-19,3.7098415608343025,303.05,287.4875,2.825,286.13750000000005,0.815,0.013205000000000001,4.3374999999999995,46.56666666666667,-89.22499996666667
2016-07-27,4.700562247629784,299.1875,283.975,1.2875,226.8375,0.435,0.01203875,2.9875,46.56666666666667,-89.22499996666667
2016-08-04,3.4047794425557982,298.8875,285.4875,4.65,233.825,0.51625,0.012318750000000002,4.0375000000000005,46.56666666666667,-89.22499996666667
2016-08-12,4.0447773647562055,297.8125,285.45,5.0875,209.01250000000002,0.52,0.011541250000000001,3.0249999999999995,46.56666666666667,-89.22499996666667
2016-08-20,4.0781289743784095,295.5625,283.55,7.1000000000000005,186.8625,0.4475,0.00991875,5.2875,46.56666666666667,-89.22499996666667
2016-08-28,3.702502180817511,296.5125,282.0,2.9625,209.3875,0.46,0.00986875,4.050000000000001,46.56666666666667,-89.22499996666667
2016-09-05,3.2303317970823193,295.05,284.475,11.475000000000001,157.525,0.50375,0.01034875,5.125000000000001,46.56666666666667,-89.22499996666667
2016-09-13,2.953400205090039,293.875,280.025,1.05,161.175,0.34125000000000005,0.0086075,4.9875,46.56666666666667,-89.22499996666667
2016-09-21,2.302381573967909,289.55,280.8875,4.325000000000001,104.92500000000001,0.22999999999999998,0.008225,5.725000000000001,46.56666666666667,-89.22499996666667
2016-09-29,1.4522028227039097,291.6,278.6375,1.625,144.5375,0.39375,0.007442500000000001,4.075,46.56666666666667,-89.22499996666667
2016-10-07,1.2257326576983358,285.09999999999997,275.0375,2.35,115.63750000000002,0.22,0.00530125,6.7625,46.56666666666667,-89.22499996666667
2016-10-15,0.9747221738861959,285.8125,274.91249999999997,4.0875,116.86250000000001,0.27875,0.00586625,4.7,46.56666666666667,-89.22499996666667
2016-10-23,0.42665046817738844,281.175,272.5,1.2,84.9625,0.1025,0.004815000000000001,4.1625000000000005,46.56666666666667,-89.22499996666667
2016-10-31,0.6747221738861959,288.8875,272.8875,0.5875,101.275,0.41625,0.005222500000000001,5.137499999999999,46.56666666666667,-89.22499996666667
2016-11-08,0.6004548315845316,284.05,270.925,0.275,87.25,0.31375000000000003,0.004038750000000001,6.3625,46.56666666666667,-89.22499996666667
2016-11-16,0.600274528412717,276.0625,267.4875,3.2625,63.5125,0.11125000000000002,0.0033174999999999997,5.4125,46.56666666666667,-89.22499996666667
2016-11-24,0.574447645473479,276.2875,271.41249999999997,2.6500000000000004,47.925000000000004,0.08374999999999999,0.0037875000000000005,4.625,46.56666666666667,-89.22499996666667
2016-12-02,0.4743534202325767,271.8375,266.52500000000003,2.1125000000000003,39.525000000000006,0.12875,0.0024675000000000005,6.550000000000001,46.56666666666667,-89.22499996666667
2016-12-10,0.44834623412152425,262.91249999999997,253.68750000000003,2.4375000000000004,43.05,0.03625,0.0012375,7.4,46.56666666666667,-89.22499996666667
2016-12-18,0.8193060446662369,271.8875,262.275,2.225,52.25000000000001,0.11875000000000001,0.0019412500000000003,7.6,46.56666666666667,-89.22499996666667
2016-12-26,0.44816593094970963,270.06666666666666,261.2,2.1833333333333336,40.43333333333333,0.08333333333333333,0.0020466666666666667,7.249999999999999,46.56666666666667,-89.22499996666667
2017-01-01,0.19981969682818543,264.34999999999997,256.00000000000006,1.2000000000000002,48.2,0.052500000000000005,0.001365,6.7625,46.56666666666667,-89.22499996666667
2017-01-09,0.2995451684154687,268.05000000000007,253.62500000000006,2.3875,75.11250000000001,0.08625,0.00130875,6.050000000000001,46.56666666666667,-89.22499996666667
2017-01-17,0.19981969682818543,277.0125,268.91249999999997,1.9125000000000003,64.35,0.18000000000000002,0.00291625,3.2,46.56666666666667,-89.22499996666667
2017-01-25,0.19981969682818543,269.3125,262.91249999999997,1.425,66.7125,0.0675,0.00203125,5.987500000000001,46.56666666666667,-89.22499996666667
2017-02-02,0.19972547158728318,266.3125,256.875,2.95,89.01249999999999,0.06625,0.00132875,7.1125,46.56666666666667,-89.22499996666667
2017-02-10,0.19981969682818543,275.3875,262.96250000000003,0.0625,94.77500000000002,0.195,0.00212625,6.2124999999999995,46.56666666666667,-89.22499996666667
2017-02-18,0.20009422524090228,278.72499999999997,268.375,4.7625,113.0,0.285,0.0028225000000000004,6.1,46.56666666666667,-89.22499996666667
2017-02-26,0.27454187071438124,272.725,257.5375,0.5625000000000001,123.625,0.09625,0.0020587500000000007,6.5625,46.56666666666667,-89.22499996666667
2017-03-06,0.3000000000000001,270.2875,259.78749999999997,0.6125,140.35000000000002,0.13,0.0017675000000000002,8.200000000000001,46.56666666666667,-89.22499996666667
2017-03-14,0.47417311706076215,275.15,262.1125,0.9375000000000001,157.925,0.185,0.0021175,5.324999999999999,46.56666666666667,-89.22499996666667
2017-03-22,0.525183600872902,277.5125,268.08750000000003,1.1500000000000001,159.29999999999998,0.20500000000000002,0.0028375000000000006,3.4625000000000004,46.56666666666667,-89.22499996666667
2017-03-30,0.6252778261138044,282.6,269.8625,0.275,203.1375,0.33625,0.00325375,4.3375,46.56666666666667,-89.22499996666667
2017-04-07,0.6255523545265212,286.53749999999997,269.6,3.9625,206.125,0.45375,0.003942500000000001,4.575,46.56666666666667,-89.22499996666667
2017-04-15,0.6998196968281855,284.45,272.84999999999997,3.95,218.66250000000002,0.32875,0.0043525000000000005,4.887500000000001,46.56666666666667,-89.22499996666667
2017-04-23,0.8000000000000002,282.625,271.38750000000005,8.4625,188.2625,0.38,0.0037387500000000008,5.4750000000000005,46.56666666666667,-89.22499996666667
2017-05-01,0.851379237465759,285.28749999999997,271.41249999999997,0.675,235.3,0.4725,0.0034100000000000003,3.9,46.56666666666667,-89.22499996666667
2017-05-09,1.2766570635795635,291.51249999999993,277.4875,2.8625000000000003,232.825,0.6287500000000001,0.005525,3.5,46.56666666666667,-89.22499996666667
2017-05-17,2.253314127159127,285.775,275.36249999999995,8.925,181.38750000000002,0.28750000000000003,0.005345,4.562500000000001,46.56666666666667,-89.22499996666667
2017-05-25,2.729602437085071,292.15,279.0125,2.125,217.95000000000002,0.6225,0.006215,4.825,46.56666666666667,-89.22499996666667
2017-06-02,3.69965258446072,297.9375,280.225,1.125,284.4875,0.74875,0.00852625,3.15,46.56666666666667,-89.22499996666667
2017-06-10,4.051949632405533,300.0625,285.5625,7.9375,253.37500000000003,0.83375,0.010688750000000002,5.2625,46.56666666666667,-89.22499996666667
2017-06-18,4.595801039372695,292.16249999999997,281.26250000000005,5.8875,219.925,0.48,0.007518750000000001,4.425,46.56666666666667,-89.22499996666667
2017-06-26,4.575752443904861,293.325,282.0375,2.2625,234.85000000000002,0.46125,0.008342500000000001,3.6500000000000004,46.56666666666667,-89.22499996666667
2017-07-04,4.5019480804977166,299.26250000000005,284.425,3.0875000000000004,266.75,0.595,0.011395,3.6125,46.56666666666667,-89.22499996666667
2017-07-12,4.678317424860214,296.83750000000003,282.175,1.275,271.075,0.47750000000000004,0.01038375,3.8000000000000007,46.56666666666667,-89.22499996666667
2017-07-20,4.327565174840811,298.65,284.17499999999995,0.037500000000000006,283.3,0.64375,0.01076125,3.5375,46.56666666666667,-89.22499996666667
2017-07-28,4.375833478341413,297.45,282.6875,6.0625,227.4125,0.5700000000000001,0.0104975,4.0,46.56666666666667,-89.22499996666667
2017-08-05,4.427315088358064,296.01250000000005,281.04999999999995,5.0625,242.7125,0.555,0.00891125,3.262500000000001,46.56666666666667,-89.22499996666667
2017-08-13,4.078874628995639,296.85,282.6375,3.3375000000000004,206.925,0.41625,0.010577500000000002,3.6750000000000003,46.56666666666667,-89.22499996666667
2017-08-21,3.6523265333691413,292.78749999999997,280.0875,3.1250000000000004,196.90000000000003,0.35250000000000004,0.008395,3.6500000000000004,46.56666666666667,-89.22499996666667
2017-08-29,3.954519656855246,292.35,279.23749999999995,4.062500000000001,186.4125,0.3312500000000001,0.008183750000000002,4.5875,46.56666666666667,-89.22499996666667
2017-09-06,3.3293360559823437,293.15,277.825,0.75,184.675,0.4325,0.00781625,3.9250000000000003,46.56666666666667,-89.22499996666667
2017-09-14,2.580895596619918,295.7625,282.33750000000003,2.1125000000000003,162.22500000000002,0.4,0.01021875,4.175000000000001,46.56666666666667,-89.22499996666667
2017-09-22,2.3273069410480742,295.125,283.0625,3.3625000000000003,134.63750000000002,0.42500000000000004,0.010441250000000001,4.7250000000000005,46.56666666666667,-89.22499996666667
2017-09-30,1.5515645841319332,290.1375,278.375,5.325,120.92500000000003,0.34875,0.0070550000000000005,5.3125,46.56666666666667,-89.22499996666667
2017-10-08,1.2750048496089026,286.85,273.42500000000007,2.5,139.47500000000002,0.28750000000000003,0.0053325000000000004,4.987500000000001,46.56666666666667,-89.22499996666667
2017-10-16,0.9747221738861959,291.475,277.9375,1.55,121.6375,0.62375,0.0058000000000000005,6.899999999999999,46.56666666666667,-89.22499996666667
2017-10-24,0.7743534202325768,276.8375,270.375,11.512500000000001,64.98750000000001,0.07250000000000001,0.0037500000000000007,7.250000000000002,46.56666666666667,-89.22499996666667
2017-11-01,0.600274528412717,274.7,268.4,1.8750000000000002,76.175,0.11624999999999999,0.00284,6.075000000000001,46.56666666666667,-89.22499996666667
2017-11-09,0.6000000000000002,272.5375,266.88750000000005,2.175,71.15,0.08125,0.0026762500000000002,5.9375,46.56666666666667,-89.22499996666667
2017-11-17,0.47417311706076215,275.0125,266.7625,1.7750000000000004,62.66250000000001,0.1325,0.0027524999999999997,7.137499999999999,46.56666666666667,-89.22499996666667
2017-11-25,0.4000000000000001,278.9625,267.65000000000003,0.0,64.47500000000001,0.25,0.0027150000000000004,6.8500000000000005,46.56666666666667,-89.22499996666667
2017-12-03,0.20000000000000004,270.5125,263.7,4.4875,47.5625,0.0925,0.002225,7.450000000000001,46.56666666666667,-89.22499996666667
2017-12-11,0.29990577475909785,267.375,261.0,3.5375000000000005,42.7625,0.04375,0.0018325000000000001,5.4,46.56666666666667,-89.22499996666667
2017-12-19,0.20000000000000004,265.15,256.45,1.3750000000000002,44.237500000000004,0.05,0.0014500000000000001,6.4,46.56666666666667,-89.22499996666667
2017-12-27,0.1741731170607621,261.12,249.51999999999998,1.8,40.14,0.048,0.0008240000000000001,5.84,46.56666666666667,-89.22499996666667
2018-01-01,0.19972547158728318,262.9875,253.55000000000004,1.0374999999999999,67.5125,0.060000000000000005,0.0010375000000000002,7.2625,46.56666666666667,-89.22499996666667
2018-01-09,0.20000000000000004,267.075,254.33750000000003,2.6625,61.487500000000004,0.061249999999999985,0.0015275,5.9375,46.56666666666667,-89.22499996666667
2018-01-17,0.20000000000000004,272.425,262.91249999999997,1.625,79.80000000000001,0.12125000000000001,0.0020687500000000003,5.8125,46.56666666666667,-89.22499996666667
2018-01-25,0.2256465797674234,269.37499999999994,259.19999999999993,1.0500000000000003,87.10000000000001,0.11875000000000002,0.00157125,6.2,46.56666666666667,-89.22499996666667
2018-02-02,0.19981969682818543,261.09999999999997,248.95000000000002,0.5125,95.06250000000001,0.0475,0.00075,5.0875,46.56666666666667,-89.22499996666667
2018-02-10,0.20018845048180453,270.54999999999995,255.71249999999995,0.0,109.17500000000001,0.15499999999999997,0.0013275,6.0,46.56666666666667,-89.22499996666667
2018-02-18,0.20009422524090228,271.2375,258.625,3.575,97.8625,0.09125,0.0018075000000000003,5.5375000000000005,46.56666666666667,-89.22499996666667
2018-02-26,0.19945094317456635,277.6,263.2375,0.1,131.8125,0.21249999999999997,0.0023075,3.7750000000000004,46.56666666666667,-89.22499996666667
2018-03-06,0.17426734230166435,271.91249999999997,258.3875,0.7,132.0375,0.08375000000000002,0.0019012500000000002,4.1375,46.56666666666667,-89.22499996666667
2018-03-14,0.17426734230166435,275.2125,257.9625,0.0,202.0875,0.16625,0.00188625,3.6125,46.56666666666667,-89.22499996666667
2018-03-22,0.12555235452652108,277.125,262.9625,1.25,214.9875,0.20375000000000001,0.00229375,4.4,46.56666666666667,-89.22499996666667
2018-03-30,0.19972547158728318,270.49999999999994,260.6375,1.5125000000000002,175.91250000000002,0.09125,0.0017962499999999999,5.850000000000001,46.56666666666667,-89.22499996666667
2018-04-07,0.3738985886480453,275.1875,262.2125,1.225,199.01250000000005,0.19375000000000003,0.00204125,5.375,46.56666666666667,-89.22499996666667
2018-04-15,0.6000000000000002,279.85,265.5375,2.7375000000000003,227.14999999999998,0.3725,0.0023237500000000003,5.625,46.56666666666667,-89.22499996666667
2018-04-23,0.5771118951640947,287.8,269.5125,0.05,251.95000000000002,0.6287499999999999,0.0032062500000000008,4.7250000000000005,46.56666666666667,-89.22499996666667
2018-05-01,1.024179712462937,294.7,275.5125,0.6375000000000001,262.6375,0.8312500000000002,0.0054487500000000005,3.8249999999999997,46.56666666666667,-89.22499996666667
2018-05-09,1.552482394610986,292.2875,274.0875,0.8,266.4,0.73875,0.005022500000000001,4.0875,46.56666666666667,-89.22499996666667
2018-05-17,2.1758253310314233,296.46250000000003,277.175,2.3000000000000003,280.05,0.87125,0.006473750000000001,3.6875,46.56666666666667,-89.22499996666667
2018-05-25,2.9540566779607245,299.4875,283.6,2.725,261.85,0.85625,0.0101575,4.0625,46.56666666666667,-89.22499996666667
2018-06-02,3.6526789924027807,292.1375,278.61249999999995,2.6375,239.675,0.43000000000000005,0.007263750000000001,4.2875,46.56666666666667,-89.22499996666667
2018-06-10,4.12997119073869,297.7625,282.9625,14.5875,261.9125,0.58375,0.01019125,4.45,46.56666666666667,-89.22499996666667
2018-06-18,4.627306941048074,297.425,279.375,0.0,275.35,0.525,0.009438750000000001,2.4749999999999996,46.56666666666667,-89.22499996666667
2018-06-26,4.184108903135967,301.7625,286.8,5.6375,264.65000000000003,0.7725,0.0127825,3.9749999999999996,46.56666666666667,-89.22499996666667
2018-07-04,4.258728704471271,300.9875,285.21250000000003,3.075,284.725,0.8200000000000001,0.011395000000000002,4.7875,46.56666666666667,-89.22499996666667
2018-07-12,4.505804669080103,299.8125,284.75,0.8250000000000001,276.6125,0.69875,0.011295000000000001,4.1875,46.56666666666667,-89.22499996666667
2018-07-20,4.449938751769972,295.3125,283.2125,2.7125000000000004,232.4375,0.355,0.0102875,4.1875,46.56666666666667,-89.22499996666667
2018-07-28,3.9317288810758733,296.78749999999997,282.33750000000003,2.5,245.45,0.5449999999999999,0.0098875,3.3125,46.56666666666667,-89.22499996666667
2018-08-05,4.849737110483819,300.72499999999997,284.4625,1.4500000000000002,259.61250000000007,0.63375,0.012091250000000001,3.1125000000000003,46.56666666666667,-89.22499996666667
2018-08-13,4.527766816126965,299.125,285.58750000000003,0.05,242.26250000000002,0.5625,0.01178375,2.6375,46.56666666666667,-89.22499996666667
2018-08-21,4.154872115888886,295.525,283.6,9.712500000000002,192.9875,0.38249999999999995,0.010860000000000002,3.8375000000000004,46.56666666666667,-89.22499996666667
2018-08-29,4.201939933187727,294.73749999999995,283.02500000000003,6.1,190.125,0.18750000000000003,0.011415000000000002,4.112500000000001,46.56666666666667,-89.22499996666667
2018-09-06,3.45183911254465,295.00000000000006,280.08750000000003,0.0,196.3,0.5375,0.008331250000000002,4.4125000000000005,46.56666666666667,-89.22499996666667
2018-09-14,2.625651623261783,293.325,282.96250000000003,8.6,146.00000000000003,0.20875000000000002,0.0106325,4.5625,46.56666666666667,-89.22499996666667
2018-09-22,2.099816593012555,286.02500000000003,276.9125,2.9125,126.11250000000001,0.23875,0.0060862500000000005,5.7625,46.56666666666667,-89.22499996666667
2018-09-30,1.0513792374657591,282.8375,274.88749999999993,3.6500000000000004,123.4125,0.13625,0.005387500000000001,4.687500000000001,46.56666666666667,-89.22499996666667
2018-10-08,0.9250893756319998,278.08750000000003,272.675,12.799999999999999,66.85000000000001,0.07625,0.00438625,6.2,46.56666666666667,-89.22499996666667
2018-10-16,0.5257326576983357,281.17499999999995,269.025,1.2625000000000002,99.77499999999999,0.23875000000000002,0.00355875,7.525,46.56666666666667,-89.22499996666667
2018-10-24,0.5,281.025,273.5375,1.6375000000000002,76.30000000000001,0.16750000000000004,0.00436,3.7625,46.56666666666667,-89.22499996666667
2018-11-01,0.4000000000000001,276.4375,269.84999999999997,3.2750000000000004,64.0125,0.09875,0.00343625,4.325,46.56666666666667,-89.22499996666667
2018-11-09,0.3997254715872832,270.4625,263.78749999999997,2.45,58.575,0.08499999999999999,0.0020675000000000003,6.2125,46.56666666666667,-89.22499996666667
2018-11-17,0.32573265769833576,271.1625,262.7125,1.6,51.6,0.09375,0.00216625,6.1375,46.56666666666667,-89.22499996666667
2018-11-25,0.30009422524090235,270.6125,266.725,2.0125,46.662499999999994,0.058750000000000004,0.0024800000000000004,6.0,46.56666666666667,-89.22499996666667
2018-12-03,0.27436156754256663,269.2,261.1375,1.175,56.599999999999994,0.05,0.0019612500000000003,5.950000000000001,46.56666666666667,-89.22499996666667
2018-12-11,0.3250032977010875,275.5875,265.3,0.0,65.5125,0.1675,0.0024237500000000006,5.4375,46.56666666666667,-89.22499996666667
2018-12-19,0.2742673423016644,271.375,265.7875,1.25,41.25000000000001,0.07375,0.0024262500000000005,3.9000000000000004,46.56666666666667,-89.22499996666667
2018-12-27,0.10009422524090227,268.88,261.15999999999997,3.66,45.92,0.041999999999999996,0.00201,5.7,46.56666666666667,-89.22499996666667
2019-01-01,0.19981969682818543,272.9625,262.5625,1.9000000000000004,59.55,0.14,0.0020700000000000002,6.600000000000001,46.56666666666667,-89.22499996666667
2019-01-09,0.20018845048180453,268.8,259.34999999999997,0.325,59.3625,0.06625,0.0017450000000000002,4.9750000000000005,46.56666666666667,-89.22499996666667
2019-01-17,0.19991392206908767,263.74999999999994,252.31250000000003,1.7875,63.25000000000001,0.0475,0.00111,4.737500000000001,46.56666666666667,-89.22499996666667
2019-01-25,0.19972547158728318,257.61249999999995,243.6625,1.7375,73.9125,0.02375,0.00063375,5.862500000000001,46.56666666666667,-89.22499996666667
2019-02-02,0.27389858864804534,267.11249999999995,256.7,4.050000000000001,71.3375,0.0825,0.0014012500000000002,5.175000000000001,46.56666666666667,-89.22499996666667
2019-02-10,0.17426734230166435,267.33750000000003,255.825,3.375,94.72500000000001,0.06249999999999999,0.0013912500000000001,4.8,46.56666666666667,-89.22499996666667
2019-02-18,0.3735298349944262,268.9875,254.96249999999998,5.862500000000001,105.2125,0.09000000000000001,0.0015087499999999999,5.000000000000001,46.56666666666667,-89.22499996666667
2019-02-26,0.27389858864804534,264.25,247.625,0.7375,127.98750000000001,0.062499999999999986,0.0009012500000000001,4.4125,46.56666666666667,-89.22499996666667
2019-03-06,0.27389858864804534,274.525,258.625,2.0375,159.70000000000002,0.17125,0.0019425000000000002,5.2375,46.56666666666667,-89.22499996666667
2019-03-14,0.1741731170607621,277.55,264.8,1.1875000000000002,145.66250000000002,0.215,0.0025237500000000004,4.6375,46.56666666666667,-89.22499996666667
2019-03-22,0.19972547158728318,278.975,262.7,0.16250000000000003,207.95,0.26625,0.00233,4.8125,46.56666666666667,-89.22499996666667
2019-03-30,0.274447645473479,276.42500000000007,264.9375,3.225,156.85,0.18875,0.00247875,4.9125,46.56666666666667,-89.22499996666667
2019-04-07,0.4000000000000001,278.6375,269.27500000000003,5.062500000000001,156.57500000000002,0.255,0.0028987500000000003,5.6000000000000005,46.56666666666667,-89.22499996666667
2019-04-15,0.4261014113519548,285.75,271.075,10.637500000000001,192.53749999999997,0.4425,0.0037575,3.7875,46.56666666666667,-89.22499996666667
2019-04-23,0.5261956365928571,284.6,272.01250000000005,1.35,239.56250000000006,0.48250000000000004,0.00327,4.637499999999999,46.56666666666667,-89.22499996666667
2019-05-01,0.8252778261138043,285.4375,272.275,3.7,207.12500000000003,0.47625,0.0035887500000000004,3.8625000000000007,46.56666666666667,-89.22499996666667
2019-05-09,1.1762883099259445,288.86249999999995,272.925,1.8750000000000002,219.1875,0.5325,0.0045025,3.8375000000000004,46.56666666666667,-89.22499996666667
2019-05-17,1.82509752294199,285.4375,275.9625,7.062500000000002,200.04999999999998,0.37625,0.00478875,5.437500000000001,46.56666666666667,-89.22499996666667
2019-05-25,2.5777683680347807,293.475,277.90000000000003,0.7125,267.9125,0.6875,0.00622125,3.637500000000001,46.56666666666667,-89.22499996666667
2019-06-02,3.673268497386059,296.9,280.07500000000005,0.675,271.02500000000003,0.83875,0.007789999999999999,2.9500000000000006,46.56666666666667,-89.22499996666667
2019-06-10,3.704693364624885,293.22499999999997,278.55,1.8875000000000002,262.2125,0.6212500000000001,0.0064975,3.7500000000000004,46.56666666666667,-89.22499996666667
2019-06-18,4.652310238749162,296.5625,280.66249999999997,2.2,277.15,0.7137500000000001,0.008113750000000001,3.8125,46.56666666666667,-89.22499996666667
2019-06-26,4.450208236688329,301.01249999999993,285.23749999999995,2.0375,287.3375,0.905,0.010785000000000001,2.8875,46.56666666666667,-89.22499996666667
2019-07-04,4.949920517471263,299.475,284.01250000000005,3.325,291.0875,0.7812500000000001,0.01033875,3.1625,46.56666666666667,-89.22499996666667
2019-07-12,4.57741280518551,301.7,286.625,6.775,267.77500000000003,0.6775,0.01317625,4.325,46.56666666666667,-89.22499996666667
2019-07-20,4.875752443904861,299.1125,284.2875,2.3125,279.05,0.7450000000000001,0.010297500000000001,4.4624999999999995,46.56666666666667,-89.22499996666667
2019-07-28,4.57007652898435,299.0875,283.41249999999997,5.437500000000001,261.9625,0.6362500000000001,0.010772499999999999,3.325,46.56666666666667,-89.22499996666667
2019-08-05,4.602037262244259,298.4,283.15,0.8375,249.63750000000005,0.66375,0.010002500000000001,3.6375,46.56666666666667,-89.22499996666667
2019-08-13,3.534368688836519,296.175,280.91249999999997,3.1500000000000004,224.5,0.45625000000000004,0.009595000000000001,3.7125000000000004,46.56666666666667,-89.22499996666667
2019-08-21,4.104144307799452,293.875,279.53749999999997,2.1,173.5375,0.42,0.00829375,4.7250000000000005,46.56666666666667,-89.22499996666667
2019-08-29,3.8571757592358717,292.36250000000007,279.36249999999995,4.800000000000001,179.73750000000004,0.41124999999999995,0.007551250000000001,4.4625,46.56666666666667,-89.22499996666667
2019-09-06,3.0327296656702076,289.8625,280.95,3.7375000000000003,153.10000000000002,0.18,0.0084775,5.1875,46.56666666666667,-89.22499996666667
2019-09-14,2.556072602090645,297.375,286.0,0.8625,178.2,0.4975,0.0113525,4.825,46.56666666666667,-89.22499996666667
2019-09-22,2.2049678930376024,290.4625,278.8625,5.3625,141.97500000000002,0.29874999999999996,0.00748375,4.9750000000000005,46.56666666666667,-89.22499996666667
2019-09-30,1.5033075317569518,285.675,278.4625,7.925,115.71249999999999,0.20500000000000002,0.0064725,5.875,46.56666666666667,-89.22499996666667
2019-10-08,1.2770258172331825,284.7,275.475,4.625,85.25000000000001,0.37000000000000005,0.004806250000000001,6.6,46.56666666666667,-89.22499996666667
2019-10-16,0.9259211081801401,282.5,274.4875,3.0250000000000004,93.025,0.18625000000000003,0.004790000000000001,5.7,46.56666666666667,-89.22499996666667
2019-10-24,0.6997254715872833,278.55,268.3875,0.1875,99.86250000000001,0.24750000000000003,0.0027825000000000003,5.4125000000000005,46.56666666666667,-89.22499996666667
2019-11-01,0.42637593976467164,272.275,265.37500000000006,1.5875000000000001,63.025000000000006,0.11124999999999999,0.002275,5.887500000000001,46.56666666666667,-89.22499996666667
2019-11-09,0.5002745284127168,269.6625,261.75,1.5625000000000002,68.2375,0.0725,0.00197875,6.2125,46.56666666666667,-89.22499996666667
2019-11-17,0.37444764547347903,275.25,269.525,2.6500000000000004,65.91250000000001,0.11125,0.00309625,5.0375,46.56666666666667,-89.22499996666667
2019-11-25,0.20000000000000004,273.5125,266.8875,7.6375,53.3125,0.09375,0.0027175,5.875,46.56666666666667,-89.22499996666667
2019-12-03,0.20000000000000004,270.21250000000003,261.6875,2.6750000000000003,48.675000000000004,0.0675,0.0020800000000000003,6.187500000000001,46.56666666666667,-89.22499996666667
2019-12-11,0.10000000000000002,265.55,256.76250000000005,2.2,56.8625,0.04125,0.0014750000000000002,5.2875000000000005,46.56666666666667,-89.22499996666667
2019-12-19,0.10000000000000002,274.95,267.12499999999994,0.07500000000000001,64.48750000000001,0.1825,0.002375,5.375,46.56666666666667,-89.22499996666667
2019-12-27,0.0002745284127168377,272.7,264.48,12.700000000000001,44.68000000000001,0.072,0.0025700000000000002,6.6,46.56666666666667,-89.22499996666667
2020-01-01,0.3480717057088074,271.09999999999997,263.03749999999997,0.8625,59.1875,0.12125000000000001,0.0018750000000000004,6.187500000000001,46.56666666666667,-89.22499996666667
2020-01-09,0.5219702943568527,268.5,258.9625,1.25,65.61250000000001,0.0775,0.0016387500000000002,5.637500000000001,46.56666666666667,-89.22499996666667
2020-01-17,0.3480717057088074,270.75,261.8125,4.075,69.4,0.09375,0.0020025000000000004,5.925,46.56666666666667,-89.22499996666667
2020-01-25,0.42233904801047173,271.8625,266.7625,1.3125000000000004,78.85,0.12249999999999998,0.0022450000000000005,3.8499999999999996,46.56666666666667,-89.22499996666667
2020-02-02,0.27389858864804534,270.8125,256.9375,0.05,90.5,0.1175,0.00156625,4.9,46.56666666666667,-89.22499996666667
2020-02-10,0.37371828547623076,269.40000000000003,254.10000000000002,0.775,94.61249999999998,0.11624999999999999,0.0013224999999999999,6.612500000000001,46.56666666666667,-89.22499996666667
2020-02-18,0.19981969682818543,274.38750000000005,259.6125,0.25,134.225,0.23249999999999998,0.00166875,6.850000000000001,46.56666666666667,-89.22499996666667
2020-02-26,0.19972547158728318,273.21250000000003,262.31249999999994,0.25,134.65,0.18625,0.0018550000000000003,6.1625000000000005,46.56666666666667,-89.22499996666667
2020-03-05,0.19972547158728318,278.4625,266.8875,3.2125000000000004,155.8125,0.27999999999999997,0.0025062500000000002,4.9875,46.56666666666667,-89.22499996666667
2020-03-13,0.20027452841271687,273.7,262.88750000000005,2.125,136.10000000000002,0.1375,0.0021750000000000003,5.800000000000001,46.56666666666667,-89.22499996666667
2020-03-21,0.274447645473479,278.75,265.02500000000003,2.3375,196.55,0.24125000000000002,0.0025950000000000005,4.1875,46.56666666666667,-89.22499996666667
2020-03-29,0.47417311706076215,280.9125,268.5625,1.125,196.675,0.36125,0.00263625,4.025,46.56666666666667,-89.22499996666667
2020-04-06,0.6000000000000002,280.575,269.33750000000003,3.8375000000000004,171.8625,0.32999999999999996,0.0028425,5.937499999999999,46.56666666666667,-89.22499996666667
2020-04-14,0.7000000000000001,278.28749999999997,265.375,0.275,188.45,0.32,0.00201,6.112500000000001,46.56666666666667,-89.22499996666667
2020-04-22,0.8255523545265212,285.0125,272.15,5.2625,223.00000000000003,0.4325,0.00364,4.025,46.56666666666667,-89.22499996666667
2020-04-30,0.9258268829392379,287.46250000000003,271.2125,0.625,263.61249999999995,0.59125,0.00338125,4.775,46.56666666666667,-89.22499996666667
2020-05-08,1.35101048381214,283.2,270.3625,1.6875000000000002,252.83750000000003,0.40124999999999994,0.00317375,4.5125,46.56666666666667,-89.22499996666667
2020-05-16,2.0997254715872837,295.2625,280.53749999999997,0.2,244.29999999999998,0.87625,0.006501250000000001,4.2625,46.56666666666667,-89.22499996666667
2020-05-24,3.277948671206595,296.05,282.63750000000005,3.4250000000000003,245.52500000000003,0.85,0.00811375,4.1875,46.56666666666667,-89.22499996666667
2020-06-01,4.152310238749162,297.96250000000003,280.78749999999997,1.8750000000000002,263.9375,0.86625,0.0082825,4.925,46.56666666666667,-89.22499996666667
2020-06-09,4.401746439211563,295.55,278.7875,6.9375,271.01250000000005,0.7862500000000001,0.00702875,5.575000000000001,46.56666666666667,-89.22499996666667
2020-06-17,4.57407889181986,297.36249999999995,283.925,2.0125,257.25,0.73875,0.0093725,4.137500000000001,46.56666666666667,-89.22499996666667
2020-06-25,4.804238533040354,302.7375,286.2,0.05,290.6875,0.96875,0.01202625,3.9750000000000005,46.56666666666667,-89.22499996666667
2020-07-03,4.6515696276262934,303.725,288.16249999999997,7.500000000000001,274.4875,0.95125,0.0134425,3.2375000000000003,46.56666666666667,-89.22499996666667
2020-07-11,4.231631552019341,300.425,285.8875,5.9125000000000005,282.28749999999997,0.8325,0.01118125,4.3125,46.56666666666667,-89.22499996666667
2020-07-19,4.623633759453134,298.5625,285.51250000000005,2.5125,248.5,0.5937499999999999,0.011605,4.3,46.56666666666667,-89.22499996666667
2020-07-27,4.449186113979655,297.5125,282.2125,0.55,263.29999999999995,0.6737500000000001,0.0093725,3.725,46.56666666666667,-89.22499996666667
2020-08-04,4.451301306844837,298.575,284.66249999999997,9.887500000000001,252.87500000000006,0.63125,0.01097,4.075,46.56666666666667,-89.22499996666667
2020-08-12,4.699927112873438,298.21250000000003,284.825,0.125,237.875,0.6575,0.010562500000000002,4.0375,46.56666666666667,-89.22499996666667
2020-08-20,4.3755589499286955,299.08750000000003,287.175,4.3500000000000005,202.8,0.53125,0.012465000000000002,2.5500000000000003,46.56666666666667,-89.22499996666667
2020-08-28,3.7789638107421806,291.625,280.61249999999995,5.775,175.275,0.32875000000000004,0.008035,6.0375000000000005,46.56666666666667,-89.22499996666667
2020-09-05,3.4327133710502284,288.7625,276.46250000000003,2.575,169.66250000000002,0.30875,0.00644875,4.25,46.56666666666667,-89.22499996666667
2020-09-13,3.4787722564447456,290.40000000000003,275.91249999999997,0.0,186.38750000000002,0.37375,0.006548750000000001,4.675000000000001,46.56666666666667,-89.22499996666667
2020-09-21,2.073456947867864,293.48749999999995,281.5625,5.237500000000002,147.7125,0.41375000000000006,0.008736250000000001,4.1875,46.56666666666667,-89.22499996666667
2020-09-29,1.9264701650055742,283.6375,275.275,1.7500000000000002,118.47500000000001,0.26,0.004866250000000001,4.7250000000000005,46.56666666666667,-89.22499996666667
2020-10-07,1.0517479911193783,287.12499999999994,274.775,5.4750000000000005,128.9,0.3212499999999999,0.00544,6.112500000000001,46.56666666666667,-89.22499996666667
2020-10-15,0.800274528412717,275.875,270.63750000000005,3.3125,96.36250000000001,0.14875,0.0030512500000000006,5.362500000000001,46.56666666666667,-89.22499996666667
2020-10-23,0.5002745284127168,273.73749999999995,267.075,1.2750000000000001,82.66250000000001,0.09375,0.0027237500000000005,5.2875000000000005,46.56666666666667,-89.22499996666667
2020-10-31,0.525826882939238,288.1875,273.6875,0.47500000000000003,101.35000000000002,0.60625,0.0043125,6.775,46.56666666666667,-89.22499996666667
2020-11-08,0.5,279.3,270.40000000000003,4.9375,77.7,0.17,0.0041925,7.275000000000001,46.56666666666667,-89.22499996666667
2020-11-16,0.5,275.0875,266.225,0.3875,70.5625,0.14,0.002625,6.15,46.56666666666667,-89.22499996666667
2020-11-24,0.5,274.45000000000005,267.725,0.48750000000000004,66.5,0.13125,0.0026787500000000006,5.150000000000001,46.56666666666667,-89.22499996666667
2020-12-02,0.49945094317456634,274.3875,266.6,0.1375,69.425,0.1375,0.0025375000000000003,4.3125,46.56666666666667,-89.22499996666667
2020-12-10,0.9486207625342411,270.77500000000003,262.77500000000003,0.5,56.4875,0.09625,0.00205125,4.812500000000001,46.56666666666667,-89.22499996666667
2020-12-18,0.6743534202325767,271.2125,263.875,3.0000000000000004,48.1375,0.085,0.0022237500000000005,5.7625,46.56666666666667,-89.22499996666667
2020-12-26,0.3741731170607622,268.1666666666667,258.7166666666667,2.0000000000000004,53.98333333333333,0.051666666666666666,0.0017333333333333333,5.6499999999999995,46.56666666666667,-89.22499996666667
2021-01-01,0.19981969682818543,274.21250000000003,261.7875,0.1,78.41250000000002,0.12375,0.0021575,3.8375,46.56666666666667,-89.22499996666667
2021-01-09,0.19981969682818543,273.0125,265.40000000000003,0.75,74.16250000000001,0.1,0.0024175000000000004,4.5375,46.56666666666667,-89.22499996666667
2021-01-17,0.25110470905304216,268.37500000000006,258.675,1.675,61.88750000000001,0.07625000000000001,0.00159625,5.9625,46.56666666666667,-89.22499996666667
2021-01-25,0.32537205135470654,268.7,258.21250000000003,0.41250000000000003,85.97500000000001,0.08249999999999999,0.0015650000000000004,4.050000000000001,46.56666666666667,-89.22499996666667
2021-02-02,0.3252778261138043,264.75,251.075,2.4875000000000003,85.7875,0.06625,0.00116375,7.112500000000001,46.56666666666667,-89.22499996666667
2021-02-10,0.22555235452652114,260.375,244.2125,0.4375,102.30000000000001,0.0475,0.00064125,4.512500000000001,46.56666666666667,-89.22499996666667
2021-02-18,0.20009422524090228,273.625,260.45000000000005,0.5,110.325,0.18375000000000002,0.001805,4.550000000000001,46.56666666666667,-89.22499996666667
2021-02-26,0.2742673423016644,275.625,260.71250000000003,1.5250000000000001,152.58749999999998,0.20125,0.00195625,5.250000000000001,46.56666666666667,-89.22499996666667
2021-03-06,0.32573265769833576,280.75,265.47499999999997,4.7875,170.60000000000002,0.33625,0.00256,5.4375,46.56666666666667,-89.22499996666667
2021-03-14,0.3512850122248568,281.22499999999997,267.825,0.0,207.5625,0.40374999999999994,0.00244625,4.9625,46.56666666666667,-89.22499996666667
2021-03-22,0.5254581292856189,279.6875,268.59999999999997,3.75,171.4875,0.26250000000000007,0.0030787500000000003,4.8875,46.56666666666667,-89.22499996666667
2021-03-30,0.6255523545265212,284.92499999999995,268.3625,1.0875000000000001,217.8875,0.53625,0.00312875,5.3375,46.56666666666667,-89.22499996666667
2021-04-07,0.725826882939238,284.40000000000003,276.05,4.325,134.0625,0.3,0.005125,4.1375,46.56666666666667,-89.22499996666667
2021-04-15,0.7255523545265211,280.34999999999997,267.35,0.625,209.76250000000002,0.3525,0.00249875,4.175,46.56666666666667,-89.22499996666667
2021-04-23,0.8255523545265212,282.84999999999997,271.31249999999994,3.5375000000000005,208.97500000000002,0.3375,0.0035375000000000007,4.2875000000000005,46.56666666666667,-89.22499996666667
2021-05-01,0.9259211081801401,287.1125,272.85,0.4375,202.4875,0.5225000000000001,0.004115000000000001,3.9625000000000004,46.56666666666667,-89.22499996666667
2021-05-09,1.55101048381214,289.54999999999995,272.8625,0.0,247.13750000000002,0.69875,0.0037425,3.6374999999999997,46.56666666666667,-89.22499996666667
2021-05-17,1.9745418707143811,295.975,283.9,4.025,222.91250000000002,0.68625,0.00915875,5.2875,46.56666666666667,-89.22499996666667
2021-05-25,3.554880263198875,290.77500000000003,275.325,0.3125,278.40000000000003,0.59,0.00549875,4.5625,46.56666666666667,-89.22499996666667
2021-06-02,4.54780222079045,303.2,286.66249999999997,0.22500000000000003,285.0625,1.1600000000000001,0.011540000000000002,4.575,46.56666666666667,-89.22499996666667
2021-06-10,4.352945373505508,299.2125,281.475,4.6875,271.95,0.7637499999999999,0.009558750000000001,3.75,46.56666666666667,-89.22499996666667
2021-06-18,4.476202231995033,295.3,280.59999999999997,6.95,267.95000000000005,0.5937500000000001,0.00833125,4.425,46.56666666666667,-89.22499996666667
2021-06-26,5.171497616244527,298.7125,283.5125,3.1500000000000004,252.08750000000003,0.7337500000000001,0.009933750000000002,2.7375,46.56666666666667,-89.22499996666667
2021-07-04,4.4760998594441395,297.825,281.4125,1.8250000000000002,283.625,0.6737500000000001,0.00970375,3.1500000000000004,46.56666666666667,-89.22499996666667
2021-07-12,5.1974482098489965,301.0,283.4625,0.3375,300.82500000000005,0.89375,0.010334999999999999,2.6750000000000003,46.56666666666667,-89.22499996666667
2021-07-20,4.44699493017228,300.0375,284.1875,2.5875000000000004,264.71250000000003,0.7375,0.01113625,3.4125,46.56666666666667,-89.22499996666667
2021-07-28,4.801848811762455,298.79999999999995,283.075,1.5750000000000002,264.08750000000003,0.72,0.009977500000000002,3.8375000000000004,46.56666666666667,-89.22499996666667
2021-08-05,4.900562247629785,298.6625,287.02500000000003,4.775,223.37499999999997,0.5625,0.012030000000000002,4.1625000000000005,46.56666666666667,-89.22499996666667
2021-08-13,4.702669293184976,301.1875,283.975,0.0,251.3375,0.9175000000000001,0.01061625,4.2749999999999995,46.56666666666667,-89.22499996666667
2021-08-21,4.328041344539683,298.8,283.33750000000003,4.75,199.20000000000005,0.6475,0.010568750000000002,3.8874999999999997,46.56666666666667,-89.22499996666667
2021-08-29,3.879420582005441,294.7625,280.4,0.6375000000000001,192.97500000000002,0.44125000000000003,0.008775000000000002,3.9000000000000004,46.56666666666667,-89.22499996666667
2021-09-06,3.5307998194712003,293.91249999999997,279.20000000000005,4.925000000000001,193.05000000000004,0.46875,0.007875000000000002,4.3875,46.56666666666667,-89.22499996666667
2021-09-14,3.0543230590634516,294.90000000000003,279.78749999999997,4.237500000000001,163.55,0.5237499999999999,0.008506250000000002,6.2,46.56666666666667,-89.22499996666667
2021-09-22,2.1790467848574626,293.125,275.86250000000007,1.1250000000000002,158.83750000000003,0.5,0.0067824999999999995,3.3875,46.56666666666667,-89.22499996666667
2021-09-30,1.427306941048074,295.17499999999995,282.04999999999995,4.4375,139.8,0.48875,0.009185,2.2625,46.56666666666667,-89.22499996666667
2021-10-08,1.2512850122248569,292.08750000000003,282.975,1.6500000000000001,117.45000000000002,0.46125,0.008170000000000002,4.9125000000000005,46.56666666666667,-89.22499996666667
2021-10-16,0.7254581292856188,286.09999999999997,272.8875,2.25,111.63750000000002,0.36625,0.00469375,4.874999999999999,46.56666666666667,-89.22499996666667
2021-10-24,0.5999057747590979,283.125,272.9625,1.4000000000000004,106.85000000000001,0.2,0.004635,4.3375,46.56666666666667,-89.22499996666667
2021-11-01,0.4255523545265211,281.875,270.275,2.0250000000000004,73.35,0.27,0.0037437500000000005,5.8875,46.56666666666667,-89.22499996666667
2021-11-09,0.4000942252409023,278.05,268.65,3.5125,62.2375,0.1675,0.0032062500000000003,5.4,46.56666666666667,-89.22499996666667
2021-11-17,0.32555235452652115,275.6375,265.96250000000003,0.8625,65.4625,0.15625,0.0025762500000000004,7.225000000000001,46.56666666666667,-89.22499996666667
2021-11-25,0.3997254715872832,273.3625,266.1875,1.3625,44.837500000000006,0.1225,0.0024325,5.525,46.56666666666667,-89.22499996666667
2021-12-03,0.42527782611380427,270.4,261.81249999999994,4.550000000000001,51.550000000000004,0.09,0.00199,6.0875,46.56666666666667,-89.22499996666667
2021-12-11,0.5250975229419897,276.2,266.57500000000005,1.4250000000000003,51.650000000000006,0.20750000000000002,0.0025399999999999997,7.387500000000002,46.56666666666667,-89.22499996666667
2021-12-19,0.4995451684154686,270.0125,261.7,2.0,53.25,0.08250000000000002,0.00190125,5.812500000000001,46.56666666666667,-89.22499996666667
2021-12-27,0.524822994529273,269.26,258.62,1.0,48.940000000000005,0.046,0.00183,5.480000000000001,46.56666666666667,-89.22499996666667
2022-01-01,0.22537205135470653,265.6875,255.52499999999998,2.125,69.30000000000001,0.05750000000000001,0.00128,6.050000000000001,46.56666666666667,-89.22499996666667
2022-01-09,0.30009422524090235,264.88750000000005,254.775,0.5,70.14999999999999,0.06625,0.00119125,6.262500000000001,46.56666666666667,-89.22499996666667
2022-01-17,0.2995451684154687,264.6125,253.6625,1.85,70.2375,0.06875,0.0010975000000000002,6.700000000000001,46.56666666666667,-89.22499996666667
2022-01-25,0.3997336188972731,267.3625,253.29999999999995,0.375,83.9625,0.09,0.0012125,6.15,46.56666666666667,-89.22499996666667
2022-02-02,0.2742673423016644,267.0,254.66249999999997,1.5,76.4375,0.08875,0.0012900000000000001,4.800000000000001,46.56666666666667,-89.22499996666667
2022-02-10,0.2739928138889476,266.775,249.9875,0.8875,97.61250000000001,0.06999999999999999,0.00118875,5.425000000000001,46.56666666666667,-89.22499996666667
2022-02-18,0.19981969682818543,266.51249999999993,253.475,3.8000000000000003,113.55,0.11374999999999999,0.0009625,6.3,46.56666666666667,-89.22499996666667
2022-02-26,0.22527782611380429,271.625,256.225,2.7375000000000003,126.8875,0.125,0.0015850000000000003,4.4,46.56666666666667,-89.22499996666667
2022-03-06,0.19972547158728318,269.4875,257.45,0.5625,151.7875,0.10125,0.0015025,5.775,46.56666666666667,-89.22499996666667
2022-03-14,0.12555235452652108,280.3125,267.03749999999997,0.375,188.11250000000004,0.32125000000000004,0.0025649999999999996,3.7875000000000005,46.56666666666667,-89.22499996666667
2022-03-22,0.19972547158728318,272.775,262.51250000000005,3.825,156.66250000000002,0.14375000000000002,0.0020375000000000002,6.1125,46.56666666666667,-89.22499996666667
2022-03-30,0.20000000000000004,276.99999999999994,268.85,3.9625000000000004,149.85,0.20375,0.00273875,4.1625,46.56666666666667,-89.22499996666667
2022-04-07,0.4254581292856189,278.6375,268.1375,7.0,169.38750000000002,0.26125000000000004,0.0026912500000000005,5.937500000000001,46.56666666666667,-89.22499996666667
2022-04-15,0.5255523545265212,277.525,268.72499999999997,5.125,155.5,0.27,0.0024625000000000003,5.712500000000001,46.56666666666667,-89.22499996666667
2022-04-23,0.7510104838121399,283.69999999999993,271.6375,1.3875000000000002,178.525,0.44625000000000004,0.00337125,6.025,46.56666666666667,-89.22499996666667
2022-05-01,0.8515595406375737,288.0,274.03749999999997,0.675,245.47500000000002,0.5912499999999999,0.00405375,4.0375000000000005,46.56666666666667,-89.22499996666667
2022-05-09,1.4021151928651823,298.2125,280.375,2.8000000000000003,273.11250000000007,0.935,0.00787,5.575,46.56666666666667,-89.22499996666667
2022-05-17,1.8535805082618537,289.1625,276.175,3.2375000000000003,232.7,0.55625,0.004812500000000001,3.7250000000000005,46.56666666666667,-89.22499996666667
2022-05-25,2.756261052572449,291.97499999999997,281.4,5.275,245.27499999999998,0.5225000000000001,0.00777875,5.5875,46.56666666666667,-89.22499996666667
2022-06-02,3.475658218663958,294.01250000000005,277.0375,0.1375,279.38750000000005,0.7100000000000001,0.005988750000000001,3.7625,46.56666666666667,-89.22499996666667
2022-06-10,4.054150903201627,295.8625,280.675,3.8625000000000003,249.93750000000003,0.54125,0.00900125,5.062500000000001,46.56666666666667,-89.22499996666667
2022-06-18,3.9094646598706935,301.05,284.875,2.5125,286.00000000000006,0.935,0.01089125,5.8875,46.56666666666667,-89.22499996666667
2022-06-26,4.5782150523093215,296.90000000000003,279.67499999999995,6.0625,275.65,0.71,0.0081325,5.025,46.56666666666667,-89.22499996666667
2022-07-04,4.851847259854641,298.08750000000003,284.5625,7.525,275.0625,0.44875000000000004,0.011647500000000002,3.7500000000000004,46.56666666666667,-89.22499996666667
2022-07-12,4.12997119073869,300.7125,284.7375,2.3625,281.0625,0.7137500000000001,0.011845,3.4625,46.56666666666667,-89.22499996666667
2022-07-20,4.029408943108907,298.58750000000003,284.075,3.6875000000000004,266.875,0.6825,0.01027375,5.55,46.56666666666667,-89.22499996666667
2022-07-28,4.031421763423197,298.275,284.3625,6.550000000000001,274.93750000000006,0.7112499999999999,0.010101249999999999,5.050000000000001,46.56666666666667,-89.22499996666667
2022-08-05,4.575550802618706,297.7375,282.79999999999995,3.6375,232.76250000000002,0.6024999999999999,0.010057499999999999,4.1625000000000005,46.56666666666667,-89.22499996666667
2022-08-13,4.34579948746488,296.78749999999997,284.45,0.4375,206.21249999999998,0.44999999999999996,0.010870000000000001,2.6000000000000005,46.56666666666667,-89.22499996666667
2022-08-21,4.35220786619827,297.5875,284.57500000000005,4.112500000000001,202.1875,0.5574999999999999,0.010670000000000002,3.5124999999999997,46.56666666666667,-89.22499996666667
2022-08-29,4.22795022311441,297.3,281.85,2.9875,221.51250000000002,0.6725,0.00931125,5.250000000000001,46.56666666666667,-89.22499996666667
2022-09-06,3.7533059798491366,295.625,280.45,2.9375,182.31249999999997,0.46375,0.009191250000000002,3.400000000000001,46.56666666666667,-89.22499996666667
2022-09-14,3.22830268214805,295.625,283.26249999999993,3.125,160.35000000000002,0.43999999999999995,0.01005875,4.637500000000001,46.56666666666667,-89.22499996666667
2022-09-22,2.379587694372906,285.75,274.9,2.9750000000000005,122.91250000000001,0.24375000000000002,0.005452500000000001,4.825000000000001,46.56666666666667,-89.22499996666667
2022-09-30,1.8031190812751474,289.71250000000003,277.3875,1.4,133.1125,0.4675,0.006041250000000001,4.125,46.56666666666667,-89.22499996666667
2022-10-08,1.3517398438093884,284.375,273.1625,3.0625000000000004,118.7,0.34124999999999994,0.00447625,5.0625,46.56666666666667,-89.22499996666667
2022-10-24,0.7756399843652486,286.7125,273.0375,1.4375000000000002,116.4625,0.37750000000000006,0.004787500000000001,5.3375,46.56666666666667,-89.22499996666667
2022-11-01,0.700274528412717,285.8,274.6375,6.525,77.9,0.45625,0.00448125,6.4375,46.56666666666667,-89.22499996666667
2022-11-09,0.6005490568254339,275.5125,268.3,5.487500000000001,55.95,0.07250000000000001,0.0034987500000000006,4.175000000000001,46.56666666666667,-89.22499996666667
2022-11-17,0.3261014113519548,272.675,264.075,2.6500000000000004,67.11250000000001,0.11,0.0022725,5.6875,46.56666666666667,-89.22499996666667
2022-11-25,0.29972547158728324,276.5125,267.16249999999997,2.45,61.900000000000006,0.195,0.0027037500000000004,6.687499999999999,46.56666666666667,-89.22499996666667
2022-12-03,0.20000000000000004,269.8625,259.425,0.7875000000000001,58.2625,0.05500000000000001,0.0019375000000000002,5.175,46.56666666666667,-89.22499996666667
2022-12-11,0.10027452841271685,272.03749999999997,266.91249999999997,2.6625,46.6625,0.09875,0.002480000000000001,5.362500000000001,46.56666666666667,-89.22499996666667
2022-12-19,0.025826882939237912,262.625,256.2125,4.8875,52.225,0.04,0.0011650000000000002,7.75,46.56666666666667,-89.22499996666667
2022-12-27,0.025552354526521076,271.9,265.9599999999999,0.45999999999999996,54.84000000000001,0.128,0.002174,5.28,46.56666666666667,-89.22499996666667
