date,LAI,tmmx,tmmn,pr,srad,vpd,sph,vs,lat,lon
2000-02-18,0.21785029671575307,277.55,265.40000000000003,0.8125,113.95000000000002,0.19999999999999998,0.0026000000000000003,3.125000000000001,46.81666666666667,-88.64166663333334
2000-02-26,0.4000000000000001,282.9125,269.025,0.2,127.2875,0.43000000000000005,0.0027050000000000004,5.3625,46.81666666666667,-88.64166663333334
2000-03-05,0.41785029671575313,281.375,266.7,2.0625,159.2,0.4,0.00269,4.4625,46.81666666666667,-88.64166663333334
2000-03-13,0.5185928100009277,275.4875,264.75,2.0125,137.22500000000002,0.19999999999999998,0.002145,4.2125,46.81666666666667,-88.64166663333334
2000-03-21,0.6000000000000001,284.57500000000005,271.1875,7.125000000000001,128.925,0.3675,0.0038162499999999998,5.9625,46.81666666666667,-88.64166663333334
2000-03-29,0.6178502967157532,283.0125,268.6625,1.0,184.9375,0.4200000000000001,0.0027500000000000003,4.2875000000000005,46.81666666666667,-88.64166663333334
2000-04-06,0.7000000000000001,277.58750000000003,266.475,1.5625,177.64999999999998,0.28,0.0020687500000000003,5.125,46.81666666666667,-88.64166663333334
2000-04-14,0.9178502967157531,281.175,267.9,1.725,181.53750000000002,0.315,0.0028362500000000002,5.025,46.81666666666667,-88.64166663333334
2000-04-22,0.5815685305995356,289.0625,272.0,0.21250000000000002,252.99999999999997,0.665,0.0034500000000000004,3.1375,46.81666666666667,-88.64166663333334
2000-04-30,1.3178502967157528,296.475,279.3,0.775,247.9875,0.99875,0.0062,4.2125,46.81666666666667,-88.64166663333334
2000-05-08,1.6542934034324341,289.9875,275.975,3.2874999999999996,208.28750000000002,0.61,0.00475375,5.0,46.81666666666667,-88.64166663333334
2000-05-16,1.510071833435217,291.475,275.4875,0.7875000000000001,261.51250000000005,0.71375,0.0046375,3.3125,46.81666666666667,-88.64166663333334
2000-05-24,2.390736510149115,292.77500000000003,277.6625,0.8875000000000001,262.1125,0.7487500000000001,0.005265000000000001,4.0,46.81666666666667,-88.64166663333334
2000-06-01,2.808586806864868,293.3625,277.9375,0.875,235.81250000000003,0.70625,0.005872500000000001,3.9875000000000007,46.81666666666667,-88.64166663333334
2000-06-09,2.3753409241885053,295.40000000000003,279.625,8.362500000000002,240.275,0.635,0.00767,5.2625,46.81666666666667,-88.64166663333334
2000-06-17,2.9846044140393913,296.175,281.3,2.825,233.65000000000003,0.7225000000000001,0.007872500000000001,4.300000000000001,46.81666666666667,-88.64166663333334
2000-06-25,3.0747597515037937,297.025,281.91249999999997,2.575,266.26250000000005,0.8562500000000001,0.00772625,4.15,46.81666666666667,-88.64166663333334
2000-07-03,4.099353966241846,298.525,282.37500000000006,5.4625,258.68750000000006,0.81375,0.008956250000000002,3.3,46.81666666666667,-88.64166663333334
2000-07-11,3.1874773162967673,298.71250000000003,282.75,1.4500000000000002,265.9,0.8962499999999999,0.00864625,4.0,46.81666666666667,-88.64166663333334
2000-07-19,3.1114613497042596,296.97499999999997,282.5375,2.625,231.8375,0.8187500000000001,0.00814375,3.3750000000000004,46.81666666666667,-88.64166663333334
2000-07-27,3.6792454804427046,299.6125,285.2,2.3375000000000004,249.875,0.8287500000000001,0.01026875,2.5000000000000004,46.81666666666667,-88.64166663333334
2000-08-04,3.505778094324633,298.2375,284.7,2.075,217.175,0.7112500000000002,0.00988875,3.375,46.81666666666667,-88.64166663333334
2000-08-12,3.0973542686422437,297.15000000000003,282.4875,0.7875000000000002,227.8375,0.6425,0.0092875,3.8125000000000004,46.81666666666667,-88.64166663333334
2000-08-20,3.0428023737260252,299.675,283.375,2.4,227.27500000000003,0.83875,0.009675,2.8999999999999995,46.81666666666667,-88.64166663333334
2000-08-28,2.823467050439922,295.4625,281.5125,3.0375000000000005,181.95000000000002,0.57375,0.008692499999999999,5.1625000000000005,46.81666666666667,-88.64166663333334
2000-09-05,2.6885089702935905,296.9875,280.66249999999997,3.5,182.6875,0.71125,0.00830375,4.775,46.81666666666667,-88.64166663333334
2000-09-13,2.4529697174625484,293.6875,278.75,1.25,160.6375,0.715,0.006342500000000001,5.525,46.81666666666667,-88.64166663333334
2000-09-21,1.8985149734296511,287.8,273.4875,0.95,133.8875,0.4387499999999999,0.004583750000000001,4.1625000000000005,46.81666666666667,-88.64166663333334
2000-09-29,1.4007425132851747,290.1625,276.47499999999997,0.9750000000000001,127.50000000000001,0.59625,0.005456249999999999,4.862500000000001,46.81666666666667,-88.64166663333334
2000-10-07,1.0178502967157532,288.01250000000005,273.6375,2.0125,125.18750000000001,0.50625,0.0044712499999999995,5.387500000000001,46.81666666666667,-88.64166663333334
2000-10-15,0.8992574867148254,289.48749999999995,275.2375,0.65,108.97500000000001,0.5625,0.0047675,4.375,46.81666666666667,-88.64166663333334
2000-10-23,0.43628176611621755,290.0875,275.6375,1.0625,94.61250000000001,0.45249999999999996,0.0058775,4.525,46.81666666666667,-88.64166663333334
2000-10-31,0.517850296715753,287.3,276.9125,1.275,75.73750000000001,0.5275000000000001,0.00443875,5.8125,46.81666666666667,-88.64166663333334
2000-11-08,0.41785029671575313,277.36249999999995,271.075,5.3625,43.9,0.18125,0.0031262499999999997,5.5875,46.81666666666667,-88.64166663333334
2000-11-16,0.3357005934315061,270.7875,264.775,2.5375,49.18750000000001,0.12125,0.0019062500000000002,5.9375,46.81666666666667,-88.64166663333334
2000-11-24,0.21785029671575307,274.125,267.125,0.2625,62.15,0.11249999999999999,0.00259375,4.0125,46.81666666666667,-88.64166663333334
2000-12-02,0.11785029671575303,267.2125,258.9125,2.3,44.375,0.10125,0.0013025,6.7875,46.81666666666667,-88.64166663333334
2000-12-10,0.11859281000092767,266.88750000000005,255.2375,2.9875000000000003,48.16250000000001,0.085,0.0012212500000000003,5.8375,46.81666666666667,-88.64166663333334
2000-12-18,0.1357005934315061,264.7875000000001,256.6375,2.6875,34.400000000000006,0.07125000000000001,0.00111,5.1375,46.81666666666667,-88.64166663333334
2000-12-26,0.1193353232861023,266.1666666666667,257.8,1.0000000000000002,38.85,0.07166666666666667,0.0013633333333333334,5.0166666666666675,46.81666666666667,-88.64166663333334
2001-01-01,0.10016134060046324,271.075,260.7,2.4625,47.612500000000004,0.10999999999999999,0.0017300000000000002,5.5625,46.81666666666667,-88.64166663333334
2001-01-09,0.11785029671575303,274.4125,266.3,2.875,64.2,0.1475,0.00237,4.2250000000000005,46.81666666666667,-88.64166663333334
2001-01-17,0.11785029671575303,270.4,260.5,0.55,78.28750000000001,0.12375,0.0015600000000000002,4.775,46.81666666666667,-88.64166663333334
2001-01-25,0.11785029671575303,272.03749999999997,261.0875,3.45,70.53750000000001,0.12875,0.00179625,4.2875000000000005,46.81666666666667,-88.64166663333334
2001-02-02,0.10000000000000002,269.7375,259.7125,2.375,69.7625,0.105,0.0015812500000000002,3.6125000000000007,46.81666666666667,-88.64166663333334
2001-02-10,0.10000000000000002,267.34999999999997,254.62499999999997,1.2000000000000002,101.45,0.1,0.0011400000000000002,3.9125000000000005,46.81666666666667,-88.64166663333334
2001-02-18,0.10000000000000002,267.975,255.27499999999998,3.45,105.725,0.09375,0.0012950000000000001,5.112500000000001,46.81666666666667,-88.64166663333334
2001-02-26,0.10000000000000002,270.6125,257.57500000000005,1.025,108.23750000000001,0.14375,0.00134125,4.15,46.81666666666667,-88.64166663333334
2001-03-06,0.09925748671482539,274.475,262.54999999999995,1.9250000000000003,141.5,0.17624999999999996,0.0018862500000000003,4.125,46.81666666666667,-88.64166663333334
2001-03-14,0.11843146940046445,278.2375,265.225,0.6000000000000001,192.65000000000003,0.26875000000000004,0.00217875,2.9875000000000003,46.81666666666667,-88.64166663333334
2001-03-22,0.31768895611528986,275.3,263.46250000000003,1.8125,136.0125,0.2525,0.0017575000000000002,3.8625000000000003,46.81666666666667,-88.64166663333334
2001-03-30,0.5,280.3375,271.1875,1.8125,145.9875,0.32875,0.0029,2.1750000000000003,46.81666666666667,-88.64166663333334
2001-04-07,0.6001613406004633,284.35,273.26250000000005,4.6375,170.91250000000002,0.42625,0.0035912500000000003,4.7250000000000005,46.81666666666667,-88.64166663333334
2001-04-15,0.8992574867148254,284.0375,271.2875,6.5125,187.58749999999998,0.43625,0.003265,4.712500000000001,46.81666666666667,-88.64166663333334
2001-04-23,1.0814071899990725,292.175,275.35,2.35,261.35,0.88125,0.0039175,5.625000000000001,46.81666666666667,-88.64166663333334
2001-05-01,1.6992574867148256,291.0375,276.68749999999994,1.6375000000000002,197.3125,0.685,0.004765,4.925000000000001,46.81666666666667,-88.64166663333334
2001-05-09,1.972143700148187,293.325,276.9625,2.8125000000000004,248.8875,0.755,0.00552625,4.1625000000000005,46.81666666666667,-88.64166663333334
2001-05-17,3.032891880891271,293.25,278.7625,3.7500000000000004,231.55000000000004,0.8150000000000001,0.005453750000000001,4.4625,46.81666666666667,-88.64166663333334
2001-05-25,3.234958080146332,290.0,275.9625,3.4250000000000003,242.67500000000004,0.5800000000000001,0.004838750000000001,2.7249999999999996,46.81666666666667,-88.64166663333334
2001-06-02,3.588508970293591,291.34999999999997,277.675,1.7,201.625,0.6225,0.005575,3.175,46.81666666666667,-88.64166663333334
2001-06-10,3.796448774174591,299.4875,284.01250000000005,3.9125,253.3375,0.95,0.009153750000000002,3.7499999999999996,46.81666666666667,-88.64166663333334
2001-07-04,3.498514973429651,298.275,282.9625,0.4125000000000001,289.09999999999997,0.9775000000000001,0.00805875,4.5125,46.81666666666667,-88.64166663333334
2001-07-12,2.852840276769348,300.5625,286.55,8.05,234.9875,1.0425,0.009923750000000002,2.45,46.81666666666667,-88.64166663333334
2001-07-20,3.2171736137297353,300.9875,285.975,1.0750000000000002,263.21250000000003,1.0887499999999999,0.01029625,3.325,46.81666666666667,-88.64166663333334
2001-07-28,3.5772764320709665,302.0875,287.2875,6.6875,222.425,0.9425,0.01197125,3.3375,46.81666666666667,-88.64166663333334
2001-08-05,3.0447401935468026,301.675,287.2625,1.3125,236.84999999999997,1.01125,0.011646250000000002,4.7,46.81666666666667,-88.64166663333334
2001-08-13,3.7426410331255613,296.6,283.0375,2.1,220.03750000000002,0.725,0.00843375,3.425,46.81666666666667,-88.64166663333334
2001-08-21,2.7923828773199273,299.9125,284.825,0.037500000000000006,222.7625,0.9187500000000001,0.00963875,3.075,46.81666666666667,-88.64166663333334
2001-08-29,3.1691736470074887,297.33750000000003,281.9875,1.125,202.06250000000003,0.77,0.008435000000000002,4.6375,46.81666666666667,-88.64166663333334
2001-09-06,2.4899939968639404,293.67499999999995,282.25,5.7375,134.675,0.45,0.008795,4.125000000000001,46.81666666666667,-88.64166663333334
2001-09-14,2.135700593431506,291.975,279.9375,0.21250000000000002,139.07500000000002,0.45,0.007146250000000001,2.9125000000000005,46.81666666666667,-88.64166663333334
2001-09-22,1.618592810000928,288.775,275.75,1.6250000000000002,152.0,0.44625000000000004,0.0052725,4.2875,46.81666666666667,-88.64166663333334
2001-09-30,1.136443106716681,288.5,275.325,2.8500000000000005,126.825,0.50875,0.0050625,5.025,46.81666666666667,-88.64166663333334
2001-10-08,0.9007425132851746,289.1625,276.51250000000005,1.9625000000000004,112.70000000000002,0.46625,0.00538875,5.7875,46.81666666666667,-88.64166663333334
2001-10-16,0.8992574867148254,285.73749999999995,272.8625,1.3250000000000002,105.525,0.4375,0.0038312500000000005,4.525,46.81666666666667,-88.64166663333334
2001-10-24,0.7007425132851747,282.5625,271.0625,5.199999999999999,82.9625,0.29750000000000004,0.0036862500000000003,6.9875,46.81666666666667,-88.64166663333334
2001-11-01,0.5992574867148255,285.37499999999994,274.75,1.4875,83.15,0.42874999999999996,0.00412,5.737499999999999,46.81666666666667,-88.64166663333334
2001-11-09,0.5,284.325,273.91249999999997,0.15000000000000002,76.5625,0.3075,0.004461250000000001,4.3125,46.81666666666667,-88.64166663333334
2001-11-17,0.41859281000092774,283.4625,273.22499999999997,2.5875000000000004,62.625,0.26249999999999996,0.0044075,5.2375,46.81666666666667,-88.64166663333334
2001-11-25,0.5,275.7125,269.2875,4.5,34.125,0.09000000000000001,0.0032375000000000004,6.262500000000001,46.81666666666667,-88.64166663333334
2001-12-03,0.30000000000000004,277.275,269.3625,2.6500000000000004,53.22500000000001,0.185,0.0029737500000000003,5.950000000000001,46.81666666666667,-88.64166663333334
2001-12-11,0.20000000000000004,275.15000000000003,268.3875,0.41250000000000003,52.025,0.11124999999999999,0.00288,4.2875,46.81666666666667,-88.64166663333334
2001-12-19,0.182149703284247,270.5375,263.825,3.4000000000000004,35.787499999999994,0.07125000000000001,0.00212875,6.550000000000001,46.81666666666667,-88.64166663333334
2001-12-27,0.18231104388471023,266.36,260.56000000000006,2.3400000000000003,38.84,0.052000000000000005,0.0015540000000000003,6.980000000000001,46.81666666666667,-88.64166663333334
2002-01-01,0.10016134060046324,271.275,261.7,0.3375,62.32500000000001,0.09,0.00194875,5.725000000000001,46.81666666666667,-88.64166663333334
2002-01-09,0.10074251328517465,272.53749999999997,266.4625,2.0875000000000004,55.112500000000004,0.0925,0.00245625,4.45,46.81666666666667,-88.64166663333334
2002-01-25,0.10000000000000002,271.0625,263.41249999999997,1.7750000000000004,59.737500000000004,0.11624999999999999,0.0019037500000000005,3.6875000000000004,46.81666666666667,-88.64166663333334
2002-02-02,0.10000000000000002,272.7,260.88750000000005,1.0125000000000002,92.2,0.12875,0.0018762499999999999,4.3375,46.81666666666667,-88.64166663333334
2002-02-10,0.10000000000000002,273.9375,261.46250000000003,0.9875,98.575,0.14125,0.0019850000000000002,4.625000000000001,46.81666666666667,-88.64166663333334
2002-02-18,0.10000000000000002,273.925,264.0625,5.475,84.41250000000001,0.12625,0.00228375,4.425,46.81666666666667,-88.64166663333334
2002-02-26,0.10000000000000002,266.2125,255.08749999999998,1.6750000000000003,126.18750000000001,0.1025,0.0009975000000000001,4.45,46.81666666666667,-88.64166663333334
2002-03-06,0.10000000000000002,271.47499999999997,258.025,6.625,121.4,0.135,0.0015475,5.7125,46.81666666666667,-88.64166663333334
2002-03-14,0.10000000000000002,273.54999999999995,262.34999999999997,3.725,154.48750000000004,0.1725,0.00183125,4.050000000000001,46.81666666666667,-88.64166663333334
2002-03-22,0.20000000000000004,273.7,260.2125,0.5375,196.425,0.16625,0.0018112500000000004,4.6000000000000005,46.81666666666667,-88.64166663333334
2002-03-30,0.1362817661162175,273.775,264.9875,0.7000000000000001,136.7375,0.1725,0.00199,3.3625,46.81666666666667,-88.64166663333334
2002-04-07,0.41859281000092774,283.1875,271.6375,7.1875,177.175,0.38875000000000004,0.003510000000000001,3.4125000000000005,46.81666666666667,-88.64166663333334
2002-04-15,0.6178502967157532,287.61249999999995,273.5375,1.875,244.70000000000005,0.6362499999999999,0.004370000000000001,4.6,46.81666666666667,-88.64166663333334
2002-04-23,0.7364431067166808,281.72499999999997,269.21250000000003,3.1125000000000003,214.75,0.38125,0.0026400000000000004,6.250000000000001,46.81666666666667,-88.64166663333334
2002-05-01,0.8364431067166809,284.725,271.7375,5.950000000000001,205.3375,0.49499999999999994,0.00300375,4.85,46.81666666666667,-88.64166663333334
2002-05-09,1.236443106716681,286.28749999999997,271.9875,0.7875000000000001,208.675,0.5075000000000001,0.00343,5.550000000000001,46.81666666666667,-88.64166663333334
2002-05-17,1.1526470362616212,285.1,270.1375,0.0,247.63750000000002,0.52125,0.0030837500000000006,4.3875,46.81666666666667,-88.64166663333334
2002-05-25,1.394126395374061,295.50000000000006,280.1875,2.6375,257.1125,0.9637499999999999,0.005965000000000001,4.2875000000000005,46.81666666666667,-88.64166663333334
2002-06-02,2.8998386593995376,294.125,278.78749999999997,3.3125000000000004,249.025,0.75375,0.00635375,4.55,46.81666666666667,-88.64166663333334
2002-06-10,3.5,293.61249999999995,280.3,4.0625,231.81250000000003,0.62125,0.00704,3.3375,46.81666666666667,-88.64166663333334
2002-06-18,3.737185620001856,299.91249999999997,284.5625,3.6375,242.9125,0.97625,0.009331250000000001,4.6499999999999995,46.81666666666667,-88.64166663333334
2002-06-26,4.117269124031043,303.675,289.525,0.9875,289.76250000000005,1.2962500000000001,0.01178375,4.6625000000000005,46.81666666666667,-88.64166663333334
2002-07-04,3.892221536719464,298.95,284.0625,3.575,281.525,0.91625,0.009071250000000001,3.1125000000000003,46.81666666666667,-88.64166663333334
2002-07-12,3.8643652368676507,302.375,287.35,0.15000000000000002,298.5,1.13625,0.010861250000000001,3.925,46.81666666666667,-88.64166663333334
2002-07-20,2.8185944505829426,300.525,285.9375,5.325000000000001,254.33750000000003,1.0025000000000002,0.010132500000000001,3.25,46.81666666666667,-88.64166663333334
2002-07-28,3.7686573353962203,300.0,286.7125,5.925000000000001,225.7375,0.8624999999999999,0.010743750000000002,4.0875,46.81666666666667,-88.64166663333334
2002-08-05,2.8918658943523576,298.7,284.59999999999997,0.3375,244.50000000000003,0.79,0.00986375,3.5500000000000003,46.81666666666667,-88.64166663333334
2002-08-13,4.0351194207467955,296.90000000000003,284.0125,4.362500000000001,224.4375,0.7150000000000001,0.00890125,5.812500000000001,46.81666666666667,-88.64166663333334
2002-08-21,3.5271796168657956,298.3875,284.2375,3.4125000000000005,207.375,0.685,0.01000375,3.3499999999999996,46.81666666666667,-88.64166663333334
2002-08-29,4.034796739545868,298.87499999999994,285.925,4.75,192.75,0.73875,0.010561250000000001,4.4875,46.81666666666667,-88.64166663333334
2002-09-06,2.693286731205565,299.47499999999997,285.4125,3.05,177.61250000000004,0.795,0.01057,4.325,46.81666666666667,-88.64166663333334
2002-09-14,3.4349580801463317,294.90000000000003,281.625,3.9625000000000004,153.50000000000003,0.56,0.008365000000000001,4.237500000000001,46.81666666666667,-88.64166663333334
2002-09-22,2.6128140443199936,287.21250000000003,276.0875,4.525,117.175,0.3325,0.00538625,3.7500000000000004,46.81666666666667,-88.64166663333334
2002-09-30,2.097029946859302,287.17499999999995,276.2125,11.525,100.9375,0.335,0.005948750000000001,5.037500000000001,46.81666666666667,-88.64166663333334
2002-10-08,1.6263712732814644,285.325,272.9375,1.5625000000000002,110.57500000000002,0.35125,0.004388750000000001,6.1375,46.81666666666667,-88.64166663333334
2002-10-16,1.0814071899990725,276.65,269.9375,3.7125000000000004,74.8125,0.1875,0.002805,4.7250000000000005,46.81666666666667,-88.64166663333334
2002-10-24,0.6364431067166808,276.33750000000003,269.28749999999997,0.8625,70.5,0.14500000000000002,0.0029612500000000003,4.3875,46.81666666666667,-88.64166663333334
2002-11-01,0.6007425132851747,276.775,267.0,0.4125,74.01249999999999,0.15125,0.0027775,5.6625000000000005,46.81666666666667,-88.64166663333334
2002-11-09,0.41875415060139093,276.55,267.35,2.075,59.1375,0.18375000000000002,0.00265,4.425,46.81666666666667,-88.64166663333334
2002-11-17,0.41785029671575313,274.81250000000006,267.1125,1.1500000000000001,46.725,0.13999999999999999,0.0025175,5.237500000000001,46.81666666666667,-88.64166663333334
2002-11-25,0.3992574867148254,271.075,263.6875,2.4,45.887499999999996,0.1075,0.0019487500000000002,7.375,46.81666666666667,-88.64166663333334
2002-12-03,0.21785029671575307,270.02500000000003,261.38750000000005,0.7875000000000001,56.81250000000001,0.12,0.0016,7.487500000000001,46.81666666666667,-88.64166663333334
2002-12-11,0.10000000000000002,274.7375,265.61249999999995,0.375,51.6,0.11124999999999999,0.00257625,5.862500000000001,46.81666666666667,-88.64166663333334
2002-12-19,0.10000000000000002,272.71250000000003,265.9625,1.7375000000000003,40.300000000000004,0.10874999999999999,0.00234125,7.0375,46.81666666666667,-88.64166663333334
2002-12-27,0.10000000000000002,274.64,264.68,0.18,56.46,0.162,0.0021700000000000005,7.200000000000001,46.81666666666667,-88.64166663333334
2003-01-01,0.10000000000000002,272.47499999999997,264.0375,0.0,56.95,0.15625,0.001855,5.300000000000001,46.81666666666667,-88.64166663333334
2003-01-09,0.1357005934315061,266.2375,257.625,2.9625,56.2,0.09749999999999998,0.00115,9.0375,46.81666666666667,-88.64166663333334
2003-01-17,0.11694644283011518,262.13750000000005,254.08749999999998,2.2,63.81249999999999,0.07625,0.0007900000000000001,8.1625,46.81666666666667,-88.64166663333334
2003-01-25,0.11785029671575303,266.95,255.75,1.575,69.97500000000001,0.0975,0.0012075000000000002,6.300000000000001,46.81666666666667,-88.64166663333334
2003-02-02,0.1992574867148254,267.65000000000003,255.57500000000002,2.4625000000000004,77.475,0.10999999999999999,0.0011787500000000001,7.85,46.81666666666667,-88.64166663333334
2003-02-10,0.10000000000000002,264.6125,251.6375,1.1125,102.27499999999999,0.11500000000000002,0.0006925000000000001,6.675,46.81666666666667,-88.64166663333334
2003-02-18,0.11859281000092767,266.1875,254.75000000000003,1.3250000000000002,104.61250000000001,0.10375,0.001095,5.3375,46.81666666666667,-88.64166663333334
2003-02-26,0.11785029671575303,268.55,252.3625,0.3,143.81250000000003,0.12625,0.00104,3.6375,46.81666666666667,-88.64166663333334
2003-03-06,0.10074251328517465,267.675,253.75,0.6125,159.3375,0.1375,0.0009187500000000001,4.825,46.81666666666667,-88.64166663333334
2003-03-14,0.20000000000000004,281.7375,267.9375,3.6,171.27500000000003,0.34625,0.00272,3.3375000000000004,46.81666666666667,-88.64166663333334
2003-03-22,0.2814071899990724,280.4875,268.6125,4.7125,139.5125,0.39125,0.0024725000000000003,5.075,46.81666666666667,-88.64166663333334
2003-03-30,0.41785029671575313,274.2875,264.1,1.675,156.01250000000002,0.24124999999999996,0.00168,5.5625,46.81666666666667,-88.64166663333334
2003-04-07,0.5171077834305784,285.45,269.1375,0.17500000000000002,260.0375,0.65625,0.0025400000000000006,5.1875,46.81666666666667,-88.64166663333334
2003-04-15,0.6001613406004633,282.75,269.90000000000003,4.7124999999999995,195.8875,0.39125,0.0030524999999999997,5.7,46.81666666666667,-88.64166663333334
2003-04-23,0.7163652701454039,287.6875,271.875,0.1125,268.01250000000005,0.6825,0.0028300000000000005,3.4375000000000004,46.81666666666667,-88.64166663333334
2003-05-01,0.8837960704550596,288.6625,272.1875,0.21250000000000002,262.6625,0.6825,0.0031400000000000004,4.05,46.81666666666667,-88.64166663333334
2003-05-09,1.3178502967157528,289.09999999999997,274.97499999999997,11.887500000000001,219.23750000000004,0.645,0.00400625,5.5875,46.81666666666667,-88.64166663333334
2003-05-17,1.954293403432434,291.5375,274.7375,1.6125,255.41250000000002,0.71875,0.004432500000000001,4.237500000000001,46.81666666666667,-88.64166663333334
2003-05-25,2.355197257318072,292.0,275.97499999999997,2.9375,261.55,0.7875000000000001,0.004432500000000001,3.5,46.81666666666667,-88.64166663333334
2003-06-02,2.691801704635216,294.04999999999995,278.9625,1.8375000000000001,237.78750000000002,0.815,0.005651250000000001,2.7875,46.81666666666667,-88.64166663333334
2003-06-10,3.2160079871962823,296.725,280.41249999999997,1.675,257.4375,0.81125,0.007446250000000001,2.8500000000000005,46.81666666666667,-88.64166663333334
2003-06-18,3.7901553374644035,299.84999999999997,282.7125,2.25,287.3125,1.0775,0.008297500000000001,2.975,46.81666666666667,-88.64166663333334
2003-06-26,3.4333430335596846,296.8875,281.4,1.0625,269.1,0.8225000000000001,0.008042500000000001,3.975000000000001,46.81666666666667,-88.64166663333334
2003-07-04,3.6985808037288073,297.34999999999997,283.775,1.8875000000000002,256.2625,0.8425,0.00858625,4.4125,46.81666666666667,-88.64166663333334
2003-07-12,3.3790841398422424,298.31249999999994,282.6,1.7625,286.06250000000006,0.9275,0.0081425,4.3,46.81666666666667,-88.64166663333334
2003-07-20,3.751484690892199,298.35,283.875,2.6500000000000004,267.76250000000005,0.8375000000000001,0.009237500000000003,3.275,46.81666666666667,-88.64166663333334
2003-07-28,3.68999399686394,297.4875,284.03749999999997,6.2625,222.65,0.6825000000000001,0.009475000000000003,2.275,46.81666666666667,-88.64166663333334
2003-08-05,3.6085868068648677,297.5625,283.9875,0.275,243.175,0.60375,0.009966250000000001,2.8375000000000004,46.81666666666667,-88.64166663333334
2003-08-13,3.7450299135815484,302.175,287.05000000000007,1.45,245.90000000000003,0.8575,0.012343750000000002,3.7375000000000003,46.81666666666667,-88.64166663333334
2003-08-21,3.0387036077383853,298.48749999999995,284.125,3.1125000000000003,223.4125,0.755,0.009786250000000002,4.5625,46.81666666666667,-88.64166663333334
2003-08-29,3.5636227235824762,294.43750000000006,279.6375,0.1875,210.53750000000002,0.6637500000000001,0.006957500000000001,5.0125,46.81666666666667,-88.64166663333334
2003-09-06,3.1249520770102714,299.925,285.2625,2.675,191.4375,0.79875,0.010583750000000001,4.237500000000001,46.81666666666667,-88.64166663333334
2003-09-14,2.6907365101491147,293.35,280.2875,2.7625,149.47500000000002,0.5575,0.0073125,5.200000000000001,46.81666666666667,-88.64166663333334
2003-09-22,2.254293403432434,285.675,275.775,5.0375000000000005,113.88750000000002,0.2575,0.0053525000000000005,6.4,46.81666666666667,-88.64166663333334
2003-09-30,1.3364431067166809,283.4875,272.0625,2.0625,126.86250000000001,0.36624999999999996,0.0038337500000000004,5.8375,46.81666666666667,-88.64166663333334
2003-10-08,0.8364431067166809,292.075,278.79999999999995,1.7375,145.1,0.68375,0.005997500000000001,6.050000000000001,46.81666666666667,-88.64166663333334
2003-10-16,0.8814071899990724,283.7625,273.8375,0.675,92.47500000000001,0.32625,0.00412125,3.7624999999999997,46.81666666666667,-88.64166663333334
2003-10-24,0.7000000000000001,280.5875,271.57500000000005,3.25,60.46250000000001,0.19375000000000003,0.0037737500000000006,4.4625,46.81666666666667,-88.64166663333334
2003-11-01,0.517850296715753,274.17499999999995,267.7375,1.25,67.1875,0.18124999999999997,0.0023025000000000003,7.2875000000000005,46.81666666666667,-88.64166663333334
2003-11-09,0.4001613406004633,277.925,269.1875,1.4000000000000001,64.8875,0.195,0.0029875,5.949999999999999,46.81666666666667,-88.64166663333334
2003-11-17,0.4000000000000001,278.225,270.2,5.725,50.4375,0.1875,0.0032825000000000007,7.175,46.81666666666667,-88.64166663333334
2003-11-25,0.1990961461143622,273.5625,266.125,0.8875000000000001,47.4875,0.12125000000000001,0.0023787500000000002,6.85,46.81666666666667,-88.64166663333334
2003-12-03,0.11785029671575303,274.3,265.4,3.975,40.262499999999996,0.12374999999999999,0.0024000000000000002,4.825,46.81666666666667,-88.64166663333334
2003-12-11,0.20000000000000004,271.325,262.7875,1.7375,43.025000000000006,0.10749999999999998,0.001915,6.4625,46.81666666666667,-88.64166663333334
2003-12-19,0.11785029671575303,273.17499999999995,262.46250000000003,0.925,52.7,0.12375,0.0020350000000000004,5.312499999999999,46.81666666666667,-88.64166663333334
2003-12-27,0.10000000000000002,274.03999999999996,266.88,0.9200000000000002,36.62,0.11600000000000002,0.00259,6.4,46.81666666666667,-88.64166663333334
2004-01-01,0.0,266.28749999999997,256.95000000000005,2.0749999999999997,55.85000000000001,0.07750000000000001,0.0013150000000000002,7.0375000000000005,46.81666666666667,-88.64166663333334
2004-01-09,0.0,265.8625,257.7,2.1,41.5125,0.07,0.0012925,5.0375000000000005,46.81666666666667,-88.64166663333334
2004-01-17,0.10000000000000002,262.0875,254.225,2.5999999999999996,53.5125,0.06,0.000915,7.324999999999999,46.81666666666667,-88.64166663333334
2004-01-25,0.10000000000000002,263.9125,255.425,1.4000000000000004,63.75000000000001,0.08,0.00100125,6.4624999999999995,46.81666666666667,-88.64166663333334
2004-02-02,0.10000000000000002,271.7625,258.72499999999997,2.2125,76.91250000000001,0.13374999999999998,0.0015725000000000001,5.25,46.81666666666667,-88.64166663333334
2004-02-10,0.11785029671575303,269.59999999999997,255.98749999999995,0.5625,97.12500000000001,0.1325,0.0011887500000000001,5.2375,46.81666666666667,-88.64166663333334
2004-02-18,0.11785029671575303,275.2,263.51250000000005,2.7,95.8125,0.14125000000000001,0.00229125,3.8875000000000006,46.81666666666667,-88.64166663333334
2004-02-26,0.10000000000000002,276.6,265.97499999999997,2.35,110.625,0.16625,0.0025787500000000003,3.2875000000000005,46.81666666666667,-88.64166663333334
2004-03-05,0.11859281000092767,273.45,264.0875,4.312500000000001,122.6875,0.1325,0.00215125,5.4125,46.81666666666667,-88.64166663333334
2004-03-13,0.21785029671575307,274.0125,262.5,2.3000000000000003,125.275,0.12875,0.002135,6.6375,46.81666666666667,-88.64166663333334
2004-03-21,0.3185928100009277,279.375,266.22499999999997,1.7000000000000002,184.81250000000003,0.22875,0.0031375000000000005,5.5375000000000005,46.81666666666667,-88.64166663333334
2004-03-29,0.4000000000000001,277.1375,266.1375,0.48750000000000004,197.41250000000002,0.23625,0.0022887500000000004,5.0874999999999995,46.81666666666667,-88.64166663333334
2004-04-06,0.5176889561152899,278.9,268.8375,0.85,152.6875,0.31875000000000003,0.0024675,3.1500000000000004,46.81666666666667,-88.64166663333334
2004-04-14,0.61768895611529,287.59999999999997,272.90000000000003,6.075,231.23750000000004,0.53375,0.0039012500000000006,4.575,46.81666666666667,-88.64166663333334
2004-04-22,0.8171077834305785,284.4,270.22499999999997,1.5875000000000001,218.6375,0.4425,0.0032737500000000006,4.675,46.81666666666667,-88.64166663333334
2004-04-30,0.9,284.06250000000006,270.81250000000006,0.0,237.675,0.485,0.0027900000000000004,3.9250000000000003,46.81666666666667,-88.64166663333334
2004-05-08,1.4000000000000001,291.0125,274.6625,3.5125,231.2625,0.64125,0.0050225,4.4375,46.81666666666667,-88.64166663333334
2004-05-16,1.3592631541727351,289.58750000000003,276.5,4.275,199.91250000000002,0.58375,0.004807500000000001,4.800000000000001,46.81666666666667,-88.64166663333334
2004-05-24,2.053550890147259,288.75,275.43749999999994,6.237500000000001,232.9625,0.535,0.004560000000000001,5.1625000000000005,46.81666666666667,-88.64166663333334
2004-06-01,2.869916160292663,295.67499999999995,280.2125,2.275,274.9375,0.8450000000000001,0.0069050000000000005,4.15,46.81666666666667,-88.64166663333334
2004-06-09,2.6269524459661757,294.65000000000003,279.55,2.4,243.8125,0.71,0.0068875,4.725,46.81666666666667,-88.64166663333334
2004-06-17,3.2830535571698856,292.73749999999995,278.6125,1.875,288.6,0.7287500000000001,0.00558625,5.7125,46.81666666666667,-88.64166663333334
2004-06-25,3.852808376862085,294.5625,279.53749999999997,0.6375000000000001,296.0,0.77125,0.00640875,4.4,46.81666666666667,-88.64166663333334
2004-07-03,3.6700775008931266,293.6125,280.6125,5.525,183.1875,0.525,0.0078825,3.2375,46.81666666666667,-88.64166663333334
2004-07-11,3.4420598604408505,298.5,284.325,1.1125,279.40000000000003,0.8137500000000001,0.009353750000000001,3.3875,46.81666666666667,-88.64166663333334
2004-07-19,3.29438257491953,298.6125,283.15000000000003,0.0,292.45000000000005,0.8950000000000001,0.00880875,3.6375000000000006,46.81666666666667,-88.64166663333334
2004-07-27,3.5613951837269524,298.375,284.6125,2.65,264.98750000000007,0.8250000000000001,0.009232500000000001,3.1999999999999997,46.81666666666667,-88.64166663333334
2004-08-04,3.6080056341801563,292.675,281.075,4.4750000000000005,185.73750000000004,0.51375,0.007433749999999999,3.975,46.81666666666667,-88.64166663333334
2004-08-12,3.567527279836676,293.97499999999997,279.63750000000005,0.4625,231.98750000000004,0.61875,0.00700625,4.887500000000001,46.81666666666667,-88.64166663333334
2004-08-20,3.5030665326677193,295.81249999999994,281.375,5.6375,229.95000000000002,0.645,0.008450000000000003,5.175000000000001,46.81666666666667,-88.64166663333334
2004-08-28,3.322563196554285,295.77500000000003,281.84999999999997,0.47500000000000003,192.60000000000002,0.57375,0.0089475,3.5124999999999997,46.81666666666667,-88.64166663333334
2004-09-05,3.143544887011199,295.45,281.6125,1.1875,168.77500000000003,0.55,0.00868,4.9,46.81666666666667,-88.64166663333334
2004-09-13,3.007263120894982,296.5125,283.0125,3.2125,165.33750000000003,0.715,0.00858125,5.687500000000001,46.81666666666667,-88.64166663333334
2004-09-21,2.3905751695486517,294.20000000000005,280.77500000000003,0.9625,148.37500000000003,0.615,0.007488750000000001,4.9625,46.81666666666667,-88.64166663333334
2004-09-29,2.1721437001481867,288.5625,273.8875,2.1500000000000004,140.0875,0.5387500000000001,0.00445625,7.300000000000001,46.81666666666667,-88.64166663333334
2004-10-07,1.3721437001481869,289.0875,276.9,1.2625,129.6125,0.51625,0.005156250000000001,4.6000000000000005,46.81666666666667,-88.64166663333334
2004-10-15,1.31417069145606,282.1,273.22499999999997,4.7875,90.275,0.22625,0.00426125,6.175000000000001,46.81666666666667,-88.64166663333334
2004-10-23,0.6373469606023187,286.07500000000005,276.65000000000003,4.300000000000001,82.3875,0.24875,0.0057125000000000006,4.75,46.81666666666667,-88.64166663333334
2004-10-31,0.5992574867148255,281.7625,271.27500000000003,0.55,72.0625,0.26875,0.0035262500000000003,5.7625,46.81666666666667,-88.64166663333334
2004-11-08,0.6000000000000001,278.65,268.9375,0.2,77.30000000000001,0.29,0.0024775,5.9375,46.81666666666667,-88.64166663333334
2004-11-16,0.5,281.11249999999995,271.1875,2.0875000000000004,65.05000000000001,0.23375,0.003672500000000001,6.3999999999999995,46.81666666666667,-88.64166663333334
2004-11-24,0.4000000000000001,273.975,267.525,4.05,48.050000000000004,0.16500000000000004,0.0022812500000000003,6.7125,46.81666666666667,-88.64166663333334
2004-12-02,0.4000000000000001,272.7875,265.05000000000007,1.8499999999999999,40.7625,0.095,0.0023575,6.062500000000002,46.81666666666667,-88.64166663333334
2004-12-10,0.20016134060046326,270.46250000000003,261.6625,4.05,46.375,0.09374999999999999,0.0018425000000000002,8.3625,46.81666666666667,-88.64166663333334
2004-12-18,0.20016134060046326,264.025,253.1,1.3125,31.912500000000005,0.065,0.0010075,7.2250000000000005,46.81666666666667,-88.64166663333334
2004-12-26,0.11785029671575303,271.2333333333333,259.8666666666666,2.1999999999999997,40.53333333333334,0.08666666666666667,0.0018900000000000004,6.666666666666667,46.81666666666667,-88.64166663333334
2005-01-01,0.20074251328517467,266.9125,258.52500000000003,1.3,70.625,0.07875,0.0013550000000000003,6.025000000000001,46.81666666666667,-88.64166663333334
2005-01-09,0.20074251328517467,264.75,256.25,1.3000000000000003,62.325,0.07750000000000001,0.001245,7.575000000000001,46.81666666666667,-88.64166663333334
2005-01-17,0.2185928100009277,264.5,255.15000000000003,2.2625000000000006,64.53750000000001,0.06999999999999999,0.001095,6.612500000000001,46.81666666666667,-88.64166663333334
2005-01-25,0.10074251328517465,270.975,260.1375,0.5750000000000001,81.65,0.10375,0.00176125,5.1375,46.81666666666667,-88.64166663333334
2005-02-02,0.10074251328517465,274.6125,263.3375,1.025,91.18750000000001,0.13625,0.00226875,5.5375000000000005,46.81666666666667,-88.64166663333334
2005-02-10,0.10074251328517465,272.08750000000003,260.4625,0.9750000000000001,91.1625,0.10625,0.0018937500000000003,6.325,46.81666666666667,-88.64166663333334
2005-02-18,0.10000000000000002,269.32500000000005,258.325,0.8000000000000002,87.15,0.0925,0.0015037499999999999,4.487500000000001,46.81666666666667,-88.64166663333334
2005-02-26,0.10074251328517465,271.8875,257.375,2.6625,134.55,0.12875,0.0015462500000000003,5.362500000000001,46.81666666666667,-88.64166663333334
2005-03-06,0.11859281000092767,270.8625,257.275,1.5125000000000002,137.775,0.14375,0.0013587500000000001,6.4,46.81666666666667,-88.64166663333334
2005-03-14,0.13718562000185536,273.2,261.275,0.8750000000000001,132.4,0.1725,0.0016375,3.4625000000000004,46.81666666666667,-88.64166663333334
2005-03-22,0.5,278.9125,263.15,0.0,197.16250000000002,0.29875,0.0020612500000000006,3.8875,46.81666666666667,-88.64166663333334
2005-03-30,0.5009038538856379,285.40000000000003,271.33750000000003,6.3375,185.85,0.4825,0.0033087500000000005,4.0,46.81666666666667,-88.64166663333334
2005-04-07,0.6364431067166808,289.2,272.775,0.0,256.6625,0.7712500000000001,0.0028225,4.925,46.81666666666667,-88.64166663333334
2005-04-15,0.7185928100009278,290.7,273.85,1.35,246.91250000000002,0.73625,0.004205,4.7125,46.81666666666667,-88.64166663333334
2005-04-23,1.0,279.6375,269.59999999999997,0.4125,186.6375,0.33375000000000005,0.0024512500000000003,4.9125,46.81666666666667,-88.64166663333334
2005-05-01,1.117850296715753,287.92499999999995,272.6,1.3375000000000001,232.8125,0.6600000000000001,0.0035375000000000003,5.175,46.81666666666667,-88.64166663333334
2005-05-09,1.9178502967157534,285.375,273.0,4.1875,170.53750000000002,0.415,0.0042225000000000006,5.0375000000000005,46.81666666666667,-88.64166663333334
2005-05-17,2.1446414020814655,291.475,278.1875,2.7249999999999996,214.6375,0.6125,0.00562875,3.8125000000000004,46.81666666666667,-88.64166663333334
2005-05-25,3.0180116373162167,292.3375,277.38750000000005,0.7,261.7125,0.70625,0.00533875,3.4875000000000003,46.81666666666667,-88.64166663333334
2005-06-02,3.37669361880424,298.575,283.175,1.7875000000000003,269.25,0.9725,0.00806125,4.7,46.81666666666667,-88.64166663333334
2005-06-10,3.6890259532611607,296.625,283.8625,5.825,256.83750000000003,0.8199999999999998,0.008331250000000002,4.025,46.81666666666667,-88.64166663333334
2005-06-18,4.008005634180156,299.9375,283.6125,0.625,307.6375,1.08625,0.008438750000000002,4.687499999999999,46.81666666666667,-88.64166663333334
2005-06-26,4.171723868063939,299.17499999999995,283.66249999999997,3.7624999999999997,287.6375,0.91625,0.0091,5.999999999999999,46.81666666666667,-88.64166663333334
2005-07-04,4.170658673577838,300.48749999999995,284.74999999999994,1.0250000000000001,301.4375,1.025,0.009671250000000001,3.0,46.81666666666667,-88.64166663333334
2005-07-12,2.9289873246370712,302.33750000000003,287.33750000000003,1.4875,292.8875,1.14625,0.0108175,3.5625,46.81666666666667,-88.64166663333334
2005-07-20,3.7432847549453996,299.5375,284.73749999999995,1.4250000000000003,274.9125,1.0875000000000001,0.00858125,4.1875,46.81666666666667,-88.64166663333334
2005-07-28,3.203776084786713,301.28749999999997,286.6,4.0,259.45,1.00625,0.010945,3.45,46.81666666666667,-88.64166663333334
2005-08-05,3.3968679349025375,300.22499999999997,285.47499999999997,1.8875,247.7375,0.9937500000000001,0.0097375,4.75,46.81666666666667,-88.64166663333334
2005-08-13,3.2592647947547504,297.6875,284.3125,3.525,234.45000000000002,0.8325,0.008715,4.4,46.81666666666667,-88.64166663333334
2005-08-21,2.9894457853454095,296.3375,283.25,0.36250000000000004,202.75000000000003,0.80375,0.00799,4.475,46.81666666666667,-88.64166663333334
2005-08-29,2.609006638949116,296.82500000000005,282.7,0.2,194.925,0.7575,0.0083975,4.925000000000001,46.81666666666667,-88.64166663333334
2005-09-06,2.4721437001481874,301.20000000000005,285.4625,4.3125,190.425,1.0875,0.009957500000000001,5.175000000000001,46.81666666666667,-88.64166663333334
2005-09-14,2.235700593431506,296.98749999999995,281.475,2.9625000000000004,174.5,0.8212500000000001,0.00771375,4.075,46.81666666666667,-88.64166663333334
2005-09-22,1.8171077834305787,291.58750000000003,277.91249999999997,2.7750000000000004,134.7875,0.46749999999999997,0.0065425000000000014,5.4750000000000005,46.81666666666667,-88.64166663333334
2005-09-30,1.3962874335741269,294.675,281.59999999999997,11.9875,131.025,0.715,0.0078575,6.062500000000001,46.81666666666667,-88.64166663333334
2005-10-08,1.2622332073134335,287.5625,277.05000000000007,0.9000000000000001,118.875,0.4000000000000001,0.005313750000000002,4.0125,46.81666666666667,-88.64166663333334
2005-10-16,1.1000000000000003,283.65,274.6625,3.7625,107.6625,0.30375,0.00429875,4.6,46.81666666666667,-88.64166663333334
2005-10-24,0.8000000000000002,284.125,274.4375,0.7625000000000001,89.0625,0.32375000000000004,0.0043100000000000005,4.6000000000000005,46.81666666666667,-88.64166663333334
2005-11-01,0.782149703284247,282.11249999999995,273.725,1.1875000000000002,77.11250000000001,0.24875,0.00405875,4.775,46.81666666666667,-88.64166663333334
2005-11-09,0.482149703284247,280.55,270.4375,7.1625,60.975,0.2375,0.0034350000000000006,7.3625,46.81666666666667,-88.64166663333334
2005-11-17,0.3814071899990724,272.52500000000003,265.6875,1.9250000000000003,49.4125,0.10125,0.0024025,8.0375,46.81666666666667,-88.64166663333334
2005-11-25,0.30000000000000004,271.875,265.45,2.9749999999999996,41.87500000000001,0.11,0.00225125,5.1625000000000005,46.81666666666667,-88.64166663333334
2005-12-03,0.1992574867148254,266.8875,260.9375,0.875,36.5125,0.10125,0.001345,7.575000000000001,46.81666666666667,-88.64166663333334
2005-12-11,0.21710778343057843,270.075,264.1375,1.6500000000000004,31.8125,0.11125,0.0018399999999999998,5.6,46.81666666666667,-88.64166663333334
2005-12-19,0.38850897029359055,271.83750000000003,265.1875,0.32500000000000007,45.5125,0.08,0.0023637500000000004,5.2125,46.81666666666667,-88.64166663333334
2005-12-27,0.17140118686301214,272.76,267.6,3.7199999999999998,37.120000000000005,0.072,0.002694,4.08,46.81666666666667,-88.64166663333334
2006-01-01,0.08140718999907236,274.25,268.075,1.2250000000000003,51.2875,0.08750000000000001,0.00284875,4.487500000000001,46.81666666666667,-88.64166663333334
2006-01-09,0.18140718999907238,273.725,266.2625,0.5375000000000001,59.900000000000006,0.11499999999999999,0.002445,6.6125,46.81666666666667,-88.64166663333334
2006-01-17,0.10000000000000002,271.53749999999997,264.65,2.4875,62.337500000000006,0.08499999999999999,0.00220125,6.65,46.81666666666667,-88.64166663333334
2006-01-25,0.09925748671482539,273.66249999999997,265.77500000000003,2.9125000000000005,68.175,0.11249999999999999,0.00245125,6.6375,46.81666666666667,-88.64166663333334
2006-02-02,0.10000000000000002,270.575,261.525,0.8875000000000001,82.30000000000001,0.13875,0.0015475,7.15,46.81666666666667,-88.64166663333334
2006-02-10,0.10000000000000002,268.975,257.0,1.2125000000000001,90.125,0.10374999999999998,0.0013625000000000002,6.05,46.81666666666667,-88.64166663333334
2006-02-18,0.11859281000092767,267.6375,256.125,2.275,111.37500000000001,0.0925,0.0012575,7.4750000000000005,46.81666666666667,-88.64166663333334
2006-02-26,0.11768895611528982,272.05,257.9875,0.0625,144.1375,0.14625,0.0015000000000000005,3.925,46.81666666666667,-88.64166663333334
2006-03-06,0.18140718999907238,278.1125,266.4875,4.525,158.7375,0.2125,0.002605,4.9,46.81666666666667,-88.64166663333334
2006-03-14,0.1815685305995356,273.3375,261.74999999999994,0.0,198.175,0.175,0.0016699999999999998,6.9125000000000005,46.81666666666667,-88.64166663333334
2006-03-22,0.49925748671482545,278.9375,266.72499999999997,0.8375000000000001,170.6125,0.26875,0.0024512500000000003,3.7125,46.81666666666667,-88.64166663333334
2006-03-30,0.6000000000000001,279.51250000000005,268.225,1.0375,189.4375,0.275,0.0027325000000000006,5.050000000000001,46.81666666666667,-88.64166663333334
2006-04-07,0.6349580801463315,287.7375,272.05,0.375,253.72500000000002,0.6425000000000001,0.00347875,5.200000000000001,46.81666666666667,-88.64166663333334
2006-04-15,0.8178502967157532,290.825,274.9125,1.625,250.23750000000004,0.7425,0.003945000000000001,3.7375000000000003,46.81666666666667,-88.64166663333334
2006-04-23,0.9814071899990724,287.775,272.9,0.46249999999999997,234.75,0.605,0.003422500000000001,5.4750000000000005,46.81666666666667,-88.64166663333334
2006-05-01,1.2007425132851748,288.1875,275.23749999999995,1.4625000000000001,211.46250000000003,0.5700000000000001,0.00428125,5.0375000000000005,46.81666666666667,-88.64166663333334
2006-05-09,1.880664676713898,286.775,276.0,10.587499999999999,165.13750000000002,0.41624999999999995,0.004901250000000001,5.375000000000001,46.81666666666667,-88.64166663333334
2006-05-17,1.9790183095430853,287.47499999999997,274.1125,0.85,258.5875,0.56375,0.0040575,4.7625,46.81666666666667,-88.64166663333334
2006-05-25,2.191898184162236,298.75,284.45000000000005,1.1125,265.3,0.9975,0.008601250000000001,3.7624999999999997,46.81666666666667,-88.64166663333334
2006-06-02,3.4357005934315064,295.175,279.5625,2.6750000000000003,289.3,0.7937499999999998,0.006628750000000001,3.4125000000000005,46.81666666666667,-88.64166663333334
2006-06-10,3.423467050439923,295.4125,279.0125,1.2625000000000002,275.92500000000007,0.77625,0.007178749999999999,3.3375000000000004,46.81666666666667,-88.64166663333334
2006-06-18,3.6699161602926633,296.4875,280.65,0.6,290.51250000000005,0.8487499999999999,0.007075000000000001,4.25,46.81666666666667,-88.64166663333334
2006-06-26,3.7700775008931267,298.21250000000003,282.7,1.225,285.33750000000003,0.98125,0.007767500000000001,4.25,46.81666666666667,-88.64166663333334
2006-07-04,3.798095141345403,297.54999999999995,281.7125,1.1875,278.46250000000003,0.8912500000000001,0.0076862499999999995,4.2250000000000005,46.81666666666667,-88.64166663333334
2006-07-12,3.715945438061156,303.16249999999997,287.48749999999995,3.675,292.22499999999997,1.2337500000000001,0.010883750000000001,3.95,46.81666666666667,-88.64166663333334
2006-07-20,3.797191287459765,300.29999999999995,285.7875,4.0625,274.77500000000003,1.0637500000000002,0.009333750000000002,2.8249999999999997,46.81666666666667,-88.64166663333334
2006-07-28,3.5183343185171427,302.025,287.95,4.975,254.03750000000002,1.01625,0.01161875,3.8000000000000003,46.81666666666667,-88.64166663333334
2006-08-05,3.0687215251133617,297.75,282.675,0.0,245.75000000000003,0.705,0.009142500000000001,4.4375,46.81666666666667,-88.64166663333334
2006-08-13,3.6986763140301147,298.4375,283.34999999999997,3.325,238.26250000000005,0.7825,0.009243750000000002,4.7125,46.81666666666667,-88.64166663333334
2006-08-21,3.5519045229764465,297.21250000000003,282.525,1.8375000000000004,221.31250000000003,0.735,0.008536249999999999,3.5875000000000004,46.81666666666667,-88.64166663333334
2006-08-29,3.152808376862085,296.275,280.65,0.0,219.8,0.69875,0.0077887500000000005,3.3124999999999996,46.81666666666667,-88.64166663333334
2006-09-06,2.7163652701454035,292.375,276.96250000000003,1.7375000000000003,182.5375,0.49375,0.006678750000000001,3.8750000000000004,46.81666666666667,-88.64166663333334
2006-09-14,2.053550890147259,291.925,278.08750000000003,2.0375,141.43750000000003,0.49875,0.0068525,5.650000000000001,46.81666666666667,-88.64166663333334
2006-09-22,1.6171077834305787,287.24999999999994,275.7,2.125,109.10000000000001,0.2975,0.005591250000000001,5.9625,46.81666666666667,-88.64166663333334
2006-09-30,0.9001613406004633,291.15000000000003,276.0625,0.7125,153.70000000000002,0.645,0.005018750000000001,4.9625,46.81666666666667,-88.64166663333334
2006-10-08,0.8635568932833193,281.97499999999997,270.5,4.4875,103.60000000000001,0.34625,0.0032900000000000004,8.85,46.81666666666667,-88.64166663333334
2006-10-16,0.6000000000000001,278.825,270.325,1.5250000000000001,66.28750000000001,0.15,0.0035775,5.050000000000001,46.81666666666667,-88.64166663333334
2006-10-24,0.5814071899990725,281.18750000000006,269.85,0.48750000000000004,106.525,0.30375,0.0030237500000000004,6.050000000000001,46.81666666666667,-88.64166663333334
2006-11-01,0.5806646767138979,279.775,271.95,1.7750000000000001,61.462500000000006,0.26,0.0035112500000000005,5.875,46.81666666666667,-88.64166663333334
2006-11-09,0.4814071899990724,277.925,270.36250000000007,1.05,68.625,0.19250000000000003,0.0031312500000000004,4.9125000000000005,46.81666666666667,-88.64166663333334
2006-11-17,0.3990961461143622,277.91249999999997,270.76250000000005,0.2,67.33749999999999,0.19625,0.00314125,5.050000000000001,46.81666666666667,-88.64166663333334
2006-11-25,0.4000000000000001,276.72499999999997,268.08750000000003,1.6375,53.45,0.19499999999999998,0.0027775,6.312500000000001,46.81666666666667,-88.64166663333334
2006-12-03,0.364299406568494,270.6,261.95,0.8625,43.8375,0.11125,0.0017737500000000004,7.6375,46.81666666666667,-88.64166663333334
2006-12-11,0.5814071899990725,275.66249999999997,268.67499999999995,1.3125,49.075,0.12,0.00295375,6.675000000000001,46.81666666666667,-88.64166663333334
2006-12-19,0.6000000000000001,274.17499999999995,266.9,2.3625000000000003,53.66250000000001,0.11625,0.002565,6.237500000000001,46.81666666666667,-88.64166663333334
2006-12-27,0.4000000000000001,273.74000000000007,266.36,3.8400000000000007,49.379999999999995,0.052000000000000005,0.0028980000000000004,3.62,46.81666666666667,-88.64166663333334
2007-01-01,0.21710778343057843,273.75,266.3625,1.5250000000000001,69.2875,0.11124999999999999,0.0024737500000000003,7.4,46.81666666666667,-88.64166663333334
2007-01-09,0.23553925283104288,267.31249999999994,259.53749999999997,1.5375,60.9,0.09000000000000001,0.00138625,6.5375,46.81666666666667,-88.64166663333334
2007-01-17,0.2533895495467959,267.7,258.6625,1.9000000000000001,61.462500000000006,0.07875000000000001,0.00143125,7.1625,46.81666666666667,-88.64166663333334
2007-01-25,0.21768895611528985,265.8875,256.29999999999995,1.7250000000000003,81.21250000000002,0.06625,0.001235,6.15,46.81666666666667,-88.64166663333334
2007-02-02,0.11785029671575303,259.65,249.85,0.8250000000000002,83.7625,0.06625,0.00057625,8.75,46.81666666666667,-88.64166663333334
2007-02-10,0.11785029671575303,263.2625,252.9625,0.1375,98.85000000000002,0.08249999999999999,0.0007850000000000001,6.875,46.81666666666667,-88.64166663333334
2007-02-18,0.1990961461143622,270.79999999999995,258.54999999999995,1.475,108.8375,0.13624999999999998,0.0014387500000000001,5.3500000000000005,46.81666666666667,-88.64166663333334
2007-02-26,0.20000000000000004,271.725,261.8,3.0,105.75,0.15000000000000002,0.0016437500000000002,7.1125,46.81666666666667,-88.64166663333334
2007-03-06,0.10000000000000002,275.67499999999995,263.375,0.4625,164.85000000000002,0.20625,0.00213375,5.3125,46.81666666666667,-88.64166663333334
2007-03-14,0.20000000000000004,275.15,262.13750000000005,0.725,181.8125,0.19624999999999998,0.0018825,5.1,46.81666666666667,-88.64166663333334
2007-03-22,0.30000000000000004,285.775,271.53749999999997,1.9250000000000003,196.7875,0.5212500000000001,0.00330375,4.9125,46.81666666666667,-88.64166663333334
2007-03-30,0.41859281000092774,275.41249999999997,265.05,4.35,139.9625,0.19125,0.0023562500000000003,8.65,46.81666666666667,-88.64166663333334
2007-04-07,0.6000000000000001,274.575,264.35,0.8500000000000001,214.5875,0.2425,0.00169625,5.175000000000001,46.81666666666667,-88.64166663333334
2007-04-15,0.7178502967157532,287.8875,271.5125,0.2375,259.35,0.6275,0.0034387500000000004,3.5625,46.81666666666667,-88.64166663333334
2007-04-23,1.0992574867148255,288.66249999999997,273.3875,1.4250000000000003,288.52500000000003,0.69125,0.00329875,3.8875000000000006,46.81666666666667,-88.64166663333334
2007-05-01,1.362814379998145,291.0125,276.0,0.5625,239.95000000000005,0.8250000000000001,0.003851250000000001,5.375,46.81666666666667,-88.64166663333334
2007-05-09,1.5990961461143625,291.425,276.41249999999997,1.7375000000000003,233.17499999999998,0.7649999999999999,0.004741250000000001,3.65,46.81666666666667,-88.64166663333334
2007-05-17,2.280664676713898,293.5875,276.1625,3.0,256.20000000000005,0.8175000000000001,0.005313750000000001,5.925,46.81666666666667,-88.64166663333334
2007-05-25,3.034054226260694,294.7125,280.84999999999997,1.6875,247.65000000000003,0.88625,0.006287500000000001,4.9625,46.81666666666667,-88.64166663333334
2007-06-02,3.6358619340319693,293.53749999999997,278.6875,2.3375000000000004,227.175,0.7112500000000002,0.00628,5.2625,46.81666666666667,-88.64166663333334
2007-06-10,3.6724663813491136,300.375,284.3875,2.6875,290.5625,1.09625,0.0087325,3.1125,46.81666666666667,-88.64166663333334
2007-06-18,3.5466097790969027,298.25000000000006,282.01250000000005,1.8,291.3875,0.9849999999999999,0.0076925000000000006,5.6875,46.81666666666667,-88.64166663333334
2007-06-26,3.8901553374644036,295.62499999999994,280.22499999999997,0.65,275.225,0.81625,0.007062499999999999,4.200000000000001,46.81666666666667,-88.64166663333334
2007-07-04,3.6071017802945184,299.6875,284.92499999999995,2.6,272.475,1.02125,0.0089925,4.9125000000000005,46.81666666666667,-88.64166663333334
2007-07-12,3.507263120894982,296.225,281.3625,2.125,273.825,0.8325000000000001,0.007240000000000002,4.2875,46.81666666666667,-88.64166663333334
2007-07-20,3.2413173471556758,302.375,285.875,0.4625,286.63750000000005,1.1500000000000004,0.010490000000000001,2.5,46.81666666666667,-88.64166663333334
2007-07-28,3.1233057098394594,302.125,285.6625,1.0125,286.15000000000003,1.2975,0.00916625,4.300000000000001,46.81666666666667,-88.64166663333334
2007-08-05,3.006359267009344,300.5875,284.675,0.35000000000000003,249.51250000000002,0.875,0.010436250000000001,3.0875,46.81666666666667,-88.64166663333334
2007-08-13,2.907263120894982,296.48749999999995,280.7875,0.1125,246.75,0.8350000000000001,0.007241250000000001,4.4375,46.81666666666667,-88.64166663333334
2007-08-21,2.5435448870111994,299.65,284.0625,3.6,207.80000000000004,0.9325,0.0093275,3.9124999999999996,46.81666666666667,-88.64166663333334
2007-08-29,2.388508970293591,298.375,283.025,4.2,208.13750000000002,0.9050000000000001,0.00840625,4.4375,46.81666666666667,-88.64166663333334
2007-09-06,1.9528083768620847,291.62500000000006,280.325,2.3375000000000004,160.85000000000002,0.46125,0.007438750000000001,5.95,46.81666666666667,-88.64166663333334
2007-09-14,1.7806646767138978,293.41249999999997,279.525,9.9875,149.20000000000002,0.5575,0.007467500000000001,6.787500000000001,46.81666666666667,-88.64166663333334
2007-09-22,1.5814071899990725,293.65,279.6125,2.7875,158.55,0.61875,0.0070350000000000005,5.85,46.81666666666667,-88.64166663333334
2007-09-30,1.3814071899990725,295.5875,284.3,11.025,135.28750000000002,0.7062499999999999,0.0084025,5.4875,46.81666666666667,-88.64166663333334
2007-10-08,1.0814071899990725,285.1875,274.73749999999995,4.575,111.72500000000001,0.325,0.004785,5.8875,46.81666666666667,-88.64166663333334
2007-10-16,1.162814379998145,287.72499999999997,277.8875,4.5125,87.38749999999999,0.40625000000000006,0.005477500000000001,6.25,46.81666666666667,-88.64166663333334
2007-10-24,0.9628143799981448,284.05,272.625,0.45,109.65,0.39875,0.0035575000000000003,6.125,46.81666666666667,-88.64166663333334
2007-11-01,0.8814071899990724,277.5625,270.3625,0.475,71.625,0.23375,0.002785,6.45,46.81666666666667,-88.64166663333334
2007-11-09,0.7812458493986093,278.425,270.8375,2.4625000000000004,59.349999999999994,0.23500000000000001,0.0030262500000000003,6.2250000000000005,46.81666666666667,-88.64166663333334
2007-11-17,0.5814071899990725,273.2875,267.3,1.35,52.575,0.12375,0.0024375000000000004,6.675000000000001,46.81666666666667,-88.64166663333334
2007-11-25,0.4635568932833194,269.75,262.7,1.65,46.212500000000006,0.08875,0.0018837500000000004,7.7875000000000005,46.81666666666667,-88.64166663333334
2007-12-03,0.36355689328331936,266.9375,259.0875,3.200000000000001,58.412499999999994,0.08,0.0013762500000000003,7.1499999999999995,46.81666666666667,-88.64166663333334
2007-12-11,0.20000000000000004,268.925,259.2375,0.41250000000000003,48.3875,0.08374999999999999,0.00156625,5.825000000000001,46.81666666666667,-88.64166663333334
2007-12-19,0.182149703284247,272.8375,266.33750000000003,1.8375000000000001,36.81250000000001,0.08499999999999999,0.0025312500000000005,4.9,46.81666666666667,-88.64166663333334
2007-12-27,0.10000000000000002,270.03999999999996,261.79999999999995,3.7,47.86,0.086,0.0018000000000000002,4.0600000000000005,46.81666666666667,-88.64166663333334
2008-01-01,0.10000000000000002,271.4,263.8125,0.7625,57.575,0.11750000000000001,0.0020025,5.9875,46.81666666666667,-88.64166663333334
2008-01-09,0.11859281000092767,272.275,265.32500000000005,1.1500000000000001,51.28750000000001,0.135,0.00205125,4.725,46.81666666666667,-88.64166663333334
2008-01-17,0.10000000000000002,261.9625,255.38750000000002,2.425,67.75,0.07625000000000001,0.0008637500000000002,7.775,46.81666666666667,-88.64166663333334
2008-01-25,0.10000000000000002,268.6375,256.4375,1.4375,74.3125,0.10375,0.0013862500000000001,6.737500000000001,46.81666666666667,-88.64166663333334
2008-02-02,0.11785029671575303,271.9375,257.71250000000003,1.7000000000000002,85.2125,0.11374999999999999,0.0016675000000000004,3.9250000000000003,46.81666666666667,-88.64166663333334
2008-02-10,0.10000000000000002,265.11249999999995,251.42499999999995,1.5750000000000002,100.56250000000001,0.085,0.0009612500000000001,6.2875000000000005,46.81666666666667,-88.64166663333334
2008-02-18,0.09925748671482539,268.21250000000003,255.23750000000004,0.3375,112.575,0.10750000000000001,0.00119625,5.7749999999999995,46.81666666666667,-88.64166663333334
2008-02-26,0.10000000000000002,270.2875,255.54999999999998,0.3875,134.32500000000002,0.12624999999999997,0.0013050000000000002,4.737500000000001,46.81666666666667,-88.64166663333334
2008-03-05,0.10000000000000002,270.24999999999994,255.37499999999997,0.5875,159.64999999999998,0.1425,0.00125625,4.050000000000001,46.81666666666667,-88.64166663333334
2008-03-13,0.10000000000000002,273.8875,261.3125,1.0750000000000002,141.08750000000003,0.1375,0.0019825000000000003,4.1875,46.81666666666667,-88.64166663333334
2008-03-21,0.1992574867148254,273.24999999999994,259.5,1.0999999999999999,170.42499999999998,0.14250000000000002,0.0017399999999999998,4.362500000000001,46.81666666666667,-88.64166663333334
2008-03-29,0.3178502967157531,278.4625,265.9,1.925,204.56250000000003,0.27625,0.0023350000000000003,5.2124999999999995,46.81666666666667,-88.64166663333334
2008-04-06,0.5,277.875,267.7375,4.699999999999999,171.65,0.2425,0.0026174999999999996,6.6125,46.81666666666667,-88.64166663333334
2008-04-14,0.6178502967157532,287.22499999999997,272.59999999999997,1.2375,226.66250000000002,0.5337500000000001,0.0038112500000000004,4.887500000000001,46.81666666666667,-88.64166663333334
2008-04-22,0.8000000000000002,284.41249999999997,271.725,2.3,177.03750000000002,0.46625000000000005,0.00344125,5.887500000000001,46.81666666666667,-88.64166663333334
2008-04-30,0.9992574867148255,285.275,272.2125,5.775,196.075,0.48500000000000004,0.0033274999999999997,4.4375,46.81666666666667,-88.64166663333334
2008-05-08,0.7206590092559884,286.8375,273.7875,0.4,232.05,0.5499999999999999,0.0035900000000000003,3.8625000000000003,46.81666666666667,-88.64166663333334
2008-05-16,1.1191739826856393,285.29999999999995,273.9125,0.8500000000000001,214.175,0.46625000000000005,0.0036537500000000003,4.637500000000001,46.81666666666667,-88.64166663333334
2008-05-24,2.134215566861157,291.11249999999995,274.35,1.175,253.57500000000002,0.61375,0.004935,4.1875,46.81666666666667,-88.64166663333334
2008-06-01,2.577113450888488,295.6375,280.9,1.0875000000000001,248.53750000000002,0.8325,0.006937500000000001,5.1000000000000005,46.81666666666667,-88.64166663333334
2008-06-09,3.234958080146332,294.0,280.675,2.2375000000000003,242.35,0.73,0.006686250000000001,5.3375,46.81666666666667,-88.64166663333334
2008-06-17,2.739801671357463,294.73750000000007,280.70000000000005,0.1375,267.925,0.8162500000000001,0.00643375,3.900000000000001,46.81666666666667,-88.64166663333334
2008-06-25,3.9520658635769106,298.34999999999997,284.175,5.1625000000000005,264.1625,0.9262500000000001,0.00856,4.55,46.81666666666667,-88.64166663333334
2008-07-03,3.7714011868630126,297.55,283.38750000000005,4.1000000000000005,288.725,0.835,0.008453750000000001,4.675,46.81666666666667,-88.64166663333334
2008-07-11,3.853712230747723,298.325,284.975,4.9,274.0,0.90875,0.008905,5.112500000000001,46.81666666666667,-88.64166663333334
2008-07-19,3.115170634966103,297.40000000000003,284.525,1.7375000000000003,255.52500000000003,0.8200000000000001,0.00866875,3.575,46.81666666666667,-88.64166663333334
2008-07-27,3.6429637143264877,298.6125,285.32499999999993,2.5875000000000004,260.02500000000003,0.86125,0.009331250000000003,3.125000000000001,46.81666666666667,-88.64166663333334
2008-08-04,3.28792779760888,297.225,282.79999999999995,0.525,265.1625,0.785,0.008438750000000002,3.0125000000000006,46.81666666666667,-88.64166663333334
2008-08-12,3.562137697012127,298.5125,282.7,0.1875,231.4,0.8837499999999999,0.00848625,3.7500000000000004,46.81666666666667,-88.64166663333334
2008-08-20,3.3799879937278803,298.8125,282.7625,1.85,238.07500000000002,0.9512499999999999,0.00843,4.575,46.81666666666667,-88.64166663333334
2008-08-28,2.7988392952125922,297.57499999999993,283.625,2.9875,206.95000000000002,0.84375,0.008736250000000001,4.7875000000000005,46.81666666666667,-88.64166663333334
2008-09-05,2.7074244614954446,290.71250000000003,279.3625,3.1375,171.77500000000003,0.4225,0.006696250000000001,4.0125,46.81666666666667,-88.64166663333334
2008-09-13,2.65206586357691,292.225,279.3625,4.075,148.3,0.4575,0.007248750000000001,5.075,46.81666666666667,-88.64166663333334
2008-09-21,1.6307933918263318,294.525,281.25,1.2750000000000001,150.15,0.60875,0.007798749999999999,4.8625,46.81666666666667,-88.64166663333334
2008-09-29,1.6000000000000003,284.6375,275.6,2.1250000000000004,115.2375,0.26625,0.00495,5.2625,46.81666666666667,-88.64166663333334
2008-10-07,1.1650419198536688,291.51250000000005,279.2,1.35,126.4625,0.595,0.0061512500000000005,6.2,46.81666666666667,-88.64166663333334
2008-10-15,0.8992574867148254,284.0875,273.56249999999994,0.3875,115.3875,0.37125,0.0038225000000000004,5.35,46.81666666666667,-88.64166663333334
2008-10-23,0.7000000000000001,281.6625,272.08750000000003,2.7625000000000006,82.17500000000001,0.3075,0.0034837500000000003,6.625,46.81666666666667,-88.64166663333334
2008-10-31,0.5992574867148255,286.3375,276.3125,1.4500000000000002,83.92500000000001,0.42500000000000004,0.004785,4.6,46.81666666666667,-88.64166663333334
2008-11-08,0.49941882731528864,275.375,269.1875,3.4374999999999996,50.26250000000001,0.14,0.0028562500000000007,6.775,46.81666666666667,-88.64166663333334
2008-11-16,0.30000000000000004,269.9875,264.675,1.0625000000000002,53.9375,0.14,0.0016875,7.1375,46.81666666666667,-88.64166663333334
2008-11-24,0.21785029671575307,272.03749999999997,266.72499999999997,0.9500000000000001,54.72500000000001,0.105,0.00231625,5.3875,46.81666666666667,-88.64166663333334
2008-12-02,0.13660444731714394,267.4375,258.775,1.1500000000000001,36.337500000000006,0.08250000000000002,0.0013912500000000003,7.337500000000001,46.81666666666667,-88.64166663333334
2008-12-10,0.11785029671575303,266.6875,256.1875,2.225,43.362500000000004,0.07250000000000001,0.00136,7.387499999999999,46.81666666666667,-88.64166663333334
2008-12-18,0.11785029671575303,266.025,255.7,1.9375000000000002,46.1375,0.0625,0.00124375,6.187500000000001,46.81666666666667,-88.64166663333334
2008-12-26,0.11785029671575303,269.5,259.6666666666667,2.0333333333333337,43.36666666666667,0.08333333333333333,0.001726666666666667,6.933333333333334,46.81666666666667,-88.64166663333334
2009-01-01,0.10000000000000002,268.84999999999997,253.72499999999997,2.4875000000000003,48.512499999999996,0.09125,0.0012637500000000001,6.6,46.81666666666667,-88.64166663333334
2009-01-09,0.10000000000000002,263.6625,250.83750000000003,1.1125,61.3625,0.06874999999999999,0.00088625,6.325,46.81666666666667,-88.64166663333334
2009-01-17,0.10074251328517465,267.46250000000003,252.8375,1.6625000000000003,64.7,0.0725,0.0012412500000000002,6.050000000000001,46.81666666666667,-88.64166663333334
2009-01-25,0.10000000000000002,264.01250000000005,248.9375,0.925,80.1125,0.07125000000000001,0.0009012500000000001,5.8875,46.81666666666667,-88.64166663333334
2009-02-02,0.10000000000000002,269.6875,254.2625,1.2125000000000001,87.08749999999999,0.0975,0.00145125,4.262500000000001,46.81666666666667,-88.64166663333334
2009-02-10,0.10000000000000002,272.7625,261.2125,1.6625,68.675,0.10999999999999999,0.00205,3.6250000000000004,46.81666666666667,-88.64166663333334
2009-02-18,0.10000000000000002,269.21250000000003,254.45,1.6125000000000003,91.43750000000001,0.10250000000000001,0.00130875,4.3,46.81666666666667,-88.64166663333334
2009-02-26,0.10000000000000002,270.1125,252.83749999999998,1.4875,139.4125,0.13625,0.0011975000000000002,3.587500000000001,46.81666666666667,-88.64166663333334
2009-03-06,0.18140718999907238,274.2625,258.575,0.9500000000000002,157.65,0.18250000000000002,0.0016825000000000002,4.8375,46.81666666666667,-88.64166663333334
2009-03-14,0.20000000000000004,281.475,265.8875,0.9375000000000001,192.35000000000002,0.3875,0.0023387500000000006,4.3,46.81666666666667,-88.64166663333334
2009-03-22,0.3992574867148254,276.27500000000003,264.9625,0.8625,135.875,0.21374999999999997,0.0021725000000000004,5.625,46.81666666666667,-88.64166663333334
2009-03-30,0.3824723844851735,276.2625,266.825,0.5125000000000001,166.6375,0.23249999999999998,0.0021862500000000003,5.3125,46.81666666666667,-88.64166663333334
2009-04-07,0.6000000000000001,281.5125,267.9875,0.0,255.70000000000005,0.48624999999999996,0.0018350000000000003,3.5500000000000003,46.81666666666667,-88.64166663333334
2009-04-15,0.7178502967157532,286.52500000000003,272.68749999999994,7.0375000000000005,193.47500000000002,0.6599999999999999,0.00285125,4.025,46.81666666666667,-88.64166663333334
2009-04-23,0.8000000000000002,289.95,273.6875,3.075,242.45,0.69375,0.0038800000000000006,5.5625,46.81666666666667,-88.64166663333334
2009-05-01,0.9970299468593016,289.65,275.6375,0.7125000000000001,254.12500000000003,0.75625,0.00364125,4.862500000000001,46.81666666666667,-88.64166663333334
2009-05-09,1.3821497032842474,288.025,271.9875,1.75,203.25,0.59125,0.0035912500000000003,6.0125,46.81666666666667,-88.64166663333334
2009-05-17,1.2445442511981435,291.375,274.34999999999997,0.9750000000000001,264.5625,0.7375,0.004323750000000001,5.0125,46.81666666666667,-88.64166663333334
2009-05-25,2.0007425132851746,287.26250000000005,274.2375,0.875,226.77499999999998,0.48625000000000007,0.004125,4.1625,46.81666666666667,-88.64166663333334
2009-06-02,2.2821497032842477,288.91249999999997,274.6125,2.5,252.61250000000007,0.5575000000000001,0.0043837500000000005,4.8375,46.81666666666667,-88.64166663333334
2009-06-10,2.912394883592048,295.06249999999994,279.5625,0.1375,287.975,0.8075000000000001,0.006365,2.3875,46.81666666666667,-88.64166663333334
2009-06-18,3.469916160292663,300.17500000000007,286.3,2.4875000000000003,261.625,0.9862499999999998,0.00987375,3.5625,46.81666666666667,-88.64166663333334
2009-06-26,3.484796403867718,291.6875,281.0,3.3750000000000004,159.2375,0.47625,0.007228750000000001,5.5625,46.81666666666667,-88.64166663333334
2009-07-04,3.5056167537241696,295.6625,280.5,0.1875,300.225,0.76875,0.007155000000000001,4.5125,46.81666666666667,-88.64166663333334
2009-07-12,3.3263729138634797,294.1375,280.4875,4.375,235.775,0.6900000000000001,0.0068312500000000005,5.4125000000000005,46.81666666666667,-88.64166663333334
2009-07-20,3.272886213433362,297.8,283.55,2.3375000000000004,234.60000000000002,0.7849999999999999,0.00885875,3.5875000000000004,46.81666666666667,-88.64166663333334
2009-07-28,3.2544547440328975,295.0,281.7875,0.9875,255.725,0.66125,0.0076475000000000015,5.237500000000001,46.81666666666667,-88.64166663333334
2009-08-05,2.9995801679157523,297.18750000000006,283.0625,4.4,236.67500000000004,0.6312500000000001,0.009495000000000002,3.7125,46.81666666666667,-88.64166663333334
2009-08-13,3.071982359547724,300.0,285.8875,3.8500000000000005,224.0875,0.905,0.0104,4.3375,46.81666666666667,-88.64166663333334
2009-08-21,3.1084254662644044,294.525,280.9625,4.95,195.2125,0.55,0.008105000000000001,3.75,46.81666666666667,-88.64166663333334
2009-08-29,3.253712230747723,293.7375,279.9875,4.025,203.425,0.605,0.007156249999999999,3.9875,46.81666666666667,-88.64166663333334
2009-09-06,3.0229188389213912,298.9375,284.18749999999994,0.0,194.5,0.82625,0.009416250000000003,2.825,46.81666666666667,-88.64166663333334
2009-09-14,2.416687951346331,296.16249999999997,280.28749999999997,0.2,177.8,0.6625,0.007955,3.6,46.81666666666667,-88.64166663333334
2009-09-22,2.335539252831043,291.93750000000006,279.8625,6.312500000000001,122.80000000000001,0.44125,0.007573750000000001,5.487500000000001,46.81666666666667,-88.64166663333334
2009-09-30,1.8169464428301154,284.525,275.13750000000005,4.9,112.0625,0.255,0.004902500000000001,5.7875000000000005,46.81666666666667,-88.64166663333334
2009-10-08,1.4171077834305783,279.4,271.775,0.8624999999999999,100.92500000000001,0.26375000000000004,0.0031125000000000002,5.949999999999999,46.81666666666667,-88.64166663333334
2009-10-16,0.8178502967157532,281.16249999999997,272.2125,5.8500000000000005,80.07500000000002,0.20875000000000002,0.00399125,5.5875,46.81666666666667,-88.64166663333334
2009-10-24,0.6814071899990725,283.42499999999995,273.4875,2.5375,81.3,0.23374999999999999,0.0045762500000000005,5.65,46.81666666666667,-88.64166663333334
2009-11-01,0.4176889561152899,280.9875,271.3,0.5750000000000001,78.57499999999999,0.26875000000000004,0.0034525000000000003,5.887500000000001,46.81666666666667,-88.64166663333334
2009-11-09,0.41859281000092774,283.8125,272.8625,0.05,78.675,0.40625,0.0034437500000000006,5.0249999999999995,46.81666666666667,-88.64166663333334
2009-11-17,0.41785029671575313,282.98749999999995,272.025,0.5750000000000001,64.77499999999999,0.22249999999999998,0.0042337500000000005,3.5500000000000003,46.81666666666667,-88.64166663333334
2009-11-25,0.4169464428301152,276.20000000000005,269.0125,2.1625,42.95000000000001,0.12,0.0030925,4.8125,46.81666666666667,-88.64166663333334
2009-12-03,0.3185928100009277,268.6,262.0249999999999,4.2,34.150000000000006,0.13125000000000003,0.0014000000000000002,7.1000000000000005,46.81666666666667,-88.64166663333334
2009-12-11,0.2185928100009277,266.65,257.4125,1.1625,43.325,0.06375,0.0013775000000000003,5.750000000000001,46.81666666666667,-88.64166663333334
2009-12-19,0.21785029671575307,270.67499999999995,262.48749999999995,2.275,36.7625,0.05750000000000001,0.00211875,5.287500000000001,46.81666666666667,-88.64166663333334
2009-12-27,0.11785029671575303,269.12,259.02000000000004,1.6199999999999999,47.68,0.076,0.0016320000000000002,7.120000000000002,46.81666666666667,-88.64166663333334
2010-01-01,0.10016134060046324,265.55,259.66249999999997,0.6500000000000001,55.4625,0.07375,0.0013775000000000003,7.1000000000000005,46.81666666666667,-88.64166663333334
2010-01-09,0.10000000000000002,272.5,263.96250000000003,0.41250000000000003,74.6875,0.16875,0.00184,6.450000000000001,46.81666666666667,-88.64166663333334
2010-01-17,0.10000000000000002,273.85,264.5,0.6875,73.8125,0.12999999999999998,0.00232875,4.8875,46.81666666666667,-88.64166663333334
2010-01-25,0.10000000000000002,265.32500000000005,255.3125,1.1875000000000002,80.40000000000002,0.055,0.0012900000000000001,6.9,46.81666666666667,-88.64166663333334
2010-02-02,0.10000000000000002,270.725,260.325,0.8500000000000001,86.1375,0.1075,0.0017312500000000001,4.525,46.81666666666667,-88.64166663333334
2010-02-10,0.10000000000000002,271.5625,261.4875,1.5375,88.875,0.12625000000000003,0.00177625,6.062499999999999,46.81666666666667,-88.64166663333334
2010-02-18,0.10000000000000002,274.4125,255.82500000000002,0.375,99.45,0.125,0.0018962500000000001,3.8125000000000004,46.81666666666667,-88.64166663333334
2010-02-26,0.21768895611528985,276.17499999999995,259.975,0.9000000000000001,148.425,0.17125,0.0021225,4.175,46.81666666666667,-88.64166663333334
2010-03-06,0.4000000000000001,283.375,270.33750000000003,0.525,148.7625,0.32,0.00354,4.475,46.81666666666667,-88.64166663333334
2010-03-14,0.5,284.34999999999997,269.20000000000005,0.0,184.07500000000002,0.47,0.0028875000000000007,4.950000000000001,46.81666666666667,-88.64166663333334
2010-03-22,0.517850296715753,281.35,265.47499999999997,0.0,195.0625,0.42624999999999996,0.0020775000000000004,4.25,46.81666666666667,-88.64166663333334
2010-03-30,0.5364431067166807,291.65000000000003,273.86249999999995,0.45,215.83750000000003,0.7512500000000001,0.00429125,5.637499999999999,46.81666666666667,-88.64166663333334
2010-04-07,0.7814071899990724,286.7875,271.9,0.8375000000000001,229.20000000000005,0.6737500000000001,0.00289,4.9750000000000005,46.81666666666667,-88.64166663333334
2010-04-15,0.8992574867148254,287.175,270.175,0.1125,264.07500000000005,0.5850000000000001,0.0032450000000000005,4.5375,46.81666666666667,-88.64166663333334
2010-04-23,0.961652034628722,290.9625,272.9375,2.45,279.3,0.75875,0.0037612500000000003,4.8500000000000005,46.81666666666667,-88.64166663333334
2010-05-01,1.3,287.6625,273.3125,1.5625000000000002,234.88750000000002,0.6062500000000001,0.0036837500000000004,5.575,46.81666666666667,-88.64166663333334
2010-05-09,1.7985149734296508,288.22499999999997,274.20000000000005,1.35,218.46249999999998,0.66375,0.003525000000000001,4.1000000000000005,46.81666666666667,-88.64166663333334
2010-05-17,2.1442215699972174,300.04999999999995,280.95,0.0,281.725,1.2400000000000002,0.007150000000000001,2.9750000000000005,46.81666666666667,-88.64166663333334
2010-05-25,3.1156227568602297,300.48749999999995,281.22499999999997,0.8875000000000001,296.8875,1.23,0.007366250000000001,3.575,46.81666666666667,-88.64166663333334
2010-06-02,3.279922163428724,292.82500000000005,278.7125,5.000000000000001,241.3875,0.6825,0.005933750000000001,3.5375,46.81666666666667,-88.64166663333334
2010-06-10,3.7520658635769104,293.71250000000003,283.47499999999997,2.575,217.25,0.63125,0.007755000000000001,3.5875000000000004,46.81666666666667,-88.64166663333334
2010-06-18,3.452647036261622,298.4125,285.23749999999995,2.6875,271.3125,0.93,0.008870000000000001,3.5124999999999997,46.81666666666667,-88.64166663333334
2010-06-26,3.1570049650893477,297.54999999999995,283.2875,1.975,281.8,0.9662499999999999,0.00803625,4.15,46.81666666666667,-88.64166663333334
2010-07-04,3.906359267009344,301.875,287.2125,2.4124999999999996,258.3125,1.07875,0.010775,3.9500000000000006,46.81666666666667,-88.64166663333334
2010-07-12,3.3422212010413137,299.4375,285.4,2.3000000000000003,284.8375,0.93625,0.00943875,4.2625,46.81666666666667,-88.64166663333334
2010-07-20,3.224952077010272,300.0125,285.6125,1.625,259.35,0.9724999999999999,0.00969125,3.9125000000000005,46.81666666666667,-88.64166663333334
2010-07-28,3.0894128241792287,300.9625,286.86249999999995,1.475,244.56250000000003,0.9525,0.010807500000000001,3.6000000000000005,46.81666666666667,-88.64166663333334
2010-08-05,2.8363475964153744,302.1125,286.56250000000006,0.3875,246.60000000000002,1.0075,0.011422499999999999,3.337500000000001,46.81666666666667,-88.64166663333334
2010-08-13,3.1825688640121936,297.575,285.175,7.800000000000001,225.45000000000002,0.71,0.009845000000000001,6.087500000000001,46.81666666666667,-88.64166663333334
2010-08-21,3.1526470362616217,299.70000000000005,283.9875,0.0,235.25,0.9525,0.00930625,4.7875,46.81666666666667,-88.64166663333334
2010-08-29,2.8697548196922,297.21250000000003,283.275,4.550000000000001,186.51250000000002,0.8049999999999999,0.009385000000000001,5.8875,46.81666666666667,-88.64166663333334
2010-09-06,2.533473053575982,290.7875,278.2625,4.2,161.9625,0.3825,0.006806250000000001,5.8500000000000005,46.81666666666667,-88.64166663333334
2010-09-14,2.2349580801463316,290.0375,274.1875,3.4000000000000004,153.2125,0.33749999999999997,0.0060862500000000005,4.9125,46.81666666666667,-88.64166663333334
2010-09-22,1.5992574867148257,289.3,276.6625,9.0125,118.05000000000001,0.29500000000000004,0.006543750000000001,5.050000000000001,46.81666666666667,-88.64166663333334
2010-09-30,1.3458679371680298,290.4125,273.2375,0.325,147.5125,0.5825,0.004658750000000001,4.6125,46.81666666666667,-88.64166663333334
2010-10-08,0.9620718667129702,292.8,274.71250000000003,0.125,133.125,0.6237500000000001,0.005666250000000001,3.9125000000000005,46.81666666666667,-88.64166663333334
2010-10-16,0.8814071899990724,286.425,273.4125,0.1,112.525,0.4912500000000001,0.00375875,6.325,46.81666666666667,-88.64166663333334
2010-10-24,0.7814071899990724,282.93749999999994,274.27500000000003,3.7500000000000004,69.28750000000001,0.2475,0.0046162500000000006,7.549999999999999,46.81666666666667,-88.64166663333334
2010-11-01,0.6821497032842472,283.5125,271.02500000000003,0.36250000000000004,96.32499999999999,0.39625,0.0032600000000000003,5.4125,46.81666666666667,-88.64166663333334
2010-11-09,0.5992574867148255,282.6625,273.75,1.9875,61.9125,0.33625000000000005,0.0038925,5.525000000000001,46.81666666666667,-88.64166663333334
2010-11-17,0.49925748671482545,274.04999999999995,268.0,2.25,51.962500000000006,0.12125000000000001,0.00263625,6.575,46.81666666666667,-88.64166663333334
2010-11-25,0.41785029671575313,274.29999999999995,265.34999999999997,1.5375,43.00000000000001,0.1325,0.0024412500000000003,8.187500000000002,46.81666666666667,-88.64166663333334
2010-12-03,0.23570059343150607,268.9875,261.45,0.8750000000000001,52.725,0.10625,0.0015725000000000001,7.025000000000001,46.81666666666667,-88.64166663333334
2010-12-11,0.21785029671575307,266.6,257.61249999999995,1.5375000000000003,48.425000000000004,0.05125,0.0015025000000000001,7.2875,46.81666666666667,-88.64166663333334
2010-12-19,0.1992574867148254,271.125,262.41249999999997,0.5375,37.862500000000004,0.0625,0.0021725,4.625000000000001,46.81666666666667,-88.64166663333334
2010-12-27,0.1992574867148254,275.96000000000004,266.16,2.12,55.720000000000006,0.16,0.00272,6.62,46.81666666666667,-88.64166663333334
2011-01-01,0.10000000000000002,268.8,261.0,1.9875000000000003,52.762499999999996,0.12625,0.0013925,7.687500000000001,46.81666666666667,-88.64166663333334
2011-01-09,0.09925748671482539,269.625,263.9875,1.9625000000000001,52.9,0.15625,0.0014950000000000002,4.5875,46.81666666666667,-88.64166663333334
2011-01-17,0.10000000000000002,265.875,258.4,2.2875000000000005,52.6,0.11499999999999999,0.0010325000000000002,6.0875,46.81666666666667,-88.64166663333334
2011-01-25,0.10000000000000002,270.125,263.0625,0.4625,73.05,0.15375,0.00150375,4.487500000000001,46.81666666666667,-88.64166663333334
2011-02-02,0.10000000000000002,269.6875,259.6375,0.7875000000000001,81.2,0.14375000000000002,0.0013662500000000003,7.650000000000001,46.81666666666667,-88.64166663333334
2011-02-10,0.10000000000000002,276.3375,264.02500000000003,0.7625,110.925,0.2675,0.0020175,5.275,46.81666666666667,-88.64166663333334
2011-02-18,0.10000000000000002,272.5875,261.03749999999997,0.5,108.55000000000001,0.205,0.00137125,7.1875,46.81666666666667,-88.64166663333334
2011-02-26,0.1992574867148254,273.45000000000005,261.27500000000003,0.38750000000000007,131.7125,0.2525,0.0012512500000000002,5.612500000000001,46.81666666666667,-88.64166663333334
2011-03-06,0.30000000000000004,277.59999999999997,267.025,1.025,117.55000000000001,0.30500000000000005,0.00201,3.6875000000000004,46.81666666666667,-88.64166663333334
2011-03-14,0.4000000000000001,284.3125,269.75,1.8375000000000001,152.82500000000002,0.4850000000000001,0.0027575,4.5625,46.81666666666667,-88.64166663333334
2011-03-22,0.49925748671482545,275.25,264.22499999999997,0.07500000000000001,212.2,0.30000000000000004,0.00139375,5.625,46.81666666666667,-88.64166663333334
2011-03-30,0.5,281.55,269.3875,3.2750000000000004,161.9,0.4337500000000001,0.0022125000000000005,3.8125,46.81666666666667,-88.64166663333334
2011-04-07,0.5992574867148255,289.95,272.4125,2.2875,239.25,0.7125,0.00365625,4.8625,46.81666666666667,-88.64166663333334
2011-04-15,0.7176889561152899,280.75,269.15,2.7875000000000005,201.8625,0.43125,0.00216,6.1,46.81666666666667,-88.64166663333334
2011-04-23,0.7175276155148268,287.625,273.1875,4.15,204.22500000000002,0.6050000000000001,0.00348125,5.4375,46.81666666666667,-88.64166663333334
2011-05-01,0.9814071899990724,287.0375,271.9125,0.2625,213.72500000000002,0.6,0.00325125,4.2250000000000005,46.81666666666667,-88.64166663333334
2011-05-09,1.1000000000000003,291.0125,275.8125,4.375,223.01250000000002,0.6787500000000001,0.0049175,5.175000000000001,46.81666666666667,-88.64166663333334
2011-05-17,1.680664676713898,294.12500000000006,277.875,1.7625000000000002,248.60000000000005,0.79625,0.00582125,3.5500000000000003,46.81666666666667,-88.64166663333334
2011-05-25,1.9349580801463317,293.1375,275.76250000000005,2.875,263.91249999999997,0.825,0.005076250000000001,5.7625,46.81666666666667,-88.64166663333334
2011-06-02,2.9520658635769106,299.525,280.125,2.0,292.15,1.17875,0.007075000000000001,4.6875,46.81666666666667,-88.64166663333334
2011-06-10,3.170658673577838,295.18749999999994,279.0375,0.5750000000000001,239.375,0.9525,0.0055075,3.3375000000000004,46.81666666666667,-88.64166663333334
2011-06-18,3.3612338431264894,294.95,282.34999999999997,7.487500000000001,182.3125,0.75125,0.007261250000000001,4.7250000000000005,46.81666666666667,-88.64166663333334
2011-06-26,3.4081669747806203,302.325,284.6,1.4000000000000001,296.58750000000003,1.3425,0.0089425,4.35,46.81666666666667,-88.64166663333334
2011-07-04,3.396125421617363,303.55,286.29999999999995,0.7375,269.55,1.3287499999999999,0.010235,3.95,46.81666666666667,-88.64166663333334
2011-07-12,3.3594903250723553,303.75,287.45,0.675,248.47500000000002,1.3275,0.011340000000000001,2.9250000000000007,46.81666666666667,-88.64166663333334
2011-07-20,3.6892514835787655,303.5375,286.02500000000003,1.9500000000000002,264.2125,1.4674999999999998,0.009656250000000002,4.3625,46.81666666666667,-88.64166663333334
2011-07-28,3.7073602717783034,306.0625,287.9125,1.175,271.8875,1.7737500000000002,0.009957500000000001,4.15,46.81666666666667,-88.64166663333334
2011-08-05,3.6606526704417774,302.63749999999993,286.03749999999997,1.975,248.58750000000003,1.4075000000000002,0.00900625,4.0125,46.81666666666667,-88.64166663333334
2011-08-13,3.3951569881119674,303.0125,285.25,2.1625,247.2375,1.5225,0.0082625,4.175,46.81666666666667,-88.64166663333334
2011-08-21,3.2989034849297343,301.4625,284.3875,0.7750000000000001,228.375,1.3900000000000001,0.007787500000000001,4.6875,46.81666666666667,-88.64166663333334
2011-08-29,3.242802373726025,299.9375,283.5125,1.8375000000000001,180.0875,1.05125,0.00915375,3.9375000000000004,46.81666666666667,-88.64166663333334
2011-09-06,2.9428023737260247,301.28749999999997,283.05,1.5,200.20000000000005,1.3925,0.007545000000000001,3.5500000000000003,46.81666666666667,-88.64166663333334
2011-09-14,2.4256945902954463,291.4,277.075,2.1125,141.8,0.6287499999999999,0.0054175000000000004,5.5375000000000005,46.81666666666667,-88.64166663333334
2011-09-22,1.6892514835787655,291.92499999999995,279.5,6.0,113.8875,0.42125,0.00737875,3.5500000000000003,46.81666666666667,-88.64166663333334
2011-09-30,0.9467717910536674,295.3,278.575,0.0625,148.3625,1.03,0.0053375,4.2125,46.81666666666667,-88.64166663333334
2011-10-08,1.1357005934315063,295.2,282.2375,4.1375,117.22500000000002,0.97875,0.00660125,6.4125000000000005,46.81666666666667,-88.64166663333334
2011-10-16,0.5981922922287244,283.8875,274.0375,2.0875,89.28750000000001,0.35750000000000004,0.00392125,7.55,46.81666666666667,-88.64166663333334
2011-10-24,0.4556170894023198,283.1625,272.825,0.9125000000000001,88.41250000000001,0.34375,0.0035975000000000004,3.4375000000000004,46.81666666666667,-88.64166663333334
2011-11-01,0.6814071899990725,285.25,273.41249999999997,0.037500000000000006,92.94999999999999,0.47375000000000006,0.00350375,5.9750000000000005,46.81666666666667,-88.64166663333334
2011-11-09,0.5815685305995356,281.075,271.825,2.5375,60.62500000000001,0.32500000000000007,0.00313375,6.675,46.81666666666667,-88.64166663333334
2011-11-17,0.6000000000000001,277.95,268.675,1.4125,69.11250000000001,0.26375,0.00250125,5.65,46.81666666666667,-88.64166663333334
2011-11-25,0.4000000000000001,277.34999999999997,268.6875,0.8375000000000001,57.425,0.18625,0.002905,5.750000000000001,46.81666666666667,-88.64166663333334
2011-12-03,0.3178502967157531,271.8875,264.2375,0.525,46.3875,0.15625,0.0018062500000000001,7.487500000000001,46.81666666666667,-88.64166663333334
2011-12-11,0.21785029671575307,274.8125,266.23749999999995,4.2625,35.4875,0.135,0.0025350000000000004,5.325,46.81666666666667,-88.64166663333334
2011-12-19,0.20000000000000004,272.9875,264.13750000000005,0.225,49.0375,0.11499999999999999,0.0021762500000000002,6.387500000000001,46.81666666666667,-88.64166663333334
2011-12-27,0.10000000000000002,272.55999999999995,262.98,1.28,48.38,0.098,0.0021560000000000004,4.5,46.81666666666667,-88.64166663333334
2012-01-01,0.10000000000000002,273.025,265.125,2.9,51.91250000000001,0.14125,0.0021575,7.4624999999999995,46.81666666666667,-88.64166663333334
2012-01-09,0.0998386593995368,272.5875,264.79999999999995,1.45,68.80000000000001,0.14625,0.00207375,5.875,46.81666666666667,-88.64166663333334
2012-01-17,0.18140718999907238,268.5875,259.6625,3.7,70.8375,0.105,0.00149125,6.9624999999999995,46.81666666666667,-88.64166663333334
2012-01-25,0.10000000000000002,273.7625,265.0,1.7,77.025,0.15625,0.0021437500000000003,5.925000000000001,46.81666666666667,-88.64166663333334
2012-02-02,0.10000000000000002,275.35,264.775,0.28750000000000003,105.85,0.17625,0.00221,5.950000000000001,46.81666666666667,-88.64166663333334
2012-02-10,0.10000000000000002,273.36249999999995,263.275,0.41250000000000003,91.23750000000001,0.16499999999999998,0.00191375,7.0,46.81666666666667,-88.64166663333334
2012-02-18,0.20000000000000004,274.875,265.8125,0.7375,83.225,0.1875,0.00214,4.825,46.81666666666667,-88.64166663333334
2012-02-26,0.4000000000000001,275.425,265.5875,3.6125000000000003,98.2625,0.20750000000000002,0.0021025,5.05,46.81666666666667,-88.64166663333334
2012-03-05,0.5,280.25000000000006,268.1375,2.2,149.72500000000002,0.36375,0.002465,5.7250000000000005,46.81666666666667,-88.64166663333334
2012-03-13,0.6178502967157532,296.325,278.20000000000005,0.0,201.9875,1.11,0.005195000000000001,4.8999999999999995,46.81666666666667,-88.64166663333334
2012-03-21,0.4010651944861011,289.7875,276.17499999999995,2.325,157.90000000000003,0.6675,0.004662500000000001,5.175,46.81666666666667,-88.64166663333334
2012-03-29,0.7992574867148255,285.37500000000006,272.025,0.8,209.025,0.49375,0.0032512500000000007,4.5625,46.81666666666667,-88.64166663333334
2012-04-06,0.8814071899990724,285.625,271.275,0.41250000000000003,232.9875,0.6162500000000001,0.0025575,4.55,46.81666666666667,-88.64166663333334
2012-04-14,0.7175276155148268,285.6875,272.075,2.8875,183.02499999999998,0.4900000000000001,0.0035487500000000003,5.300000000000001,46.81666666666667,-88.64166663333334
2012-04-22,1.0814071899990725,286.73749999999995,270.8375,0.5125000000000001,298.25,0.665,0.0024475,3.775,46.81666666666667,-88.64166663333334
2012-04-30,1.6814071899990726,292.6125,277.2625,2.9375,199.16250000000002,0.7450000000000001,0.0052450000000000005,3.9125,46.81666666666667,-88.64166663333334
2012-05-08,1.8814071899990725,294.34999999999997,276.3,0.11250000000000002,277.09999999999997,1.02125,0.004146250000000001,4.325,46.81666666666667,-88.64166663333334
2012-05-16,2.514880243575055,297.3375,278.7875,3.7375000000000003,260.7125,1.1900000000000002,0.005403750000000001,4.9,46.81666666666667,-88.64166663333334
2012-05-24,2.7871852843237046,295.0375,279.2,3.5250000000000004,257.7875,0.875,0.00623,5.1375,46.81666666666667,-88.64166663333334
2012-06-01,3.5535508901472594,297.0125,279.3625,0.625,289.2375,1.0825,0.0056612500000000005,3.0875,46.81666666666667,-88.64166663333334
2012-06-09,3.7085868068648677,300.0125,282.82500000000005,2.325,280.625,1.2612500000000002,0.0075325,5.3125,46.81666666666667,-88.64166663333334
2012-06-17,2.7728236642982353,299.8375000000001,283.375,8.0,262.675,1.0787499999999999,0.00834,5.0375,46.81666666666667,-88.64166663333334
2012-06-25,3.8746939212046376,302.4875,284.2,3.2125000000000004,306.725,1.5237500000000002,0.007776250000000001,3.6750000000000003,46.81666666666667,-88.64166663333334
2012-07-03,3.67282202371622,303.975,287.84999999999997,5.925,302.125,1.4000000000000001,0.010701249999999999,3.1000000000000005,46.81666666666667,-88.64166663333334
2012-07-11,3.9251134176107345,304.7875,287.34999999999997,0.5875,285.21250000000003,1.6175,0.009785000000000002,3.5250000000000004,46.81666666666667,-88.64166663333334
2012-07-19,4.106359267009344,304.1875,286.725,4.5125,273.33750000000003,1.5325000000000002,0.009541250000000001,3.5,46.81666666666667,-88.64166663333334
2012-07-27,4.103970386553357,304.0375,286.675,0.23750000000000002,275.875,1.4625000000000001,0.00986625,3.8125000000000004,46.81666666666667,-88.64166663333334
2012-08-04,3.5678499610376027,299.59999999999997,284.02500000000003,3.5625,246.67500000000007,1.0387499999999998,0.00867625,5.2625,46.81666666666667,-88.64166663333334
2012-08-12,3.5613951837269524,298.88750000000005,282.8875,1.1375,245.2,1.1275,0.007252500000000001,4.425,46.81666666666667,-88.64166663333334
2012-08-20,3.4154614162597663,303.9,285.4625,0.8,231.325,1.7337500000000001,0.0079275,4.45,46.81666666666667,-88.64166663333334
2012-08-28,3.0877664570084162,305.425,285.95,1.9125,219.7375,1.88875,0.0083675,3.3625000000000003,46.81666666666667,-88.64166663333334
2012-09-05,2.6699161602926624,298.1375,282.5125,2.5000000000000004,169.91250000000002,1.0750000000000002,0.007212500000000001,5.362500000000001,46.81666666666667,-88.64166663333334
2012-09-13,2.1513233502917357,293.2875,277.775,3.7,150.9375,0.77,0.0056575,5.7875,46.81666666666667,-88.64166663333334
2012-09-21,1.6520658635769103,289.5875,276.58750000000003,2.9750000000000005,132.21250000000003,0.605,0.0047237500000000005,5.45,46.81666666666667,-88.64166663333334
2012-09-29,0.9535508901472591,292.2625,276.57500000000005,0.375,149.85000000000002,0.7900000000000001,0.0049162500000000005,5.55,46.81666666666667,-88.64166663333334
2012-10-07,1.1163652701454039,284.975,273.45000000000005,2.2125000000000004,108.53750000000002,0.49375,0.00330625,6.875,46.81666666666667,-88.64166663333334
2012-10-15,0.6990961461143622,289.29999999999995,276.6,2.7,104.1875,0.49125,0.0052675,3.7875000000000005,46.81666666666667,-88.64166663333334
2012-10-23,0.517850296715753,285.075,274.31250000000006,6.6625000000000005,93.3125,0.4025,0.0044062500000000004,5.675000000000001,46.81666666666667,-88.64166663333334
2012-10-31,0.517850296715753,278.575,270.2875,0.037500000000000006,83.0375,0.24125,0.0028787500000000007,4.625,46.81666666666667,-88.64166663333334
2012-11-08,0.4000000000000001,281.075,271.25,4.837500000000001,53.400000000000006,0.26875000000000004,0.00347375,6.5875,46.81666666666667,-88.64166663333334
2012-11-16,0.4000000000000001,283.4625,272.3375,1.6,68.03750000000001,0.37500000000000006,0.0035100000000000005,5.300000000000001,46.81666666666667,-88.64166663333334
2012-11-24,0.5,274.09999999999997,267.175,1.3375000000000001,48.75,0.19999999999999998,0.00208125,7.0375,46.81666666666667,-88.64166663333334
2012-12-02,0.5,277.16249999999997,268.6625,0.47500000000000003,59.56250000000001,0.21750000000000003,0.00273875,6.2250000000000005,46.81666666666667,-88.64166663333334
2012-12-10,0.30000000000000004,274.825,268.0625,0.6375,42.237500000000004,0.1575,0.00251875,5.3500000000000005,46.81666666666667,-88.64166663333334
2012-12-18,0.2814071899990724,272.9125,266.1875,2.3375,48.375,0.15375,0.00209375,5.262500000000001,46.81666666666667,-88.64166663333334
2012-12-26,0.10000000000000002,271.54999999999995,265.3333333333333,0.06666666666666667,40.41666666666667,0.145,0.0018683333333333332,4.683333333333334,46.81666666666667,-88.64166663333334
2013-01-01,0.20000000000000004,272.6875,264.9625,0.15000000000000002,67.35000000000001,0.1575,0.001955,6.4875,46.81666666666667,-88.64166663333334
2013-01-09,0.2185928100009277,273.775,264.6375,0.5625,60.6,0.1875,0.00200875,8.225,46.81666666666667,-88.64166663333334
2013-01-17,0.29925748671482544,264.04999999999995,256.22499999999997,2.825,52.02499999999999,0.08499999999999999,0.0010187500000000001,7.375000000000001,46.81666666666667,-88.64166663333334
2013-01-25,0.10000000000000002,270.2375,262.23749999999995,4.2250000000000005,59.8375,0.12125,0.0017512500000000002,5.9625,46.81666666666667,-88.64166663333334
2013-02-02,0.10000000000000002,268.4375,258.35,1.4625000000000001,73.73750000000001,0.135,0.00116875,4.425,46.81666666666667,-88.64166663333334
2013-02-10,0.09925748671482539,272.4875,262.3625,1.9125,83.21249999999999,0.15749999999999997,0.0017712500000000003,5.225,46.81666666666667,-88.64166663333334
2013-02-18,0.10000000000000002,274.2125,262.16249999999997,2.125,110.11250000000001,0.18125,0.00187125,5.175,46.81666666666667,-88.64166663333334
2013-02-26,0.10000000000000002,274.84999999999997,264.84999999999997,0.1375,143.20000000000002,0.21749999999999997,0.0018662499999999999,6.137500000000001,46.81666666666667,-88.64166663333334
2013-03-06,0.10000000000000002,276.6875,266.7,3.5375,129.47500000000002,0.25249999999999995,0.0021325000000000003,5.5,46.81666666666667,-88.64166663333334
2013-03-14,0.10000000000000002,274.6125,262.6875,2.8875,154.05,0.22124999999999997,0.0016675000000000001,6.550000000000001,46.81666666666667,-88.64166663333334
2013-03-22,0.09925748671482539,278.7375,267.3375,0.1125,163.01250000000005,0.31625000000000003,0.00216625,4.4375,46.81666666666667,-88.64166663333334
2013-03-30,0.10000000000000002,277.625,266.8,2.1,172.3875,0.28875,0.0021150000000000006,6.2250000000000005,46.81666666666667,-88.64166663333334
2013-04-07,0.29925748671482544,278.6375,268.65,5.6625000000000005,160.1125,0.27,0.0025612500000000006,5.6875,46.81666666666667,-88.64166663333334
2013-04-15,0.4000000000000001,279.57500000000005,268.88750000000005,5.7125,157.31250000000003,0.31125,0.0025575,6.687500000000001,46.81666666666667,-88.64166663333334
2013-04-23,0.380826017314361,291.0375,274.26249999999993,2.5500000000000003,250.95000000000002,0.8375000000000001,0.00395125,4.4750000000000005,46.81666666666667,-88.64166663333334
2013-05-01,0.7000000000000001,288.98749999999995,273.37499999999994,1.7500000000000002,198.76250000000002,0.6712500000000001,0.00403125,3.5375000000000005,46.81666666666667,-88.64166663333334
2013-05-09,0.882149703284247,287.7625,273.28749999999997,1.2625,246.25000000000006,0.60625,0.0037275000000000003,5.675000000000001,46.81666666666667,-88.64166663333334
2013-05-17,1.3007425132851749,291.8125,277.3125,7.5,217.51250000000002,0.65,0.00567125,4.975,46.81666666666667,-88.64166663333334
2013-05-25,1.646449109852741,296.7375,279.3875,2.2125,270.65000000000003,1.0125,0.00625875,3.9500000000000006,46.81666666666667,-88.64166663333334
2013-06-02,2.17976082282826,291.2125,277.675,1.7375000000000003,202.92499999999998,0.6712499999999999,0.0051175000000000005,3.2250000000000005,46.81666666666667,-88.64166663333334
2013-06-10,2.8194308335874094,298.07499999999993,281.8625,1.075,286.75,0.9750000000000001,0.0074624999999999995,3.3875,46.81666666666667,-88.64166663333334
2013-06-18,3.0650419198536687,300.725,284.325,5.812500000000001,263.5875,1.14,0.008945000000000002,3.5375000000000005,46.81666666666667,-88.64166663333334
2013-06-26,3.690897850749578,299.5125,283.67499999999995,2.875,286.91249999999997,1.06875,0.00831875,2.95,46.81666666666667,-88.64166663333334
2013-07-04,3.7511620096912726,302.78749999999997,287.375,6.6875,289.8375,1.2487499999999998,0.010476250000000001,4.1125,46.81666666666667,-88.64166663333334
2013-07-12,3.60768295297923,304.36249999999995,289.70000000000005,8.2375,254.2375,1.2975,0.012246250000000002,4.062500000000001,46.81666666666667,-88.64166663333334
2013-07-20,3.4991619764135193,296.83750000000003,281.025,2.5875,243.6625,0.8625,0.007622500000000001,4.2625,46.81666666666667,-88.64166663333334
2013-07-28,4.1538735713481865,296.8875,282.5875,4.325,221.70000000000002,0.98375,0.00696625,4.1875,46.81666666666667,-88.64166663333334
2013-08-05,4.042802373726024,297.925,281.5,2.625,214.11249999999998,1.0062499999999999,0.00707375,3.7250000000000005,46.81666666666667,-88.64166663333334
2013-08-13,3.4438675682121263,302.41249999999997,282.63750000000005,0.0,240.2875,1.64875,0.00678375,3.925,46.81666666666667,-88.64166663333334
2013-08-21,3.471528597071582,306.8,288.45,3.5625,221.5,1.865,0.01057625,3.45,46.81666666666667,-88.64166663333334
2013-08-29,3.5723050407486503,299.575,283.07500000000005,2.575,202.41250000000002,1.025,0.008740000000000001,3.7750000000000004,46.81666666666667,-88.64166663333334
2013-09-06,3.606779099093592,299.53749999999997,283.1,0.7125,166.5875,1.04875,0.00861625,4.125,46.81666666666667,-88.64166663333334
2013-09-14,2.8899939968639403,295.8,278.8,1.5375,156.975,0.7812500000000001,0.007281250000000001,5.1375,46.81666666666667,-88.64166663333334
2013-09-22,2.6885089702935905,298.2,278.81250000000006,0.8625,170.1125,1.155,0.005891250000000001,4.6625,46.81666666666667,-88.64166663333334
2013-09-30,1.7994188273152887,293.4875,280.625,4.537500000000001,118.65,0.8775,0.00562,6.375,46.81666666666667,-88.64166663333334
2013-10-08,1.3349580801463312,294.26250000000005,278.8875,1.1125,132.575,0.965,0.0051225,5.4375,46.81666666666667,-88.64166663333334
2013-10-16,0.6193353232861024,282.7625,273.2375,2.9,90.01250000000002,0.29124999999999995,0.0039575,5.325,46.81666666666667,-88.64166663333334
2013-10-24,0.7000000000000001,281.7625,272.7625,2.1375,66.25,0.29875,0.0036025,5.775000000000001,46.81666666666667,-88.64166663333334
2013-11-01,0.5,280.95,272.75,2.35,59.60000000000001,0.24750000000000003,0.0036862500000000003,6.100000000000001,46.81666666666667,-88.64166663333334
2013-11-09,0.38050333611343456,279.29999999999995,270.35,3.9125,66.275,0.2625,0.0029912500000000004,8.3125,46.81666666666667,-88.64166663333334
2013-11-17,0.3814071899990724,275.7625,267.5625,2.3625000000000003,51.2,0.15000000000000002,0.0028737500000000004,8.225,46.81666666666667,-88.64166663333334
2013-11-25,0.30000000000000004,273.45,266.5125,0.9375,38.025,0.13,0.00235375,6.312500000000001,46.81666666666667,-88.64166663333334
2013-12-03,0.18140718999907238,268.8,260.95,5.3875,36.35,0.08124999999999999,0.00179,9.499999999999998,46.81666666666667,-88.64166663333334
2013-12-11,0.10000000000000002,266.5875,259.55,1.4375000000000002,39.18750000000001,0.07375000000000001,0.0014037500000000003,7.425000000000001,46.81666666666667,-88.64166663333334
2013-12-19,0.0998386593995368,269.2375,262.4625,1.8625,41.462500000000006,0.08,0.0018275000000000001,6.05,46.81666666666667,-88.64166663333334
2013-12-27,0.09925748671482539,268.43999999999994,257.71999999999997,0.52,44.74,0.07999999999999999,0.001602,6.3,46.81666666666667,-88.64166663333334
2014-01-01,0.017850296715753028,260.2,249.22500000000002,1.4125,58.637499999999996,0.03625,0.0008162500000000001,7.675000000000001,46.81666666666667,-88.64166663333334
2014-01-09,0.09925748671482539,270.1875,262.2375,1.7000000000000002,58.4375,0.14,0.00162875,5.425000000000001,46.81666666666667,-88.64166663333334
2014-01-17,0.11785029671575303,263.95,254.775,2.5375,64.55000000000001,0.07375000000000001,0.00105,6.337500000000001,46.81666666666667,-88.64166663333334
2014-01-25,0.10000000000000002,261.5625,251.45,1.1125,76.35000000000001,0.0725,0.0007425000000000002,6.2875000000000005,46.81666666666667,-88.64166663333334
2014-02-02,0.10000000000000002,265.1125,252.52499999999998,0.0,96.3875,0.09375,0.0008525000000000001,4.5375000000000005,46.81666666666667,-88.64166663333334
2014-02-10,0.1357005934315061,265.16249999999997,251.45,2.2750000000000004,85.275,0.07250000000000001,0.001025,4.2625,46.81666666666667,-88.64166663333334
2014-02-18,0.11785029671575303,269.9875,258.875,1.6875,94.8375,0.14625000000000002,0.0015312500000000003,6.6000000000000005,46.81666666666667,-88.64166663333334
2014-02-26,0.10000000000000002,261.6625,244.925,0.22500000000000003,136.25,0.06125,0.00064125,4.9125,46.81666666666667,-88.64166663333334
2014-03-06,0.10000000000000002,275.21250000000003,260.725,0.48750000000000004,152.225,0.2375,0.0017150000000000002,4.3875,46.81666666666667,-88.64166663333334
2014-03-14,0.10000000000000002,272.66249999999997,259.4875,2.9875,146.60000000000002,0.13125,0.0018712500000000005,3.9375,46.81666666666667,-88.64166663333334
2014-03-22,0.10000000000000002,271.35,257.78749999999997,1.725,167.2375,0.15375,0.0015662500000000002,4.275,46.81666666666667,-88.64166663333334
2014-03-30,0.017850296715753028,280.2125,265.6625,4.325,166.07500000000002,0.33000000000000007,0.0024362500000000005,4.775,46.81666666666667,-88.64166663333334
2014-04-07,0.10000000000000002,280.975,268.01249999999993,0.5750000000000001,174.65000000000003,0.32750000000000007,0.0028350000000000003,4.275,46.81666666666667,-88.64166663333334
2014-04-15,0.21785029671575307,281.0,267.75,3.9375,208.8625,0.39875000000000005,0.0026,3.9875,46.81666666666667,-88.64166663333334
2014-04-23,0.41785029671575313,279.675,272.3125,2.8375000000000004,179.95,0.3137500000000001,0.0029062500000000004,5.425000000000001,46.81666666666667,-88.64166663333334
2014-05-01,0.9178502967157531,284.125,273.65,3.5375,170.575,0.43875,0.0034425000000000002,4.0625,46.81666666666667,-88.64166663333334
2014-05-09,1.2814071899990724,286.9125,273.6,2.7500000000000004,225.93750000000003,0.42,0.00459,5.8375,46.81666666666667,-88.64166663333334
2014-05-17,1.7994188273152887,293.4375,277.3375,2.1500000000000004,257.4375,0.8587500000000001,0.00492,4.2250000000000005,46.81666666666667,-88.64166663333334
2014-05-25,2.316365270145404,299.05,280.38750000000005,0.325,282.5875,1.0562500000000001,0.007438750000000001,3.65,46.81666666666667,-88.64166663333334
2014-06-02,2.7262757629801575,295.4375,277.86249999999995,4.1125,252.7375,0.6900000000000001,0.006985,4.0125,46.81666666666667,-88.64166663333334
2014-06-10,3.573208894634288,295.63750000000005,280.175,2.325,266.20000000000005,0.82125,0.00686125,4.8375,46.81666666666667,-88.64166663333334
2014-06-18,3.232858919725091,293.0625,280.47499999999997,3.2249999999999996,221.2375,0.37875000000000003,0.008463749999999999,3.6250000000000004,46.81666666666667,-88.64166663333334
2014-06-26,4.290897850749578,299.225,283.825,0.3875,263.425,1.0675000000000001,0.00843125,5.3500000000000005,46.81666666666667,-88.64166663333334
2014-07-04,4.089090142978303,297.4375,283.5125,4.3374999999999995,260.15000000000003,0.82125,0.0086975,4.675000000000001,46.81666666666667,-88.64166663333334
2014-07-12,3.9337947655511956,295.875,283.21250000000003,2.5875000000000004,253.66250000000002,0.8025,0.007818750000000001,4.5375,46.81666666666667,-88.64166663333334
2014-07-20,3.606359267009344,298.73749999999995,285.2,5.987500000000001,247.18750000000006,0.87125,0.009652500000000001,4.125,46.81666666666667,-88.64166663333334
2014-07-28,2.8023592004538376,296.76250000000005,281.425,0.8,249.73750000000004,0.63625,0.00868375,3.35,46.81666666666667,-88.64166663333334
2014-08-05,3.275468724299691,298.65000000000003,283.275,4.2,248.525,0.81875,0.00924125,2.6875,46.81666666666667,-88.64166663333334
2014-08-13,3.1915448537334457,293.6125,281.3375,2.975,204.78750000000002,0.41125000000000006,0.008565000000000001,3.0375000000000005,46.81666666666667,-88.64166663333334
2014-08-21,3.748256817624017,296.76250000000005,285.61249999999995,1.9625000000000001,201.31250000000003,0.6375000000000001,0.0099825,3.9625,46.81666666666667,-88.64166663333334
2014-08-29,3.522209286802397,295.45,283.775,4.050000000000001,176.575,0.41000000000000003,0.01012375,4.324999999999999,46.81666666666667,-88.64166663333334
2014-09-06,3.0271796168657956,291.22499999999997,277.4375,7.8999999999999995,152.35000000000002,0.52,0.0064399999999999995,5.262500000000001,46.81666666666667,-88.64166663333334
2014-09-14,2.6699161602926624,290.63750000000005,276.325,0.4375,145.075,0.4174999999999999,0.006318750000000001,5.0,46.81666666666667,-88.64166663333334
2014-09-22,2.15206586357691,295.675,279.20000000000005,1.0125000000000002,144.7875,0.76625,0.0073,4.1875,46.81666666666667,-88.64166663333334
2014-09-30,1.7357005934315062,285.125,276.59999999999997,4.4750000000000005,115.20000000000002,0.28750000000000003,0.00530125,6.0,46.81666666666667,-88.64166663333334
2014-10-08,1.1000000000000003,285.2,274.63750000000005,2.9125,113.125,0.365,0.00437875,5.7625,46.81666666666667,-88.64166663333334
2014-10-16,0.8185928100009278,283.05,273.28749999999997,2.9875000000000003,99.525,0.20625000000000002,0.00455375,4.175000000000001,46.81666666666667,-88.64166663333334
2014-10-24,0.6001613406004633,283.25,273.925,3.2500000000000004,84.47500000000001,0.29,0.0043575,6.1000000000000005,46.81666666666667,-88.64166663333334
2014-11-01,0.5176889561152899,279.0125,271.06249999999994,2.3375,77.375,0.24375,0.00312,5.925,46.81666666666667,-88.64166663333334
2014-11-09,0.4990961461143622,271.125,263.55,6.5875,66.2,0.06625,0.002205,7.812500000000001,46.81666666666667,-88.64166663333334
2014-11-17,0.4985149734296508,271.4,263.525,5.4625,47.449999999999996,0.12125,0.00214,7.862499999999999,46.81666666666667,-88.64166663333334
2014-11-25,0.29925748671482544,267.98749999999995,257.675,0.9625000000000001,51.175,0.06,0.0017075,6.4625,46.81666666666667,-88.64166663333334
2014-12-03,0.21710778343057843,271.5375,261.775,0.575,51.60000000000001,0.09500000000000001,0.00197875,5.65,46.81666666666667,-88.64166663333334
2014-12-11,0.1992574867148254,275.25,267.43749999999994,2.8875,49.7625,0.13625,0.002810000000000001,4.862500000000001,46.81666666666667,-88.64166663333334
2014-12-19,0.10000000000000002,273.8875,269.3375,3.8375,32.5625,0.12625,0.00273,4.7125,46.81666666666667,-88.64166663333334
2014-12-27,0.10000000000000002,265.24000000000007,254.64000000000001,1.98,36.980000000000004,0.028000000000000004,0.0014520000000000002,7.540000000000001,46.81666666666667,-88.64166663333334
2015-01-01,0.10000000000000002,262.99999999999994,253.01250000000002,2.8125,46.599999999999994,0.056249999999999994,0.0010600000000000002,8.9375,46.81666666666667,-88.64166663333334
2015-01-09,0.0998386593995368,264.85,254.2375,0.5625,66.375,0.09000000000000001,0.0010287500000000002,7.137499999999999,46.81666666666667,-88.64166663333334
2015-01-17,0.18140718999907238,271.97499999999997,266.05,0.3375,63.112500000000004,0.14250000000000002,0.00205375,5.125,46.81666666666667,-88.64166663333334
2015-01-25,0.10000000000000002,268.03749999999997,259.75,0.4625,71.1625,0.07125000000000001,0.0016150000000000003,4.8375,46.81666666666667,-88.64166663333334
2015-02-02,0.10000000000000002,266.325,255.8625,1.0250000000000001,71.60000000000001,0.08375,0.00118375,5.2125,46.81666666666667,-88.64166663333334
2015-02-10,0.10000000000000002,262.975,252.1125,1.2125,77.6375,0.06375000000000001,0.0009625,5.275,46.81666666666667,-88.64166663333334
2015-02-18,0.10000000000000002,260.97499999999997,245.625,0.48750000000000004,95.6125,0.0525,0.00069375,5.5375,46.81666666666667,-88.64166663333334
2015-02-26,0.10000000000000002,265.67499999999995,250.0375,0.4375,139.85,0.08500000000000002,0.0009625000000000001,5.5249999999999995,46.81666666666667,-88.64166663333334
2015-03-06,0.11785029671575303,279.5875,265.325,0.0,137.97500000000002,0.3275,0.0023137500000000003,4.0249999999999995,46.81666666666667,-88.64166663333334
2015-03-14,0.10090385388563787,278.35,265.7375,0.7875000000000001,144.8375,0.24875000000000003,0.00247,4.775,46.81666666666667,-88.64166663333334
2015-03-22,0.20164636717081252,274.1875,260.9125,2.1750000000000003,176.275,0.1925,0.0018012500000000001,4.362500000000001,46.81666666666667,-88.64166663333334
2015-03-30,0.5001613406004632,279.7375,266.6875,0.30000000000000004,209.42500000000004,0.3225,0.0024075,5.1875,46.81666666666667,-88.64166663333334
2015-04-07,0.6178502967157532,284.275,271.52500000000003,2.1,202.5875,0.5425,0.0028725000000000005,6.15,46.81666666666667,-88.64166663333334
2015-04-15,0.8000000000000002,284.62500000000006,272.1125,1.6375,192.77499999999998,0.5475,0.003107500000000001,6.0,46.81666666666667,-88.64166663333334
2015-04-23,0.5826337250856367,285.025,270.1375,0.0,279.125,0.4975,0.0029200000000000003,3.849999999999999,46.81666666666667,-88.64166663333334
2015-05-01,1.3171077834305782,294.55,277.28749999999997,0.4,252.46249999999998,0.9025,0.005180000000000001,4.3,46.81666666666667,-88.64166663333334
2015-05-09,1.5,286.27500000000003,274.2875,3.1875,215.22500000000002,0.41375,0.00442125,4.225,46.81666666666667,-88.64166663333334
2015-05-17,2.1000000000000005,290.58750000000003,274.8375,1.9500000000000002,253.57500000000002,0.70375,0.0045875,5.3875,46.81666666666667,-88.64166663333334
2015-05-25,3.098353632829188,292.0,276.55,4.5375000000000005,252.45000000000002,0.51,0.00645125,3.9375,46.81666666666667,-88.64166663333334
2015-06-02,3.861329353427796,294.6375,279.475,1.9250000000000003,243.82500000000002,0.6662500000000001,0.00697125,3.875,46.81666666666667,-88.64166663333334
2015-06-10,4.133150372375057,294.12500000000006,279.975,2.9125,241.58750000000003,0.5475000000000001,0.007528750000000001,3.0375,46.81666666666667,-88.64166663333334
2015-06-18,3.9975792196367506,295.0625,279.75,1.4125,253.72500000000002,0.62625,0.0074675,3.2875,46.81666666666667,-88.64166663333334
2015-06-26,4.309006638949116,296.32500000000005,280.17500000000007,0.7375,270.45,0.6950000000000001,0.0078825,2.9625,46.81666666666667,-88.64166663333334
2015-07-04,4.274532580604174,298.3375,283.05,2.5250000000000004,283.6875,0.7375,0.00959125,4.0625,46.81666666666667,-88.64166663333334
2015-07-12,4.073208894634288,299.1375,285.35,2.6750000000000003,267.4625,0.7850000000000001,0.01032125,3.6125000000000003,46.81666666666667,-88.64166663333334
2015-07-20,4.066042253266327,301.28749999999997,284.52500000000003,0.07500000000000001,293.32500000000005,1.06875,0.0097075,4.05,46.81666666666667,-88.64166663333334
2015-07-28,3.3294713464384613,297.975,284.90000000000003,1.1625,239.01250000000005,0.8462500000000001,0.00908625,5.7124999999999995,46.81666666666667,-88.64166663333334
2015-08-05,3.6985808037288073,297.5375,284.8375,1.7125000000000004,221.02500000000003,0.6687500000000001,0.009845000000000001,3.4875000000000003,46.81666666666667,-88.64166663333334
2015-08-13,3.5065206076098074,299.08750000000003,285.8,1.55,202.03750000000002,0.735,0.011083750000000002,4.425,46.81666666666667,-88.64166663333334
2015-08-21,3.3706586735778385,294.125,281.66249999999997,1.7500000000000002,184.0875,0.5599999999999999,0.008175000000000002,5.95,46.81666666666667,-88.64166663333334
2015-08-29,3.324790736409809,300.6125,286.9875,1.5625,205.55000000000004,0.6749999999999999,0.012323750000000001,3.8500000000000005,46.81666666666667,-88.64166663333334
2015-09-06,2.988508970293591,295.77500000000003,280.45000000000005,4.175,178.8625,0.54125,0.00898625,4.1375,46.81666666666667,-88.64166663333334
2015-09-14,2.6706586735778375,298.02500000000003,283.66249999999997,0.9500000000000002,180.02500000000003,0.825,0.0089725,5.212500000000001,46.81666666666667,-88.64166663333334
2015-09-22,2.0799221634287233,294.63750000000005,281.16249999999997,0.6000000000000001,146.8875,0.54125,0.008296250000000002,4.2125,46.81666666666667,-88.64166663333334
2015-09-30,1.598514973429651,288.175,275.3375,0.8250000000000001,146.95000000000002,0.46125,0.004786250000000001,4.0875,46.81666666666667,-88.64166663333334
2015-10-08,1.3992574867148253,290.4125,277.075,2.0250000000000004,117.47500000000001,0.5675,0.00561875,6.3125,46.81666666666667,-88.64166663333334
2015-10-16,0.8000000000000002,285.33750000000003,273.21250000000003,1.05,103.63749999999999,0.43000000000000005,0.00394125,6.275000000000001,46.81666666666667,-88.64166663333334
2015-10-24,0.7800193143120449,283.225,274.875,6.4625,67.95,0.215,0.00475625,4.8625,46.81666666666667,-88.64166663333334
2015-11-01,0.4176889561152899,286.7125,275.40000000000003,0.5,77.0625,0.34,0.0052325,6.1499999999999995,46.81666666666667,-88.64166663333334
2015-11-09,0.5,284.1125,272.375,5.8,66.72500000000001,0.34625000000000006,0.003945,5.437500000000001,46.81666666666667,-88.64166663333334
2015-11-17,0.49925748671482545,277.0,269.675,1.8,47.35,0.16499999999999998,0.003340000000000001,7.687500000000001,46.81666666666667,-88.64166663333334
2015-11-25,0.5171077834305784,275.49999999999994,267.6125,2.9375,50.5125,0.13875,0.00284875,4.9625,46.81666666666667,-88.64166663333334
2015-12-03,0.3357005934315061,279.55,272.0625,1.7375,62.12500000000001,0.26125,0.003215,5.2,46.81666666666667,-88.64166663333334
2015-12-11,0.35280837686208455,274.5375,270.3875,6.400000000000001,30.3375,0.11375000000000002,0.0030862500000000005,7.7875,46.81666666666667,-88.64166663333334
2015-12-19,0.37065867357783755,273.2625,268.55,3.6625,45.975,0.12249999999999998,0.00258875,5.9375,46.81666666666667,-88.64166663333334
2015-12-27,0.21785029671575307,269.54,265.17999999999995,0.64,46.12,0.064,0.0021179999999999997,6.44,46.81666666666667,-88.64166663333334
2016-01-01,0.13511942074679467,272.6375,264.79999999999995,1.8375,55.85,0.115,0.0022125,6.0125,46.81666666666667,-88.64166663333334
2016-01-09,0.1907365101491144,264.8125,257.1625,2.475,45.862500000000004,0.06624999999999999,0.0014350000000000003,6.5375,46.81666666666667,-88.64166663333334
2016-01-17,0.13644310671668072,266.4625,258.40000000000003,0.5625,61.175000000000004,0.02875,0.00150625,5.425000000000001,46.81666666666667,-88.64166663333334
2016-01-25,0.11785029671575303,273.93749999999994,264.1375,1.7125000000000001,66.6125,0.13374999999999998,0.0023025,5.6125,46.81666666666667,-88.64166663333334
2016-02-02,0.11785029671575303,270.57499999999993,264.1875,3.625,63.199999999999996,0.13,0.00204125,6.5,46.81666666666667,-88.64166663333334
2016-02-10,0.10000000000000002,266.25,254.6625,1.3875,94.775,0.06999999999999999,0.0011525,6.3375,46.81666666666667,-88.64166663333334
2016-02-26,0.11785029671575303,272.66249999999997,258.8625,1.5625,128.025,0.14875000000000002,0.0017462500000000002,5.7125,46.81666666666667,-88.64166663333334
2016-03-05,0.19851497342965077,282.4375,270.1125,0.25,165.29999999999998,0.31375,0.00337125,4.25,46.81666666666667,-88.64166663333334
2016-03-13,0.29925748671482544,276.775,268.27500000000003,3.8625,138.41250000000002,0.19000000000000003,0.0029850000000000002,5.062500000000001,46.81666666666667,-88.64166663333334
2016-03-21,0.21785029671575307,276.1,266.4125,2.95,158.87500000000003,0.155,0.0025487500000000002,4.0,46.81666666666667,-88.64166663333334
2016-03-29,0.3992574867148254,275.0875,264.34999999999997,3.2125,147.1375,0.16875000000000004,0.00249,4.8375,46.81666666666667,-88.64166663333334
2016-04-06,0.5992574867148255,274.525,267.3625,2.2625,157.9375,0.15875,0.002325,5.612500000000001,46.81666666666667,-88.64166663333334
2016-04-14,0.6992574867148253,291.9875,274.23749999999995,0.5625,219.48749999999998,0.7875000000000001,0.004432500000000001,3.9250000000000003,46.81666666666667,-88.64166663333334
2016-04-22,0.6336343941764455,282.15000000000003,271.5625,3.9000000000000004,223.0,0.34375,0.0032012500000000005,4.775,46.81666666666667,-88.64166663333334
2016-04-30,0.6733060455176096,289.3,273.075,0.7000000000000001,236.77500000000003,0.6775,0.00391875,4.175000000000001,46.81666666666667,-88.64166663333334
2016-05-08,1.4178502967157534,286.4375,274.775,2.025,203.25,0.53,0.0038775000000000003,5.05,46.81666666666667,-88.64166663333334
2016-05-16,1.5271796168657954,294.15000000000003,274.825,0.1125,277.225,0.84375,0.00471125,3.2375,46.81666666666667,-88.64166663333334
2016-05-24,2.146771119697366,293.175,282.125,8.9,221.75,0.5,0.007973750000000002,4.0875,46.81666666666667,-88.64166663333334
2016-06-01,2.556682283888421,291.575,279.2875,3.7625,245.88750000000002,0.5599999999999999,0.0064075,4.625,46.81666666666667,-88.64166663333334
2016-06-09,3.216687951346331,296.425,280.77500000000003,3.1625,248.4,0.6987500000000001,0.007815,3.9,46.81666666666667,-88.64166663333334
2016-06-17,2.6274067877654153,300.975,283.4625,0.0,302.79999999999995,1.1475,0.00864875,4.0875,46.81666666666667,-88.64166663333334
2016-06-25,3.6553585979185352,297.2125,281.875,7.0125,270.1625,0.90875,0.007858750000000001,5.1875,46.81666666666667,-88.64166663333334
2016-07-03,4.005616753724169,298.225,284.3125,6.5375,274.83750000000003,0.57875,0.010172500000000001,3.3875,46.81666666666667,-88.64166663333334
2016-07-11,3.581310039115751,298.66249999999997,284.875,8.075000000000001,272.45000000000005,0.8425000000000001,0.0101875,5.125,46.81666666666667,-88.64166663333334
2016-07-19,3.960814011042241,303.4,288.00000000000006,1.8250000000000002,291.48749999999995,1.045,0.0120975,4.500000000000001,46.81666666666667,-88.64166663333334
2016-07-27,4.007263120894982,299.61249999999995,284.4,0.17500000000000002,238.66249999999997,0.59125,0.01118125,2.9375000000000004,46.81666666666667,-88.64166663333334
2016-08-04,3.3139757183331158,299.90000000000003,285.37500000000006,5.2625,237.38750000000002,0.6675,0.011815,4.3374999999999995,46.81666666666667,-88.64166663333334
2016-08-12,3.592221536719464,298.45,285.41249999999997,6.0125,208.8625,0.605,0.011216249999999999,2.9750000000000005,46.81666666666667,-88.64166663333334
2016-08-20,3.5258559308959097,296.775,284.125,4.325,184.9625,0.60875,0.0096825,5.1000000000000005,46.81666666666667,-88.64166663333334
2016-08-28,3.0289873246370713,297.55,281.825,0.35,209.28750000000002,0.5662500000000001,0.00955625,3.9000000000000004,46.81666666666667,-88.64166663333334
2016-09-05,3.6085868068648677,296.11249999999995,285.3875,9.0875,154.7875,0.61625,0.010191250000000002,4.8500000000000005,46.81666666666667,-88.64166663333334
2016-09-13,3.18999399686394,294.8375,280.95,1.1,162.15,0.46375,0.00852,4.8375,46.81666666666667,-88.64166663333334
2016-09-21,1.9865092726939881,290.3125,279.75,4.2625,99.9125,0.26375000000000004,0.0079275,5.9625,46.81666666666667,-88.64166663333334
2016-09-29,1.268497635377772,292.8125,278.29999999999995,1.0375,147.0875,0.48375,0.0071962499999999995,3.7125000000000004,46.81666666666667,-88.64166663333334
2016-10-07,1.600742513285175,286.5375,275.65000000000003,2.3000000000000003,109.31250000000001,0.30999999999999994,0.005196250000000001,6.987500000000001,46.81666666666667,-88.64166663333334
2016-10-15,1.2992574867148254,287.05,275.075,3.6875,115.06250000000001,0.34375,0.005660000000000001,4.800000000000001,46.81666666666667,-88.64166663333334
2016-10-23,0.5743712400037106,282.65000000000003,273.4875,0.9125,83.63750000000002,0.185,0.0046325,4.2125,46.81666666666667,-88.64166663333334
2016-10-31,0.7985149734296508,289.9875,274.15,0.125,97.47500000000001,0.5425,0.005013750000000001,5.025,46.81666666666667,-88.64166663333334
2016-11-08,0.2929640500046383,285.41249999999997,273.18750000000006,0.3125,81.62500000000001,0.43000000000000005,0.003971250000000001,6.550000000000001,46.81666666666667,-88.64166663333334
2016-11-16,0.6009038538856379,276.0875,268.475,3.075,61.349999999999994,0.125,0.0032625,5.9624999999999995,46.81666666666667,-88.64166663333334
2016-11-24,0.6185928100009278,277.1125,271.3875,1.175,43.5125,0.10375000000000001,0.0037412500000000002,4.425000000000001,46.81666666666667,-88.64166663333334
2016-12-02,0.41785029671575313,273.0125,267.55,2.325,34.725,0.15875,0.0025100000000000005,6.9125000000000005,46.81666666666667,-88.64166663333334
2016-12-10,0.23644310671668073,263.70000000000005,255.31250000000003,3.5625,37.3,0.0425,0.0012962500000000003,8.675,46.81666666666667,-88.64166663333334
2016-12-18,0.1358619340319693,272.5625,263.7625,2.7,48.1125,0.14125000000000001,0.0019937500000000003,8.312500000000002,46.81666666666667,-88.64166663333334
2016-12-26,0.1357005934315061,271.5666666666666,261.53333333333336,2.316666666666667,34.6,0.08666666666666667,0.0021249999999999997,7.6333333333333355,46.81666666666667,-88.64166663333334
2017-01-01,0.03644310671668068,265.8375,258.65000000000003,1.9000000000000001,43.575,0.07125,0.0014550000000000001,7.55,46.81666666666667,-88.64166663333334
2017-01-09,0.1535508901472591,269.5625,256.85,2.1625,72.7875,0.1175,0.0013975,6.875,46.81666666666667,-88.64166663333334
2017-01-17,0.11785029671575303,277.4625,267.8125,2.025,63.212500000000006,0.16749999999999998,0.0029425,3.2375,46.81666666666667,-88.64166663333334
2017-01-25,0.10000000000000002,270.1125,264.6625,1.2125000000000001,61.6375,0.09250000000000001,0.00206875,6.575,46.81666666666667,-88.64166663333334
2017-02-02,0.11785029671575303,266.7125,259.3,4.2125,84.27499999999999,0.08125,0.001375,8.3,46.81666666666667,-88.64166663333334
2017-02-10,0.11785029671575303,275.4125,262.63750000000005,0.4,87.78750000000001,0.18375,0.00213375,6.3,46.81666666666667,-88.64166663333334
2017-02-18,0.11785029671575303,278.55,268.425,2.475,114.7625,0.26250000000000007,0.0028137500000000003,6.4125,46.81666666666667,-88.64166663333334
2017-02-26,0.11785029671575303,272.65,258.09999999999997,0.5375,119.10000000000002,0.10375000000000001,0.001965,6.625000000000002,46.81666666666667,-88.64166663333334
2017-03-06,0.1357005934315061,270.225,261.0375,0.5,137.9375,0.15000000000000002,0.0016800000000000003,8.8125,46.81666666666667,-88.64166663333334
2017-03-14,0.3992574867148254,275.16249999999997,264.475,0.5,153.725,0.2,0.0021275,5.4625,46.81666666666667,-88.64166663333334
2017-03-22,0.49925748671482545,276.91249999999997,269.075,0.8875000000000002,158.9625,0.21125,0.0027337500000000005,3.5500000000000003,46.81666666666667,-88.64166663333334
2017-03-30,0.5994188273152887,283.0,270.1875,0.125,208.32500000000002,0.36874999999999997,0.0031475,4.075,46.81666666666667,-88.64166663333334
2017-04-07,0.6178502967157532,286.49999999999994,270.5625,2.2125000000000004,217.7875,0.485,0.0037875,4.324999999999999,46.81666666666667,-88.64166663333334
2017-04-15,0.7185928100009278,283.8375,272.2125,4.925000000000001,222.26250000000002,0.30125,0.00420625,4.925000000000001,46.81666666666667,-88.64166663333334
2017-04-23,0.7184314694004645,282.3375,271.55,8.1875,193.50000000000003,0.36375,0.003595,6.062499999999999,46.81666666666667,-88.64166663333334
2017-05-01,0.7799221634287231,285.05,270.8625,1.3875000000000002,234.625,0.4962500000000001,0.0030412500000000006,3.8625000000000007,46.81666666666667,-88.64166663333334
2017-05-09,1.2000000000000002,291.15000000000003,275.4125,1.475,238.125,0.65,0.004790000000000001,3.275,46.81666666666667,-88.64166663333334
2017-05-17,1.8,285.7625,273.875,6.5125,179.70000000000002,0.31625000000000003,0.00476125,4.625,46.81666666666667,-88.64166663333334
2017-05-25,1.7628143799981448,292.4375,278.99999999999994,1.4125,217.15,0.7125,0.00563125,4.7250000000000005,46.81666666666667,-88.64166663333334
2017-06-02,2.5651077501528254,297.7,279.17499999999995,0.4,292.0125,0.81125,0.00764,2.7625,46.81666666666667,-88.64166663333334
2017-06-10,2.9646879180685772,300.35,284.73749999999995,7.1000000000000005,263.9375,0.9924999999999999,0.009558750000000001,5.125,46.81666666666667,-88.64166663333334
2017-06-18,2.204586740309361,293.15,281.7625,6.45,219.75,0.66375,0.006841250000000001,4.7625,46.81666666666667,-88.64166663333334
2017-06-26,3.502293370154681,294.575,282.55,3.125,232.85000000000002,0.6675000000000001,0.0076187500000000005,3.7249999999999996,46.81666666666667,-88.64166663333334
2017-07-04,2.4492274710345243,300.1,284.79999999999995,2.4375,275.5625,0.83,0.0104025,3.7000000000000006,46.81666666666667,-88.64166663333334
2017-07-12,3.872466381349114,297.4,282.41249999999997,1.9875,263.575,0.6712500000000001,0.00940375,4.2875,46.81666666666667,-88.64166663333334
2017-07-20,3.5432215344539713,298.4125,284.8375,0.3625,283.46250000000003,0.7775,0.009815,3.6750000000000003,46.81666666666667,-88.64166663333334
2017-07-28,4.055455077445556,298.35,283.5,3.125,231.10000000000002,0.735,0.009998749999999999,4.1625000000000005,46.81666666666667,-88.64166663333334
2017-08-05,4.088928802377839,296.875,282.325,5.675,236.3125,0.71375,0.00865375,3.2875000000000005,46.81666666666667,-88.64166663333334
2017-08-13,3.8792454804427052,298.21250000000003,284.0375,4.2125,213.525,0.63125,0.01021875,3.7875000000000005,46.81666666666667,-88.64166663333334
2017-08-21,2.5779882961282774,294.375,280.8375,3.5125,202.9875,0.525,0.00810625,3.525,46.81666666666667,-88.64166663333334
2017-08-29,3.6249520770102714,293.2875,280.075,3.6875000000000004,182.80000000000004,0.4487499999999999,0.00797625,4.6,46.81666666666667,-88.64166663333334
2017-09-06,3.262137697012127,294.51250000000005,278.5625,0.8375,183.06250000000003,0.58375,0.007635000000000001,3.8000000000000003,46.81666666666667,-88.64166663333334
2017-09-14,2.9401556731425544,296.2,282.4625,1.6,163.4,0.4425,0.010058750000000002,3.8125,46.81666666666667,-88.64166663333334
2017-09-22,2.510814346720392,296.28749999999997,282.35,4.9375,130.1875,0.48250000000000004,0.010332499999999998,4.625,46.81666666666667,-88.64166663333334
2017-09-30,2.0907365101491147,291.5,279.3875,6.475,126.06250000000001,0.48749999999999993,0.006816249999999999,5.1,46.81666666666667,-88.64166663333334
2017-10-08,1.6542934034324341,288.225,274.41249999999997,1.5,139.875,0.395,0.005170000000000001,5.0375000000000005,46.81666666666667,-88.64166663333334
2017-10-16,1.2357005934315064,293.48749999999995,278.33750000000003,0.475,121.8125,0.8075000000000001,0.00555625,6.362500000000001,46.81666666666667,-88.64166663333334
2017-10-24,0.8819883626837838,278.8,271.72499999999997,11.662500000000001,65.5125,0.15374999999999997,0.0036775,8.175,46.81666666666667,-88.64166663333334
2017-11-01,0.6000000000000001,275.75,269.8625,1.8250000000000002,70.3875,0.165,0.0028399999999999996,6.850000000000001,46.81666666666667,-88.64166663333334
2017-11-09,0.5821497032842471,274.175,267.4375,2.6500000000000004,67.4,0.1275,0.0026212500000000003,6.0625,46.81666666666667,-88.64166663333334
2017-11-17,0.3992574867148254,276.09999999999997,267.925,1.35,56.13750000000001,0.17500000000000002,0.0027,7.3875,46.81666666666667,-88.64166663333334
2017-11-25,0.3178502967157531,279.9,269.2,0.0,59.4125,0.30625,0.0026937500000000004,7.0875,46.81666666666667,-88.64166663333334
2017-12-03,0.21768895611528985,270.8125,264.6,4.7,43.22500000000001,0.0975,0.00223125,7.887500000000001,46.81666666666667,-88.64166663333334
2017-12-11,0.1362817661162175,268.3875,261.03749999999997,1.9250000000000003,37.725,0.0625,0.0018150000000000002,5.8125,46.81666666666667,-88.64166663333334
2017-12-19,0.11859281000092767,267.275,258.3625,1.8750000000000002,37.225,0.07500000000000001,0.0015187500000000001,7.250000000000001,46.81666666666667,-88.64166663333334
2017-12-27,0.01859281000092766,262.38,252.35999999999999,2.4,35.08,0.06,0.000884,6.4799999999999995,46.81666666666667,-88.64166663333334
2018-01-01,0.11785029671575303,264.675,254.86249999999998,0.18750000000000003,64.175,0.07875000000000001,0.0010787500000000003,8.425,46.81666666666667,-88.64166663333334
2018-01-09,0.035700593431506056,268.4375,256.8875,2.5375000000000005,61.075,0.08625,0.00155,6.325000000000001,46.81666666666667,-88.64166663333334
2018-01-17,0.035700593431506056,273.59999999999997,264.01249999999993,0.6625000000000001,77.30000000000001,0.15625000000000003,0.0020687500000000003,6.300000000000001,46.81666666666667,-88.64166663333334
2018-01-25,0.05355089014725909,270.4,261.15000000000003,2.0,84.025,0.14500000000000002,0.0015875,6.737500000000001,46.81666666666667,-88.64166663333334
2018-02-02,0.035700593431506056,261.96250000000003,252.1,0.225,91.15,0.0675,0.0007625,5.8374999999999995,46.81666666666667,-88.64166663333334
2018-02-10,0.035700593431506056,271.21250000000003,256.9375,0.0,106.22500000000001,0.17375,0.0012950000000000001,5.4625,46.81666666666667,-88.64166663333334
2018-02-18,0.017850296715753028,272.11250000000007,259.9375,3.8125000000000004,95.06250000000001,0.1175,0.0017962499999999999,5.0375000000000005,46.81666666666667,-88.64166663333334
2018-02-26,0.035700593431506056,277.6625,263.3125,0.0,136.8,0.22874999999999998,0.0021725,3.375,46.81666666666667,-88.64166663333334
2018-03-06,0.017850296715753028,272.96250000000003,261.325,0.5750000000000001,127.4625,0.1375,0.00186125,4.125,46.81666666666667,-88.64166663333334
2018-03-14,0.017850296715753028,274.96250000000003,258.825,0.0,201.5875,0.17625000000000002,0.00178625,3.775,46.81666666666667,-88.64166663333334
2018-03-22,0.03644310671668068,277.15000000000003,262.0125,1.25,218.65000000000003,0.21000000000000002,0.00216625,4.4875,46.81666666666667,-88.64166663333334
2018-03-30,0.03644310671668068,270.775,263.175,1.2375000000000003,177.65,0.12625,0.0017450000000000005,6.675000000000001,46.81666666666667,-88.64166663333334
2018-04-07,0.3178502967157531,275.9,264.025,2.2,202.075,0.23125,0.001965,5.800000000000001,46.81666666666667,-88.64166663333334
2018-04-15,0.6000000000000001,280.05,266.4125,2.8000000000000003,232.75,0.39,0.0022700000000000003,6.0625,46.81666666666667,-88.64166663333334
2018-04-23,0.7176889561152899,288.7,270.15,0.0,265.3625,0.71875,0.0030375000000000007,4.4750000000000005,46.81666666666667,-88.64166663333334
2018-05-01,0.8366044473171441,293.9125,274.08750000000003,1.1,260.05,0.8374999999999999,0.004846250000000001,3.7249999999999996,46.81666666666667,-88.64166663333334
2018-05-09,1.4178502967157534,291.94999999999993,273.5625,0.5875,267.6,0.795,0.0044825,4.0875,46.81666666666667,-88.64166663333334
2018-05-17,2.034958080146332,296.84999999999997,276.55,1.475,276.375,1.01875,0.005715,3.7750000000000004,46.81666666666667,-88.64166663333334
2018-05-25,2.6721437001481867,298.8125,281.15000000000003,4.15,257.54999999999995,0.80875,0.00912375,4.0,46.81666666666667,-88.64166663333334
2018-06-02,3.2270182762653326,292.55,277.575,2.075,246.03750000000002,0.5475,0.006368750000000001,4.4375,46.81666666666667,-88.64166663333334
2018-06-10,3.6463535995514342,298.2625,282.1875,13.7125,278.1125,0.7575000000000001,0.009083750000000002,4.200000000000001,46.81666666666667,-88.64166663333334
2018-06-18,4.046095108067649,296.8,278.96250000000003,0.0,288.48749999999995,0.6300000000000001,0.00826875,2.6625000000000005,46.81666666666667,-88.64166663333334
2018-06-26,3.7761789477749867,302.8375,286.5625,3.7750000000000004,269.05,1.0475,0.011585000000000002,3.6500000000000004,46.81666666666667,-88.64166663333334
2018-07-04,3.8755335853731343,301.2874999999999,284.6125,5.825,300.02500000000003,0.9400000000000001,0.010568750000000002,5.05,46.81666666666667,-88.64166663333334
2018-07-12,4.336765787917607,300.7625,284.4625,0.21250000000000002,285.32500000000005,0.89375,0.010468750000000002,4.6499999999999995,46.81666666666667,-88.64166663333334
2018-07-20,4.424952077010271,296.025,283.78749999999997,2.8500000000000005,236.87500000000006,0.5337500000000001,0.00957,4.325,46.81666666666667,-88.64166663333334
2018-07-28,4.508005634180156,297.36249999999995,282.05000000000007,2.4625000000000004,247.67500000000004,0.6712500000000001,0.0093675,3.5375,46.81666666666667,-88.64166663333334
2018-08-05,4.085345286742551,300.88750000000005,283.6625,1.7875,262.6625000000001,0.66125,0.011665000000000002,3.125,46.81666666666667,-88.64166663333334
2018-08-13,4.0916403640347525,299.42499999999995,283.61249999999995,0.0,246.3375,0.55375,0.01139,2.5624999999999996,46.81666666666667,-88.64166663333334
2018-08-21,3.6582315001759116,296.12500000000006,283.40000000000003,5.887500000000001,193.6125,0.47,0.0104475,3.775000000000001,46.81666666666667,-88.64166663333334
2018-08-29,3.5627188696968384,294.2375,282.46250000000003,5.575000000000001,188.0,0.18375,0.010955000000000001,3.7625,46.81666666666667,-88.64166663333334
2018-09-06,2.7799879937278797,295.7125,279.92499999999995,0.0,200.32500000000002,0.6162500000000001,0.008190000000000001,4.2625,46.81666666666667,-88.64166663333334
2018-09-14,2.707101780294518,294.21250000000003,282.0625,7.3,144.45,0.26625,0.010247500000000001,4.825,46.81666666666667,-88.64166663333334
2018-09-22,1.8364431067166809,287.2125,276.46250000000003,2.725,120.625,0.27625,0.00600625,6.287500000000001,46.81666666666667,-88.64166663333334
2018-09-30,1.400903853885638,283.90000000000003,274.08750000000003,4.025,120.32500000000002,0.18624999999999997,0.0051,4.7375,46.81666666666667,-88.64166663333334
2018-10-08,0.9828922165694216,278.8375,272.85,13.425,66.3,0.10375,0.0042250000000000005,7.2125,46.81666666666667,-88.64166663333334
2018-10-16,0.6178502967157532,281.8625,270.4,1.175,98.225,0.30125,0.00345375,7.975000000000001,46.81666666666667,-88.64166663333334
2018-10-24,0.43570059343150613,281.075,273.5375,1.625,69.4875,0.18375000000000002,0.004203750000000001,3.9125000000000005,46.81666666666667,-88.64166663333334
2018-11-01,0.49925748671482545,277.075,269.1,1.7125000000000004,58.7375,0.10250000000000001,0.0033937500000000005,4.4125,46.81666666666667,-88.64166663333334
2018-11-09,0.3357005934315061,270.85,263.5125,1.9000000000000004,54.925000000000004,0.08875,0.00206375,6.7,46.81666666666667,-88.64166663333334
2018-11-17,0.21785029671575307,271.61249999999995,261.7125,2.0250000000000004,47.837500000000006,0.0925,0.0021325000000000003,6.5875,46.81666666666667,-88.64166663333334
2018-11-25,0.20000000000000004,271.36249999999995,266.7125,2.4750000000000005,44.8,0.07125000000000001,0.002465,6.475,46.81666666666667,-88.64166663333334
2018-12-03,0.11785029671575303,269.75,262.125,0.8250000000000001,51.825,0.06125,0.00197625,6.625000000000001,46.81666666666667,-88.64166663333334
2018-12-11,0.11785029671575303,276.425,265.375,0.0,60.10000000000001,0.19125,0.0024037500000000005,5.562500000000001,46.81666666666667,-88.64166663333334
2018-12-19,0.1535508901472591,271.55,266.075,0.8375000000000001,38.050000000000004,0.06625,0.00245,4.0375,46.81666666666667,-88.64166663333334
2018-12-27,0.11768895611528982,270.25999999999993,261.30000000000007,5.4,42.28000000000001,0.064,0.00199,5.920000000000001,46.81666666666667,-88.64166663333334
2019-01-01,0.09925748671482539,273.4625,262.825,1.475,56.45,0.14125,0.0020975000000000004,7.025,46.81666666666667,-88.64166663333334
2019-01-09,0.11785029671575303,268.775,258.59999999999997,0.2625,55.875,0.06125,0.00174,5.75,46.81666666666667,-88.64166663333334
2019-01-17,0.11785029671575303,264.4,254.62500000000003,0.8,61.275000000000006,0.05875000000000001,0.0011325,5.312500000000001,46.81666666666667,-88.64166663333334
2019-01-25,0.10000000000000002,257.775,245.1375,0.7000000000000002,70.60000000000001,0.0225,0.00064625,6.387500000000001,46.81666666666667,-88.64166663333334
2019-02-02,0.10000000000000002,266.8875,258.5,4.300000000000001,70.16250000000001,0.07875,0.00140375,5.6,46.81666666666667,-88.64166663333334
2019-02-10,0.10000000000000002,267.20000000000005,257.25,3.1500000000000004,94.35000000000001,0.07250000000000001,0.0013587500000000001,4.8125,46.81666666666667,-88.64166663333334
2019-02-18,0.11768895611528982,269.125,254.69999999999996,6.075000000000001,106.23750000000003,0.0825,0.0015125000000000004,4.7749999999999995,46.81666666666667,-88.64166663333334
2019-02-26,0.09925748671482539,264.125,248.86249999999998,0.8375000000000001,123.28749999999998,0.06374999999999999,0.0008975000000000001,4.1875,46.81666666666667,-88.64166663333334
2019-03-06,0.10000000000000002,274.08750000000003,258.1,2.0000000000000004,155.5875,0.17,0.0018874999999999999,4.7,46.81666666666667,-88.64166663333334
2019-03-14,0.10000000000000002,277.8,266.0375,0.8125000000000001,139.4375,0.24000000000000005,0.002445,4.050000000000001,46.81666666666667,-88.64166663333334
2019-03-22,0.11768895611528982,278.79999999999995,262.4875,0.3375,207.5875,0.26875,0.00222875,4.4625,46.81666666666667,-88.64166663333334
2019-03-30,0.1992574867148254,275.98749999999995,264.9875,2.2375000000000003,157.11250000000004,0.18625,0.0023962500000000004,4.5375000000000005,46.81666666666667,-88.64166663333334
2019-04-07,0.41785029671575313,278.5625,269.5375,5.8125,165.925,0.25,0.0028250000000000003,5.2,46.81666666666667,-88.64166663333334
2019-04-15,0.517850296715753,285.2125,271.625,8.575,199.9625,0.45875,0.0035587500000000003,3.8375000000000004,46.81666666666667,-88.64166663333334
2019-04-23,0.7178502967157532,284.325,271.4,1.4125,247.35000000000002,0.46375,0.003201250000000001,4.625,46.81666666666667,-88.64166663333334
2019-05-01,0.6542934034324338,285.32500000000005,271.3125,3.4375,202.8,0.5025000000000001,0.00319125,4.0875,46.81666666666667,-88.64166663333334
2019-05-09,1.0519045229764468,288.54999999999995,272.3,1.8125,210.8125,0.5612499999999999,0.004033750000000001,3.9125,46.81666666666667,-88.64166663333334
2019-05-17,1.754293403432434,285.76250000000005,275.5875,5.937500000000001,199.05,0.44875,0.0042650000000000006,5.1875,46.81666666666667,-88.64166663333334
2019-05-25,1.8721437001481869,291.9625,276.675,1.1375,272.425,0.6550000000000001,0.00539625,3.8625000000000003,46.81666666666667,-88.64166663333334
2019-06-02,2.8441260596959106,296.575,278.5625,0.37500000000000006,277.9875,0.89625,0.0067725,2.6875,46.81666666666667,-88.64166663333334
2019-06-10,3.389251483578766,294.0625,277.25,0.5875,273.35,0.7549999999999999,0.005705,3.7,46.81666666666667,-88.64166663333334
2019-06-18,3.8261144223796943,295.94999999999993,279.3125,0.875,285.8,0.7462500000000001,0.007160000000000001,3.8250000000000006,46.81666666666667,-88.64166663333334
2019-06-26,2.9371872605838707,302.05,283.97499999999997,0.875,297.275,1.15125,0.00949,2.975,46.81666666666667,-88.64166663333334
2019-07-04,3.428083470751434,299.9375,282.41249999999997,2.2125000000000004,296.6125,0.89,0.00945875,3.0250000000000004,46.81666666666667,-88.64166663333334
2019-07-12,2.7021320295542175,301.275,285.63750000000005,4.987500000000001,276.65,0.755,0.0119375,4.175,46.81666666666667,-88.64166663333334
2019-07-20,3.155682919701477,299.79999999999995,284.025,1.5625,285.62500000000006,0.9225,0.009438750000000001,4.4,46.81666666666667,-88.64166663333334
2019-07-28,3.4112335074483386,299.37499999999994,282.3375,3.5625000000000004,264.9,0.7100000000000001,0.010128750000000002,3.3125000000000004,46.81666666666667,-88.64166663333334
2019-08-05,3.583698919571738,298.7,282.5375,0.41250000000000003,255.3,0.7125,0.009595000000000001,3.8125000000000004,46.81666666666667,-88.64166663333334
2019-08-13,3.643383546410736,296.825,280.28749999999997,3.7125000000000004,223.58749999999998,0.5237499999999999,0.00922125,3.625,46.81666666666667,-88.64166663333334
2019-08-21,3.3612338431264894,294.0375,278.875,2.1125,180.075,0.44000000000000006,0.007995,4.75,46.81666666666667,-88.64166663333334
2019-08-29,2.9627188696968387,292.825,279.23749999999995,3.6125000000000003,184.025,0.47375000000000006,0.00728,4.4624999999999995,46.81666666666667,-88.64166663333334
2019-09-06,2.7264371035806207,290.2625,280.2125,3.15,158.7375,0.21375000000000002,0.008130000000000002,5.287500000000001,46.81666666666667,-88.64166663333334
2019-09-14,2.245772426866723,297.1375,283.9375,0.15000000000000002,179.9125,0.425,0.010975000000000002,4.45,46.81666666666667,-88.64166663333334
2019-09-22,2.163622723582476,290.3875,278.09999999999997,3.9875,138.47500000000002,0.29625000000000007,0.007310000000000001,5.1625000000000005,46.81666666666667,-88.64166663333334
2019-09-30,1.5364431067166808,285.5375,278.025,3.525,118.03750000000002,0.21625,0.0061175000000000005,5.825000000000001,46.81666666666667,-88.64166663333334
2019-10-08,1.236443106716681,284.875,275.5375,3.25,85.6,0.3925,0.00463875,6.449999999999999,46.81666666666667,-88.64166663333334
2019-10-16,1.1185928100009277,283.2125,274.7375,2.7375000000000003,91.61250000000001,0.23624999999999996,0.004637500000000001,5.675000000000001,46.81666666666667,-88.64166663333334
2019-10-24,0.555778430002783,279.0375,269.97499999999997,0.16250000000000003,97.72500000000001,0.28750000000000003,0.0027562500000000005,5.949999999999999,46.81666666666667,-88.64166663333334
2019-11-01,0.6178502967157532,272.375,264.4875,2.4375,60.01250000000001,0.0975,0.00233,6.512500000000001,46.81666666666667,-88.64166663333334
2019-11-09,0.5001613406004632,269.2625,259.2375,1.0750000000000002,64.35000000000001,0.0475,0.00190375,6.9125,46.81666666666667,-88.64166663333334
2019-11-17,0.29777246014447617,275.125,269.6875,2.6,62.83750000000001,0.11125000000000002,0.0030350000000000004,5.4,46.81666666666667,-88.64166663333334
2019-11-25,0.21768895611528985,275.0,266.4875,6.6375,50.050000000000004,0.1275,0.00267,6.337500000000001,46.81666666666667,-88.64166663333334
2019-12-03,0.11785029671575303,270.0125,260.7125,2.2375000000000003,42.87500000000001,0.052500000000000005,0.0020887500000000003,6.925000000000001,46.81666666666667,-88.64166663333334
2019-12-11,0.10000000000000002,265.74999999999994,257.0,1.45,47.025000000000006,0.03,0.0015425000000000003,6.4750000000000005,46.81666666666667,-88.64166663333334
2019-12-19,0.017850296715753028,274.98749999999995,266.3875,0.0,59.1375,0.15875,0.0024300000000000003,5.275,46.81666666666667,-88.64166663333334
2019-12-27,0.0,272.21999999999997,263.12,17.840000000000003,40.56,0.026000000000000002,0.002602,7.5,46.81666666666667,-88.64166663333334
2020-01-01,0.09925748671482539,271.52500000000003,263.1875,1.0125000000000002,55.325,0.11625,0.0019587500000000004,6.65,46.81666666666667,-88.64166663333334
2020-01-09,0.11785029671575303,269.08750000000003,260.7125,1.625,64.4375,0.0825,0.00171125,6.187500000000001,46.81666666666667,-88.64166663333334
2020-01-17,0.11785029671575303,270.75,262.65,3.825,68.6375,0.0925,0.0020237500000000004,6.449999999999998,46.81666666666667,-88.64166663333334
2020-01-25,0.1357005934315061,271.8375,266.4,1.5125000000000002,77.96249999999999,0.10125,0.0023037500000000002,3.962500000000001,46.81666666666667,-88.64166663333334
2020-02-02,0.10000000000000002,270.4125,258.66249999999997,0.125,91.8125,0.09999999999999999,0.0016337500000000002,5.725,46.81666666666667,-88.64166663333334
2020-02-10,0.11785029671575303,268.625,254.89999999999998,0.55,92.7625,0.09375,0.0013637500000000002,7.25,46.81666666666667,-88.64166663333334
2020-02-18,0.11768895611528982,274.1625,260.17499999999995,0.36250000000000004,128.925,0.21125,0.0017525,7.2625,46.81666666666667,-88.64166663333334
2020-02-26,0.10000000000000002,272.625,261.5875,0.125,129.1875,0.15749999999999997,0.0018537500000000001,6.5874999999999995,46.81666666666667,-88.64166663333334
2020-03-05,0.10000000000000002,278.125,265.0375,3.4875,154.10000000000002,0.255,0.00242375,4.5,46.81666666666667,-88.64166663333334
2020-03-13,0.29925748671482544,272.875,263.45000000000005,3.6,132.41250000000002,0.12375,0.002125,6.2625,46.81666666666667,-88.64166663333334
2020-03-21,0.41785029671575313,277.63750000000005,263.775,2.0375,200.8,0.19124999999999998,0.00251125,4.1625000000000005,46.81666666666667,-88.64166663333334
2020-03-29,0.23628176611621748,279.88750000000005,268.72499999999997,1.2750000000000001,205.925,0.3225,0.0025962500000000005,4.2625,46.81666666666667,-88.64166663333334
2020-04-06,0.6178502967157532,279.92499999999995,270.07500000000005,3.6125000000000003,169.51250000000002,0.3325,0.00269375,5.85,46.81666666666667,-88.64166663333334
2020-04-14,0.6357005934315062,277.7,266.46250000000003,0.575,192.16250000000002,0.31125,0.0020262500000000003,6.512499999999999,46.81666666666667,-88.64166663333334
2020-04-22,0.7357005934315062,282.91249999999997,271.0375,3.1875,229.1875,0.34375000000000006,0.0033837500000000005,3.9875000000000003,46.81666666666667,-88.64166663333334
2020-04-30,0.7171077834305785,286.51250000000005,270.8125,0.5875,258.6,0.59375,0.0030475000000000003,4.6625,46.81666666666667,-88.64166663333334
2020-05-08,1.218592810000928,282.925,270.0625,2.1125000000000003,242.6125,0.43125,0.002855,4.275,46.81666666666667,-88.64166663333334
2020-05-16,1.936443106716681,292.45,279.075,0.0,255.8,0.7262500000000001,0.0057687500000000004,4.125,46.81666666666667,-88.64166663333334
2020-05-24,2.6737900673189996,295.625,282.0125,2.6125000000000003,243.22500000000002,0.88,0.00736,4.175000000000001,46.81666666666667,-88.64166663333334
2020-06-01,3.572143700148187,296.6499999999999,279.82499999999993,0.9625000000000001,268.5625,0.8775,0.007336250000000001,4.925000000000001,46.81666666666667,-88.64166663333334
2020-06-09,3.692382877319927,294.4375,278.125,4.825,279.36249999999995,0.775,0.006257500000000001,5.475,46.81666666666667,-88.64166663333334
2020-06-17,3.557004965089347,297.48749999999995,283.6375,0.8250000000000001,261.875,0.84875,0.00852625,4.0625,46.81666666666667,-88.64166663333334
2020-06-25,3.8985808037288074,302.45000000000005,285.8875,0.4,299.77500000000003,1.07125,0.01092375,4.237500000000001,46.81666666666667,-88.64166663333334
2020-07-03,3.375179583588042,303.325,287.4875,4.8375,285.52500000000003,0.9900000000000001,0.01251125,3.0125,46.81666666666667,-88.64166663333334
2020-07-11,3.3194011535852592,300.7,285.7875,5.4625,291.27500000000003,0.9775,0.010256250000000001,4.237500000000001,46.81666666666667,-88.64166663333334
2020-07-19,4.043544887011199,299.1875,284.0125,0.9375,251.5375,0.7437500000000001,0.010608750000000002,4.35,46.81666666666667,-88.64166663333334
2020-07-27,3.9249520770102713,297.9375,281.53749999999997,1.6125,262.7375,0.7462500000000001,0.008875000000000001,3.8125000000000004,46.81666666666667,-88.64166663333334
2020-08-04,3.117365213655446,299.7125,283.8375,4.5875,255.60000000000002,0.75875,0.010515,3.75,46.81666666666667,-88.64166663333334
2020-08-12,3.751550521191355,299.43749999999994,283.725,0.65,239.52500000000003,0.7575000000000002,0.01021375,3.875,46.81666666666667,-88.64166663333334
2020-08-20,3.0958369522620153,299.16249999999997,286.1375,3.3625,204.25,0.55125,0.01184875,2.55,46.81666666666667,-88.64166663333334
2020-08-28,3.6441260596959104,291.54999999999995,279.72499999999997,5.1625000000000005,177.7125,0.30750000000000005,0.00784375,6.325,46.81666666666667,-88.64166663333334
2020-09-05,3.1072631208949817,289.375,275.3125,3.3625,169.4625,0.315,0.00632,4.3625,46.81666666666667,-88.64166663333334
2020-09-13,2.6627188696968385,290.4875,275.28749999999997,0.0,184.0,0.37,0.006351250000000001,4.4625,46.81666666666667,-88.64166663333334
2020-09-21,1.5328918808912708,293.90000000000003,280.375,2.6875000000000004,151.175,0.41125,0.008545,3.9625000000000004,46.81666666666667,-88.64166663333334
2020-09-29,1.9357005934315064,283.84999999999997,274.4875,2.5500000000000003,111.4875,0.26125,0.00472,4.9,46.81666666666667,-88.64166663333334
2020-10-07,1.2178502967157534,286.8,272.98749999999995,5.612500000000001,129.7,0.2975,0.0052049999999999996,5.975,46.81666666666667,-88.64166663333334
2020-10-15,0.8014850265703494,275.7875,270.78749999999997,3.9124999999999996,92.26249999999999,0.14875000000000002,0.00303125,5.987500000000001,46.81666666666667,-88.64166663333334
2020-10-23,0.6000000000000001,273.92499999999995,268.25,2.3625,80.6375,0.11499999999999999,0.0026750000000000003,5.7125,46.81666666666667,-88.64166663333334
2020-10-31,0.5992574867148255,288.7,273.0125,0.55,96.55,0.6537499999999999,0.004121250000000001,6.4625,46.81666666666667,-88.64166663333334
2020-11-08,0.41859281000092774,279.8375,269.8375,4.2875000000000005,72.36250000000001,0.18625000000000003,0.00408125,7.475000000000001,46.81666666666667,-88.64166663333334
2020-11-16,0.5814071899990725,275.125,265.675,0.4375,64.4,0.14,0.0025425000000000005,6.525,46.81666666666667,-88.64166663333334
2020-11-24,0.6806646767138979,274.9125,267.26249999999993,0.6000000000000001,62.825,0.13125,0.0026537500000000007,5.325,46.81666666666667,-88.64166663333334
2020-12-02,0.43553925283104294,274.1375,266.27500000000003,0.05,62.82500000000001,0.11125,0.00259875,4.750000000000001,46.81666666666667,-88.64166663333334
2020-12-10,0.41726912403104166,271.1375,261.2875,0.3875,49.900000000000006,0.08000000000000002,0.00207,5.237500000000001,46.81666666666667,-88.64166663333334
2020-12-18,0.4535508901472592,271.11249999999995,263.2125,2.4000000000000004,43.337500000000006,0.065,0.0022525,6.2,46.81666666666667,-88.64166663333334
2020-12-26,0.21785029671575307,269.8666666666666,258.78333333333336,2.0166666666666666,48.88333333333333,0.065,0.0018016666666666667,6.266666666666667,46.81666666666667,-88.64166663333334
2021-01-01,0.10000000000000002,274.825,262.73749999999995,0.037500000000000006,76.9375,0.14,0.00221875,3.8625000000000003,46.81666666666667,-88.64166663333334
2021-01-09,0.11859281000092767,273.6875,264.7,0.6625,71.32500000000002,0.09625,0.00244125,4.8125,46.81666666666667,-88.64166663333334
2021-01-17,0.13718562000185536,269.27500000000003,259.8125,1.0875000000000001,57.3375,0.09124999999999998,0.0016437500000000002,6.562500000000001,46.81666666666667,-88.64166663333334
2021-01-25,0.11843146940046445,268.21250000000003,256.0625,0.0,85.6875,0.05625,0.0015662500000000002,4.3375,46.81666666666667,-88.64166663333334
2021-02-02,0.10074251328517465,264.6125,252.6625,2.2500000000000004,83.0875,0.06,0.0012187500000000002,8.0,46.81666666666667,-88.64166663333334
2021-02-10,0.10000000000000002,260.625,246.075,0.8375000000000001,94.8875,0.04125,0.0007175,5.112500000000001,46.81666666666667,-88.64166663333334
2021-02-18,0.10000000000000002,273.5875,259.225,0.7000000000000001,107.975,0.16625,0.0018175,4.425000000000001,46.81666666666667,-88.64166663333334
2021-02-26,0.10000000000000002,275.1125,260.425,1.2125000000000001,150.81250000000003,0.18125000000000002,0.00194625,5.462500000000001,46.81666666666667,-88.64166663333334
2021-03-06,0.30000000000000004,280.3,263.85,3.9625000000000004,169.76250000000002,0.30750000000000005,0.0024625000000000003,5.500000000000001,46.81666666666667,-88.64166663333334
2021-03-14,0.3185928100009277,282.0,267.50000000000006,0.0,209.22500000000002,0.45999999999999996,0.00230875,4.775,46.81666666666667,-88.64166663333334
2021-03-22,0.31694644283011525,279.6,268.22499999999997,3.8125,172.7,0.25375,0.0029062500000000004,5.0875,46.81666666666667,-88.64166663333334
2021-03-30,0.517850296715753,284.9,267.425,1.3125,222.15000000000003,0.5075,0.0029975,5.325000000000001,46.81666666666667,-88.64166663333334
2021-04-07,0.7364431067166808,284.9375,274.75,5.2125,144.7625,0.27999999999999997,0.005051250000000001,4.2625,46.81666666666667,-88.64166663333334
2021-04-15,0.7178502967157532,281.05,267.07499999999993,0.425,217.825,0.37000000000000005,0.002465,3.9749999999999996,46.81666666666667,-88.64166663333334
2021-04-23,0.4193353232861024,283.22499999999997,270.5625,2.7375000000000003,213.46249999999998,0.35750000000000004,0.0034062500000000004,4.3875,46.81666666666667,-88.64166663333334
2021-05-01,1.11768895611529,286.8375,270.8875,0.525,196.08750000000003,0.52125,0.0036550000000000003,3.9000000000000004,46.81666666666667,-88.64166663333334
2021-05-09,1.4180116373162166,290.3125,271.3875,0.0,244.2375,0.7625,0.0033975000000000003,3.6625,46.81666666666667,-88.64166663333334
2021-05-17,2.0178502967157534,297.35,281.48750000000007,2.9250000000000003,218.63750000000002,0.8725,0.008115,4.8125,46.81666666666667,-88.64166663333334
2021-05-25,2.9551972573180723,290.875,273.36249999999995,1.0125000000000002,275.975,0.63875,0.004940000000000001,4.3125,46.81666666666667,-88.64166663333334
2021-06-02,3.408909488065795,303.38750000000005,283.575,0.0,292.675,1.21,0.010292500000000001,4.5125,46.81666666666667,-88.64166663333334
2021-06-10,3.6450299135815483,298.28749999999997,280.3375,5.6625000000000005,281.46250000000003,0.7825,0.008545,4.050000000000001,46.81666666666667,-88.64166663333334
2021-06-18,3.2735332164172295,296.1375,280.0,4.425000000000001,275.9125,0.7562500000000001,0.007461250000000001,4.3875,46.81666666666667,-88.64166663333334
2021-06-26,3.3555841282361403,298.6625,283.05,2.4250000000000003,250.175,0.8387500000000001,0.0090025,2.9625,46.81666666666667,-88.64166663333334
2021-07-04,3.999161976413519,298.325,280.575,0.5375,280.56250000000006,0.8250000000000001,0.008937500000000003,3.075,46.81666666666667,-88.64166663333334
2021-07-12,3.1762431374921283,302.15,283.80000000000007,0.08750000000000001,307.02500000000003,1.13625,0.00959625,2.7,46.81666666666667,-88.64166663333334
2021-07-20,3.6112335074483384,300.6375,283.4375,1.725,264.1875,0.93,0.00993,3.5625000000000004,46.81666666666667,-88.64166663333334
2021-07-28,3.8886703108940543,299.82499999999993,282.5125,2.075,269.05,0.88125,0.009348750000000001,3.725,46.81666666666667,-88.64166663333334
2021-08-05,3.5188506301284113,299.75,286.7875,4.800000000000001,227.775,0.7112499999999999,0.0115575,4.1125,46.81666666666667,-88.64166663333334
2021-08-13,3.163461382982013,302.45,283.9625,0.0,255.91250000000002,1.10625,0.010265000000000002,4.075,46.81666666666667,-88.64166663333334
2021-08-21,3.2814730202982294,299.375,282.8125,3.6625,202.71250000000003,0.7462500000000001,0.0100925,3.8,46.81666666666667,-88.64166663333334
2021-08-29,2.817173613729735,295.5875,279.7625,0.47500000000000003,193.96250000000003,0.52875,0.00847875,4.1000000000000005,46.81666666666667,-88.64166663333334
2021-09-06,2.6637840641829396,294.9,278.45,4.9375,188.5625,0.52875,0.0077237500000000014,4.5,46.81666666666667,-88.64166663333334
2021-09-14,2.200808343584331,294.6125,279.425,2.7,156.71250000000003,0.5125000000000001,0.00828625,5.9750000000000005,46.81666666666667,-88.64166663333334
2021-09-22,2.0351194207467946,292.5375,275.2125,2.0625,158.58750000000003,0.44375,0.006655000000000001,3.1250000000000004,46.81666666666667,-88.64166663333334
2021-09-30,1.754293403432434,295.5375,282.33750000000003,4.812500000000001,143.5125,0.585,0.00878375,2.2125000000000004,46.81666666666667,-88.64166663333334
2021-10-08,1.3814071899990725,293.5,283.46250000000003,1.1375000000000002,119.8125,0.6025,0.0079375,4.7375,46.81666666666667,-88.64166663333334
2021-10-16,1.0009038538856379,286.7,272.175,1.5125000000000002,114.225,0.3825,0.004548750000000001,5.2875000000000005,46.81666666666667,-88.64166663333334
2021-10-24,0.8926397282216969,283.225,271.9375,0.65,105.45000000000002,0.185,0.004543750000000001,4.5125,46.81666666666667,-88.64166663333334
2021-11-01,0.7985149734296508,282.58750000000003,270.7375,1.4375000000000002,71.10000000000001,0.32625,0.0035800000000000003,6.300000000000001,46.81666666666667,-88.64166663333334
2021-11-09,0.6185928100009278,279.07499999999993,268.95,1.6,59.212500000000006,0.20625000000000002,0.0031562499999999998,5.775000000000001,46.81666666666667,-88.64166663333334
2021-11-17,0.27288621343336145,276.26250000000005,266.3125,0.8750000000000001,61.55,0.17625,0.00256375,7.75,46.81666666666667,-88.64166663333334
2021-11-25,0.4184314694004645,273.71250000000003,266.27500000000003,1.325,42.75,0.12875000000000003,0.00241,5.887499999999999,46.81666666666667,-88.64166663333334
2021-12-03,0.33644310671668076,271.25,262.67499999999995,3.2500000000000004,44.025,0.09625000000000002,0.00202375,6.675,46.81666666666667,-88.64166663333334
2021-12-11,0.21785029671575307,276.9125,265.97499999999997,1.7750000000000001,46.5125,0.2,0.00256875,7.45,46.81666666666667,-88.64166663333334
2021-12-19,0.1899939968639398,269.66249999999997,260.90000000000003,1.3125,48.862500000000004,0.058750000000000004,0.00191875,6.200000000000001,46.81666666666667,-88.64166663333334
2021-12-27,0.21785029671575307,269.74,260.28000000000003,2.06,43.980000000000004,0.05,0.001916,6.2,46.81666666666667,-88.64166663333334
2022-01-01,0.11785029671575303,266.13750000000005,256.7,1.7,65.73750000000001,0.06250000000000001,0.0013325000000000001,7.0875,46.81666666666667,-88.64166663333334
2022-01-09,0.18925148357876517,265.05,256.0875,0.8,67.375,0.06375,0.00122,7.175000000000002,46.81666666666667,-88.64166663333334
2022-01-17,0.1357005934315061,264.9875,251.76250000000002,1.2875,67.025,0.0525,0.0011475,7.387500000000001,46.81666666666667,-88.64166663333334
2022-01-25,0.10016134060046324,268.0,255.2625,0.4375,81.11250000000001,0.09875000000000002,0.0012425000000000001,6.8125,46.81666666666667,-88.64166663333334
2022-02-02,0.10016134060046324,266.95000000000005,255.38750000000002,2.25,74.15,0.07750000000000001,0.0013487500000000003,4.949999999999999,46.81666666666667,-88.64166663333334
2022-02-10,0.10000000000000002,266.375,251.22500000000002,1.2625,95.16250000000001,0.065,0.0012175,5.387500000000001,46.81666666666667,-88.64166663333334
2022-02-18,0.017850296715753028,265.8625,254.4875,4.775,112.76250000000002,0.10125,0.0009812500000000001,6.262500000000001,46.81666666666667,-88.64166663333334
2022-02-26,0.10000000000000002,270.375,255.8375,2.8874999999999997,128.8875,0.09875,0.0015512500000000001,4.4625,46.81666666666667,-88.64166663333334
2022-03-06,0.017850296715753028,268.9625,257.975,1.05,142.57500000000002,0.0925,0.0015000000000000002,5.9750000000000005,46.81666666666667,-88.64166663333334
2022-03-14,0.10000000000000002,279.8875,266.3125,0.07500000000000001,190.875,0.3175,0.00246875,3.4375,46.81666666666667,-88.64166663333334
2022-03-22,0.10000000000000002,272.5375,262.1375,6.3625,157.6375,0.13750000000000004,0.0019837500000000003,6.1875,46.81666666666667,-88.64166663333334
2022-03-30,0.20000000000000004,277.1375,269.375,4.300000000000001,152.75,0.22000000000000003,0.0026900000000000006,4.2,46.81666666666667,-88.64166663333334
2022-04-07,0.3178502967157531,278.48750000000007,268.4,7.6625,176.1875,0.27125,0.0026300000000000004,6.2875000000000005,46.81666666666667,-88.64166663333334
2022-04-15,0.5185928100009277,277.2625,268.1875,7.562500000000001,160.125,0.26125,0.0024025,5.9,46.81666666666667,-88.64166663333334
2022-04-23,0.7185928100009278,283.98749999999995,270.25,1.3625,189.8625,0.48374999999999996,0.0030875,5.65,46.81666666666667,-88.64166663333334
2022-05-01,1.0014850265703494,288.11249999999995,271.48749999999995,1.1,246.85000000000002,0.605,0.0035325000000000005,4.0375000000000005,46.81666666666667,-88.64166663333334
2022-05-09,1.118754150601391,297.65,279.59999999999997,1.8,273.45,0.96375,0.007017500000000001,5.525,46.81666666666667,-88.64166663333334
2022-05-17,1.8364431067166809,290.0125,274.38750000000005,4.050000000000001,233.76250000000002,0.6275000000000001,0.0043212500000000004,3.7375000000000007,46.81666666666667,-88.64166663333334
2022-05-25,2.5279221301509702,292.675,280.6625,4.2875000000000005,242.7625,0.68,0.0069575,5.525,46.81666666666667,-88.64166663333334
2022-06-02,2.9093293201500425,294.91249999999997,277.325,0.1375,285.75,0.8712500000000001,0.005424999999999999,3.7625,46.81666666666667,-88.64166663333334
2022-06-10,3.7264371035806207,295.41249999999997,280.125,3.9750000000000005,259.875,0.64,0.008005000000000002,5.2875000000000005,46.81666666666667,-88.64166663333334
2022-06-18,3.7804078258121283,301.625,284.1125,3.35,295.1125,1.1225,0.0098375,5.675,46.81666666666667,-88.64166663333334
2022-06-26,3.961330994009811,296.84999999999997,280.1625,4.5125,285.7375,0.8462500000000001,0.00725375,5.2124999999999995,46.81666666666667,-88.64166663333334
2022-07-04,4.190252488347726,297.1125,281.58750000000003,6.05,279.075,0.40375,0.01053625,3.9625,46.81666666666667,-88.64166663333334
2022-07-12,4.003776756143014,299.45,282.88750000000005,3.7,287.475,0.6475,0.01096125,2.9625000000000004,46.81666666666667,-88.64166663333334
2022-07-20,4.020336328055063,298.99999999999994,283.65,2.0375,271.33750000000003,0.8,0.009565,5.625,46.81666666666667,-88.64166663333334
2022-07-28,3.8435109566193058,298.65000000000003,283.9125,2.7750000000000004,276.925,0.7937500000000001,0.009568750000000003,5.3625,46.81666666666667,-88.64166663333334
2022-08-05,4.1265984441810835,298.06250000000006,282.5625,2.9125,239.08749999999998,0.68375,0.00959,4.237500000000001,46.81666666666667,-88.64166663333334
2022-08-13,3.77462741954918,297.15000000000003,284.2875,1.3625,209.16250000000002,0.5387500000000001,0.010440000000000001,2.6500000000000004,46.81666666666667,-88.64166663333334
2022-08-21,4.006876249976914,297.92499999999995,284.8375,3.925,202.9125,0.6325000000000001,0.010315000000000001,3.6125000000000003,46.81666666666667,-88.64166663333334
2022-08-29,3.628341962235218,296.96250000000003,280.9,0.9625,221.9125,0.66875,0.00893875,5.3500000000000005,46.81666666666667,-88.64166663333334
2022-09-06,3.2085868068648677,295.55,279.5,2.1375,182.36249999999998,0.42250000000000004,0.009055,3.375,46.81666666666667,-88.64166663333334
2022-09-14,2.9435448870111993,295.46250000000003,281.85,5.4125000000000005,156.75000000000003,0.39875,0.0098,4.775,46.81666666666667,-88.64166663333334
2022-09-22,2.2809889984968397,285.9375,274.1875,2.925,117.17500000000001,0.23625000000000002,0.005423750000000001,4.95,46.81666666666667,-88.64166663333334
2022-09-30,1.9907365101491146,289.79999999999995,277.15,0.8625,130.6375,0.4937500000000001,0.005828750000000001,4.5,46.81666666666667,-88.64166663333334
2022-10-08,1.6542934034324341,284.91249999999997,272.8375,1.9750000000000003,125.52500000000002,0.36875,0.0043575,5.125,46.81666666666667,-88.64166663333334
2022-10-24,1.2000000000000002,287.8625,272.7125,1.1125,115.91250000000001,0.45375000000000004,0.00463625,5.3875,46.81666666666667,-88.64166663333334
2022-11-01,0.8000000000000002,286.5,273.4,5.825,72.52499999999999,0.49,0.004337500000000001,6.262499999999999,46.81666666666667,-88.64166663333334
2022-11-09,0.7000000000000001,275.01250000000005,268.71250000000003,7.3500000000000005,53.650000000000006,0.07,0.0032925000000000007,4.8625,46.81666666666667,-88.64166663333334
2022-11-17,0.23718562000185534,272.7375,264.35,1.925,63.93750000000001,0.11375,0.0022500000000000003,5.937500000000001,46.81666666666667,-88.64166663333334
2022-11-25,0.18231104388471023,276.95000000000005,268.15000000000003,2.325,59.987500000000004,0.21749999999999997,0.0026912500000000005,6.875000000000002,46.81666666666667,-88.64166663333334
2022-12-03,0.11785029671575303,270.075,258.68749999999994,0.7,52.8125,0.04499999999999999,0.00197125,5.749999999999999,46.81666666666667,-88.64166663333334
2022-12-11,0.11785029671575303,273.03749999999997,267.32500000000005,1.1125,43.35,0.11250000000000002,0.0025050000000000003,5.4875,46.81666666666667,-88.64166663333334
2022-12-19,0.017850296715753028,263.0125,258.4375,4.3375,46.824999999999996,0.04125,0.00127,8.750000000000002,46.81666666666667,-88.64166663333334
2022-12-27,0.0,271.52000000000004,266.3,0.44000000000000006,51.260000000000005,0.10800000000000001,0.002238,5.14,46.81666666666667,-88.64166663333334
