date,LAI,tmmx,tmmn,pr,srad,vpd,sph,vs,lat,lon
2000-02-18,0.2,295.9875,279.45,0.925,183.1375,1.0462500000000001,0.005702500000000001,6.112500000000001,32.150000000000006,-100.09999996666669
2000-02-26,0.33674746623118257,294.42499999999995,278.7125,0.5875,206.4625,1.15125,0.003995,5.3375,32.150000000000006,-100.09999996666669
2000-03-05,0.33674746623118257,296.95,279.3375,0.8250000000000001,218.56250000000003,1.25,0.005025000000000001,5.6875,32.150000000000006,-100.09999996666669
2000-03-13,0.33674746623118257,295.2625,276.88750000000005,0.0,217.63750000000002,0.9987500000000001,0.0051,5.45,32.150000000000006,-100.09999996666669
2000-03-21,0.33674746623118257,300.3625,284.3625,3.3625000000000003,213.0,1.3275000000000001,0.007682500000000001,4.800000000000001,32.150000000000006,-100.09999996666669
2000-03-29,0.33674746623118257,294.98749999999995,279.7625,1.2875,228.06249999999997,0.98875,0.00570875,4.775,32.150000000000006,-100.09999996666669
2000-04-06,0.42843076732070307,299.02500000000003,282.16249999999997,0.3125,259.83750000000003,1.3287499999999999,0.006465000000000001,5.5874999999999995,32.150000000000006,-100.09999996666669
2000-04-14,0.4033037958176766,304.18749999999994,286.92499999999995,0.0,275.02500000000003,1.96875,0.007336250000000001,5.099999999999999,32.150000000000006,-100.09999996666669
2000-04-22,0.4367474662311825,303.84999999999997,286.65,0.0,281.65000000000003,1.82625,0.00777125,5.1875,32.150000000000006,-100.09999996666669
2000-04-30,0.4367474662311825,305.18749999999994,289.9,0.5625,281.8125,1.9749999999999999,0.00996375,5.325,32.150000000000006,-100.09999996666669
2000-05-08,0.4400512620488591,307.59999999999997,291.0375,0.0,302.7875,2.4450000000000003,0.009306250000000002,6.6125,32.150000000000006,-100.09999996666669
2000-05-16,0.5033037958176766,306.7,290.96250000000003,4.3375,278.125,2.1187500000000004,0.01065625,5.3625,32.150000000000006,-100.09999996666669
2000-05-24,0.6000000000000001,309.70000000000005,294.9,0.0,305.12499999999994,2.40375,0.0131425,5.612500000000001,32.150000000000006,-100.09999996666669
2000-06-01,0.6367474662311826,302.09999999999997,291.225,5.125,268.0625,1.06375,0.01313625,4.1375,32.150000000000006,-100.09999996666669
2000-06-09,0.7000000000000001,304.8625,292.75,1.2375,292.13750000000005,1.2725000000000002,0.014650000000000002,6.625,32.150000000000006,-100.09999996666669
2000-06-17,0.8,303.67499999999995,294.125,8.0875,262.32500000000005,1.19875,0.015043750000000002,5.625000000000001,32.150000000000006,-100.09999996666669
2000-06-25,0.8,305.45,295.4625,4.7125,250.71250000000003,1.4887500000000002,0.015205000000000002,4.6,32.150000000000006,-100.09999996666669
2000-07-03,0.8,308.45000000000005,294.29999999999995,0.0,344.4625,2.17,0.01289875,5.1875,32.150000000000006,-100.09999996666669
2000-07-11,0.7334436704135059,310.84999999999997,296.7,0.0,327.7375,2.96125,0.01171875,3.5875000000000004,32.150000000000006,-100.09999996666669
2000-07-19,,310.53749999999997,295.6,0.1125,326.4875,2.91,0.010983750000000002,4.000000000000001,32.150000000000006,-100.09999996666669
2000-07-27,,309.525,295.025,0.0,316.725,2.65375,0.011258750000000001,3.5875,32.150000000000006,-100.09999996666669
2000-08-04,,309.93749999999994,295.525,0.0,303.71250000000003,2.665,0.011933750000000002,5.2875000000000005,32.150000000000006,-100.09999996666669
2000-08-12,,310.25,295.16249999999997,0.0,299.46250000000003,2.9575,0.0101475,3.8875,32.150000000000006,-100.09999996666669
2000-08-20,,309.3875,294.7625,0.0,288.02500000000003,2.5999999999999996,0.011312500000000001,4.4125,32.150000000000006,-100.09999996666669
2000-08-28,0.5,310.93749999999994,294.83750000000003,0.0,277.3125,3.1037500000000002,0.009821250000000002,4.300000000000001,32.150000000000006,-100.09999996666669
2000-09-05,0.4966962041823234,310.2875,293.25,0.8375,264.0375000000001,2.83625,0.010162500000000001,4.3125,32.150000000000006,-100.09999996666669
2000-09-13,0.4966962041823234,306.55,290.0875,0.0,255.82500000000002,2.1500000000000004,0.00927,4.275,32.150000000000006,-100.09999996666669
2000-09-21,0.4334436704135059,301.18749999999994,284.98749999999995,1.6125,232.53750000000002,1.37625,0.00882375,4.574999999999999,32.150000000000006,-100.09999996666669
2000-09-29,0.4,304.0625,287.7375,0.0,209.05,1.9325000000000003,0.007978750000000001,6.112500000000001,32.150000000000006,-100.09999996666669
2000-10-07,0.4,290.8625,281.51250000000005,0.0,144.90000000000003,0.71875,0.00644,5.637500000000001,32.150000000000006,-100.09999996666669
2000-10-15,0.33674746623118257,296.1,288.4125,9.4875,136.5625,0.63875,0.01082,3.7625,32.150000000000006,-100.09999996666669
2000-10-23,0.4,297.25,288.6375,6.075000000000001,148.53750000000002,0.635,0.011545000000000001,5.562500000000001,32.150000000000006,-100.09999996666669
2000-10-31,0.33674746623118257,292.41249999999997,282.2375,5.4125000000000005,116.1,0.48500000000000004,0.0083525,4.700000000000001,32.150000000000006,-100.09999996666669
2000-11-08,0.32512697150302655,284.70000000000005,272.5625,1.7375,132.3,0.32375000000000004,0.00445125,4.2125,32.150000000000006,-100.09999996666669
2000-11-16,0.32512697150302655,284.5125,273.8625,1.6125,113.5,0.31625000000000003,0.004605000000000001,3.55,32.150000000000006,-100.09999996666669
2000-11-24,0.30000000000000004,287.075,274.8,1.2000000000000002,130.275,0.43625,0.0046975,4.0125,32.150000000000006,-100.09999996666669
2000-12-02,0.32512697150302655,283.9375,272.76250000000005,0.0625,123.2,0.39,0.0038575000000000007,3.9125000000000005,32.150000000000006,-100.09999996666669
2000-12-10,0.30000000000000004,285.32500000000005,270.8125,0.08750000000000001,124.35000000000001,0.46375,0.00371125,4.8375,32.150000000000006,-100.09999996666669
2000-12-18,0.30000000000000004,282.825,270.53749999999997,0.1125,125.1125,0.42,0.0029612500000000003,5.025,32.150000000000006,-100.09999996666669
2000-12-26,0.30000000000000004,277.73333333333335,268.6166666666666,2.3000000000000003,102.48333333333333,0.21333333333333337,0.00291,3.7500000000000013,32.150000000000006,-100.09999996666669
2001-01-01,0.30000000000000004,283.3625,269.225,0.0,122.98750000000001,0.36500000000000005,0.0034625,3.5125,32.150000000000006,-100.09999996666669
2001-01-09,0.32512697150302655,286.02500000000003,273.6375,2.125,117.65,0.395,0.00447875,4.375000000000001,32.150000000000006,-100.09999996666669
2001-01-17,0.4,282.1,270.58750000000003,0.42500000000000004,114.60000000000001,0.27625,0.00370375,3.8875,32.150000000000006,-100.09999996666669
2001-01-25,0.4,284.1375,272.6125,2.225,117.6375,0.3325,0.004188750000000001,4.275,32.150000000000006,-100.09999996666669
2001-02-02,0.4966962041823234,289.625,273.7875,0.75,164.375,0.5875,0.00467125,4.9625,32.150000000000006,-100.09999996666669
2001-02-10,0.5,286.33750000000003,274.4375,3.4125,136.325,0.31,0.0056324999999999995,3.9625,32.150000000000006,-100.09999996666669
2001-02-18,0.6000000000000001,290.5125,276.3125,1.2625000000000002,175.32500000000005,0.5375,0.005687500000000001,5.175,32.150000000000006,-100.09999996666669
2001-02-26,0.6966962041823235,288.1375,276.77500000000003,1.5375,150.18750000000003,0.45500000000000007,0.00551375,2.912500000000001,32.150000000000006,-100.09999996666669
2001-03-06,0.7000000000000001,290.925,278.825,3.4125000000000005,185.60000000000002,0.60875,0.0058,4.35,32.150000000000006,-100.09999996666669
2001-03-14,0.8632525337688175,288.0875,276.125,0.625,205.76250000000002,0.5874999999999999,0.004518750000000001,4.625,32.150000000000006,-100.09999996666669
2001-03-22,0.9599487379511409,288.8,277.1,1.1500000000000001,177.4125,0.48125000000000007,0.00582125,4.074999999999999,32.150000000000006,-100.09999996666669
2001-03-30,0.9715692326792968,299.70000000000005,284.96250000000003,0.2,241.67500000000004,0.95375,0.010132500000000001,5.0625,32.150000000000006,-100.09999996666669
2001-04-07,1.159948737951141,299.875,285.975,0.575,259.7625,1.1275,0.009278749999999999,5.4125,32.150000000000006,-100.09999996666669
2001-04-15,1.1966962041823237,296.9875,283.1,2.4250000000000003,235.9125,0.8537500000000001,0.008865,7.0625,32.150000000000006,-100.09999996666669
2001-04-23,1.0966962041823236,296.08750000000003,282.225,0.0,287.46250000000003,1.0525000000000002,0.006240000000000001,4.7250000000000005,32.150000000000006,-100.09999996666669
2001-05-01,0.9367474662311825,301.3375,288.6875,6.2,247.3,1.0625,0.011571249999999998,5.875000000000001,32.150000000000006,-100.09999996666669
2001-05-09,0.8883795052718441,303.0625,288.73749999999995,0.5,288.6,1.33,0.011128750000000001,5.275,32.150000000000006,-100.09999996666669
2001-05-17,0.8367474662311825,304.0125,288.53749999999997,0.1125,289.75,1.7750000000000004,0.0092875,4.5249999999999995,32.150000000000006,-100.09999996666669
2001-05-25,0.8284307673207031,305.1875,291.925,4.0,286.61250000000007,1.54875,0.012842500000000001,5.187500000000001,32.150000000000006,-100.09999996666669
2001-06-02,0.8,307.11249999999995,292.925,0.0,312.00000000000006,1.7025000000000001,0.014017499999999999,5.887500000000001,32.150000000000006,-100.09999996666669
2001-06-10,0.8,309.0375,293.55,0.0,316.80000000000007,2.28,0.012492500000000004,5.4750000000000005,32.150000000000006,-100.09999996666669
2001-07-04,0.7000000000000001,310.28749999999997,294.5125,0.0,346.46250000000003,2.5862499999999997,0.01226875,4.2625,32.150000000000006,-100.09999996666669
2001-07-12,0.7000000000000001,311.97499999999997,297.125,0.1625,324.7875,2.9925,0.0130425,4.5125,32.150000000000006,-100.09999996666669
2001-07-20,0.6251269715030267,311.0125,297.45000000000005,0.65,309.5875,2.8937500000000007,0.012803750000000001,4.375,32.150000000000006,-100.09999996666669
2001-07-28,0.6000000000000001,309.75,295.6875,0.0,291.375,2.4625000000000004,0.013161250000000001,4.5625,32.150000000000006,-100.09999996666669
2001-08-05,0.6000000000000001,309.15000000000003,295.00000000000006,0.6875,271.65,2.48125,0.011997500000000001,3.775000000000001,32.150000000000006,-100.09999996666669
2001-08-13,0.6083166989104796,307.6,295.425,2.4375000000000004,243.02500000000003,1.96,0.01402625,3.1375000000000006,32.150000000000006,-100.09999996666669
2001-08-21,0.611620494728156,306.275,294.45,4.5625,246.3625,1.73625,0.013886250000000001,4.5625,32.150000000000006,-100.09999996666669
2001-08-29,0.7000000000000001,302.175,290.32500000000005,5.6,209.175,0.89625,0.013892500000000002,2.9125000000000005,32.150000000000006,-100.09999996666669
2001-09-06,0.7367474662311826,304.225,290.8,0.037500000000000006,232.7125,1.36625,0.012775,4.375000000000001,32.150000000000006,-100.09999996666669
2001-09-14,0.811620494728156,305.08750000000003,290.9,4.862500000000001,225.07500000000002,1.415,0.013090000000000003,4.7250000000000005,32.150000000000006,-100.09999996666669
2001-09-22,0.811620494728156,299.475,284.3,0.9625,237.18750000000003,1.13625,0.008445000000000001,3.5000000000000004,32.150000000000006,-100.09999996666669
2001-09-30,0.8,298.53749999999997,282.47499999999997,0.5375000000000001,209.35000000000002,1.08,0.007682500000000001,4.525,32.150000000000006,-100.09999996666669
2001-10-08,0.7367474662311826,299.36249999999995,284.825,3.375,189.5625,1.12125,0.008606250000000001,5.212500000000001,32.150000000000006,-100.09999996666669
2001-10-16,0.7000000000000001,299.525,281.65000000000003,0.0,191.525,1.2325000000000002,0.007253750000000001,4.8500000000000005,32.150000000000006,-100.09999996666669
2001-10-24,0.633443670413506,296.0625,281.4625,0.0,158.66250000000002,1.065,0.0059225,5.45,32.150000000000006,-100.09999996666669
2001-11-01,0.5367474662311825,298.21250000000003,285.1375,0.3875,143.75,1.055,0.0082525,4.075,32.150000000000006,-100.09999996666669
2001-11-09,0.4966962041823234,293.275,283.3375,9.8,108.88749999999999,0.5587500000000001,0.008353750000000002,4.2875000000000005,32.150000000000006,-100.09999996666669
2001-11-17,0.4251269715030265,291.6875,278.6125,0.675,125.21250000000002,0.6425,0.006015,4.675000000000001,32.150000000000006,-100.09999996666669
2001-11-25,0.4,285.875,272.8375,0.36250000000000004,103.9125,0.52125,0.00402875,4.9624999999999995,32.150000000000006,-100.09999996666669
2001-12-03,0.4,292.0625,278.1125,0.0,125.075,0.74875,0.0056275000000000006,4.8375,32.150000000000006,-100.09999996666669
2001-12-11,0.4,288.1875,273.9625,1.8125,103.43750000000001,0.505,0.004536250000000001,4.475,32.150000000000006,-100.09999996666669
2001-12-19,0.3966962041823234,286.0,272.07500000000005,0.0,126.72500000000002,0.58125,0.00302875,3.8249999999999997,32.150000000000006,-100.09999996666669
2001-12-27,0.3966962041823234,280.97999999999996,269.48,0.0,109.82000000000001,0.4320000000000001,0.002488,3.7000000000000006,32.150000000000006,-100.09999996666669
2002-01-01,0.3966962041823234,282.425,269.72499999999997,0.6375000000000001,109.775,0.41125,0.002965,3.9875,32.150000000000006,-100.09999996666669
2002-01-09,0.3334436704135059,290.05,273.9125,0.0,136.9375,0.7925,0.00337625,4.7625,32.150000000000006,-100.09999996666669
2002-01-25,0.3334436704135059,290.75,273.3,0.9750000000000001,149.26250000000002,0.7025000000000001,0.004505,4.187500000000001,32.150000000000006,-100.09999996666669
2002-02-02,0.4,285.52500000000003,272.8125,3.9375,124.42500000000001,0.5025000000000001,0.0035387500000000002,3.7125000000000004,32.150000000000006,-100.09999996666669
2002-02-10,0.4251269715030265,287.575,270.9875,0.0,182.85,0.70375,0.0026312500000000003,4.6625,32.150000000000006,-100.09999996666669
2002-02-18,0.5,293.23749999999995,275.825,0.375,180.71249999999998,1.04375,0.0035787500000000003,5.35,32.150000000000006,-100.09999996666669
2002-02-26,0.4966962041823234,284.8,267.1,0.0,203.9875,0.64625,0.0019325000000000004,6.0375000000000005,32.150000000000006,-100.09999996666669
2002-03-06,0.5,295.67499999999995,276.675,0.0,216.35,1.2825,0.0036425000000000003,6.187500000000001,32.150000000000006,-100.09999996666669
2002-03-14,0.4966962041823234,291.8,279.85,7.0875,182.90000000000003,0.8575000000000002,0.00498375,4.5875,32.150000000000006,-100.09999996666669
2002-03-22,0.5632525337688176,294.325,276.63749999999993,1.1875,234.53749999999997,1.05375,0.004797500000000001,5.225000000000001,32.150000000000006,-100.09999996666669
2002-03-30,0.671569232679297,291.1625,279.925,1.7375,203.05,0.5912500000000002,0.006485,5.625,32.150000000000006,-100.09999996666669
2002-04-07,0.7715692326792969,299.23750000000007,284.5875,0.55,256.7,1.06,0.008834999999999999,4.75,32.150000000000006,-100.09999996666669
2002-04-15,0.8632525337688175,303.075,288.9625,0.17500000000000002,256.27500000000003,1.4137499999999998,0.010620000000000001,6.6,32.150000000000006,-100.09999996666669
2002-04-23,0.9000000000000001,304.0,288.6875,1.2750000000000001,261.5625,1.79375,0.00932375,5.325,32.150000000000006,-100.09999996666669
2002-05-01,0.9632525337688176,304.8625,289.9625,3.725,290.96250000000003,1.7637500000000002,0.010422500000000001,6.075000000000001,32.150000000000006,-100.09999996666669
2002-05-09,0.9665563295864941,302.45000000000005,286.8125,0.0,294.325,1.5150000000000001,0.009309999999999999,6.700000000000001,32.150000000000006,-100.09999996666669
2002-05-17,0.9000000000000001,301.275,285.51250000000005,2.2,291.85,1.3525000000000003,0.008767500000000001,6.925000000000001,32.150000000000006,-100.09999996666669
2002-05-25,0.9000000000000001,303.0,290.9875,4.6375,273.85,1.2012500000000002,0.012726250000000001,4.0375000000000005,32.150000000000006,-100.09999996666669
2002-06-02,0.8916833010895207,305.2875,292.7875,0.41250000000000003,290.1000000000001,1.4475,0.01384375,5.275,32.150000000000006,-100.09999996666669
2002-06-10,0.8916833010895207,305.425,293.4125,3.65,285.6125,1.4575,0.01432625,5.6875,32.150000000000006,-100.09999996666669
2002-06-18,0.8916833010895207,306.325,292.72499999999997,0.0,305.325,1.765,0.012690000000000002,5.2125,32.150000000000006,-100.09999996666669
2002-06-26,0.8916833010895207,302.15000000000003,292.5875,2.875,231.08750000000003,1.0125000000000002,0.014331250000000002,4.2,32.150000000000006,-100.09999996666669
2002-07-04,0.9168102725925471,302.9625,293.5375,12.037500000000001,264.7875,0.83125,0.01653875,2.975,32.150000000000006,-100.09999996666669
2002-07-12,0.8916833010895207,305.7625,294.1,0.9375,299.30000000000007,1.3075,0.015880000000000005,4.25,32.150000000000006,-100.09999996666669
2002-07-20,0.9000000000000001,309.17499999999995,294.6,0.0,335.71250000000003,1.975,0.015110000000000002,5.4125,32.150000000000006,-100.09999996666669
2002-07-28,0.8883795052718441,307.4375,295.2125,2.2625,285.9125,1.6675,0.0156525,5.074999999999999,32.150000000000006,-100.09999996666669
2002-08-05,0.8,306.675,294.95,1.0999999999999999,259.9875,1.73125,0.0143625,3.5,32.150000000000006,-100.09999996666669
2002-08-13,0.7251269715030265,308.3875,294.07500000000005,0.625,288.6,1.67625,0.015940000000000003,6.4125,32.150000000000006,-100.09999996666669
2002-08-21,0.7083166989104794,310.175,294.7625,0.0,285.4375,2.3012500000000005,0.01413875,4.9,32.150000000000006,-100.09999996666669
2002-08-29,0.7000000000000001,306.725,293.44999999999993,0.8625,244.075,1.6887500000000002,0.013928750000000002,3.5625,32.150000000000006,-100.09999996666669
2002-09-06,0.633443670413506,303.09999999999997,291.0125,2.1625,194.9,1.1150000000000002,0.01356625,3.4125,32.150000000000006,-100.09999996666669
2002-09-14,0.633443670413506,304.27500000000003,288.9125,3.2375,230.70000000000002,1.3575000000000002,0.012178750000000002,4.675000000000001,32.150000000000006,-100.09999996666669
2002-09-22,0.6000000000000001,302.925,286.61249999999995,0.0,240.96250000000003,1.5125,0.009061250000000002,3.5375000000000005,32.150000000000006,-100.09999996666669
2002-09-30,0.6000000000000001,300.6625,288.2875,3.7750000000000004,177.975,0.9737500000000001,0.01157125,5.212500000000001,32.150000000000006,-100.09999996666669
2002-10-08,0.5,293.0,282.45,6.275,164.2125,0.45500000000000007,0.008982500000000001,3.3875,32.150000000000006,-100.09999996666669
2002-10-16,0.5083166989104794,293.5625,283.5375,5.275,149.1625,0.35625000000000007,0.009756250000000001,3.6875,32.150000000000006,-100.09999996666669
2002-10-24,0.5,289.35,282.20000000000005,3.5875,122.025,0.14875000000000002,0.00905,3.25,32.150000000000006,-100.09999996666669
2002-11-01,0.5083166989104794,289.98749999999995,277.375,2.3125,123.0875,0.50125,0.006035,4.2875000000000005,32.150000000000006,-100.09999996666669
2002-11-09,0.5,291.2375,278.41249999999997,0.21250000000000002,134.62500000000003,0.7487500000000001,0.0052025000000000005,4.512500000000001,32.150000000000006,-100.09999996666669
2002-11-17,0.5,292.875,276.8375,0.0,140.58749999999998,0.8474999999999999,0.00464375,4.325,32.150000000000006,-100.09999996666669
2002-11-25,0.4367474662311825,286.4375,272.8875,0.0,112.18750000000001,0.5475000000000001,0.00360625,4.175000000000001,32.150000000000006,-100.09999996666669
2002-12-03,0.4334436704135059,283.05,272.48749999999995,4.300000000000001,94.70000000000002,0.16125,0.00496375,3.9000000000000004,32.150000000000006,-100.09999996666669
2002-12-11,0.4334436704135059,290.3375,275.15,0.07500000000000001,124.42500000000001,0.67875,0.0044975,4.8125,32.150000000000006,-100.09999996666669
2002-12-19,0.4334436704135059,284.6875,271.8125,0.7625000000000001,119.42500000000001,0.42874999999999996,0.003615,4.575,32.150000000000006,-100.09999996666669
2002-12-27,0.4334436704135059,288.9,274.52000000000004,0.0,125.8,0.606,0.004252000000000001,4.720000000000001,32.150000000000006,-100.09999996666669
2003-01-01,0.4367474662311825,288.875,273.05,0.0,133.20000000000002,0.62875,0.0038375,4.0125,32.150000000000006,-100.09999996666669
2003-01-09,0.4367474662311825,285.775,272.01250000000005,0.6000000000000001,122.95,0.4225000000000001,0.004083750000000001,4.625,32.150000000000006,-100.09999996666669
2003-01-17,0.4083166989104794,284.45,269.1375,0.0,142.35000000000002,0.53,0.00293125,4.074999999999999,32.150000000000006,-100.09999996666669
2003-01-25,0.4,289.2125,273.05,0.0,154.8875,0.5325000000000001,0.0047025,4.5,32.150000000000006,-100.09999996666669
2003-02-02,0.4334436704135059,285.9625,272.5125,0.125,146.2125,0.50375,0.00397375,5.312500000000001,32.150000000000006,-100.09999996666669
2003-02-10,0.5,290.09999999999997,275.7625,0.675,157.0875,0.61375,0.005098750000000001,4.6125,32.150000000000006,-100.09999996666669
2003-02-18,0.5,284.8625,273.52500000000003,3.0125,136.6625,0.42000000000000004,0.00451,4.875,32.150000000000006,-100.09999996666669
2003-02-26,0.5083166989104794,288.2875,273.54999999999995,0.8875000000000001,186.56250000000003,0.5025000000000001,0.004796250000000001,3.9125000000000005,32.150000000000006,-100.09999996666669
2003-03-06,0.6000000000000001,296.91249999999997,279.3875,0.0,213.82500000000002,0.9875,0.0065275,4.074999999999999,32.150000000000006,-100.09999996666669
2003-03-14,0.6367474662311826,294.26250000000005,280.85,0.9,193.66250000000002,0.88875,0.00619125,4.825,32.150000000000006,-100.09999996666669
2003-03-22,0.7715692326792969,293.1375,277.85,1.7125000000000001,208.725,0.89125,0.00523875,5.3500000000000005,32.150000000000006,-100.09999996666669
2003-03-30,0.7083166989104794,299.025,281.08750000000003,0.15000000000000002,260.85,1.4262500000000002,0.005562500000000001,5.6375,32.150000000000006,-100.09999996666669
2003-04-07,0.7334436704135059,298.1625,280.4125,0.0,270.38750000000005,1.34125,0.005477500000000001,4.7,32.150000000000006,-100.09999996666669
2003-04-15,0.7083166989104794,300.0875,284.73749999999995,0.7125000000000001,240.96250000000003,1.50625,0.00661875,6.375,32.150000000000006,-100.09999996666669
2003-04-23,0.7083166989104794,303.55,286.15,3.2,277.73750000000007,1.81875,0.0075025000000000005,5.550000000000001,32.150000000000006,-100.09999996666669
2003-05-01,0.8,305.725,289.8,0.1,298.58750000000003,2.09625,0.008765000000000002,4.75,32.150000000000006,-100.09999996666669
2003-05-09,0.7748730284969735,305.40000000000003,290.62499999999994,0.28750000000000003,293.275,1.86625,0.010667500000000002,5.4,32.150000000000006,-100.09999996666669
2003-05-17,0.7916833010895206,303.0625,286.9,2.7375000000000003,261.6625000000001,1.31875,0.0111375,4.3875,32.150000000000006,-100.09999996666669
2003-05-25,0.8083166989104793,303.5375,289.65,3.6375,292.11249999999995,1.4500000000000002,0.01139625,3.5625,32.150000000000006,-100.09999996666669
2003-06-02,0.9033037958176766,302.7375,290.025,12.25,298.3875,1.08,0.01311,4.8375,32.150000000000006,-100.09999996666669
2003-06-10,1.0,303.37499999999994,291.3625,7.1875,288.88750000000005,1.1562500000000002,0.01360625,3.9750000000000005,32.150000000000006,-100.09999996666669
2003-06-18,1.0284307673207032,306.07500000000005,292.4875,0.0,307.3125,1.42375,0.014665000000000004,5.4625,32.150000000000006,-100.09999996666669
2003-06-26,1.0284307673207032,305.0625,292.675,2.0125,301.83750000000003,1.4737500000000001,0.013575,3.4875,32.150000000000006,-100.09999996666669
2003-07-04,1.0251269715030265,305.41249999999997,293.3625,0.8250000000000002,295.6,1.3725,0.014910000000000001,4.775,32.150000000000006,-100.09999996666669
2003-07-12,0.9284307673207032,308.8125,294.1,0.0,339.4,2.1875,0.013128750000000002,4.1375,32.150000000000006,-100.09999996666669
2003-07-20,0.8367474662311825,309.175,295.20000000000005,0.1,320.675,2.2625,0.013542500000000002,4.2875,32.150000000000006,-100.09999996666669
2003-07-28,0.8,310.0125,294.325,0.0,309.87500000000006,2.4275,0.012941250000000001,4.175000000000001,32.150000000000006,-100.09999996666669
2003-08-05,0.7000000000000001,311.1125,295.4125,0.225,284.475,2.9,0.011865000000000004,3.6375000000000006,32.150000000000006,-100.09999996666669
2003-08-13,0.7000000000000001,307.17499999999995,292.52500000000003,0.15000000000000002,263.5625,1.99625,0.01212,3.95,32.150000000000006,-100.09999996666669
2003-08-21,0.7000000000000001,306.54999999999995,294.17499999999995,3.8875,232.85,1.67625,0.014245,3.575,32.150000000000006,-100.09999996666669
2003-08-29,0.7000000000000001,302.15000000000003,292.4125,3.725,211.2625,1.0875,0.013541250000000001,3.3,32.150000000000006,-100.09999996666669
2003-09-06,0.8,304.225,290.4625,0.8375000000000001,247.2375,1.4262500000000002,0.012100000000000001,4.8500000000000005,32.150000000000006,-100.09999996666669
2003-09-14,0.7966962041823233,300.4125,287.5,3.3875,228.5,0.8962499999999999,0.011606250000000002,5.0625,32.150000000000006,-100.09999996666669
2003-09-22,0.8,301.72499999999997,288.63750000000005,3.6125,220.55,1.1450000000000002,0.011224999999999999,3.9000000000000004,32.150000000000006,-100.09999996666669
2003-09-30,0.7916833010895206,299.72499999999997,286.77500000000003,4.0125,202.0,0.9187500000000001,0.01070625,4.075,32.150000000000006,-100.09999996666669
2003-10-08,0.788379505271844,297.1625,286.6125,6.9625,162.0,0.535,0.01157,3.9125000000000005,32.150000000000006,-100.09999996666669
2003-10-16,0.7000000000000001,300.8625,284.375,0.0,192.63750000000002,1.41625,0.007493750000000001,3.3125,32.150000000000006,-100.09999996666669
2003-10-24,0.6966962041823235,297.1125,281.4,0.15000000000000002,176.26250000000002,1.1325,0.00636625,5.137500000000001,32.150000000000006,-100.09999996666669
2003-11-01,0.6000000000000001,292.43750000000006,283.5,3.5375,113.9,0.655,0.008248750000000001,4.8999999999999995,32.150000000000006,-100.09999996666669
2003-11-09,0.5883795052718441,293.975,282.5125,0.15000000000000002,126.32500000000002,0.755,0.0073037499999999995,4.9625,32.150000000000006,-100.09999996666669
2003-11-17,0.5251269715030266,291.57500000000005,276.6,0.2625,135.35,0.8525,0.0044262500000000005,5.625,32.150000000000006,-100.09999996666669
2003-11-25,0.4966962041823234,289.5125,274.1625,0.0,131.0875,0.74,0.0037075000000000003,5.275,32.150000000000006,-100.09999996666669
2003-12-03,0.4251269715030265,289.8125,273.3,0.0,125.62500000000001,0.79875,0.00336875,4.9125,32.150000000000006,-100.09999996666669
2003-12-11,0.4218231756853499,289.30000000000007,271.25,0.0,131.6375,0.83125,0.00250875,4.7875000000000005,32.150000000000006,-100.09999996666669
2003-12-19,0.3966962041823234,291.3875,274.125,0.0,132.425,0.87125,0.003465,5.400000000000001,32.150000000000006,-100.09999996666669
2003-12-27,0.3966962041823234,288.3,272.91999999999996,0.0,131.33999999999997,0.744,0.003098,5.040000000000001,32.150000000000006,-100.09999996666669
2004-01-01,0.30000000000000004,288.33750000000003,273.675,0.8250000000000001,119.10000000000001,0.6150000000000001,0.004606250000000001,5.15,32.150000000000006,-100.09999996666669
2004-01-09,0.30000000000000004,290.15,276.73749999999995,1.9250000000000003,110.7,0.5824999999999999,0.00526125,3.3750000000000004,32.150000000000006,-100.09999996666669
2004-01-17,0.30000000000000004,286.4625,273.65000000000003,1.3000000000000003,111.55000000000001,0.375,0.004821250000000001,3.775,32.150000000000006,-100.09999996666669
2004-01-25,0.30000000000000004,287.5375,272.575,0.675,150.32500000000002,0.5575,0.0037950000000000006,5.3875,32.150000000000006,-100.09999996666669
2004-02-02,0.30000000000000004,286.4625,272.98749999999995,1.0875,158.75,0.48,0.00395,4.575,32.150000000000006,-100.09999996666669
2004-02-10,0.4,282.1875,270.9625,1.0625,124.3125,0.355,0.00342,3.4875000000000003,32.150000000000006,-100.09999996666669
2004-02-18,0.4,289.3125,275.9,4.574999999999999,148.25000000000003,0.55875,0.005125,5.15,32.150000000000006,-100.09999996666669
2004-02-26,0.4966962041823234,289.725,277.21250000000003,3.4875000000000003,169.7,0.51,0.005747500000000001,5.5875,32.150000000000006,-100.09999996666669
2004-03-05,0.4966962041823234,291.225,279.5,1.4625000000000001,196.51250000000002,0.7812500000000002,0.0049675000000000006,4.775,32.150000000000006,-100.09999996666669
2004-03-13,0.5966962041823235,297.6875,283.7375,0.5,220.025,0.9112500000000001,0.00874375,4.512499999999999,32.150000000000006,-100.09999996666669
2004-03-21,0.6966962041823235,296.5625,285.375,1.2000000000000002,195.15,0.8737500000000001,0.008693750000000002,7.300000000000001,32.150000000000006,-100.09999996666669
2004-03-29,0.8,295.40000000000003,282.11249999999995,6.275,219.42500000000004,0.9262499999999999,0.0066387500000000006,3.8999999999999995,32.150000000000006,-100.09999996666669
2004-04-06,0.8966962041823234,291.72499999999997,280.3375,0.1875,244.2125,0.645,0.006532500000000001,4.5125,32.150000000000006,-100.09999996666669
2004-04-14,0.9966962041823234,300.725,284.75,0.0,267.01250000000005,1.1975,0.008947500000000002,6.975,32.150000000000006,-100.09999996666669
2004-04-22,1.0,299.03749999999997,285.425,4.612500000000001,262.675,1.00125,0.009325,4.575,32.150000000000006,-100.09999996666669
2004-04-30,1.0367474662311826,299.025,284.575,1.475,296.71250000000003,1.09125,0.008556250000000001,5.3375,32.150000000000006,-100.09999996666669
2004-05-08,1.0367474662311826,301.15,288.26249999999993,1.3125000000000002,281.05,1.015,0.011761250000000003,5.95,32.150000000000006,-100.09999996666669
2004-05-16,1.0284307673207032,304.70000000000005,290.8625,0.0,305.975,1.4787500000000002,0.0123675,6.9625,32.150000000000006,-100.09999996666669
2004-05-24,1.0,306.3375,292.45,1.7000000000000002,292.275,2.035,0.010821250000000003,5.2125,32.150000000000006,-100.09999996666669
2004-06-01,0.9916833010895206,304.8375,291.7375,6.1875,275.775,1.4925000000000002,0.013032499999999999,5.7875,32.150000000000006,-100.09999996666669
2004-06-09,0.9632525337688176,306.93750000000006,292.21250000000003,0.25,315.63750000000005,1.47375,0.015053750000000001,6.375000000000001,32.150000000000006,-100.09999996666669
2004-06-17,0.9632525337688176,305.52500000000003,292.58750000000003,1.725,297.95000000000005,1.54625,0.013406250000000001,4.6000000000000005,32.150000000000006,-100.09999996666669
2004-06-25,0.988379505271844,303.40000000000003,292.25,5.75,266.90000000000003,1.1775000000000002,0.014000000000000002,3.9000000000000004,32.150000000000006,-100.09999996666669
2004-07-03,0.9632525337688176,307.975,293.8375,0.1625,339.52500000000003,1.8312500000000003,0.01439375,6.437500000000001,32.150000000000006,-100.09999996666669
2004-07-11,0.9000000000000001,307.8,293.47499999999997,0.9125000000000001,337.8625,2.15625,0.01200375,4.3625,32.150000000000006,-100.09999996666669
2004-07-19,0.9000000000000001,304.5625,293.43750000000006,1.6500000000000001,279.40000000000003,1.4975,0.013558750000000001,4.15,32.150000000000006,-100.09999996666669
2004-07-27,0.9000000000000001,305.2,293.5875,5.7875000000000005,278.975,1.3612499999999998,0.014850000000000002,3.3875,32.150000000000006,-100.09999996666669
2004-08-04,0.9000000000000001,305.38750000000005,293.76250000000005,2.9625000000000004,279.5375,1.54,0.01383875,3.3625000000000003,32.150000000000006,-100.09999996666669
2004-08-12,0.9000000000000001,302.05000000000007,290.22499999999997,6.375,237.875,1.2650000000000001,0.011280000000000002,3.9,32.150000000000006,-100.09999996666669
2004-08-20,0.9083166989104794,305.55,292.775,4.987500000000001,265.52500000000003,1.25375,0.01547625,5.700000000000001,32.150000000000006,-100.09999996666669
2004-08-28,0.9682654368616204,302.575,290.3,0.5875,257.00000000000006,1.1275000000000002,0.012597500000000001,3.6499999999999995,32.150000000000006,-100.09999996666669
2004-09-05,0.9599487379511409,302.53749999999997,287.8625,0.0,258.975,1.41375,0.009902500000000002,3.8499999999999996,32.150000000000006,-100.09999996666669
2004-09-13,0.8966962041823234,305.8375,291.1375,0.08750000000000001,244.83749999999998,1.4775,0.013407500000000001,5.1875,32.150000000000006,-100.09999996666669
2004-09-21,0.7715692326792969,300.65,289.4,2.625,188.93750000000003,0.9650000000000001,0.011858750000000001,3.9625000000000004,32.150000000000006,-100.09999996666669
2004-09-29,0.7632525337688175,298.15000000000003,287.1,8.175,172.7,0.6587500000000001,0.011393750000000001,4.0125,32.150000000000006,-100.09999996666669
2004-10-07,0.7599487379511409,295.66249999999997,284.4625,2.4625000000000004,189.72500000000002,0.5587500000000001,0.0098875,3.775000000000001,32.150000000000006,-100.09999996666669
2004-10-15,0.671569232679297,300.23749999999995,285.2,2.35,177.3625,1.2000000000000002,0.008815,4.3875,32.150000000000006,-100.09999996666669
2004-10-23,0.6883795052718441,298.55,287.5625,4.9,148.625,0.705,0.011525,5.0125,32.150000000000006,-100.09999996666669
2004-10-31,0.5966962041823235,292.0125,278.7625,2.6500000000000004,131.13750000000002,0.64375,0.00621,3.9125000000000005,32.150000000000006,-100.09999996666669
2004-11-08,0.5715692326792969,288.5,278.9625,11.2625,97.3125,0.32625000000000004,0.007008750000000001,4.6625,32.150000000000006,-100.09999996666669
2004-11-16,0.4966962041823234,290.88750000000005,282.2125,7.050000000000001,103.47500000000001,0.26625,0.008762500000000001,3.3000000000000003,32.150000000000006,-100.09999996666669
2004-11-24,0.4715692326792969,287.8125,274.35,0.037500000000000006,126.71250000000002,0.46,0.0048125,5.2625,32.150000000000006,-100.09999996666669
2004-12-02,0.4,291.1625,275.85,1.0625,124.05000000000001,0.7262500000000001,0.0046825,4.6875,32.150000000000006,-100.09999996666669
2004-12-10,0.4,287.15,272.75,0.0,133.5875,0.64375,0.0032712500000000003,4.075,32.150000000000006,-100.09999996666669
2004-12-18,0.3966962041823234,282.3875,268.72499999999997,0.3375,116.12500000000003,0.45375,0.00278875,4.675,32.150000000000006,-100.09999996666669
2004-12-26,0.3966962041823234,290.45,275.6666666666667,0.21666666666666667,129.11666666666665,0.5116666666666666,0.005758333333333334,5.383333333333333,32.150000000000006,-100.09999996666669
2005-01-01,0.30000000000000004,290.55,276.67499999999995,0.41250000000000003,123.73750000000001,0.42625,0.006871250000000001,4.950000000000001,32.150000000000006,-100.09999996666669
2005-01-09,0.30000000000000004,287.97499999999997,274.6375,0.0,135.55,0.5612499999999999,0.004708750000000001,4.9875,32.150000000000006,-100.09999996666669
2005-01-17,0.30000000000000004,286.56249999999994,271.41249999999997,0.0,130.3625,0.545,0.0035875000000000004,4.1875,32.150000000000006,-100.09999996666669
2005-01-25,0.30000000000000004,285.875,273.9125,2.1,113.33750000000002,0.40375,0.00460125,4.15,32.150000000000006,-100.09999996666669
2005-02-02,0.32512697150302655,285.28749999999997,273.475,1.0,150.8125,0.31125,0.0048125,3.7875000000000005,32.150000000000006,-100.09999996666669
2005-02-10,0.3966962041823234,289.20000000000005,277.2875,0.23750000000000002,137.76250000000002,0.6362500000000001,0.00491125,4.675000000000001,32.150000000000006,-100.09999996666669
2005-02-18,0.4251269715030265,290.125,278.23749999999995,4.4750000000000005,144.66250000000002,0.51,0.006442500000000001,4.125,32.150000000000006,-100.09999996666669
2005-02-26,0.5,289.66249999999997,277.0125,5.1,177.48749999999998,0.44375,0.006088750000000001,2.8,32.150000000000006,-100.09999996666669
2005-03-06,0.5966962041823235,293.6125,278.6875,0.05,216.26250000000002,0.8875000000000002,0.005231250000000001,4.4875,32.150000000000006,-100.09999996666669
2005-03-14,0.6883795052718441,289.5375,276.2625,0.4375,188.7125,0.71125,0.004423750000000001,4.625,32.150000000000006,-100.09999996666669
2005-03-22,0.788379505271844,294.09999999999997,278.5375,4.975,229.2375,0.9575,0.00513625,5.300000000000001,32.150000000000006,-100.09999996666669
2005-03-30,0.8,295.625,279.5875,0.0,253.0,1.12875,0.004955,6.462500000000001,32.150000000000006,-100.09999996666669
2005-04-07,0.8966962041823234,298.2,281.3375,0.0,271.95000000000005,1.3649999999999998,0.005192500000000001,4.4375,32.150000000000006,-100.09999996666669
2005-04-15,0.9251269715030266,301.35,284.98749999999995,0.23750000000000002,267.0625,1.2850000000000001,0.008925,5.862500000000001,32.150000000000006,-100.09999996666669
2005-04-23,0.9966962041823234,296.6625,280.82500000000005,0.0,259.5625,1.30875,0.00498875,4.9125000000000005,32.150000000000006,-100.09999996666669
2005-05-01,1.0,294.325,282.48749999999995,2.2375000000000003,240.2375,0.6187499999999999,0.008448750000000001,5.3125,32.150000000000006,-100.09999996666669
2005-05-09,1.0,300.72499999999997,288.61249999999995,3.7,283.075,1.07875,0.011237500000000001,6.075,32.150000000000006,-100.09999996666669
2005-05-17,1.0284307673207032,306.025,291.28749999999997,0.0,307.25000000000006,1.7625,0.01183,4.9125,32.150000000000006,-100.09999996666669
2005-05-25,1.0284307673207032,301.1625,290.825,7.487500000000002,280.925,0.9887500000000001,0.01278625,3.5625000000000004,32.150000000000006,-100.09999996666669
2005-06-02,1.1251269715030268,305.71250000000003,293.3,2.2,313.1125,1.33125,0.0152425,5.85,32.150000000000006,-100.09999996666669
2005-06-10,1.1,305.525,293.5625,2.1875,305.61250000000007,1.48625,0.01420625,5.4750000000000005,32.150000000000006,-100.09999996666669
2005-06-18,1.0367474662311826,305.8375,292.47499999999997,0.0,323.1875,1.84625,0.011603750000000001,4.475,32.150000000000006,-100.09999996666669
2005-06-26,1.0,308.42499999999995,293.52500000000003,0.675,324.75000000000006,2.2375000000000003,0.012195000000000003,4.612500000000001,32.150000000000006,-100.09999996666669
2005-07-04,0.9083166989104794,308.95000000000005,293.86249999999995,2.3875,330.8125,2.18125,0.013176250000000002,3.5,32.150000000000006,-100.09999996666669
2005-07-12,0.9000000000000001,306.61249999999995,294.8125,2.575,280.075,1.7600000000000002,0.014033750000000001,3.6625,32.150000000000006,-100.09999996666669
2005-07-20,0.9083166989104794,307.5625,293.275,0.875,291.675,1.7912500000000002,0.0140775,4.987500000000001,32.150000000000006,-100.09999996666669
2005-07-28,0.9083166989104794,304.26250000000005,292.4875,2.4125000000000005,258.5125,1.45625,0.013062500000000001,2.5625000000000004,32.150000000000006,-100.09999996666669
2005-08-05,0.9083166989104794,303.54999999999995,292.7625,5.5875,220.78750000000002,1.09875,0.014608750000000002,3.8625000000000003,32.150000000000006,-100.09999996666669
2005-08-13,0.9966962041823234,304.3375,293.34999999999997,15.150000000000002,247.16250000000002,1.04125,0.01596875,4.6875,32.150000000000006,-100.09999996666669
2005-08-21,1.1,306.96250000000003,293.52500000000003,2.7125000000000004,287.15,1.6212499999999999,0.014635000000000002,3.625,32.150000000000006,-100.09999996666669
2005-08-29,1.0682654368616205,304.41249999999997,292.27500000000003,0.0,237.7125,1.5337500000000002,0.012266250000000003,3.2750000000000004,32.150000000000006,-100.09999996666669
2005-09-06,1.0083166989104795,305.125,290.375,0.21250000000000002,254.63750000000002,1.5399999999999998,0.012056250000000003,4.625,32.150000000000006,-100.09999996666669
2005-09-14,0.9000000000000001,306.97499999999997,292.1125,0.4625,247.45,1.6825000000000003,0.013591250000000001,4.7125,32.150000000000006,-100.09999996666669
2005-09-22,0.8,306.66249999999997,290.325,0.0,235.5,2.1037500000000002,0.010147500000000002,3.9125,32.150000000000006,-100.09999996666669
2005-09-30,0.7966962041823233,301.8,286.5625,6.425000000000001,169.4125,1.25125,0.01077375,5.9125000000000005,32.150000000000006,-100.09999996666669
2005-10-08,0.6966962041823235,297.9875,284.825,2.2875,186.57500000000005,0.92125,0.008862500000000002,2.8375000000000004,32.150000000000006,-100.09999996666669
2005-10-16,0.6966962041823235,298.7625,284.4375,0.037500000000000006,184.10000000000002,1.09125,0.008502500000000001,3.9125000000000005,32.150000000000006,-100.09999996666669
2005-10-24,0.5966962041823235,292.425,279.52500000000003,2.225,153.425,0.6587500000000001,0.00640375,4.4125000000000005,32.150000000000006,-100.09999996666669
2005-11-01,0.5966962041823235,299.5625,280.86249999999995,0.0,156.425,1.3525,0.006125,4.987500000000001,32.150000000000006,-100.09999996666669
2005-11-09,0.4966962041823234,295.9125,278.98749999999995,0.0,144.85000000000002,1.065,0.005835000000000001,4.5125,32.150000000000006,-100.09999996666669
2005-11-17,0.4,291.73749999999995,274.67499999999995,0.0,138.66250000000002,1.00625,0.0028937500000000005,3.5125,32.150000000000006,-100.09999996666669
2005-11-25,0.3966962041823234,290.925,273.075,0.0,132.7375,0.90375,0.0031625,5.2125,32.150000000000006,-100.09999996666669
2005-12-03,0.30000000000000004,283.625,266.0125,0.0,130.775,0.6050000000000001,0.0020425,4.5125,32.150000000000006,-100.09999996666669
2005-12-11,0.30000000000000004,286.575,272.475,0.15000000000000002,108.46250000000002,0.6225,0.0030175,3.9375,32.150000000000006,-100.09999996666669
2005-12-19,0.30000000000000004,290.7875,273.3375,0.0,129.46250000000003,0.8150000000000001,0.0035325000000000005,4.4625,32.150000000000006,-100.09999996666669
2005-12-27,0.30000000000000004,292.65999999999997,276.82,0.0,134.16000000000003,1.1320000000000001,0.0027,4.48,32.150000000000006,-100.09999996666669
2006-01-01,0.30000000000000004,295.2875,275.3875,0.0,130.6125,1.3550000000000002,0.0024875,4.875,32.150000000000006,-100.09999996666669
2006-01-09,0.30000000000000004,292.9,273.35,0.0,136.575,1.09375,0.0026825,5.2875000000000005,32.150000000000006,-100.09999996666669
2006-01-17,0.30000000000000004,290.0875,271.6875,0.525,135.8625,0.8125,0.0030675000000000003,4.5125,32.150000000000006,-100.09999996666669
2006-01-25,0.30000000000000004,292.375,274.825,0.30000000000000004,144.9625,0.8775000000000002,0.0039012500000000006,5.25,32.150000000000006,-100.09999996666669
2006-02-02,0.30000000000000004,290.4875,273.7875,0.0,172.66250000000002,0.9687499999999999,0.0024275,4.4750000000000005,32.150000000000006,-100.09999996666669
2006-02-10,0.30000000000000004,289.84999999999997,271.825,0.0,163.96249999999998,1.0150000000000001,0.0021012500000000003,5.875,32.150000000000006,-100.09999996666669
2006-02-18,0.30000000000000004,286.83750000000003,273.93749999999994,2.2375,143.3875,0.52625,0.00449875,3.9499999999999997,32.150000000000006,-100.09999996666669
2006-02-26,0.3334436704135059,297.1125,280.3875,0.0,198.62500000000003,1.285,0.005281250000000001,5.375,32.150000000000006,-100.09999996666669
2006-03-06,0.4,298.65,283.675,0.037500000000000006,214.8125,1.6412499999999999,0.0044725,5.437500000000001,32.150000000000006,-100.09999996666669
2006-03-14,0.4334436704135059,291.63750000000005,278.7,5.7875000000000005,201.46249999999998,0.86375,0.0045125,5.450000000000001,32.150000000000006,-100.09999996666669
2006-03-22,0.5,291.875,277.1,1.6125,229.52500000000003,0.7925,0.00513625,5.300000000000001,32.150000000000006,-100.09999996666669
2006-03-30,0.5966962041823235,301.2,286.1625,0.0,249.75,1.44875,0.00805875,5.625,32.150000000000006,-100.09999996666669
2006-04-07,0.633443670413506,300.7375,282.75,0.0,262.26250000000005,1.4425000000000001,0.006982500000000001,6.0874999999999995,32.150000000000006,-100.09999996666669
2006-04-15,0.7000000000000001,304.1875,286.8625,2.4125,263.58750000000003,2.03625,0.006992500000000001,4.975,32.150000000000006,-100.09999996666669
2006-04-23,0.7966962041823233,300.05,285.375,2.65,268.41249999999997,1.3075,0.008260000000000002,5.725000000000001,32.150000000000006,-100.09999996666669
2006-05-01,0.7966962041823233,303.55000000000007,289.625,5.3375,277.9375,1.3725,0.01162875,5.75,32.150000000000006,-100.09999996666669
2006-05-09,0.8966962041823234,301.025,286.2625,0.07500000000000001,294.975,1.6575,0.006887500000000001,4.850000000000001,32.150000000000006,-100.09999996666669
2006-05-17,0.8,307.0625,289.1875,0.0,308.9125,2.35875,0.008180000000000002,5.137500000000001,32.150000000000006,-100.09999996666669
2006-05-25,0.8,306.8375,293.1125,1.5750000000000002,292.7250000000001,1.9500000000000002,0.01229125,5.5875,32.150000000000006,-100.09999996666669
2006-06-02,0.7966962041823233,308.65000000000003,291.825,0.0,320.58750000000003,2.63125,0.008991250000000001,4.1000000000000005,32.150000000000006,-100.09999996666669
2006-06-10,0.7966962041823233,310.325,292.68750000000006,1.4625000000000001,323.51250000000005,2.807499999999999,0.009965000000000002,5.65,32.150000000000006,-100.09999996666669
2006-06-18,0.7966962041823233,306.675,293.11249999999995,5.387500000000001,298.07500000000005,1.7275,0.013458750000000002,4.362500000000001,32.150000000000006,-100.09999996666669
2006-06-26,0.7966962041823233,304.525,291.3875,0.15000000000000002,309.56250000000006,1.8275,0.01009125,3.7750000000000004,32.150000000000006,-100.09999996666669
2006-07-04,0.788379505271844,307.1625,293.77500000000003,0.48750000000000004,316.27500000000003,1.8687500000000001,0.01335875,4.4875,32.150000000000006,-100.09999996666669
2006-07-12,0.7000000000000001,311.0875,296.05,0.0,338.9125,2.9612499999999997,0.011575000000000002,4.2875000000000005,32.150000000000006,-100.09999996666669
2006-07-20,0.6966962041823235,309.6125,295.27500000000003,0.0,331.175,2.6800000000000006,0.011336250000000003,4.2,32.150000000000006,-100.09999996666669
2006-07-28,0.6251269715030267,309.675,295.15000000000003,0.05,306.8,2.3925,0.013192500000000003,6.1625000000000005,32.150000000000006,-100.09999996666669
2006-08-05,0.6000000000000001,309.6375,295.48750000000007,1.125,283.375,2.5500000000000003,0.012313750000000002,4.25,32.150000000000006,-100.09999996666669
2006-08-13,0.6000000000000001,308.7875,295.05,0.6875,262.6875,2.29375,0.012830000000000003,4.1875,32.150000000000006,-100.09999996666669
2006-08-21,0.6000000000000001,308.7375,296.5875,4.5,242.425,2.33375,0.01347375,3.45,32.150000000000006,-100.09999996666669
2006-08-29,0.6083166989104796,302.09999999999997,290.0375,8.8125,218.20000000000002,1.18,0.0121025,3.6375000000000006,32.150000000000006,-100.09999996666669
2006-09-06,0.7000000000000001,301.45,288.825,0.42500000000000004,229.975,1.215,0.01068125,3.1125000000000007,32.150000000000006,-100.09999996666669
2006-09-14,0.6966962041823235,303.17499999999995,288.7375,1.175,236.62500000000006,1.3775,0.011003750000000001,5.825000000000001,32.150000000000006,-100.09999996666669
2006-09-22,0.6966962041823235,301.4,286.1125,0.0,226.77500000000003,1.5625,0.007700000000000002,4.375000000000001,32.150000000000006,-100.09999996666669
2006-09-30,0.6966962041823235,303.9125,288.3125,0.0,210.9375,1.45375,0.0107375,4.4375,32.150000000000006,-100.09999996666669
2006-10-08,0.6966962041823235,299.375,285.47499999999997,3.1375,187.525,1.03,0.009335000000000001,4.2,32.150000000000006,-100.09999996666669
2006-10-16,0.6966962041823235,294.83750000000003,280.1625,3.2375000000000003,188.85000000000002,0.8924999999999998,0.0062975,4.475,32.150000000000006,-100.09999996666669
2006-10-24,0.7000000000000001,295.275,281.0125,0.35,162.125,0.9375000000000001,0.006326250000000002,5.55,32.150000000000006,-100.09999996666669
2006-11-01,0.6000000000000001,294.1875,280.1625,0.1375,147.6875,0.9075,0.0060750000000000005,4.3875,32.150000000000006,-100.09999996666669
2006-11-09,0.4966962041823234,294.08750000000003,277.125,0.0,148.9,1.09625,0.004071249999999999,5.4750000000000005,32.150000000000006,-100.09999996666669
2006-11-17,0.4083166989104794,293.85,275.9,0.0,139.7125,1.0075,0.0039875,4.0625,32.150000000000006,-100.09999996666669
2006-11-25,0.3966962041823234,291.575,276.7125,0.3375,123.26250000000002,0.71,0.00582,5.562500000000001,32.150000000000006,-100.09999996666669
2006-12-03,0.3334436704135059,283.4750000000001,269.075,0.0,125.075,0.3825,0.0033037500000000003,4.6625000000000005,32.150000000000006,-100.09999996666669
2006-12-11,0.32512697150302655,294.45000000000005,277.25,0.1375,129.51250000000002,1.0275,0.00439125,4.45,32.150000000000006,-100.09999996666669
2006-12-19,0.32512697150302655,286.3125,273.7125,3.0125,122.1,0.47875,0.0039837499999999994,4.275,32.150000000000006,-100.09999996666669
2006-12-27,0.30000000000000004,288.94000000000005,275.78000000000003,1.4200000000000002,119.54,0.616,0.0045460000000000006,5.8,32.150000000000006,-100.09999996666669
2007-01-01,0.30000000000000004,284.79999999999995,271.1875,0.9625,123.3625,0.435,0.0035412500000000006,3.7125,32.150000000000006,-100.09999996666669
2007-01-09,0.30000000000000004,283.525,272.075,2.225,108.25,0.28875,0.0046825,5.4750000000000005,32.150000000000006,-100.09999996666669
2007-01-17,0.29669620418232345,277.8625,269.1,2.625,80.92500000000001,0.135,0.0035087500000000006,3.6250000000000004,32.150000000000006,-100.09999996666669
2007-01-25,0.30000000000000004,282.7375,270.17499999999995,1.075,133.425,0.26999999999999996,0.003798750000000001,3.8375000000000004,32.150000000000006,-100.09999996666669
2007-02-02,0.3334436704135059,286.6,271.53749999999997,0.0,162.025,0.445,0.0043412500000000005,3.6875,32.150000000000006,-100.09999996666669
2007-02-10,0.3966962041823234,284.95,270.1125,0.08750000000000001,159.97500000000002,0.4750000000000001,0.0036337500000000003,5.1625000000000005,32.150000000000006,-100.09999996666669
2007-02-18,0.4,294.08750000000003,277.11249999999995,0.0,191.36250000000004,1.0775000000000001,0.003973750000000001,5.925000000000001,32.150000000000006,-100.09999996666669
2007-02-26,0.4083166989104794,290.77500000000003,274.875,0.0,212.38750000000005,1.1099999999999999,0.0021400000000000004,4.5874999999999995,32.150000000000006,-100.09999996666669
2007-03-06,0.4966962041823234,295.27500000000003,280.55,4.7250000000000005,202.5375,0.9625000000000001,0.0059900000000000005,3.8625000000000003,32.150000000000006,-100.09999996666669
2007-03-14,0.5334436704135059,297.61249999999995,283.38750000000005,0.0,222.1,0.9912500000000001,0.00793125,5.575000000000001,32.150000000000006,-100.09999996666669
2007-03-22,0.7000000000000001,298.0125,286.20000000000005,7.5375,211.075,0.94125,0.00922875,5.487500000000001,32.150000000000006,-100.09999996666669
2007-03-30,0.8,294.03749999999997,281.6875,4.7125,209.05,0.8212499999999999,0.006960000000000001,4.875000000000001,32.150000000000006,-100.09999996666669
2007-04-07,0.8748730284969736,291.15,276.9875,0.825,224.08750000000003,0.7575000000000001,0.005367500000000001,5.550000000000001,32.150000000000006,-100.09999996666669
2007-04-15,0.9083166989104794,297.7625,281.1625,0.21250000000000002,266.125,0.9775,0.007537500000000001,5.7625,32.150000000000006,-100.09999996666669
2007-04-23,0.9715692326792968,299.40000000000003,286.09999999999997,7.25,254.175,1.16,0.00879375,5.2250000000000005,32.150000000000006,-100.09999996666669
2007-05-01,1.0083166989104795,300.3875,289.7875,8.575000000000001,234.3375,0.7925,0.013142500000000001,4.175000000000001,32.150000000000006,-100.09999996666669
2007-05-09,1.1,298.0,287.1,3.3375,262.85,0.77875,0.01059375,3.2,32.150000000000006,-100.09999996666669
2007-05-17,1.1083166989104796,297.87500000000006,287.16249999999997,2.6375,225.13750000000002,0.685,0.011465000000000001,5.35,32.150000000000006,-100.09999996666669
2007-05-25,1.2000000000000002,301.06250000000006,289.7625,3.0,269.97499999999997,0.85875,0.013135,4.3875,32.150000000000006,-100.09999996666669
2007-06-02,1.2000000000000002,303.9125,291.625,0.7000000000000001,305.5125,1.2475,0.01353625,4.325000000000001,32.150000000000006,-100.09999996666669
2007-06-10,1.2000000000000002,302.91249999999997,292.02500000000003,6.9125,272.75,1.1875,0.013272500000000003,3.7125000000000004,32.150000000000006,-100.09999996666669
2007-06-18,1.271569232679297,303.975,292.4375,7.9,282.70000000000005,1.0525,0.015210000000000001,5.0625,32.150000000000006,-100.09999996666669
2007-06-26,1.2966962041823233,301.75,291.9625,9.850000000000001,251.33749999999998,0.7675,0.015097500000000003,3.0500000000000007,32.150000000000006,-100.09999996666669
2007-07-04,1.359948737951141,304.42499999999995,293.25,0.175,311.0875,1.0987500000000001,0.015803750000000002,3.6500000000000004,32.150000000000006,-100.09999996666669
2007-07-12,1.3,305.05,292.88749999999993,0.8125,322.6125,1.3375,0.014411250000000002,4.137500000000001,32.150000000000006,-100.09999996666669
2007-07-20,1.1966962041823237,302.675,292.18750000000006,1.875,276.5375,0.9537500000000001,0.01465,3.5875000000000004,32.150000000000006,-100.09999996666669
2007-07-28,1.1,302.90000000000003,294.28749999999997,7.5,238.025,0.95125,0.01582,3.2875000000000005,32.150000000000006,-100.09999996666669
2007-08-05,1.1,307.6125,293.96250000000003,0.0,305.55,1.735,0.0146925,5.0375000000000005,32.150000000000006,-100.09999996666669
2007-08-13,1.0966962041823236,305.09999999999997,294.52500000000003,12.7125,254.6,1.45875,0.014623750000000001,4.7,32.150000000000006,-100.09999996666669
2007-08-21,1.0966962041823236,305.4375,293.1125,0.275,283.65000000000003,1.30625,0.015017500000000001,5.4125000000000005,32.150000000000006,-100.09999996666669
2007-08-29,1.0083166989104795,302.6875,291.8875,1.1125,229.0625,1.11875,0.0134825,3.1125000000000003,32.150000000000006,-100.09999996666669
2007-09-06,0.9966962041823234,303.225,291.6875,5.2375,226.78750000000002,1.0999999999999999,0.01416375,3.975,32.150000000000006,-100.09999996666669
2007-09-14,1.0,304.0125,290.825,0.425,245.425,1.155,0.0137625,4.6625000000000005,32.150000000000006,-100.09999996666669
2007-09-22,0.8966962041823234,304.0,290.875,0.55,233.3125,1.25875,0.013090000000000001,4.3125,32.150000000000006,-100.09999996666669
2007-09-30,0.8966962041823234,305.2125,289.675,0.37500000000000006,210.275,1.5675000000000001,0.01163,4.8125,32.150000000000006,-100.09999996666669
2007-10-08,0.8,302.0375,287.55,1.1125,185.27500000000003,1.3437500000000002,0.00973875,4.4625,32.150000000000006,-100.09999996666669
2007-10-16,0.7000000000000001,299.625,282.0875,1.1625,190.15000000000003,1.53,0.0056125,6.1375,32.150000000000006,-100.09999996666669
2007-10-24,0.7000000000000001,295.675,277.925,0.0,182.21250000000003,1.1175000000000002,0.00451875,3.8,32.150000000000006,-100.09999996666669
2007-11-01,0.6000000000000001,295.67499999999995,280.3875,0.0,147.98749999999998,1.0262499999999999,0.005928750000000001,4.1125,32.150000000000006,-100.09999996666669
2007-11-09,0.5,297.54999999999995,282.16249999999997,0.0,142.00000000000003,1.0725,0.007206250000000001,5.1875,32.150000000000006,-100.09999996666669
2007-11-17,0.4334436704135059,290.025,277.04999999999995,0.0625,116.10000000000001,0.77625,0.0050675,4.6499999999999995,32.150000000000006,-100.09999996666669
2007-11-25,0.4,289.25,275.8125,3.6375,114.7125,0.5587500000000001,0.005210000000000001,4.850000000000001,32.150000000000006,-100.09999996666669
2007-12-03,0.3966962041823234,291.1375,274.575,0.1,125.95,0.6675,0.004918750000000001,4.4,32.150000000000006,-100.09999996666669
2007-12-11,0.30000000000000004,286.2625,271.1875,1.2875,111.21250000000002,0.44,0.004070000000000001,4.775,32.150000000000006,-100.09999996666669
2007-12-19,0.30000000000000004,286.46250000000003,270.55,0.0,126.025,0.63875,0.0027137500000000005,4.8125,32.150000000000006,-100.09999996666669
2007-12-27,0.30000000000000004,283.5,268.9,0.0,135.38,0.526,0.0022180000000000004,4.42,32.150000000000006,-100.09999996666669
2008-01-01,0.30000000000000004,288.4125,272.1875,0.0,129.66250000000002,0.6937500000000001,0.003673750000000001,5.3500000000000005,32.150000000000006,-100.09999996666669
2008-01-09,0.30000000000000004,287.3875,272.0375,0.0,133.16250000000002,0.6849999999999999,0.0027337500000000005,4.362500000000001,32.150000000000006,-100.09999996666669
2008-01-17,0.30000000000000004,281.59999999999997,267.0625,0.125,119.45000000000002,0.32875000000000004,0.00289,4.275,32.150000000000006,-100.09999996666669
2008-01-25,0.30000000000000004,289.0875,271.9,0.5750000000000001,143.9375,0.7437500000000001,0.0033237500000000003,6.25,32.150000000000006,-100.09999996666669
2008-02-02,0.3334436704135059,292.75,272.65,0.037500000000000006,171.375,1.05375,0.0027875,4.8374999999999995,32.150000000000006,-100.09999996666669
2008-02-10,0.3334436704135059,291.71250000000003,274.725,1.3625,162.77499999999998,0.775,0.0045475,5.3875,32.150000000000006,-100.09999996666669
2008-02-18,0.4251269715030265,295.23749999999995,274.825,0.0625,191.27500000000003,1.1037500000000002,0.0041175,4.4,32.150000000000006,-100.09999996666669
2008-02-26,0.4334436704135059,294.1875,274.5875,2.475,191.50000000000003,1.0587499999999999,0.0038675,5.987500000000001,32.150000000000006,-100.09999996666669
2008-03-05,0.4966962041823234,289.8125,273.475,1.8875000000000002,198.4125,0.79625,0.00336,5.025000000000001,32.150000000000006,-100.09999996666669
2008-03-13,0.4367474662311825,296.1125,279.075,8.350000000000001,207.55,1.15875,0.00494125,5.7125,32.150000000000006,-100.09999996666669
2008-03-21,0.5334436704135059,294.4125,279.0375,0.45,213.5625,1.035,0.005145,6.125000000000001,32.150000000000006,-100.09999996666669
2008-03-29,0.6000000000000001,298.6375,282.575,0.0,251.08750000000003,1.22125,0.00705125,5.637500000000001,32.150000000000006,-100.09999996666669
2008-04-06,0.7083166989104794,297.50000000000006,281.175,1.7125000000000001,268.6625,1.32625,0.005290000000000001,5.475,32.150000000000006,-100.09999996666669
2008-04-14,0.8,300.79999999999995,280.5875,0.0,280.4875,1.58,0.005557500000000001,6.1875,32.150000000000006,-100.09999996666669
2008-04-22,0.8083166989104793,301.2125,283.3,2.9625,258.0125,1.48875,0.00737,5.2375,32.150000000000006,-100.09999996666669
2008-04-30,0.9000000000000001,300.84999999999997,286.24999999999994,0.6875,288.0625,1.54375,0.0074887500000000015,6.450000000000001,32.150000000000006,-100.09999996666669
2008-05-08,0.9000000000000001,302.95,286.6875,1.0750000000000002,289.0625,1.7,0.00818125,4.8875,32.150000000000006,-100.09999996666669
2008-05-16,0.9000000000000001,305.1875,287.725,0.47500000000000003,287.85,2.1187500000000004,0.007852500000000002,4.987500000000001,32.150000000000006,-100.09999996666669
2008-05-24,0.9715692326792968,308.0375,293.2,4.2,304.975,2.035,0.01284125,6.25,32.150000000000006,-100.09999996666669
2008-06-01,1.0,309.12500000000006,294.125,1.9625000000000001,320.9625000000001,2.30125,0.012703750000000001,8.775,32.150000000000006,-100.09999996666669
2008-06-09,1.0,309.40000000000003,294.41249999999997,0.23750000000000002,321.5,2.4450000000000003,0.0121375,6.612500000000001,32.150000000000006,-100.09999996666669
2008-06-17,1.0033037958176765,306.41249999999997,293.91249999999997,4.9125000000000005,315.52500000000003,1.99375,0.011888750000000002,3.65,32.150000000000006,-100.09999996666669
2008-06-25,1.011620494728156,305.6875,293.775,3.5,285.65000000000003,1.74875,0.01275125,5.2,32.150000000000006,-100.09999996666669
2008-07-03,1.0,306.02500000000003,292.575,0.9125000000000001,324.36250000000007,1.65375,0.013028750000000002,5.175000000000001,32.150000000000006,-100.09999996666669
2008-07-11,0.9116204947281561,308.575,294.7375,0.0,317.20000000000005,2.2550000000000003,0.012707500000000002,4.6875,32.150000000000006,-100.09999996666669
2008-07-19,0.9000000000000001,309.1625,294.4125,0.0,332.6125,2.4787500000000007,0.011681250000000002,4.5375000000000005,32.150000000000006,-100.09999996666669
2008-07-27,0.833443670413506,310.55,296.0125,1.6375,309.0375,2.6537500000000005,0.012997500000000002,4.3375,32.150000000000006,-100.09999996666669
2008-08-04,0.8,308.3125,294.82499999999993,3.8625,278.675,2.21125,0.012872500000000002,3.8375000000000004,32.150000000000006,-100.09999996666669
2008-08-12,0.833443670413506,303.23749999999995,292.525,7.5875,234.13750000000002,1.295,0.01329875,3.3125000000000004,32.150000000000006,-100.09999996666669
2008-08-20,0.933443670413506,304.79999999999995,291.4125,0.35000000000000003,261.88750000000005,1.2850000000000001,0.01390625,3.575,32.150000000000006,-100.09999996666669
2008-08-28,0.933443670413506,303.91249999999997,291.3125,1.9625000000000004,242.37500000000003,1.2750000000000001,0.0132325,3.8125000000000004,32.150000000000006,-100.09999996666669
2008-09-05,1.0083166989104795,302.0125,289.66249999999997,7.8875,199.50000000000003,1.01375,0.012807500000000001,3.7,32.150000000000006,-100.09999996666669
2008-09-13,0.9966962041823234,299.96250000000003,285.63750000000005,0.0,245.725,1.145,0.009000000000000001,3.1,32.150000000000006,-100.09999996666669
2008-09-21,0.9083166989104794,302.5,287.6875,0.0,237.15000000000003,1.36,0.009987500000000002,3.0124999999999997,32.150000000000006,-100.09999996666669
2008-09-29,0.8,302.8875,286.0625,3.7,217.075,1.6624999999999999,0.00779,4.1875,32.150000000000006,-100.09999996666669
2008-10-07,0.7334436704135059,301.12499999999994,285.72499999999997,2.4375,186.52500000000003,1.15,0.009785000000000002,5.225,32.150000000000006,-100.09999996666669
2008-10-15,0.7000000000000001,296.3875,280.9875,0.0,169.175,0.8562500000000001,0.007365000000000001,4.025,32.150000000000006,-100.09999996666669
2008-10-23,0.6367474662311826,295.22499999999997,276.8,0.0,183.32500000000005,1.08375,0.004465,4.025,32.150000000000006,-100.09999996666669
2008-10-31,0.5334436704135059,298.2875,281.57500000000005,0.0,158.325,1.1300000000000001,0.00696375,4.550000000000001,32.150000000000006,-100.09999996666669
2008-11-08,0.5,293.875,277.4375,0.5375000000000001,146.6625,0.9975,0.0044912500000000005,4.675000000000001,32.150000000000006,-100.09999996666669
2008-11-16,0.4251269715030265,290.3625,272.1625,0.0,143.2375,0.7625,0.003575,4.675,32.150000000000006,-100.09999996666669
2008-11-24,0.4,289.675,275.6375,0.05,107.61250000000001,0.76625,0.0037912500000000008,4.0875,32.150000000000006,-100.09999996666669
2008-12-02,0.3966962041823234,287.875,270.45,0.0,125.275,0.7012500000000002,0.00289625,5.637500000000001,32.150000000000006,-100.09999996666669
2008-12-10,0.3966962041823234,288.2625,270.4875,0.0,130.60000000000002,0.6962499999999999,0.00306125,5.324999999999999,32.150000000000006,-100.09999996666669
2008-12-18,0.3334436704135059,289.15000000000003,272.93749999999994,0.0,120.18750000000001,0.7625,0.0036925000000000005,5.4625,32.150000000000006,-100.09999996666669
2008-12-26,0.3083166989104794,290.49999999999994,272.68333333333334,0.11666666666666668,134.76666666666668,0.8933333333333334,0.002858333333333333,5.116666666666667,32.150000000000006,-100.09999996666669
2009-01-01,0.3083166989104794,289.61249999999995,270.9,0.17500000000000002,126.73750000000001,0.82625,0.0028300000000000005,5.0375000000000005,32.150000000000006,-100.09999996666669
2009-01-09,0.37156923267929687,286.41249999999997,269.28749999999997,0.0,135.75,0.7000000000000001,0.0021762500000000002,4.5,32.150000000000006,-100.09999996666669
2009-01-17,0.3083166989104794,292.71250000000003,273.5375,0.0,146.96249999999998,1.095,0.0027475000000000004,5.100000000000001,32.150000000000006,-100.09999996666669
2009-01-25,0.3334436704135059,288.72499999999997,268.0625,0.1125,145.725,0.635,0.0031937500000000004,4.312500000000001,32.150000000000006,-100.09999996666669
2009-02-02,0.3334436704135059,292.93749999999994,274.9125,1.1,168.175,0.85875,0.00452125,6.2625,32.150000000000006,-100.09999996666669
2009-02-10,0.33674746623118257,292.0625,275.65,0.0,152.5125,0.935,0.0037887500000000005,5.4750000000000005,32.150000000000006,-100.09999996666669
2009-02-18,0.33674746623118257,294.05,274.5125,0.0,200.22500000000002,1.30625,0.0024300000000000003,5.000000000000001,32.150000000000006,-100.09999996666669
2009-02-26,0.33674746623118257,295.88750000000005,276.525,0.0,212.95000000000002,1.4125,0.00335125,5.375,32.150000000000006,-100.09999996666669
2009-03-06,0.33674746623118257,294.0125,281.71250000000003,3.8125,156.07500000000002,1.085,0.006015,5.2625,32.150000000000006,-100.09999996666669
2009-03-14,0.4,296.525,280.8125,0.0,216.06250000000003,1.1400000000000001,0.0058200000000000005,4.5874999999999995,32.150000000000006,-100.09999996666669
2009-03-22,0.4367474662311825,295.6125,280.32500000000005,0.6375000000000001,228.675,1.2462499999999999,0.0046050000000000015,6.949999999999999,32.150000000000006,-100.09999996666669
2009-03-30,0.5,295.5125,278.75,0.0,268.46250000000003,1.4575,0.0027487500000000003,6.6375,32.150000000000006,-100.09999996666669
2009-04-07,0.5,297.5,280.41249999999997,1.625,259.4125,1.5537499999999997,0.0035475000000000003,5.65,32.150000000000006,-100.09999996666669
2009-04-15,0.5083166989104794,299.66249999999997,283.175,2.1875,264.85,1.6075000000000002,0.005251250000000001,5.525,32.150000000000006,-100.09999996666669
2009-04-23,0.5715692326792969,303.16249999999997,288.525,1.35,248.025,1.4437499999999999,0.010407500000000002,7.200000000000001,32.150000000000006,-100.09999996666669
2009-05-01,0.6000000000000001,303.11249999999995,288.4625,0.45,284.3125,1.145,0.012795,4.512500000000001,32.150000000000006,-100.09999996666669
2009-05-09,0.6966962041823235,303.47499999999997,289.55,2.45,275.27500000000003,1.295,0.012155000000000001,6.125,32.150000000000006,-100.09999996666669
2009-05-17,0.7000000000000001,299.1875,285.0625,2.8125,287.70000000000005,1.2100000000000002,0.007864999999999999,3.712500000000001,32.150000000000006,-100.09999996666669
2009-05-25,0.8,303.47499999999997,289.4875,3.075,304.45,1.71,0.0092,3.7125000000000004,32.150000000000006,-100.09999996666669
2009-06-02,0.9000000000000001,305.6,291.0125,4.437500000000001,305.175,1.7300000000000002,0.011680000000000001,5.375,32.150000000000006,-100.09999996666669
2009-06-10,0.9665563295864941,309.4125,294.6,1.5375000000000003,312.825,2.4075000000000006,0.012540000000000003,5.9125000000000005,32.150000000000006,-100.09999996666669
2009-06-18,0.9916833010895206,307.925,295.375,1.15,313.4125,2.085,0.013523750000000001,5.05,32.150000000000006,-100.09999996666669
2009-06-26,0.9284307673207032,307.58750000000003,295.38750000000005,4.8625,303.18750000000006,2.1587500000000004,0.01271125,3.2250000000000005,32.150000000000006,-100.09999996666669
2009-07-04,0.9284307673207032,308.5875,294.95,1.05,330.125,2.1862500000000002,0.013351250000000002,4.5625,32.150000000000006,-100.09999996666669
2009-07-12,0.9251269715030266,308.48749999999995,294.525,3.5000000000000004,342.1875,2.27625,0.0123525,4.3375,32.150000000000006,-100.09999996666669
2009-07-20,0.9251269715030266,307.1875,293.98750000000007,2.8625000000000003,306.1125,2.11375,0.011885000000000001,4.550000000000001,32.150000000000006,-100.09999996666669
2009-07-28,0.9251269715030266,308.05,294.5625,4.2,294.15,1.9337499999999999,0.01417875,3.650000000000001,32.150000000000006,-100.09999996666669
2009-08-05,0.9367474662311825,308.97499999999997,293.88749999999993,1.4375,303.05,2.27625,0.0125025,4.9,32.150000000000006,-100.09999996666669
2009-08-13,0.9251269715030266,308.78749999999997,294.525,1.225,284.75,2.1525,0.01349125,5.7875,32.150000000000006,-100.09999996666669
2009-08-21,0.8251269715030265,308.37500000000006,294.17499999999995,1.875,286.76250000000005,2.3562499999999997,0.01156875,3.7000000000000006,32.150000000000006,-100.09999996666669
2009-08-29,0.833443670413506,304.3875,290.2,3.2750000000000004,267.4375,1.60625,0.010951250000000001,3.7625,32.150000000000006,-100.09999996666669
2009-09-06,0.8,302.0625,293.06249999999994,6.612500000000001,182.225,1.1275000000000002,0.013588750000000002,4.175000000000001,32.150000000000006,-100.09999996666669
2009-09-14,0.8251269715030265,300.73749999999995,288.1875,2.6875,215.55,0.8400000000000001,0.012480000000000002,4.3999999999999995,32.150000000000006,-100.09999996666669
2009-09-22,0.7367474662311826,299.4125,284.325,0.45,209.9,1.20375,0.008082500000000001,4.25,32.150000000000006,-100.09999996666669
2009-09-30,0.6966962041823235,300.70000000000005,286.22499999999997,1.6875,190.70000000000002,1.05375,0.010436250000000001,5.2375,32.150000000000006,-100.09999996666669
2009-10-08,0.633443670413506,296.52500000000003,283.34999999999997,3.8999999999999995,188.2,0.5900000000000001,0.010356250000000001,4.6000000000000005,32.150000000000006,-100.09999996666669
2009-10-16,0.6966962041823235,292.625,280.71250000000003,2.5625,174.375,0.5700000000000001,0.007317500000000001,5.5875,32.150000000000006,-100.09999996666669
2009-10-24,0.6083166989104796,291.52500000000003,277.7625,1.4375,163.7375,0.6675,0.0055962500000000005,5.5375,32.150000000000006,-100.09999996666669
2009-11-01,0.6000000000000001,296.4375,279.2125,0.0,156.675,0.90375,0.0066025,3.9625000000000004,32.150000000000006,-100.09999996666669
2009-11-09,0.5,296.6875,281.025,0.3125,144.6875,0.8612499999999998,0.0076187500000000005,3.9625000000000004,32.150000000000006,-100.09999996666669
2009-11-17,0.4715692326792969,292.56250000000006,274.86249999999995,0.17500000000000002,142.20000000000002,0.8962500000000001,0.003995,3.525,32.150000000000006,-100.09999996666669
2009-11-25,0.4,287.47499999999997,273.75,3.0250000000000004,110.0,0.58,0.0040475,4.0,32.150000000000006,-100.09999996666669
2009-12-03,0.3966962041823234,281.5875,267.875,0.08750000000000001,118.48750000000001,0.31375,0.0032662500000000005,4.75,32.150000000000006,-100.09999996666669
2009-12-11,0.37156923267929687,288.25,272.55,0.15000000000000002,126.90000000000002,0.5700000000000001,0.0040750000000000005,3.9750000000000005,32.150000000000006,-100.09999996666669
2009-12-19,0.3632525337688175,285.97499999999997,271.15000000000003,2.2125,117.15,0.48750000000000004,0.00379,4.5125,32.150000000000006,-100.09999996666669
2009-12-27,0.3632525337688175,281.71999999999997,268.86,1.02,97.44000000000001,0.28400000000000003,0.0034120000000000005,3.6000000000000005,32.150000000000006,-100.09999996666669
2010-01-01,0.30000000000000004,279.98749999999995,266.075,0.0,125.2125,0.31125,0.0026675,4.1875,32.150000000000006,-100.09999996666669
2010-01-09,0.30000000000000004,285.50000000000006,272.27500000000003,0.1875,121.4625,0.43250000000000005,0.003976250000000001,3.5875,32.150000000000006,-100.09999996666669
2010-01-17,0.30000000000000004,293.47499999999997,276.52500000000003,1.05,136.9625,1.0350000000000001,0.00393875,5.3125,32.150000000000006,-100.09999996666669
2010-01-25,0.30000000000000004,283.225,271.375,7.7,136.7375,0.355,0.00402625,4.475,32.150000000000006,-100.09999996666669
2010-02-02,0.30000000000000004,280.6875,272.95000000000005,6.475,143.5,0.14875000000000002,0.00467375,4.125,32.150000000000006,-100.09999996666669
2010-02-10,0.4,283.4625,269.65,1.625,150.45000000000002,0.48375,0.00272625,3.3750000000000004,32.150000000000006,-100.09999996666669
2010-02-18,0.3966962041823234,286.81249999999994,273.2375,1.1500000000000001,168.775,0.5375,0.004253750000000001,5.200000000000001,32.150000000000006,-100.09999996666669
2010-02-26,0.4,288.27500000000003,275.5,1.3625000000000003,184.6875,0.60375,0.0044037500000000005,4.9625,32.150000000000006,-100.09999996666669
2010-03-06,0.4,292.4875,277.66249999999997,0.9000000000000001,207.63750000000002,0.8875,0.004557500000000001,5.65,32.150000000000006,-100.09999996666669
2010-03-14,0.4966962041823234,289.5125,273.78749999999997,6.0375,187.68750000000003,0.645,0.00459,5.3,32.150000000000006,-100.09999996666669
2010-03-22,0.559948737951141,296.3,276.31250000000006,0.0,239.0875,1.21375,0.00401625,5.6,32.150000000000006,-100.09999996666669
2010-03-30,0.659948737951141,301.85,282.675,0.08750000000000001,261.15000000000003,1.5575,0.00689,6.937500000000001,32.150000000000006,-100.09999996666669
2010-04-07,0.6966962041823235,297.0,282.22499999999997,0.037500000000000006,250.4625,1.0525000000000002,0.006892500000000001,5.600000000000001,32.150000000000006,-100.09999996666669
2010-04-15,0.7715692326792969,293.45,283.97499999999997,6.862500000000001,205.32500000000002,0.48250000000000004,0.0092225,4.7125,32.150000000000006,-100.09999996666669
2010-04-23,0.8966962041823234,299.27500000000003,282.8625,0.1375,290.6875,1.3875,0.0062025,6.1125,32.150000000000006,-100.09999996666669
2010-05-01,0.9715692326792968,299.47499999999997,284.3375,0.21250000000000002,266.4,1.6075000000000002,0.005633750000000001,5.175,32.150000000000006,-100.09999996666669
2010-05-09,1.059948737951141,299.5,289.0625,9.450000000000001,269.85,0.9087500000000001,0.011701250000000003,5.2875000000000005,32.150000000000006,-100.09999996666669
2010-05-17,1.1251269715030268,303.6,291.3,0.0,296.36249999999995,1.27875,0.0128875,6.2250000000000005,32.150000000000006,-100.09999996666669
2010-05-25,1.1,306.04999999999995,290.9375,0.4625,306.27500000000003,1.7974999999999999,0.01147125,3.9250000000000003,32.150000000000006,-100.09999996666669
2010-06-02,1.1,307.475,293.075,0.4375,311.3125,1.92125,0.013031250000000001,4.237500000000001,32.150000000000006,-100.09999996666669
2010-06-10,1.0966962041823236,307.63749999999993,295.31250000000006,2.6625,311.6125,1.87375,0.014566250000000003,7.312500000000001,32.150000000000006,-100.09999996666669
2010-06-18,1.0966962041823236,309.375,294.9,0.1625,302.7625,2.3937500000000003,0.01272,5.075,32.150000000000006,-100.09999996666669
2010-06-26,1.0966962041823236,303.15,294.575,5.850000000000001,224.575,1.1775,0.01483625,4.5,32.150000000000006,-100.09999996666669
2010-07-04,1.0966962041823236,304.075,294.3875,3.125000000000001,246.2625,1.0662500000000001,0.01607625,4.0875,32.150000000000006,-100.09999996666669
2010-07-12,1.0966962041823236,307.95,295.1625,0.0,336.0375,1.80875,0.015173750000000001,4.800000000000001,32.150000000000006,-100.09999996666669
2010-07-20,1.0883795052718441,306.62500000000006,294.09999999999997,4.6000000000000005,307.5375,1.6612500000000001,0.014317500000000002,5.137500000000001,32.150000000000006,-100.09999996666669
2010-07-28,0.9966962041823234,309.22499999999997,294.7875,0.0,320.23750000000007,2.3975,0.01252125,4.737500000000001,32.150000000000006,-100.09999996666669
2010-08-05,0.9251269715030266,309.95,296.32500000000005,0.0,276.6375,2.3612500000000005,0.014317500000000002,3.462500000000001,32.150000000000006,-100.09999996666669
2010-08-13,0.8966962041823234,310.0,295.9125,4.4,270.3125,2.35,0.01425625,3.9375,32.150000000000006,-100.09999996666669
2010-08-21,0.8251269715030265,307.71250000000003,293.2375,0.0,248.875,2.28,0.01113125,3.9375,32.150000000000006,-100.09999996666669
2010-08-29,0.7966962041823233,306.8375,291.73749999999995,2.0875,261.9375,1.995,0.01154875,4.987500000000001,32.150000000000006,-100.09999996666669
2010-09-06,0.7966962041823233,305.53749999999997,294.2,1.825,222.8,1.5362500000000001,0.01433625,4.3500000000000005,32.150000000000006,-100.09999996666669
2010-09-14,0.7367474662311826,305.175,291.9875,0.0,244.61249999999998,1.5237500000000002,0.012966250000000002,4.700000000000001,32.150000000000006,-100.09999996666669
2010-09-22,0.7000000000000001,300.975,287.9625,11.775000000000002,217.97500000000002,1.0924999999999998,0.0111175,3.85,32.150000000000006,-100.09999996666669
2010-09-30,0.7000000000000001,299.24999999999994,282.975,0.0,209.86249999999998,1.36375,0.00634375,3.475,32.150000000000006,-100.09999996666669
2010-10-08,0.7000000000000001,300.75,282.6125,0.9500000000000001,203.35000000000002,1.53125,0.006101250000000001,3.575,32.150000000000006,-100.09999996666669
2010-10-16,0.7000000000000001,299.8875,285.9375,6.1875,173.225,1.225,0.008471250000000001,4.2125,32.150000000000006,-100.09999996666669
2010-10-24,0.6284307673207032,299.03749999999997,279.71250000000003,0.0,183.1875,1.6325,0.0038250000000000003,4.6,32.150000000000006,-100.09999996666669
2010-11-01,0.5367474662311825,294.425,277.58750000000003,0.0,159.60000000000002,1.1712500000000001,0.00354125,5.5375,32.150000000000006,-100.09999996666669
2010-11-09,0.5,293.90000000000003,277.07500000000005,0.21250000000000002,144.1875,0.9,0.00513375,4.700000000000001,32.150000000000006,-100.09999996666669
2010-11-17,0.4334436704135059,296.75,278.625,0.0,140.9625,1.2550000000000001,0.0047425,5.275,32.150000000000006,-100.09999996666669
2010-11-25,0.4,288.75,270.77500000000003,0.0,138.60000000000002,0.8662500000000001,0.002065,4.625,32.150000000000006,-100.09999996666669
2010-12-03,0.4,290.0125,271.40000000000003,0.0,137.15,0.9575,0.00223,4.2875,32.150000000000006,-100.09999996666669
2010-12-11,0.3966962041823234,289.075,270.85,0.0,128.9125,0.9562499999999999,0.0019375000000000002,4.687500000000001,32.150000000000006,-100.09999996666669
2010-12-19,0.388379505271844,288.5125,273.79999999999995,3.9875000000000003,124.6875,0.7974999999999999,0.0037175,4.500000000000001,32.150000000000006,-100.09999996666669
2010-12-27,0.32512697150302655,288.46,276.21999999999997,0.06000000000000001,127.84,0.8019999999999999,0.003326,5.82,32.150000000000006,-100.09999996666669
2011-01-01,0.30000000000000004,288.09999999999997,272.6,0.0,134.0,0.80625,0.0023375,3.6125000000000007,32.150000000000006,-100.09999996666669
2011-01-09,0.30000000000000004,283.9125,269.575,0.525,133.95,0.4425,0.00312125,3.8375,32.150000000000006,-100.09999996666669
2011-01-17,0.30000000000000004,288.775,271.06249999999994,0.0,140.42499999999998,0.7025,0.00316375,4.7875000000000005,32.150000000000006,-100.09999996666669
2011-01-25,0.32512697150302655,290.28749999999997,271.90000000000003,2.7875,152.78750000000002,0.9387500000000001,0.0024850000000000002,4.2375,32.150000000000006,-100.09999996666669
2011-02-02,0.32512697150302655,278.51250000000005,265.13750000000005,0.0,142.5625,0.37124999999999997,0.0020675000000000003,5.737500000000001,32.150000000000006,-100.09999996666669
2011-02-10,0.4,293.20000000000005,272.21250000000003,0.0,187.225,1.18,0.0028825000000000005,4.4,32.150000000000006,-100.09999996666669
2011-02-18,0.4,297.95,280.3125,0.0,192.38750000000005,1.2537500000000001,0.00573125,4.8999999999999995,32.150000000000006,-100.09999996666669
2011-02-26,0.48837950527184404,297.42500000000007,278.5625,0.1625,209.8375,1.4912500000000002,0.0035862500000000005,5.5874999999999995,32.150000000000006,-100.09999996666669
2011-03-06,0.4966962041823234,297.58750000000003,277.575,0.0,220.125,1.5700000000000003,0.00291125,4.9875,32.150000000000006,-100.09999996666669
2011-03-14,0.5,302.22499999999997,283.85,0.55,227.6875,1.65125,0.0071225,6.3375,32.150000000000006,-100.09999996666669
2011-03-22,0.5,301.09999999999997,282.6125,0.0,235.08749999999998,1.7325,0.005152500000000001,5.075,32.150000000000006,-100.09999996666669
2011-03-30,0.5966962041823235,302.3875,280.51250000000005,0.0,263.38750000000005,2.06875,0.00402125,5.9,32.150000000000006,-100.09999996666669
2011-04-07,0.6000000000000001,304.825,285.875,0.2375,272.55,2.3850000000000002,0.004985000000000001,5.825,32.150000000000006,-100.09999996666669
2011-04-15,0.6000000000000001,305.475,285.425,0.4625,283.52500000000003,2.44625,0.0052450000000000005,6.0875,32.150000000000006,-100.09999996666669
2011-04-23,0.633443670413506,304.42499999999995,286.8125,1.2875,288.2875,2.3,0.00550625,6.0625,32.150000000000006,-100.09999996666669
2011-05-01,0.633443670413506,300.02500000000003,281.925,1.4125,274.5,1.7025,0.0056075,5.5875,32.150000000000006,-100.09999996666669
2011-05-09,0.633443670413506,302.70000000000005,286.9625,2.0,296.975,2.0012499999999998,0.006410000000000002,5.4125000000000005,32.150000000000006,-100.09999996666669
2011-05-17,0.633443670413506,307.3375,289.9125,1.05,309.925,2.435,0.008246250000000002,5.725000000000001,32.150000000000006,-100.09999996666669
2011-05-25,0.633443670413506,310.34999999999997,292.51250000000005,0.0,315.625,3.00625,0.009003750000000001,6.925,32.150000000000006,-100.09999996666669
2011-06-02,0.6000000000000001,309.6625,292.875,0.0,323.25000000000006,2.94,0.00849875,5.825,32.150000000000006,-100.09999996666669
2011-06-10,0.6000000000000001,312.825,294.8375,0.0,325.98750000000007,3.3937500000000003,0.010306250000000001,6.9375,32.150000000000006,-100.09999996666669
2011-06-18,0.6083166989104796,311.825,295.075,2.15,318.63750000000005,3.1312499999999996,0.01100625,6.45,32.150000000000006,-100.09999996666669
2011-06-26,0.6083166989104796,311.33750000000003,295.52500000000003,0.0,331.27500000000003,2.925,0.011875000000000004,5.625,32.150000000000006,-100.09999996666669
2011-07-04,0.6000000000000001,311.7625,295.9375,0.0,340.45000000000005,3.2887500000000003,0.010207500000000001,4.2625,32.150000000000006,-100.09999996666669
2011-07-12,0.6083166989104796,311.63749999999993,297.33750000000003,0.08750000000000001,326.52500000000003,3.1075,0.012015000000000001,4.175,32.150000000000006,-100.09999996666669
2011-07-20,0.6000000000000001,311.9875,297.21250000000003,0.037500000000000006,324.725,3.0475000000000003,0.01277875,4.725,32.150000000000006,-100.09999996666669
2011-07-28,0.5367474662311825,311.90000000000003,296.6875,0.0625,315.95000000000005,3.13,0.0118,4.1000000000000005,32.150000000000006,-100.09999996666669
2011-08-05,0.5334436704135059,313.1875,297.17499999999995,0.21250000000000002,299.59999999999997,3.3200000000000003,0.01249375,4.4125,32.150000000000006,-100.09999996666669
2011-08-13,0.6000000000000001,309.5875,295.29999999999995,4.362500000000001,276.2,2.44375,0.01290875,4.15,32.150000000000006,-100.09999996666669
2011-08-21,0.6083166989104796,311.48749999999995,296.025,0.8625,278.875,3.035,0.01154375,3.4000000000000004,32.150000000000006,-100.09999996666669
2011-08-29,0.6083166989104796,309.225,294.30000000000007,0.0,273.575,2.89625,0.009430000000000001,5.300000000000001,32.150000000000006,-100.09999996666669
2011-09-06,0.6000000000000001,306.08750000000003,289.175,0.0,248.575,2.7625,0.00471125,2.9500000000000006,32.150000000000006,-100.09999996666669
2011-09-14,0.6000000000000001,306.21250000000003,289.675,0.9500000000000001,240.3,2.11125,0.009150000000000002,4.7625,32.150000000000006,-100.09999996666669
2011-09-22,0.5966962041823235,307.05,288.6125,0.3,242.22500000000002,2.355,0.00811125,3.45,32.150000000000006,-100.09999996666669
2011-09-30,0.6000000000000001,303.3,286.65000000000003,0.0,217.125,1.9375,0.006592500000000001,5.6125,32.150000000000006,-100.09999996666669
2011-10-08,0.6000000000000001,300.66249999999997,286.59999999999997,11.125,191.3,1.2025000000000001,0.009423750000000002,4.4375,32.150000000000006,-100.09999996666669
2011-10-16,0.6000000000000001,300.125,282.225,0.07500000000000001,193.85000000000002,1.46875,0.0062962500000000015,4.5125,32.150000000000006,-100.09999996666669
2011-10-24,0.5966962041823235,295.3,279.54999999999995,0.925,163.66250000000002,1.0150000000000001,0.0059075,4.525,32.150000000000006,-100.09999996666669
2011-11-01,0.5083166989104794,296.3875,278.875,0.525,155.5875,1.0637500000000002,0.0059475000000000005,5.8500000000000005,32.150000000000006,-100.09999996666669
2011-11-09,0.4966962041823234,294.99999999999994,278.46250000000003,0.0,147.2,1.185,0.004203750000000001,4.525,32.150000000000006,-100.09999996666669
2011-11-17,0.4,295.38750000000005,278.0125,0.2625,136.16250000000002,0.93,0.005908750000000001,4.5125,32.150000000000006,-100.09999996666669
2011-11-25,0.3334436704135059,289.675,273.7625,0.1875,123.7625,0.72875,0.0037175000000000003,5.375000000000001,32.150000000000006,-100.09999996666669
2011-12-03,0.3334436704135059,282.65,269.45,2.85,108.075,0.33,0.0036312500000000004,4.4375,32.150000000000006,-100.09999996666669
2011-12-11,0.30000000000000004,288.625,277.4625,1.7625000000000002,96.53750000000001,0.52375,0.005376250000000001,4.575,32.150000000000006,-100.09999996666669
2011-12-19,0.30000000000000004,283.75,273.1875,0.55,102.4625,0.3775,0.0039900000000000005,4.55,32.150000000000006,-100.09999996666669
2011-12-27,0.30000000000000004,291.26000000000005,273.21999999999997,0.0,134.48,0.9120000000000001,0.003076,3.94,32.150000000000006,-100.09999996666669
2012-01-01,0.30000000000000004,289.175,272.84999999999997,0.0,132.21249999999998,0.7837500000000001,0.0028937500000000005,4.2250000000000005,32.150000000000006,-100.09999996666669
2012-01-09,0.30000000000000004,288.1375,272.4,3.9000000000000004,126.0375,0.6675,0.0034725000000000008,5.3875,32.150000000000006,-100.09999996666669
2012-01-17,0.3966962041823234,292.71250000000003,275.0,0.0,144.66250000000002,0.9812500000000001,0.0035275000000000003,4.6375,32.150000000000006,-100.09999996666669
2012-01-25,0.4,290.9625,275.28749999999997,5.7625,147.45,0.73125,0.00452375,5.0625,32.150000000000006,-100.09999996666669
2012-02-02,0.4,287.9125,274.85,0.1,153.8,0.5537500000000001,0.00448625,4.675000000000001,32.150000000000006,-100.09999996666669
2012-02-10,0.4966962041823234,285.55,273.225,2.325,143.325,0.5012500000000001,0.0039325,4.55,32.150000000000006,-100.09999996666669
2012-02-18,0.5,291.675,276.025,3.375,186.51250000000002,0.9175000000000002,0.0038525000000000005,5.300000000000001,32.150000000000006,-100.09999996666669
2012-02-26,0.5966962041823235,294.625,276.475,0.0625,198.51250000000002,1.1175000000000002,0.003902500000000001,5.0375000000000005,32.150000000000006,-100.09999996666669
2012-03-05,0.671569232679297,292.48749999999995,277.07500000000005,3.1625000000000005,170.39999999999998,0.8650000000000001,0.00510125,6.2625,32.150000000000006,-100.09999996666669
2012-03-13,0.7715692326792969,300.36249999999995,286.09999999999997,0.275,212.20000000000002,1.2174999999999998,0.009121250000000001,6.525,32.150000000000006,-100.09999996666669
2012-03-21,0.859948737951141,300.5875,282.575,0.0,234.27500000000003,1.4575,0.0067825,4.375,32.150000000000006,-100.09999996666669
2012-03-29,0.871569232679297,303.42499999999995,285.0625,0.125,257.48750000000007,1.9949999999999999,0.00600125,4.025,32.150000000000006,-100.09999996666669
2012-04-06,0.871569232679297,302.65000000000003,286.6875,1.9250000000000003,255.52500000000003,1.38375,0.009665,5.237500000000001,32.150000000000006,-100.09999996666669
2012-04-14,0.9083166989104794,299.78749999999997,284.1125,0.625,266.4875,1.4775,0.0064887500000000015,5.6875,32.150000000000006,-100.09999996666669
2012-04-22,0.9000000000000001,307.1125,286.6875,0.0,283.26250000000005,2.48,0.006821250000000001,5.3125,32.150000000000006,-100.09999996666669
2012-04-30,0.9000000000000001,308.40000000000003,291.875,2.2,286.06250000000006,2.4125,0.010215000000000002,6.025,32.150000000000006,-100.09999996666669
2012-05-08,0.8367474662311825,296.45,286.125,4.8625,242.12500000000003,0.76,0.00938125,3.1,32.150000000000006,-100.09999996666669
2012-05-16,0.8367474662311825,305.04999999999995,288.325,0.0,309.8,1.8362500000000002,0.009393750000000001,5.15,32.150000000000006,-100.09999996666669
2012-05-24,0.8367474662311825,309.075,292.375,3.0,307.96250000000003,2.34,0.01160625,6.1875,32.150000000000006,-100.09999996666669
2012-06-01,0.8284307673207031,307.59999999999997,293.23749999999995,1.275,296.32500000000005,2.21625,0.011371250000000001,4.450000000000001,32.150000000000006,-100.09999996666669
2012-06-09,0.8,310.73749999999995,293.97499999999997,1.1875,318.27500000000003,2.6775,0.0120375,5.487500000000001,32.150000000000006,-100.09999996666669
2012-06-17,0.7367474662311826,308.275,293.4375,2.1875,311.03749999999997,2.0987500000000003,0.012742500000000002,5.8375,32.150000000000006,-100.09999996666669
2012-06-25,0.7251269715030265,310.4375,295.54999999999995,0.0,315.12500000000006,2.94625,0.010798750000000001,4.1625000000000005,32.150000000000006,-100.09999996666669
2012-07-03,0.7000000000000001,308.8625,295.3,1.3625,310.225,2.37,0.01258625,4.6375,32.150000000000006,-100.09999996666669
2012-07-11,0.7000000000000001,308.13750000000005,294.5875,2.4,319.56250000000006,2.13375,0.012942500000000001,3.9125000000000005,32.150000000000006,-100.09999996666669
2012-07-19,0.6367474662311826,310.83750000000003,295.6875,0.3,318.125,2.7562499999999996,0.012471250000000001,4.5375000000000005,32.150000000000006,-100.09999996666669
2012-07-27,0.6284307673207032,312.0625,296.12500000000006,0.0,325.07500000000005,3.1875,0.0113725,3.85,32.150000000000006,-100.09999996666669
2012-08-04,0.6251269715030267,311.6375,295.2625,0.0,305.4125,3.13125,0.010707500000000002,3.6625000000000005,32.150000000000006,-100.09999996666669
2012-08-12,0.6000000000000001,310.15,295.34999999999997,2.95,272.35,2.7475,0.011635000000000001,4.2375,32.150000000000006,-100.09999996666669
2012-08-20,0.6251269715030267,307.375,293.1625,1.7625000000000002,255.91250000000002,1.9625000000000001,0.01267875,4.9875,32.150000000000006,-100.09999996666669
2012-08-28,0.633443670413506,309.0625,293.575,0.1,268.6875,2.5124999999999997,0.011100000000000002,3.900000000000001,32.150000000000006,-100.09999996666669
2012-09-05,0.6083166989104796,308.15,290.8875,0.037500000000000006,245.68750000000003,2.7862500000000003,0.00745,4.1375,32.150000000000006,-100.09999996666669
2012-09-13,0.6000000000000001,300.53749999999997,285.9,5.5875,199.75,1.165,0.009586250000000001,3.8000000000000003,32.150000000000006,-100.09999996666669
2012-09-21,0.6367474662311826,305.825,289.2,10.4875,227.56250000000006,1.9062499999999998,0.0098775,5.2124999999999995,32.150000000000006,-100.09999996666669
2012-09-29,0.6367474662311826,298.11249999999995,285.3,10.187500000000002,190.6,0.7812500000000001,0.01021875,4.3375,32.150000000000006,-100.09999996666669
2012-10-07,0.7000000000000001,298.79999999999995,284.7,0.21250000000000002,188.8125,1.05,0.00934125,5.0,32.150000000000006,-100.09999996666669
2012-10-15,0.7000000000000001,301.67500000000007,286.0,0.8625,183.0875,1.5,0.00821625,4.900000000000001,32.150000000000006,-100.09999996666669
2012-10-23,0.7000000000000001,294.72499999999997,279.9625,0.0,177.78750000000005,0.8862500000000001,0.007008749999999999,5.025,32.150000000000006,-100.09999996666669
2012-10-31,0.7000000000000001,299.57500000000005,283.15,0.0,156.82500000000002,1.37,0.00645375,3.125,32.150000000000006,-100.09999996666669
2012-11-08,0.6000000000000001,294.2625,278.4125,0.0,147.3875,0.99625,0.0053837500000000005,5.3625,32.150000000000006,-100.09999996666669
2012-11-16,0.5966962041823235,295.0375,280.0375,0.0,126.61250000000001,0.9437500000000001,0.0058962500000000004,4.175,32.150000000000006,-100.09999996666669
2012-11-24,0.5083166989104794,294.55,276.54999999999995,0.0,134.4875,0.9737500000000001,0.004866250000000001,4.699999999999999,32.150000000000006,-100.09999996666669
2012-12-02,0.5,296.4875,279.1625,0.0625,134.175,1.14375,0.0051887500000000015,3.975000000000001,32.150000000000006,-100.09999996666669
2012-12-10,0.4966962041823234,289.75,272.9125,0.0,132.0875,0.81625,0.0032275000000000003,5.175000000000001,32.150000000000006,-100.09999996666669
2012-12-18,0.4,291.05,272.9125,0.36250000000000004,123.03750000000001,1.0225,0.0024075,5.4,32.150000000000006,-100.09999996666669
2012-12-26,0.3966962041823234,283.65000000000003,267.26666666666665,0.23333333333333336,124.85000000000001,0.5,0.0024166666666666664,4.7,32.150000000000006,-100.09999996666669
2013-01-01,0.4,282.425,269.3,2.2125,107.9375,0.3675,0.00301375,3.0125,32.150000000000006,-100.09999996666669
2013-01-09,0.4,283.5375,271.27500000000003,1.9875000000000003,110.3125,0.35500000000000004,0.0040012500000000005,4.6375,32.150000000000006,-100.09999996666669
2013-01-17,0.4,291.92499999999995,274.27500000000003,0.0,147.125,0.8287499999999999,0.00411875,3.6500000000000004,32.150000000000006,-100.09999996666669
2013-01-25,0.4,293.575,277.675,0.3375,146.8,0.8775000000000001,0.0053675,5.3374999999999995,32.150000000000006,-100.09999996666669
2013-02-02,0.4,293.6875,278.0375,0.2,166.9,0.9275,0.0048575,4.737500000000001,32.150000000000006,-100.09999996666669
2013-02-10,0.4966962041823234,289.2125,274.1375,0.2625,171.57500000000002,0.8125,0.00303375,4.6625000000000005,32.150000000000006,-100.09999996666669
2013-02-18,0.5,290.3125,274.84999999999997,0.8250000000000001,170.275,0.7962500000000001,0.0036712500000000005,6.0375,32.150000000000006,-100.09999996666669
2013-02-26,0.5,291.33750000000003,273.15000000000003,0.0,214.22500000000002,1.07625,0.0022387500000000003,5.0,32.150000000000006,-100.09999996666669
2013-03-06,0.5,293.90000000000003,276.22499999999997,0.0625,212.57500000000005,1.1012499999999998,0.003585,5.362500000000001,32.150000000000006,-100.09999996666669
2013-03-14,0.5,299.425,280.32500000000005,0.1375,228.65000000000003,1.5562500000000001,0.004585000000000001,5.062500000000001,32.150000000000006,-100.09999996666669
2013-03-22,0.5966962041823235,293.96250000000003,275.66249999999997,0.41250000000000003,234.57500000000002,1.09625,0.0039787500000000005,5.2250000000000005,32.150000000000006,-100.09999996666669
2013-03-30,0.5966962041823235,297.4375,280.6125,0.8375,225.8875,1.17875,0.006396250000000001,5.0375000000000005,32.150000000000006,-100.09999996666669
2013-04-07,0.5966962041823235,301.4625,281.125,2.6500000000000004,267.875,1.6625,0.005947500000000001,5.950000000000001,32.150000000000006,-100.09999996666669
2013-04-15,0.6000000000000001,301.6625,281.38750000000005,0.3375,282.325,1.7774999999999999,0.00566625,6.2625,32.150000000000006,-100.09999996666669
2013-04-23,0.6083166989104796,300.3,282.5625,0.0,259.975,1.58,0.006124999999999999,5.637500000000001,32.150000000000006,-100.09999996666669
2013-05-01,0.6000000000000001,299.1875,280.2,0.525,270.1625,1.47,0.005422500000000001,5.2625,32.150000000000006,-100.09999996666669
2013-05-09,0.6883795052718441,302.61250000000007,286.55,4.625,293.1875,1.66125,0.0080175,4.675000000000001,32.150000000000006,-100.09999996666669
2013-05-17,0.6966962041823235,308.6875,290.75,0.9125000000000001,303.92500000000007,2.4737500000000003,0.009739999999999999,5.6875,32.150000000000006,-100.09999996666669
2013-05-25,0.7000000000000001,307.4875,292.53749999999997,0.47500000000000003,301.73749999999995,1.9375,0.01270625,7.812500000000001,32.150000000000006,-100.09999996666669
2013-06-02,0.7000000000000001,306.96250000000003,290.91249999999997,2.425,316.625,2.22625,0.009786250000000002,5.2,32.150000000000006,-100.09999996666669
2013-06-10,0.7000000000000001,307.875,293.5,4.3125,300.575,1.99375,0.01312,4.775,32.150000000000006,-100.09999996666669
2013-06-18,0.7000000000000001,308.95000000000005,293.73749999999995,2.0125,316.7125,2.25,0.01267875,6.65,32.150000000000006,-100.09999996666669
2013-06-26,0.6966962041823235,309.275,293.51250000000005,0.55,332.3,2.8950000000000005,0.0091125,4.1875,32.150000000000006,-100.09999996666669
2013-07-04,0.6966962041823235,309.48749999999995,293.2125,0.0,343.77500000000003,2.6825,0.01017375,4.5125,32.150000000000006,-100.09999996666669
2013-07-12,0.6966962041823235,304.40000000000003,293.075,13.787500000000001,255.85000000000002,1.6587500000000004,0.012471250000000001,3.425,32.150000000000006,-100.09999996666669
2013-07-20,0.7966962041823233,308.06249999999994,294.3,0.125,308.82500000000005,1.8362500000000002,0.014748750000000001,4.3500000000000005,32.150000000000006,-100.09999996666669
2013-07-28,0.8083166989104793,308.79999999999995,294.2,0.037500000000000006,299.36249999999995,2.1375,0.013485,4.1000000000000005,32.150000000000006,-100.09999996666669
2013-08-05,0.871569232679297,309.725,294.4125,1.6375000000000002,292.3875,2.28,0.01362375,4.2250000000000005,32.150000000000006,-100.09999996666669
2013-08-13,0.8966962041823234,306.87499999999994,291.8625,1.3125,280.6375,1.81,0.012571249999999999,3.8500000000000005,32.150000000000006,-100.09999996666669
2013-08-21,0.8083166989104793,306.075,292.36249999999995,0.0,261.76250000000005,1.64625,0.01315,3.9125,32.150000000000006,-100.09999996666669
2013-08-29,0.8,308.95,293.66249999999997,0.7250000000000001,274.5,2.43125,0.011410000000000002,3.2500000000000004,32.150000000000006,-100.09999996666669
2013-09-06,0.7334436704135059,304.83750000000003,292.15000000000003,0.1,216.8,1.57375,0.0124775,3.8625000000000003,32.150000000000006,-100.09999996666669
2013-09-14,0.7334436704135059,302.52500000000003,291.05,7.1125,186.675,1.1425,0.012931250000000002,3.900000000000001,32.150000000000006,-100.09999996666669
2013-09-22,0.7083166989104794,303.375,287.4875,3.9625,233.92500000000004,1.475,0.01004,4.4625,32.150000000000006,-100.09999996666669
2013-09-30,0.7367474662311826,303.52500000000003,286.525,0.0,209.7125,1.63375,0.00906375,4.750000000000001,32.150000000000006,-100.09999996666669
2013-10-08,0.7367474662311826,301.73750000000007,286.35,5.612500000000001,176.97500000000002,1.23125,0.00998625,5.012499999999999,32.150000000000006,-100.09999996666669
2013-10-16,0.7083166989104794,295.03749999999997,279.4875,0.0625,180.925,0.8475,0.00642375,4.05,32.150000000000006,-100.09999996666669
2013-10-24,0.7000000000000001,299.38750000000005,284.625,0.5375000000000001,167.8,1.0250000000000001,0.00918125,4.9750000000000005,32.150000000000006,-100.09999996666669
2013-11-01,0.671569232679297,292.9,278.9375,0.4,126.7,0.9062500000000001,0.00487375,4.875,32.150000000000006,-100.09999996666669
2013-11-09,0.6000000000000001,294.0625,276.53749999999997,0.0,133.27500000000003,0.9199999999999999,0.005157500000000001,4.5875,32.150000000000006,-100.09999996666669
2013-11-17,0.4966962041823234,291.625,278.075,1.9875,97.92500000000001,0.8337499999999999,0.005762499999999999,5.675,32.150000000000006,-100.09999996666669
2013-11-25,0.4,288.63750000000005,272.92499999999995,0.0,132.5,0.67625,0.0037600000000000003,4.1125,32.150000000000006,-100.09999996666669
2013-12-03,0.4,283.7375,267.175,1.2125000000000001,115.9,0.5637500000000001,0.0030562500000000004,4.512499999999999,32.150000000000006,-100.09999996666669
2013-12-11,0.3334436704135059,287.4875,271.3,0.07500000000000001,131.3125,0.63125,0.0032675000000000004,4.1125,32.150000000000006,-100.09999996666669
2013-12-19,0.3334436704135059,286.91249999999997,273.225,2.5125,115.72500000000001,0.44250000000000006,0.0046175,4.4,32.150000000000006,-100.09999996666669
2013-12-27,0.32512697150302655,285.21999999999997,270.3,0.0,117.12,0.418,0.003602,3.3800000000000003,32.150000000000006,-100.09999996666669
2014-01-01,0.32512697150302655,284.7,265.79999999999995,0.0,134.8375,0.51875,0.0027800000000000004,5.7125,32.150000000000006,-100.09999996666669
2014-01-09,0.32512697150302655,291.5375,271.00000000000006,0.0,140.5375,0.84,0.0032500000000000003,4.800000000000001,32.150000000000006,-100.09999996666669
2014-01-17,0.30000000000000004,288.225,268.875,0.0,140.5125,0.8412499999999999,0.0020800000000000003,4.5625,32.150000000000006,-100.09999996666669
2014-01-25,0.30000000000000004,287.0375,268.13750000000005,0.3375,152.72500000000002,0.7637499999999999,0.0025587500000000003,5.475,32.150000000000006,-100.09999996666669
2014-02-02,0.32512697150302655,279.3875,265.075,1.1875,131.8875,0.36250000000000004,0.0027625,4.45,32.150000000000006,-100.09999996666669
2014-02-10,0.3966962041823234,289.16249999999997,271.55,0.0,173.90000000000003,0.8887500000000002,0.0034050000000000005,4.450000000000001,32.150000000000006,-100.09999996666669
2014-02-18,0.4,294.63750000000005,275.4125,0.0,175.1625,1.0975000000000001,0.0045725,4.7,32.150000000000006,-100.09999996666669
2014-02-26,0.4,287.675,268.5875,0.0,175.3,0.8150000000000002,0.0032175,4.862500000000001,32.150000000000006,-100.09999996666669
2014-03-06,0.4251269715030265,293.225,273.875,0.1375,206.70000000000005,1.01875,0.0037750000000000006,5.2375,32.150000000000006,-100.09999996666669
2014-03-14,0.48837950527184404,296.425,275.9625,0.7125,217.29999999999998,1.3425,0.00354375,5.574999999999999,32.150000000000006,-100.09999996666669
2014-03-22,0.5,294.525,277.375,0.225,228.36250000000004,1.1025,0.004325,5.675000000000001,32.150000000000006,-100.09999996666669
2014-03-30,0.5,298.98749999999995,281.725,0.48750000000000004,231.8125,1.5525,0.005241250000000001,5.9750000000000005,32.150000000000006,-100.09999996666669
2014-04-07,0.5,301.125,280.7375,0.7750000000000001,258.1375,1.8450000000000002,0.0049075,6.125,32.150000000000006,-100.09999996666669
2014-04-15,0.5,297.25,282.6875,0.38750000000000007,236.78750000000005,1.2062500000000003,0.006385,5.1375,32.150000000000006,-100.09999996666669
2014-04-23,0.5,301.92499999999995,284.275,0.4375,280.925,1.8862500000000002,0.0055625000000000015,6.687500000000001,32.150000000000006,-100.09999996666669
2014-05-01,0.5,306.04999999999995,286.175,2.9250000000000003,291.76250000000005,2.665,0.004785,5.550000000000001,32.150000000000006,-100.09999996666669
2014-05-09,0.6000000000000001,302.05000000000007,284.1875,0.1375,275.56250000000006,1.8525,0.006265000000000001,5.824999999999999,32.150000000000006,-100.09999996666669
2014-05-17,0.6083166989104796,304.525,290.22499999999997,6.6375,261.1,1.86125,0.0095575,6.4125000000000005,32.150000000000006,-100.09999996666669
2014-05-25,0.7000000000000001,302.6375,289.61249999999995,3.5375,288.2875,1.2225000000000001,0.01189625,4.1625,32.150000000000006,-100.09999996666669
2014-06-02,0.8,304.8125,291.98749999999995,3.9000000000000004,307.28749999999997,1.5012500000000002,0.0129075,5.8625,32.150000000000006,-100.09999996666669
2014-06-10,0.9798859315897763,305.09999999999997,292.73749999999995,4.1625,318.825,1.7062499999999998,0.012045,5.925,32.150000000000006,-100.09999996666669
2014-06-18,1.0,302.6375,292.93750000000006,0.7375,255.18750000000003,1.1225,0.013852500000000002,5.0625,32.150000000000006,-100.09999996666669
2014-06-26,1.0632525337688175,306.45,294.97499999999997,0.07500000000000001,316.95000000000005,1.87,0.013278750000000002,7.075,32.150000000000006,-100.09999996666669
2014-07-04,0.871569232679297,307.73749999999995,293.79999999999995,0.0,330.87500000000006,2.25875,0.0113375,4.5875,32.150000000000006,-100.09999996666669
2014-07-12,0.871569232679297,305.3,292.55,6.0,290.6125,1.6487500000000002,0.012743750000000002,4.3625,32.150000000000006,-100.09999996666669
2014-07-20,0.8682654368616203,308.71250000000003,294.975,0.0,336.1,2.1012500000000003,0.013953750000000001,4.075,32.150000000000006,-100.09999996666669
2014-07-28,0.7966962041823233,305.475,291.7125,3.3250000000000006,296.125,1.8625000000000003,0.011022500000000003,4.2875000000000005,32.150000000000006,-100.09999996666669
2014-08-05,0.7715692326792969,308.90000000000003,294.2875,0.17500000000000002,275.2375,2.45125,0.011581250000000001,3.5500000000000003,32.150000000000006,-100.09999996666669
2014-08-13,0.7682654368616203,306.1125,293.6625,2.7125000000000004,257.8,1.95625,0.011947500000000002,4.175,32.150000000000006,-100.09999996666669
2014-08-21,0.7599487379511409,308.13750000000005,294.525,1.8625,286.1125,2.2275,0.0123,4.925000000000001,32.150000000000006,-100.09999996666669
2014-08-29,0.6966962041823235,307.38750000000005,294.2125,0.6125,270.35,1.9600000000000002,0.013208750000000002,5.750000000000001,32.150000000000006,-100.09999996666669
2014-09-06,0.6083166989104796,301.88750000000005,290.3875,2.4250000000000003,208.30000000000004,1.2274999999999998,0.0124975,5.0375000000000005,32.150000000000006,-100.09999996666669
2014-09-14,0.5966962041823235,301.98749999999995,292.725,4.475,147.38750000000002,1.05625,0.013706250000000001,2.6375000000000006,32.150000000000006,-100.09999996666669
2014-09-22,0.5966962041823235,301.725,288.975,0.1,191.6125,1.2475000000000003,0.01062625,3.0125,32.150000000000006,-100.09999996666669
2014-09-30,0.5966962041823235,304.5125,286.3375,0.0,217.475,1.6824999999999999,0.0093375,4.525,32.150000000000006,-100.09999996666669
2014-10-08,0.5083166989104794,299.6,283.625,4.7625,194.51250000000005,1.18875,0.00833,5.525,32.150000000000006,-100.09999996666669
2014-10-16,0.5083166989104794,299.93749999999994,284.825,0.1375,169.26250000000005,1.2275,0.00818875,3.7125000000000004,32.150000000000006,-100.09999996666669
2014-10-24,0.5,300.32500000000005,283.55,0.0,178.20000000000002,1.3,0.00786875,4.2875000000000005,32.150000000000006,-100.09999996666669
2014-11-01,0.5,292.15,279.775,7.05,125.03750000000002,0.7012499999999999,0.006098750000000001,5.325000000000001,32.150000000000006,-100.09999996666669
2014-11-09,0.4,284.56249999999994,270.53749999999997,0.0625,125.21250000000002,0.54875,0.0034600000000000004,5.7125,32.150000000000006,-100.09999996666669
2014-11-17,0.3966962041823234,290.525,274.7375,2.775,134.0875,0.7512500000000001,0.00434,4.6375,32.150000000000006,-100.09999996666669
2014-11-25,0.32512697150302655,289.6625,273.90000000000003,0.0,136.11249999999998,0.7825,0.0037975000000000005,4.887500000000001,32.150000000000006,-100.09999996666669
2014-12-03,0.30000000000000004,291.45000000000005,279.4375,0.0,113.1125,0.55625,0.0065425000000000014,3.7625,32.150000000000006,-100.09999996666669
2014-12-11,0.30000000000000004,290.275,279.775,0.1875,117.4,0.6325000000000001,0.0057775,4.575,32.150000000000006,-100.09999996666669
2014-12-19,0.30000000000000004,287.1,276.20000000000005,1.0875000000000001,109.25,0.585,0.004112500000000001,5.4625,32.150000000000006,-100.09999996666669
2014-12-27,0.30000000000000004,278.94000000000005,268.38,1.4200000000000002,69.58000000000001,0.284,0.003182,4.38,32.150000000000006,-100.09999996666669
2015-01-01,0.30000000000000004,278.75000000000006,267.0625,2.1625000000000005,118.7125,0.24250000000000002,0.0029112500000000006,3.9125000000000005,32.150000000000006,-100.09999996666669
2015-01-09,0.3632525337688175,280.025,270.4625,0.1125,98.95,0.33375,0.0030412500000000006,3.8625000000000007,32.150000000000006,-100.09999996666669
2015-01-17,0.37156923267929687,287.825,272.3875,3.3125,121.42500000000001,0.6350000000000001,0.0037012500000000005,4.362500000000001,32.150000000000006,-100.09999996666669
2015-01-25,0.37156923267929687,290.86249999999995,275.775,1.3875000000000002,133.625,0.7625000000000001,0.00457125,4.800000000000001,32.150000000000006,-100.09999996666669
2015-02-02,0.3966962041823234,290.93749999999994,273.625,0.0,169.72500000000002,0.79125,0.0043012499999999995,4.625000000000001,32.150000000000006,-100.09999996666669
2015-02-10,0.4632525337688175,291.3625,274.7625,0.0,153.07500000000002,0.7849999999999999,0.00475,4.6875,32.150000000000006,-100.09999996666669
2015-02-18,0.4715692326792969,286.57500000000005,272.775,1.35,161.37500000000003,0.6162500000000001,0.003976250000000001,4.7,32.150000000000006,-100.09999996666669
2015-02-26,0.4632525337688175,277.32500000000005,268.8625,1.2375,140.125,0.08750000000000001,0.0041912500000000005,4.875000000000001,32.150000000000006,-100.09999996666669
2015-03-06,0.5,289.7375,275.84999999999997,1.875,193.85000000000002,0.56625,0.00517875,3.1625000000000005,32.150000000000006,-100.09999996666669
2015-03-14,0.5632525337688176,292.575,280.2125,5.300000000000001,155.57500000000002,0.60625,0.007055,3.2375000000000003,32.150000000000006,-100.09999996666669
2015-03-22,0.671569232679297,299.95,281.65000000000003,0.0,245.3,1.4449999999999998,0.00620125,4.5875,32.150000000000006,-100.09999996666669
2015-03-30,0.7715692326792969,299.57499999999993,285.38750000000005,0.21250000000000002,233.625,1.2950000000000002,0.00804875,5.4125,32.150000000000006,-100.09999996666669
2015-04-07,0.871569232679297,298.575,285.1625,2.275,237.75000000000003,1.0112500000000002,0.009145,5.6375,32.150000000000006,-100.09999996666669
2015-04-15,0.933443670413506,299.075,283.75,3.9125,252.425,1.1175,0.008060000000000001,4.3875,32.150000000000006,-100.09999996666669
2015-04-23,1.0083166989104795,298.26250000000005,282.77500000000003,2.3750000000000004,248.77500000000003,1.255,0.006655000000000001,4.3375,32.150000000000006,-100.09999996666669
2015-05-01,1.1,301.9,288.7625,1.25,274.08750000000003,1.2675,0.010662500000000002,6.2625,32.150000000000006,-100.09999996666669
2015-05-09,1.111620494728156,299.7625,287.83750000000003,9.175,268.775,0.8987499999999999,0.01143125,5.312500000000001,32.150000000000006,-100.09999996666669
2015-05-17,1.2000000000000002,299.75,288.4,6.7250000000000005,272.3625,0.83375,0.012321249999999999,5.500000000000001,32.150000000000006,-100.09999996666669
2015-05-25,1.2000000000000002,301.7375,288.90000000000003,7.625000000000001,293.01250000000005,0.83375,0.013476250000000002,4.550000000000001,32.150000000000006,-100.09999996666669
2015-06-02,1.2665563295864941,304.6125,291.45000000000005,0.0,311.5875,1.365,0.01317625,4.8,32.150000000000006,-100.09999996666669
2015-06-10,1.2033037958176769,304.525,293.0625,7.15,285.825,1.19,0.015052500000000002,5.425,32.150000000000006,-100.09999996666669
2015-06-18,1.2033037958176769,305.2625,293.25,0.2,315.02500000000003,1.34375,0.014668750000000001,5.0625,32.150000000000006,-100.09999996666669
2015-06-26,1.2632525337688176,305.48749999999995,292.7375,1.0,320.3,1.35125,0.01461125,4.025,32.150000000000006,-100.09999996666669
2015-07-04,1.1748730284969737,304.41249999999997,293.7375,9.100000000000001,308.8375,1.1525,0.015567500000000001,5.6,32.150000000000006,-100.09999996666669
2015-07-12,1.1966962041823237,308.2375,294.34999999999997,0.0,345.65000000000003,2.0075,0.013750000000000002,4.9625,32.150000000000006,-100.09999996666669
2015-07-20,1.1,309.4125,295.79999999999995,0.0,336.8,2.22375,0.014327500000000002,4.5874999999999995,32.150000000000006,-100.09999996666669
2015-07-28,1.0,309.37500000000006,295.5375,0.1125,318.0375000000001,2.4375,0.012761250000000002,4.0875,32.150000000000006,-100.09999996666669
2015-08-05,0.9251269715030266,311.875,296.35,0.0,306.51250000000005,2.9675000000000002,0.012642500000000001,4.3999999999999995,32.150000000000006,-100.09999996666669
2015-08-13,0.9000000000000001,308.025,293.66249999999997,1.6500000000000001,277.86249999999995,2.1125000000000003,0.012766250000000002,4.4125,32.150000000000006,-100.09999996666669
2015-08-21,0.8251269715030265,309.0375,293.6375,0.525,280.42499999999995,2.09625,0.01367,4.275,32.150000000000006,-100.09999996666669
2015-08-29,0.8,306.9875,292.78749999999997,0.07500000000000001,262.8375,1.99,0.011881250000000001,4.050000000000001,32.150000000000006,-100.09999996666669
2015-09-06,0.8,306.73749999999995,292.57500000000005,1.8125000000000002,249.22500000000002,1.87625,0.01244,4.3125,32.150000000000006,-100.09999996666669
2015-09-14,0.8,305.8625,291.77500000000003,0.08750000000000001,238.38749999999996,1.7012500000000002,0.01234,5.375,32.150000000000006,-100.09999996666669
2015-09-22,0.7334436704135059,304.8125,289.0375,1.375,231.8625,1.8337500000000002,0.00933,3.500000000000001,32.150000000000006,-100.09999996666669
2015-09-30,0.7000000000000001,302.1125,286.25,0.0,190.63750000000002,1.67375,0.0072925,3.7,32.150000000000006,-100.09999996666669
2015-10-08,0.6000000000000001,304.1875,287.0875,1.1125,185.925,1.7650000000000001,0.00869,4.275,32.150000000000006,-100.09999996666669
2015-10-16,0.6000000000000001,299.475,286.93749999999994,8.875,166.7125,1.2249999999999999,0.00857125,5.15,32.150000000000006,-100.09999996666669
2015-10-24,0.5367474662311825,295.1625,281.04999999999995,2.2875,163.6125,0.6912499999999999,0.00800875,3.9375,32.150000000000006,-100.09999996666669
2015-11-01,0.5,296.58750000000003,281.46250000000003,1.175,149.98750000000004,0.9500000000000001,0.007168750000000001,4.4,32.150000000000006,-100.09999996666669
2015-11-09,0.4334436704135059,293.45,281.6875,1.9625000000000001,132.4625,0.7337499999999999,0.00686375,5.325,32.150000000000006,-100.09999996666669
2015-11-17,0.4,290.71250000000003,274.4375,0.0,141.7375,0.68125,0.004628750000000001,5.4875,32.150000000000006,-100.09999996666669
2015-11-25,0.3334436704135059,285.0,275.175,10.1625,96.0625,0.29625,0.0061825000000000005,4.562500000000001,32.150000000000006,-100.09999996666669
2015-12-03,0.3083166989104794,292.70000000000005,274.6375,0.0,136.55,0.835,0.004356250000000001,3.8875,32.150000000000006,-100.09999996666669
2015-12-11,0.30000000000000004,291.1125,274.0125,1.425,126.03750000000001,0.81,0.0040875,5.0249999999999995,32.150000000000006,-100.09999996666669
2015-12-19,0.3083166989104794,293.975,275.78749999999997,2.6625,125.71250000000002,0.7987500000000001,0.0053725000000000005,5.512500000000001,32.150000000000006,-100.09999996666669
2015-12-27,0.30000000000000004,278.26000000000005,270.1,3.22,109.04,0.15200000000000002,0.00369,5.2,32.150000000000006,-100.09999996666669
2016-01-01,0.3334436704135059,284.07499999999993,272.96250000000003,0.0,112.86250000000001,0.37,0.003995,3.875,32.150000000000006,-100.09999996666669
2016-01-09,0.3334436704135059,285.16249999999997,270.925,0.0,131.8625,0.51875,0.0032712500000000003,3.8125000000000004,32.150000000000006,-100.09999996666669
2016-01-17,0.3334436704135059,288.1,269.96250000000003,0.0,139.35,0.53,0.0038675000000000003,4.65,32.150000000000006,-100.09999996666669
2016-01-25,0.3966962041823234,293.06249999999994,273.975,0.0,150.675,1.08875,0.0034400000000000003,4.750000000000001,32.150000000000006,-100.09999996666669
2016-02-02,0.4,288.5,270.825,0.0,173.3,0.81,0.00220875,4.362500000000001,32.150000000000006,-100.09999996666669
2016-02-10,0.4,295.8125,275.6125,0.0,183.12500000000003,1.04,0.00422875,4.125000000000001,32.150000000000006,-100.09999996666669
2016-02-26,0.5,295.9625,277.6875,0.0,208.63750000000002,1.0225,0.004977500000000001,5.2250000000000005,32.150000000000006,-100.09999996666669
2016-03-05,0.5715692326792969,292.95,284.1,7.037500000000001,172.60000000000002,0.6487500000000002,0.00806625,5.1625000000000005,32.150000000000006,-100.09999996666669
2016-03-13,0.671569232679297,295.05,278.75000000000006,0.0,231.775,1.0650000000000002,0.0054062500000000005,4.9750000000000005,32.150000000000006,-100.09999996666669
2016-03-21,0.7715692326792969,296.29999999999995,277.6875,0.0,246.375,1.0375,0.004886250000000001,6.2125,32.150000000000006,-100.09999996666669
2016-03-29,0.7966962041823233,297.22499999999997,281.45,0.037500000000000006,233.67500000000004,1.3912499999999999,0.00545625,5.1625,32.150000000000006,-100.09999996666669
2016-04-06,0.871569232679297,296.47499999999997,283.52500000000003,4.6,216.47500000000002,0.9725000000000001,0.007041250000000001,4.925,32.150000000000006,-100.09999996666669
2016-04-14,0.9632525337688176,294.8,284.48749999999995,15.274999999999999,252.27500000000003,0.42874999999999996,0.01054625,4.6375,32.150000000000006,-100.09999996666669
2016-04-22,1.071569232679297,301.52500000000003,285.0625,2.5,286.4375,1.365,0.008478750000000002,5.425000000000001,32.150000000000006,-100.09999996666669
2016-04-30,1.159948737951141,298.54999999999995,283.97499999999997,3.7875,266.8625,1.1275000000000002,0.0072625,4.4125000000000005,32.150000000000006,-100.09999996666669
2016-05-08,1.259948737951141,301.225,287.95,7.875,280.05000000000007,1.0775,0.011366250000000001,5.9625,32.150000000000006,-100.09999996666669
2016-05-16,1.259948737951141,298.175,289.2625,1.0875,293.88750000000005,0.515,0.013236250000000001,5.2250000000000005,32.150000000000006,-100.09999996666669
2016-05-24,1.2966962041823233,304.17499999999995,291.1125,5.8875,298.1375,1.23125,0.013975000000000001,5.45,32.150000000000006,-100.09999996666669
2016-06-01,1.2966962041823233,300.6875,289.7125,4.75,291.26250000000005,1.0050000000000001,0.01205,3.462500000000001,32.150000000000006,-100.09999996666669
2016-06-09,1.2251269715030266,306.2,294.2875,3.9125000000000005,312.0125,1.2950000000000002,0.016061250000000003,5.3875,32.150000000000006,-100.09999996666669
2016-06-17,1.3,306.925,293.85,1.3125,309.625,1.62875,0.014743750000000002,4.862500000000001,32.150000000000006,-100.09999996666669
2016-06-25,1.2000000000000002,305.96250000000003,293.95,2.8875,299.3125,1.44375,0.015081250000000001,4.1625,32.150000000000006,-100.09999996666669
2016-07-03,1.1367474662311827,310.06249999999994,296.175,0.1875,340.65000000000003,2.2375000000000003,0.015233750000000002,6.162500000000001,32.150000000000006,-100.09999996666669
2016-07-11,1.0083166989104795,310.1625,295.6625,0.0625,342.05,2.4387499999999998,0.01372875,6.4625,32.150000000000006,-100.09999996666669
2016-07-19,0.9000000000000001,309.7625,295.35,0.0,333.12500000000006,2.28375,0.014093750000000002,4.2125,32.150000000000006,-100.09999996666669
2016-07-27,0.9000000000000001,309.6875,295.21250000000003,0.08750000000000001,311.48750000000007,2.40375,0.013430000000000001,4.5375,32.150000000000006,-100.09999996666669
2016-08-04,0.8251269715030265,310.8875,295.975,0.0,299.51250000000005,2.6237500000000002,0.01348125,4.05,32.150000000000006,-100.09999996666669
2016-08-12,0.8966962041823234,305.0125,292.97499999999997,3.025,246.6,1.405,0.013675000000000001,4.250000000000001,32.150000000000006,-100.09999996666669
2016-08-20,0.933443670413506,304.2375,292.6,16.95,258.71250000000003,1.2375,0.0144775,5.000000000000001,32.150000000000006,-100.09999996666669
2016-08-28,0.933443670413506,303.9,293.38750000000005,1.8625000000000003,222.91250000000002,1.23125,0.014416250000000002,3.8000000000000003,32.150000000000006,-100.09999996666669
2016-09-05,1.0301398745958292,304.925,291.77500000000003,1.4875000000000003,248.46250000000003,1.38625,0.01374375,5.9625,32.150000000000006,-100.09999996666669
2016-09-13,1.0050129030928028,305.325,291.90000000000003,3.175,221.87500000000003,1.1875,0.015236250000000002,3.7875000000000005,32.150000000000006,-100.09999996666669
2016-09-21,0.9966962041823234,300.8875,288.6625,15.0875,192.05000000000004,1.09625,0.0122025,4.175,32.150000000000006,-100.09999996666669
2016-09-29,0.9682654368616204,301.77500000000003,285.9375,1.0250000000000001,217.47500000000002,1.1437499999999998,0.010056250000000001,4.5875,32.150000000000006,-100.09999996666669
2016-10-07,0.8966962041823234,297.58750000000003,284.4,0.5750000000000001,184.625,0.78125,0.0098075,4.125,32.150000000000006,-100.09999996666669
2016-10-15,0.8,301.5,285.575,0.0,189.0625,1.2862500000000001,0.0101475,5.1000000000000005,32.150000000000006,-100.09999996666669
2016-10-23,0.7966962041823233,301.25,286.41249999999997,0.0,166.78750000000002,1.1487500000000002,0.009995,4.3,32.150000000000006,-100.09999996666669
2016-10-31,0.6966962041823235,297.22499999999997,287.7125,10.275,132.125,0.775,0.010498750000000001,4.187500000000001,32.150000000000006,-100.09999996666669
2016-11-08,0.6000000000000001,292.7125,281.6625,0.05,116.93750000000001,0.665,0.007417500000000002,3.6000000000000005,32.150000000000006,-100.09999996666669
2016-11-16,0.5251269715030266,294.0125,277.375,0.0,140.51250000000002,0.9175,0.005275000000000001,5.2875000000000005,32.150000000000006,-100.09999996666669
2016-11-24,0.4966962041823234,290.725,278.625,0.925,121.92500000000001,0.6512499999999999,0.0054312499999999994,4.887500000000001,32.150000000000006,-100.09999996666669
2016-12-02,0.4251269715030265,280.4,274.025,3.6250000000000004,83.27499999999999,0.23250000000000007,0.00443125,4.1875,32.150000000000006,-100.09999996666669
2016-12-10,0.4,289.9625,271.6625,0.0,127.7125,0.575,0.005125000000000001,5.425000000000001,32.150000000000006,-100.09999996666669
2016-12-18,0.32512697150302655,287.0125,273.23749999999995,0.0,123.4375,0.48125,0.004508750000000001,4.85,32.150000000000006,-100.09999996666669
2016-12-26,0.4,291.5,277.25000000000006,0.23333333333333336,112.28333333333335,0.8183333333333334,0.004501666666666668,4.116666666666667,32.150000000000006,-100.09999996666669
2017-01-01,0.3083166989104794,282.61249999999995,268.9125,0.7000000000000001,122.3875,0.4612500000000001,0.0030425,4.487500000000001,32.150000000000006,-100.09999996666669
2017-01-09,0.3083166989104794,289.4625,275.5125,3.8750000000000004,120.97500000000002,0.5525,0.006701250000000001,5.1875,32.150000000000006,-100.09999996666669
2017-01-17,0.3083166989104794,291.675,275.95,1.8250000000000002,128.6875,0.84125,0.00435375,5.3875,32.150000000000006,-100.09999996666669
2017-01-25,0.4,289.18749999999994,272.46250000000003,0.0,151.03750000000002,0.8562500000000001,0.0026787500000000006,3.8250000000000006,32.150000000000006,-100.09999996666669
2017-02-02,0.4,292.0125,276.1875,0.0,167.025,0.87875,0.00480125,4.925000000000001,32.150000000000006,-100.09999996666669
2017-02-10,0.5,292.23749999999995,277.49999999999994,4.875,156.36249999999998,0.93375,0.004953750000000001,5.375,32.150000000000006,-100.09999996666669
2017-02-18,0.5,297.125,277.57500000000005,0.25,193.0875,1.3062500000000004,0.004645000000000001,4.3625,32.150000000000006,-100.09999996666669
2017-02-26,0.5,294.1625,279.1125,0.0,194.925,1.0724999999999998,0.004645,5.0625,32.150000000000006,-100.09999996666669
2017-03-06,0.5966962041823235,295.0,280.53749999999997,0.0,211.16249999999997,0.7850000000000001,0.00728125,5.262500000000001,32.150000000000006,-100.09999996666669
2017-03-14,0.6966962041823235,302.18750000000006,284.7875,0.08750000000000001,230.625,1.5462500000000001,0.00793375,5.275,32.150000000000006,-100.09999996666669
2017-03-22,0.7715692326792969,299.0125,281.8375,4.4,240.4625,1.2624999999999997,0.006545000000000001,6.199999999999999,32.150000000000006,-100.09999996666669
2017-03-30,0.871569232679297,296.66249999999997,280.3,4.9,236.96250000000003,1.1375000000000002,0.0059787500000000006,5.2625,32.150000000000006,-100.09999996666669
2017-04-07,0.8798859315897763,298.7125,286.98749999999995,0.4,245.33750000000003,1.05125,0.009251250000000003,6.375000000000001,32.150000000000006,-100.09999996666669
2017-04-15,1.0083166989104795,300.7124999999999,285.9125,0.0,260.77500000000003,1.0762500000000002,0.0103925,6.0625,32.150000000000006,-100.09999996666669
2017-04-23,1.0083166989104795,299.44999999999993,282.3125,0.0625,286.96250000000003,1.455,0.00625,6.2875000000000005,32.150000000000006,-100.09999996666669
2017-05-01,1.0083166989104795,301.5625,284.425,0.0,304.3,1.6775,0.00652,5.3500000000000005,32.150000000000006,-100.09999996666669
2017-05-09,1.0083166989104795,303.0625,287.625,7.5875,291.1125,1.58625,0.009253750000000002,5.7375,32.150000000000006,-100.09999996666669
2017-05-17,1.0,299.1875,286.34999999999997,6.075,271.1875,1.06875,0.00948,4.812500000000001,32.150000000000006,-100.09999996666669
2017-05-25,1.0083166989104795,305.13750000000005,290.1125,1.0625,286.8375,1.86875,0.010225000000000001,4.800000000000001,32.150000000000006,-100.09999996666669
2017-06-02,1.1,303.8125,291.46250000000003,2.5500000000000003,284.32500000000005,1.3675000000000002,0.0125675,3.5875000000000004,32.150000000000006,-100.09999996666669
2017-06-10,1.0284307673207032,308.88750000000005,294.34999999999997,2.1750000000000003,319.87500000000006,2.1437500000000003,0.01363625,7.125000000000002,32.150000000000006,-100.09999996666669
2017-06-18,1.0367474662311826,307.15000000000003,293.43750000000006,4.0,307.7625,1.9225,0.01302625,3.6875,32.150000000000006,-100.09999996666669
2017-06-26,1.0284307673207032,307.1875,292.3125,3.2375000000000003,308.51250000000005,1.60375,0.014538750000000001,5.4125,32.150000000000006,-100.09999996666669
2017-07-04,1.011620494728156,307.35,293.25,2.1625,319.6375,1.7850000000000001,0.0137775,4.0625,32.150000000000006,-100.09999996666669
2017-07-12,1.011620494728156,308.025,294.76249999999993,0.65,319.01250000000005,2.0424999999999995,0.013523750000000003,3.7375000000000003,32.150000000000006,-100.09999996666669
2017-07-20,0.9116204947281561,310.11249999999995,295.625,0.0,318.1,2.5325,0.013007500000000002,3.825,32.150000000000006,-100.09999996666669
2017-07-28,0.9116204947281561,306.58750000000003,293.71250000000003,0.5625,273.2125,1.9149999999999998,0.012777500000000002,3.35,32.150000000000006,-100.09999996666669
2017-08-05,0.9083166989104794,307.575,294.05,5.75,256.2875,1.7312500000000002,0.014927500000000002,3.6375,32.150000000000006,-100.09999996666669
2017-08-13,0.9199371936386355,306.8625,294.33750000000003,5.0375000000000005,261.275,1.5375,0.01558625,4.5125,32.150000000000006,-100.09999996666669
2017-08-21,0.9166333978209589,303.91249999999997,292.84999999999997,1.5250000000000001,236.725,1.19625,0.01443125,4.3375,32.150000000000006,-100.09999996666669
2017-08-29,0.9199371936386355,304.9625,289.7375,2.4625000000000004,276.725,1.695,0.01069875,3.6875,32.150000000000006,-100.09999996666669
2017-09-06,0.9116204947281561,304.42499999999995,286.22499999999997,0.0,269.8,1.96625,0.00722625,3.4750000000000005,32.150000000000006,-100.09999996666669
2017-09-14,0.8199371936386354,309.77500000000003,293.2,1.2875,243.275,2.4125,0.012231250000000003,6.05,32.150000000000006,-100.09999996666669
2017-09-22,0.8083166989104793,298.725,291.8625,12.3125,137.35,0.8262499999999999,0.013103750000000003,4.962499999999999,32.150000000000006,-100.09999996666669
2017-09-30,0.8083166989104793,301.8,289.58750000000003,1.3000000000000003,184.0125,1.0074999999999998,0.012582500000000003,4.4125000000000005,32.150000000000006,-100.09999996666669
2017-10-08,0.8,300.3,283.8,0.23750000000000002,195.01250000000005,1.19,0.008850000000000002,4.9625,32.150000000000006,-100.09999996666669
2017-10-16,0.7334436704135059,299.38750000000005,280.59999999999997,0.1375,192.70000000000005,1.2175000000000002,0.00688625,4.800000000000001,32.150000000000006,-100.09999996666669
2017-10-24,0.7000000000000001,293.32500000000005,275.85,0.225,160.8125,1.09375,0.0036375,4.687500000000001,32.150000000000006,-100.09999996666669
2017-11-01,0.633443670413506,297.8375,280.5,3.1125,139.39999999999998,1.27875,0.00650375,4.487500000000001,32.150000000000006,-100.09999996666669
2017-11-09,0.5334436704135059,292.3375,283.4375,0.037500000000000006,140.9,0.5225,0.008310000000000001,4.5,32.150000000000006,-100.09999996666669
2017-11-17,0.4966962041823234,294.15000000000003,275.91249999999997,0.0,139.675,1.05625,0.0042337500000000005,4.612500000000001,32.150000000000006,-100.09999996666669
2017-11-25,0.4251269715030265,295.34999999999997,278.21250000000003,0.0,132.28750000000002,0.9150000000000001,0.00579625,4.3625,32.150000000000006,-100.09999996666669
2017-12-03,0.3966962041823234,288.1375,274.1,0.275,102.3875,0.7437499999999999,0.0037175000000000003,4.3875,32.150000000000006,-100.09999996666669
2017-12-11,0.32512697150302655,290.15,272.9125,0.9625,129.0,0.79875,0.0032650000000000005,4.275,32.150000000000006,-100.09999996666669
2017-12-19,0.23344367041350592,286.6,271.49999999999994,2.0250000000000004,120.8125,0.4750000000000001,0.004291250000000001,4.15,32.150000000000006,-100.09999996666669
2017-12-27,0.2,279.72,271.56000000000006,0.1,114.78,0.278,0.003398000000000001,3.8,32.150000000000006,-100.09999996666669
2018-01-01,0.30000000000000004,283.63750000000005,268.02500000000003,0.037500000000000006,125.0,0.49,0.0030450000000000004,3.712500000000001,32.150000000000006,-100.09999996666669
2018-01-09,0.30000000000000004,286.86249999999995,268.1625,0.0,128.6125,0.67375,0.002785,5.0375,32.150000000000006,-100.09999996666669
2018-01-17,0.32512697150302655,289.43749999999994,268.75,0.0,143.7125,0.83,0.0025425000000000005,4.7625,32.150000000000006,-100.09999996666669
2018-01-25,0.32512697150302655,291.775,271.8125,0.17500000000000002,157.81250000000003,0.8650000000000001,0.0034437499999999998,5.3875,32.150000000000006,-100.09999996666669
2018-02-02,0.32512697150302655,289.9875,268.7625,0.037500000000000006,167.26250000000002,0.6787500000000001,0.0038425,4.562500000000001,32.150000000000006,-100.09999996666669
2018-02-10,0.4,289.2375,274.98750000000007,0.4375,165.8875,0.7224999999999999,0.0048312500000000005,4.8625,32.150000000000006,-100.09999996666669
2018-02-18,0.3334436704135059,290.0625,274.8875,4.937500000000001,150.1875,0.605,0.00598375,5.275,32.150000000000006,-100.09999996666669
2018-02-26,0.4251269715030265,295.35,279.075,0.2625,193.91250000000002,0.94125,0.005945000000000001,4.85,32.150000000000006,-100.09999996666669
2018-03-06,0.4966962041823234,293.85,277.2875,0.037500000000000006,210.55,1.19875,0.0033612500000000005,4.55,32.150000000000006,-100.09999996666669
2018-03-14,0.4966962041823234,297.2625,279.2,0.325,220.60000000000002,1.3824999999999998,0.0041325,5.450000000000001,32.150000000000006,-100.09999996666669
2018-03-22,0.4966962041823234,298.425,284.0,5.800000000000001,219.17499999999998,1.16125,0.007777500000000001,5.012499999999999,32.150000000000006,-100.09999996666669
2018-03-30,0.5966962041823235,297.56249999999994,277.87499999999994,0.0,238.52500000000003,0.9725,0.006978750000000001,5.975,32.150000000000006,-100.09999996666669
2018-04-07,0.6966962041823235,296.8125,278.4,0.0,257.55,1.3225000000000002,0.005155000000000001,6.487500000000001,32.150000000000006,-100.09999996666669
2018-04-15,0.7000000000000001,298.85,280.2625,0.05,270.4375,1.5450000000000002,0.00453,6.1,32.150000000000006,-100.09999996666669
2018-04-23,0.7966962041823233,298.7625,282.8,6.6000000000000005,272.58750000000003,1.3275000000000001,0.00659875,4.7125,32.150000000000006,-100.09999996666669
2018-05-01,0.9000000000000001,304.05,288.1625,2.425,279.4875,1.8375,0.008548749999999999,5.275,32.150000000000006,-100.09999996666669
2018-05-09,0.933443670413506,305.775,290.54999999999995,4.112500000000001,298.6,1.7062499999999998,0.01163625,6.637499999999999,32.150000000000006,-100.09999996666669
2018-05-17,1.0,305.075,290.7375,1.5125000000000002,297.925,1.6062500000000002,0.011846250000000001,5.262500000000001,32.150000000000006,-100.09999996666669
2018-05-25,0.9367474662311825,311.425,294.53749999999997,0.0,313.33750000000003,2.9575,0.011212500000000002,5.125,32.150000000000006,-100.09999996666669
2018-06-02,0.9284307673207032,309.52500000000003,293.33750000000003,9.05,315.525,2.4287500000000004,0.0120925,5.1375,32.150000000000006,-100.09999996666669
2018-06-10,0.9367474662311825,308.37499999999994,295.63750000000005,0.0,314.23750000000007,2.28,0.012785000000000003,6.2250000000000005,32.150000000000006,-100.09999996666669
2018-06-18,0.9000000000000001,309.3125,295.41249999999997,1.1,310.85,2.3025,0.01366375,5.812500000000001,32.150000000000006,-100.09999996666669
2018-06-26,0.9083166989104794,310.6875,295.71250000000003,5.25,321.25000000000006,2.6575,0.01291625,6.0875,32.150000000000006,-100.09999996666669
2018-07-04,0.9083166989104794,307.075,293.85,3.075,286.9,1.7975,0.01378375,3.6500000000000004,32.150000000000006,-100.09999996666669
2018-07-12,0.833443670413506,310.57499999999993,295.66249999999997,0.0625,337.36249999999995,2.80875,0.011872500000000001,4.0125,32.150000000000006,-100.09999996666669
2018-07-20,0.8,311.9375,295.57500000000005,0.0,333.68750000000006,3.345,0.0099325,3.962500000000001,32.150000000000006,-100.09999996666669
2018-07-28,0.788379505271844,308.98749999999995,293.66249999999997,0.625,314.65000000000003,2.52125,0.011017500000000001,4.025,32.150000000000006,-100.09999996666669
2018-08-05,0.7334436704135059,306.3125,293.7875,5.300000000000001,254.45,1.75125,0.013612500000000001,3.6750000000000003,32.150000000000006,-100.09999996666669
2018-08-13,0.8,306.61249999999995,294.59999999999997,8.4125,262.675,1.62125,0.015090000000000001,4.3875,32.150000000000006,-100.09999996666669
2018-08-21,0.833443670413506,309.25,295.38750000000005,0.0,288.02500000000003,2.30125,0.013427500000000002,5.475000000000001,32.150000000000006,-100.09999996666669
2018-08-29,0.833443670413506,305.67499999999995,294.1625,8.8625,232.025,1.58375,0.014227500000000004,4.1000000000000005,32.150000000000006,-100.09999996666669
2018-09-06,0.833443670413506,299.8125,290.7375,14.275,200.5875,0.6575000000000001,0.01394625,3.4000000000000004,32.150000000000006,-100.09999996666669
2018-09-14,0.8966962041823234,302.725,292.1875,9.425,198.1625,0.9874999999999999,0.01450625,4.425,32.150000000000006,-100.09999996666669
2018-09-22,0.9050129030928029,298.88750000000005,287.5125,0.17500000000000002,217.50000000000003,0.77,0.011933750000000002,4.375,32.150000000000006,-100.09999996666669
2018-09-30,0.8083166989104793,302.6125,291.9125,1.6250000000000002,207.10000000000002,1.11375,0.0133825,6.425000000000001,32.150000000000006,-100.09999996666669
2018-10-08,0.8083166989104793,294.425,282.1875,18.7875,162.57500000000002,0.39250000000000007,0.010150000000000001,4.95,32.150000000000006,-100.09999996666669
2018-10-16,0.7334436704135059,289.04999999999995,280.31250000000006,14.412499999999998,91.45,0.36624999999999996,0.007166250000000002,3.6750000000000003,32.150000000000006,-100.09999996666669
2018-10-24,0.7000000000000001,296.02500000000003,282.9,7.2,151.9,0.73625,0.00918875,3.7625,32.150000000000006,-100.09999996666669
2018-11-01,0.6000000000000001,293.05,279.6875,0.16250000000000003,149.87500000000003,0.6662500000000001,0.006946250000000002,4.300000000000001,32.150000000000006,-100.09999996666669
2018-11-09,0.5883795052718441,286.24999999999994,272.2375,0.36250000000000004,133.225,0.5125,0.0038750000000000004,4.55,32.150000000000006,-100.09999996666669
2018-11-17,0.5,289.54999999999995,275.3,0.0,136.3,0.5625,0.00511,3.8875,32.150000000000006,-100.09999996666669
2018-11-25,0.4251269715030265,292.375,274.9375,0.0,135.07500000000002,0.8525,0.00444125,5.175000000000001,32.150000000000006,-100.09999996666669
2018-12-03,0.4,282.4,270.925,3.8,104.15000000000002,0.25375,0.004065,3.9375,32.150000000000006,-100.09999996666669
2018-12-11,0.3916833010895206,287.3125,273.3375,4.175,106.31250000000001,0.46124999999999994,0.00441125,5.075,32.150000000000006,-100.09999996666669
2018-12-19,0.3916833010895206,290.23750000000007,275.21250000000003,2.475,127.08750000000002,0.5812499999999999,0.005092500000000001,4.7125,32.150000000000006,-100.09999996666669
2018-12-27,0.3916833010895206,280.72,272.46000000000004,1.56,99.84,0.282,0.003654,3.78,32.150000000000006,-100.09999996666669
2019-01-01,0.388379505271844,285.34999999999997,273.0,0.925,121.1625,0.50375,0.004215000000000001,4.4125000000000005,32.150000000000006,-100.09999996666669
2019-01-09,0.388379505271844,284.375,274.8,2.1999999999999997,113.9125,0.29500000000000004,0.004937500000000001,4.250000000000001,32.150000000000006,-100.09999996666669
2019-01-17,0.388379505271844,289.0625,271.2375,0.0,146.2125,0.5887500000000001,0.004081250000000001,5.8125,32.150000000000006,-100.09999996666669
2019-01-25,0.388379505271844,287.475,273.1,0.1125,151.07500000000002,0.53125,0.004135,4.2,32.150000000000006,-100.09999996666669
2019-02-02,0.388379505271844,290.525,277.875,0.36250000000000004,121.6375,0.72125,0.005737500000000001,5.025,32.150000000000006,-100.09999996666669
2019-02-10,0.4,291.2375,274.3125,0.6875,161.96250000000003,0.79125,0.0044937499999999995,5.1125,32.150000000000006,-100.09999996666669
2019-02-18,0.48837950527184404,286.45,273.5625,0.0,176.575,0.5325,0.0039162500000000005,5.187500000000001,32.150000000000006,-100.09999996666669
2019-02-26,0.4632525337688175,282.725,270.1,0.1625,180.63750000000002,0.26375,0.0049475000000000005,4.275,32.150000000000006,-100.09999996666669
2019-03-06,0.5,292.1,279.53749999999997,4.9750000000000005,192.6875,0.7349999999999999,0.005945000000000001,6.5875,32.150000000000006,-100.09999996666669
2019-03-14,0.5966962041823235,291.3375,275.45,0.0,225.04999999999998,0.795,0.004110000000000001,3.4875000000000003,32.150000000000006,-100.09999996666669
2019-03-22,0.7000000000000001,298.075,282.3625,0.0,233.95000000000002,1.02875,0.007561250000000001,5.6625000000000005,32.150000000000006,-100.09999996666669
2019-03-30,0.7966962041823233,294.1625,280.1875,1.6625,246.67499999999998,0.93,0.00601375,5.2125,32.150000000000006,-100.09999996666669
2019-04-07,0.8966962041823234,297.1125,280.825,4.35,248.33750000000006,1.2812500000000004,0.00591375,4.9750000000000005,32.150000000000006,-100.09999996666669
2019-04-15,0.9966962041823234,299.725,284.6875,0.037500000000000006,269.375,1.32,0.00754875,6.4750000000000005,32.150000000000006,-100.09999996666669
2019-04-23,1.0,299.275,288.07500000000005,14.1375,244.0625,1.0612500000000002,0.01010625,5.112500000000001,32.150000000000006,-100.09999996666669
2019-05-01,1.038125562265791,299.5,287.8,7.125,265.9125,0.6212500000000001,0.01281125,5.550000000000001,32.150000000000006,-100.09999996666669
2019-05-09,1.1,296.625,284.72499999999997,1.2000000000000002,272.38750000000005,0.7225,0.009765,4.0625,32.150000000000006,-100.09999996666669
2019-05-17,1.1367474662311827,302.65,290.0125,6.425000000000001,300.1375,1.17,0.012383749999999999,7.45,32.150000000000006,-100.09999996666669
2019-05-25,1.1748730284969737,302.7375,291.35,6.9375,271.00000000000006,1.0137500000000002,0.013992499999999998,5.9375,32.150000000000006,-100.09999996666669
2019-06-02,1.271569232679297,304.25,290.7875,2.9125,302.3125,0.985,0.015103750000000003,4.025,32.150000000000006,-100.09999996666669
2019-06-10,1.1748730284969737,303.20000000000005,290.35,2.7,295.5375,1.2575,0.012427500000000001,4.9625,32.150000000000006,-100.09999996666669
2019-06-18,1.1748730284969737,307.1875,292.73749999999995,1.0375,312.45000000000005,1.5775000000000001,0.01489,5.7875,32.150000000000006,-100.09999996666669
2019-06-26,1.171569232679297,306.475,292.75,0.25,322.75,1.63125,0.013696250000000002,4.6875,32.150000000000006,-100.09999996666669
2019-07-04,1.071569232679297,308.2375,294.35,1.55,324.725,1.8225,0.015067500000000003,4.425000000000001,32.150000000000006,-100.09999996666669
2019-07-12,1.0632525337688175,308.2,294.35,0.0,342.7625,1.95875,0.01413375,4.8,32.150000000000006,-100.09999996666669
2019-07-20,0.9000000000000001,306.8625,290.3625,0.0,340.81250000000006,2.0325,0.010587500000000001,4.175,32.150000000000006,-100.09999996666669
2019-07-28,0.9000000000000001,309.43749999999994,294.725,0.0,300.0375,2.42125,0.01252125,3.5375000000000005,32.150000000000006,-100.09999996666669
2019-08-05,0.8,311.1375,295.63750000000005,0.0,305.13750000000005,2.73375,0.012900000000000002,4.0375,32.150000000000006,-100.09999996666669
2019-08-13,0.8,311.3375,296.2,0.07500000000000001,296.425,2.835,0.01283125,4.1875,32.150000000000006,-100.09999996666669
2019-08-21,0.7966962041823233,308.79999999999995,294.7625,1.6,263.0,2.05625,0.014530000000000001,4.3125,32.150000000000006,-100.09999996666669
2019-08-29,0.7966962041823233,308.3375,293.2,3.0,270.65000000000003,2.1912499999999997,0.012078750000000001,3.675,32.150000000000006,-100.09999996666669
2019-09-06,0.7966962041823233,307.125,293.6375,1.1500000000000001,246.56250000000003,1.9625,0.012627500000000002,5.737500000000001,32.150000000000006,-100.09999996666669
2019-09-14,0.7966962041823233,307.09999999999997,293.32500000000005,0.07500000000000001,243.33750000000003,1.9949999999999999,0.012215,4.5375,32.150000000000006,-100.09999996666669
2019-09-22,0.7083166989104794,306.96250000000003,294.0125,2.375,224.96250000000003,1.8025,0.01366875,5.700000000000001,32.150000000000006,-100.09999996666669
2019-09-30,0.7000000000000001,305.225,288.88750000000005,3.9125,200.55,1.61125,0.011430000000000001,5.4,32.150000000000006,-100.09999996666669
2019-10-08,0.6966962041823235,299.875,280.45000000000005,0.7000000000000001,179.2875,1.28375,0.00736,5.4875,32.150000000000006,-100.09999996666669
2019-10-16,0.6000000000000001,299.925,278.6625,0.23750000000000002,194.61250000000004,1.4775000000000003,0.005158749999999999,4.6,32.150000000000006,-100.09999996666669
2019-10-24,0.5966962041823235,286.91249999999997,273.0875,1.0250000000000001,152.3625,0.5275,0.00477375,5.3625,32.150000000000006,-100.09999996666669
2019-11-01,0.4966962041823234,292.425,277.2625,5.812500000000001,130.9875,0.8212500000000001,0.005631250000000001,4.3375,32.150000000000006,-100.09999996666669
2019-11-09,0.4,288.7125,273.05,0.0,138.8125,0.6275,0.004255,4.75,32.150000000000006,-100.09999996666669
2019-11-17,0.30000000000000004,292.48749999999995,277.75,0.5375000000000001,133.10000000000002,0.70625,0.0061275,4.3125,32.150000000000006,-100.09999996666669
2019-11-25,0.30000000000000004,289.1875,275.33750000000003,0.9125000000000001,118.56250000000001,0.6362500000000001,0.0046275000000000005,5.275,32.150000000000006,-100.09999996666669
2019-12-03,0.30000000000000004,292.55,273.825,4.4,121.275,0.85,0.0043575,4.4125000000000005,32.150000000000006,-100.09999996666669
2019-12-11,0.30000000000000004,288.9,270.84999999999997,0.0,133.2625,0.6875,0.0035475000000000003,4.15,32.150000000000006,-100.09999996666669
2019-12-19,0.30000000000000004,291.8875,272.1375,0.0,132.1875,0.88625,0.0034637500000000007,3.625,32.150000000000006,-100.09999996666669
2019-12-27,0.30000000000000004,287.62,274.34,1.56,124.52000000000001,0.5740000000000001,0.004244,4.4,32.150000000000006,-100.09999996666669
2020-01-01,0.32512697150302655,290.49999999999994,273.625,0.0,128.125,0.79125,0.0034825,4.8,32.150000000000006,-100.09999996666669
2020-01-09,0.32512697150302655,292.1,275.575,3.125,124.4125,0.765,0.005083750000000001,5.1000000000000005,32.150000000000006,-100.09999996666669
2020-01-17,0.388379505271844,287.225,273.48749999999995,1.6,129.525,0.48,0.0042787500000000004,3.8625000000000003,32.150000000000006,-100.09999996666669
2020-01-25,0.3916833010895206,288.9875,272.7875,0.0,140.2,0.6425000000000001,0.004105,3.9250000000000003,32.150000000000006,-100.09999996666669
2020-02-02,0.4,287.88750000000005,271.99999999999994,2.8625000000000003,146.6625,0.7025,0.0040125000000000004,5.25,32.150000000000006,-100.09999996666669
2020-02-10,0.48837950527184404,287.1,274.2125,3.8500000000000005,150.8125,0.6062500000000001,0.00425125,4.425000000000001,32.150000000000006,-100.09999996666669
2020-02-18,0.5,286.7375,275.375,2.1875,144.4,0.5275000000000001,0.004212500000000001,5.0875,32.150000000000006,-100.09999996666669
2020-02-26,0.5,292.08750000000003,276.4875,8.65,165.10000000000002,0.99625,0.00372375,5.1125,32.150000000000006,-100.09999996666669
2020-03-05,0.5632525337688176,296.525,282.26250000000005,2.2750000000000004,189.625,1.01375,0.006933750000000001,5.050000000000001,32.150000000000006,-100.09999996666669
2020-03-13,0.5715692326792969,291.9375,282.6125,5.437500000000001,188.9,0.39875,0.008983750000000002,5.562499999999999,32.150000000000006,-100.09999996666669
2020-03-21,0.6966962041823235,297.57500000000005,282.625,0.4625,220.73750000000004,1.16875,0.0071725,4.5,32.150000000000006,-100.09999996666669
2020-03-29,0.7715692326792969,292.0875,281.1625,1.875,223.225,0.67,0.007015,5.4,32.150000000000006,-100.09999996666669
2020-04-06,0.9715692326792968,297.40000000000003,282.775,1.075,240.68750000000006,1.02625,0.007863750000000001,5.4,32.150000000000006,-100.09999996666669
2020-04-14,1.0431384653585938,295.425,280.7375,0.0,249.43750000000003,1.07375,0.006144999999999999,4.7625,32.150000000000006,-100.09999996666669
2020-04-22,0.9798859315897763,302.8875,283.65000000000003,0.0,288.5125,1.7412499999999997,0.006795000000000001,5.712500000000001,32.150000000000006,-100.09999996666669
2020-04-30,1.071569232679297,306.44999999999993,287.475,1.9375,296.275,2.215,0.008297500000000001,6.1875,32.150000000000006,-100.09999996666669
2020-05-08,1.0,302.03749999999997,286.1875,0.5625,296.7375,1.345,0.00974625,6.075,32.150000000000006,-100.09999996666669
2020-05-16,0.9251269715030266,307.1625,289.5125,0.9125000000000001,305.6375,1.80875,0.012335000000000002,4.9125,32.150000000000006,-100.09999996666669
2020-05-24,0.9000000000000001,303.27500000000003,287.42499999999995,2.1500000000000004,292.55,1.4224999999999999,0.010215,4.4125000000000005,32.150000000000006,-100.09999996666669
2020-06-01,0.9000000000000001,307.275,292.57500000000005,8.012500000000001,305.5,1.84125,0.01323875,4.05,32.150000000000006,-100.09999996666669
2020-06-09,0.8,306.59999999999997,288.95,0.05,329.90000000000003,2.4487500000000004,0.00691,4.7,32.150000000000006,-100.09999996666669
2020-06-17,0.8,307.09999999999997,292.07500000000005,3.8875,306.7,1.7275000000000003,0.0134525,6.075,32.150000000000006,-100.09999996666669
2020-06-25,0.8,308.275,294.375,4.8625,320.90000000000003,1.95625,0.014222500000000003,5.9,32.150000000000006,-100.09999996666669
2020-07-03,0.8966962041823234,308.85,294.3125,2.2,326.6875,2.05125,0.014167500000000001,3.5500000000000007,32.150000000000006,-100.09999996666669
2020-07-11,0.8850757094541675,312.575,295.5,0.0,342.0625,3.3175000000000003,0.010836250000000002,4.9750000000000005,32.150000000000006,-100.09999996666669
2020-07-19,0.7966962041823233,308.58750000000003,295.4375,0.0,313.9125,2.11,0.014027499999999998,4.112500000000001,32.150000000000006,-100.09999996666669
2020-07-27,0.7632525337688175,307.7375,293.4625,1.4875,304.4375,2.1462499999999998,0.012048750000000002,3.7000000000000006,32.150000000000006,-100.09999996666669
2020-08-04,0.7632525337688175,310.925,295.3625,0.0,307.5875,2.85,0.011732500000000002,5.7375,32.150000000000006,-100.09999996666669
2020-08-12,0.788379505271844,311.59999999999997,294.12499999999994,2.3,291.8,3.0974999999999997,0.010588750000000001,3.6750000000000003,32.150000000000006,-100.09999996666669
2020-08-20,0.7000000000000001,308.2125,292.50000000000006,0.037500000000000006,281.3,2.3825000000000003,0.010391250000000001,3.2,32.150000000000006,-100.09999996666669
2020-08-28,0.7000000000000001,309.0125,294.625,1.8,257.6375,2.1925,0.013893750000000002,4.3875,32.150000000000006,-100.09999996666669
2020-09-05,0.7083166989104794,299.525,286.3125,22.475,193.475,0.9875,0.012056250000000001,4.675000000000001,32.150000000000006,-100.09999996666669
2020-09-13,0.8,300.6375,288.1125,0.125,221.42500000000004,0.89875,0.01182625,3.2375,32.150000000000006,-100.09999996666669
2020-09-21,0.7966962041823233,301.275,286.7,0.0,237.96249999999998,1.2025000000000001,0.010310000000000001,4.362500000000001,32.150000000000006,-100.09999996666669
2020-09-29,0.8,301.45,283.21250000000003,0.0,223.51250000000002,1.56,0.006616250000000001,3.9750000000000005,32.150000000000006,-100.09999996666669
2020-10-07,0.8,304.52500000000003,284.2375,0.0,205.45000000000005,1.8225000000000002,0.00783875,3.8625,32.150000000000006,-100.09999996666669
2020-10-15,0.7334436704135059,298.9875,283.55,0.0,190.9875,1.0125,0.008843750000000001,5.475000000000001,32.150000000000006,-100.09999996666669
2020-10-23,0.6966962041823235,285.07499999999993,274.1,1.0875,145.1125,0.37625000000000003,0.005190000000000001,5.500000000000001,32.150000000000006,-100.09999996666669
2020-10-31,0.633443670413506,297.91249999999997,278.75,0.0,158.63750000000002,1.18375,0.0056300000000000005,4.0875,32.150000000000006,-100.09999996666669
2020-11-08,0.5334436704135059,296.2375,280.33750000000003,0.0,145.25,0.9724999999999999,0.00666,4.887500000000001,32.150000000000006,-100.09999996666669
2020-11-16,0.5,295.01250000000005,279.58750000000003,0.0,129.56250000000003,0.9137500000000001,0.006025000000000001,5.100000000000001,32.150000000000006,-100.09999996666669
2020-11-24,0.5,288.825,273.79999999999995,1.225,126.86250000000001,0.74,0.0037662500000000005,4.750000000000001,32.150000000000006,-100.09999996666669
2020-12-02,0.4251269715030265,288.8875,271.32500000000005,0.375,123.5,0.81125,0.00271,3.4124999999999996,32.150000000000006,-100.09999996666669
2020-12-10,0.4251269715030265,288.2625,270.1375,0.0625,129.9125,0.6775,0.00324125,4.3625,32.150000000000006,-100.09999996666669
2020-12-18,0.3916833010895206,291.0125,271.2375,0.0,133.375,0.8274999999999999,0.0031712500000000005,4.937500000000001,32.150000000000006,-100.09999996666669
2020-12-26,0.3916833010895206,287.56666666666666,275.1166666666666,5.233333333333333,101.45,0.6633333333333333,0.004266666666666667,6.333333333333333,32.150000000000006,-100.09999996666669
2021-01-01,0.30000000000000004,284.6,271.45,0.0,135.375,0.46375,0.00336625,4.125,32.150000000000006,-100.09999996666669
2021-01-09,0.30000000000000004,282.6125,269.3375,4.1125,126.28750000000001,0.41250000000000003,0.0029100000000000003,3.9375,32.150000000000006,-100.09999996666669
2021-01-17,0.30000000000000004,286.56249999999994,276.0375,2.8874999999999997,104.075,0.34249999999999997,0.0056162500000000014,4.025,32.150000000000006,-100.09999996666669
2021-01-25,0.30000000000000004,288.2125,272.83750000000003,0.0,153.7,0.61375,0.0036837500000000004,4.8875,32.150000000000006,-100.09999996666669
2021-02-02,0.30000000000000004,290.5125,273.66249999999997,0.0,171.52500000000003,0.8287500000000001,0.003998750000000001,4.650000000000001,32.150000000000006,-100.09999996666669
2021-02-10,0.32843076732070314,266.8125,260.725,1.2625000000000002,128.51250000000002,0.03125,0.0021337500000000002,5.175,32.150000000000006,-100.09999996666669
2021-02-18,0.4,287.0875,271.25,0.0,172.7125,0.6825000000000001,0.0036212500000000003,4.7625,32.150000000000006,-100.09999996666669
2021-02-26,0.4033037958176766,292.475,275.9875,0.17500000000000002,174.025,0.80375,0.00492125,4.737500000000001,32.150000000000006,-100.09999996666669
2021-03-06,0.5,295.4375,283.35,2.825,205.12500000000003,0.8,0.00803,6.612500000000001,32.150000000000006,-100.09999996666669
2021-03-14,0.6000000000000001,293.6,278.425,0.125,231.63750000000005,1.06125,0.0041525,5.7125,32.150000000000006,-100.09999996666669
2021-03-22,0.6000000000000001,295.72499999999997,278.34999999999997,0.8125,229.3375,1.12625,0.004795000000000001,5.325,32.150000000000006,-100.09999996666669
2021-03-30,0.6665563295864941,295.875,280.9375,0.0,231.425,1.0100000000000002,0.0063837500000000005,6.4750000000000005,32.150000000000006,-100.09999996666669
2021-04-07,0.6748730284969735,298.91249999999997,281.4125,1.0125000000000002,238.88750000000002,1.53125,0.0051625,5.25,32.150000000000006,-100.09999996666669
2021-04-15,0.7000000000000001,288.45,276.9,0.7625000000000001,178.4625,0.5025000000000001,0.005265000000000001,4.8125,32.150000000000006,-100.09999996666669
2021-04-23,0.7748730284969735,300.475,285.925,8.6375,225.225,1.3800000000000003,0.008455,5.775,32.150000000000006,-100.09999996666669
2021-05-01,0.8665563295864942,300.45,285.86249999999995,1.2000000000000002,288.4125,1.2537500000000001,0.008913750000000002,4.9125,32.150000000000006,-100.09999996666669
2021-05-09,1.0,295.62500000000006,285.7875,1.375,269.37500000000006,0.5875,0.0103125,5.7,32.150000000000006,-100.09999996666669
2021-05-17,1.1,300.4375,288.7875,5.937499999999999,279.42499999999995,0.7125,0.01321375,5.312500000000001,32.150000000000006,-100.09999996666669
2021-05-25,1.1748730284969737,300.425,290.225,6.525,278.7125,0.6625,0.014207500000000001,5.2124999999999995,32.150000000000006,-100.09999996666669
2021-06-02,1.2083166989104797,302.91249999999997,291.13750000000005,2.3750000000000004,295.5625,0.9737499999999999,0.014440000000000001,4.050000000000001,32.150000000000006,-100.09999996666669
2021-06-10,1.271569232679297,307.2,292.625,4.2875000000000005,308.76250000000005,1.63625,0.01434875,4.137500000000001,32.150000000000006,-100.09999996666669
2021-06-18,1.2083166989104797,307.2,293.65000000000003,0.0,308.1,1.65625,0.01476,5.262500000000001,32.150000000000006,-100.09999996666669
2021-06-26,1.111620494728156,304.05000000000007,293.2125,12.675,249.13750000000002,1.1075000000000002,0.01522625,3.8000000000000007,32.150000000000006,-100.09999996666669
2021-07-04,1.171569232679297,303.41249999999997,293.6375,6.675,283.5375,0.9425,0.015988750000000003,3.3625,32.150000000000006,-100.09999996666669
2021-07-12,1.2000000000000002,305.325,293.82500000000005,1.5250000000000001,304.5375,1.31125,0.015258750000000003,4.550000000000001,32.150000000000006,-100.09999996666669
2021-07-20,1.1284307673207032,307.65,292.8625,1.1500000000000001,317.625,1.9212500000000001,0.01313625,3.75,32.150000000000006,-100.09999996666669
2021-07-28,1.1,306.0,292.86249999999995,0.175,270.36249999999995,1.5775,0.013827500000000001,3.35,32.150000000000006,-100.09999996666669
2021-08-05,1.011620494728156,309.075,294.8,0.0,289.85,2.0675,0.01454125,6.075,32.150000000000006,-100.09999996666669
2021-08-13,0.9367474662311825,305.41249999999997,294.2375,7.6625000000000005,234.86250000000004,1.32125,0.015646250000000004,4.1625000000000005,32.150000000000006,-100.09999996666669
2021-08-21,0.9367474662311825,307.22499999999997,293.55,0.0,286.70000000000005,1.69,0.01442,4.4125,32.150000000000006,-100.09999996666669
2021-08-29,0.9033037958176766,307.5625,294.1,0.4625,253.26250000000005,1.7712500000000002,0.014525000000000003,3.5375000000000005,32.150000000000006,-100.09999996666669
2021-09-06,0.9000000000000001,306.95000000000005,290.6125,0.125,260.15,1.9275,0.01132,3.5125,32.150000000000006,-100.09999996666669
2021-09-14,0.8083166989104793,306.2625,290.7,0.0,251.5625,1.8262500000000002,0.011575000000000002,4.012500000000001,32.150000000000006,-100.09999996666669
2021-09-22,0.7367474662311826,303.9625,286.275,0.1125,234.6875,1.8199999999999998,0.00783375,3.8125,32.150000000000006,-100.09999996666669
2021-09-30,0.7334436704135059,302.5125,287.65,1.975,191.77500000000003,1.3487500000000001,0.010178750000000002,2.9750000000000005,32.150000000000006,-100.09999996666669
2021-10-08,0.7000000000000001,302.59999999999997,285.5625,6.0125,186.4125,1.5000000000000002,0.00897875,5.625,32.150000000000006,-100.09999996666669
2021-10-16,0.7000000000000001,299.83750000000003,283.975,0.0,186.725,1.09375,0.008913750000000002,4.3500000000000005,32.150000000000006,-100.09999996666669
2021-10-24,0.6251269715030267,300.0375,280.8875,3.3125,179.96250000000003,1.4212499999999997,0.006267500000000001,5.0874999999999995,32.150000000000006,-100.09999996666669
2021-11-01,0.5284307673207032,291.29999999999995,279.8125,0.275,139.50000000000003,0.6175,0.00656,4.1000000000000005,32.150000000000006,-100.09999996666669
2021-11-09,0.5,297.07500000000005,277.8875,0.0,146.7125,1.09375,0.005795,4.3125,32.150000000000006,-100.09999996666669
2021-11-17,0.48837950527184404,293.6625,275.52500000000003,0.0,136.38750000000002,0.9075,0.00461625,5.3625,32.150000000000006,-100.09999996666669
2021-11-25,0.4251269715030265,293.575,275.8,0.35000000000000003,123.38750000000002,0.95875,0.004521250000000001,3.7625,32.150000000000006,-100.09999996666669
2021-12-03,0.4,296.40000000000003,276.55,0.0,130.9,1.16,0.0050012500000000005,4.8500000000000005,32.150000000000006,-100.09999996666669
2021-12-11,0.4,293.425,277.6375,0.0,126.01250000000002,0.85375,0.0056375,5.2875,32.150000000000006,-100.09999996666669
2021-12-19,0.4,296.72499999999997,276.4625,0.0,128.07500000000002,1.40625,0.0038237500000000003,4.2375,32.150000000000006,-100.09999996666669
2021-12-27,0.4,297.21999999999997,281.04,0.0,117.22,1.3,0.00493,4.24,32.150000000000006,-100.09999996666669
2022-01-01,0.30000000000000004,286.8875,267.35,0.0,135.8,0.6712499999999999,0.00264,4.925000000000001,32.150000000000006,-100.09999996666669
2022-01-09,0.3632525337688175,288.875,269.65,0.47500000000000003,122.5625,0.88375,0.00215625,4.5625,32.150000000000006,-100.09999996666669
2022-01-17,0.30000000000000004,287.625,269.4875,0.0,131.7875,0.78,0.00243375,4.3125,32.150000000000006,-100.09999996666669
2022-01-25,0.30000000000000004,288.775,272.01250000000005,0.48750000000000004,146.7625,0.71,0.0034162500000000004,3.95,32.150000000000006,-100.09999996666669
2022-02-02,0.30000000000000004,282.4625,266.8,2.0250000000000004,155.38750000000002,0.50375,0.0024525000000000003,4.6499999999999995,32.150000000000006,-100.09999996666669
2022-02-10,0.4,292.36250000000007,272.7125,0.9875,172.62500000000003,0.9837499999999999,0.0034224999999999998,5.925,32.150000000000006,-100.09999996666669
2022-02-18,0.4,284.45,270.2,1.7875,180.13750000000002,0.62375,0.0030037500000000003,4.8375,32.150000000000006,-100.09999996666669
2022-02-26,0.4,293.43749999999994,275.05,0.0,183.03750000000002,1.04875,0.004050000000000001,3.8874999999999997,32.150000000000006,-100.09999996666669
2022-03-06,0.49168330108952063,287.85,269.0375,0.0,207.32500000000002,0.675,0.0028875,5.2250000000000005,32.150000000000006,-100.09999996666669
2022-03-14,0.5,297.92499999999995,275.58750000000003,0.65,226.25,1.435,0.0034525,6.5,32.150000000000006,-100.09999996666669
2022-03-22,0.5,299.9375,278.7125,1.0375,240.9375,1.9075000000000002,0.0032362500000000004,5.575000000000001,32.150000000000006,-100.09999996666669
2022-03-30,0.5,298.4125,280.2625,0.07500000000000001,254.5625,1.4112500000000001,0.005200000000000001,5.1375,32.150000000000006,-100.09999996666669
2022-04-07,0.5,301.5,280.25,0.0,275.65000000000003,2.0075000000000003,0.00350125,5.824999999999999,32.150000000000006,-100.09999996666669
2022-04-15,0.5883795052718441,303.28749999999997,287.45,0.07500000000000001,270.6125,1.8475000000000004,0.00786625,7.087500000000001,32.150000000000006,-100.09999996666669
2022-04-23,0.6000000000000001,300.15,286.5625,1.4,251.86249999999998,1.3987500000000002,0.00822,6.825000000000001,32.150000000000006,-100.09999996666669
2022-05-01,0.6000000000000001,306.45,287.8375,0.675,287.86250000000007,2.23,0.0088325,6.0874999999999995,32.150000000000006,-100.09999996666669
2022-05-09,0.6632525337688175,310.5875,291.95,1.25,303.4625,2.8375000000000004,0.009840000000000002,5.912500000000001,32.150000000000006,-100.09999996666669
2022-05-17,0.6000000000000001,306.175,289.675,2.0125,272.00000000000006,2.3925,0.008667500000000002,6.375,32.150000000000006,-100.09999996666669
2022-05-25,0.671569232679297,308.20000000000005,291.125,6.2250000000000005,314.55,2.425,0.010138750000000002,6.775000000000001,32.150000000000006,-100.09999996666669
2022-06-02,0.7000000000000001,307.2625,292.96250000000003,2.6375,310.17500000000007,2.01625,0.012526250000000001,4.25,32.150000000000006,-100.09999996666669
2022-06-10,0.7000000000000001,311.6625,295.4,0.0,322.25,3.155,0.010713750000000001,6.450000000000001,32.150000000000006,-100.09999996666669
2022-06-18,0.7000000000000001,310.425,294.87500000000006,0.0,322.3375,2.95875,0.01017875,4.2875000000000005,32.150000000000006,-100.09999996666669
2022-06-26,0.7000000000000001,308.53749999999997,294.7875,1.6375000000000002,309.77500000000003,2.4262500000000005,0.01168125,4.025,32.150000000000006,-100.09999996666669
2022-07-04,0.7000000000000001,312.7625,296.6,0.2,342.15000000000003,3.3000000000000007,0.011742500000000001,4.0875,32.150000000000006,-100.09999996666669
2022-07-12,0.671569232679297,312.26250000000005,294.86249999999995,1.3250000000000002,335.67500000000007,3.1925000000000003,0.010963750000000001,3.7000000000000006,32.150000000000006,-100.09999996666669
2022-07-20,0.6083166989104796,311.2625,298.15000000000003,0.0,329.96250000000003,3.145,0.011866250000000002,4.987500000000001,32.150000000000006,-100.09999996666669
2022-07-28,0.6000000000000001,311.7625,297.42500000000007,0.0,318.75000000000006,3.17375,0.011781250000000002,5.000000000000001,32.150000000000006,-100.09999996666669
2022-08-05,0.6000000000000001,310.1375,295.88750000000005,0.4625,286.8625,2.7150000000000003,0.01206625,3.7750000000000004,32.150000000000006,-100.09999996666669
2022-08-13,0.6000000000000001,309.2625,294.96250000000003,1.4500000000000002,276.71250000000003,2.2912500000000002,0.013351249999999999,3.6500000000000004,32.150000000000006,-100.09999996666669
2022-08-21,0.6000000000000001,306.525,294.15,0.6000000000000001,207.875,1.6550000000000002,0.014477500000000003,3.625,32.150000000000006,-100.09999996666669
2022-08-29,0.6000000000000001,304.325,293.425,11.45,203.8,1.215,0.01494875,3.0250000000000004,32.150000000000006,-100.09999996666669
2022-09-06,0.6000000000000001,305.8625,291.4375,0.0,257.65,1.77875,0.011652500000000003,3.1500000000000004,32.150000000000006,-100.09999996666669
2022-09-14,0.6000000000000001,306.9375,292.125,0.0,251.5625,1.6800000000000002,0.013543750000000004,4.95,32.150000000000006,-100.09999996666669
2022-09-22,0.6000000000000001,305.83750000000003,288.0,0.0,243.5,2.15875,0.00776125,3.4625,32.150000000000006,-100.09999996666669
2022-09-30,0.5665563295864942,303.4625,285.11249999999995,0.48750000000000004,201.8375,1.925,0.006240000000000001,2.9125,32.150000000000006,-100.09999996666669
2022-10-08,0.5748730284969735,300.475,286.3125,3.125,178.38750000000002,1.3025,0.00855,4.425000000000001,32.150000000000006,-100.09999996666669
2022-10-24,0.5748730284969735,294.3375,280.0625,7.112500000000001,158.78750000000002,0.77375,0.0066675,4.4750000000000005,32.150000000000006,-100.09999996666669
2022-11-01,0.5,298.9625,284.325,0.07500000000000001,152.575,1.1975,0.007808750000000001,5.4375,32.150000000000006,-100.09999996666669
2022-11-09,0.5,288.975,276.2625,0.0,129.61249999999998,0.64375,0.005075000000000001,4.875,32.150000000000006,-100.09999996666669
2022-11-17,0.4033037958176766,285.09999999999997,273.91249999999997,0.9000000000000001,109.3125,0.37250000000000005,0.0045175,3.4250000000000007,32.150000000000006,-100.09999996666669
2022-11-25,0.4,288.5,275.0,4.1875,109.0,0.5750000000000001,0.004821250000000001,4.9750000000000005,32.150000000000006,-100.09999996666669
2022-12-03,0.4,292.0375,283.4375,1.3625,105.97500000000001,0.48375,0.00846625,3.6375000000000006,32.150000000000006,-100.09999996666669
2022-12-11,0.3916833010895206,286.1,274.8125,0.28750000000000003,129.9125,0.4375,0.0045962500000000005,4.3625,32.150000000000006,-100.09999996666669
2022-12-19,0.3632525337688175,280.3875,267.65000000000003,0.0,131.0,0.375,0.002661250000000001,4.275,32.150000000000006,-100.09999996666669
2022-12-27,0.30000000000000004,292.44,274.24,0.0,121.24000000000001,0.85,0.004124000000000001,4.779999999999999,32.150000000000006,-100.09999996666669
