date,LAI,tmmx,tmmn,pr,srad,vpd,sph,vs,lat,lon
2000-02-18,0.4280275985573092,279.1875,266.1875,1.2125000000000001,110.9375,0.22375,0.0030125000000000004,4.075,44.650000000000006,-83.84999996666667
2000-02-26,0.7079557289302247,282.7375,269.675,0.8250000000000001,135.6875,0.35125,0.003205,5.7375,44.650000000000006,-83.84999996666667
2000-03-05,0.6350317492598174,284.075,268.38750000000005,0.7125,183.65,0.48375,0.0032775000000000005,4.4624999999999995,44.650000000000006,-83.84999996666667
2000-03-13,0.6487031912119336,278.55,267.9875,1.7125000000000001,149.85,0.27875,0.0025287500000000006,5.0125,44.650000000000006,-83.84999996666667
2000-03-21,0.735983327487534,287.12500000000006,274.9875,0.5,192.13750000000002,0.49875,0.004192500000000001,4.8875,44.650000000000006,-83.84999996666667
2000-03-29,0.9079557289302247,285.2375,270.7875,0.4375,211.33750000000003,0.5,0.0031025000000000002,4.512499999999999,44.650000000000006,-83.84999996666667
2000-04-06,1.0079557289302246,279.08750000000003,268.91249999999997,0.4750000000000001,158.20000000000002,0.3125,0.0024325,5.2125,44.650000000000006,-83.84999996666667
2000-04-14,0.8117625390290603,285.65000000000003,272.875,5.025,152.34999999999997,0.425,0.004085,5.750000000000001,44.650000000000006,-83.84999996666667
2000-04-22,1.266529298463062,289.2625,273.46250000000003,0.0,307.725,0.7349999999999999,0.0031850000000000003,3.3875,44.650000000000006,-83.84999996666667
2000-04-30,1.444902127580721,296.2875,281.3,0.775,229.88750000000002,0.94625,0.006973750000000001,4.5875,44.650000000000006,-83.84999996666667
2000-05-08,1.731230685628605,293.0625,279.3375,7.2375,208.00000000000003,0.66625,0.006586250000000002,4.762500000000001,44.650000000000006,-83.84999996666667
2000-05-16,2.138780056415638,290.2625,277.04999999999995,5.0,228.33750000000003,0.51875,0.00565625,3.9250000000000007,44.650000000000006,-83.84999996666667
2000-05-24,2.3804790969250638,293.21250000000003,279.41249999999997,0.35000000000000003,270.7375,0.675,0.006385000000000001,4.562500000000001,44.650000000000006,-83.84999996666667
2000-06-01,2.467759730388634,293.7125,280.8,1.9875000000000003,276.825,0.73375,0.0065962500000000006,3.95,44.650000000000006,-83.84999996666667
2000-06-09,3.450629333537858,298.175,285.0375,3.7750000000000004,246.51250000000002,0.7262500000000001,0.010111250000000002,4.9875,44.650000000000006,-83.84999996666667
2000-06-17,3.7959378192617708,296.81249999999994,284.8,2.1875,234.825,0.7575000000000001,0.009035000000000001,4.525,44.650000000000006,-83.84999996666667
2000-06-25,3.610212984241427,298.05,284.1875,4.6875,257.88750000000005,0.8675,0.00889625,3.7125,44.650000000000006,-83.84999996666667
2000-07-03,4.390761579856782,297.82500000000005,284.3375,1.1625,243.6125,0.8175,0.009075,3.475,44.650000000000006,-83.84999996666667
2000-07-11,4.136255937529796,298.8875,284.50000000000006,1.8000000000000003,265.15,0.96,0.0088825,3.5500000000000003,44.650000000000006,-83.84999996666667
2000-07-19,3.9123887507391224,296.8375,282.25,0.5375000000000001,234.8,0.8925,0.007537500000000001,3.1375,44.650000000000006,-83.84999996666667
2000-07-27,3.779179166309201,298.2625,286.9875,5.4,208.76250000000002,0.64,0.011181249999999998,3.700000000000001,44.650000000000006,-83.84999996666667
2000-08-04,2.9007829456814824,298.58750000000003,284.66249999999997,4.05,220.47500000000002,0.7374999999999999,0.009982500000000002,3.525,44.650000000000006,-83.84999996666667
2000-08-12,3.306492912235751,297.3375,283.425,0.2875,226.23750000000004,0.75625,0.009053750000000001,3.6375,44.650000000000006,-83.84999996666667
2000-08-20,3.650623587070236,297.99999999999994,282.9,4.1625,227.50000000000003,0.7849999999999999,0.008968750000000001,3.175,44.650000000000006,-83.84999996666667
2000-08-28,3.5786569320951678,298.95,284.8875,2.6000000000000005,207.66250000000002,0.7500000000000001,0.010478750000000002,4.500000000000001,44.650000000000006,-83.84999996666667
2000-09-05,3.421307550832309,297.2375,283.25,2.1125000000000003,196.05,0.66125,0.009653750000000001,4.6625,44.650000000000006,-83.84999996666667
2000-09-13,3.154505642326985,293.63750000000005,280.0875,2.1125,156.8625,0.635,0.0071175000000000006,5.775,44.650000000000006,-83.84999996666667
2000-09-21,2.893007342232738,287.3875,275.025,2.3625000000000003,152.65,0.37000000000000005,0.00511375,4.4,44.650000000000006,-83.84999996666667
2000-09-29,2.2128066018175594,292.2875,277.85,0.42500000000000004,148.7,0.6175,0.00628375,5.425000000000001,44.650000000000006,-83.84999996666667
2000-10-07,1.6617766566041328,288.7875,274.15000000000003,0.6375,125.4625,0.54,0.00475375,5.3875,44.650000000000006,-83.84999996666667
2000-10-15,1.2583009594905747,290.0,276.3375,0.4,129.525,0.48875,0.005573750000000001,3.7500000000000004,44.650000000000006,-83.84999996666667
2000-10-23,0.7990426753046607,289.40000000000003,275.2375,0.9125000000000001,113.70000000000002,0.37250000000000005,0.006078750000000001,4.1125,44.650000000000006,-83.84999996666667
2000-10-31,0.6649682507401825,287.3,275.47499999999997,0.6375000000000001,95.2,0.5275,0.0042250000000000005,4.2875000000000005,44.650000000000006,-83.84999996666667
2000-11-08,0.7079557289302247,280.12500000000006,272.7125,5.800000000000001,57.212500000000006,0.17375,0.0039975,5.337500000000001,44.650000000000006,-83.84999996666667
2000-11-16,0.635983327487534,272.78749999999997,266.775,1.3125,46.462500000000006,0.09749999999999999,0.0024874999999999997,5.8375,44.650000000000006,-83.84999996666667
2000-11-24,0.5560551971146184,274.8375,267.775,1.0875000000000001,57.587500000000006,0.07875,0.003,3.587500000000001,44.650000000000006,-83.84999996666667
2000-12-02,0.5888411839984797,269.7375,260.775,0.9375,57.962500000000006,0.09374999999999997,0.0016875000000000002,5.4375,44.650000000000006,-83.84999996666667
2000-12-10,0.5168687825557888,270.4375,260.65000000000003,3.3000000000000003,57.75,0.07625000000000001,0.00189625,5.425,44.650000000000006,-83.84999996666667
2000-12-18,0.4168687825557889,267.4125,257.45000000000005,1.7500000000000002,54.36250000000001,0.07250000000000001,0.001395,4.5375,44.650000000000006,-83.84999996666667
2000-12-26,0.23278598688386132,267.56666666666666,256.2,0.38333333333333336,63.63333333333333,0.06,0.0015083333333333335,6.016666666666666,44.650000000000006,-83.84999996666667
2001-01-01,0.38564384339480706,270.6875,261.9875,0.4875,52.625,0.09874999999999999,0.001885,4.8,44.650000000000006,-83.84999996666667
2001-01-09,0.45537048246154166,274.7,266.68749999999994,0.42500000000000004,64.7375,0.11374999999999999,0.002703750000000001,3.6375,44.650000000000006,-83.84999996666667
2001-01-17,0.466529298463062,271.7875,262.90000000000003,0.0,76.5875,0.1225,0.0019237500000000001,3.9875,44.650000000000006,-83.84999996666667
2001-01-25,0.37380031274021,273.5125,265.3625,2.3625,82.48750000000001,0.11750000000000001,0.00235875,3.725,44.650000000000006,-83.84999996666667
2001-02-02,0.4744850273932867,273.5875,265.325,6.187500000000001,65.575,0.12125,0.00236,3.5625000000000004,44.650000000000006,-83.84999996666667
2001-02-10,0.3744850273932867,270.9375,260.77500000000003,0.0,113.95,0.125,0.0016887500000000001,4.25,44.650000000000006,-83.84999996666667
2001-02-18,0.31367144195211627,271.45,259.725,1.55,110.98750000000003,0.11624999999999999,0.0017687500000000004,6.2875000000000005,44.650000000000006,-83.84999996666667
2001-02-26,0.3273428839042325,273.5375,263.6125,0.23750000000000002,125.28750000000002,0.16000000000000003,0.0019637500000000002,4.0,44.650000000000006,-83.84999996666667
2001-03-06,0.4168687825557889,275.625,264.525,1.3375000000000001,160.00000000000003,0.15000000000000002,0.00240375,4.6000000000000005,44.650000000000006,-83.84999996666667
2001-03-14,0.5193814085063848,278.02500000000003,265.98749999999995,0.0,214.625,0.25875,0.00233875,3.7624999999999997,44.650000000000006,-83.84999996666667
2001-03-22,0.5913538099490756,277.41249999999997,265.3,0.0,187.46250000000003,0.28875,0.0021287500000000004,3.875,44.650000000000006,-83.84999996666667
2001-03-30,0.7168687825557889,283.58750000000003,271.675,0.7500000000000001,180.4,0.4025000000000001,0.0033087500000000005,3.0124999999999997,44.650000000000006,-83.84999996666667
2001-04-07,0.8687693143713953,288.0875,273.72499999999997,5.3125,194.75000000000003,0.48625,0.0045137499999999995,6.0875,44.650000000000006,-83.84999996666667
2001-04-15,0.869454029024472,286.0625,272.9875,0.9875,216.47500000000002,0.46875000000000006,0.003975000000000001,5.5125,44.650000000000006,-83.84999996666667
2001-04-23,1.226385559208893,291.8875,275.3375,1.8000000000000003,254.10000000000002,0.82875,0.004288750000000001,6.0,44.650000000000006,-83.84999996666667
2001-05-01,1.2232692102307572,294.6375,281.0,2.7625,217.76250000000005,0.9137500000000001,0.00616125,5.7375,44.650000000000006,-83.84999996666667
2001-05-09,1.9219055273922265,293.4,279.45,4.050000000000001,234.7375,0.76875,0.005911250000000001,4.3500000000000005,44.650000000000006,-83.84999996666667
2001-05-17,2.4866126610253922,294.7625,281.425,4.4,257.2375,0.76875,0.00696,4.3875,44.650000000000006,-83.84999996666667
2001-05-25,3.1113619273534923,290.13750000000005,278.3,4.925000000000001,226.5125,0.53,0.0056612500000000005,4.0375000000000005,44.650000000000006,-83.84999996666667
2001-06-02,3.8404278422316773,292.5625,279.725,1.8250000000000002,222.5875,0.64875,0.006276250000000001,2.525,44.650000000000006,-83.84999996666667
2001-06-10,3.9041661582342577,301.0375,286.6125,3.2125000000000004,294.5625,0.9712500000000002,0.010793750000000001,3.7624999999999993,44.650000000000006,-83.84999996666667
2001-07-04,4.512667107249008,299.5,282.9875,0.525,273.025,1.08125,0.00820875,4.0,44.650000000000006,-83.84999996666667
2001-07-12,4.628578565109458,300.7125,285.97499999999997,1.0875000000000001,254.36250000000004,1.1962499999999998,0.008983750000000002,3.2875000000000005,44.650000000000006,-83.84999996666667
2001-07-20,4.686421042608666,302.74999999999994,288.25,1.9875,257.2875,1.3650000000000002,0.010487500000000002,4.0875,44.650000000000006,-83.84999996666667
2001-07-28,4.168548828177307,303.91249999999997,288.575,1.1500000000000004,254.57500000000005,1.29375,0.011625000000000002,3.3874999999999997,44.650000000000006,-83.84999996666667
2001-08-05,4.550623587070236,303.9875,287.725,0.8375,247.8,1.3575000000000002,0.011315,3.5625000000000004,44.650000000000006,-83.84999996666667
2001-08-13,3.764788125258703,296.43750000000006,282.7625,3.8375000000000004,185.82500000000002,0.7137500000000001,0.0084825,4.175,44.650000000000006,-83.84999996666667
2001-08-21,4.04449576943753,299.75,285.3125,3.7625,208.95000000000002,0.82875,0.010327500000000002,3.6125000000000003,44.650000000000006,-83.84999996666667
2001-08-29,3.6180292186031,297.2,281.0625,1.475,211.36250000000004,0.77,0.00816375,4.1625000000000005,44.650000000000006,-83.84999996666667
2001-09-06,2.7954389765577967,297.4875,283.325,3.325,181.525,0.74875,0.009281250000000001,5.3625,44.650000000000006,-83.84999996666667
2001-09-14,3.128311701534818,292.07500000000005,280.5,3.3625000000000003,136.575,0.44875000000000004,0.00739625,3.4375,44.650000000000006,-83.84999996666667
2001-09-22,2.778651185627545,287.9375,277.4125,6.1875,111.6,0.315,0.006175000000000002,5.400000000000001,44.650000000000006,-83.84999996666667
2001-09-30,2.3146345131150787,289.5375,277.2125,0.6,135.91250000000002,0.53625,0.005640000000000001,4.3500000000000005,44.650000000000006,-83.84999996666667
2001-10-08,1.9225902420453034,289.525,277.1875,6.6625000000000005,99.33749999999999,0.35,0.006386250000000001,6.5375000000000005,44.650000000000006,-83.84999996666667
2001-10-16,1.444902127580721,286.4125,274.025,3.2500000000000004,122.82499999999999,0.405,0.004467500000000001,5.487500000000001,44.650000000000006,-83.84999996666667
2001-10-24,1.085643843394807,283.025,272.625,2.9000000000000004,76.3625,0.27875,0.0041487500000000005,7.525,44.650000000000006,-83.84999996666667
2001-11-01,0.7799281303729155,285.7375,275.05,0.525,87.4375,0.38,0.00457875,5.35,44.650000000000006,-83.84999996666667
2001-11-09,0.7471421434890542,284.54999999999995,272.91249999999997,0.0,89.22500000000002,0.30000000000000004,0.0044675,4.9750000000000005,44.650000000000006,-83.84999996666667
2001-11-17,0.6414264304671627,284.5375,272.85,2.0,64.16250000000001,0.28375,0.00454125,5.65,44.650000000000006,-83.84999996666667
2001-11-25,0.5238729332582972,280.075,272.2375,3.9375000000000004,44.087500000000006,0.14750000000000002,0.004105000000000001,5.7,44.650000000000006,-83.84999996666667
2001-12-03,0.6608135854411705,282.17499999999995,272.65,1.4500000000000002,69.92500000000001,0.29875,0.0038800000000000006,5.1375,44.650000000000006,-83.84999996666667
2001-12-11,0.630540224507905,278.2,270.09999999999997,1.8375,66.21249999999999,0.13875,0.0034475,3.5375,44.650000000000006,-83.84999996666667
2001-12-19,0.621627170882341,273.6375,266.4,0.6749999999999999,51.2,0.11624999999999999,0.00248875,5.6625,44.650000000000006,-83.84999996666667
2001-12-27,0.5327859868838613,269.64,262.76000000000005,0.0,56.379999999999995,0.096,0.0017720000000000004,5.84,44.650000000000006,-83.84999996666667
2002-01-01,0.32387293325829714,273.325,263.85,0.0,61.6875,0.11124999999999999,0.002235,4.7,44.650000000000006,-83.84999996666667
2002-01-09,0.4519005318156064,275.5,267.41249999999997,1.3375000000000001,60.03750000000001,0.1175,0.002842500000000001,4.3,44.650000000000006,-83.84999996666667
2002-01-25,0.3496547694396501,274.1125,265.96250000000003,1.35,64.78750000000001,0.14375,0.0023775000000000003,5.15,44.650000000000006,-83.84999996666667
2002-02-02,0.36557197376772255,275.025,262.3875,0.2,115.33750000000002,0.15250000000000002,0.0021550000000000002,4.775,44.650000000000006,-83.84999996666667
2002-02-10,0.4238729332582972,274.66249999999997,262.5,0.6000000000000001,90.025,0.14875,0.0021287500000000004,5.987500000000001,44.650000000000006,-83.84999996666667
2002-02-18,0.39904267530466064,277.1,265.4375,4.862500000000001,91.7,0.17124999999999999,0.00265875,4.550000000000001,44.650000000000006,-83.84999996666667
2002-02-26,0.4942842869781086,271.92499999999995,259.825,3.4250000000000003,128.0875,0.1375,0.0016800000000000003,5.1875,44.650000000000006,-83.84999996666667
2002-03-06,0.43598332748753393,275.925,263.9125,2.9000000000000004,129.07500000000002,0.1525,0.0025162500000000003,6.0,44.650000000000006,-83.84999996666667
2002-03-14,0.4799281303729156,276.5,266.1625,0.8625000000000002,153.31249999999997,0.21875,0.0022875,4.725,44.650000000000006,-83.84999996666667
2002-03-22,0.6990426753046608,274.8125,262.77500000000003,0.1875,208.25000000000003,0.17375000000000002,0.00214,5.0249999999999995,44.650000000000006,-83.84999996666667
2002-03-30,0.6270702738619698,277.15,268.53749999999997,1.25,146.68750000000003,0.27249999999999996,0.0023150000000000002,4.300000000000001,44.650000000000006,-83.84999996666667
2002-04-07,0.7942842869781086,287.6125,273.0375,3.7125000000000004,173.31250000000003,0.54,0.00418875,5.2125,44.650000000000006,-83.84999996666667
2002-04-15,0.9079557289302247,292.1375,276.9375,2.1500000000000004,234.06249999999997,0.8362499999999999,0.005747500000000001,6.0875,44.650000000000006,-83.84999996666667
2002-04-23,1.0079557289302246,282.5875,271.0875,4.025,187.03750000000002,0.42125,0.00285125,5.874999999999999,44.650000000000006,-83.84999996666667
2002-05-01,1.040741715814086,288.83750000000003,275.95,1.6375000000000002,214.3,0.615,0.0043475,4.6000000000000005,44.650000000000006,-83.84999996666667
2002-05-09,1.2063194360494316,288.18749999999994,274.9375,3.75,205.425,0.5575,0.0042525,6.2125,44.650000000000006,-83.84999996666667
2002-05-17,1.4263855592088932,286.225,272.65000000000003,0.275,231.70000000000002,0.5312500000000001,0.0036137500000000006,5.2125,44.650000000000006,-83.84999996666667
2002-05-25,1.6738003127402101,295.82500000000005,282.08750000000003,6.3500000000000005,233.70000000000002,0.9050000000000001,0.0071375000000000015,4.5875,44.650000000000006,-83.84999996666667
2002-06-02,2.277003399811506,293.4375,281.025,1.8375000000000001,248.58750000000003,0.6837500000000001,0.006911250000000001,3.9999999999999996,44.650000000000006,-83.84999996666667
2002-06-10,2.8658445838099853,295.075,284.2,3.4125000000000005,204.75000000000003,0.6725,0.008577500000000002,3.4625,44.650000000000006,-83.84999996666667
2002-06-18,3.8610861954834337,301.6,288.22499999999997,2.675,272.4625,1.08875,0.0110775,3.6625000000000005,44.650000000000006,-83.84999996666667
2002-06-26,4.017478252050951,304.5125,290.4875,2.025,288.8875,1.3137500000000002,0.012860000000000003,4.050000000000001,44.650000000000006,-83.84999996666667
2002-07-04,4.085911204157417,300.3625,285.7875,0.47500000000000003,300.01250000000005,1.06875,0.009515000000000001,3.575,44.650000000000006,-83.84999996666667
2002-07-12,4.225016129902739,303.20000000000005,287.83750000000003,0.1,307.70000000000005,1.3775,0.010257500000000001,2.8750000000000004,44.650000000000006,-83.84999996666667
2002-07-20,4.446004693312235,301.54999999999995,286.625,2.9000000000000004,253.4375,1.1525,0.01017625,4.2625,44.650000000000006,-83.84999996666667
2002-07-28,4.250113251431015,303.3625,289.0625,5.5375000000000005,239.575,1.1537499999999998,0.01224125,3.5875000000000004,44.650000000000006,-83.84999996666667
2002-08-05,4.35857931600046,299.7125,283.925,0.4,264.1875,0.9475,0.0094,4.2625,44.650000000000006,-83.84999996666667
2002-08-13,3.7623803796316735,299.93749999999994,285.47499999999997,2.6624999999999996,223.2375,0.87625,0.010376250000000002,4.475,44.650000000000006,-83.84999996666667
2002-08-21,3.8184355767462916,298.21250000000003,284.725,4.625,207.03750000000002,0.7250000000000001,0.009933750000000002,3.5750000000000006,44.650000000000006,-83.84999996666667
2002-08-29,4.0719838943779365,299.65,284.2125,0.08750000000000001,231.71250000000003,0.93125,0.00933875,3.7875,44.650000000000006,-83.84999996666667
2002-09-06,3.9079729683330937,301.975,284.325,0.1625,214.2375,1.18375,0.009572500000000001,4.1125,44.650000000000006,-83.84999996666667
2002-09-14,3.128909678094735,298.62499999999994,283.92499999999995,3.0500000000000003,170.83750000000003,0.83,0.0093675,4.9,44.650000000000006,-83.84999996666667
2002-09-22,2.9601461101909625,292.925,278.225,0.5750000000000001,150.32500000000002,0.63375,0.00615625,3.8250000000000006,44.650000000000006,-83.84999996666667
2002-09-30,2.177351752199652,291.8625,279.3,4.025,109.35000000000002,0.51,0.0072675000000000005,6.175000000000001,44.650000000000006,-83.84999996666667
2002-10-08,1.727076020329593,287.91249999999997,274.88750000000005,1.5750000000000002,127.1375,0.46625,0.004758750000000001,4.5375,44.650000000000006,-83.84999996666667
2002-10-16,1.5655777202353454,279.95,270.81249999999994,2.5875000000000004,90.40000000000002,0.21625,0.0034087500000000003,4.8875,44.650000000000006,-83.84999996666667
2002-10-24,1.2022457623759562,278.9125,270.12500000000006,0.47500000000000003,84.3,0.21249999999999997,0.0031475,4.075,44.650000000000006,-83.84999996666667
2002-11-01,1.169459775492095,278.9875,269.3375,0.9375000000000001,73.5625,0.22499999999999998,0.00305125,5.612500000000001,44.650000000000006,-83.84999996666667
2002-11-09,0.7926422476296924,280.77500000000003,270.125,1.4875000000000003,73.86250000000001,0.23124999999999998,0.0037300000000000007,5.4125000000000005,44.650000000000006,-83.84999996666667
2002-11-17,0.7270702738619699,277.0125,268.4625,1.2125000000000001,60.625,0.1875,0.0027837499999999998,5.362500000000001,44.650000000000006,-83.84999996666667
2002-11-25,0.7525852464686831,273.275,264.425,0.48750000000000004,51.400000000000006,0.1275,0.00219,6.3375,44.650000000000006,-83.84999996666667
2002-12-03,0.6751697420463635,271.9625,262.425,0.0,74.91250000000001,0.1125,0.0019525,6.3875,44.650000000000006,-83.84999996666667
2002-12-11,0.6471421434890543,275.26250000000005,265.59999999999997,1.35,70.82500000000002,0.1175,0.00266125,5.175000000000001,44.650000000000006,-83.84999996666667
2002-12-19,0.6168687825557888,274.5875,267.1375,1.1,54.487500000000004,0.125,0.0026550000000000002,6.449999999999999,44.650000000000006,-83.84999996666667
2002-12-27,0.39108694637443586,275.34,265.38,0.32,73.76,0.1,0.002716,5.36,44.650000000000006,-83.84999996666667
2003-01-01,0.37197240144269084,272.075,263.73749999999995,0.05,60.53750000000001,0.10375,0.00209,5.75,44.650000000000006,-83.84999996666667
2003-01-09,0.38339808101885087,268.5375,261.15,0.36250000000000004,48.587500000000006,0.09124999999999998,0.0016037500000000001,7.100000000000001,44.650000000000006,-83.84999996666667
2003-01-17,0.4327859868838613,264.56250000000006,256.475,0.25,71.27500000000002,0.075,0.0010825,7.2,44.650000000000006,-83.84999996666667
2003-01-25,0.4935995723250318,269.4375,258.375,1.0625,83.91250000000002,0.09625,0.00156875,5.6125,44.650000000000006,-83.84999996666667
2003-02-02,0.4744850273932867,270.0,259.2,2.0500000000000003,76.18750000000001,0.10999999999999999,0.00156125,6.362500000000001,44.650000000000006,-83.84999996666667
2003-02-10,0.4161840679027121,265.525,250.75,0.275,108.1375,0.09,0.0008837500000000001,5.199999999999999,44.650000000000006,-83.84999996666667
2003-02-18,0.5079557289302248,270.46250000000003,258.40000000000003,0.125,131.9625,0.1225,0.0015612500000000004,5.4375,44.650000000000006,-83.84999996666667
2003-02-26,0.5047583883265521,270.95,255.775,0.375,166.82500000000005,0.15000000000000002,0.0013,3.9,44.650000000000006,-83.84999996666667
2003-03-06,0.621627170882341,270.59999999999997,256.0375,0.5375000000000001,165.04999999999998,0.15125,0.00122875,4.7375,44.650000000000006,-83.84999996666667
2003-03-14,0.7079557289302247,283.62500000000006,269.08750000000003,1.0,205.675,0.41000000000000003,0.00306125,4.7625,44.650000000000006,-83.84999996666667
2003-03-22,0.6156445942858099,285.52500000000003,271.1375,1.7375,145.48750000000004,0.5162500000000001,0.0031125000000000007,4.6000000000000005,44.650000000000006,-83.84999996666667
2003-03-30,0.7742124173510241,275.2875,265.77500000000003,4.7625,172.25,0.21750000000000003,0.0020975000000000004,6.25,44.650000000000006,-83.84999996666667
2003-04-07,0.855097872419279,283.7375,268.85,0.1,241.25,0.53375,0.0027112500000000006,5.550000000000001,44.650000000000006,-83.84999996666667
2003-04-15,0.855097872419279,288.48749999999995,274.3125,3.1500000000000004,165.45000000000002,0.6075,0.00451375,6.550000000000001,44.650000000000006,-83.84999996666667
2003-04-23,0.9270702738619698,288.6125,272.27500000000003,0.8250000000000001,258.40000000000003,0.6925000000000001,0.0031725,3.85,44.650000000000006,-83.84999996666667
2003-05-01,0.9990426753046606,289.0125,276.4375,3.0375,212.96250000000003,0.6037500000000001,0.0044262500000000005,4.0125,44.650000000000006,-83.84999996666667
2003-05-09,0.8047583883265521,291.16249999999997,277.8125,2.1500000000000004,204.7125,0.6362500000000001,0.00543375,5.4125000000000005,44.650000000000006,-83.84999996666667
2003-05-17,1.485643843394807,291.41249999999997,277.65,5.975,242.20000000000002,0.63625,0.00549625,4.725,44.650000000000006,-83.84999996666667
2003-05-25,1.8104741013484436,292.3875,279.3,1.4125,244.27500000000003,0.6925,0.0058674999999999995,3.4000000000000004,44.650000000000006,-83.84999996666667
2003-06-02,2.376730789769243,295.21250000000003,280.35,3.225,230.70000000000002,0.855,0.006315000000000001,3.7249999999999996,44.650000000000006,-83.84999996666667
2003-06-10,3.3715660432995005,297.2875,281.4875,2.0875,272.2875,0.8462500000000001,0.0077262500000000005,3.575,44.650000000000006,-83.84999996666667
2003-06-18,3.6591887854956235,301.1125,283.9875,0.65,318.01250000000005,1.30625,0.008288750000000001,3.425,44.650000000000006,-83.84999996666667
2003-06-26,3.803748307155821,299.925,284.475,2.7625,254.8625,1.05,0.00892625,3.7,44.650000000000006,-83.84999996666667
2003-07-04,3.986757902061567,299.3125,286.4,7.575,235.51250000000002,0.8875000000000001,0.010411249999999999,3.7500000000000004,44.650000000000006,-83.84999996666667
2003-07-12,4.406678784184853,298.875,283.625,1.5375,270.5375,0.9587499999999999,0.008530000000000001,4.175000000000001,44.650000000000006,-83.84999996666667
2003-07-20,4.28634005098313,299.5375,285.175,2.6125000000000003,256.63750000000005,0.90875,0.00971375,4.75,44.650000000000006,-83.84999996666667
2003-07-28,4.5351242338206,300.0,286.575,1.5875000000000001,240.32500000000002,0.9425,0.010166250000000002,2.9625000000000004,44.650000000000006,-83.84999996666667
2003-08-05,4.539882622147152,298.48749999999995,285.875,2.7375,221.7125,0.6675,0.010717500000000001,3.1375,44.650000000000006,-83.84999996666667
2003-08-13,4.5776938609322055,302.5125,286.875,0.4,261.05,1.1300000000000001,0.01090375,3.125,44.650000000000006,-83.84999996666667
2003-08-21,4.136760526701393,300.4125,285.125,2.675,231.125,0.97875,0.010025,4.4,44.650000000000006,-83.84999996666667
2003-08-29,4.2084660645694445,296.08750000000003,279.98749999999995,1.475,211.2125,0.67625,0.007853750000000001,3.8,44.650000000000006,-83.84999996666667
2003-09-06,4.091365302884321,299.3125,282.5,0.0,217.8625,0.9487500000000001,0.008539999999999999,4.200000000000001,44.650000000000006,-83.84999996666667
2003-09-14,3.7219112738598494,296.2125,281.075,1.5375,181.575,0.7649999999999999,0.00766375,4.500000000000001,44.650000000000006,-83.84999996666667
2003-09-22,3.3426678581400107,288.38750000000005,277.0,4.8375,120.67500000000001,0.32625000000000004,0.006061250000000001,6.0875,44.650000000000006,-83.84999996666667
2003-09-30,2.62035022613697,284.09999999999997,271.57500000000005,2.125,125.88750000000002,0.33125,0.003940000000000001,6.000000000000001,44.650000000000006,-83.84999996666667
2003-10-08,1.7949804945664312,293.4625,278.25,1.5250000000000001,147.3125,0.6950000000000002,0.006331250000000001,5.375000000000001,44.650000000000006,-83.84999996666667
2003-10-16,1.4704171001874344,284.475,272.83750000000003,0.38750000000000007,85.8875,0.32500000000000007,0.004320000000000001,4.675000000000001,44.650000000000006,-83.84999996666667
2003-10-24,0.874218163818647,284.20000000000005,273.6375,1.3125,67.4375,0.24875,0.00475875,4.5875,44.650000000000006,-83.84999996666667
2003-11-01,0.7191145449317451,279.86249999999995,271.575,7.9875,73.08749999999999,0.22,0.0036325000000000003,4.7625,44.650000000000006,-83.84999996666667
2003-11-09,0.5888411839984797,279.2625,270.4375,1.7249999999999999,67.70000000000002,0.19,0.0034512500000000003,6.150000000000001,44.650000000000006,-83.84999996666667
2003-11-17,0.6608135854411705,283.4875,271.9,6.3375,59.4,0.19375000000000003,0.004628750000000001,6.562500000000001,44.650000000000006,-83.84999996666667
2003-11-25,0.655097872419279,275.92499999999995,268.3625,0.675,60.425000000000004,0.1625,0.0027225,7.1625000000000005,44.650000000000006,-83.84999996666667
2003-12-03,0.6471421434890543,276.13750000000005,267.575,3.2375000000000003,67.92500000000001,0.17250000000000001,0.0026175,3.6125,44.650000000000006,-83.84999996666667
2003-12-11,0.5143561566051931,273.725,265.3125,1.125,56.1375,0.11249999999999998,0.0024075000000000004,5.75,44.650000000000006,-83.84999996666667
2003-12-19,0.6608135854411705,274.07500000000005,265.65000000000003,1.3625,59.31250000000001,0.0975,0.00258375,5.375,44.650000000000006,-83.84999996666667
2003-12-27,0.45761624483749785,275.28000000000003,267.74,0.06000000000000001,65.76,0.132,0.0027500000000000003,5.9799999999999995,44.650000000000006,-83.84999996666667
2004-01-01,0.38564384339480706,270.5375,262.2875,2.3875,56.35,0.11624999999999999,0.00181,6.262499999999999,44.650000000000006,-83.84999996666667
2004-01-09,0.4799281303729156,266.9625,256.7375,2.3625,63.25000000000001,0.08625,0.0013175,5.425000000000001,44.650000000000006,-83.84999996666667
2004-01-17,0.4327859868838613,265.4,254.54999999999998,1.325,61.212500000000006,0.07500000000000001,0.0010875,6.050000000000001,44.650000000000006,-83.84999996666667
2004-01-25,0.41367144195211625,266.1375,255.61249999999995,1.2625000000000002,81.56250000000001,0.08,0.0011625,5.3375,44.650000000000006,-83.84999996666667
2004-02-02,0.3025126259505959,272.23749999999995,258.1875,1.5625,73.7125,0.11875,0.00173375,5.574999999999999,44.650000000000006,-83.84999996666667
2004-02-10,0.4248302579536366,271.1125,257.45000000000005,0.1875,103.08750000000002,0.1275,0.0014875,4.2,44.650000000000006,-83.84999996666667
2004-02-18,0.37197240144269084,274.6625,263.6,2.475,106.95000000000002,0.13874999999999998,0.0022525,4.1000000000000005,44.650000000000006,-83.84999996666667
2004-02-26,0.2856438433948071,277.9375,267.7375,1.7875,141.075,0.19499999999999998,0.00281125,3.2000000000000006,44.650000000000006,-83.84999996666667
2004-03-05,0.3608135854411705,275.83750000000003,266.9375,4.5625,123.3,0.16749999999999998,0.002565,5.0375000000000005,44.650000000000006,-83.84999996666667
2004-03-13,0.5662566884207993,275.28749999999997,265.95,0.4,165.25,0.17875000000000002,0.00231625,6.000000000000001,44.650000000000006,-83.84999996666667
2004-03-21,0.5382290898634902,283.3625,269.075,0.675,200.21250000000003,0.34625,0.00373125,6.425000000000002,44.650000000000006,-83.84999996666667
2004-03-29,0.7990426753046607,282.3625,270.7625,0.07500000000000001,199.05000000000004,0.42125000000000007,0.0027962500000000006,6.3375,44.650000000000006,-83.84999996666667
2004-04-06,0.7990426753046607,282.16249999999997,270.6375,0.41250000000000003,170.3625,0.4475,0.00249625,3.7625000000000006,44.650000000000006,-83.84999996666667
2004-04-14,0.8990426753046605,293.35,275.2375,4.75,238.96250000000006,0.8400000000000001,0.004791250000000001,5.9375,44.650000000000006,-83.84999996666667
2004-04-22,0.946184818793715,288.95,273.475,2.0250000000000004,234.26250000000002,0.6712499999999999,0.003855,5.8375,44.650000000000006,-83.84999996666667
2004-04-30,0.840741715814086,285.2875,274.7,3.2874999999999996,167.00000000000003,0.46125000000000005,0.004002500000000001,4.4750000000000005,44.650000000000006,-83.84999996666667
2004-05-08,1.0678177361436787,293.9875,280.9875,6.875000000000001,226.55,0.6987500000000001,0.0073349999999999995,4.45,44.650000000000006,-83.84999996666667
2004-05-16,1.7608193319087935,292.325,279.7,7.425000000000001,222.46250000000003,0.5987499999999999,0.0066225,4.6000000000000005,44.650000000000006,-83.84999996666667
2004-05-24,2.1863343045155066,289.7875,277.71250000000003,3.15,216.0875,0.52125,0.005492500000000001,4.025,44.650000000000006,-83.84999996666667
2004-06-01,2.9410258187915947,297.03749999999997,283.1,2.1750000000000003,271.4875,0.9462499999999999,0.007745000000000002,4.0875,44.650000000000006,-83.84999996666667
2004-06-09,3.4891252869759883,297.0125,282.83750000000003,2.6500000000000004,253.4875,0.79375,0.0084775,4.324999999999999,44.650000000000006,-83.84999996666667
2004-06-17,4.022868598555188,295.70000000000005,281.725,3.2,273.35,0.8037500000000001,0.0073437500000000005,4.6,44.650000000000006,-83.84999996666667
2004-06-25,4.132385375208293,296.725,281.15,0.9375,289.1,0.8725,0.007235,3.6875,44.650000000000006,-83.84999996666667
2004-07-03,3.5736498224243824,296.38750000000005,283.3375,2.0875,202.43750000000003,0.655,0.008975,3.2125000000000004,44.650000000000006,-83.84999996666667
2004-07-11,3.8522431377361297,300.575,286.4125,3.45,282.9375,0.9862500000000001,0.010277500000000002,4.1125,44.650000000000006,-83.84999996666667
2004-07-19,4.201758412607228,299.6875,284.475,2.0125,272.6875,1.03625,0.00899125,3.2875,44.650000000000006,-83.84999996666667
2004-07-27,4.337572610360558,300.97499999999997,285.825,3.2,247.65,1.0212499999999998,0.01010125,3.4875000000000003,44.650000000000006,-83.84999996666667
2004-08-04,4.198995665296891,296.0625,282.7875,0.675,234.8375,0.7849999999999999,0.00782625,4.237500000000001,44.650000000000006,-83.84999996666667
2004-08-12,3.1930020929530847,295.45,280.875,0.7875,220.6,0.7687500000000002,0.007217500000000001,3.5625000000000004,44.650000000000006,-83.84999996666667
2004-08-20,3.9736259337263524,298.9375,282.95,2.75,220.1125,0.8800000000000001,0.009291250000000001,5.3375,44.650000000000006,-83.84999996666667
2004-08-28,3.884784749727873,298.19999999999993,283.625,0.4625000000000001,193.05,0.8150000000000001,0.009168750000000002,3.0875,44.650000000000006,-83.84999996666667
2004-09-05,3.557546746147207,298.6125,283.4,1.4000000000000001,201.8,0.8737500000000001,0.008958750000000001,4.925,44.650000000000006,-83.84999996666667
2004-09-13,3.797504613452273,298.1875,281.875,0.5125,204.1375,0.9325,0.007995,4.9375,44.650000000000006,-83.84999996666667
2004-09-21,2.8123835014594696,298.68750000000006,279.8875,0.17500000000000002,180.22500000000002,1.1025,0.006727500000000001,4.45,44.650000000000006,-83.84999996666667
2004-09-29,2.885655336330053,291.0875,274.05,0.7625000000000001,170.45000000000005,0.6875,0.00445125,5.95,44.650000000000006,-83.84999996666667
2004-10-07,1.8471478899566771,290.0125,277.125,3.1875,136.5125,0.52875,0.00550125,4.0875,44.650000000000006,-83.84999996666667
2004-10-15,1.5942900334457315,283.8375,274.7,2.2625,93.7125,0.21250000000000002,0.00494375,5.4625,44.650000000000006,-83.84999996666667
2004-10-23,0.8608135854411705,288.375,278.06250000000006,4.325,77.55,0.28624999999999995,0.006463750000000001,5.3125,44.650000000000006,-83.84999996666667
2004-10-31,0.8223118855354177,282.375,272.7125,1.8500000000000003,78.65,0.2275,0.004157500000000001,5.7749999999999995,44.650000000000006,-83.84999996666667
2004-11-08,0.6967969129287044,279.6,269.375,0.21250000000000002,83.2875,0.28750000000000003,0.0027875,4.737500000000001,44.650000000000006,-83.84999996666667
2004-11-16,0.5935995723250318,283.05,273.6625,1.1875000000000002,61.03750000000001,0.21125,0.004611250000000001,4.737500000000001,44.650000000000006,-83.84999996666667
2004-11-24,0.6687693143713952,275.8625,268.825,4.575,54.70000000000001,0.1325,0.002945,6.0875,44.650000000000006,-83.84999996666667
2004-12-02,0.6687693143713952,275.4625,267.425,4.2875,59.10000000000001,0.13624999999999998,0.00270125,6.112500000000002,44.650000000000006,-83.84999996666667
2004-12-10,0.5305402245079051,273.125,264.275,1.7625,54.987500000000004,0.1175,0.0022162500000000003,7.65,44.650000000000006,-83.84999996666667
2004-12-18,0.5990426753046606,267.33750000000003,255.51250000000002,1.0625,52.025,0.08125000000000002,0.00133,7.1125,44.650000000000006,-83.84999996666667
2004-12-26,0.4238729332582972,272.56666666666666,261.1666666666667,1.2166666666666668,67.23333333333333,0.07333333333333332,0.0022883333333333336,6.150000000000001,44.650000000000006,-83.84999996666667
2005-01-01,0.3630593478171267,272.3,263.87499999999994,3.0000000000000004,61.875,0.1375,0.0019450000000000001,4.825,44.650000000000006,-83.84999996666667
2005-01-09,0.4799281303729156,271.4125,261.5125,3.8125,61.212500000000006,0.14125,0.0017737500000000002,6.012500000000001,44.650000000000006,-83.84999996666667
2005-01-17,0.4519005318156064,264.8125,252.475,1.6625000000000003,72.1625,0.06875,0.00101125,6.650000000000001,44.650000000000006,-83.84999996666667
2005-01-25,0.32802759855730923,270.2875,257.4125,0.6375000000000001,83.46250000000002,0.1025,0.0015900000000000003,3.5,44.650000000000006,-83.84999996666667
2005-02-02,0.46625668842079937,275.83750000000003,265.78749999999997,0.7250000000000001,89.10000000000001,0.13874999999999998,0.002625,4.2,44.650000000000006,-83.84999996666667
2005-02-10,0.44074171581408605,274.0375,263.1,1.3625,107.475,0.1275,0.0021925,5.3375,44.650000000000006,-83.84999996666667
2005-02-18,0.519114544931745,271.93749999999994,261.4125,1.4375000000000002,91.65,0.11499999999999999,0.00185,4.2875000000000005,44.650000000000006,-83.84999996666667
2005-02-26,0.4799281303729156,272.55,258.2125,1.6875,151.85000000000002,0.14125000000000001,0.0016087500000000004,4.750000000000001,44.650000000000006,-83.84999996666667
2005-03-06,0.48884118399847964,273.225,258.35,1.4125,158.41250000000002,0.16874999999999998,0.0015825000000000004,4.925,44.650000000000006,-83.84999996666667
2005-03-14,0.5573436347952352,275.475,263.90000000000003,1.4125,131.16250000000002,0.19499999999999998,0.00202375,3.125,44.650000000000006,-83.84999996666667
2005-03-22,0.5821738927488718,280.875,264.5625,0.0,253.27500000000003,0.38875000000000004,0.00212125,3.5,44.650000000000006,-83.84999996666667
2005-03-30,0.810201491306181,288.43750000000006,271.70000000000005,0.30000000000000004,227.68750000000003,0.6262500000000001,0.00345625,6.012500000000001,44.650000000000006,-83.84999996666667
2005-04-07,0.7070041507025082,287.8875,272.2,0.037500000000000006,275.2375,0.6900000000000001,0.0028137500000000003,4.800000000000001,44.650000000000006,-83.84999996666667
2005-04-15,0.9990426753046606,293.1,274.1125,1.6375000000000002,253.1,0.9287500000000001,0.00392625,3.9000000000000004,44.650000000000006,-83.84999996666667
2005-04-23,1.0429874781900421,282.875,271.57500000000005,2.5125,157.2875,0.39625,0.0031075000000000005,5.1499999999999995,44.650000000000006,-83.84999996666667
2005-05-01,0.8980910970769441,288.3125,272.375,0.9000000000000001,221.88750000000002,0.60625,0.0038062499999999997,4.1875,44.650000000000006,-83.84999996666667
2005-05-09,1.219799259584822,289.1875,275.2,1.8500000000000003,197.92500000000004,0.53375,0.0052275,5.3500000000000005,44.650000000000006,-83.84999996666667
2005-05-17,1.8808912015358779,291.54999999999995,278.2875,1.775,220.1875,0.6837500000000001,0.005285,3.8500000000000005,44.650000000000006,-83.84999996666667
2005-05-25,1.9913595564166986,294.8,279.3625,0.7625,273.3625,0.83125,0.0060212500000000006,2.625000000000001,44.650000000000006,-83.84999996666667
2005-06-02,3.202106267807405,301.75,286.275,2.0625,270.21250000000003,1.1425,0.010217500000000001,4.4624999999999995,44.650000000000006,-83.84999996666667
2005-06-10,3.6078162343616733,299.1875,287.29999999999995,4.3500000000000005,222.32500000000002,0.90625,0.01067875,4.525,44.650000000000006,-83.84999996666667
2005-06-18,4.22035022613697,299.925,284.5375,0.45000000000000007,280.6875,1.04875,0.00911625,4.3125,44.650000000000006,-83.84999996666667
2005-06-26,4.340602221245534,301.2625,285.29999999999995,1.4000000000000001,286.225,1.1012499999999998,0.010118750000000001,4.4125000000000005,44.650000000000006,-83.84999996666667
2005-07-04,4.580206486882801,300.53749999999997,285.775,1.8250000000000002,287.21250000000003,1.085,0.009555,2.775,44.650000000000006,-83.84999996666667
2005-07-12,3.7559799519567045,303.8375,290.03749999999997,2.0375,270.1625,1.22625,0.012425000000000002,3.2,44.650000000000006,-83.84999996666667
2005-07-20,4.226663915718778,302.26250000000005,287.52500000000003,6.637500000000001,257.08750000000003,1.2025000000000001,0.01064375,4.112500000000001,44.650000000000006,-83.84999996666667
2005-07-28,3.910317864564993,301.8625,286.16249999999997,2.5,273.2625,1.0737500000000002,0.0106925,4.175,44.650000000000006,-83.84999996666667
2005-08-05,4.641020072323972,301.40000000000003,285.6875,1.1375000000000002,249.38750000000002,1.0250000000000001,0.01043375,3.6375,44.650000000000006,-83.84999996666667
2005-08-13,4.293001595765114,299.16249999999997,285.21250000000003,7.8375,225.7125,0.8300000000000001,0.0098925,3.45,44.650000000000006,-83.84999996666667
2005-08-21,4.41965976501627,296.275,283.425,0.55,204.02500000000003,0.6525,0.00889875,3.8125000000000004,44.650000000000006,-83.84999996666667
2005-08-29,4.275720708598511,297.6875,282.75,0.225,224.81250000000003,0.7875,0.0086125,3.8874999999999997,44.650000000000006,-83.84999996666667
2005-09-06,3.884964875209353,301.2375,284.525,0.9125000000000001,211.12500000000003,1.1812500000000001,0.009033750000000002,4.2125,44.650000000000006,-83.84999996666667
2005-09-14,3.774496520328533,297.54999999999995,281.81249999999994,1.075,174.87500000000003,0.79875,0.0083175,4.237500000000001,44.650000000000006,-83.84999996666667
2005-09-22,3.360825078376416,293.8875,279.3,10.775,154.875,0.48625,0.0079225,5.7125,44.650000000000006,-83.84999996666667
2005-09-30,2.7070098971701313,296.84999999999997,282.02500000000003,0.275,159.75000000000003,0.8462500000000001,0.008243750000000001,6.262500000000001,44.650000000000006,-83.84999996666667
2005-10-08,2.2373642497289334,289.15,278.025,0.23750000000000002,130.2375,0.43000000000000005,0.0059475000000000005,4.7625,44.650000000000006,-83.84999996666667
2005-10-16,1.7532757075893828,284.7625,273.8125,0.6875,119.5,0.32875,0.00431625,4.875000000000001,44.650000000000006,-83.84999996666667
2005-10-24,1.1876227421961236,284.5375,273.9625,0.9625,103.57500000000002,0.38625,0.004018750000000001,5.1375,44.650000000000006,-83.84999996666667
2005-11-01,1.1309580755863422,286.0,275.45,4.1375,89.75,0.355,0.0047825,5.7124999999999995,44.650000000000006,-83.84999996666667
2005-11-09,0.7774155044223197,283.275,272.05,3.7625,76.5875,0.30375,0.0038600000000000006,8.4625,44.650000000000006,-83.84999996666667
2005-11-17,0.6821738927488717,274.59999999999997,265.97499999999997,1.2000000000000002,58.849999999999994,0.12375,0.0025675000000000003,7.325000000000001,44.650000000000006,-83.84999996666667
2005-11-25,0.6687693143713952,275.9375,267.41249999999997,2.75,42.925,0.12874999999999998,0.0029987500000000005,6.2125,44.650000000000006,-83.84999996666667
2005-12-03,0.640741715814086,268.9875,262.3625,0.30000000000000004,69.1,0.08875,0.0017375000000000003,6.475,44.650000000000006,-83.84999996666667
2005-12-11,0.5496547694396502,270.7375,264.2875,2.1,51.875,0.08125,0.002135,6.3875,44.650000000000006,-83.84999996666667
2005-12-19,0.5471421434890542,272.375,265.29999999999995,1.7125000000000001,56.35,0.07,0.00253125,5.762499999999999,44.650000000000006,-83.84999996666667
2005-12-27,0.3608135854411705,274.0400000000001,268.34,2.2,55.76000000000001,0.07,0.0029620000000000002,4.58,44.650000000000006,-83.84999996666667
2006-01-01,0.27448502739328673,274.875,268.52500000000003,2.1,45.5625,0.10124999999999999,0.0029562499999999997,4.7,44.650000000000006,-83.84999996666667
2006-01-09,0.39108694637443586,275.13750000000005,267.8,1.2500000000000002,62.425,0.12875,0.0027625,5.925,44.650000000000006,-83.84999996666667
2006-01-17,0.3608135854411705,274.28749999999997,265.8875,3.225,69.0625,0.0875,0.0026875,5.6875,44.650000000000006,-83.84999996666667
2006-01-25,0.3327859868838613,275.1,266.4625,3.1875,71.0875,0.1075,0.0027500000000000003,5.800000000000002,44.650000000000006,-83.84999996666667
2006-02-02,0.39359957232503173,273.38750000000005,264.5625,1.725,89.6875,0.13125,0.0022125000000000005,6.0,44.650000000000006,-83.84999996666667
2006-02-10,0.23754437521041338,272.58750000000003,263.925,3.4000000000000004,77.98750000000001,0.12875,0.00203,5.25,44.650000000000006,-83.84999996666667
2006-02-18,0.39359957232503173,270.38750000000005,257.98749999999995,0.28750000000000003,123.57500000000003,0.115,0.0015249999999999999,6.425000000000001,44.650000000000006,-83.84999996666667
2006-02-26,0.46876931437139524,272.27500000000003,258.525,0.1125,177.7125,0.1525,0.0015275,4.112500000000001,44.650000000000006,-83.84999996666667
2006-03-06,0.6270702738619698,283.3875,269.40000000000003,5.5375,197.46250000000003,0.39875,0.0031750000000000007,4.6875,44.650000000000006,-83.84999996666667
2006-03-14,0.7270702738619699,275.45000000000005,264.91249999999997,0.037500000000000006,213.0,0.25875000000000004,0.001705,7.450000000000001,44.650000000000006,-83.84999996666667
2006-03-22,0.7407417158140861,281.02500000000003,269.275,0.125,166.75000000000003,0.36125000000000007,0.0026375,2.95,44.650000000000006,-83.84999996666667
2006-03-30,0.840741715814086,282.26250000000005,268.75,4.862499999999999,177.07500000000002,0.33999999999999997,0.0030987500000000004,5.487500000000001,44.650000000000006,-83.84999996666667
2006-04-07,0.9598562607458312,289.52500000000003,272.8375,1.9500000000000002,222.43749999999997,0.65375,0.00415875,5.299999999999999,44.650000000000006,-83.84999996666667
2006-04-15,1.0181572202364055,292.95000000000005,276.675,0.625,279.35,0.91125,0.0043175,3.6750000000000003,44.650000000000006,-83.84999996666667
2006-04-23,1.1127141172567767,289.8375,273.7625,0.6,281.15000000000003,0.7225,0.0036112500000000003,4.6875,44.650000000000006,-83.84999996666667
2006-05-01,1.3184298302786683,292.0375,278.22499999999997,0.0,221.0875,0.84375,0.00462875,4.550000000000001,44.650000000000006,-83.84999996666667
2006-05-09,2.021632917349964,291.0875,280.33750000000003,6.8375,196.05,0.6375,0.0058850000000000005,6.175000000000001,44.650000000000006,-83.84999996666667
2006-05-17,2.143265834699928,289.54999999999995,275.99999999999994,2.4875,217.0875,0.6312500000000001,0.00456375,4.7875000000000005,44.650000000000006,-83.84999996666667
2006-05-25,2.900615215962786,301.79999999999995,287.57500000000005,4.5625,265.725,1.225,0.01016625,3.7625,44.650000000000006,-83.84999996666667
2006-06-02,3.6464689217712234,297.95,282.95,0.6250000000000001,293.675,1.035,0.00737625,3.725,44.650000000000006,-83.84999996666667
2006-06-10,4.047565741035114,296.08750000000003,282.0125,0.037500000000000006,277.3875,0.87875,0.00755375,4.0125,44.650000000000006,-83.84999996666667
2006-06-18,4.423280703166003,298.95,284.05,5.0875,268.4375,0.97625,0.008612500000000002,4.175,44.650000000000006,-83.84999996666667
2006-06-26,4.166082309406942,299.9625,285.4125,4.3625,271.83750000000003,0.9850000000000001,0.00953,3.6375000000000006,44.650000000000006,-83.84999996666667
2006-07-04,4.364648630690151,298.6625,283.54999999999995,2.35,297.5375,0.8325000000000001,0.00921625,4.0375,44.650000000000006,-83.84999996666667
2006-07-12,4.755109365354525,303.675,289.46250000000003,1.8625000000000003,289.2,1.2575,0.011933750000000002,4.1375,44.650000000000006,-83.84999996666667
2006-07-20,4.736679535075856,301.18750000000006,288.0625,3.9375000000000004,240.53750000000005,1.0374999999999999,0.010957500000000002,4.0875,44.650000000000006,-83.84999996666667
2006-07-28,4.630551717443152,304.775,290.29999999999995,3.4625000000000004,261.0,1.2437500000000001,0.013305,4.2375,44.650000000000006,-83.84999996666667
2006-08-05,3.7129057356735027,298.91249999999997,283.7375,0.0,268.3375,0.8925,0.0090325,3.9250000000000003,44.650000000000006,-83.84999996666667
2006-08-13,3.800197364884349,299.275,284.225,0.42500000000000004,220.875,0.94125,0.009017500000000001,3.6375000000000006,44.650000000000006,-83.84999996666667
2006-08-21,3.8136019432618253,298.21250000000003,283.9625,6.7250000000000005,204.325,0.81375,0.009162500000000002,3.6,44.650000000000006,-83.84999996666667
2006-08-29,3.7505425954446987,295.58750000000003,282.8125,0.21250000000000002,210.75,0.63125,0.0084525,3.7624999999999997,44.650000000000006,-83.84999996666667
2006-09-06,3.471908649220023,293.5125,281.675,4.575,170.125,0.52125,0.0080625,4.4,44.650000000000006,-83.84999996666667
2006-09-14,3.17422391028627,293.55,280.8625,1.1000000000000003,167.2375,0.6125,0.007438750000000002,4.575,44.650000000000006,-83.84999996666667
2006-09-22,2.538240582798736,290.02500000000003,277.05,4.6125,130.28750000000002,0.39125,0.006342499999999999,5.312500000000001,44.650000000000006,-83.84999996666667
2006-09-30,1.9191202913993681,290.3125,277.2375,4.237500000000001,147.55,0.4825,0.006083750000000001,4.425000000000001,44.650000000000006,-83.84999996666667
2006-10-08,1.2181572202364057,284.1125,273.35,2.0,117.3125,0.36000000000000004,0.0041025,7.325000000000001,44.650000000000006,-83.84999996666667
2006-10-16,1.005443102979629,283.225,274.1875,6.5125,77.6,0.245,0.00454875,4.6375,44.650000000000006,-83.84999996666667
2006-10-24,0.6382290898634901,281.58750000000003,271.72499999999997,0.7125000000000001,100.39999999999999,0.27375,0.0035775,5.5375000000000005,44.650000000000006,-83.84999996666667
2006-11-01,0.5168687825557888,279.97499999999997,271.7875,0.0,73.175,0.255,0.00345625,5.574999999999999,44.650000000000006,-83.84999996666667
2006-11-09,0.655097872419279,279.125,271.525,4.1125,61.762499999999996,0.175,0.0036687500000000006,4.5375,44.650000000000006,-83.84999996666667
2006-11-17,0.6133988319098536,279.375,271.27500000000003,0.0,66.47500000000001,0.2475,0.0031937500000000004,4.3500000000000005,44.650000000000006,-83.84999996666667
2006-11-25,0.5325133768415986,282.3125,273.85,5.375000000000001,47.15,0.23500000000000001,0.004592500000000001,5.575000000000001,44.650000000000006,-83.84999996666667
2006-12-03,0.5133988319098537,271.925,265.125,0.35,61.587500000000006,0.10750000000000001,0.002195,7.9375,44.650000000000006,-83.84999996666667
2006-12-11,0.4799281303729156,277.9,270.5625,3.05,58.8875,0.11,0.0036425,6.137499999999999,44.650000000000006,-83.84999996666667
2006-12-19,0.4280275985573092,277.275,269.55,2.2,63.53750000000001,0.14250000000000004,0.0031987499999999998,5.950000000000001,44.650000000000006,-83.84999996666667
2006-12-27,0.3519005318156063,276.34,269.44,1.28,55.92,0.06599999999999999,0.0035120000000000004,4.26,44.650000000000006,-83.84999996666667
2007-01-01,0.3519005318156063,277.48749999999995,268.3125,1.6250000000000002,65.2375,0.16375,0.0030037500000000003,6.65,44.650000000000006,-83.84999996666667
2007-01-09,0.44074171581408605,271.1,263.25,1.6625,54.0375,0.09624999999999999,0.00201,5.925,44.650000000000006,-83.84999996666667
2007-01-17,0.44074171581408605,269.79999999999995,261.25,1.1125,64.68750000000001,0.0825,0.0017800000000000003,5.737500000000001,44.650000000000006,-83.84999996666667
2007-01-25,0.44074171581408605,268.67499999999995,257.70000000000005,1.05,66.5625,0.08125,0.001495,5.4625,44.650000000000006,-83.84999996666667
2007-02-02,0.42707027386196983,264.975,252.8625,0.36250000000000004,89.3,0.09,0.0009012500000000001,7.4125000000000005,44.650000000000006,-83.84999996666667
2007-02-10,0.29584533470098795,267.71250000000003,256.225,0.1125,100.325,0.10874999999999999,0.00114875,6.550000000000001,44.650000000000006,-83.84999996666667
2007-02-18,0.39904267530466064,272.00000000000006,258.725,1.6125,110.6125,0.12,0.0017237500000000002,6.25,44.650000000000006,-83.84999996666667
2007-02-26,0.5015553012552565,273.7,263.1375,2.8625000000000003,92.6375,0.13375,0.0021025,6.075,44.650000000000006,-83.84999996666667
2007-03-06,0.4967969129287044,275.95,262.0625,1.0125000000000002,169.2375,0.20500000000000002,0.0021850000000000003,4.9,44.650000000000006,-83.84999996666667
2007-03-14,0.6015553012552566,277.88750000000005,264.85,2.25,173.41250000000002,0.29000000000000004,0.0020162500000000002,6.0625,44.650000000000006,-83.84999996666667
2007-03-22,0.6598562607458311,289.58750000000003,272.27500000000003,1.475,233.52500000000003,0.6287499999999999,0.0041,5.375,44.650000000000006,-83.84999996666667
2007-03-30,0.7270702738619699,280.6875,268.7125,4.300000000000001,118.1375,0.35375000000000006,0.0028562500000000003,6.5875,44.650000000000006,-83.84999996666667
2007-04-07,0.7885685739562172,276.825,266.40000000000003,2.6000000000000005,201.78750000000002,0.255,0.0021212500000000003,4.875,44.650000000000006,-83.84999996666667
2007-04-15,0.840741715814086,289.2,273.3125,0.6875,253.675,0.7362500000000001,0.0035775,4.987500000000001,44.650000000000006,-83.84999996666667
2007-04-23,0.8357164639128942,289.875,275.1875,3.25,219.52500000000003,0.6224999999999999,0.0044925,3.9499999999999997,44.650000000000006,-83.84999996666667
2007-05-01,1.504758388326552,292.2,275.3625,0.5375,266.85,0.8812500000000001,0.004015,4.75,44.650000000000006,-83.84999996666667
2007-05-09,1.86237463316405,294.2875,277.825,5.100000000000001,230.08750000000003,0.8650000000000001,0.00560125,4.775,44.650000000000006,-83.84999996666667
2007-05-17,2.8633377043270127,296.31249999999994,277.5375,0.0625,290.1125,1.09375,0.005302500000000001,4.7625,44.650000000000006,-83.84999996666667
2007-05-25,3.3722507579525764,299.01250000000005,282.5125,1.3375000000000001,289.65000000000003,1.15875,0.007333750000000002,4.3625,44.650000000000006,-83.84999996666667
2007-06-02,3.9046188937580006,297.72499999999997,280.675,7.125000000000001,266.4875,0.8712499999999999,0.008056250000000001,4.9375,44.650000000000006,-83.84999996666667
2007-06-10,4.384964875209353,301.9,285.9125,0.4,312.77500000000003,1.30625,0.008997500000000002,2.5375000000000005,44.650000000000006,-83.84999996666667
2007-06-18,4.454691514276088,299.725,282.27500000000003,2.8125,323.07500000000005,1.0325000000000002,0.00837875,4.737500000000001,44.650000000000006,-83.84999996666667
2007-06-26,3.9896422719103684,297.66249999999997,282.15000000000003,1.4625000000000001,271.0875,0.9375,0.007827500000000001,3.6,44.650000000000006,-83.84999996666667
2007-07-04,4.142157522500791,301.7,286.3125,4.6000000000000005,262.5625,1.0975,0.0104375,4.0875,44.650000000000006,-83.84999996666667
2007-07-12,3.9567805426806237,298.35,282.7125,2.4625,245.2375,0.94875,0.008091250000000001,4.075,44.650000000000006,-83.84999996666667
2007-07-20,4.229594392747812,300.95,284.83750000000003,0.0,284.2375,1.22375,0.008587500000000001,3.575,44.650000000000006,-83.84999996666667
2007-07-28,4.359183039028,303.425,286.9125,0.15000000000000002,291.0375,1.45375,0.00967,3.2125000000000004,44.650000000000006,-83.84999996666667
2007-08-05,3.8426621116723876,302.0375,286.1875,1.4125,252.52499999999998,1.07,0.01068375,3.35,44.650000000000006,-83.84999996666667
2007-08-13,3.6578078632542237,296.7375,281.27500000000003,0.23750000000000002,231.18750000000003,0.84625,0.007532500000000003,4.65,44.650000000000006,-83.84999996666667
2007-08-21,4.08401904344926,300.13750000000005,285.71250000000003,6.525,201.125,0.8912500000000001,0.010486249999999999,4.1000000000000005,44.650000000000006,-83.84999996666667
2007-08-29,3.704427772529245,298.7,283.67499999999995,1.0125000000000002,214.0,0.8625,0.0090875,3.85,44.650000000000006,-83.84999996666667
2007-09-06,3.520147611972968,295.1625,281.98749999999995,3.075,173.425,0.6150000000000001,0.0085,5.0375000000000005,44.650000000000006,-83.84999996666667
2007-09-14,3.806330928984677,295.425,279.0125,0.3375,192.0625,0.7275,0.007306250000000001,5.862500000000001,44.650000000000006,-83.84999996666667
2007-09-22,3.6690591638165264,296.75,280.5875,1.35,181.4875,0.8550000000000001,0.0074287500000000005,4.675,44.650000000000006,-83.84999996666667
2007-09-30,3.012127633632106,298.1125,283.1875,0.037500000000000006,152.0,0.9125,0.0085,5.325,44.650000000000006,-83.84999996666667
2007-10-08,2.485655336330053,288.175,276.2,0.875,110.6875,0.43,0.005742500000000001,4.9625,44.650000000000006,-83.84999996666667
2007-10-16,1.7608193319087935,291.07500000000005,279.375,7.387499999999999,110.35000000000001,0.47125,0.0066875,6.95,44.650000000000006,-83.84999996666667
2007-10-24,1.1461905652613378,285.3,272.5125,1.0125000000000002,100.075,0.30750000000000005,0.0044475,5.9625,44.650000000000006,-83.84999996666667
2007-11-01,0.7200718696270845,279.325,270.0,0.3125,77.25,0.22875,0.0031425000000000003,6.062500000000001,44.650000000000006,-83.84999996666667
2007-11-09,0.7079557289302247,280.6625,270.9625,1.75,71.8625,0.21125,0.00370125,5.625,44.650000000000006,-83.84999996666667
2007-11-17,0.7079557289302247,275.15,267.275,1.5125000000000002,53.825,0.09625,0.0029275000000000004,5.875,44.650000000000006,-83.84999996666667
2007-11-25,0.535983327487534,272.475,263.725,0.8500000000000001,59.1375,0.0625,0.0024275,7.175,44.650000000000006,-83.84999996666667
2007-12-03,0.4464574288359775,270.35,262.65,4.1875,71.125,0.08375,0.0019412500000000003,6.4125000000000005,44.650000000000006,-83.84999996666667
2007-12-11,0.3496547694396501,271.175,262.1625,0.7875000000000001,66.775,0.05875,0.0021525,5.9375,44.650000000000006,-83.84999996666667
2007-12-19,0.4216271708823409,274.175,266.0875,1.6375000000000002,62.28750000000001,0.06625,0.0028250000000000003,5.8625,44.650000000000006,-83.84999996666667
2007-12-27,0.16081358544117047,272.64,266.65999999999997,2.4400000000000004,59.14000000000001,0.07,0.0026240000000000005,4.66,44.650000000000006,-83.84999996666667
2008-01-01,0.21367144195211624,273.775,265.35,3.9250000000000003,56.587500000000006,0.08499999999999999,0.0027400000000000002,6.225,44.650000000000006,-83.84999996666667
2008-01-09,0.27448502739328673,273.97499999999997,266.925,2.5250000000000004,49.71249999999999,0.10499999999999998,0.002635,4.925,44.650000000000006,-83.84999996666667
2008-01-17,0.3690419244136579,266.6875,258.38750000000005,0.7375,65.78750000000001,0.0875,0.00132125,6.925000000000001,44.650000000000006,-83.84999996666667
2008-01-25,0.3744850273932867,271.28749999999997,259.9375,3.5875,77.0125,0.09125000000000001,0.0019087499999999999,6.325,44.650000000000006,-83.84999996666667
2008-02-02,0.3744850273932867,273.15000000000003,262.4625,1.8375000000000001,77.125,0.085,0.0022675000000000004,4.575,44.650000000000006,-83.84999996666667
2008-02-10,0.3519005318156063,269.125,256.1875,3.2375000000000003,87.33750000000002,0.08875,0.0014437500000000002,5.700000000000001,44.650000000000006,-83.84999996666667
2008-02-18,0.31911454493174507,270.1,257.525,0.2875,121.975,0.10124999999999999,0.0015500000000000002,3.7000000000000006,44.650000000000006,-83.84999996666667
2008-02-26,0.3799281303729155,272.04999999999995,259.3125,0.9625,121.25,0.1325,0.00172625,5.325000000000001,44.650000000000006,-83.84999996666667
2008-03-05,0.3799281303729155,272.5375,259.4,0.0,181.7625,0.15375,0.0016037500000000001,4.775,44.650000000000006,-83.84999996666667
2008-03-13,0.39904267530466064,277.075,264.9,0.9625000000000001,162.32500000000002,0.21125,0.00229875,4.675000000000001,44.650000000000006,-83.84999996666667
2008-03-21,0.5598562607458311,275.9375,263.1875,0.9,188.50000000000003,0.2175,0.0019287500000000001,4.9125000000000005,44.650000000000006,-83.84999996666667
2008-03-29,0.5786396926922988,282.6625,267.95,2.7625,191.2,0.43500000000000005,0.00246375,4.7250000000000005,44.650000000000006,-83.84999996666667
2008-04-06,0.721627170882341,284.275,270.1,5.7250000000000005,206.20000000000002,0.41999999999999993,0.0032937500000000002,6.4125000000000005,44.650000000000006,-83.84999996666667
2008-04-14,0.9270702738619698,292.6125,275.8125,0.0,263.1875,0.8512500000000002,0.00452625,4.6625,44.650000000000006,-83.84999996666667
2008-04-22,1.1079557289302246,290.36249999999995,275.75,1.5375,265.81250000000006,0.8000000000000002,0.004135,5.675000000000001,44.650000000000006,-83.84999996666667
2008-04-30,1.0655719737677225,291.32500000000005,274.875,5.562500000000001,230.4125,0.70875,0.00448125,5.375,44.650000000000006,-83.84999996666667
2008-05-08,1.0464574288359776,290.2875,275.3875,0.8250000000000001,237.75,0.6437499999999998,0.004477500000000001,4.025,44.650000000000006,-83.84999996666667
2008-05-16,1.74673003887824,288.51250000000005,274.3625,0.575,234.325,0.5725,0.00410625,5.237500000000001,44.650000000000006,-83.84999996666667
2008-05-24,1.8470726447987635,294.375,276.96250000000003,1.1625,276.1375,0.83625,0.005517500000000001,4.5625,44.650000000000006,-83.84999996666667
2008-06-01,2.680891201535878,298.175,285.4625,8.2125,222.775,0.8825000000000001,0.009600000000000001,4.9,44.650000000000006,-83.84999996666667
2008-06-09,3.1234608286474828,297.6375,285.825,6.075,250.5875,0.8674999999999999,0.00915875,4.937500000000001,44.650000000000006,-83.84999996666667
2008-06-17,3.9230080931237405,294.6875,281.4875,4.9375,231.62500000000003,0.69875,0.00742125,2.8625000000000003,44.650000000000006,-83.84999996666667
2008-06-25,4.436267430465042,299.5,284.725,3.8875,272.825,0.9249999999999999,0.009508750000000002,4.5625,44.650000000000006,-83.84999996666667
2008-07-03,4.0236003232160344,298.8875,284.5,1.9500000000000002,297.43750000000006,0.9249999999999998,0.00910875,3.775,44.650000000000006,-83.84999996666667
2008-07-11,4.416195560837958,300.40000000000003,286.9125,4.3375,259.4125,0.9687500000000001,0.010546250000000002,4.4,44.650000000000006,-83.84999996666667
2008-07-19,4.432797479819107,299.225,286.20000000000005,2.9375,262.0125,0.885,0.009942500000000002,3.6750000000000003,44.650000000000006,-83.84999996666667
2008-07-27,3.369181418982209,300.25,285.08750000000003,0.17500000000000002,261.6125,0.9475,0.009863750000000001,3.0875000000000004,44.650000000000006,-83.84999996666667
2008-08-04,3.0833175865812836,298.575,283.6875,2.4875000000000003,235.72500000000002,0.8275,0.00929625,4.2250000000000005,44.650000000000006,-83.84999996666667
2008-08-12,4.099599388324432,299.1125,283.025,1.6875,239.53750000000002,0.92625,0.008820000000000001,3.5625,44.650000000000006,-83.84999996666667
2008-08-20,3.7378169852526764,298.8,281.975,3.0125,228.28750000000002,0.88625,0.008701250000000002,3.9125000000000005,44.650000000000006,-83.84999996666667
2008-08-28,4.154093537716171,299.0625,283.41249999999997,4.5875,207.21250000000003,0.8612500000000001,0.00932375,3.6625000000000005,44.650000000000006,-83.84999996666667
2008-09-05,3.986879524600032,293.0125,279.97499999999997,3.075,188.54999999999998,0.48000000000000004,0.0075112500000000006,3.6375,44.650000000000006,-83.84999996666667
2008-09-13,3.53333695343601,292.875,279.425,4.5,168.6,0.38125000000000003,0.00801375,4.650000000000001,44.650000000000006,-83.84999996666667
2008-09-21,3.2362674304650425,295.8375,281.2125,0.36250000000000004,190.58750000000003,0.6612500000000001,0.008051250000000001,3.3625000000000003,44.650000000000006,-83.84999996666667
2008-09-29,2.1633319578593895,286.8625,274.7,0.6375000000000001,135.05,0.30375,0.0052575,4.4125000000000005,44.650000000000006,-83.84999996666667
2008-10-07,1.5544189042338252,293.025,277.325,1.7874999999999999,146.20000000000002,0.64625,0.00611625,5.075000000000001,44.650000000000006,-83.84999996666667
2008-10-15,1.257616244837498,284.05000000000007,272.25,1.4625000000000001,109.9375,0.29500000000000004,0.0041537499999999995,4.625,44.650000000000006,-83.84999996666667
2008-10-23,0.9608135854411703,282.15,270.75,1.5250000000000001,95.1,0.20625000000000002,0.0040237499999999995,6.9,44.650000000000006,-83.84999996666667
2008-10-31,0.7382290898634902,288.01250000000005,275.4375,1.0125,105.8125,0.41874999999999996,0.0052,4.95,44.650000000000006,-83.84999996666667
2008-11-08,0.6662566884207994,278.5125,270.25,2.0625,53.1625,0.13749999999999998,0.00361,6.4,44.650000000000006,-83.84999996666667
2008-11-16,0.46081358544117046,271.8125,265.24999999999994,0.25,49.425,0.10999999999999999,0.00215875,6.087500000000001,44.650000000000006,-83.84999996666667
2008-11-24,0.25605519711461844,273.90000000000003,268.225,2.5,55.525000000000006,0.06625,0.0029675000000000005,5.725,44.650000000000006,-83.84999996666667
2008-12-02,0.25605519711461844,269.7875,262.7875,4.075,53.58750000000001,0.051250000000000004,0.00210375,7.025,44.650000000000006,-83.84999996666667
2008-12-10,0.22802759855730922,269.625,260.075,1.5750000000000002,64.1875,0.05375,0.0019325,6.787500000000001,44.650000000000006,-83.84999996666667
2008-12-18,0.2,267.22499999999997,258.0875,2.7625,57.237500000000004,0.03125,0.0016862500000000002,5.9750000000000005,44.650000000000006,-83.84999996666667
2008-12-26,0.12802759855730922,273.45000000000005,262.93333333333334,4.433333333333334,40.416666666666664,0.09500000000000001,0.0024366666666666673,7.800000000000001,44.650000000000006,-83.84999996666667
2009-01-01,0.24394480288538165,269.31250000000006,257.0625,0.6125,54.60000000000001,0.042499999999999996,0.00175625,5.4624999999999995,44.650000000000006,-83.84999996666667
2009-01-09,0.37673078976924285,265.8375,253.27499999999998,0.48750000000000004,63.500000000000014,0.05499999999999999,0.0012325,3.6875,44.650000000000006,-83.84999996666667
2009-01-17,0.3327859868838613,266.8875,251.11250000000004,0.8625,77.9375,0.052500000000000005,0.001265,4.775,44.650000000000006,-83.84999996666667
2009-01-25,0.3608135854411705,266.825,251.925,0.2875,82.75,0.0675,0.0012025,4.675,44.650000000000006,-83.84999996666667
2009-02-02,0.34714214348905426,270.9375,258.36249999999995,0.1625,94.575,0.09125,0.0017887500000000002,5.0125,44.650000000000006,-83.84999996666667
2009-02-10,0.3799281303729155,274.625,264.5375,2.7624999999999997,80.8,0.11374999999999999,0.002532500000000001,4.9750000000000005,44.650000000000006,-83.84999996666667
2009-02-18,0.4079557289302247,270.3375,257.7625,2.375,87.66250000000001,0.0825,0.0016925,6.175000000000001,44.650000000000006,-83.84999996666667
2009-02-26,0.41815722023640567,271.34999999999997,255.89999999999998,3.2875000000000005,163.15000000000003,0.12125,0.001565,4.675000000000001,44.650000000000006,-83.84999996666667
2009-03-06,0.5079557289302248,276.88750000000005,263.08750000000003,2.6,160.78750000000002,0.19,0.0023987500000000003,5.35,44.650000000000006,-83.84999996666667
2009-03-14,0.5305402245079051,282.3,266.0,0.36250000000000004,209.3625,0.42375000000000007,0.0024300000000000003,4.4375,44.650000000000006,-83.84999996666667
2009-03-22,0.6598562607458311,280.0,267.0125,2.75,156.5,0.30374999999999996,0.0024875,6.0375,44.650000000000006,-83.84999996666667
2009-03-30,0.735983327487534,280.3,269.0625,3.2125,186.36250000000004,0.33375,0.0026300000000000004,7.175000000000001,44.650000000000006,-83.84999996666667
2009-04-07,0.8104683548808207,281.55,268.975,0.0,245.70000000000002,0.485,0.0019225000000000002,5.2,44.650000000000006,-83.84999996666667
2009-04-15,0.7293160362379261,287.43749999999994,273.4375,2.7875,196.10000000000002,0.69375,0.0030325,5.175,44.650000000000006,-83.84999996666667
2009-04-23,0.9776823679969593,291.92499999999995,275.35,4.9375,234.5,0.69625,0.00511875,5.850000000000001,44.650000000000006,-83.84999996666667
2009-05-01,1.0519005318156063,292.8125,277.4375,0.45,243.7375,0.8487500000000001,0.0046300000000000004,4.8375,44.650000000000006,-83.84999996666667
2009-05-09,1.4231882186052203,289.6125,274.99999999999994,2.9250000000000003,224.50000000000003,0.6175,0.0043775,5.4375,44.650000000000006,-83.84999996666667
2009-05-17,1.6976789924661302,294.525,277.7,0.32499999999999996,296.4375,0.96375,0.005005,5.237500000000001,44.650000000000006,-83.84999996666667
2009-05-25,2.005448849447252,291.34999999999997,275.575,4.650000000000001,220.85,0.59625,0.00529375,4.4750000000000005,44.650000000000006,-83.84999996666667
2009-06-02,2.794568389955617,291.45,277.45,5.7,268.6625,0.645,0.005379999999999999,3.8875000000000006,44.650000000000006,-83.84999996666667
2009-06-10,3.3938836753025408,295.7625,281.26250000000005,1.6500000000000001,267.8125,0.8475,0.006785,2.6,44.650000000000006,-83.84999996666667
2009-06-18,3.9841000350747966,301.81249999999994,287.7125,0.7625,273.4375,1.0525,0.011191250000000002,2.775,44.650000000000006,-83.84999996666667
2009-06-26,4.275453845023872,295.95,284.45,2.0625,215.62500000000003,0.70125,0.008761250000000002,3.75,44.650000000000006,-83.84999996666667
2009-07-04,4.426065939158861,297.07499999999993,281.575,0.037500000000000006,276.475,0.82375,0.0078525,3.9875000000000003,44.650000000000006,-83.84999996666667
2009-07-12,3.968357209760581,296.425,281.6875,1.3375000000000001,248.3,0.8449999999999999,0.00736625,3.8750000000000004,44.650000000000006,-83.84999996666667
2009-07-20,3.6778682399460623,297.85,285.7125,9.25,216.4,0.7650000000000001,0.009720000000000001,3.4625000000000004,44.650000000000006,-83.84999996666667
2009-07-28,3.457627737772744,298.45,283.9875,2.575,240.02500000000003,0.84875,0.0090375,4.8,44.650000000000006,-83.84999996666667
2009-08-05,3.7033540745750932,297.3625,284.9125,2.2,214.10000000000002,0.605,0.010315000000000001,3.1999999999999997,44.650000000000006,-83.84999996666667
2009-08-13,4.040753208749332,301.225,286.8625,3.3125,240.425,0.9662499999999999,0.010977500000000001,4.6625000000000005,44.650000000000006,-83.84999996666667
2009-08-21,3.773730814049919,294.86250000000007,282.62500000000006,3.5125,200.9,0.5449999999999999,0.008628750000000001,4.312500000000001,44.650000000000006,-83.84999996666667
2009-08-29,3.7614345478715796,294.625,279.35,1.5875000000000001,218.3,0.6775,0.007016250000000001,2.6125,44.650000000000006,-83.84999996666667
2009-09-06,3.6250218763703623,298.85,282.825,0.0,220.25,0.85875,0.008837500000000002,2.6875,44.650000000000006,-83.84999996666667
2009-09-14,3.120948202696887,295.3875,278.15,3.5500000000000003,193.22500000000002,0.61125,0.007537500000000001,3.8375,44.650000000000006,-83.84999996666667
2009-09-22,2.328834432936821,292.8125,279.90000000000003,5.2875,125.8125,0.41250000000000003,0.0080575,4.775,44.650000000000006,-83.84999996666667
2009-09-30,2.145778460650524,285.0,275.925,3.7375000000000003,116.2,0.23750000000000004,0.005290000000000001,5.6,44.650000000000006,-83.84999996666667
2009-10-08,1.6585735695328372,281.375,272.325,0.7875,98.53750000000001,0.23374999999999999,0.0038900000000000007,4.85,44.650000000000006,-83.84999996666667
2009-10-16,1.1327859868838615,283.4875,273.75,4.9375,80.15,0.2225,0.004732500000000001,4.9125000000000005,44.650000000000006,-83.84999996666667
2009-10-24,0.8255149726067132,285.87499999999994,275.92500000000007,6.0625,77.30000000000001,0.2375,0.005645,5.6125,44.650000000000006,-83.84999996666667
2009-11-01,0.7799281303729155,281.8,271.4,0.55,72.1375,0.24000000000000002,0.0038925,5.2250000000000005,44.650000000000006,-83.84999996666667
2009-11-09,0.7270702738619699,284.4625,271.71250000000003,0.0,98.61250000000001,0.3212500000000001,0.004035,4.125,44.650000000000006,-83.84999996666667
2009-11-17,0.635983327487534,283.12500000000006,272.34999999999997,0.675,71.80000000000001,0.18875,0.004537500000000001,3.7375000000000003,44.650000000000006,-83.84999996666667
2009-11-25,0.635983327487534,278.8125,270.525,1.75,53.16250000000001,0.12000000000000001,0.0037750000000000006,5.125,44.650000000000006,-83.84999996666667
2009-12-03,0.5496547694396502,272.3875,264.575,3.1999999999999997,44.412499999999994,0.08875,0.0023175,6.3374999999999995,44.650000000000006,-83.84999996666667
2009-12-11,0.44965476943965016,270.4125,260.5,0.8500000000000001,56.0125,0.05499999999999999,0.00201875,5.6625000000000005,44.650000000000006,-83.84999996666667
2009-12-19,0.3327859868838613,271.51250000000005,264.02500000000003,3.4625,55.012499999999996,0.06,0.0023350000000000003,4.7125,44.650000000000006,-83.84999996666667
2009-12-27,0.22734288390423246,270.03999999999996,261.8,0.74,55.220000000000006,0.05,0.002132,6.42,44.650000000000006,-83.84999996666667
2010-01-01,0.3799281303729155,266.28749999999997,259.70000000000005,0.0,46.975,0.0375,0.0017075000000000003,6.8625,44.650000000000006,-83.84999996666667
2010-01-09,0.5127141172567768,272.86249999999995,263.67499999999995,0.21250000000000002,78.8125,0.14,0.0020912500000000002,4.8999999999999995,44.650000000000006,-83.84999996666667
2010-01-17,0.43054022450790513,275.0625,266.1875,0.625,77.175,0.13375,0.0026049999999999997,4.4125000000000005,44.650000000000006,-83.84999996666667
2010-01-25,0.4633262113917664,268.225,260.85,0.05,87.25,0.08499999999999999,0.00166875,5.6875,44.650000000000006,-83.84999996666667
2010-02-02,0.43529861283445714,271.24999999999994,260.35,0.5375,90.25000000000001,0.08000000000000002,0.0019262500000000002,4.3375,44.650000000000006,-83.84999996666667
2010-02-10,0.4799281303729156,271.2875,263.85,0.17500000000000002,90.6875,0.10124999999999999,0.0020325000000000005,4.525,44.650000000000006,-83.84999996666667
2010-02-18,0.39108694637443586,274.6625,263.28749999999997,0.42500000000000004,103.91250000000001,0.11750000000000002,0.00239,4.2,44.650000000000006,-83.84999996666667
2010-02-26,0.5662566884207993,275.7,263.77500000000003,0.08750000000000001,152.5875,0.13875,0.0024512500000000003,4.975,44.650000000000006,-83.84999996666667
2010-03-06,0.4977542376240438,284.675,271.17499999999995,3.4625000000000004,184.1375,0.4000000000000001,0.0035775,4.487500000000001,44.650000000000006,-83.84999996666667
2010-03-14,0.6238729332582972,285.8875,268.9375,0.1,208.22500000000002,0.5712500000000001,0.0027525000000000006,4.2,44.650000000000006,-83.84999996666667
2010-03-22,0.712714117256777,282.31250000000006,267.15,0.0,238.52500000000003,0.45874999999999994,0.0021675,4.812500000000001,44.650000000000006,-83.84999996666667
2010-03-30,0.840741715814086,293.8125,276.775,3.8,230.96249999999998,0.89375,0.005007500000000001,5.8875,44.650000000000006,-83.84999996666667
2010-04-07,0.8990426753046605,285.97499999999997,270.9375,1.35,182.35000000000002,0.51,0.0034000000000000002,4.824999999999999,44.650000000000006,-83.84999996666667
2010-04-15,0.8799281303729154,288.4625,272.025,0.037500000000000006,224.32500000000002,0.6225,0.0038200000000000005,4.6875,44.650000000000006,-83.84999996666667
2010-04-23,1.1655719737677226,290.1875,273.27500000000003,1.7000000000000002,282.43750000000006,0.72125,0.00385375,5.3625,44.650000000000006,-83.84999996666667
2010-05-01,1.357616244837498,290.15000000000003,277.475,4.5,209.21249999999998,0.59,0.00562375,5.325,44.650000000000006,-83.84999996666667
2010-05-09,1.8968026593963272,287.5125,273.8,1.7875,234.3625,0.5025000000000001,0.0041925,4.937500000000001,44.650000000000006,-83.84999996666667
2010-05-17,2.387477501159949,299.0375,280.8875,0.775,278.775,1.07125,0.007512500000000001,3.3125,44.650000000000006,-83.84999996666667
2010-05-25,3.31349706293826,302.35,284.375,2.025,305.75000000000006,1.1775000000000002,0.009682500000000002,3.1000000000000005,44.650000000000006,-83.84999996666667
2010-06-02,4.0586718005612425,293.34999999999997,281.15000000000003,7.1625,233.375,0.5337500000000001,0.007681250000000001,3.2875000000000005,44.650000000000006,-83.84999996666667
2010-06-10,4.1987230552546295,295.20000000000005,284.52500000000003,3.7625,221.68750000000003,0.535,0.00938125,3.4250000000000003,44.650000000000006,-83.84999996666667
2010-06-18,4.141437923402409,299.9125,285.6375,2.5125,289.26250000000005,0.8087500000000001,0.01072125,4.425000000000001,44.650000000000006,-83.84999996666667
2010-06-26,3.992914857671955,297.4875,282.475,0.625,298.18750000000006,0.7975000000000001,0.008597500000000001,4.5625,44.650000000000006,-83.84999996666667
2010-07-04,4.549933125949536,303.175,290.0,4.312500000000001,249.9375,1.06,0.0129775,3.5500000000000003,44.650000000000006,-83.84999996666667
2010-07-12,4.051494173672415,300.5125,287.6,3.7125000000000004,278.3625,0.8700000000000001,0.0113375,3.7250000000000005,44.650000000000006,-83.84999996666667
2010-07-20,4.064626142007629,300.55,288.23749999999995,4.2,248.14999999999998,0.8300000000000001,0.011833750000000002,3.4625,44.650000000000006,-83.84999996666667
2010-07-28,4.280896948003501,300.6125,287.9125,0.5,231.85000000000002,0.80375,0.01201,3.675,44.650000000000006,-83.84999996666667
2010-08-05,4.118174459639275,301.2,287.3875,1.5000000000000002,203.45000000000002,0.8599999999999999,0.011949999999999999,3.1500000000000004,44.650000000000006,-83.84999996666667
2010-08-13,3.620078113282677,300.3,286.6875,2.7,236.0625,0.8650000000000001,0.011035000000000001,4.75,44.650000000000006,-83.84999996666667
2010-08-21,3.9299369986683352,297.85,284.5875,0.6000000000000001,229.50000000000003,0.65375,0.01027875,4.1375,44.650000000000006,-83.84999996666667
2010-08-29,4.078384322052905,298.475,286.2125,4.8,187.9875,0.8775,0.010205,5.4375,44.650000000000006,-83.84999996666667
2010-09-06,3.716613411916395,293.36250000000007,280.8625,1.4125,170.8375,0.48375,0.00791375,6.0,44.650000000000006,-83.84999996666667
2010-09-14,2.8640224189800896,292.1375,277.3375,4.2625,162.47500000000002,0.45875,0.00694625,4.1875,44.650000000000006,-83.84999996666667
2010-09-22,2.410207237773804,291.2,279.67499999999995,3.4125,124.8875,0.33125,0.00787,5.075000000000001,44.650000000000006,-83.84999996666667
2010-09-30,1.8270817667972157,289.8625,274.1625,0.1375,170.55,0.485,0.00529375,4.8875,44.650000000000006,-83.84999996666667
2010-10-08,1.4662624348884223,291.8625,274.5125,0.3875,147.7,0.52,0.0058475,3.7750000000000004,44.650000000000006,-83.84999996666667
2010-10-16,1.1117625390290604,286.9125,271.92499999999995,1.9375,107.025,0.39375,0.004350000000000001,5.4625,44.650000000000006,-83.84999996666667
2010-10-24,1.005443102979629,285.95,276.71250000000003,3.4375,83.6375,0.32125,0.00548875,7.362500000000001,44.650000000000006,-83.84999996666667
2010-11-01,0.6079557289302248,281.125,268.8,0.1125,84.6875,0.24624999999999997,0.00334875,4.512500000000001,44.650000000000006,-83.84999996666667
2010-11-09,0.6662566884207994,283.5625,272.9125,0.5125000000000001,77.8125,0.25625000000000003,0.00438,5.0875,44.650000000000006,-83.84999996666667
2010-11-17,0.6270702738619698,279.575,270.36249999999995,0.9000000000000001,66.53750000000001,0.16000000000000003,0.0037949999999999998,6.437500000000001,44.650000000000006,-83.84999996666667
2010-11-25,0.5270702738619698,276.4875,268.82500000000005,1.9125000000000003,53.1875,0.14375000000000002,0.00303,7.6000000000000005,44.650000000000006,-83.84999996666667
2010-12-03,0.4452332405659984,269.7875,263.775,0.1125,69.73750000000001,0.0675,0.00208375,7.300000000000001,44.650000000000006,-83.84999996666667
2010-12-11,0.48468651869946766,268.675,261.1625,1.0750000000000002,69.72500000000001,0.05125,0.00199,7.625,44.650000000000006,-83.84999996666667
2010-12-19,0.5025126259505959,271.0375,264.03749999999997,0.0,62.762499999999996,0.05,0.0023312500000000004,4.825,44.650000000000006,-83.84999996666667
2010-12-27,0.4327859868838613,275.4,265.14,0.64,69.02000000000001,0.084,0.0028980000000000004,6.24,44.650000000000006,-83.84999996666667
2011-01-01,0.49108694637443584,271.16249999999997,262.3875,0.9875,41.78750000000001,0.09624999999999999,0.0019700000000000004,5.45,44.650000000000006,-83.84999996666667
2011-01-09,0.6079557289302248,270.1375,261.15,0.75,63.375,0.09624999999999999,0.0017237500000000002,4.575,44.650000000000006,-83.84999996666667
2011-01-17,0.4942842869781086,267.4875,257.79999999999995,2.075,60.45000000000001,0.085,0.0013625,5.237500000000001,44.650000000000006,-83.84999996666667
2011-01-25,0.4079557289302247,270.6375,261.7,0.15000000000000002,71.3,0.09749999999999999,0.00183375,3.45,44.650000000000006,-83.84999996666667
2011-02-02,0.3846865186994677,270.375,258.88750000000005,0.9625,104.0875,0.1075,0.0016187500000000004,5.8875,44.650000000000006,-83.84999996666667
2011-02-10,0.35665892014215844,274.95,262.15,0.47500000000000003,122.825,0.16500000000000004,0.00220375,6.012499999999999,44.650000000000006,-83.84999996666667
2011-02-18,0.36557197376772255,274.575,262.6125,0.5750000000000001,133.8,0.1975,0.0018537500000000004,6.975,44.650000000000006,-83.84999996666667
2011-02-26,0.39904267530466064,275.0125,263.0625,2.1750000000000003,118.52499999999999,0.21,0.0018174999999999999,5.225,44.650000000000006,-83.84999996666667
2011-03-06,0.36972663906673464,276.5,265.825,1.975,127.66250000000002,0.20124999999999996,0.0023537500000000004,4.65,44.650000000000006,-83.84999996666667
2011-03-14,0.36557197376772255,284.475,268.62500000000006,1.05,201.10000000000005,0.4475,0.0030237500000000004,4.525,44.650000000000006,-83.84999996666667
2011-03-22,0.6270702738619698,275.175,263.9375,1.5500000000000003,222.07500000000002,0.25875000000000004,0.0016187500000000004,5.575,44.650000000000006,-83.84999996666667
2011-03-30,0.6270702738619698,281.82500000000005,269.6125,2.2375,163.625,0.39999999999999997,0.00255125,3.8000000000000003,44.650000000000006,-83.84999996666667
2011-04-07,0.840741715814086,289.5375,272.3125,1.9625,240.15,0.63375,0.0040475,4.675,44.650000000000006,-83.84999996666667
2011-04-15,0.8913538099490755,280.675,269.8,6.0625,179.2875,0.3425,0.0027087500000000002,6.7375,44.650000000000006,-83.84999996666667
2011-04-23,0.944896381113098,289.2125,274.1875,9.375,209.325,0.5275,0.00463125,5.012499999999999,44.650000000000006,-83.84999996666667
2011-05-01,1.1327859868838615,289.38750000000005,274.8375,0.17500000000000002,251.2625,0.6725000000000001,0.00398375,4.3375,44.650000000000006,-83.84999996666667
2011-05-09,1.5608135854411707,292.5,278.575,5.7875000000000005,229.9,0.6749999999999999,0.006193750000000001,5.737500000000001,44.650000000000006,-83.84999996666667
2011-05-17,1.8369463986504964,295.38750000000005,281.425,3.6500000000000004,254.525,0.7250000000000001,0.007740000000000001,4.625,44.650000000000006,-83.84999996666667
2011-05-25,2.425102867995899,295.88750000000005,280.6875,1.3375000000000001,263.6,0.7937500000000001,0.007943750000000001,5.762500000000001,44.650000000000006,-83.84999996666667
2011-06-02,3.5223176320030403,301.16249999999997,284.2875,1.1875,282.13750000000005,1.14625,0.009518750000000001,4.550000000000001,44.650000000000006,-83.84999996666667
2011-06-10,4.160407227297979,295.1875,281.15000000000003,1.4500000000000002,246.22500000000002,0.7675000000000001,0.00713625,3.6625000000000005,44.650000000000006,-83.84999996666667
2011-06-18,4.621452791868484,298.13750000000005,285.1,7.9125000000000005,222.4625,0.7962499999999999,0.0094825,4.0375,44.650000000000006,-83.84999996666667
2011-06-26,4.4444493920569785,300.6875,284.775,0.4375,287.7375,0.9975,0.009872500000000001,4.0625,44.650000000000006,-83.84999996666667
2011-07-04,3.8893754083357286,302.77500000000003,287.0625,1.9750000000000003,289.90000000000003,1.20125,0.0107325,3.1625000000000005,44.650000000000006,-83.84999996666667
2011-07-12,4.267405631532864,303.58750000000003,287.95000000000005,1.3125000000000002,283.88750000000005,1.2375,0.0116775,3.0625,44.650000000000006,-83.84999996666667
2011-07-20,4.4487031912119335,304.875,288.2375,2.5875,275.225,1.3275,0.012202500000000002,3.8625,44.650000000000006,-83.84999996666667
2011-07-28,4.880891201535878,304.47499999999997,288.9,2.1375,244.8,1.25625,0.0123225,3.2500000000000004,44.650000000000006,-83.84999996666667
2011-08-05,4.85103569168105,301.3,286.48749999999995,2.25,230.175,0.9625,0.0109975,3.6125000000000007,44.650000000000006,-83.84999996666667
2011-08-13,4.534294278131349,301.0375,285.70000000000005,3.7375000000000003,232.975,1.0850000000000002,0.00972375,3.6000000000000005,44.650000000000006,-83.84999996666667
2011-08-21,4.320257741576187,299.8375,283.05,2.2625000000000006,233.7,0.9637500000000001,0.009047500000000002,4.7875,44.650000000000006,-83.84999996666667
2011-08-29,4.466535044930685,300.8125,285.0625,2.2125,201.60000000000002,0.9524999999999999,0.01074375,3.925,44.650000000000006,-83.84999996666667
2011-09-06,4.1153249742357785,297.8,282.01250000000005,0.0,209.475,0.79875,0.008753750000000001,4.6000000000000005,44.650000000000006,-83.84999996666667
2011-09-14,3.716009688888855,292.55,277.9,2.1125000000000003,175.82500000000002,0.59375,0.006265000000000001,4.5875,44.650000000000006,-83.84999996666667
2011-09-22,3.350623587070235,293.725,281.23749999999995,8.200000000000001,139.0,0.47750000000000004,0.008135,3.7750000000000004,44.650000000000006,-83.84999996666667
2011-09-30,2.649486136893416,291.66249999999997,278.0375,1.7000000000000002,155.025,0.605,0.0059975,5.275,44.650000000000006,-83.84999996666667
2011-10-08,1.5175592436764886,294.925,281.77500000000003,0.7250000000000001,127.975,0.7750000000000001,0.007453750000000001,5.0625,44.650000000000006,-83.84999996666667
2011-10-16,0.8385016999057526,284.775,274.65,6.362500000000001,90.45,0.315,0.004563750000000001,6.8625,44.650000000000006,-83.84999996666667
2011-10-24,1.1608135854411705,283.3875,272.85,4.875,96.14999999999999,0.265,0.00419625,4.2250000000000005,44.650000000000006,-83.84999996666667
2011-11-01,0.7799281303729155,284.51250000000005,273.0625,2.7625,90.53750000000001,0.31625000000000003,0.004243750000000001,5.187500000000001,44.650000000000006,-83.84999996666667
2011-11-09,0.7448963811130981,283.3625,272.95000000000005,3.25,72.85,0.255,0.00435125,7.062500000000002,44.650000000000006,-83.84999996666667
2011-11-17,0.7318286621885219,279.23749999999995,269.50000000000006,0.0625,78.9375,0.22,0.00313,5.7875,44.650000000000006,-83.84999996666667
2011-11-25,0.6846865186994677,280.5,271.35,2.0875,67.9125,0.20750000000000002,0.0038037500000000007,5.725,44.650000000000006,-83.84999996666667
2011-12-03,0.5630593478171267,275.075,267.6375,1.0250000000000001,65.5625,0.17625,0.0024750000000000006,6.625,44.650000000000006,-83.84999996666667
2011-12-11,0.6913538099490756,277.26250000000005,268.7625,1.1,60.17500000000001,0.17125,0.0029812500000000004,6.200000000000001,44.650000000000006,-83.84999996666667
2011-12-19,0.4512158171625297,274.975,267.625,0.1375,63.525000000000006,0.11875,0.0027612500000000002,5.2875000000000005,44.650000000000006,-83.84999996666667
2011-12-27,0.47924341571983886,274.7,266.21999999999997,1.6,70.24,0.096,0.002792,5.220000000000001,44.650000000000006,-83.84999996666667
2012-01-01,0.5302733609332655,274.95,266.025,0.6375,51.42500000000001,0.15125,0.0024475,6.550000000000001,44.650000000000006,-83.84999996666667
2012-01-09,0.7200718696270845,274.8,265.5875,1.375,65.80000000000001,0.165,0.002345,5.275,44.650000000000006,-83.84999996666667
2012-01-17,0.3983579606515839,272.0625,262.47499999999997,3.5625000000000004,63.362500000000004,0.13,0.0019125000000000004,6.4375,44.650000000000006,-83.84999996666667
2012-01-25,0.6863285580478837,275.375,266.65,0.5125000000000001,74.25000000000001,0.15874999999999997,0.002502500000000001,5.2125,44.650000000000006,-83.84999996666667
2012-02-02,0.6471421434890543,277.225,266.5625,0.0,114.76250000000002,0.21375,0.00244625,4.1125,44.650000000000006,-83.84999996666667
2012-02-10,0.49108694637443584,275.1125,264.84999999999997,1.1375,99.45000000000002,0.17625,0.002245,6.2,44.650000000000006,-83.84999996666667
2012-02-18,0.4598562607458311,275.98749999999995,266.375,2.2750000000000004,111.98750000000001,0.16624999999999998,0.00251125,4.775,44.650000000000006,-83.84999996666667
2012-02-26,0.6878838593031402,275.125,264.87500000000006,4.0875,110.775,0.15625000000000003,0.0023387499999999997,5.325000000000001,44.650000000000006,-83.84999996666667
2012-03-05,0.5942842869781085,281.45,267.53749999999997,4.800000000000001,154.2125,0.365,0.0027487500000000003,7.1875,44.650000000000006,-83.84999996666667
2012-03-13,0.8270702738619697,297.04999999999995,278.7,0.0,219.73749999999998,0.94125,0.0066324999999999995,4.812500000000001,44.650000000000006,-83.84999996666667
2012-03-21,0.8878838593031402,290.075,275.8375,0.4625,178.05,0.625,0.0054912500000000005,5.5125,44.650000000000006,-83.84999996666667
2012-03-29,0.8566589201421584,283.9,270.925,0.32499999999999996,205.76250000000002,0.42124999999999996,0.0031737500000000004,4.7625,44.650000000000006,-83.84999996666667
2012-04-06,0.926385559208893,285.45,271.57500000000005,0.0,229.9125,0.57125,0.00274375,4.125,44.650000000000006,-83.84999996666667
2012-04-14,1.0824407563235114,288.35,273.37499999999994,5.1000000000000005,207.90000000000003,0.49500000000000005,0.00474875,6.112500000000001,44.650000000000006,-83.84999996666667
2012-04-22,1.1935995723250317,285.2,271.2375,0.25,280.83750000000003,0.56375,0.0026375,5.6625000000000005,44.650000000000006,-83.84999996666667
2012-04-30,1.6047583883265524,292.97499999999997,277.925,6.1,206.93750000000003,0.6925,0.006012500000000001,3.975000000000001,44.650000000000006,-83.84999996666667
2012-05-08,1.7904022317213593,294.7625,276.9,0.4375,268.5875,0.94625,0.004987500000000001,3.6500000000000004,44.650000000000006,-83.84999996666667
2012-05-16,2.7528693494461915,296.7,279.625,0.0,294.1,1.0375,0.00617,4.3625,44.650000000000006,-83.84999996666667
2012-05-24,3.065856076745231,297.65,281.975,3.3,267.67499999999995,0.9125000000000001,0.008051250000000001,5.050000000000001,44.650000000000006,-83.84999996666667
2012-06-01,3.4582372072679073,294.42499999999995,280.425,6.512500000000001,245.2375,0.8025,0.006508750000000001,4.6375,44.650000000000006,-83.84999996666667
2012-06-09,3.9464746682388467,300.55,282.95,0.925,305.90000000000003,1.13375,0.0086625,4.725,44.650000000000006,-83.84999996666667
2012-06-17,4.023205458008089,302.1,286.58750000000003,3.5375000000000005,276.425,1.1225,0.010713750000000001,4.825,44.650000000000006,-83.84999996666667
2012-06-25,4.587024765636206,302.36249999999995,284.91249999999997,0.0,323.55,1.37875,0.00879625,3.6375,44.650000000000006,-83.84999996666667
2012-07-03,4.231317423721764,303.90000000000003,288.5625,1.625,287.175,1.2762500000000003,0.01184625,2.8125,44.650000000000006,-83.84999996666667
2012-07-11,4.476318685158429,305.2875,287.925,0.475,286.3,1.63375,0.010313750000000002,3.8125000000000004,44.650000000000006,-83.84999996666667
2012-07-19,4.351494173672415,304.0125,287.2375,2.625,252.90000000000003,1.42,0.010540000000000002,4.362500000000001,44.650000000000006,-83.84999996666667
2012-07-27,4.073620187258729,303.79999999999995,287.02500000000003,2.0,277.35,1.4474999999999998,0.009961250000000001,3.9875000000000003,44.650000000000006,-83.84999996666667
2012-08-04,4.596210429304033,300.3875,285.0,6.675,220.1375,1.05875,0.009680000000000001,5.887500000000001,44.650000000000006,-83.84999996666667
2012-08-12,3.9527183619423942,299.32500000000005,283.25,0.925,219.92500000000004,0.9937500000000001,0.008497500000000002,3.5875000000000004,44.650000000000006,-83.84999996666667
2012-08-20,4.411442918979029,303.5,285.4375,0.925,237.12500000000003,1.5850000000000002,0.00855375,3.7375000000000003,44.650000000000006,-83.84999996666667
2012-08-28,4.362049266646396,303.09999999999997,284.4625,0.275,226.65000000000003,1.3662500000000002,0.009236250000000001,4.1499999999999995,44.650000000000006,-83.84999996666667
2012-09-05,3.840758955216955,300.3375,283.1125,2.075,198.0,1.2012500000000002,0.0080625,4.312500000000001,44.650000000000006,-83.84999996666667
2012-09-13,3.825799075584222,295.90000000000003,278.2125,1.9750000000000003,164.2375,0.8725,0.006332500000000001,5.550000000000001,44.650000000000006,-83.84999996666667
2012-09-21,3.0920557640050217,291.4125,276.65,1.075,155.2375,0.63875,0.005232500000000001,4.925,44.650000000000006,-83.84999996666667
2012-09-29,2.6783843220529056,292.275,278.1,0.4625,145.7375,0.69375,0.005662500000000001,4.375,44.650000000000006,-83.84999996666667
2012-10-07,1.8118492771222203,286.0375,273.95,7.0125,98.17500000000001,0.43750000000000006,0.00413375,6.6000000000000005,44.650000000000006,-83.84999996666667
2012-10-15,0.8487089376795567,289.3625,276.16249999999997,4.9375,103.2,0.43625,0.005645000000000001,5.6875,44.650000000000006,-83.84999996666667
2012-10-23,0.9464574288359775,287.04999999999995,276.13749999999993,1.6500000000000001,106.77500000000002,0.38375,0.00564375,7.750000000000001,44.650000000000006,-83.84999996666667
2012-10-31,0.4357164639128943,278.9375,270.8875,0.2875,89.73750000000001,0.19374999999999998,0.0033512500000000005,5.5125,44.650000000000006,-83.84999996666667
2012-11-08,0.519114544931745,282.725,272.175,0.8625,67.66250000000001,0.31375,0.00381875,5.3625,44.650000000000006,-83.84999996666667
2012-11-16,0.5965300493540647,284.7875,272.6875,0.05,74.85000000000001,0.355,0.004022500000000001,4.737500000000001,44.650000000000006,-83.84999996666667
2012-11-24,0.4774155044223196,276.525,268.925,1.7875,53.2375,0.20875,0.0026237500000000006,6.175000000000001,44.650000000000006,-83.84999996666667
2012-12-02,0.42136030730770124,281.13750000000005,270.4375,1.5250000000000001,71.73750000000001,0.2125,0.0038425000000000004,5.512500000000001,44.650000000000006,-83.84999996666667
2012-12-10,0.4583009594905746,276.325,268.4375,1.85,63.587500000000006,0.13625,0.0029525000000000007,5.449999999999999,44.650000000000006,-83.84999996666667
2012-12-18,0.43918641455882956,274.8625,266.975,3.625,67.075,0.10375,0.0027637500000000006,5.3999999999999995,44.650000000000006,-83.84999996666667
2012-12-26,0.30000000000000004,273.4,265.6666666666667,0.10000000000000002,63.199999999999996,0.10499999999999998,0.0024133333333333333,5.833333333333333,44.650000000000006,-83.84999996666667
2013-01-01,0.49108694637443584,273.5,265.13750000000005,0.037500000000000006,64.5125,0.12624999999999997,0.00227375,6.550000000000001,44.650000000000006,-83.84999996666667
2013-01-09,0.5327859868838613,276.1,266.975,2.875,66.4375,0.14875,0.0027625,6.4375,44.650000000000006,-83.84999996666667
2013-01-17,0.41142567957616005,268.375,258.925,0.125,57.66250000000001,0.10375000000000001,0.0014662499999999999,7.45,44.650000000000006,-83.84999996666667
2013-01-25,0.39040223172135907,272.86249999999995,263.4375,6.6499999999999995,51.2875,0.1325,0.00207,5.0625,44.650000000000006,-83.84999996666667
2013-02-02,0.37516974204636344,270.2625,259.4625,2.0,76.61250000000001,0.13874999999999998,0.0013987500000000003,4.7125,44.650000000000006,-83.84999996666667
2013-02-10,0.36012887078809375,274.1125,264.175,1.3250000000000002,89.1625,0.14375000000000004,0.00221625,5.6375,44.650000000000006,-83.84999996666667
2013-02-18,0.34169904050942546,273.95,262.50000000000006,1.2000000000000002,95.1375,0.14250000000000002,0.0020800000000000003,5.574999999999999,44.650000000000006,-83.84999996666667
2013-02-26,0.3095167766531042,274.4875,264.7625,1.8875000000000002,155.03750000000002,0.16499999999999998,0.0021512500000000004,6.1,44.650000000000006,-83.84999996666667
2013-03-06,0.3831254709765882,278.3625,268.3,2.7625,127.4125,0.205,0.0029275000000000004,5.0,44.650000000000006,-83.84999996666667
2013-03-14,0.5079557289302248,274.5125,264.175,1.775,152.9125,0.19874999999999995,0.0018925000000000003,5.9625,44.650000000000006,-83.84999996666667
2013-03-22,0.5461848187937148,279.6,267.88749999999993,0.0,191.7625,0.30125,0.00250375,5.237500000000001,44.650000000000006,-83.84999996666667
2013-03-30,0.674212417351024,280.78749999999997,267.8375,0.42500000000000004,200.825,0.4475,0.00197625,6.425000000000001,44.650000000000006,-83.84999996666667
2013-04-07,0.874212417351024,279.5125,269.825,9.4875,126.86250000000001,0.24999999999999994,0.00305375,5.862500000000001,44.650000000000006,-83.84999996666667
2013-04-15,0.8270702738619697,286.775,270.7875,5.2125,218.8,0.53625,0.003535,6.4125000000000005,44.650000000000006,-83.84999996666667
2013-04-23,0.9531247200855855,289.96250000000003,275.925,1.9000000000000004,210.1,0.70375,0.004472500000000001,5.5625,44.650000000000006,-83.84999996666667
2013-05-01,1.2697266390667348,299.16249999999997,282.5875,0.0,292.70000000000005,1.295,0.006301250000000001,4.15,44.650000000000006,-83.84999996666667
2013-05-09,1.5177451156255917,289.625,275.46250000000003,4.200000000000001,227.20000000000002,0.6325,0.0046625,5.75,44.650000000000006,-83.84999996666667
2013-05-17,2.0406022212455346,295.2375,280.97499999999997,7.2875000000000005,220.375,0.7987500000000001,0.007441250000000001,4.25,44.650000000000006,-83.84999996666667
2013-05-25,2.533064343393747,296.68749999999994,282.375,1.9,261.6,0.9225000000000001,0.00786,4.2875000000000005,44.650000000000006,-83.84999996666667
2013-06-02,2.7797076441788273,293.28749999999997,278.2125,1.3375,238.40000000000003,0.64875,0.0062975,3.8875,44.650000000000006,-83.84999996666667
2013-06-10,3.3435326982745677,298.675,284.0125,2.5125,271.175,0.9025000000000001,0.0089125,3.575,44.650000000000006,-83.84999996666667
2013-06-18,3.6543551520111572,301.4,286.5125,0.0,299.87500000000006,1.1612500000000001,0.0101925,4.05,44.650000000000006,-83.84999996666667
2013-06-26,3.969732385534358,299.11249999999995,285.7375,2.625,249.47500000000002,0.91125,0.00971875,3.5,44.650000000000006,-83.84999996666667
2013-07-04,3.9578946013473835,302.7125,287.79999999999995,3.1500000000000004,266.8625,1.05,0.011931250000000001,3.7500000000000004,44.650000000000006,-83.84999996666667
2013-07-12,3.8728544809801164,305.52500000000003,289.9125,1.4875,263.6125,1.4324999999999999,0.0125925,3.4625000000000004,44.650000000000006,-83.84999996666667
2013-07-20,3.0167292879872374,299.4875,282.9,5.112500000000001,267.87500000000006,0.9312500000000001,0.008886250000000002,4.050000000000001,44.650000000000006,-83.84999996666667
2013-07-28,3.336528547572059,297.26250000000005,283.13750000000005,1.225,213.35,0.83625,0.008203750000000001,3.975,44.650000000000006,-83.84999996666667
2013-08-05,3.0907558333891583,299.6125,282.375,0.55,222.63750000000002,1.0100000000000002,0.008317500000000002,3.8250000000000006,44.650000000000006,-83.84999996666667
2013-08-13,3.67000499557662,300.76250000000005,282.65000000000003,0.0,251.91250000000002,1.3212500000000003,0.007475000000000001,3.8875000000000006,44.650000000000006,-83.84999996666667
2013-08-21,3.441635288286758,305.07500000000005,286.7625,3.3000000000000003,232.67499999999998,1.5587499999999999,0.010346250000000001,4.1375,44.650000000000006,-83.84999996666667
2013-08-29,3.357360874198104,300.6625,283.25,0.5875000000000001,215.37500000000003,1.0550000000000002,0.009415000000000001,4.225,44.650000000000006,-83.84999996666667
2013-09-06,3.531428050512954,300.8125,283.125,1.0250000000000001,195.38750000000005,1.2574999999999998,0.008625,5.350000000000001,44.650000000000006,-83.84999996666667
2013-09-14,3.603487190048804,295.9,279.025,2.3125,161.525,0.7987500000000001,0.00716,4.5375000000000005,44.650000000000006,-83.84999996666667
2013-09-22,2.9505425954446984,295.53749999999997,278.0,1.8625,186.4,0.9062499999999999,0.005875,3.45,44.650000000000006,-83.84999996666667
2013-09-30,2.577699607399828,296.6375,281.5875,7.7625,136.01250000000002,0.86875,0.007412500000000001,4.675000000000001,44.650000000000006,-83.84999996666667
2013-10-08,1.8617766566041327,294.175,277.77500000000003,0.9875,161.7375,0.82375,0.005515000000000001,3.9250000000000003,44.650000000000006,-83.84999996666667
2013-10-16,1.659264030653537,285.1375,273.4,2.1375,88.73750000000001,0.28875,0.0046625,5.7625,44.650000000000006,-83.84999996666667
2013-10-24,1.014361903072816,283.1625,273.18750000000006,4.0875,73.175,0.3275,0.00390875,6.0875,44.650000000000006,-83.84999996666667
2013-11-01,0.8382290898634901,282.4,272.8875,3.0875000000000004,59.3375,0.17125,0.0046275,6.675,44.650000000000006,-83.84999996666667
2013-11-09,0.621627170882341,280.2125,270.45,1.25,70.80000000000001,0.27249999999999996,0.0031412500000000004,8.112499999999999,44.650000000000006,-83.84999996666667
2013-11-17,0.6127141172567768,278.1375,269.04999999999995,3.2750000000000004,52.9125,0.14125000000000001,0.0035750000000000005,7.250000000000001,44.650000000000006,-83.84999996666667
2013-11-25,0.5799281303729156,273.7,266.52500000000003,0.35,50.2625,0.1175,0.0024912500000000004,5.6875,44.650000000000006,-83.84999996666667
2013-12-03,0.5824407563235114,272.91249999999997,262.78749999999997,3.475,57.0,0.10875000000000001,0.0022975,6.700000000000001,44.650000000000006,-83.84999996666667
2013-12-11,0.4799281303729156,268.5875,261.0125,0.3875,56.724999999999994,0.08,0.0016562500000000004,6.125000000000001,44.650000000000006,-83.84999996666667
2013-12-19,0.39359957232503173,270.6375,262.1125,2.5625,44.025,0.0575,0.0021700000000000005,5.1000000000000005,44.650000000000006,-83.84999996666667
2013-12-27,0.2856438433948071,270.56,258.84000000000003,0.0,67.16,0.062,0.0020260000000000005,5.2,44.650000000000006,-83.84999996666667
2014-01-01,0.24645742883597754,263.5375,252.16249999999997,0.6000000000000001,52.550000000000004,0.045,0.00116875,6.9125000000000005,44.650000000000006,-83.84999996666667
2014-01-09,0.32162717088234094,272.5875,264.0375,3.1625,59.22500000000001,0.11374999999999999,0.00231875,5.5875,44.650000000000006,-83.84999996666667
2014-01-17,0.3744850273932867,264.70000000000005,254.18750000000003,0.6875,54.4875,0.04,0.0013912500000000006,5.1375,44.650000000000006,-83.84999996666667
2014-01-25,0.3744850273932867,264.46250000000003,254.10000000000002,0.8250000000000001,78.45,0.065,0.001105,6.5,44.650000000000006,-83.84999996666667
2014-02-02,0.31842983027866834,266.225,253.39999999999998,0.0,105.2125,0.06250000000000001,0.0011975000000000002,3.8124999999999996,44.650000000000006,-83.84999996666667
2014-02-10,0.4047583883265521,266.525,252.0625,1.8875000000000002,99.35,0.05875,0.00123875,3.5750000000000006,44.650000000000006,-83.84999996666667
2014-02-18,0.3744850273932867,272.22499999999997,259.96250000000003,0.9500000000000001,103.2375,0.13625,0.0018462500000000002,6.525000000000001,44.650000000000006,-83.84999996666667
2014-02-26,0.39359957232503173,263.8,246.725,0.8375,145.66250000000002,0.06,0.0008325000000000001,4.975,44.650000000000006,-83.84999996666667
2014-03-06,0.4216271708823409,275.45,257.425,0.0,185.63750000000002,0.2075,0.0018375000000000002,4.975000000000001,44.650000000000006,-83.84999996666667
2014-03-14,0.42707027386196983,274.7625,262.1125,0.6375,180.25000000000003,0.19625,0.0019975,4.9375,44.650000000000006,-83.84999996666667
2014-03-22,0.555097872419279,273.15,259.57500000000005,2.0125,168.5125,0.145,0.0018725,4.9125000000000005,44.650000000000006,-83.84999996666667
2014-03-30,0.6270702738619698,280.825,268.1125,2.15,205.3375,0.3425,0.0025825,5.3,44.650000000000006,-83.84999996666667
2014-04-07,0.6799281303729157,286.5875,270.7875,6.7875000000000005,179.0625,0.47625,0.0036500000000000005,4.9625,44.650000000000006,-83.84999996666667
2014-04-15,0.8270702738619697,283.3125,269.925,1.6375,217.325,0.44500000000000006,0.0031312500000000004,5.3,44.650000000000006,-83.84999996666667
2014-04-23,0.8990426753046605,284.0,274.04999999999995,5.362500000000001,206.28750000000002,0.41000000000000003,0.00365625,5.8125,44.650000000000006,-83.84999996666667
2014-05-01,1.059856260745831,286.325,274.725,2.4125,191.26250000000002,0.395,0.004646250000000001,4.425000000000001,44.650000000000006,-83.84999996666667
2014-05-09,1.1608135854411705,290.5375,277.725,5.775,200.10000000000002,0.46375000000000005,0.0065249999999999996,5.4125,44.650000000000006,-83.84999996666667
2014-05-17,1.5202634880438104,293.1875,278.575,1.7375,275.1875,0.77875,0.0056425,4.362500000000001,44.650000000000006,-83.84999996666667
2014-05-25,1.9906748417636217,299.925,282.325,0.0,298.8125,1.1375000000000002,0.0078375,3.5000000000000004,44.650000000000006,-83.84999996666667
2014-06-02,3.1795275186973475,297.96250000000003,280.76250000000005,3.7,285.77500000000003,0.8825000000000001,0.007875000000000002,4.3,44.650000000000006,-83.84999996666667
2014-06-10,3.3845527705985394,296.5,282.62499999999994,2.8125000000000004,262.5,0.7725,0.008350000000000002,4.1000000000000005,44.650000000000006,-83.84999996666667
2014-06-18,3.7419021518613973,295.9875,284.21250000000003,2.0250000000000004,236.6875,0.5975,0.009321250000000001,3.4000000000000004,44.650000000000006,-83.84999996666667
2014-06-26,4.183409573954097,299.2125,285.65,2.35,268.75,0.7325,0.01095375,4.612500000000001,44.650000000000006,-83.84999996666667
2014-07-04,4.3471536364243,297.8625,283.42499999999995,1.2500000000000002,277.9,0.8912500000000001,0.008395000000000001,4.325,44.650000000000006,-83.84999996666667
2014-07-12,4.314176031123713,296.95000000000005,282.7375,5.737500000000001,267.65000000000003,0.78,0.008396250000000001,4.05,44.650000000000006,-83.84999996666667
2014-07-20,4.489119540508366,298.7,284.46250000000003,5.3500000000000005,267.27500000000003,0.8362499999999999,0.00949,4.0125,44.650000000000006,-83.84999996666667
2014-07-28,4.488852676933726,297.775,283.7875,1.225,261.3875,0.92,0.0082325,3.175,44.650000000000006,-83.84999996666667
2014-08-05,4.363836547030986,298.975,283.75,8.825000000000001,244.1,0.8862500000000001,0.009128750000000001,2.8875000000000006,44.650000000000006,-83.84999996666667
2014-08-13,4.512394497206746,296.15,283.2875,2.5250000000000004,227.525,0.6774999999999999,0.008672500000000001,4.6625000000000005,44.650000000000006,-83.84999996666667
2014-08-21,4.336273176932665,297.9,284.8375,0.2,218.25,0.62625,0.0104425,3.5,44.650000000000006,-83.84999996666667
2014-08-29,3.313671441952116,298.38750000000005,286.5125,5.375,193.45000000000002,0.7862500000000001,0.010115,4.7625,44.650000000000006,-83.84999996666667
2014-09-06,3.956339300092127,292.1875,279.34999999999997,3.4875,184.3625,0.5287499999999999,0.007138750000000001,5.1,44.650000000000006,-83.84999996666667
2014-09-14,3.528584311577081,290.1625,278.0,2.475,157.1625,0.49374999999999997,0.006121250000000001,5.050000000000001,44.650000000000006,-83.84999996666667
2014-09-22,3.104166158234258,295.96250000000003,278.9375,1.5750000000000002,181.8,0.7425000000000002,0.007110000000000001,3.1125000000000007,44.650000000000006,-83.84999996666667
2014-09-30,2.403330456077384,287.16249999999997,279.0625,5.0375000000000005,109.42499999999998,0.25249999999999995,0.006670000000000001,6.4125,44.650000000000006,-83.84999996666667
2014-10-08,1.7649739972078056,287.09999999999997,276.0375,2.875,106.12499999999999,0.26375,0.006025,4.6625000000000005,44.650000000000006,-83.84999996666667
2014-10-16,1.2362559375297968,284.35,273.4625,0.7375,116.1375,0.1675,0.005281250000000001,4.6,44.650000000000006,-83.84999996666667
2014-10-24,0.8416990405094253,284.84999999999997,273.78749999999997,1.525,83.6375,0.29250000000000004,0.00479625,5.625,44.650000000000006,-83.84999996666667
2014-11-01,0.7528578565109458,280.4875,272.0,2.4125,77.2875,0.25125,0.0035825000000000006,6.1499999999999995,44.650000000000006,-83.84999996666667
2014-11-09,0.7,275.0375,268.6375,1.7625000000000002,49.237500000000004,0.13,0.0028737500000000004,6.124999999999999,44.650000000000006,-83.84999996666667
2014-11-17,0.5136714419521162,274.025,266.1125,5.9125,52.400000000000006,0.1325,0.00267875,8.05,44.650000000000006,-83.84999996666667
2014-11-25,0.5608135854411704,273.1875,264.81249999999994,0.28750000000000003,60.4375,0.11249999999999999,0.00242375,6.0375,44.650000000000006,-83.84999996666667
2014-12-03,0.5608135854411704,273.7,264.475,0.15000000000000002,75.21249999999999,0.13,0.0022387500000000003,5.5125,44.650000000000006,-83.84999996666667
2014-12-11,0.5089130536255642,276.15,269.65,1.825,61.97500000000001,0.12375,0.0033662500000000003,4.65,44.650000000000006,-83.84999996666667
2014-12-19,0.4487031912119337,274.5375,268.2875,2.9000000000000004,53.4375,0.11500000000000002,0.0028875000000000003,4.1875,44.650000000000006,-83.84999996666667
2014-12-27,0.4767307897692429,271.02,263.3,0.0,48.46,0.134,0.001924,6.619999999999999,44.650000000000006,-83.84999996666667
2015-01-01,0.4238729332582972,266.725,257.025,2.1125000000000003,49.425000000000004,0.075,0.0014350000000000005,7.550000000000001,44.650000000000006,-83.84999996666667
2015-01-09,0.46625668842079937,267.2625,254.66250000000002,0.0,60.6375,0.085,0.0013000000000000002,5.800000000000001,44.650000000000006,-83.84999996666667
2015-01-17,0.5799281303729156,272.525,261.4625,0.0625,62.86250000000001,0.1025,0.0020825,4.487500000000001,44.650000000000006,-83.84999996666667
2015-01-25,0.5327859868838613,268.1125,254.75,1.2125000000000001,88.15,0.053750000000000006,0.001515,5.2,44.650000000000006,-83.84999996666667
2015-02-02,0.4799281303729156,267.87499999999994,256.225,0.6875,95.9,0.08625000000000001,0.001375,5.487500000000001,44.650000000000006,-83.84999996666667
2015-02-10,0.4799281303729156,264.3125,249.41249999999997,0.15000000000000002,93.9625,0.0575,0.00102875,5.4625,44.650000000000006,-83.84999996666667
2015-02-18,0.5079557289302248,263.75,245.91250000000002,0.4,95.98750000000001,0.065,0.0008475000000000002,5.275,44.650000000000006,-83.84999996666667
2015-02-26,0.5461848187937148,268.23750000000007,251.3375,0.5,144.95,0.095,0.00118,4.75,44.650000000000006,-83.84999996666667
2015-03-06,0.495845334700988,280.22499999999997,264.87499999999994,0.0,190.95,0.32999999999999996,0.0023562500000000003,4.825,44.650000000000006,-83.84999996666667
2015-03-14,0.7429874781900423,280.3,266.91249999999997,0.47500000000000003,173.10000000000002,0.33,0.0025350000000000004,5.4750000000000005,44.650000000000006,-83.84999996666667
2015-03-22,0.7710150767473514,275.6125,263.075,1.0,226.2375,0.2725,0.00159625,5.4375,44.650000000000006,-83.84999996666667
2015-03-30,0.8382290898634901,281.875,269.0125,0.5625,188.68750000000003,0.37124999999999997,0.002785,5.287500000000001,44.650000000000006,-83.84999996666667
2015-04-07,0.8799281303729154,285.79999999999995,272.075,3.7,182.5625,0.51,0.003625,6.112500000000001,44.650000000000006,-83.84999996666667
2015-04-15,0.8799281303729154,287.0875,273.28749999999997,2.6375,207.2875,0.5700000000000001,0.0036975,5.300000000000001,44.650000000000006,-83.84999996666667
2015-04-23,0.9608135854411703,285.7,271.55,0.0,218.425,0.48250000000000004,0.0034300000000000003,4.6125,44.650000000000006,-83.84999996666667
2015-05-01,1.0719724014426908,297.3,279.8,0.9125000000000001,270.85,1.09125,0.006050000000000001,4.112500000000001,44.650000000000006,-83.84999996666667
2015-05-09,1.675175488513987,289.45000000000005,278.275,3.5875000000000004,190.07500000000002,0.36375,0.006740000000000001,4.325,44.650000000000006,-83.84999996666667
2015-05-17,1.5432600882323049,294.21250000000003,276.9375,1.5875,275.05,0.85375,0.005787500000000001,5.187500000000001,44.650000000000006,-83.84999996666667
2015-05-25,2.57518123498161,295.96250000000003,281.675,4.7125,251.91250000000005,0.7250000000000001,0.00855875,6.1625000000000005,44.650000000000006,-83.84999996666667
2015-06-02,3.1904137246566053,295.7625,281.4875,3.1,259.57500000000005,0.73625,0.0076387500000000014,3.825,44.650000000000006,-83.84999996666667
2015-06-10,3.7391979074940758,296.1375,284.1875,6.4125,240.2125,0.55625,0.00967125,3.5125000000000006,44.650000000000006,-83.84999996666667
2015-06-18,4.090413724656605,297.37500000000006,282.13750000000005,2.2750000000000004,292.4375,0.605,0.009575000000000002,4.0125,44.650000000000006,-83.84999996666667
2015-06-26,4.156403549502764,296.8,281.875,0.2625,299.23749999999995,0.76375,0.008110000000000001,3.6375,44.650000000000006,-83.84999996666667
2015-07-04,4.250275731870059,299.5375,283.72499999999997,0.8125000000000001,298.525,0.8462500000000001,0.01002875,3.325,44.650000000000006,-83.84999996666667
2015-07-12,3.7707539596403343,299.6875,286.62500000000006,2.3875,284.0,0.75,0.011387500000000002,4.487500000000001,44.650000000000006,-83.84999996666667
2015-07-20,4.207282507212394,302.54999999999995,285.325,1.1125,291.85,1.1675,0.0102825,3.075,44.650000000000006,-83.84999996666667
2015-07-28,3.9801312417248877,301.15,285.8125,4.1375,237.2625,1.0487499999999998,0.0102625,4.15,44.650000000000006,-83.84999996666667
2015-08-05,4.1457842071181465,298.20000000000005,285.22499999999997,0.8250000000000001,220.825,0.74625,0.009891249999999999,3.3625,44.650000000000006,-83.84999996666667
2015-08-13,3.0516336682409673,302.5125,289.28749999999997,7.5,215.8875,0.9824999999999999,0.0127725,4.275,44.650000000000006,-83.84999996666667
2015-08-21,3.8421283845231082,295.2,284.05,1.7250000000000003,188.10000000000002,0.6125,0.008852500000000001,4.7749999999999995,44.650000000000006,-83.84999996666667
2015-08-29,3.788585813359086,299.65000000000003,288.2375,7.074999999999999,180.6125,0.6175,0.01270375,3.187500000000001,44.650000000000006,-83.84999996666667
2015-09-06,3.2584925779073006,296.01250000000005,283.76250000000005,4.625,187.0875,0.5437500000000001,0.01003625,4.3,44.650000000000006,-83.84999996666667
2015-09-14,3.2598735001487,297.9125,282.5625,1.475,187.5375,0.82125,0.008835,4.675,44.650000000000006,-83.84999996666667
2015-09-22,2.810212984241427,296.4,282.5375,0.375,159.01250000000002,0.6437499999999999,0.00897875,3.9875,44.650000000000006,-83.84999996666667
2015-09-30,1.9678234826113017,287.4875,278.40000000000003,0.5375000000000001,137.4125,0.29375000000000007,0.006231250000000001,6.050000000000001,44.650000000000006,-83.84999996666667
2015-10-08,1.4751754885139863,289.96250000000003,277.3375,1.6500000000000001,129.68750000000003,0.42499999999999993,0.006200000000000001,5.987500000000001,44.650000000000006,-83.84999996666667
2015-10-16,0.9694597754920948,285.8625,274.07500000000005,0.825,99.51250000000002,0.37,0.0046975,5.7,44.650000000000006,-83.84999996666667
2015-10-24,0.924557647911374,285.23749999999995,273.33750000000003,4.5625,79.8875,0.225,0.00512,5.7625,44.650000000000006,-83.84999996666667
2015-11-01,0.6471421434890543,289.5,275.125,1.675,91.775,0.41625,0.005955,5.875,44.650000000000006,-83.84999996666667
2015-11-09,0.6382290898634901,284.40000000000003,271.23749999999995,2.1125,72.2625,0.29125,0.004175000000000001,5.187500000000001,44.650000000000006,-83.84999996666667
2015-11-17,0.6079557289302248,279.20000000000005,271.34999999999997,1.25,55.837500000000006,0.23125000000000004,0.00360875,7.062500000000001,44.650000000000006,-83.84999996666667
2015-11-25,0.6270702738619698,278.52500000000003,267.8875,2.7375,59.38750000000001,0.15375000000000003,0.0035037500000000004,4.5125,44.650000000000006,-83.84999996666667
2015-12-03,0.6079557289302248,280.275,272.24999999999994,0.0,79.03750000000001,0.23124999999999996,0.0036187499999999996,4.825,44.650000000000006,-83.84999996666667
2015-12-11,0.655097872419279,279.55,272.78749999999997,4.5625,51.0,0.1375,0.00430125,6.575000000000001,44.650000000000006,-83.84999996666667
2015-12-19,0.5079557289302248,277.95,270.2625,3.6375,62.66250000000001,0.2,0.003215,6.2875,44.650000000000006,-83.84999996666667
2015-12-27,0.34714214348905426,272.64,266.98,4.32,50.86,0.066,0.002684,6.200000000000001,44.650000000000006,-83.84999996666667
2016-01-01,0.18564384339480702,272.8125,263.84999999999997,0.7375,62.68750000000001,0.12250000000000001,0.00221,5.9375,44.650000000000006,-83.84999996666667
2016-01-09,0.2133988319098536,269.87499999999994,261.02500000000003,3.6875,51.987500000000004,0.11499999999999999,0.0020287500000000006,6.275,44.650000000000006,-83.84999996666667
2016-01-17,0.4382290898634902,268.525,258.325,0.3125,61.9375,0.02875,0.0016950000000000003,4.262500000000001,44.650000000000006,-83.84999996666667
2016-01-25,0.44938790586501043,275.5875,265.85,2.2750000000000004,82.525,0.13125,0.0026637500000000003,5.675,44.650000000000006,-83.84999996666667
2016-02-02,0.5366737886082337,274.86249999999995,264.07500000000005,4.1125,58.95,0.12625,0.00268375,5.1000000000000005,44.650000000000006,-83.84999996666667
2016-02-10,0.5758602031670632,266.5625,252.75,0.21250000000000002,95.98750000000001,0.051250000000000004,0.0012875,5.625,44.650000000000006,-83.84999996666667
2016-02-26,0.5391864145588295,274.3375,259.4625,1.55,140.75,0.14625000000000002,0.0020837500000000005,5.05,44.650000000000006,-83.84999996666667
2016-03-05,0.5302733609332655,283.875,270.2875,0.6375,142.23749999999998,0.30124999999999996,0.00395,4.3500000000000005,44.650000000000006,-83.84999996666667
2016-03-13,0.6047583883265522,280.375,270.77500000000003,4.3375,156.8,0.31,0.0032500000000000003,5.0,44.650000000000006,-83.84999996666667
2016-03-21,0.495845334700988,279.8125,268.8125,5.1375,178.33749999999998,0.26749999999999996,0.0028525,5.325,44.650000000000006,-83.84999996666667
2016-03-29,0.5238729332582972,278.675,265.55,8.1875,176.025,0.22000000000000003,0.0029050000000000005,5.4125,44.650000000000006,-83.84999996666667
2016-04-06,0.7079557289302247,276.7125,267.6,1.9125,141.90000000000003,0.22375,0.0024312500000000007,5.4625,44.650000000000006,-83.84999996666667
2016-04-14,0.7799281303729155,292.40000000000003,273.5125,0.6875,264.71250000000003,0.7625000000000001,0.0043612500000000005,3.5125000000000006,44.650000000000006,-83.84999996666667
2016-04-22,0.9216271708823409,284.02500000000003,271.725,3.3000000000000003,202.82500000000002,0.3975000000000001,0.0035775000000000004,4.4375,44.650000000000006,-83.84999996666667
2016-04-30,1.0608135854411707,290.35,275.27500000000003,0.9000000000000001,243.96249999999998,0.6325000000000001,0.004682500000000001,4.15,44.650000000000006,-83.84999996666667
2016-05-08,1.5576162448374982,289.8375,275.5375,1.85,238.77500000000003,0.6187500000000001,0.004682500000000001,4.4750000000000005,44.650000000000006,-83.84999996666667
2016-05-16,1.813944051994379,295.1125,274.8375,0.037500000000000006,303.3375,0.87875,0.004875000000000001,2.925,44.650000000000006,-83.84999996666667
2016-05-24,2.746735785345863,301.3500000000001,285.2875,0.8375000000000001,295.875,1.09125,0.0096925,4.425,44.650000000000006,-83.84999996666667
2016-06-01,3.4417105334446716,295.32500000000005,280.7,3.2500000000000004,250.76250000000002,0.7725,0.007428750000000001,4.425000000000001,44.650000000000006,-83.84999996666667
2016-06-09,3.81253973824292,296.7875,281.65,5.000000000000001,235.8375,0.7125,0.007983750000000001,4.2125,44.650000000000006,-83.84999996666667
2016-06-17,4.394568389955617,301.6,283.0875,0.28750000000000003,317.825,1.19875,0.00890375,3.6125000000000003,44.650000000000006,-83.84999996666667
2016-06-25,3.8002731072302325,299.3,282.1875,2.275,290.9625,0.9912500000000002,0.008475000000000002,4.7124999999999995,44.650000000000006,-83.84999996666667
2016-07-03,4.6506235870702355,301.04999999999995,285.675,4.125,285.38750000000005,0.7887500000000001,0.0111925,3.025,44.650000000000006,-83.84999996666667
2016-07-11,4.5531362130208315,300.22499999999997,286.375,0.3125,259.32500000000005,0.8875,0.011309999999999999,4.950000000000001,44.650000000000006,-83.84999996666667
2016-07-19,4.639464771068716,303.98749999999995,288.4,0.6375000000000001,286.6625,1.1075000000000002,0.012250000000000002,3.8000000000000003,44.650000000000006,-83.84999996666667
2016-07-27,3.0336628171416344,301.4,286.0625,0.30000000000000004,255.88750000000002,0.9475000000000001,0.011075,3.2749999999999995,44.650000000000006,-83.84999996666667
2016-08-04,3.8325191233092215,304.08750000000003,286.125,0.7000000000000001,268.6375,1.16625,0.011473750000000001,3.3875,44.650000000000006,-83.84999996666667
2016-08-12,3.6609008207222997,300.625,288.5125,9.350000000000001,197.07500000000002,0.7437499999999999,0.012620000000000001,2.9375,44.650000000000006,-83.84999996666667
2016-08-20,3.5121166378848296,298.6,285.41249999999997,2.8625000000000003,207.13750000000002,0.6849999999999999,0.01089375,4.7125,44.650000000000006,-83.84999996666667
2016-08-28,3.304491524751912,298.1625,281.65,2.0,228.53750000000002,0.61625,0.009851250000000002,3.6000000000000005,44.650000000000006,-83.84999996666667
2016-09-05,3.3070098971701314,298.85,284.6875,4.4750000000000005,194.425,0.615,0.01154875,3.9750000000000005,44.650000000000006,-83.84999996666667
2016-09-13,2.867138767958225,296.8,281.1125,0.7250000000000001,196.0625,0.5625,0.009152500000000001,4.275,44.650000000000006,-83.84999996666667
2016-09-21,2.1826323747402374,292.3,280.82500000000005,6.8875,140.35,0.36750000000000005,0.00816625,4.8,44.650000000000006,-83.84999996666667
2016-09-29,1.8234608286474832,291.6875,283.9875,3.9125000000000005,112.75,0.2575,0.00923625,4.7,44.650000000000006,-83.84999996666667
2016-10-07,1.314547775021919,289.16249999999997,274.28749999999997,1.05,132.5875,0.3775,0.006047500000000001,5.650000000000001,44.650000000000006,-83.84999996666667
2016-10-15,1.0209424562292642,289.4375,278.12500000000006,1.7750000000000001,122.2625,0.3225,0.007355000000000001,5.9,44.650000000000006,-83.84999996666667
2016-10-23,0.8359833274875339,283.65,271.59999999999997,2.5,91.65,0.19000000000000003,0.0049675000000000006,5.0875,44.650000000000006,-83.84999996666667
2016-10-31,0.7369406521828733,288.7,272.02500000000003,0.08750000000000001,96.0125,0.30125,0.005753750000000001,4.3375,44.650000000000006,-83.84999996666667
2016-11-08,0.6079557289302248,285.84999999999997,271.8125,0.1875,92.85,0.35375,0.00441375,6.15,44.650000000000006,-83.84999996666667
2016-11-16,0.495845334700988,279.4,268.6375,2.2875,73.2625,0.17625000000000002,0.00388,6.900000000000001,44.650000000000006,-83.84999996666667
2016-11-24,0.6079557289302248,280.4,271.90000000000003,3.25,50.55,0.14500000000000002,0.0042575,5.275,44.650000000000006,-83.84999996666667
2016-12-02,0.5471421434890542,275.0875,268.6,1.1625,59.925000000000004,0.15000000000000002,0.002965,5.800000000000001,44.650000000000006,-83.84999996666667
2016-12-10,0.47768236799695935,267.7625,259.97499999999997,3.0125,51.087500000000006,0.057499999999999996,0.00179625,7.487500000000002,44.650000000000006,-83.84999996666667
2016-12-18,0.4585678230652143,272.59999999999997,263.95,1.5625,80.25,0.08499999999999999,0.00227875,6.6000000000000005,44.650000000000006,-83.84999996666667
2016-12-26,0.3744850273932867,273.8333333333333,266.5833333333333,1.0166666666666668,61.18333333333334,0.11166666666666668,0.002673333333333333,7.300000000000001,44.650000000000006,-83.84999996666667
2017-01-01,0.3327859868838613,268.875,259.0,0.8624999999999999,48.4625,0.061250000000000006,0.0018662499999999999,6.5,44.650000000000006,-83.84999996666667
2017-01-09,0.42707027386196983,272.8,259.975,3.6125,67.66250000000001,0.11374999999999999,0.0019675,6.0,44.650000000000006,-83.84999996666667
2017-01-17,0.5270702738619698,276.4875,272.65,2.0250000000000004,67.075,0.15000000000000002,0.0033937500000000005,3.0875,44.650000000000006,-83.84999996666667
2017-01-25,0.4812165680535324,272.61249999999995,265.3375,1.8125,53.95,0.09875,0.0024075000000000004,4.9125,44.650000000000006,-83.84999996666667
2017-02-02,0.50352845358895,269.75,261.59999999999997,1.4000000000000001,92.86250000000001,0.10499999999999998,0.0017025000000000002,6.6625,44.650000000000006,-83.84999996666667
2017-02-10,0.4744850273932867,274.9375,265.8625,0.8,95.1125,0.17,0.00233,5.775,44.650000000000006,-83.84999996666667
2017-02-18,0.5990426753046606,282.3875,270.9125,5.775,122.19999999999999,0.29375,0.00369375,5.150000000000001,44.650000000000006,-83.84999996666667
2017-02-26,0.5799281303729156,274.21250000000003,261.8375,4.05,126.0,0.14625,0.0021425,6.300000000000001,44.650000000000006,-83.84999996666667
2017-03-06,0.6270702738619698,274.275,264.2125,1.1,150.8625,0.24374999999999997,0.00199,7.800000000000001,44.650000000000006,-83.84999996666667
2017-03-14,0.6990426753046608,276.77500000000003,264.54999999999995,0.4750000000000001,193.17500000000004,0.22125,0.00234125,5.55,44.650000000000006,-83.84999996666667
2017-03-22,0.7270702738619699,279.35,270.1625,4.7875000000000005,175.275,0.2625,0.0030562500000000004,4.775,44.650000000000006,-83.84999996666667
2017-03-30,0.6990426753046608,281.575,272.69999999999993,5.912500000000001,139.7375,0.3125,0.0036350000000000006,6.4125,44.650000000000006,-83.84999996666667
2017-04-07,0.655097872419279,288.7875,273.0125,2.625,258.375,0.6212500000000001,0.00404625,5.35,44.650000000000006,-83.84999996666667
2017-04-15,0.8799281303729154,288.56249999999994,273.78749999999997,6.549999999999999,209.725,0.45499999999999996,0.005095,5.550000000000001,44.650000000000006,-83.84999996666667
2017-04-23,0.9496547694396501,290.7,276.15,4.1375,241.72500000000002,0.63875,0.00515,6.037500000000001,44.650000000000006,-83.84999996666667
2017-05-01,0.9640109260448431,287.08750000000003,273.27500000000003,1.6375000000000002,261.83750000000003,0.5150000000000001,0.003807500000000001,5.875000000000001,44.650000000000006,-83.84999996666667
2017-05-09,1.221627170882341,292.4625,275.9875,0.5875000000000001,256.63750000000005,0.72875,0.00506375,3.3125,44.650000000000006,-83.84999996666667
2017-05-17,1.509522523120727,293.025,279.7375,3.175,233.95000000000002,0.61625,0.00703625,6.1125,44.650000000000006,-83.84999996666667
2017-05-25,2.197759984091667,293.2625,280.3875,1.0000000000000002,229.80000000000004,0.5974999999999999,0.0071175000000000006,4.325,44.650000000000006,-83.84999996666667
2017-06-02,3.253826674141531,297.81249999999994,281.45000000000005,1.9125,273.875,0.8799999999999999,0.007866250000000002,3.3625000000000003,44.650000000000006,-83.84999996666667
2017-06-10,3.475453845023872,301.25,287.68749999999994,7.7375,263.575,0.9125000000000001,0.011613749999999999,4.6125,44.650000000000006,-83.84999996666667
2017-06-18,3.8051234829295977,296.5,283.22499999999997,6.750000000000001,232.29999999999998,0.6975000000000001,0.008674999999999999,3.975,44.650000000000006,-83.84999996666667
2017-06-26,3.6963499238725843,297.1,283.58750000000003,1.7750000000000001,276.4875,0.70875,0.009143750000000003,4.437500000000001,44.650000000000006,-83.84999996666667
2017-07-04,4.298450445212366,300.625,286.3375,5.725,289.175,0.9237500000000001,0.01068875,3.3500000000000005,44.650000000000006,-83.84999996666667
2017-07-12,4.404996113923509,298.25000000000006,286.4625,2.1625000000000005,283.9125,0.6725,0.010968750000000001,3.3999999999999995,44.650000000000006,-83.84999996666667
2017-07-20,4.124423899810446,299.7625,286.27500000000003,3.1125000000000003,253.13750000000002,0.8125,0.010845,3.5000000000000004,44.650000000000006,-83.84999996666667
2017-07-28,4.187210637585309,299.475,286.25,2.3125,246.01250000000005,0.7900000000000001,0.01084125,3.9875000000000007,44.650000000000006,-83.84999996666667
2017-08-05,3.928990669720271,298.43749999999994,284.45,0.625,218.1875,0.8099999999999999,0.009408750000000002,3.7000000000000006,44.650000000000006,-83.84999996666667
2017-08-13,2.8815759161889547,298.3375,287.0125,6.175000000000001,201.76250000000005,0.71125,0.010740000000000001,3.8000000000000003,44.650000000000006,-83.84999996666667
2017-08-21,3.348018476558857,295.93750000000006,282.925,1.05,195.15,0.6537499999999999,0.00876125,3.5000000000000004,44.650000000000006,-83.84999996666667
2017-08-29,3.345778460650523,295.2,280.13750000000005,2.9000000000000004,200.625,0.57625,0.008155,3.6875000000000004,44.650000000000006,-83.84999996666667
2017-09-06,3.163947173822175,293.56249999999994,278.62499999999994,1.0875000000000001,204.13750000000005,0.5675,0.00706125,3.25,44.650000000000006,-83.84999996666667
2017-09-14,3.0423142564722108,299.45000000000005,283.975,0.75,192.78750000000002,0.6725000000000001,0.01090125,3.5125,44.650000000000006,-83.84999996666667
2017-09-22,2.6795217722297244,300.20000000000005,283.8625,1.875,168.73750000000004,0.99,0.010045,4.0,44.650000000000006,-83.84999996666667
2017-09-30,2.3129924737666623,294.175,279.3125,2.2625,146.28750000000002,0.5800000000000001,0.007490000000000001,5.137500000000001,44.650000000000006,-83.84999996666667
2017-10-08,1.7104741013484435,291.4375,278.73749999999995,3.4250000000000007,121.08749999999999,0.34125,0.007676250000000002,5.0375000000000005,44.650000000000006,-83.84999996666667
2017-10-16,0.9760460751161661,292.525,277.2,12.7375,130.2125,0.5825,0.0065337500000000005,6.175000000000001,44.650000000000006,-83.84999996666667
2017-10-24,0.9327859868838613,281.45,272.45,1.7000000000000002,71.60000000000001,0.16,0.004327500000000001,5.8375,44.650000000000006,-83.84999996666667
2017-11-01,0.6799281303729157,279.975,270.9875,1.1,82.9625,0.1375,0.0039675000000000005,4.6875,44.650000000000006,-83.84999996666667
2017-11-09,0.5047583883265521,275.27500000000003,266.68749999999994,4.0625,62.95000000000001,0.10250000000000001,0.00289375,5.949999999999999,44.650000000000006,-83.84999996666667
2017-11-17,0.4095167766531042,277.875,269.0,3.5250000000000004,53.25000000000001,0.19125,0.003045000000000001,7.3875,44.650000000000006,-83.84999996666667
2017-11-25,0.5168687825557888,280.28749999999997,268.8875,0.41250000000000003,67.3875,0.23124999999999998,0.003225,6.1625,44.650000000000006,-83.84999996666667
2017-12-03,0.5729239796704072,274.425,267.25,0.9874999999999999,44.3875,0.16375000000000006,0.00253875,7.7625,44.650000000000006,-83.84999996666667
2017-12-11,0.544896381113098,268.1125,260.95000000000005,0.925,51.712500000000006,0.04125,0.00196625,5.6375,44.650000000000006,-83.84999996666667
2017-12-19,0.4697266390667346,269.46250000000003,260.3,1.175,61.01250000000001,0.0675,0.002035,5.4750000000000005,44.650000000000006,-83.84999996666667
2017-12-27,0.3327859868838613,264.58000000000004,251.61999999999998,0.2,52.94,0.05600000000000001,0.0011520000000000002,4.1,44.650000000000006,-83.84999996666667
2018-01-01,0.4519005318156064,264.675,254.47500000000002,0.17500000000000002,62.05,0.06625,0.0012050000000000001,7.4750000000000005,44.650000000000006,-83.84999996666667
2018-01-09,0.5544131577662023,270.7,259.02500000000003,2.0375,57.8125,0.11250000000000002,0.0019087500000000003,5.812500000000001,44.650000000000006,-83.84999996666667
2018-01-17,0.5846865186994676,274.1125,265.65,2.5125,69.7625,0.15000000000000002,0.0023775,5.175,44.650000000000006,-83.84999996666667
2018-01-25,0.6710150767473515,272.7875,263.38750000000005,0.30000000000000004,70.2375,0.175,0.00188375,6.3125,44.650000000000006,-83.84999996666667
2018-02-02,0.521627170882341,266.5625,254.96249999999998,1.125,78.9625,0.07125000000000001,0.00122875,4.55,44.650000000000006,-83.84999996666667
2018-02-10,0.4280275985573092,273.05,259.6875,0.7625000000000001,109.0,0.15625,0.0018437500000000003,4.875000000000001,44.650000000000006,-83.84999996666667
2018-02-18,0.48884118399847964,277.2,270.025,5.550000000000001,116.92500000000001,0.24375,0.002665,5.712500000000001,44.650000000000006,-83.84999996666667
2018-02-26,0.4935995723250318,278.96250000000003,266.975,0.0,175.625,0.3,0.0023987500000000003,5.487500000000001,44.650000000000006,-83.84999996666667
2018-03-06,0.6127141172567768,272.8125,265.02500000000003,1.7750000000000001,86.8875,0.1075,0.0022900000000000004,5.137499999999999,44.650000000000006,-83.84999996666667
2018-03-14,0.6127141172567768,276.29999999999995,264.1625,0.0,221.66250000000002,0.24374999999999997,0.0019575,5.987500000000001,44.650000000000006,-83.84999996666667
2018-03-22,0.640741715814086,279.01250000000005,266.7875,0.775,227.05,0.265,0.0025562500000000004,5.737500000000001,44.650000000000006,-83.84999996666667
2018-03-30,0.6687693143713952,276.02500000000003,262.80000000000007,2.3625,167.6875,0.22499999999999998,0.0019300000000000003,6.675000000000002,44.650000000000006,-83.84999996666667
2018-04-07,0.7878838593031403,276.71250000000003,266.1875,6.550000000000001,153.975,0.21250000000000005,0.0024425,5.250000000000001,44.650000000000006,-83.84999996666667
2018-04-15,0.635983327487534,280.4375,269.1875,3.75,212.0375,0.37125,0.0025800000000000003,5.0375000000000005,44.650000000000006,-83.84999996666667
2018-04-23,0.8990426753046605,287.375,272.34999999999997,0.7250000000000001,253.5625,0.5775,0.0036187499999999996,4.050000000000001,44.650000000000006,-83.84999996666667
2018-05-01,1.1799281303729154,295.6375,278.45,3.4750000000000005,230.08750000000003,0.855,0.006432500000000001,4.6875,44.650000000000006,-83.84999996666667
2018-05-09,1.281494924563418,294.05,277.1875,1.8375,281.5,0.8112499999999999,0.0058025,3.9625000000000004,44.650000000000006,-83.84999996666667
2018-05-17,1.9283002085995717,294.425,279.85,2.3000000000000003,257.71250000000003,0.7875,0.0064687500000000005,3.5875000000000004,44.650000000000006,-83.84999996666667
2018-05-25,2.3601346172557167,301.7875,286.525,3.8500000000000005,269.5125,1.04125,0.01095625,4.0875,44.650000000000006,-83.84999996666667
2018-06-02,3.592050017537398,295.15,281.0125,1.2125000000000001,252.2875,0.7074999999999999,0.00739125,3.6374999999999997,44.650000000000006,-83.84999996666667
2018-06-10,4.238507446373376,300.05,283.83750000000003,1.175,309.77500000000003,0.9562499999999999,0.009647500000000002,3.925,44.650000000000006,-83.84999996666667
2018-06-18,4.257012521809958,296.1499999999999,281.7125,1.1625,241.37500000000003,0.57375,0.00898375,3.325,44.650000000000006,-83.84999996666667
2018-06-26,4.269999249108997,303.9125,288.61249999999995,0.6375,295.63750000000005,1.2325000000000002,0.012291250000000002,4.2,44.650000000000006,-83.84999996666667
2018-07-04,4.85190627828323,303.225,284.5375,0.8750000000000001,315.6875,1.18125,0.01053125,3.9125,44.650000000000006,-83.84999996666667
2018-07-12,4.1664425603699025,301.8375,286.5625,3.3000000000000007,273.52500000000003,1.03125,0.0110425,3.3625000000000003,44.650000000000006,-83.84999996666667
2018-07-20,4.31332358675194,298.2625,288.07500000000005,6.5125,224.725,0.70125,0.01114375,3.3874999999999997,44.650000000000006,-83.84999996666667
2018-07-28,4.257627737772744,300.25,286.0625,3.0375000000000005,252.76250000000005,0.9025000000000001,0.010470000000000002,2.6125000000000003,44.650000000000006,-83.84999996666667
2018-08-05,4.265316603128329,300.95,287.9,0.48750000000000004,234.9375,0.92125,0.011483750000000001,3.1000000000000005,44.650000000000006,-83.84999996666667
2018-08-13,4.300696207588323,300.975,288.4375,1.0,243.01250000000002,0.8,0.012427500000000001,2.55,44.650000000000006,-83.84999996666667
2018-08-21,4.146463175303601,298.625,287.9125,8.562500000000002,216.89999999999998,0.675,0.011558750000000001,5.1625000000000005,44.650000000000006,-83.84999996666667
2018-08-29,3.850084113453333,298.84999999999997,287.3125,5.5,197.15000000000003,0.52,0.012668750000000001,4.550000000000001,44.650000000000006,-83.84999996666667
2018-09-06,3.6687808073066415,294.3875,280.32500000000005,0.0,215.81250000000003,0.50875,0.00812875,4.362500000000001,44.650000000000006,-83.84999996666667
2018-09-14,3.38694377401067,298.2625,284.025,2.225,183.21250000000003,0.49750000000000005,0.01130375,3.975,44.650000000000006,-83.84999996666667
2018-09-22,3.323280703166003,290.5625,278.36249999999995,2.5125,170.275,0.3675,0.00700375,5.075,44.650000000000006,-83.84999996666667
2018-09-30,2.446962018007574,286.675,278.8,9.087500000000002,96.425,0.16750000000000004,0.006931250000000001,4.975,44.650000000000006,-83.84999996666667
2018-10-08,1.9596761352643512,288.0375,278.2,3.75,114.61250000000001,0.23875000000000005,0.007356250000000001,6.2875000000000005,44.650000000000006,-83.84999996666667
2018-10-16,1.2391864145588296,282.5375,270.6875,1.0750000000000002,101.80000000000001,0.25,0.00386125,7.3375,44.650000000000006,-83.84999996666667
2018-10-24,0.8535425711640225,281.475,271.35,4.6625,82.81250000000001,0.125,0.00445125,3.9875000000000007,44.650000000000006,-83.84999996666667
2018-11-01,0.8280275985573093,278.90000000000003,272.36249999999995,3.1375000000000006,59.600000000000016,0.11750000000000001,0.00404875,5.8125,44.650000000000006,-83.84999996666667
2018-11-09,0.45061209413498954,273.425,266.3,2.5875000000000004,56.41250000000001,0.07,0.0027175000000000003,5.5375,44.650000000000006,-83.84999996666667
2018-11-17,0.41367144195211625,273.52500000000003,263.95,0.9750000000000001,61.812500000000014,0.11125,0.0023925,6.0375000000000005,44.650000000000006,-83.84999996666667
2018-11-25,0.48884118399847964,274.0625,269.9875,2.7625,61.77500000000001,0.10625,0.00294375,5.512500000000001,44.650000000000006,-83.84999996666667
2018-12-03,0.3608135854411705,271.75,264.45000000000005,0.225,69.15,0.08625,0.0022562500000000004,5.6125,44.650000000000006,-83.84999996666667
2018-12-11,0.3608135854411705,274.95000000000005,268.2125,0.5,82.4625,0.12875,0.00276625,4.1625,44.650000000000006,-83.84999996666667
2018-12-19,0.32802759855730923,273.9875,268.925,1.0750000000000002,47.5875,0.115,0.002805,4.5125,44.650000000000006,-83.84999996666667
2018-12-27,0.2,275.32,265.6,5.340000000000001,62.080000000000005,0.13,0.0026959999999999996,6.340000000000001,44.650000000000006,-83.84999996666667
2019-01-01,0.3799281303729155,274.9375,264.04999999999995,2.0125,59.4625,0.12875000000000003,0.00254875,5.949999999999999,44.650000000000006,-83.84999996666667
2019-01-09,0.42231188553541776,268.87500000000006,259.62500000000006,0.0625,65.0125,0.04875,0.0018325000000000001,5.362500000000001,44.650000000000006,-83.84999996666667
2019-01-17,0.3553704824615417,266.27500000000003,255.7625,2.0250000000000004,64.1,0.048749999999999995,0.0014587500000000002,5.3875,44.650000000000006,-83.84999996666667
2019-01-25,0.32387293325829714,261.13750000000005,245.925,1.7750000000000001,78.125,0.0275,0.0008550000000000001,6.1375,44.650000000000006,-83.84999996666667
2019-02-02,0.2888411839984797,273.0125,264.15,2.6875,86.86250000000001,0.14125000000000001,0.0022050000000000004,5.6875,44.650000000000006,-83.84999996666667
2019-02-10,0.4079557289302247,269.66249999999997,261.175,2.7875,88.1125,0.07500000000000001,0.0018425000000000004,5.375000000000001,44.650000000000006,-83.84999996666667
2019-02-18,0.34714214348905426,272.4875,259.7375,2.5500000000000003,106.3,0.11499999999999999,0.00198875,5.6000000000000005,44.650000000000006,-83.84999996666667
2019-02-26,0.34714214348905426,267.95000000000005,252.8,2.3000000000000003,115.8875,0.07375000000000001,0.00132125,3.5875,44.650000000000006,-83.84999996666667
2019-03-06,0.45061209413498954,273.23750000000007,258.2875,1.8625000000000003,154.8375,0.1275,0.0019975,5.337500000000001,44.650000000000006,-83.84999996666667
2019-03-14,0.5633262113917664,278.4,267.4125,1.325,152.925,0.23750000000000002,0.0027362500000000004,5.1000000000000005,44.650000000000006,-83.84999996666667
2019-03-22,0.6687693143713952,281.53749999999997,266.525,0.525,237.96250000000003,0.38625,0.0023162500000000006,5.437500000000001,44.650000000000006,-83.84999996666667
2019-03-30,0.6687693143713952,279.0,267.5125,1.2125,166.2,0.26625000000000004,0.0026825000000000004,5.762500000000001,44.650000000000006,-83.84999996666667
2019-04-07,0.8295828998125656,282.5,272.7625,4.0625,176.91250000000002,0.35500000000000004,0.0036499999999999996,6.887500000000001,44.650000000000006,-83.84999996666667
2019-04-15,0.8270702738619697,287.3125,275.11249999999995,3.525,182.6125,0.5687500000000001,0.00413875,5.0625,44.650000000000006,-83.84999996666667
2019-04-23,0.946184818793715,285.8375,273.02500000000003,1.4500000000000002,240.0625,0.49624999999999997,0.0036700000000000005,5.612500000000001,44.650000000000006,-83.84999996666667
2019-05-01,1.086055948005621,286.6125,273.9,5.625,224.0625,0.42874999999999996,0.004486250000000001,3.7500000000000004,44.650000000000006,-83.84999996666667
2019-05-09,1.4544131577662023,290.0625,275.1625,1.05,210.41250000000002,0.5862499999999999,0.0049275,4.1625,44.650000000000006,-83.84999996666667
2019-05-17,1.8471478899566771,290.1,278.52500000000003,4.0875,219.225,0.495,0.006010000000000001,4.8,44.650000000000006,-83.84999996666667
2019-05-25,2.550623587070236,294.51250000000005,279.4125,4.35,259.09999999999997,0.6612500000000001,0.0071425,3.4125000000000005,44.650000000000006,-83.84999996666667
2019-06-02,3.1970810159062126,296.4125,280.2625,3.9750000000000005,277.96250000000003,0.8300000000000001,0.007238750000000001,3.4125000000000005,44.650000000000006,-83.84999996666667
2019-06-10,3.397005770748299,293.225,280.3875,5.412499999999999,219.8375,0.5900000000000001,0.00708875,4.2625,44.650000000000006,-83.84999996666667
2019-06-18,3.942662111672388,296.8375,283.3125,3.325,281.0,0.73125,0.008721250000000002,3.7,44.650000000000006,-83.84999996666667
2019-06-26,4.448377824694279,301.32500000000005,286.4875,1.7125000000000001,290.85,0.905,0.011313750000000001,2.675,44.650000000000006,-83.84999996666667
2019-07-04,4.266801908505324,299.67499999999995,284.775,2.35,292.51250000000005,0.6449999999999999,0.011555000000000003,3.4875000000000003,44.650000000000006,-83.84999996666667
2019-07-12,3.8283059550671945,302.45000000000005,288.5125,3.1125000000000003,283.8625,0.9862500000000001,0.012408750000000003,4.05,44.650000000000006,-83.84999996666667
2019-07-20,4.700963071162962,299.8625,285.85,2.5500000000000003,275.975,0.7949999999999999,0.010901250000000001,4.0375000000000005,44.650000000000006,-83.84999996666667
2019-07-28,4.369673882591343,300.4125,284.6125,4.275,266.7875000000001,0.81,0.010812500000000003,2.7875000000000005,44.650000000000006,-83.84999996666667
2019-08-05,4.398595686248541,300.5625,284.4,1.0875000000000001,240.2125,0.8200000000000001,0.010690000000000002,3.4125000000000005,44.650000000000006,-83.84999996666667
2019-08-13,3.9974063824238675,298.6875,283.575,0.5375000000000001,241.0375,0.6525,0.010305000000000002,3.3375,44.650000000000006,-83.84999996666667
2019-08-21,3.613938802714726,297.025,281.225,3.1125000000000003,235.80000000000004,0.625,0.00894,4.7375,44.650000000000006,-83.84999996666667
2019-08-29,3.6359080823296206,295.76250000000005,280.1125,2.9375,208.6125,0.615,0.008028750000000001,4.05,44.650000000000006,-83.84999996666667
2019-09-06,3.565850330277608,293.66249999999997,282.4125,4.375,158.51250000000002,0.35,0.009375,5.0875,44.650000000000006,-83.84999996666667
2019-09-14,3.2708406977334947,297.125,284.5375,1.8875000000000002,197.57500000000002,0.5825,0.01024125,3.9000000000000004,44.650000000000006,-83.84999996666667
2019-09-22,2.6851968543386873,292.70000000000005,281.5,3.5625000000000004,135.55,0.35375000000000006,0.00859375,5.1375,44.650000000000006,-83.84999996666667
2019-09-30,2.259681881731974,289.2375,278.75,2.25,146.00000000000003,0.25125000000000003,0.007390000000000001,5.9125,44.650000000000006,-83.84999996666667
2019-10-08,1.9140950394981764,286.5,273.84999999999997,4.7,119.1875,0.295,0.00524875,5.825000000000001,44.650000000000006,-83.84999996666667
2019-10-16,1.486061694473244,285.34999999999997,275.02500000000003,2.85,113.02500000000002,0.26125,0.005205,6.3875,44.650000000000006,-83.84999996666667
2019-10-24,1.0357164639128942,282.025,271.725,6.1875,98.33750000000002,0.145,0.0045075,4.825,44.650000000000006,-83.84999996666667
2019-11-01,0.8990426753046605,275.875,268.1,1.6750000000000003,65.86250000000001,0.13625,0.0029125,6.325,44.650000000000006,-83.84999996666667
2019-11-09,0.7853712333525444,272.075,261.875,0.9125000000000001,70.65,0.0625,0.002375,6.0875,44.650000000000006,-83.84999996666667
2019-11-17,0.7270702738619699,277.925,268.45000000000005,0.8500000000000001,68.65,0.15125,0.0031775000000000006,4.525,44.650000000000006,-83.84999996666667
2019-11-25,0.5598562607458311,276.2125,268.73750000000007,6.562500000000001,59.650000000000006,0.12125,0.0031812500000000005,5.7250000000000005,44.650000000000006,-83.84999996666667
2019-12-03,0.7159114578604495,273.7125,267.475,2.3875,54.612500000000004,0.09749999999999999,0.0027462500000000004,5.8875,44.650000000000006,-83.84999996666667
2019-12-11,0.5270702738619698,270.6875,262.6375,0.15000000000000002,63.375,0.09,0.00203,6.112500000000001,44.650000000000006,-83.84999996666667
2019-12-19,0.6270702738619698,277.125,269.20000000000005,0.0,82.78750000000001,0.19874999999999998,0.0029325,4.925000000000001,44.650000000000006,-83.84999996666667
2019-12-27,0.4799281303729156,274.54,268.56,9.0,55.84000000000001,0.098,0.0030080000000000003,6.0,44.650000000000006,-83.84999996666667
2020-01-01,0.13278598688386128,274.29999999999995,267.35,0.6625000000000001,64.2,0.14750000000000002,0.0025375000000000007,5.875,44.650000000000006,-83.84999996666667
2020-01-09,0.24965476943965015,273.8125,265.9375,2.7875,49.2875,0.13625,0.0024075000000000004,5.5875,44.650000000000006,-83.84999996666667
2020-01-17,0.1744850273932867,271.84999999999997,263.025,2.7875000000000005,74.9625,0.12,0.0020700000000000002,5.55,44.650000000000006,-83.84999996666667
2020-01-25,0.33529861283445717,273.375,269.925,1.2750000000000001,58.762499999999996,0.11875000000000001,0.00274625,3.5000000000000004,44.650000000000006,-83.84999996666667
2020-02-02,0.33529861283445717,272.3625,262.40000000000003,1.4625,87.5,0.0975,0.00218375,4.375000000000001,44.650000000000006,-83.84999996666667
2020-02-10,0.32162717088234094,270.9125,256.35,1.25,112.9,0.0675,0.0018562500000000003,5.4125,44.650000000000006,-83.84999996666667
2020-02-18,0.42707027386196983,275.725,263.69999999999993,0.0,137.6125,0.215,0.0021025,6.300000000000001,44.650000000000006,-83.84999996666667
2020-02-26,0.37577346507390347,274.7,264.5125,0.4,132.9125,0.18500000000000003,0.0021450000000000006,6.05,44.650000000000006,-83.84999996666667
2020-03-05,0.4263855592088931,279.91249999999997,268.84999999999997,2.3375000000000004,158.72500000000002,0.28750000000000003,0.0029287500000000004,5.125,44.650000000000006,-83.84999996666667
2020-03-13,0.7350260027921945,277.5625,266.38750000000005,1.7125000000000001,183.16250000000002,0.19750000000000004,0.0026337500000000002,5.8,44.650000000000006,-83.84999996666667
2020-03-21,0.8350260027921945,280.225,270.2875,2.6750000000000003,219.66250000000002,0.31375,0.0029675000000000005,3.5875000000000004,44.650000000000006,-83.84999996666667
2020-03-29,0.8878838593031402,283.9875,271.6624999999999,0.7375000000000002,171.57500000000002,0.4325,0.0032825,4.3125,44.650000000000006,-83.84999996666667
2020-04-06,0.840741715814086,285.1,272.7,2.0125,178.35,0.46625000000000005,0.0034962500000000002,5.375000000000001,44.650000000000006,-83.84999996666667
2020-04-14,0.8394532781334693,281.15000000000003,268.08750000000003,0.55,195.9875,0.4275,0.00218,6.225,44.650000000000006,-83.84999996666667
2020-04-22,0.8878838593031402,285.625,274.075,6.9125000000000005,202.02500000000003,0.5337500000000001,0.0035475000000000003,4.6,44.650000000000006,-83.84999996666667
2020-04-30,0.9598562607458312,288.7125,273.6875,0.1,252.0375,0.63,0.003975,4.4375,44.650000000000006,-83.84999996666667
2020-05-08,1.1776823679969595,284.37500000000006,272.41249999999997,0.65,202.025,0.465,0.00345,4.25,44.650000000000006,-83.84999996666667
2020-05-16,1.9104741013484434,293.2125,280.35,8.9,237.07500000000002,0.7,0.006568750000000001,5.0625,44.650000000000006,-83.84999996666667
2020-05-24,2.2615040465618703,298.6125,284.6625,3.4125,258.6625,0.9724999999999999,0.009223750000000001,4.1375,44.650000000000006,-83.84999996666667
2020-06-01,3.316880275491035,299.63750000000005,283.1125,0.6625000000000001,303.17500000000007,1.03875,0.008541250000000002,3.5375,44.650000000000006,-83.84999996666667
2020-06-09,4.061364551993319,297.075,279.45000000000005,3.1250000000000004,313.65000000000003,0.87875,0.00736875,5.0625,44.650000000000006,-83.84999996666667
2020-06-17,4.291092692842058,301.5375,285.0,2.7125000000000004,284.3125,1.0825,0.010061250000000002,3.3875,44.650000000000006,-83.84999996666667
2020-06-25,3.650606844855336,303.36249999999995,286.5875,0.0,319.71250000000003,1.27625,0.01060125,2.95,44.650000000000006,-83.84999996666667
2020-07-03,4.671380171350397,305.9375,288.95,2.0875,289.575,1.2975,0.013385000000000001,2.5875,44.650000000000006,-83.84999996666667
2020-07-11,3.6791681705619252,301.8625,287.925,3.6875,277.27500000000003,1.0025,0.011608750000000001,4.0875,44.650000000000006,-83.84999996666667
2020-07-19,3.888086970655112,300.83750000000003,287.35,4.7,269.90000000000003,0.8700000000000001,0.01168,3.6625,44.650000000000006,-83.84999996666667
2020-07-27,3.7095450118032485,299.1,286.3625,2.9875,244.72500000000002,0.77625,0.01072125,3.8125,44.650000000000006,-83.84999996666667
2020-08-04,4.135989073955157,299.5125,285.3125,4.875,256.4875,0.75875,0.01089625,3.7875,44.650000000000006,-83.84999996666667
2020-08-12,3.005025749089162,299.875,285.25,3.3125,253.06250000000003,0.8424999999999999,0.010411250000000002,3.05,44.650000000000006,-83.84999996666667
2020-08-20,4.375865949634687,301.53749999999997,287.5125,6.487499999999999,206.42499999999998,0.81125,0.012343750000000002,3.6,44.650000000000006,-83.84999996666667
2020-08-28,3.713944051994379,296.1875,283.34999999999997,2.575,215.72500000000002,0.5812499999999999,0.009300000000000001,4.65,44.650000000000006,-83.84999996666667
2020-09-05,3.9506235870702353,290.38749999999993,279.67499999999995,1.6500000000000001,155.1875,0.29750000000000004,0.00760375,4.675000000000001,44.650000000000006,-83.84999996666667
2020-09-13,3.3251086144635225,291.65000000000003,275.23749999999995,0.0,203.9625,0.43374999999999997,0.006435,4.812500000000001,44.650000000000006,-83.84999996666667
2020-09-21,3.0729354726056535,295.9875,282.0625,2.175,157.48750000000004,0.635,0.00872875,4.2125,44.650000000000006,-83.84999996666667
2020-09-29,1.9057157130218916,286.47499999999997,275.975,3.7,125.3125,0.32624999999999993,0.0053375,4.825000000000001,44.650000000000006,-83.84999996666667
2020-10-07,1.2738003127402102,289.4875,274.28749999999997,2.7125000000000004,150.36250000000004,0.31875,0.00606875,5.950000000000001,44.650000000000006,-83.84999996666667
2020-10-15,1.3302733609332655,282.8875,272.525,4.1875,108.75,0.215,0.00434625,5.262499999999999,44.650000000000006,-83.84999996666667
2020-10-23,0.5333897099114013,279.675,270.66249999999997,1.7750000000000001,78.0125,0.14500000000000002,0.0038812500000000006,4.1875,44.650000000000006,-83.84999996666667
2020-10-31,0.7519005318156065,287.5,273.3375,0.35,95.95,0.47125,0.0047350000000000005,7.1625,44.650000000000006,-83.84999996666667
2020-11-08,0.712714117256777,285.95000000000005,272.775,2.8375,82.26250000000002,0.31500000000000006,0.00532875,6.987500000000001,44.650000000000006,-83.84999996666667
2020-11-16,0.6662566884207994,278.34999999999997,268.65000000000003,0.05,70.775,0.22,0.0030337500000000004,6.0125,44.650000000000006,-83.84999996666667
2020-11-24,0.6270702738619698,277.52500000000003,270.1875,2.4000000000000004,66.8375,0.15125,0.00334,6.012499999999999,44.650000000000006,-83.84999996666667
2020-12-02,0.37197240144269084,275.4125,268.6375,0.07500000000000001,76.47500000000001,0.1525,0.00274875,4.7875000000000005,44.650000000000006,-83.84999996666667
2020-12-10,0.4942842869781086,272.91249999999997,266.7375,2.8750000000000004,64.45,0.08375,0.0026825000000000004,5.2,44.650000000000006,-83.84999996666667
2020-12-18,0.4079557289302247,273.55,268.5125,0.8,57.7625,0.1075,0.0027625,5.887500000000001,44.650000000000006,-83.84999996666667
2020-12-26,0.17197240144269083,271.8833333333333,263.53333333333336,1.6000000000000003,56.316666666666684,0.07,0.002381666666666667,6.0,44.650000000000006,-83.84999996666667
2021-01-01,0.19931528534692325,274.0625,265.625,0.8375,73.18750000000001,0.11249999999999999,0.0025100000000000005,3.5,44.650000000000006,-83.84999996666667
2021-01-09,0.38815646934540293,274.325,268.9375,1.475,66.1,0.1325,0.0027212500000000006,4.1125,44.650000000000006,-83.84999996666667
2021-01-17,0.40182791129751916,271.25,263.7375,0.125,55.7125,0.09125,0.00212125,5.4375,44.650000000000006,-83.84999996666667
2021-01-25,0.4633262113917664,270.02500000000003,260.0375,0.17500000000000002,92.93750000000001,0.07250000000000001,0.0018437500000000003,5.2375,44.650000000000006,-83.84999996666667
2021-02-02,0.4744850273932867,269.1,257.26250000000005,1.1125,93.125,0.10125000000000003,0.00151375,6.562500000000001,44.650000000000006,-83.84999996666667
2021-02-10,0.4512158171625297,265.5625,252.1625,0.8250000000000002,98.68750000000001,0.043750000000000004,0.0012124999999999998,4.6375,44.650000000000006,-83.84999996666667
2021-02-18,0.5687693143713952,273.375,260.825,0.9375,97.3125,0.11375,0.0021425000000000003,4.1625000000000005,44.650000000000006,-83.84999996666667
2021-02-26,0.6496547694396502,276.37499999999994,264.5125,0.1875,167.175,0.20124999999999998,0.0022712500000000003,6.2875000000000005,44.650000000000006,-83.84999996666667
2021-03-06,0.5967969129287044,282.2,266.8,0.0,201.53750000000002,0.39875000000000005,0.0026725000000000004,5.775,44.650000000000006,-83.84999996666667
2021-03-14,0.712714117256777,279.825,267.15,0.925,209.28750000000002,0.3825,0.00223,4.8,44.650000000000006,-83.84999996666667
2021-03-22,0.8127141172567769,284.47499999999997,272.72499999999997,3.0875000000000004,176.21250000000003,0.44375000000000003,0.003702500000000001,5.6625000000000005,44.650000000000006,-83.84999996666667
2021-03-30,0.8127141172567769,286.1375,270.7,0.21250000000000002,215.2375,0.5700000000000001,0.0033150000000000002,5.5375000000000005,44.650000000000006,-83.84999996666667
2021-04-07,0.5159172043280725,289.9875,277.8625,1.4249999999999998,187.87500000000003,0.5062500000000001,0.005911250000000001,4.4875,44.650000000000006,-83.84999996666667
2021-04-15,0.7710150767473514,282.2,270.45000000000005,0.23750000000000002,184.7625,0.38625,0.0029175000000000004,4.487500000000001,44.650000000000006,-83.84999996666667
2021-04-23,0.9270702738619698,285.725,273.28749999999997,1.3000000000000003,223.03750000000002,0.43375,0.0040950000000000005,4.987500000000001,44.650000000000006,-83.84999996666667
2021-05-01,1.0799281303729156,286.675,274.55,5.725,175.35000000000002,0.39999999999999997,0.004696250000000001,3.8750000000000004,44.650000000000006,-83.84999996666667
2021-05-09,1.2143561566051932,290.02500000000003,273.45,0.05,256.88750000000005,0.69125,0.00392625,3.4750000000000005,44.650000000000006,-83.84999996666667
2021-05-17,1.914361903072816,299.425,284.1125,0.375,241.8625,1.0687499999999999,0.008495000000000003,4.55,44.650000000000006,-83.84999996666667
2021-05-25,3.0977714770269125,293.0,277.0125,2.3000000000000003,296.88750000000005,0.7325,0.005846250000000001,5.15,44.650000000000006,-83.84999996666667
2021-06-02,3.4742296567538933,303.025,287.9375,0.47500000000000003,304.175,1.24375,0.011008750000000001,4.7875,44.650000000000006,-83.84999996666667
2021-06-10,3.852190381260738,299.52500000000003,282.8875,2.3625000000000003,303.62500000000006,0.8812500000000001,0.00931375,3.6875,44.650000000000006,-83.84999996666667
2021-06-18,3.5853884727554135,297.0,282.61249999999995,0.9875,255.13750000000002,0.73,0.0089625,4.8375,44.650000000000006,-83.84999996666667
2021-06-26,3.6600593720978027,299.2,288.47499999999997,5.05,258.9125,0.8474999999999999,0.010992500000000002,3.9750000000000005,44.650000000000006,-83.84999996666667
2021-07-04,3.915847705637782,298.125,284.7875,2.95,256.325,0.71,0.0106475,3.7500000000000004,44.650000000000006,-83.84999996666667
2021-07-12,3.926814903222576,300.1375,287.33750000000003,3.4625,276.18750000000006,0.8825000000000001,0.011010000000000002,3.5749999999999997,44.650000000000006,-83.84999996666667
2021-07-20,3.7799396233081612,300.3875,286.92499999999995,4.6625,243.66250000000002,0.9475,0.0106075,3.7,44.650000000000006,-83.84999996666667
2021-07-28,3.6449663769913587,298.625,284.5,3.775,266.7375,0.8325,0.009481250000000002,3.75,44.650000000000006,-83.84999996666667
2021-08-05,4.088852676933726,301.41249999999997,290.28749999999997,12.137500000000001,233.6125,0.7600000000000001,0.013624999999999998,4.6375,44.650000000000006,-83.84999996666667
2021-08-13,2.999722140678084,300.6875,284.675,0.0,262.98750000000007,0.915,0.010291250000000002,2.2750000000000004,44.650000000000006,-83.84999996666667
2021-08-21,3.8159286972633186,302.18749999999994,289.98749999999995,5.237500000000001,226.08750000000003,0.8237500000000001,0.013733750000000001,3.3125,44.650000000000006,-83.84999996666667
2021-08-29,3.922595988512926,297.58750000000003,283.5625,1.475,201.40000000000003,0.65375,0.00973375,4.225,44.650000000000006,-83.84999996666667
2021-09-06,3.5467415318134865,295.0125,282.3,4.612499999999999,185.53750000000002,0.5275000000000001,0.0087425,4.0875,44.650000000000006,-83.84999996666667
2021-09-14,2.4140083014050164,297.425,281.21250000000003,1.35,183.51250000000005,0.60125,0.00935875,4.5875,44.650000000000006,-83.84999996666667
2021-09-22,2.8050367448364377,290.6625,279.55,3.4000000000000004,142.52500000000003,0.40625,0.00696125,5.3374999999999995,44.650000000000006,-83.84999996666667
2021-09-30,2.233064343393747,294.43749999999994,283.3625,1.2375,147.075,0.4775000000000001,0.00915375,3.4875000000000007,44.650000000000006,-83.84999996666667
2021-10-08,1.7305459709755282,293.87499999999994,285.15,7.5375000000000005,112.10000000000001,0.36124999999999996,0.01006375,4.4,44.650000000000006,-83.84999996666667
2021-10-16,1.140747462281709,288.8125,274.8,2.1625,107.5625,0.40249999999999997,0.005605,4.4875,44.650000000000006,-83.84999996666667
2021-10-24,0.7744850273932866,284.325,276.46250000000003,0.7375,111.775,0.21125000000000002,0.0053587500000000015,5.8,44.650000000000006,-83.84999996666667
2021-11-01,0.7662566884207993,283.5625,271.94999999999993,0.1375,82.775,0.3625,0.0037987500000000005,5.7625,44.650000000000006,-83.84999996666667
2021-11-09,0.6382290898634901,280.4875,271.15,1.25,74.53750000000002,0.22374999999999998,0.00362625,5.425000000000001,44.650000000000006,-83.84999996666667
2021-11-17,0.5519005318156064,277.04999999999995,269.65,0.1625,60.3,0.185,0.00296625,7.037500000000001,44.650000000000006,-83.84999996666667
2021-11-25,0.5079557289302248,275.0625,267.0625,3.1125,46.8,0.09000000000000001,0.0029637500000000002,5.425000000000001,44.650000000000006,-83.84999996666667
2021-12-03,0.5687693143713952,272.51250000000005,265.51250000000005,5.8125,58.3875,0.09,0.0024875,5.9,44.650000000000006,-83.84999996666667
2021-12-11,0.5079557289302248,280.03749999999997,269.3,0.9500000000000001,65.875,0.26000000000000006,0.0032375,7.687500000000001,44.650000000000006,-83.84999996666667
2021-12-19,0.45605519711461845,273.475,265.04999999999995,0.6125,69.80000000000001,0.10875,0.00241,5.675,44.650000000000006,-83.84999996666667
2021-12-27,0.3608135854411705,272.75999999999993,264.93999999999994,1.06,61.879999999999995,0.05,0.0026820000000000004,3.7,44.650000000000006,-83.84999996666667
2022-01-01,0.29359957232503175,268.85,258.96250000000003,0.925,68.8,0.06,0.0017950000000000002,5.8875,44.650000000000006,-83.84999996666667
2022-01-09,0.4104683548808206,267.48749999999995,256.725,0.1,74.125,0.06625000000000002,0.0015012500000000002,5.9,44.650000000000006,-83.84999996666667
2022-01-17,0.36557197376772255,268.7625,258.45,0.5625,70.05000000000001,0.095,0.00152125,6.25,44.650000000000006,-83.84999996666667
2022-01-25,0.29359957232503175,268.67500000000007,254.575,0.21250000000000002,80.9,0.08125,0.0014762500000000001,4.7875000000000005,44.650000000000006,-83.84999996666667
2022-02-02,0.33754437521041336,269.8125,259.05,0.07500000000000001,85.53750000000001,0.085,0.0017699999999999999,4.9125,44.650000000000006,-83.84999996666667
2022-02-10,0.37673078976924285,270.375,257.63749999999993,0.5,83.26249999999999,0.09875,0.0018075,4.987500000000001,44.650000000000006,-83.84999996666667
2022-02-18,0.39904267530466064,269.325,259.6875,2.5500000000000003,113.9625,0.11124999999999999,0.00158625,6.312500000000001,44.650000000000006,-83.84999996666667
2022-02-26,0.32387293325829714,273.2875,259.5875,0.4,144.6625,0.13874999999999998,0.0018762500000000003,4.6875,44.650000000000006,-83.84999996666667
2022-03-06,0.46557197376772264,273.25,261.72499999999997,0.7,144.425,0.1275,0.0020562500000000004,5.5875,44.650000000000006,-83.84999996666667
2022-03-14,0.42863132158484923,280.90000000000003,270.4125,2.3000000000000003,162.7375,0.31125,0.0031762500000000003,3.7250000000000005,44.650000000000006,-83.84999996666667
2022-03-22,0.5799281303729156,274.125,266.5,7.35,171.15000000000003,0.1925,0.0021962500000000007,6.362500000000001,44.650000000000006,-83.84999996666667
2022-03-30,0.7407417158140861,278.7125,269.925,6.175000000000001,128.425,0.17250000000000004,0.0033699999999999997,4.9624999999999995,44.650000000000006,-83.84999996666667
2022-04-07,0.7079557289302247,284.92499999999995,272.42499999999995,2.6750000000000003,196.42499999999998,0.42125000000000007,0.0037912500000000003,5.300000000000001,44.650000000000006,-83.84999996666667
2022-04-15,0.8022400159083332,280.975,269.0625,1.5125000000000002,203.8875,0.35500000000000004,0.0026912500000000005,5.962500000000001,44.650000000000006,-83.84999996666667
2022-04-23,0.9799281303729155,286.525,272.16249999999997,1.6,234.55,0.47,0.00405875,5.062500000000001,44.650000000000006,-83.84999996666667
2022-05-01,1.1512158171625295,288.125,274.275,1.0625,242.64999999999998,0.4875,0.004515000000000001,4.275,44.650000000000006,-83.84999996666667
2022-05-09,1.3849591287417304,300.01250000000005,283.125,1.8250000000000002,278.5125,1.1725,0.007940000000000001,5.075000000000001,44.650000000000006,-83.84999996666667
2022-05-17,1.913944051994379,292.23749999999995,277.325,1.5125000000000002,245.57500000000002,0.65625,0.00588625,3.7249999999999996,44.650000000000006,-83.84999996666667
2022-05-25,2.6034756971135584,297.19999999999993,284.2375,2.5875000000000004,258.95000000000005,0.7324999999999999,0.0094625,5.175,44.650000000000006,-83.84999996666667
2022-06-02,3.513949798462002,294.6,279.7375,4.05,270.5625,0.72375,0.00677875,3.7375,44.650000000000006,-83.84999996666667
2022-06-10,4.100278356509885,299.3375,283.55,1.5875000000000001,306.13750000000005,0.93625,0.009345,4.85,44.650000000000006,-83.84999996666667
2022-06-18,3.8912843112587847,301.5625,285.0625,1.8,299.725,1.14,0.0099825,4.4625,44.650000000000006,-83.84999996666667
2022-06-26,3.8484994472327445,298.9875,283.175,1.75,306.1125,0.9625000000000001,0.00868375,4.3875,44.650000000000006,-83.84999996666667
2022-07-04,4.371560296831877,298.75,285.1125,1.3250000000000002,283.3125,0.7575000000000001,0.01022875,3.875,44.650000000000006,-83.84999996666667
2022-07-12,2.5203334839220712,300.8625,285.41249999999997,0.11250000000000002,272.27500000000003,0.9875,0.010427500000000001,3.212500000000001,44.650000000000006,-83.84999996666667
2022-07-20,3.6258800672097586,302.63749999999993,287.27500000000003,4.2375,254.31250000000006,1.2075,0.010838750000000001,4.4875,44.650000000000006,-83.84999996666667
2022-07-28,3.980200740415178,300.26250000000005,285.625,3.5875,247.9875,0.8587500000000001,0.010611250000000001,4.5874999999999995,44.650000000000006,-83.84999996666667
2022-08-05,3.915238236142619,300.425,285.25,2.0125,245.15,0.80375,0.0111575,3.6375000000000006,44.650000000000006,-83.84999996666667
2022-08-13,3.733934929995927,299.76250000000005,284.125,0.28750000000000003,213.50000000000003,0.9775,0.009185,3.3000000000000003,44.650000000000006,-83.84999996666667
2022-08-21,4.196390554785513,299.7875,285.9375,6.9,211.6375,0.8462500000000001,0.0104775,3.0875000000000004,44.650000000000006,-83.84999996666667
2022-08-29,3.694342157293906,298.09999999999997,284.9625,0.05,225.6875,0.7062499999999999,0.010277500000000002,5.375000000000001,44.650000000000006,-83.84999996666667
2022-09-06,3.9316949140875934,298.175,283.5375,1.35,208.36250000000004,0.7350000000000001,0.00959125,3.0625,44.650000000000006,-83.84999996666667
2022-09-14,3.4034004519556444,298.25,283.6625,0.16250000000000003,195.27500000000003,0.7512500000000001,0.00962875,4.425000000000001,44.650000000000006,-83.84999996666667
2022-09-22,3.22191127385985,287.975,276.8625,2.0,125.50000000000001,0.35375,0.0057662500000000005,4.7124999999999995,44.650000000000006,-83.84999996666667
2022-09-30,2.725108614463522,291.4875,274.0375,0.5375,155.2875,0.59375,0.0052825,4.25,44.650000000000006,-83.84999996666667
2022-10-08,1.988162215813026,286.65,273.5125,1.9625000000000004,128.47500000000002,0.40125,0.0046,6.1375,44.650000000000006,-83.84999996666667
2022-10-24,1.5776881144645825,289.0375,272.8125,1.6125,101.2625,0.46125000000000005,0.005223750000000001,4.400000000000001,44.650000000000006,-83.84999996666667
2022-11-01,0.8047583883265521,289.575,274.7,2.7875,89.925,0.50125,0.0053675,6.525,44.650000000000006,-83.84999996666667
2022-11-09,0.6878838593031402,280.9125,270.925,1.475,66.17500000000001,0.3075,0.0036925000000000005,5.4125,44.650000000000006,-83.84999996666667
2022-11-17,0.5942842869781085,275.3875,265.275,0.925,67.78750000000001,0.15375,0.0025175,6.225,44.650000000000006,-83.84999996666667
2022-11-25,0.5942842869781085,279.125,270.48749999999995,0.875,72.8125,0.26625,0.0030175,6.875,44.650000000000006,-83.84999996666667
2022-12-03,0.5461848187937148,273.725,267.6625,0.8375,79.30000000000001,0.10250000000000001,0.0027062500000000003,5.237500000000001,44.650000000000006,-83.84999996666667
2022-12-11,0.5461848187937148,273.275,269.5625,2.525,56.175000000000004,0.11249999999999999,0.002745,5.4375,44.650000000000006,-83.84999996666667
2022-12-19,0.3846865186994677,269.21250000000003,262.41249999999997,2.0749999999999997,61.97500000000001,0.061250000000000006,0.0019787499999999996,6.862500000000001,44.650000000000006,-83.84999996666667
2022-12-27,0.21271411725677686,277.6,269.88,0.1,76.88,0.22600000000000003,0.0029640000000000005,5.92,44.650000000000006,-83.84999996666667
