date,LAI,tmmx,tmmn,pr,srad,vpd,sph,vs,lat,lon
2000-02-18,0.18098660803220418,283.825,273.86250000000007,2.0875,86.3625,0.2525,0.0044075,3.4625,48.23333333333333,-122.30833330000002
2000-02-26,0.4085919648193226,283.425,276.0375,4.525,59.45,0.17500000000000002,0.00509125,3.7125,48.23333333333333,-122.30833330000002
2000-03-05,0.8638026783935593,283.99999999999994,274.6375,0.5375000000000001,118.57500000000002,0.2475,0.00459875,2.5875000000000004,48.23333333333333,-122.30833330000002
2000-03-13,0.653381251245086,283.58750000000003,275.73749999999995,4.9125000000000005,98.825,0.2225,0.004800000000000001,3.9375,48.23333333333333,-122.30833330000002
2000-03-21,0.6895785728515268,284.6625,276.4875,3.575,126.225,0.26375,0.00496375,2.05,48.23333333333333,-122.30833330000002
2000-03-29,1.5,286.6125,277.1625,1.2,175.725,0.33625,0.0052375,1.85,48.23333333333333,-122.30833330000002
2000-04-06,1.508591964819323,289.1,278.7625,3.5625,194.70000000000002,0.42624999999999996,0.00583375,1.6624999999999999,48.23333333333333,-122.30833330000002
2000-04-14,1.836197321606441,288.8875,278.82499999999993,2.875,205.88750000000002,0.40125,0.005882500000000001,2.1,48.23333333333333,-122.30833330000002
2000-04-22,1.7533812512450861,287.05,278.0,2.6875,184.08749999999998,0.3725,0.005283750000000001,3.425,48.23333333333333,-122.30833330000002
2000-04-30,2.0416927058504943,288.1375,279.625,2.9625000000000004,216.2125,0.34875,0.0060925,2.4625,48.23333333333333,-122.30833330000002
2000-05-08,2.054648369491204,288.975,280.3875,4.1375,210.16250000000002,0.36500000000000005,0.0065175,1.8750000000000002,48.23333333333333,-122.30833330000002
2000-05-16,2.479157145703054,291.4375,283.04999999999995,2.1625,217.3,0.38125000000000003,0.007911250000000002,1.925,48.23333333333333,-122.30833330000002
2000-05-24,2.3760605651277844,289.8125,281.3625,3.825,207.98749999999995,0.35250000000000004,0.0070475,2.4625000000000004,48.23333333333333,-122.30833330000002
2000-06-01,2.5877491105223758,293.625,282.55,1.5250000000000001,230.50000000000003,0.5675,0.00761875,1.6875,48.23333333333333,-122.30833330000002
2000-06-09,1.8031035778318703,290.76250000000005,280.9875,4.7250000000000005,196.0,0.40375000000000005,0.0070237500000000005,3.525000000000001,48.23333333333333,-122.30833330000002
2000-06-17,2.8153544673094943,294.275,283.1375,0.625,271.675,0.6375,0.0076212499999999996,1.4375,48.23333333333333,-122.30833330000002
2000-06-25,2.7515517889159353,296.25,284.6875,0.7250000000000001,272.57500000000005,0.73625,0.00854875,1.4,48.23333333333333,-122.30833330000002
2000-07-03,2.5877491105223758,294.3875,283.6875,0.65,275.77500000000003,0.5975,0.00806125,1.325,48.23333333333333,-122.30833330000002
2000-07-11,2.7791571457030537,296.09999999999997,283.9375,0.0,303.2375,0.7175,0.008230000000000001,1.5999999999999999,48.23333333333333,-122.30833330000002
2000-07-19,2.722679313882699,296.625,285.275,1.0500000000000003,261.63750000000005,0.6875000000000001,0.0090775,1.575,48.23333333333333,-122.30833330000002
2000-07-27,2.5924042877798916,296.1125,284.4875,0.6749999999999999,244.8625,0.5375,0.009538749999999999,2.4000000000000004,48.23333333333333,-122.30833330000002
2000-08-04,2.5791571457030535,297.0125,284.3625,0.0,278.5875,0.635,0.00937375,1.35,48.23333333333333,-122.30833330000002
2000-08-12,1.722116969799666,293.94999999999993,282.3,2.3125,239.35000000000002,0.5625,0.007710000000000001,1.6124999999999998,48.23333333333333,-122.30833330000002
2000-08-20,2.206762502490172,295.0875,283.4375,0.4375,229.20000000000005,0.5875,0.008403750000000001,1.7250000000000003,48.23333333333333,-122.30833330000002
2000-08-28,0.6269075798806336,293.225,281.91249999999997,1.1375000000000002,185.45000000000002,0.51375,0.00759,1.5,48.23333333333333,-122.30833330000002
2000-09-05,1.987749110522376,292.4375,281.5375,2.6500000000000004,144.9625,0.4275,0.00767875,2.0125,48.23333333333333,-122.30833330000002
2000-09-13,2.014087349063376,294.84999999999997,283.92499999999995,1.2375,150.15000000000003,0.5037499999999999,0.00894125,1.4625000000000001,48.23333333333333,-122.30833330000002
2000-09-21,2.0416927058504943,292.9875,279.9,0.0,183.95000000000005,0.61125,0.0064275,1.35,48.23333333333333,-122.30833330000002
2000-09-29,1.6184510478847636,290.34999999999997,280.55,3.8000000000000003,126.51250000000002,0.34,0.007155000000000001,1.85,48.23333333333333,-122.30833330000002
2000-10-07,1.5257758944579676,290.41249999999997,280.59999999999997,0.7625,110.60000000000001,0.3187500000000001,0.007303750000000001,1.5999999999999999,48.23333333333333,-122.30833330000002
2000-10-15,1.2895785728515268,288.15000000000003,279.6625,5.775,75.71249999999999,0.22874999999999998,0.006866250000000001,4.0,48.23333333333333,-122.30833330000002
2000-10-23,1.1085919648193225,287.75,278.23749999999995,1.8125,93.58750000000002,0.22499999999999998,0.0064425,2.95,48.23333333333333,-122.30833330000002
2000-10-31,0.6981705376708494,285.04999999999995,276.90000000000003,2.175,57.9375,0.15125,0.005835000000000001,1.8500000000000003,48.23333333333333,-122.30833330000002
2000-11-08,1.1361973216064412,282.5125,274.4375,1.4625000000000001,76.60000000000001,0.25,0.00417875,1.8375000000000001,48.23333333333333,-122.30833330000002
2000-11-16,1.2085919648193229,282.09999999999997,273.3625,0.9375000000000001,65.11250000000001,0.18249999999999997,0.004325000000000001,1.7125000000000001,48.23333333333333,-122.30833330000002
2000-11-24,1.1171839296386452,282.6875,276.2625,2.7625,33.45,0.1125,0.00533625,4.9125000000000005,48.23333333333333,-122.30833330000002
2000-12-02,1.5723946432128817,281.17499999999995,273.9875,1.35,55.56250000000001,0.105,0.0046625,1.575,48.23333333333333,-122.30833330000002
2000-12-10,1.508591964819323,278.5625,271.6625,3.8125000000000004,45.2375,0.1825,0.0033675000000000003,3.7125000000000004,48.23333333333333,-122.30833330000002
2000-12-18,1.070565180883731,281.35,275.325,3.1500000000000004,33.25,0.1075,0.0049050000000000005,3.875,48.23333333333333,-122.30833330000002
2000-12-26,0.5226793138826985,281.96666666666664,275.7833333333333,1.4333333333333333,33.083333333333336,0.07333333333333333,0.005311666666666667,1.3166666666666667,48.23333333333333,-122.30833330000002
2001-01-01,0.3054953842440534,283.275,276.025,5.95,39.0875,0.1575,0.005178749999999999,2.8875,48.23333333333333,-122.30833330000002
2001-01-09,0.7085919648193226,282.01249999999993,275.3375,0.9375,45.8625,0.1825,0.00461,2.625,48.23333333333333,-122.30833330000002
2001-01-17,0.39817053767084926,282.525,274.9125,3.475,45.362500000000004,0.1675,0.004758750000000001,2.8125,48.23333333333333,-122.30833330000002
2001-01-25,0.9797194897860859,282.5,274.4375,2.5875,57.97500000000001,0.17250000000000004,0.0046300000000000004,3.7500000000000004,48.23333333333333,-122.30833330000002
2001-02-02,0.936197321606441,281.1,272.03749999999997,3.225,63.975,0.19624999999999998,0.00386625,4.175000000000001,48.23333333333333,-122.30833330000002
2001-02-10,0.3778900274569351,280.9375,271.4375,0.9750000000000001,68.42500000000001,0.21999999999999997,0.0035662500000000004,2.075,48.23333333333333,-122.30833330000002
2001-02-18,0.9521141329989677,283.3875,272.9375,0.9375,108.38750000000002,0.21875,0.00434875,1.525,48.23333333333333,-122.30833330000002
2001-02-26,0.9797194897860859,282.8125,273.3125,1.7625000000000002,99.00000000000001,0.24250000000000002,0.00412,2.1250000000000004,48.23333333333333,-122.30833330000002
2001-03-06,0.9883114546054086,285.225,276.65,2.4875000000000003,114.5875,0.26,0.0051725,1.75,48.23333333333333,-122.30833330000002
2001-03-14,1.1914080351806775,284.07500000000005,275.9875,2.8375,113.97500000000001,0.2275,0.0049425,3.5500000000000003,48.23333333333333,-122.30833330000002
2001-03-22,1.3276053567871187,285.24999999999994,276.175,2.5250000000000004,138.5,0.27375,0.0050462499999999995,2.7750000000000004,48.23333333333333,-122.30833330000002
2001-03-30,1.2723946432128819,284.8375,275.8375,3.75,153.27500000000003,0.30625,0.004640000000000001,1.7125,48.23333333333333,-122.30833330000002
2001-04-07,0.6153544673094944,285.01250000000005,275.27500000000003,2.9625000000000004,176.8625,0.34,0.004402500000000001,2.3249999999999997,48.23333333333333,-122.30833330000002
2001-04-15,1.5347947705368705,287.475,277.43749999999994,1.5375,183.05,0.34625000000000006,0.00548625,2.45,48.23333333333333,-122.30833330000002
2001-04-23,0.7601437537352576,288.87500000000006,279.2125,2.7125000000000004,157.63750000000002,0.34,0.0063774999999999995,3.4875,48.23333333333333,-122.30833330000002
2001-05-01,1.670565180883731,288.0875,277.9125,1.6,208.9625,0.42125,0.00530875,1.9375,48.23333333333333,-122.30833330000002
2001-05-09,1.8895785728515269,289.54999999999995,279.2375,4.15,199.47500000000002,0.4175000000000001,0.00609,2.4875000000000003,48.23333333333333,-122.30833330000002
2001-05-17,2.0981705376708497,292.57500000000005,280.86249999999995,0.0625,256.65000000000003,0.605,0.006657500000000001,1.3000000000000003,48.23333333333333,-122.30833330000002
2001-05-25,1.990845691097645,291.65,281.025,1.7875,230.775,0.5175000000000001,0.0067625,1.8000000000000003,48.23333333333333,-122.30833330000002
2001-06-02,2.106762502490172,290.425,280.975,2.7,205.275,0.42625,0.0067687500000000005,1.6375000000000002,48.23333333333333,-122.30833330000002
2001-06-10,2.163240334310527,290.63750000000005,280.54999999999995,5.887500000000001,252.85,0.45875,0.0065287500000000016,1.7625000000000002,48.23333333333333,-122.30833330000002
2001-07-04,2.841692705850494,295.72499999999997,283.6375,0.0,316.125,0.6625,0.0083125,1.55,48.23333333333333,-122.30833330000002
2001-07-12,1.9919773765203113,292.56250000000006,282.0875,1.7125000000000004,215.42500000000004,0.4625,0.007670000000000001,1.7125000000000004,48.23333333333333,-122.30833330000002
2001-07-20,2.7128202308172575,295.15000000000003,283.81250000000006,0.17500000000000002,267.725,0.5750000000000001,0.00859375,1.175,48.23333333333333,-122.30833330000002
2001-07-28,2.177754594633483,293.325,283.3625,2.3375,202.35000000000002,0.4425,0.0084325,2.2125000000000004,48.23333333333333,-122.30833330000002
2001-08-05,2.301287731035342,297.125,284.7875,0.0,250.33750000000003,0.65375,0.0094625,1.9875000000000003,48.23333333333333,-122.30833330000002
2001-08-13,2.363375767133979,296.375,284.4375,0.0,257.925,0.685,0.0087575,1.3375,48.23333333333333,-122.30833330000002
2001-08-21,2.1807157423852996,294.25,283.975,5.137500000000001,170.77500000000003,0.47125,0.0088625,3.35,48.23333333333333,-122.30833330000002
2001-08-29,2.210990768488107,294.125,283.71250000000003,0.36250000000000004,187.875,0.5025,0.008557500000000001,1.6625,48.23333333333333,-122.30833330000002
2001-09-06,2.470565180883731,293.92500000000007,281.8875,0.0,210.1,0.52375,0.00782375,1.6,48.23333333333333,-122.30833330000002
2001-09-14,2.1791571457030536,292.15000000000003,282.17499999999995,0.1875,152.17499999999998,0.37375,0.00808125,1.2625,48.23333333333333,-122.30833330000002
2001-09-22,2.1140873490633765,291.9125,280.9625,2.6875000000000004,134.075,0.3350000000000001,0.0079825,2.175,48.23333333333333,-122.30833330000002
2001-09-30,1.7981705376708492,290.775,279.82500000000005,0.0,140.8375,0.44375000000000003,0.006517500000000001,2.0250000000000004,48.23333333333333,-122.30833330000002
2001-10-08,1.0374644398525592,286.9375,278.725,3.7125000000000004,81.28750000000001,0.23125,0.0062362500000000005,2.5375,48.23333333333333,-122.30833330000002
2001-10-16,0.8067625024901719,285.17499999999995,278.13750000000005,7.1375,62.025000000000006,0.1675,0.0059837499999999995,3.05,48.23333333333333,-122.30833330000002
2001-10-24,1.053381251245086,284.1,276.9125,7.525000000000001,55.150000000000006,0.14125,0.0056300000000000005,3.2375000000000003,48.23333333333333,-122.30833330000002
2001-11-01,0.9883114546054086,284.67499999999995,277.45000000000005,0.7250000000000001,63.762499999999996,0.19875,0.005538750000000001,2.5250000000000004,48.23333333333333,-122.30833330000002
2001-11-09,0.3054953842440534,285.58750000000003,278.7125,6.5,46.2875,0.17375000000000002,0.006191250000000001,4.1625000000000005,48.23333333333333,-122.30833330000002
2001-11-17,0.8447892864257635,283.625,277.07500000000005,5.612500000000001,49.487500000000004,0.1575,0.0054425,4.6875,48.23333333333333,-122.30833330000002
2001-11-25,0.6067625024901717,281.5875,275.55,6.487500000000002,40.5125,0.13875000000000004,0.004790000000000001,5.4625,48.23333333333333,-122.30833330000002
2001-12-03,1.3478858670010325,280.2,273.8875,4.35,38.050000000000004,0.14375000000000002,0.0042125,4.6625000000000005,48.23333333333333,-122.30833330000002
2001-12-11,2.5208428542969465,281.1125,274.3,10.424999999999999,28.4125,0.11875,0.004614999999999999,6.8125,48.23333333333333,-122.30833330000002
2001-12-19,1.779719489786086,280.33750000000003,272.86249999999995,0.2,53.112500000000004,0.16624999999999998,0.0039525,2.1375,48.23333333333333,-122.30833330000002
2001-12-27,0.5023988036687843,280.41999999999996,273.53999999999996,1.1400000000000001,42.220000000000006,0.11000000000000001,0.0044,1.6,48.23333333333333,-122.30833330000002
2002-01-01,0.24523946395054344,282.725,277.5375,6.737500000000001,28.637500000000003,0.08375,0.005783750000000001,5.4750000000000005,48.23333333333333,-122.30833330000002
2002-01-09,0.7723946432128818,280.6375,275.425,0.9875,39.00000000000001,0.11875000000000002,0.00471375,2.7624999999999997,48.23333333333333,-122.30833330000002
2002-01-25,0.44478928642576343,278.58750000000003,272.66249999999997,5.425,51.5625,0.13624999999999998,0.00375625,3.85,48.23333333333333,-122.30833330000002
2002-02-02,0.48957857285152667,281.8875,274.07500000000005,2.3375,55.2875,0.1575,0.004525000000000001,5.0874999999999995,48.23333333333333,-122.30833330000002
2002-02-10,0.7723946432128818,281.8,273.5625,0.8,78.4,0.19375000000000003,0.0042075,1.6749999999999998,48.23333333333333,-122.30833330000002
2002-02-18,0.656477831820355,282.225,274.4875,6.7625,76.23750000000001,0.1925,0.0044800000000000005,3.650000000000001,48.23333333333333,-122.30833330000002
2002-02-26,0.8085919648193226,281.6875,273.175,0.375,118.3125,0.255,0.0037575000000000004,1.8500000000000003,48.23333333333333,-122.30833330000002
2002-03-06,0.5171839296386451,280.0875,273.0625,4.1625,84.55,0.18999999999999997,0.0038150000000000002,5.175,48.23333333333333,-122.30833330000002
2002-03-14,0.7085919648193226,280.0,273.2375,4.925,103.36250000000001,0.20500000000000002,0.0037175000000000003,3.4250000000000003,48.23333333333333,-122.30833330000002
2002-03-22,0.4705651808837309,282.8875,275.2875,1.9125,117.725,0.20875,0.004647500000000001,2.4125,48.23333333333333,-122.30833330000002
2002-03-30,1.2085919648193229,285.8375,276.34999999999997,1.35,161.3625,0.26125,0.005337500000000001,1.975,48.23333333333333,-122.30833330000002
2002-04-07,0.9076395912745321,286.28749999999997,278.26250000000005,6.2250000000000005,108.93750000000001,0.19,0.006215,4.0125,48.23333333333333,-122.30833330000002
2002-04-15,1.0814367855569844,286.5,276.78749999999997,1.7750000000000004,190.35000000000002,0.28250000000000003,0.0054399999999999995,2.3375,48.23333333333333,-122.30833330000002
2002-04-23,1.6090421423441028,287.7875,277.01250000000005,0.6,233.0125,0.3125,0.00573875,2.0500000000000003,48.23333333333333,-122.30833330000002
2002-05-01,1.3158046448342744,287.18749999999994,277.575,2.7125000000000004,229.75000000000003,0.41875,0.0050375,2.325,48.23333333333333,-122.30833330000002
2002-05-09,2.090028750376307,289.23749999999995,278.9125,1.175,271.45000000000005,0.4675000000000001,0.0056325,1.6,48.23333333333333,-122.30833330000002
2002-05-17,1.9601437537352577,289.9,280.3375,1.7375,230.1625,0.4262500000000001,0.006405000000000001,1.675,48.23333333333333,-122.30833330000002
2002-05-25,2.3995210702451897,291.3625,281.8125,1.8,200.6125,0.4025,0.007466250000000001,2.8750000000000004,48.23333333333333,-122.30833330000002
2002-06-02,2.615804644834274,291.81250000000006,281.41249999999997,1.3625000000000003,246.40000000000003,0.5700000000000001,0.00656375,1.9625000000000001,48.23333333333333,-122.30833330000002
2002-06-10,2.615804644834274,296.20000000000005,283.8375,0.42500000000000004,271.0625,0.6875,0.008515000000000002,1.8250000000000002,48.23333333333333,-122.30833330000002
2002-06-18,2.5758292347546785,294.8375,282.9,1.6,272.52500000000003,0.665,0.0077975,1.9,48.23333333333333,-122.30833330000002
2002-06-26,1.994025686001136,294.0,283.46250000000003,2.5,243.7875,0.62375,0.0077212500000000015,2.15,48.23333333333333,-122.30833330000002
2002-07-04,2.254417039118098,295.025,283.57500000000005,3.25,285.12500000000006,0.6399999999999999,0.008190000000000001,1.6375,48.23333333333333,-122.30833330000002
2002-07-12,2.4352682143268503,296.4125,285.6875,0.0,266.4125,0.7075,0.00893375,1.4875,48.23333333333333,-122.30833330000002
2002-07-20,2.6352682143268504,297.9375,285.425,0.0,303.7625,0.72375,0.0096825,1.8125,48.23333333333333,-122.30833330000002
2002-07-28,2.224396609653597,294.21250000000003,282.4,0.6125,232.525,0.635,0.007411250000000001,1.675,48.23333333333333,-122.30833330000002
2002-08-05,2.4357183918516303,296.0875,283.8125,1.1125,246.5375,0.7175,0.00823375,1.5375,48.23333333333333,-122.30833330000002
2002-08-13,2.443410001621393,297.70000000000005,284.25,0.0,263.125,0.79625,0.00874625,1.7875000000000005,48.23333333333333,-122.30833330000002
2002-08-21,1.677973441785157,297.375,284.2,0.08750000000000001,239.8375,0.79125,0.008560000000000002,1.2875,48.23333333333333,-122.30833330000002
2002-08-29,1.9434100016213927,294.8625,283.3125,0.8125000000000001,196.70000000000005,0.5862499999999999,0.0083075,1.45,48.23333333333333,-122.30833330000002
2002-09-06,1.990478927901087,294.36249999999995,281.525,0.325,184.88750000000002,0.54125,0.007940000000000001,1.975,48.23333333333333,-122.30833330000002
2002-09-14,1.8348180368020703,293.8125,281.25,1.5375,160.9375,0.5425,0.00754625,1.825,48.23333333333333,-122.30833330000002
2002-09-22,1.7904789279010869,293.18749999999994,280.075,0.8875000000000001,165.88750000000002,0.545,0.006995000000000001,2.1125000000000003,48.23333333333333,-122.30833330000002
2002-09-30,1.6741119389837802,287.95,279.8375,3.35,89.23750000000001,0.25875,0.00664125,1.3249999999999997,48.23333333333333,-122.30833330000002
2002-10-08,1.5628735711139687,287.8875,277.49999999999994,0.5375000000000001,129.63750000000002,0.3125,0.00583625,1.8375000000000001,48.23333333333333,-122.30833330000002
2002-10-16,1.3701984176871727,288.88750000000005,278.75,0.05,108.68750000000001,0.2825,0.006596250000000001,1.325,48.23333333333333,-122.30833330000002
2002-10-24,1.210309260590221,285.1875,275.325,0.4375,100.375,0.28375,0.00483,1.4749999999999999,48.23333333333333,-122.30833330000002
2002-11-01,1.1176341071634253,285.175,276.275,2.5250000000000004,66.4625,0.2775,0.005031250000000001,3.6500000000000004,48.23333333333333,-122.30833330000002
2002-11-09,0.670565180883731,285.45,278.25,4.7125,43.93750000000001,0.23875,0.00564875,6.15,48.23333333333333,-122.30833330000002
2002-11-17,0.8447892864257635,286.5625,278.62499999999994,1.0125,50.31250000000001,0.25875,0.00594625,3.2375,48.23333333333333,-122.30833330000002
2002-11-25,0.7887616321301886,283.65000000000003,274.7,0.0,60.8375,0.22749999999999998,0.0046225,1.6,48.23333333333333,-122.30833330000002
2002-12-03,1.0447892864257635,282.1375,275.1625,1.3,45.099999999999994,0.16999999999999996,0.004667500000000001,2.6375,48.23333333333333,-122.30833330000002
2002-12-11,0.6981705376708494,283.1375,277.0125,8.2125,32.825,0.1625,0.005281250000000001,6.387500000000001,48.23333333333333,-122.30833330000002
2002-12-19,1.4638026783935594,282.0375,275.6375,1.6875,36.150000000000006,0.20624999999999996,0.0045000000000000005,4.45,48.23333333333333,-122.30833330000002
2002-12-27,0.5171839296386451,281.88,275.06,4.08,44.10000000000001,0.16799999999999998,0.0045980000000000005,4.000000000000001,48.23333333333333,-122.30833330000002
2003-01-01,0.5452394639505435,283.7,275.67499999999995,5.5625,45.2,0.1875,0.00503875,5.637500000000001,48.23333333333333,-122.30833330000002
2003-01-09,1.6638026783935593,283.47499999999997,275.84999999999997,3.3625,43.66250000000001,0.21624999999999997,0.0048275,1.9125000000000003,48.23333333333333,-122.30833330000002
2003-01-17,0.4753557909646985,283.65,275.77500000000003,4.6875,46.1625,0.19625,0.005,3.3625000000000003,48.23333333333333,-122.30833330000002
2003-01-25,0.43436785927729016,284.7375,277.76250000000005,5.0625,43.3125,0.20374999999999996,0.0055875000000000005,3.6250000000000004,48.23333333333333,-122.30833330000002
2003-02-02,0.8723946432128817,282.2,273.6,1.2625000000000002,79.98750000000001,0.20374999999999996,0.004243750000000001,1.6750000000000003,48.23333333333333,-122.30833330000002
2003-02-10,0.8366474991312209,282.875,274.5875,2.6375,75.3375,0.20124999999999998,0.004575000000000001,2.75,48.23333333333333,-122.30833330000002
2003-02-18,0.8723946432128817,281.9625,273.65,2.5375000000000005,81.62500000000001,0.26,0.0038587499999999998,2.8,48.23333333333333,-122.30833330000002
2003-02-26,0.9085919648193226,283.325,275.9625,1.625,90.0625,0.25375000000000003,0.0045825,1.5375,48.23333333333333,-122.30833330000002
2003-03-06,0.5257758944579676,284.0625,277.42499999999995,6.725,78.55,0.25625000000000003,0.00506,4.9624999999999995,48.23333333333333,-122.30833330000002
2003-03-14,0.8279721199836766,285.325,277.84999999999997,3.0749999999999997,102.75,0.27,0.00534625,6.450000000000001,48.23333333333333,-122.30833330000002
2003-03-22,0.7249589537366293,285.21250000000003,278.1125,2.2375000000000003,127.30000000000003,0.3275,0.005015,2.9875000000000003,48.23333333333333,-122.30833330000002
2003-03-30,1.2642528559183392,285.15,277.52500000000003,4.2250000000000005,142.33750000000003,0.33124999999999993,0.004887500000000001,3.2125000000000004,48.23333333333333,-122.30833330000002
2003-04-07,1.5447892864257635,287.5375,279.325,3.8750000000000004,153.41250000000002,0.34,0.005886250000000001,5.05,48.23333333333333,-122.30833330000002
2003-04-15,1.2900287503763068,286.95,278.875,1.9875,143.4875,0.33625,0.005631250000000001,2.2749999999999995,48.23333333333333,-122.30833330000002
2003-04-23,1.1824725734299966,288.71250000000003,279.24999999999994,1.9500000000000002,211.21250000000003,0.41375000000000006,0.005853750000000001,2.05,48.23333333333333,-122.30833330000002
2003-05-01,1.5736097429637697,288.725,279.0625,1.625,242.1875,0.46125000000000005,0.005498750000000001,1.9250000000000003,48.23333333333333,-122.30833330000002
2003-05-09,2.150734848194597,290.0,280.1,2.9375,248.7875,0.52625,0.005805000000000001,1.5875000000000001,48.23333333333333,-122.30833330000002
2003-05-17,1.7777778608986827,289.73749999999995,280.28749999999997,1.7750000000000001,188.02500000000003,0.39,0.006625000000000001,1.3875,48.23333333333333,-122.30833330000002
2003-05-25,2.571465535933291,292.875,282.5375,0.675,229.625,0.5375,0.0074424999999999995,1.8625,48.23333333333333,-122.30833330000002
2003-06-02,2.211209615639781,296.59999999999997,283.3625,0.0,309.52500000000003,0.8075,0.00793625,2.3,48.23333333333333,-122.30833330000002
2003-06-10,2.2434100016213927,294.4375,283.0625,0.22500000000000003,263.9125,0.7012499999999999,0.007295000000000001,1.9375000000000002,48.23333333333333,-122.30833330000002
2003-06-18,2.4158046448342745,293.35,282.6375,1.3624999999999998,231.81250000000003,0.68625,0.006775000000000001,1.7750000000000004,48.23333333333333,-122.30833330000002
2003-06-26,2.263323748638749,296.5125,283.4875,0.37500000000000006,279.21250000000003,0.79875,0.00790875,2.25,48.23333333333333,-122.30833330000002
2003-07-04,1.5579637972181475,297.5,283.1875,0.0,286.1,0.8387500000000001,0.008096250000000001,1.7125000000000001,48.23333333333333,-122.30833330000002
2003-07-12,2.315354467309495,298.58750000000003,285.0875,0.3375,277.55000000000007,0.98125,0.0083425,2.3875,48.23333333333333,-122.30833330000002
2003-07-20,2.307212680014952,299.825,285.3375,0.0,302.3,1.0862500000000002,0.00851875,1.975,48.23333333333333,-122.30833330000002
2003-07-28,1.8559989020655447,299.625,285.5625,0.0,296.20000000000005,0.87875,0.009837499999999999,1.6125000000000003,48.23333333333333,-122.30833330000002
2003-08-05,1.7438601791461728,297.0875,285.26250000000005,0.925,229.81250000000003,0.62375,0.009693750000000001,1.55,48.23333333333333,-122.30833330000002
2003-08-13,1.7465065821966619,297.8125,284.575,0.0,261.20000000000005,0.7412500000000001,0.009191250000000003,2.0125,48.23333333333333,-122.30833330000002
2003-08-21,1.6348180368020704,296.32500000000005,283.2125,0.0,234.625,0.725,0.00812125,1.9000000000000001,48.23333333333333,-122.30833330000002
2003-08-29,1.1121387229193718,298.43749999999994,284.66249999999997,0.0,238.78750000000002,0.7912500000000001,0.009303750000000001,2.0500000000000003,48.23333333333333,-122.30833330000002
2003-09-06,1.7624233935891886,293.79999999999995,283.4375,1.5,172.0,0.41625,0.00887,2.1500000000000004,48.23333333333333,-122.30833330000002
2003-09-14,1.6343678592772903,292.09999999999997,281.95,2.6625000000000005,141.775,0.35625,0.008056250000000001,2.4375,48.23333333333333,-122.30833330000002
2003-09-22,1.5814367855569842,295.25,282.88750000000005,0.0,173.00000000000003,0.5775,0.008390000000000002,1.925,48.23333333333333,-122.30833330000002
2003-09-30,1.2900287503763068,293.5625,283.425,1.0625,141.525,0.49250000000000005,0.008235000000000001,1.8125000000000002,48.23333333333333,-122.30833330000002
2003-10-08,1.2257758944579678,287.0375,280.0625,3.3500000000000005,80.6375,0.24125,0.006512500000000001,5.5375000000000005,48.23333333333333,-122.30833330000002
2003-10-16,0.8257758944579676,289.58750000000003,282.15,14.2125,62.900000000000006,0.26125,0.007730000000000001,6.0625,48.23333333333333,-122.30833330000002
2003-10-24,1.0809866080322044,286.0875,278.325,2.3,81.22500000000001,0.3075,0.0055125,2.775,48.23333333333333,-122.30833330000002
2003-11-01,0.7931253309515759,281.84999999999997,272.6875,0.1375,86.87500000000001,0.335,0.00323875,1.8375000000000004,48.23333333333333,-122.30833330000002
2003-11-09,0.8171839296386452,283.825,275.625,4.5375000000000005,51.587500000000006,0.18,0.0051025,3.3,48.23333333333333,-122.30833330000002
2003-11-17,0.6895785728515268,281.0,273.65000000000003,9.674999999999999,39.87500000000001,0.19,0.00412625,3.5749999999999997,48.23333333333333,-122.30833330000002
2003-11-25,0.7090421423441026,282.25,274.8875,5.8875,40.6,0.16125,0.004718750000000001,4.3625,48.23333333333333,-122.30833330000002
2003-12-03,0.9723946432128818,281.9375,275.6,4.300000000000001,43.45,0.16125,0.00474,4.45,48.23333333333333,-122.30833330000002
2003-12-11,0.38957857285152675,282.1125,275.6125,2.35,42.2875,0.15625,0.0048200000000000005,5.325,48.23333333333333,-122.30833330000002
2003-12-19,0.4809866080322043,282.375,275.9625,1.8250000000000002,39.75,0.17125,0.0048625,4.450000000000001,48.23333333333333,-122.30833330000002
2003-12-27,0.21591681139252672,277.84000000000003,271.93999999999994,2.0000000000000004,39.540000000000006,0.146,0.0034620000000000007,4.86,48.23333333333333,-122.30833330000002
2004-01-01,0.3085919648193225,276.46250000000003,270.2875,3.1625,37.737500000000004,0.14750000000000002,0.0030787500000000003,4.550000000000001,48.23333333333333,-122.30833330000002
2004-01-09,0.6361973216064409,283.1375,277.51250000000005,1.9750000000000003,30.337500000000006,0.1625,0.0053625,3.925,48.23333333333333,-122.30833330000002
2004-01-17,0.5085919648193226,282.3125,276.35,2.25,44.2875,0.17375,0.00487625,2.2625,48.23333333333333,-122.30833330000002
2004-01-25,0.3533812512450859,281.7,275.18750000000006,7.8625,39.2,0.18375,0.0044912500000000005,3.7,48.23333333333333,-122.30833330000002
2004-02-02,0.3410111979526083,283.1625,275.3,1.8125000000000002,55.900000000000006,0.23750000000000002,0.0045275,2.95,48.23333333333333,-122.30833330000002
2004-02-10,0.6723946432128818,283.7875,273.975,2.85,74.91250000000001,0.23625,0.0045125,3.3125,48.23333333333333,-122.30833330000002
2004-02-18,0.6447892864257634,284.84999999999997,275.75,1.1125000000000003,85.325,0.2675,0.0048575,2.475,48.23333333333333,-122.30833330000002
2004-02-26,0.7926751534267958,284.6625,275.925,3.7250000000000005,92.41250000000002,0.27375,0.00480625,2.0375,48.23333333333333,-122.30833330000002
2004-03-05,0.6887616321301885,286.21250000000003,277.175,2.3375,113.28750000000001,0.31,0.005275000000000001,3.075,48.23333333333333,-122.30833330000002
2004-03-13,0.9809866080322043,285.825,276.97499999999997,1.75,104.62500000000001,0.32625000000000004,0.00498875,2.6625,48.23333333333333,-122.30833330000002
2004-03-21,1.3361973216064411,286.825,277.70000000000005,2.9250000000000003,139.47500000000002,0.355,0.0052762500000000006,3.95,48.23333333333333,-122.30833330000002
2004-03-29,1.5723946432128817,289.3875,276.88750000000005,0.9625,194.7375,0.5275,0.0049587500000000005,2.2,48.23333333333333,-122.30833330000002
2004-04-06,1.1539668615933183,292.0625,279.1625,0.05,201.85000000000002,0.6175,0.005874999999999999,1.8,48.23333333333333,-122.30833330000002
2004-04-14,1.4383647949021194,289.3375,278.22499999999997,1.9625000000000004,197.12500000000003,0.49875,0.0053025,4.0,48.23333333333333,-122.30833330000002
2004-04-22,1.990478927901087,291.875,278.45,0.6125,236.57500000000002,0.615,0.005677500000000001,2.15,48.23333333333333,-122.30833330000002
2004-04-30,1.807662857539732,292.03749999999997,282.1875,1.05,208.125,0.5337500000000001,0.007095000000000001,1.3375,48.23333333333333,-122.30833330000002
2004-05-08,1.8434934159496148,291.49999999999994,281.4625,0.7750000000000001,265.525,0.47500000000000003,0.006979999999999999,1.3375000000000001,48.23333333333333,-122.30833330000002
2004-05-16,1.9242379105649448,292.3625,282.65,1.6625,242.02500000000003,0.43999999999999995,0.0078575,1.5625,48.23333333333333,-122.30833330000002
2004-05-24,2.2520019664407154,290.66249999999997,281.51250000000005,9.850000000000001,188.51250000000002,0.3775,0.007271249999999999,2.1125000000000003,48.23333333333333,-122.30833330000002
2004-06-01,2.479157145703054,293.15000000000003,281.475,2.5875000000000004,253.18750000000006,0.5912499999999999,0.00708875,2.3,48.23333333333333,-122.30833330000002
2004-06-09,2.4356349775234087,292.8125,282.77500000000003,2.8000000000000003,258.13750000000005,0.605,0.00707,2.2,48.23333333333333,-122.30833330000002
2004-06-17,2.446506582196662,298.6875,286.5375,0.0,313.2875,0.81625,0.009817500000000002,1.6625000000000003,48.23333333333333,-122.30833330000002
2004-06-25,2.3787903825064953,297.3625,285.6125,0.0,300.0625,0.8037500000000001,0.008846250000000002,1.8499999999999999,48.23333333333333,-122.30833330000002
2004-07-03,1.9524521439654954,295.275,283.6,1.8875000000000002,255.83750000000003,0.70875,0.007805,1.7500000000000002,48.23333333333333,-122.30833330000002
2004-07-11,2.399070892720409,298.36249999999995,285.8875,0.0,271.46250000000003,0.805,0.009595000000000001,1.7374999999999998,48.23333333333333,-122.30833330000002
2004-07-19,2.2908456910976454,299.1375,287.0,0.0,292.85,0.89875,0.00980625,2.375,48.23333333333333,-122.30833330000002
2004-07-27,2.1474589557414525,298.23750000000007,286.95,0.0,265.4625,0.7162499999999999,0.010310000000000001,1.4625,48.23333333333333,-122.30833330000002
2004-08-04,1.4948632395116979,297.12500000000006,285.7625,3.4375000000000004,226.45000000000002,0.57625,0.010220000000000002,1.9375000000000002,48.23333333333333,-122.30833330000002
2004-08-12,1.9348180368020702,300.2875,288.325,0.0,266.8125,0.81625,0.011392500000000002,1.425,48.23333333333333,-122.30833330000002
2004-08-20,1.3325383969481395,295.0125,285.82500000000005,10.2375,157.20000000000002,0.44625000000000004,0.009960000000000002,3.075,48.23333333333333,-122.30833330000002
2004-08-28,1.7986207151956293,294.80000000000007,285.40000000000003,1.675,181.5125,0.42,0.009855000000000001,1.5000000000000002,48.23333333333333,-122.30833330000002
2004-09-05,1.7900287503763068,293.05,284.05,2.65,176.86249999999998,0.33125000000000004,0.0091625,2.3375,48.23333333333333,-122.30833330000002
2004-09-13,1.6343678592772903,289.1625,281.2125,7.0625,120.62500000000003,0.16125,0.00793375,3.45,48.23333333333333,-122.30833330000002
2004-09-21,1.8619732160644085,291.875,282.62500000000006,0.48750000000000004,158.4625,0.23374999999999999,0.008865000000000001,1.425,48.23333333333333,-122.30833330000002
2004-09-29,1.7176341071634251,291.2625,281.33750000000003,0.525,141.64999999999998,0.29875,0.0079375,2.1,48.23333333333333,-122.30833330000002
2004-10-07,1.5257758944579676,290.29999999999995,281.8875,3.2750000000000004,93.4125,0.2275,0.008131250000000001,2.9875000000000007,48.23333333333333,-122.30833330000002
2004-10-15,0.9072126800149518,287.225,280.3125,5.137500000000001,68.8125,0.13374999999999998,0.007288750000000001,2.9625000000000004,48.23333333333333,-122.30833330000002
2004-10-23,1.153381251245086,285.725,278.17499999999995,1.5375,75.78750000000001,0.18250000000000002,0.0060662500000000005,3.5500000000000003,48.23333333333333,-122.30833330000002
2004-10-31,1.1085919648193225,283.975,277.1875,8.075,60.22500000000001,0.12500000000000003,0.005750000000000001,3.1750000000000007,48.23333333333333,-122.30833330000002
2004-11-08,0.9723946432128818,285.16249999999997,278.225,2.5625,57.35,0.08249999999999999,0.006537500000000001,2.9875000000000003,48.23333333333333,-122.30833330000002
2004-11-16,0.7809866080322043,282.5,276.75,3.9000000000000004,43.449999999999996,0.10250000000000001,0.00543875,2.9875,48.23333333333333,-122.30833330000002
2004-11-24,0.7723946432128818,281.8875,275.5375,7.362500000000001,48.662499999999994,0.09875,0.0051475,2.65,48.23333333333333,-122.30833330000002
2004-12-02,0.4705651808837309,281.07500000000005,276.23749999999995,5.9375,29.65,0.0775,0.0051649999999999995,4.675000000000001,48.23333333333333,-122.30833330000002
2004-12-10,1.2723946432128819,282.8375,277.0625,5.7250000000000005,38.32500000000001,0.07500000000000001,0.0057725,3.5625000000000004,48.23333333333333,-122.30833330000002
2004-12-18,1.4000000000000001,281.4375,276.3625,2.1875,35.487500000000004,0.08625,0.00523,2.0250000000000004,48.23333333333333,-122.30833330000002
2004-12-26,0.6176341071634252,280.78333333333336,274.8333333333333,2.0166666666666666,46.78333333333333,0.06666666666666667,0.005031666666666668,2.283333333333333,48.23333333333333,-122.30833330000002
2005-01-01,0.2533812512450859,278.78749999999997,271.675,1.6,45.975,0.21750000000000003,0.0031687499999999997,3.1250000000000004,48.23333333333333,-122.30833330000002
2005-01-09,1.2116885453945918,277.45000000000005,270.4625,1.5125000000000002,39.31250000000001,0.17875000000000002,0.0030237500000000004,2.8625,48.23333333333333,-122.30833330000002
2005-01-17,1.5656321407227098,285.4875,278.8625,6.074999999999999,24.3,0.2125,0.00596375,5.112500000000001,48.23333333333333,-122.30833330000002
2005-01-25,0.6245087762118492,284.55,276.4375,0.9125,52.7,0.21875,0.005187500000000001,2.9250000000000003,48.23333333333333,-122.30833330000002
2005-02-02,1.0,283.1375,273.625,3.2125000000000004,61.25,0.27125,0.004092500000000001,2.5125,48.23333333333333,-122.30833330000002
2005-02-10,1.1,282.3875,271.4875,1.45,88.4875,0.28875,0.0035075,1.975,48.23333333333333,-122.30833330000002
2005-02-18,0.946483315931462,284.15,271.5625,0.0,121.8125,0.3225,0.0037612500000000003,1.9000000000000004,48.23333333333333,-122.30833330000002
2005-02-26,0.9797194897860859,286.32500000000005,275.63750000000005,0.5875,93.61250000000001,0.33125,0.00491,2.8875,48.23333333333333,-122.30833330000002
2005-03-06,1.1276053567871185,288.84999999999997,278.425,0.21250000000000002,125.58749999999999,0.39125000000000004,0.0058537500000000004,1.875,48.23333333333333,-122.30833330000002
2005-03-14,1.0085919648193227,286.3625,276.52500000000003,3.125,125.025,0.38375,0.004741250000000001,4.125,48.23333333333333,-122.30833330000002
2005-03-22,1.4914080351806775,285.84999999999997,276.7,5.7625,125.65,0.3725,0.00466625,4.1375,48.23333333333333,-122.30833330000002
2005-03-30,1.3895785728515269,285.75,276.825,4.612500000000001,121.775,0.30624999999999997,0.0050750000000000005,5.1875,48.23333333333333,-122.30833330000002
2005-04-07,1.8085919648193225,286.2625,277.52500000000003,5.65,180.5875,0.32375000000000004,0.005232500000000001,3.6375,48.23333333333333,-122.30833330000002
2005-04-15,0.7239464321288167,288.7375,278.7,4.4750000000000005,199.08749999999998,0.33499999999999996,0.00628125,3.1125000000000003,48.23333333333333,-122.30833330000002
2005-04-23,2.208591964819323,292.27500000000003,282.42499999999995,0.35000000000000003,211.16250000000002,0.45375,0.0076475,1.9250000000000003,48.23333333333333,-122.30833330000002
2005-05-01,1.906762502490172,292.15,282.175,0.5,225.95,0.45375,0.007546250000000001,1.6500000000000001,48.23333333333333,-122.30833330000002
2005-05-09,1.6687357185545801,292.31250000000006,283.5,3.5875000000000004,185.51250000000002,0.4412500000000001,0.008042500000000001,2.3125,48.23333333333333,-122.30833330000002
2005-05-17,2.006762502490172,290.375,280.86249999999995,3.8999999999999995,219.8625,0.4375,0.006627500000000001,5.3500000000000005,48.23333333333333,-122.30833330000002
2005-05-25,2.5343678592772902,295.3,284.5125,1.5125000000000002,272.0875,0.6087500000000001,0.00875625,1.9250000000000003,48.23333333333333,-122.30833330000002
2005-06-02,1.8687357185545803,291.075,282.6625,2.0,202.55000000000004,0.4437500000000001,0.0073012500000000004,1.7625,48.23333333333333,-122.30833330000002
2005-06-10,2.43436785927729,291.72499999999997,283.125,3.7250000000000005,235.075,0.48874999999999996,0.007358750000000001,2.0875000000000004,48.23333333333333,-122.30833330000002
2005-06-18,2.239023036534806,294.6375,284.6875,1.4875,271.58750000000003,0.54625,0.00873875,2.0124999999999997,48.23333333333333,-122.30833330000002
2005-06-26,2.5429598240966125,294.375,284.8125,0.8,210.4625,0.52625,0.008791250000000002,1.5500000000000003,48.23333333333333,-122.30833330000002
2005-07-04,2.115354467309494,294.6875,283.58750000000003,2.4625,192.0625,0.5475000000000001,0.008480000000000001,3.025,48.23333333333333,-122.30833330000002
2005-07-12,2.9619732160644086,297.1625,285.04999999999995,0.45000000000000007,268.05,0.68375,0.0093425,2.0375,48.23333333333333,-122.30833330000002
2005-07-20,2.3533812512450862,296.975,284.52500000000003,0.2,300.26250000000005,0.7475,0.0086925,2.25,48.23333333333333,-122.30833330000002
2005-07-28,2.606762502490172,297.7625,285.3625,0.1375,295.3875,0.76125,0.009298750000000001,1.9125,48.23333333333333,-122.30833330000002
2005-08-05,2.306762502490172,298.4375,285.9625,0.0,283.9375,0.7,0.01019875,1.475,48.23333333333333,-122.30833330000002
2005-08-13,2.2343678592772904,298.3625,285.90000000000003,2.8375000000000004,241.9875,0.68,0.0103125,1.425,48.23333333333333,-122.30833330000002
2005-08-21,1.870565180883731,297.3125,284.73750000000007,0.9,255.675,0.76375,0.008811250000000001,1.9625,48.23333333333333,-122.30833330000002
2005-08-29,1.909859083065441,294.2875,284.125,0.275,164.3375,0.49250000000000005,0.008752500000000002,1.5750000000000002,48.23333333333333,-122.30833330000002
2005-09-06,1.8257758944579678,294.33750000000003,282.625,1.5375,199.2,0.51125,0.008287500000000001,1.6875,48.23333333333333,-122.30833330000002
2005-09-14,1.430139593279355,292.3875,282.475,0.3375,134.25,0.39875000000000005,0.00806125,1.5000000000000002,48.23333333333333,-122.30833330000002
2005-09-22,1.5533812512450857,292.42499999999995,280.33750000000003,3.0500000000000003,170.06250000000003,0.45500000000000007,0.00722625,2.2625,48.23333333333333,-122.30833330000002
2005-09-30,1.2257758944579678,289.2625,281.4375,4.062500000000001,108.08749999999999,0.29625,0.007205000000000001,2.0,48.23333333333333,-122.30833330000002
2005-10-08,1.2447892864257635,289.625,281.875,1.975,84.22500000000001,0.26,0.007665,2.5875000000000004,48.23333333333333,-122.30833330000002
2005-10-16,0.9809866080322043,289.5375,282.075,2.7375000000000003,71.95,0.21625,0.007956250000000002,2.1750000000000003,48.23333333333333,-122.30833330000002
2005-10-24,1.0361973216064408,288.1125,279.95,3.8125,77.27499999999999,0.25125,0.006777500000000001,4.749999999999999,48.23333333333333,-122.30833330000002
2005-11-01,0.5895785728515268,282.375,276.9,8.662500000000001,47.712500000000006,0.13,0.005266250000000001,5.049999999999999,48.23333333333333,-122.30833330000002
2005-11-09,0.9638026783935592,281.9125,276.6125,3.3875000000000006,37.91250000000001,0.145,0.00501375,4.050000000000001,48.23333333333333,-122.30833330000002
2005-11-17,0.656477831820355,282.42499999999995,275.00000000000006,0.125,64.6125,0.09999999999999999,0.0051487500000000005,1.8625,48.23333333333333,-122.30833330000002
2005-11-25,0.5533812512450859,279.075,273.675,5.2625,38.4,0.1575,0.003875,3.075,48.23333333333333,-122.30833330000002
2005-12-03,1.5190133919677962,279.6125,273.275,0.4750000000000001,43.837500000000006,0.19249999999999998,0.0036912499999999997,1.9250000000000003,48.23333333333333,-122.30833330000002
2005-12-11,1.3914080351806777,279.675,271.975,0.0,52.43750000000001,0.1975,0.0035025000000000004,2.125,48.23333333333333,-122.30833330000002
2005-12-19,1.182816070361355,283.94999999999993,277.29999999999995,8.5,29.5625,0.1575,0.005615000000000001,7.0249999999999995,48.23333333333333,-122.30833330000002
2005-12-27,0.18098660803220418,282.84000000000003,277.14,7.0,34.78000000000001,0.134,0.005372000000000001,5.680000000000001,48.23333333333333,-122.30833330000002
2006-01-01,0.03619732160644084,282.9625,278.27500000000003,5.0625,33.16250000000001,0.15625,0.005503750000000001,6.550000000000001,48.23333333333333,-122.30833330000002
2006-01-09,0.2809866080322042,282.275,277.45,9.9875,29.95,0.15125,0.005222500000000001,5.2875000000000005,48.23333333333333,-122.30833330000002
2006-01-17,0.38098660803220424,282.5625,277.07500000000005,1.8125,49.375,0.17749999999999996,0.005042500000000001,3.5875000000000004,48.23333333333333,-122.30833330000002
2006-01-25,0.4981705376708493,282.06249999999994,276.7375,8.137500000000001,45.324999999999996,0.17750000000000002,0.00486875,7.1125,48.23333333333333,-122.30833330000002
2006-02-02,0.9447892864257634,283.6375,274.93750000000006,3.9375000000000004,71.8375,0.295,0.00426375,4.2375,48.23333333333333,-122.30833330000002
2006-02-10,0.853381251245086,281.825,272.3,1.0625,99.23750000000001,0.36875,0.0030387500000000002,3.1875000000000004,48.23333333333333,-122.30833330000002
2006-02-18,0.8809866080322043,280.275,271.425,3.225,75.72500000000002,0.30624999999999997,0.0029387500000000004,2.2125000000000004,48.23333333333333,-122.30833330000002
2006-02-26,1.0085919648193227,284.45,275.1875,2.475,101.9875,0.31750000000000006,0.0043612500000000005,4.3500000000000005,48.23333333333333,-122.30833330000002
2006-03-06,0.47011500335895096,283.325,274.24999999999994,2.875,125.95,0.33375,0.0038512500000000005,4.700000000000001,48.23333333333333,-122.30833330000002
2006-03-14,0.7891283953267467,284.7625,276.01250000000005,1.2375,133.31250000000003,0.35,0.004385,3.4875,48.23333333333333,-122.30833330000002
2006-03-22,0.6981705376708494,285.9875,276.8125,2.1625,134.3,0.33625,0.0049625,4.6000000000000005,48.23333333333333,-122.30833330000002
2006-03-30,1.0809866080322044,286.88750000000005,276.7875,3.4125,161.91250000000002,0.3325,0.0052562500000000005,2.575,48.23333333333333,-122.30833330000002
2006-04-07,0.851551788915935,286.78749999999997,277.67499999999995,4.487500000000001,138.00000000000003,0.3325,0.00537875,2.6,48.23333333333333,-122.30833330000002
2006-04-15,1.5533812512450857,287.03749999999997,276.98749999999995,2.5125,180.2125,0.40375,0.004901250000000001,3.6375,48.23333333333333,-122.30833330000002
2006-04-23,1.706762502490172,289.475,278.75,1.3,189.5,0.49000000000000005,0.0055537500000000005,1.5125000000000002,48.23333333333333,-122.30833330000002
2006-05-01,1.7076628575397321,289.68749999999994,279.075,2.075,246.15000000000006,0.5675000000000001,0.00526625,2.4625000000000004,48.23333333333333,-122.30833330000002
2006-05-09,2.0429598240966125,291.0375,279.75,0.08750000000000001,273.6625,0.54125,0.006078750000000001,1.9875,48.23333333333333,-122.30833330000002
2006-05-17,1.4239464321288167,293.125,283.4,2.425,218.025,0.6012500000000001,0.007427500000000001,2.9625000000000004,48.23333333333333,-122.30833330000002
2006-05-25,1.0135250049803437,291.20000000000005,281.7875,4.950000000000001,194.875,0.45375,0.00712125,1.9125000000000003,48.23333333333333,-122.30833330000002
2006-06-02,1.9511016113911552,292.675,283.3125,3.9,196.53750000000002,0.5275,0.0076225,2.3000000000000003,48.23333333333333,-122.30833330000002
2006-06-10,1.4031035778318703,293.8,283.9375,1.5125000000000004,211.7125,0.5487500000000001,0.008150000000000001,2.1999999999999997,48.23333333333333,-122.30833330000002
2006-06-18,2.370565180883731,294.52500000000003,282.7125,0.0,301.80000000000007,0.66375,0.007488750000000001,2.2125000000000004,48.23333333333333,-122.30833330000002
2006-06-26,1.7727971558960718,297.9,285.4375,0.0,325.3625,0.8975,0.008543750000000001,1.5625,48.23333333333333,-122.30833330000002
2006-07-04,2.212257886734225,295.9375,284.6375,0.08750000000000001,264.2,0.7487500000000001,0.008145000000000001,1.625,48.23333333333333,-122.30833330000002
2006-07-12,1.6184635311061952,294.8125,283.0625,1.3375,254.61249999999998,0.6975,0.00747375,2.1375,48.23333333333333,-122.30833330000002
2006-07-20,1.5709031918502585,300.15,287.44999999999993,0.0,286.4375,0.85375,0.010825000000000001,1.6750000000000003,48.23333333333333,-122.30833330000002
2006-07-28,2.487749110522376,294.4875,283.2375,0.625,246.675,0.6975,0.007378750000000002,1.85,48.23333333333333,-122.30833330000002
2006-08-05,1.294511613012548,296.4125,283.7875,0.2625,258.225,0.6912499999999999,0.00852875,1.35,48.23333333333333,-122.30833330000002
2006-08-13,1.647554853291106,296.875,283.26249999999993,0.0,272.75,0.74625,0.008278750000000001,1.65,48.23333333333333,-122.30833330000002
2006-08-21,1.7429598240966127,297.325,283.7125,0.0,253.31250000000003,0.8,0.008324999999999999,1.5500000000000003,48.23333333333333,-122.30833330000002
2006-08-29,1.0614108719813762,295.9625,282.725,0.7125,231.36250000000004,0.7975,0.0073925,1.6625,48.23333333333333,-122.30833330000002
2006-09-06,1.6787069681782736,295.66249999999997,283.0125,1.025,216.03750000000002,0.74,0.007645000000000001,1.5000000000000002,48.23333333333333,-122.30833330000002
2006-09-14,1.3963410753416987,290.23749999999995,280.36249999999995,6.275,123.75000000000001,0.3,0.007312500000000001,2.6125000000000003,48.23333333333333,-122.30833330000002
2006-09-22,1.6981705376708496,294.57500000000005,281.575,0.2,184.20000000000002,0.48875,0.008297500000000001,1.3000000000000003,48.23333333333333,-122.30833330000002
2006-09-30,1.5895785728515268,290.02500000000003,280.6625,0.275,135.9625,0.32125000000000004,0.007165,1.5500000000000003,48.23333333333333,-122.30833330000002
2006-10-08,1.33436785927729,289.21250000000003,278.9125,3.1875000000000004,109.6125,0.295,0.006675000000000001,1.7125000000000001,48.23333333333333,-122.30833330000002
2006-10-16,0.7710153584085111,287.3375,278.8625,2.5624999999999996,87.60000000000001,0.19,0.0066575,1.5250000000000001,48.23333333333333,-122.30833330000002
2006-10-24,1.2012671182461183,285.2,275.8625,2.7875,82.9,0.28125,0.0049425,3.7000000000000006,48.23333333333333,-122.30833330000002
2006-11-01,0.7257758944579675,285.425,278.75,11.500000000000002,47.462500000000006,0.1825,0.006165000000000001,4.5125,48.23333333333333,-122.30833330000002
2006-11-09,0.6447892864257634,283.54999999999995,277.41249999999997,7.862499999999999,49.962500000000006,0.2075,0.005172500000000001,6.425000000000001,48.23333333333333,-122.30833330000002
2006-11-17,0.6085919648193225,283.0,277.4875,5.1125,42.537499999999994,0.20249999999999999,0.005085,6.7625,48.23333333333333,-122.30833330000002
2006-11-25,0.4478858670010325,277.725,272.0125,3.7500000000000004,41.775000000000006,0.15875,0.00339375,3.725,48.23333333333333,-122.30833330000002
2006-12-03,0.3533812512450859,281.075,274.70000000000005,0.6875,37.75,0.15625,0.0044712499999999995,2.95,48.23333333333333,-122.30833330000002
2006-12-11,0.7723946432128818,281.6,275.125,7.425000000000001,39.5875,0.19375,0.00442125,6.4624999999999995,48.23333333333333,-122.30833330000002
2006-12-19,0.5253257169331875,281.8375,275.65,6.875000000000001,35.925,0.15125,0.00479125,6.312500000000001,48.23333333333333,-122.30833330000002
2006-12-27,0.21718392963864508,279.98,273.04,1.2200000000000002,41.32000000000001,0.17200000000000001,0.003882000000000001,3.4799999999999995,48.23333333333333,-122.30833330000002
2007-01-01,0.14478928642576336,282.17499999999995,275.05,9.575,30.250000000000004,0.16625,0.0046975,5.9,48.23333333333333,-122.30833330000002
2007-01-09,0.31718392963864506,277.65000000000003,269.3,1.9,49.275000000000006,0.15375000000000003,0.0031475000000000006,3.2375000000000003,48.23333333333333,-122.30833330000002
2007-01-17,0.5638026783935592,279.91249999999997,273.73749999999995,3.1625,29.400000000000002,0.12125,0.004280000000000001,4.4750000000000005,48.23333333333333,-122.30833330000002
2007-01-25,0.7361973216064409,281.075,272.425,0.0625,73.025,0.16,0.004091250000000001,2.7,48.23333333333333,-122.30833330000002
2007-02-02,0.41718392963864503,282.38750000000005,275.81249999999994,0.9875,48.9875,0.1225,0.00515,1.7875,48.23333333333333,-122.30833330000002
2007-02-10,0.44478928642576343,284.75,277.86249999999995,2.9250000000000003,68.2625,0.1525,0.005915000000000001,3.7750000000000004,48.23333333333333,-122.30833330000002
2007-02-18,0.41673375211386504,282.1375,275.6625,4.725,72.4625,0.18125,0.004678750000000001,5.7875,48.23333333333333,-122.30833330000002
2007-02-26,0.5926751534267958,282.2125,274.72499999999997,2.5999999999999996,85.36250000000001,0.23625,0.004257500000000001,3.0125,48.23333333333333,-122.30833330000002
2007-03-06,0.48912839532674673,285.825,277.55,4.574999999999999,86.86250000000003,0.26749999999999996,0.00548125,5.5625,48.23333333333333,-122.30833330000002
2007-03-14,0.7883114546054085,285.11249999999995,277.85,3.5125,91.16250000000001,0.29874999999999996,0.00513375,3.3499999999999996,48.23333333333333,-122.30833330000002
2007-03-22,0.9728448207376619,286.2625,278.15,3.8625000000000007,122.8125,0.3125,0.005442500000000001,2.9375000000000004,48.23333333333333,-122.30833330000002
2007-03-30,1.217183929638645,286.4375,276.82500000000005,1.0250000000000001,149.925,0.36875,0.00493375,1.4875000000000003,48.23333333333333,-122.30833330000002
2007-04-07,1.2498344931450367,287.15,278.15000000000003,3.5,143.45,0.35124999999999995,0.00551375,3.4375,48.23333333333333,-122.30833330000002
2007-04-15,1.5818035487535427,286.83750000000003,277.375,1.55,178.4,0.3725,0.005107500000000001,2.1375,48.23333333333333,-122.30833330000002
2007-04-23,1.659243398685698,288.075,279.2625,2.2500000000000004,155.07500000000002,0.36000000000000004,0.0059299999999999995,3.125,48.23333333333333,-122.30833330000002
2007-05-01,1.4954407202921383,288.8,279.125,1.5125000000000002,199.06249999999997,0.40875,0.005911250000000001,2.475,48.23333333333333,-122.30833330000002
2007-05-09,1.4847879627705591,291.0625,279.8375,0.08750000000000001,294.4125,0.51125,0.00624375,1.9500000000000002,48.23333333333333,-122.30833330000002
2007-05-17,1.3806637238900692,291.15,280.6875,2.1375,232.45,0.5075000000000001,0.006465,2.1374999999999997,48.23333333333333,-122.30833330000002
2007-05-25,1.1055186505092536,293.90000000000003,282.5625,0.3125,277.4875,0.56875,0.0077875,1.4875,48.23333333333333,-122.30833330000002
2007-06-02,2.187298932997596,292.36249999999995,283.25,1.7750000000000001,187.425,0.4575,0.00807125,2.2249999999999996,48.23333333333333,-122.30833330000002
2007-06-10,1.557864113881327,290.55,281.36249999999995,2.5,204.2375,0.46375,0.00666125,2.1625,48.23333333333333,-122.30833330000002
2007-06-18,2.214904289784714,292.54999999999995,282.1875,1.425,248.50000000000003,0.5825,0.006958750000000001,1.5625000000000002,48.23333333333333,-122.30833330000002
2007-06-26,2.0909101928143077,294.63749999999993,283.5,1.0125000000000002,248.97500000000002,0.63375,0.007927500000000002,2.1625,48.23333333333333,-122.30833330000002
2007-07-04,2.4153544673094944,297.65000000000003,285.0125,0.0,303.075,0.7575000000000001,0.0091775,2.375,48.23333333333333,-122.30833330000002
2007-07-12,1.5963410753416984,298.12500000000006,287.125,0.775,232.8625,0.74875,0.010152500000000002,1.975,48.23333333333333,-122.30833330000002
2007-07-20,2.163240334310527,295.34999999999997,284.575,2.6625,201.91250000000002,0.5874999999999999,0.0088325,2.8125,48.23333333333333,-122.30833330000002
2007-07-28,2.2872989329975963,296.4625,285.1,0.037500000000000006,257.4375,0.6962499999999999,0.008892500000000001,1.8250000000000004,48.23333333333333,-122.30833330000002
2007-08-05,1.3646553686015293,295.2375,284.3875,0.32499999999999996,235.3625,0.5387500000000001,0.009008750000000001,1.575,48.23333333333333,-122.30833330000002
2007-08-13,1.5926464011967651,295.16249999999997,284.6125,1.8125,202.78750000000002,0.5349999999999999,0.00909125,1.9125,48.23333333333333,-122.30833330000002
2007-08-21,1.1656391379793112,295.5375,284.4375,0.9,219.63750000000002,0.5562499999999999,0.00906125,1.7625000000000002,48.23333333333333,-122.30833330000002
2007-08-29,1.3325383969481395,294.6625,284.52500000000003,0.35000000000000003,193.98749999999998,0.44125,0.009368750000000002,1.5125,48.23333333333333,-122.30833330000002
2007-09-06,1.5158046448342744,293.98749999999995,282.325,0.0,225.40000000000003,0.44625000000000004,0.00843875,2.1,48.23333333333333,-122.30833330000002
2007-09-14,1.5429598240966125,290.975,281.6875,2.1750000000000003,144.8625,0.28875,0.00798125,1.5875,48.23333333333333,-122.30833330000002
2007-09-22,1.5981705376708495,289.7125,280.5125,1.7625000000000002,144.17499999999998,0.32,0.0070425,2.0500000000000003,48.23333333333333,-122.30833330000002
2007-09-30,1.170565180883731,287.125,279.425,5.4875,84.1375,0.21375,0.006546250000000001,4.925000000000001,48.23333333333333,-122.30833330000002
2007-10-08,1.1171839296386452,288.65,279.7375,0.85,103.82500000000002,0.26375000000000004,0.0068087500000000006,2.3500000000000005,48.23333333333333,-122.30833330000002
2007-10-16,1.0171839296386451,287.07500000000005,279.275,4.3500000000000005,65.1875,0.21625,0.00652,5.962500000000001,48.23333333333333,-122.30833330000002
2007-10-24,0.8809866080322043,285.925,276.9375,1.2125000000000001,84.62500000000001,0.2225,0.005672500000000001,1.9625000000000004,48.23333333333333,-122.30833330000002
2007-11-01,0.4705651808837309,284.275,276.75,0.16250000000000003,59.4125,0.16875,0.005485000000000001,2.0875,48.23333333333333,-122.30833330000002
2007-11-09,0.5977203601460692,284.3125,276.9625,2.9000000000000004,55.0,0.1925,0.005396250000000001,6.362500000000001,48.23333333333333,-122.30833330000002
2007-11-17,0.8240585986870693,281.08750000000003,273.7625,2.875,54.95,0.15749999999999997,0.0043125,1.5875,48.23333333333333,-122.30833330000002
2007-11-25,0.9564778318203551,280.25,273.8,1.5625000000000002,41.150000000000006,0.17,0.004033750000000001,3.4375000000000004,48.23333333333333,-122.30833330000002
2007-12-03,1.2276053567871184,280.78749999999997,274.9875,2.5625,38.900000000000006,0.1125,0.00476125,4.112500000000001,48.23333333333333,-122.30833330000002
2007-12-11,0.5723946432128817,279.9,274.3625,2.0125,33.525,0.11375,0.00442,4.937500000000001,48.23333333333333,-122.30833330000002
2007-12-19,0.31718392963864506,279.675,274.45,7.7,29.062500000000004,0.12875,0.004261249999999999,4.975,48.23333333333333,-122.30833330000002
2007-12-27,0.07239464321288168,278.54,273.58,10.66,34.980000000000004,0.11000000000000001,0.004028000000000001,4.58,48.23333333333333,-122.30833330000002
2008-01-01,0.14478928642576336,280.35,274.65,4.050000000000001,33.43750000000001,0.14875,0.0043275,7.925000000000001,48.23333333333333,-122.30833330000002
2008-01-09,0.35293107372030585,280.18750000000006,274.70000000000005,3.3374999999999995,39.425000000000004,0.18375000000000002,0.004083750000000001,5.25,48.23333333333333,-122.30833330000002
2008-01-17,0.2374644398525592,278.4125,271.85,1.0375,55.612500000000004,0.19374999999999998,0.00326875,2.0125,48.23333333333333,-122.30833330000002
2008-01-25,0.4322838003098335,278.175,272.6125,2.375,49.737500000000004,0.14125,0.0036362500000000006,3.875,48.23333333333333,-122.30833330000002
2008-02-02,0.34397234570442514,280.65000000000003,274.02500000000003,3.3125,48.03750000000001,0.14375000000000004,0.004325,4.6375,48.23333333333333,-122.30833330000002
2008-02-10,0.20126711824611832,283.3125,276.0125,1.3875,50.1125,0.17,0.005091250000000001,2.2750000000000004,48.23333333333333,-122.30833330000002
2008-02-18,0.41546663386774674,283.97499999999997,274.875,0.05,95.35,0.18249999999999997,0.0050237500000000004,2.0625,48.23333333333333,-122.30833330000002
2008-02-26,0.32577589445796756,283.8375,276.15,1.5374999999999999,83.2125,0.17625,0.00524375,2.625,48.23333333333333,-122.30833330000002
2008-03-05,0.6573781868699151,283.72499999999997,276.0625,1.9625000000000001,104.4375,0.19375,0.0050825,2.8000000000000003,48.23333333333333,-122.30833330000002
2008-03-13,0.7008169407213383,282.95000000000005,276.0375,2.725,113.1375,0.21,0.004763750000000001,2.6625,48.23333333333333,-122.30833330000002
2008-03-21,0.7646196191148975,282.2375,274.75,3.7875000000000005,119.22500000000001,0.24375,0.00417875,4.237500000000001,48.23333333333333,-122.30833330000002
2008-03-29,0.6248755394084075,283.0,274.6625,2.25,161.725,0.29500000000000004,0.0040575,1.8,48.23333333333333,-122.30833330000002
2008-04-06,0.9447892864257634,285.75,276.86249999999995,1.6250000000000002,155.6875,0.28875000000000006,0.00521125,2.3625000000000003,48.23333333333333,-122.30833330000002
2008-04-14,0.8840831886074734,284.125,275.86249999999995,3.4124999999999996,146.7375,0.31375000000000003,0.004425,2.075,48.23333333333333,-122.30833330000002
2008-04-22,1.1361973216064412,286.78749999999997,277.125,1.85,190.1875,0.33749999999999997,0.005257499999999999,2.2,48.23333333333333,-122.30833330000002
2008-04-30,0.7153544673094943,287.75,278.6875,0.8,221.32500000000005,0.40625,0.0054512499999999995,1.8125,48.23333333333333,-122.30833330000002
2008-05-08,1.5533812512450857,287.3875,279.5625,3.4250000000000003,181.16250000000002,0.3675000000000001,0.005718750000000001,1.9875,48.23333333333333,-122.30833330000002
2008-05-16,1.4214121956365804,292.03749999999997,282.20000000000005,2.4375,205.33750000000003,0.48750000000000004,0.007520000000000001,1.75,48.23333333333333,-122.30833330000002
2008-05-24,1.7791571457030537,292.01250000000005,282.85,0.475,261.9375,0.50125,0.00735,1.4500000000000002,48.23333333333333,-122.30833330000002
2008-06-01,1.9963410753416988,288.91249999999997,281.1625,6.0625,175.925,0.43000000000000005,0.0062250000000000005,2.5375,48.23333333333333,-122.30833330000002
2008-06-09,2.080424263949172,290.3,281.075,1.75,223.7,0.4625,0.006535,1.8375000000000001,48.23333333333333,-122.30833330000002
2008-06-17,1.7135250049803434,292.35,282.5375,0.05,229.41250000000002,0.56,0.0071062500000000015,1.375,48.23333333333333,-122.30833330000002
2008-06-25,2.2515517889159353,295.68750000000006,284.3,0.08750000000000001,281.23750000000007,0.5625,0.0092425,1.75,48.23333333333333,-122.30833330000002
2008-07-03,2.1791571457030536,295.1875,283.43749999999994,0.925,263.37500000000006,0.5687500000000001,0.00858625,2.1875,48.23333333333333,-122.30833330000002
2008-07-11,1.6420307168170218,295.575,282.78749999999997,0.0,311.7125,0.705,0.007738750000000001,1.3875000000000002,48.23333333333333,-122.30833330000002
2008-07-19,2.2158046448342748,294.3125,282.1375,0.0,267.825,0.6124999999999999,0.007526250000000002,1.2875,48.23333333333333,-122.30833330000002
2008-07-27,2.20802962073629,293.68749999999994,283.0,1.0,200.15,0.57,0.0077287499999999995,1.9875,48.23333333333333,-122.30833330000002
2008-08-04,2.0040326851114614,297.0125,285.1375,0.5,245.06250000000003,0.68875,0.00927375,1.6375,48.23333333333333,-122.30833330000002
2008-08-12,1.455079634404425,298.4875,286.95,1.0125000000000002,213.03750000000002,0.64125,0.01097375,1.85,48.23333333333333,-122.30833330000002
2008-08-20,1.004933040161021,294.21250000000003,283.25,6.2625,161.3375,0.55375,0.008127500000000001,3.05,48.23333333333333,-122.30833330000002
2008-08-28,1.9955241346203605,292.7,282.45,1.2,176.8375,0.4612500000000001,0.007825,2.0625,48.23333333333333,-122.30833330000002
2008-09-05,1.783604258852663,294.0125,282.975,0.0,196.8625,0.43625,0.00865875,1.6999999999999997,48.23333333333333,-122.30833330000002
2008-09-13,1.7479216164876643,294.1125,282.6,1.2000000000000002,189.75000000000003,0.39375,0.008905000000000001,1.4375,48.23333333333333,-122.30833330000002
2008-09-21,1.4596935762104777,291.09999999999997,281.5,1.7750000000000001,130.0,0.3325,0.0077025,2.3875,48.23333333333333,-122.30833330000002
2008-09-29,1.5577449500664733,290.3,280.29999999999995,4.525,101.275,0.27,0.007555000000000001,3.225,48.23333333333333,-122.30833330000002
2008-10-07,1.470565180883731,286.8,277.4625,1.9375,100.76249999999999,0.3025,0.00553625,2.6500000000000004,48.23333333333333,-122.30833330000002
2008-10-15,1.353381251245086,286.76250000000005,277.3875,1.6125,89.1625,0.235,0.005935000000000001,2.475,48.23333333333333,-122.30833330000002
2008-10-23,0.9615230385396285,286.3875,276.175,0.0625,85.82500000000002,0.235,0.0055925,1.7125000000000004,48.23333333333333,-122.30833330000002
2008-10-31,0.53436785927729,286.325,279.0625,11.7125,45.4125,0.22624999999999998,0.00616125,4.2625,48.23333333333333,-122.30833330000002
2008-11-08,0.3533812512450859,285.79999999999995,279.55,5.275,41.0375,0.19,0.006311250000000001,4.0125,48.23333333333333,-122.30833330000002
2008-11-16,0.41718392963864503,284.83750000000003,277.2875,1.225,56.050000000000004,0.21625,0.0054487500000000005,3.0874999999999995,48.23333333333333,-122.30833330000002
2008-11-24,1.162535560147441,283.5,276.5375,1.85,38.175000000000004,0.14750000000000002,0.005385000000000001,2.1125000000000003,48.23333333333333,-122.30833330000002
2008-12-02,1.1638026783935593,281.5375,275.9375,1.7625000000000002,36.5125,0.12875,0.004917500000000001,2.075,48.23333333333333,-122.30833330000002
2008-12-10,0.5447892864257634,277.05,270.45,4.65,40.7875,0.11250000000000002,0.0034875,3.4625,48.23333333333333,-122.30833330000002
2008-12-18,0.2895785728515267,274.2625,269.0875,4.4125000000000005,35.575,0.0825,0.002945,4.1625000000000005,48.23333333333333,-122.30833330000002
2008-12-26,0.10859196481932254,276.65000000000003,272.63333333333327,5.7,32.083333333333336,0.09000000000000001,0.003696666666666667,5.25,48.23333333333333,-122.30833330000002
2009-01-01,0.14478928642576336,279.3125,274.3625,12.5125,31.224999999999998,0.07625,0.0045962500000000005,5.1375,48.23333333333333,-122.30833330000002
2009-01-09,0.31718392963864506,280.6,275.1875,1.8,44.63750000000001,0.09999999999999999,0.0047725,2.775,48.23333333333333,-122.30833330000002
2009-01-17,0.44478928642576343,278.8125,271.85,0.0,68.1125,0.10249999999999998,0.00389375,1.7750000000000001,48.23333333333333,-122.30833330000002
2009-01-25,0.2533812512450859,278.5625,272.4375,0.7999999999999999,50.6375,0.12874999999999998,0.00379625,3.0625,48.23333333333333,-122.30833330000002
2009-02-02,0.38098660803220424,282.75,273.75,1.4125,74.41250000000001,0.19375,0.0044725,1.775,48.23333333333333,-122.30833330000002
2009-02-10,0.5447892864257634,281.525,273.13750000000005,0.4375,84.4,0.2275,0.0038787500000000003,2.7500000000000004,48.23333333333333,-122.30833330000002
2009-02-18,0.273661761459,283.125,274.0875,2.5625,87.06250000000001,0.18124999999999997,0.00469,2.6875,48.23333333333333,-122.30833330000002
2009-02-26,0.5085919648193226,282.4875,274.65000000000003,2.6750000000000003,102.65,0.2375,0.0043075000000000006,3.0375,48.23333333333333,-122.30833330000002
2009-03-06,0.5447892864257634,280.0875,271.41249999999997,1.3875000000000002,143.425,0.30374999999999996,0.00291125,2.4250000000000003,48.23333333333333,-122.30833330000002
2009-03-14,0.4533812512450859,282.7625,275.45,4.0625,91.77500000000002,0.23125,0.00449875,5.4625,48.23333333333333,-122.30833330000002
2009-03-22,0.373661761459,283.22499999999997,275.65000000000003,4.550000000000001,111.7,0.27,0.004405,2.6750000000000003,48.23333333333333,-122.30833330000002
2009-03-30,0.8447892864257635,285.3,275.95,5.45,143.5125,0.34124999999999994,0.0046412499999999995,2.6750000000000003,48.23333333333333,-122.30833330000002
2009-04-07,0.9257758944579677,286.62500000000006,277.45000000000005,2.85,149.78750000000002,0.32875,0.005320000000000001,2.8124999999999996,48.23333333333333,-122.30833330000002
2009-04-15,0.6872989329975959,288.8125,277.83750000000003,1.3875000000000002,204.58750000000003,0.4025,0.0056812500000000005,2.0625,48.23333333333333,-122.30833330000002
2009-04-23,1.2184510478847634,288.5375,277.13750000000005,0.47500000000000003,241.80000000000004,0.4675,0.005036250000000001,1.5250000000000001,48.23333333333333,-122.30833330000002
2009-05-01,1.4153544673094942,288.61249999999995,278.6375,6.125,202.125,0.43000000000000005,0.005577500000000001,4.0875,48.23333333333333,-122.30833330000002
2009-05-09,1.5425930609000547,289.4125,278.1,2.3875,231.0,0.42125,0.005833750000000001,1.9125,48.23333333333333,-122.30833330000002
2009-05-17,1.9787069681782736,291.925,280.5625,1.6750000000000003,271.52500000000003,0.545,0.006573750000000001,1.625,48.23333333333333,-122.30833330000002
2009-05-25,1.4031035778318703,294.025,282.13750000000005,0.15000000000000002,287.0125,0.5912499999999999,0.00757,1.6625,48.23333333333333,-122.30833330000002
2009-06-02,1.9103639226884122,296.07500000000005,284.26250000000005,0.0,283.9,0.675,0.008570000000000001,1.8000000000000003,48.23333333333333,-122.30833330000002
2009-06-10,2.3958908978169187,295.075,284.075,0.1375,265.55,0.615,0.00836125,1.2875,48.23333333333333,-122.30833330000002
2009-06-18,1.785469470668445,292.9125,283.0,1.5250000000000001,228.02500000000003,0.5837500000000001,0.007281250000000001,1.825,48.23333333333333,-122.30833330000002
2009-06-26,1.7605939312600376,295.1375,282.075,0.0,324.0,0.76125,0.00705375,2.1250000000000004,48.23333333333333,-122.30833330000002
2009-07-04,1.2770730867355968,296.5375,284.3375,0.36250000000000004,253.60000000000002,0.7400000000000001,0.008506250000000002,1.9375,48.23333333333333,-122.30833330000002
2009-07-12,2.2153544673094943,297.43750000000006,285.3,0.6625,269.425,0.7775000000000001,0.009007500000000002,1.7374999999999998,48.23333333333333,-122.30833330000002
2009-07-20,2.106762502490172,299.7125,286.22499999999997,0.3625,299.725,0.89125,0.0099225,1.3875000000000002,48.23333333333333,-122.30833330000002
2009-07-28,2.070565180883731,301.2,288.025,0.0,300.775,0.8350000000000002,0.011968750000000002,1.5,48.23333333333333,-122.30833330000002
2009-08-05,1.5161714080308326,295.06250000000006,284.75,1.9375,193.51250000000002,0.53,0.009061250000000002,1.6,48.23333333333333,-122.30833330000002
2009-08-13,1.6511016113911552,296.5875,284.75,0.7875000000000001,230.2875,0.625,0.009361250000000002,1.4875,48.23333333333333,-122.30833330000002
2009-08-21,0.5387315580986776,295.4,283.61249999999995,0.0,222.2375,0.665,0.00812125,1.6125,48.23333333333333,-122.30833330000002
2009-08-29,1.547323522918,295.5125,284.6375,1.2375,192.66250000000002,0.53,0.009267500000000001,1.8250000000000002,48.23333333333333,-122.30833330000002
2009-09-06,1.7791571457030537,294.3,283.5375,2.825,168.95000000000002,0.4075,0.009187500000000001,2.5749999999999997,48.23333333333333,-122.30833330000002
2009-09-14,1.7541981919664242,294.9375,284.0375,2.2,168.01250000000002,0.51125,0.008935000000000002,1.825,48.23333333333333,-122.30833330000002
2009-09-22,1.7705651808837308,293.9875,281.4375,1.4375,172.0625,0.525,0.007825,2.1125000000000003,48.23333333333333,-122.30833330000002
2009-09-30,0.9044828626362411,288.9375,279.65,1.35,132.76250000000002,0.4,0.006073750000000001,2.6125,48.23333333333333,-122.30833330000002
2009-10-08,1.4343678592772902,287.65,278.3125,2.3875,105.83749999999999,0.36000000000000004,0.00564125,3.1125000000000003,48.23333333333333,-122.30833330000002
2009-10-16,0.8153544673094943,288.475,281.0625,11.8,70.80000000000001,0.20875,0.007398750000000001,3.2875,48.23333333333333,-122.30833330000002
2009-10-24,0.39817053767084926,286.11249999999995,278.68750000000006,6.887500000000001,66.37500000000001,0.23625000000000002,0.005975,3.5625,48.23333333333333,-122.30833330000002
2009-11-01,0.39817053767084926,284.8375,277.83750000000003,4.0125,68.7375,0.18125,0.005752500000000001,4.3500000000000005,48.23333333333333,-122.30833330000002
2009-11-09,0.7809866080322043,283.225,277.66249999999997,8.575000000000001,50.025,0.1375,0.005566250000000001,7.050000000000001,48.23333333333333,-122.30833330000002
2009-11-17,0.6981705376708494,283.125,277.6625,8.1125,37.03750000000001,0.10999999999999999,0.005711250000000001,7.4375,48.23333333333333,-122.30833330000002
2009-11-25,1.456477831820355,283.45000000000005,276.9625,3.8875,42.75,0.12625,0.005615000000000001,3.8250000000000006,48.23333333333333,-122.30833330000002
2009-12-03,1.5,276.55,268.3625,0.0,62.0625,0.22749999999999998,0.00239,2.3500000000000005,48.23333333333333,-122.30833330000002
2009-12-11,0.6981705376708494,279.325,272.20000000000005,1.4875,35.0375,0.14125000000000001,0.00390125,3.7000000000000006,48.23333333333333,-122.30833330000002
2009-12-19,1.2085919648193229,279.95,272.325,3.8874999999999997,39.462500000000006,0.14125000000000004,0.004030000000000001,1.9125,48.23333333333333,-122.30833330000002
2009-12-27,0.36197321606440835,279.98,272.64,1.12,37.28000000000001,0.146,0.003974,3.1399999999999997,48.23333333333333,-122.30833330000002
2010-01-01,0.18098660803220418,282.49999999999994,277.0875,6.025,33.762499999999996,0.19999999999999998,0.004923749999999999,3.8750000000000004,48.23333333333333,-122.30833330000002
2010-01-09,0.4598891570969518,285.47499999999997,278.43750000000006,2.9125000000000005,39.150000000000006,0.25125000000000003,0.005695000000000001,6.487500000000002,48.23333333333333,-122.30833330000002
2010-01-17,0.2895785728515267,285.82500000000005,276.825,0.65,57.81250000000001,0.28250000000000003,0.00532,4.6375,48.23333333333333,-122.30833330000002
2010-01-25,0.4809866080322043,283.9125,276.41249999999997,1.2750000000000001,51.075,0.19875000000000004,0.005177500000000001,2.3499999999999996,48.23333333333333,-122.30833330000002
2010-02-02,0.6090421423441026,285.2625,276.2875,0.7375,72.2,0.24749999999999997,0.005242500000000001,2.1750000000000003,48.23333333333333,-122.30833330000002
2010-02-10,0.5809866080322043,284.3625,277.09999999999997,3.2375,64.42500000000001,0.20875,0.005360000000000001,5.275,48.23333333333333,-122.30833330000002
2010-02-18,0.8085919648193226,285.9,274.4125,0.5625,100.7,0.31250000000000006,0.00473375,2.6375,48.23333333333333,-122.30833330000002
2010-02-26,0.6809866080322041,286.90000000000003,278.16249999999997,0.7875000000000001,93.11250000000001,0.32375,0.00559625,2.7,48.23333333333333,-122.30833330000002
2010-03-06,1.0361973216064408,283.2625,274.48749999999995,1.8875000000000002,115.5875,0.23875,0.00447625,5.100000000000001,48.23333333333333,-122.30833330000002
2010-03-14,0.5461398190001034,287.7125,275.92500000000007,1.275,132.26250000000002,0.41250000000000003,0.0049900000000000005,3.65,48.23333333333333,-122.30833330000002
2010-03-22,0.9171839296386451,287.0875,278.3875,3.1624999999999996,143.075,0.39375000000000004,0.005348750000000001,4.1125,48.23333333333333,-122.30833330000002
2010-03-30,1.1015585966822463,284.4875,277.6875,2.575,154.81250000000003,0.32375,0.004758750000000001,5.55,48.23333333333333,-122.30833330000002
2010-04-07,1.1970388522481834,286.03749999999997,276.875,1.4875,154.3625,0.32625,0.0050925,3.1875,48.23333333333333,-122.30833330000002
2010-04-15,1.4416927058504942,290.01250000000005,279.6,2.875,171.1125,0.39249999999999996,0.006633750000000001,2.3875,48.23333333333333,-122.30833330000002
2010-04-23,1.7012671182461183,288.22499999999997,279.9,3.3875,161.72500000000002,0.43125,0.005725000000000001,3.1375,48.23333333333333,-122.30833330000002
2010-05-01,1.6958908978169185,286.59999999999997,277.3,1.85,209.21250000000003,0.34375,0.0052475,2.6999999999999997,48.23333333333333,-122.30833330000002
2010-05-09,2.0429598240966125,291.3,278.925,0.0,280.06250000000006,0.4475,0.006581250000000001,1.475,48.23333333333333,-122.30833330000002
2010-05-17,1.6605939312600377,290.15,281.05,1.8125,241.9875,0.47875000000000006,0.0064175000000000005,4.075000000000001,48.23333333333333,-122.30833330000002
2010-05-25,1.2127080642590053,288.6375,282.38750000000005,10.049999999999999,141.375,0.3125,0.00716,2.6000000000000005,48.23333333333333,-122.30833330000002
2010-06-02,1.9627901567857469,291.18749999999994,282.375,5.025,194.96250000000003,0.46875000000000006,0.00710625,2.1375,48.23333333333333,-122.30833330000002
2010-06-10,2.2778900274569356,290.5875,281.4375,1.0,219.2375,0.39,0.0071712500000000005,2.15,48.23333333333333,-122.30833330000002
2010-06-18,2.1791571457030536,292.65000000000003,284.0375000000001,0.42500000000000004,204.73749999999998,0.42500000000000004,0.008521250000000001,1.625,48.23333333333333,-122.30833330000002
2010-06-26,1.6135250049803438,291.975,283.1125,0.375,205.78750000000002,0.46124999999999994,0.0076725000000000005,1.7000000000000002,48.23333333333333,-122.30833330000002
2010-07-04,1.9963410753416988,297.725,284.78749999999997,0.0,289.0,0.715,0.009770000000000001,1.475,48.23333333333333,-122.30833330000002
2010-07-12,1.3207664372253258,294.825,283.25,0.037500000000000006,304.9875,0.59625,0.0081775,1.4250000000000003,48.23333333333333,-122.30833330000002
2010-07-20,1.487275666732396,298.1375,283.875,0.0,287.0,0.7274999999999999,0.009322500000000001,1.5,48.23333333333333,-122.30833330000002
2010-07-28,1.459526747554034,296.1875,284.52500000000003,0.0,284.725,0.51,0.00972625,1.425,48.23333333333333,-122.30833330000002
2010-08-05,1.9936714060260097,294.0,285.4625,1.4500000000000002,202.05,0.37875000000000003,0.00980375,1.1625,48.23333333333333,-122.30833330000002
2010-08-13,1.987749110522376,299.4375,285.45000000000005,0.0,273.3125,0.8337500000000002,0.010217500000000001,1.8124999999999998,48.23333333333333,-122.30833330000002
2010-08-21,1.6791571457030536,294.42499999999995,282.0375,0.625,235.60000000000002,0.52625,0.00820875,1.9000000000000001,48.23333333333333,-122.30833330000002
2010-08-29,1.5149042897847143,292.77500000000003,282.5875,2.8875,199.47500000000002,0.47500000000000003,0.007871250000000002,2.125,48.23333333333333,-122.30833330000002
2010-09-06,1.2325383969481392,290.84999999999997,284.9,2.5250000000000004,116.95000000000002,0.37125,0.008235,1.7375000000000003,48.23333333333333,-122.30833330000002
2010-09-14,1.8615230385396284,292.73749999999995,285.8875,5.0375000000000005,148.56250000000003,0.39375000000000004,0.0092525,2.2,48.23333333333333,-122.30833330000002
2010-09-22,0.6963616881309218,292.8125,284.5875,2.375,125.02499999999999,0.3875,0.009025,4.075,48.23333333333333,-122.30833330000002
2010-09-30,1.7429598240966127,291.4375,281.4875,0.0,124.425,0.27499999999999997,0.0082225,1.6,48.23333333333333,-122.30833330000002
2010-10-08,1.2787069681782737,290.05,280.0625,2.225,98.76250000000002,0.26749999999999996,0.0074825000000000004,3.2124999999999995,48.23333333333333,-122.30833330000002
2010-10-16,1.6533812512450858,288.28749999999997,277.18749999999994,1.2125000000000001,99.55,0.225,0.00650125,2.575,48.23333333333333,-122.30833330000002
2010-10-24,0.9153544673094942,285.825,280.4875,3.3000000000000003,56.0375,0.18125,0.006597500000000001,5.4125,48.23333333333333,-122.30833330000002
2010-11-01,1.1809866080322042,288.3625,279.8375,5.550000000000001,62.3875,0.32500000000000007,0.006478750000000001,2.75,48.23333333333333,-122.30833330000002
2010-11-09,1.1809866080322042,284.08750000000003,278.3625,3.5000000000000004,41.525,0.17875,0.0056975,3.1875000000000004,48.23333333333333,-122.30833330000002
2010-11-17,0.6067625024901717,276.35,270.16249999999997,3.1125000000000003,36.925,0.075,0.00360375,5.2,48.23333333333333,-122.30833330000002
2010-11-25,0.7087273976427749,280.1375,274.3375,2.1875,33.337500000000006,0.15375,0.00420125,5.0375000000000005,48.23333333333333,-122.30833330000002
2010-12-03,1.2895785728515268,282.83750000000003,275.46250000000003,2.9125,41.7875,0.21625,0.00469,4.0875,48.23333333333333,-122.30833330000002
2010-12-11,1.217183929638645,282.8875,276.55,5.475,40.775000000000006,0.21000000000000002,0.004901250000000001,5.75,48.23333333333333,-122.30833330000002
2010-12-19,0.7705651808837309,283.1375,277.32500000000005,1.9875000000000003,36.00000000000001,0.25,0.0048425000000000004,7.3500000000000005,48.23333333333333,-122.30833330000002
2010-12-27,0.2895785728515267,278.18,271.82,0.8200000000000001,49.88,0.20600000000000002,0.0032280000000000004,4.380000000000001,48.23333333333333,-122.30833330000002
2011-01-01,0.14478928642576336,278.5375,271.9875,5.2,37.03750000000001,0.13874999999999998,0.0036662500000000002,3.1,48.23333333333333,-122.30833330000002
2011-01-09,0.3533812512450859,280.25,274.075,8.112499999999999,29.437500000000004,0.14750000000000002,0.0042987500000000005,5.1000000000000005,48.23333333333333,-122.30833330000002
2011-01-17,0.2895785728515267,281.47499999999997,275.2125,8.05,36.075,0.13125,0.00477625,2.4875000000000003,48.23333333333333,-122.30833330000002
2011-01-25,0.2895785728515267,281.9,275.1125,0.3375,49.8875,0.1475,0.004763750000000001,2.3375000000000004,48.23333333333333,-122.30833330000002
2011-02-02,0.4809866080322043,282.2,275.1125,3.675,46.987500000000004,0.19999999999999998,0.004505000000000001,2.5625000000000004,48.23333333333333,-122.30833330000002
2011-02-10,0.4883114546054085,282.15,274.4375,4.5125,61.325,0.1925,0.004438750000000001,5.2875000000000005,48.23333333333333,-122.30833330000002
2011-02-18,0.5171839296386451,279.275,271.1,2.625,91.2375,0.24,0.0031037500000000006,3.6000000000000005,48.23333333333333,-122.30833330000002
2011-02-26,0.42532571693318755,280.58750000000003,272.28749999999997,3.8625,77.72500000000001,0.20875,0.0037325,6.0249999999999995,48.23333333333333,-122.30833330000002
2011-03-06,0.5809866080322043,283.625,275.46250000000003,5.925000000000001,82.42499999999998,0.2425,0.00464375,5.5,48.23333333333333,-122.30833330000002
2011-03-14,0.6447892864257634,284.225,275.9125,6.4750000000000005,117.3375,0.2575,0.0047887500000000005,5.1000000000000005,48.23333333333333,-122.30833330000002
2011-03-22,0.5926751534267958,285.1625,276.2875,1.8375000000000001,144.15,0.28875000000000006,0.0049,3.5250000000000004,48.23333333333333,-122.30833330000002
2011-03-30,0.5257758944579676,285.3625,276.98749999999995,9.125,103.1625,0.25625,0.00530375,3.825,48.23333333333333,-122.30833330000002
2011-04-07,1.0723946432128817,285.1875,276.325,3.5125,147.4125,0.28375000000000006,0.0049525,3.9875000000000003,48.23333333333333,-122.30833330000002
2011-04-15,1.053381251245086,285.025,275.7375,1.85,182.87500000000003,0.34125,0.004463750000000001,2.1750000000000003,48.23333333333333,-122.30833330000002
2011-04-23,1.0787069681782733,286.6,276.9125,3.5375,205.125,0.305,0.005340000000000001,2.9,48.23333333333333,-122.30833330000002
2011-05-01,1.4862506619031517,286.9625,278.4125,4.137500000000001,177.48750000000004,0.30124999999999996,0.005741250000000001,1.7,48.23333333333333,-122.30833330000002
2011-05-09,0.7134811259259204,288.475,279.20000000000005,5.7749999999999995,184.36249999999998,0.32000000000000006,0.006282500000000001,2.7625,48.23333333333333,-122.30833330000002
2011-05-17,2.2343678592772904,289.8375,279.8125,0.7000000000000001,246.425,0.44125000000000003,0.006185,1.575,48.23333333333333,-122.30833330000002
2011-05-25,1.2859196481932251,289.6125,279.9875,2.6250000000000004,216.90000000000003,0.385,0.0064825,2.1750000000000003,48.23333333333333,-122.30833330000002
2011-06-02,2.0791571457030535,292.675,282.0375,1.1875000000000002,254.97500000000002,0.46875,0.007677499999999999,1.9875000000000003,48.23333333333333,-122.30833330000002
2011-06-10,1.4687357185545802,291.82500000000005,282.45000000000005,1.3125,228.5625,0.46875,0.0073575,1.4125000000000003,48.23333333333333,-122.30833330000002
2011-06-18,1.554281606294646,292.2625,282.59999999999997,1.6250000000000002,199.9875,0.42125,0.007907500000000001,1.2750000000000001,48.23333333333333,-122.30833330000002
2011-06-26,2.370565180883731,292.9875,282.6375,1.3625000000000003,213.8625,0.44375000000000003,0.008091250000000001,1.775,48.23333333333333,-122.30833330000002
2011-07-04,2.4067625024901718,294.5125,282.7,0.4375,281.77500000000003,0.5862499999999999,0.00793875,1.5875000000000001,48.23333333333333,-122.30833330000002
2011-07-12,1.4664560787006493,293.5875,283.4375,2.4375,189.21250000000003,0.44375,0.0085275,2.1375000000000006,48.23333333333333,-122.30833330000002
2011-07-20,2.370565180883731,294.075,283.52500000000003,1.125,219.57500000000002,0.49250000000000005,0.00850625,1.5375,48.23333333333333,-122.30833330000002
2011-07-28,1.8890996430967164,295.66249999999997,283.88750000000005,0.275,263.1,0.53125,0.00912375,1.4375,48.23333333333333,-122.30833330000002
2011-08-05,1.9415805392922418,295.4375,284.2125,0.0,250.87500000000006,0.53625,0.009047500000000002,1.0625,48.23333333333333,-122.30833330000002
2011-08-13,1.8542528540646155,295.225,283.61249999999995,0.0,248.4,0.55375,0.008697500000000002,1.4125,48.23333333333333,-122.30833330000002
2011-08-21,2.4153544673094944,296.7125,284.5,0.9500000000000001,225.8125,0.46375000000000005,0.0102725,1.875,48.23333333333333,-122.30833330000002
2011-08-29,1.9963410753416988,293.88750000000005,282.0125,0.0,217.26250000000002,0.43250000000000005,0.00841625,1.675,48.23333333333333,-122.30833330000002
2011-09-06,1.7596935762104775,295.9875,283.53749999999997,0.0,219.85000000000002,0.42374999999999996,0.009851250000000002,1.5375,48.23333333333333,-122.30833330000002
2011-09-14,1.9343678592772902,292.73749999999995,281.96250000000003,0.825,151.7375,0.36124999999999996,0.00834375,1.8625000000000003,48.23333333333333,-122.30833330000002
2011-09-22,1.8619732160644085,294.2625,282.31250000000006,2.575,132.025,0.45625,0.008695,4.7875000000000005,48.23333333333333,-122.30833330000002
2011-09-30,1.13481803680207,288.88750000000005,280.76249999999993,2.1625000000000005,84.2625,0.20875,0.00746,2.6500000000000004,48.23333333333333,-122.30833330000002
2011-10-08,0.7995210702451894,288.3875,279.8875,1.7750000000000001,96.225,0.22125,0.00702625,3.4250000000000003,48.23333333333333,-122.30833330000002
2011-10-16,1.189578572851527,288.3875,279.4625,2.7125000000000004,90.775,0.19874999999999998,0.00706,2.1500000000000004,48.23333333333333,-122.30833330000002
2011-10-24,0.7977203601460693,286.325,278.2625,2.7125,69.2,0.20374999999999996,0.006118750000000001,2.2375000000000003,48.23333333333333,-122.30833330000002
2011-11-01,0.7533812512450859,283.67499999999995,275.84999999999997,1.8125,72.6875,0.21874999999999997,0.00489125,2.6125000000000003,48.23333333333333,-122.30833330000002
2011-11-09,0.53346750422773,283.38750000000005,276.1625,3.9250000000000007,49.475,0.20625000000000002,0.0049475000000000005,3.5125,48.23333333333333,-122.30833330000002
2011-11-17,0.583947755784021,281.0125,274.475,12.675,44.28750000000001,0.15125,0.004455000000000001,4.825000000000001,48.23333333333333,-122.30833330000002
2011-11-25,0.617183929638645,282.1625,275.575,3.6250000000000004,46.0125,0.14875,0.00488625,4.1375,48.23333333333333,-122.30833330000002
2011-12-03,1.5447892864257635,279.1875,272.6125,0.0625,55.86250000000001,0.10375,0.0040625,1.4125,48.23333333333333,-122.30833330000002
2011-12-11,0.6619732160644084,279.65000000000003,273.7375,0.8375000000000001,38.300000000000004,0.12125,0.00422375,1.8375000000000001,48.23333333333333,-122.30833330000002
2011-12-19,1.2085919648193229,280.5375,274.16249999999997,1.0250000000000001,38.337500000000006,0.08124999999999999,0.0047150000000000004,3.6125000000000003,48.23333333333333,-122.30833330000002
2011-12-27,0.36197321606440835,281.54,275.68,4.960000000000001,32.14,0.094,0.005084,5.440000000000001,48.23333333333333,-122.30833330000002
2012-01-01,0.21718392963864508,282.04999999999995,275.2125,2.8125000000000004,35.5625,0.17124999999999999,0.004660000000000001,5.55,48.23333333333333,-122.30833330000002
2012-01-09,0.8361973216064409,279.675,272.65000000000003,1.3625,49.675,0.16874999999999998,0.0038012500000000004,2.8875,48.23333333333333,-122.30833330000002
2012-01-17,0.5171839296386451,278.225,272.225,5.362500000000001,34.599999999999994,0.1225,0.0037225000000000005,5.925,48.23333333333333,-122.30833330000002
2012-01-25,0.1853503068535916,281.35,275.0625,6.6625,48.72500000000001,0.16,0.00455375,4.262499999999999,48.23333333333333,-122.30833330000002
2012-02-02,0.7723946432128818,282.9625,274.25,0.65,68.8,0.2,0.00455875,2.025,48.23333333333333,-122.30833330000002
2012-02-10,0.32577589445796756,282.41249999999997,275.7125,3.4875,50.5875,0.15000000000000002,0.00495,2.7875000000000005,48.23333333333333,-122.30833330000002
2012-02-18,0.7361973216064409,282.3,275.25000000000006,11.8125,61.62500000000001,0.18374999999999997,0.00463375,4.3375,48.23333333333333,-122.30833330000002
2012-02-26,0.7000000000000001,280.95,272.9125,3.575,89.825,0.22249999999999998,0.00378125,3.9250000000000007,48.23333333333333,-122.30833330000002
2012-03-05,0.7085919648193226,283.1875,274.5625,4.15,109.15000000000002,0.25375000000000003,0.0043212500000000004,4.8125,48.23333333333333,-122.30833330000002
2012-03-13,0.5723946432128817,282.25,274.16249999999997,7.300000000000001,99.4625,0.24750000000000003,0.004065000000000001,5.512499999999999,48.23333333333333,-122.30833330000002
2012-03-21,0.756928009345135,284.4875,275.375,1.1875,148.90000000000003,0.28500000000000003,0.00460625,3.3375,48.23333333333333,-122.30833330000002
2012-03-29,0.9891283953267468,284.6875,276.31249999999994,7.900000000000001,130.9875,0.24,0.005072500000000001,3.8249999999999997,48.23333333333333,-122.30833330000002
2012-04-06,0.22437334338839698,287.525,277.32500000000005,2.1375,181.72500000000002,0.31875000000000003,0.005645,1.6000000000000003,48.23333333333333,-122.30833330000002
2012-04-14,1.4288724750332367,287.8375,278.0375,4.675000000000001,176.11250000000004,0.31875000000000003,0.00586125,2.4625,48.23333333333333,-122.30833330000002
2012-04-22,1.7098590830654412,288.4625,279.5,3.3375000000000004,148.4875,0.27749999999999997,0.0066212499999999995,2.9125,48.23333333333333,-122.30833330000002
2012-04-30,1.7895785728515268,287.5125,278.34999999999997,7.7875000000000005,195.3,0.3325,0.0057425,2.425,48.23333333333333,-122.30833330000002
2012-05-08,1.8605939312600377,290.76250000000005,279.75,0.0,308.32500000000005,0.4675,0.0064125,2.4125,48.23333333333333,-122.30833330000002
2012-05-16,1.6949905427673586,289.75,280.4,2.4250000000000003,231.3,0.37875000000000003,0.006642500000000001,2.7624999999999997,48.23333333333333,-122.30833330000002
2012-05-24,2.387749110522376,290.8125,280.90000000000003,2.3250000000000006,226.54999999999998,0.39999999999999997,0.007058750000000001,1.6875000000000002,48.23333333333333,-122.30833330000002
2012-06-01,1.860960694456596,289.675,280.375,2.4625000000000004,164.70000000000002,0.33999999999999997,0.0068325,2.6625,48.23333333333333,-122.30833330000002
2012-06-09,2.299437655916968,291.41249999999997,281.34999999999997,1.6,218.85000000000002,0.4225,0.007251250000000001,1.55,48.23333333333333,-122.30833330000002
2012-06-17,2.141130361767462,291.75,282.33750000000003,4.9125000000000005,177.48750000000004,0.37374999999999997,0.007930000000000001,1.725,48.23333333333333,-122.30833330000002
2012-06-25,2.3958908978169187,292.975,282.9125,2.4125000000000005,197.425,0.4325,0.00820125,1.7000000000000002,48.23333333333333,-122.30833330000002
2012-07-03,2.004933040161021,295.15,283.43750000000006,2.05,300.425,0.4950000000000001,0.00905125,1.5125,48.23333333333333,-122.30833330000002
2012-07-11,1.8768775058491227,297.1625,285.2,0.675,280.15000000000003,0.475,0.010623750000000001,1.5625000000000002,48.23333333333333,-122.30833330000002
2012-07-19,2.7511016113911553,294.625,284.2125,2.8125000000000004,226.40000000000003,0.40750000000000003,0.009493750000000002,2.1125000000000003,48.23333333333333,-122.30833330000002
2012-07-27,2.523496254604037,295.3125,284.71250000000003,0.0,219.03750000000002,0.46125000000000005,0.009595000000000003,1.35,48.23333333333333,-122.30833330000002
2012-08-04,1.6381459477504454,298.0,285.85,0.1125,276.01250000000005,0.44749999999999995,0.01149125,1.7375,48.23333333333333,-122.30833330000002
2012-08-12,0.6891722743811699,298.54999999999995,285.85,0.0,264.625,0.5175,0.01135625,1.6625,48.23333333333333,-122.30833330000002
2012-08-20,1.7818241615427661,295.4125,283.3875,0.0625,209.2375,0.53125,0.0089075,1.85,48.23333333333333,-122.30833330000002
2012-08-28,2.2713821216050696,293.2875,282.34999999999997,0.0,197.6125,0.4325,0.00819875,1.7000000000000002,48.23333333333333,-122.30833330000002
2012-09-05,1.1338055151942579,294.32500000000005,282.1375,0.725,214.9375,0.43750000000000006,0.0086275,2.0250000000000004,48.23333333333333,-122.30833330000002
2012-09-13,1.1135250049803436,294.19999999999993,281.46250000000003,0.0,204.45000000000002,0.42125,0.008481250000000001,1.4500000000000002,48.23333333333333,-122.30833330000002
2012-09-21,1.6692980626376126,292.92499999999995,281.88750000000005,0.1,162.93750000000003,0.3775,0.008255,1.3000000000000003,48.23333333333333,-122.30833330000002
2012-09-29,1.6140873490633763,290.65000000000003,280.03749999999997,0.0,157.01250000000002,0.40375000000000005,0.0067800000000000004,2.225,48.23333333333333,-122.30833330000002
2012-10-07,1.170565180883731,289.3500000000001,279.3625,3.3,103.5625,0.30500000000000005,0.006745,2.6375,48.23333333333333,-122.30833330000002
2012-10-15,1.1257758944579677,287.3375,278.6,7.2875,76.82500000000002,0.22625,0.0064025,3.3125,48.23333333333333,-122.30833330000002
2012-10-23,0.7257758944579675,286.575,278.4375,6.475000000000001,57.099999999999994,0.21,0.006235,2.8000000000000003,48.23333333333333,-122.30833330000002
2012-10-31,0.8085919648193226,286.9,280.5,5.512499999999999,44.225,0.1325,0.007181250000000001,3.7875,48.23333333333333,-122.30833330000002
2012-11-08,1.0085919648193227,283.5,276.32500000000005,2.6500000000000004,58.75000000000001,0.19375,0.0050825,2.6250000000000004,48.23333333333333,-122.30833330000002
2012-11-16,0.4705651808837309,284.0625,277.325,10.9,37.75000000000001,0.1325,0.005747500000000001,6.800000000000001,48.23333333333333,-122.30833330000002
2012-11-24,0.6809866080322041,283.125,276.7375,3.3625,43.1625,0.1275,0.005445,3.8375000000000004,48.23333333333333,-122.30833330000002
2012-12-02,0.7895785728515267,282.08750000000003,276.6875,5.2124999999999995,37.9625,0.1625,0.0049675000000000006,5.4625,48.23333333333333,-122.30833330000002
2012-12-10,0.6257758944579677,281.1875,275.6625,4.800000000000001,32.837500000000006,0.115,0.004855,4.375,48.23333333333333,-122.30833330000002
2012-12-18,1.1447892864257634,280.6625,274.81250000000006,7.8375,33.737500000000004,0.125,0.00455625,6.1000000000000005,48.23333333333333,-122.30833330000002
2012-12-26,0.2533812512450859,280.15000000000003,274.4166666666667,1.8333333333333337,33.233333333333334,0.09999999999999999,0.004541666666666667,2.35,48.23333333333333,-122.30833330000002
2013-01-01,0.36197321606440835,280.33750000000003,273.8625,3.8625,37.5125,0.13,0.00432875,3.2,48.23333333333333,-122.30833330000002
2013-01-09,1.508591964819323,278.725,272.44999999999993,5.074999999999999,46.337500000000006,0.16125,0.0036312500000000004,2.2375000000000003,48.23333333333333,-122.30833330000002
2013-01-17,0.4533812512450859,278.46250000000003,271.475,1.625,61.95,0.12,0.0036850000000000003,1.825,48.23333333333333,-122.30833330000002
2013-01-25,0.4533812512450859,280.9125,275.17499999999995,7.812500000000001,38.2625,0.14,0.0045725,2.375,48.23333333333333,-122.30833330000002
2013-02-02,0.6090421423441026,282.25,274.67499999999995,1.8750000000000002,63.387499999999996,0.18,0.004555,3.6250000000000004,48.23333333333333,-122.30833330000002
2013-02-10,0.32577589445796756,282.77500000000003,275.7375,2.5125,61.800000000000004,0.16999999999999998,0.0049075,1.8250000000000002,48.23333333333333,-122.30833330000002
2013-02-18,0.6447892864257634,282.46250000000003,274.7,1.5875000000000004,66.10000000000001,0.2,0.00448375,4.300000000000001,48.23333333333333,-122.30833330000002
2013-02-26,0.5533812512450859,284.4375,275.7375,2.7125000000000004,86.91250000000001,0.245,0.00490625,3.775,48.23333333333333,-122.30833330000002
2013-03-06,0.7447892864257635,284.3125,276.025,2.15,92.2375,0.22,0.005075,2.25,48.23333333333333,-122.30833330000002
2013-03-14,0.8171839296386452,285.29999999999995,276.5625,5.5,120.60000000000001,0.29625,0.004995,3.8875,48.23333333333333,-122.30833330000002
2013-03-22,1.236197321606441,285.3625,276.12500000000006,1.0125,151.83750000000003,0.33125,0.00473375,1.6125000000000003,48.23333333333333,-122.30833330000002
2013-03-30,1.3809866080322046,284.925,276.1,2.725,150.25,0.23124999999999998,0.00518625,3.1750000000000003,48.23333333333333,-122.30833330000002
2013-04-07,1.4343678592772902,285.425,276.775,7.25,135.8875,0.265,0.005241250000000001,2.8874999999999997,48.23333333333333,-122.30833330000002
2013-04-15,2.0257758944579676,286.48749999999995,277.47499999999997,6.375,155.43750000000003,0.27749999999999997,0.00559125,2.1,48.23333333333333,-122.30833330000002
2013-04-23,0.7134811259259204,289.05,278.7,1.425,216.6125,0.41500000000000004,0.0058625000000000005,2.0,48.23333333333333,-122.30833330000002
2013-05-01,2.014904289784714,292.4875,280.325,0.0,299.31250000000006,0.47875,0.007212500000000001,2.075,48.23333333333333,-122.30833330000002
2013-05-09,2.1515517889159352,292.5625,282.3875,1.7375000000000003,235.31250000000003,0.37374999999999997,0.008311250000000001,1.8375000000000001,48.23333333333333,-122.30833330000002
2013-05-17,1.378594801620021,290.075,280.74999999999994,3.6125,190.70000000000002,0.36625,0.00691875,1.7375000000000003,48.23333333333333,-122.30833330000002
2013-05-25,1.6460564046718817,289.54999999999995,280.72499999999997,2.9125,169.7125,0.32625000000000004,0.006956250000000001,2.4750000000000005,48.23333333333333,-122.30833330000002
2013-06-02,2.3429598240966127,294.4375,283.4125,0.0,263.825,0.5512499999999999,0.00829,1.7375000000000003,48.23333333333333,-122.30833330000002
2013-06-10,1.884202352422327,292.93750000000006,282.4125,0.08750000000000001,228.8,0.5050000000000001,0.007635000000000001,1.9625000000000001,48.23333333333333,-122.30833330000002
2013-06-18,2.227043012704086,293.225,283.825,3.6875,190.48749999999998,0.45875,0.008395000000000001,2.0124999999999997,48.23333333333333,-122.30833330000002
2013-06-26,2.663690511835307,296.95,286.1,1.1375,258.48749999999995,0.4975,0.010782500000000002,1.9375000000000002,48.23333333333333,-122.30833330000002
2013-07-04,2.107189413749752,296.22499999999997,284.725,0.0,305.88750000000005,0.5175000000000001,0.009749999999999998,1.6625,48.23333333333333,-122.30833330000002
2013-07-12,2.3938068388494615,296.62499999999994,284.175,0.15000000000000002,294.26250000000005,0.625,0.009172500000000002,1.8500000000000003,48.23333333333333,-122.30833330000002
2013-07-20,2.1361685693764105,297.7125,285.2375,0.0,311.83750000000003,0.52625,0.010623750000000001,1.625,48.23333333333333,-122.30833330000002
2013-07-28,1.294511613012548,296.99999999999994,284.6375,1.5875000000000001,263.9,0.52,0.0101025,1.4124999999999999,48.23333333333333,-122.30833330000002
2013-08-05,2.2262260719827474,298.5625,286.05,0.4,272.84999999999997,0.5525,0.011207500000000002,1.6,48.23333333333333,-122.30833330000002
2013-08-13,1.7343678592772902,297.5,285.425,0.4,214.2,0.5750000000000001,0.010312500000000002,1.8125,48.23333333333333,-122.30833330000002
2013-08-21,1.1745621165085602,297.0125,284.41249999999997,0.47500000000000003,211.4375,0.6387499999999999,0.009347500000000002,2.1125000000000003,48.23333333333333,-122.30833330000002
2013-08-29,1.5949905427673585,296.79999999999995,285.33750000000003,4.812500000000001,204.325,0.46,0.01056375,1.9625000000000004,48.23333333333333,-122.30833330000002
2013-09-06,1.7149042897847142,296.48749999999995,285.2125,4.2375,180.5,0.34625000000000006,0.01106125,1.4250000000000003,48.23333333333333,-122.30833330000002
2013-09-14,1.8257758944579678,294.46250000000003,283.8,0.35000000000000003,154.3,0.315,0.009865,1.4625000000000001,48.23333333333333,-122.30833330000002
2013-09-22,0.9687357185545801,290.48749999999995,281.025,2.8375000000000004,104.82500000000002,0.255,0.007830000000000002,4.25,48.23333333333333,-122.30833330000002
2013-09-30,0.8158046448342742,289.1,279.70000000000005,3.875,108.62500000000001,0.29000000000000004,0.00680625,3.6500000000000004,48.23333333333333,-122.30833330000002
2013-10-08,1.1736617614590001,288.02500000000003,279.07500000000005,1.575,106.3625,0.25625,0.0065075,1.5125000000000002,48.23333333333333,-122.30833330000002
2013-10-16,0.4836768901371164,287.75,277.7,0.0,117.93750000000001,0.2125,0.006432500000000002,1.8375,48.23333333333333,-122.30833330000002
2013-10-24,0.9619732160644086,286.9625,277.925,1.5500000000000003,87.525,0.235,0.006070000000000001,2.075,48.23333333333333,-122.30833330000002
2013-11-01,0.9809866080322043,283.675,276.95,6.975,51.98750000000001,0.14625,0.00554,2.675,48.23333333333333,-122.30833330000002
2013-11-09,0.6981705376708494,283.55,277.09999999999997,3.1125,45.9,0.14250000000000002,0.005525,2.375,48.23333333333333,-122.30833330000002
2013-11-17,0.9723946432128818,280.66249999999997,273.7125,4.525,53.150000000000006,0.15499999999999997,0.00425375,3.0124999999999997,48.23333333333333,-122.30833330000002
2013-11-25,1.0723946432128817,281.37499999999994,274.7125,2.45,44.325,0.12375,0.00472625,1.7000000000000002,48.23333333333333,-122.30833330000002
2013-12-03,1.253381251245086,275.2125,268.38750000000005,0.037500000000000006,45.78750000000001,0.16625,0.0025162500000000003,2.8125000000000004,48.23333333333333,-122.30833330000002
2013-12-11,1.3171839296386452,279.3125,273.72499999999997,0.6375000000000001,34.300000000000004,0.065,0.00449625,2.5875000000000004,48.23333333333333,-122.30833330000002
2013-12-19,0.853381251245086,279.13750000000005,273.2625,5.6000000000000005,32.775000000000006,0.08875,0.00425,2.125,48.23333333333333,-122.30833330000002
2013-12-27,0.32577589445796756,279.74,274.21999999999997,0.5800000000000001,26.72,0.06800000000000002,0.004612,1.36,48.23333333333333,-122.30833330000002
2014-01-01,0.21718392963864508,280.675,273.125,4.737500000000001,37.675,0.14125,0.004253750000000001,2.0625000000000004,48.23333333333333,-122.30833330000002
2014-01-09,0.38957857285152675,282.6375,277.0375,7.487500000000001,35.5375,0.18875,0.0050100000000000006,3.8375000000000004,48.23333333333333,-122.30833330000002
2014-01-17,0.44478928642576343,281.475,272.625,0.1,63.36250000000001,0.17500000000000002,0.00413125,1.5625000000000002,48.23333333333333,-122.30833330000002
2014-01-25,0.38098660803220424,281.175,273.6875,4.65,46.025000000000006,0.18,0.004211250000000001,1.4500000000000002,48.23333333333333,-122.30833330000002
2014-02-02,0.5723946432128817,276.325,267.72499999999997,0.5750000000000001,75.875,0.21125,0.0023662500000000003,3.0250000000000004,48.23333333333333,-122.30833330000002
2014-02-10,0.5361973216064408,283.34999999999997,276.37499999999994,5.275,58.6875,0.29375000000000007,0.004422500000000001,5.3500000000000005,48.23333333333333,-122.30833330000002
2014-02-18,0.5361973216064408,279.6,273.9375,7.9125,61.612500000000004,0.16,0.004028750000000001,3.0,48.23333333333333,-122.30833330000002
2014-02-26,0.5085919648193226,283.62500000000006,276.1125,6.9,75.5875,0.29375,0.004492500000000001,2.2875,48.23333333333333,-122.30833330000002
2014-03-06,0.3054953842440534,286.79999999999995,277.25,3.0,111.03750000000001,0.31375000000000003,0.005447500000000001,3.2125,48.23333333333333,-122.30833330000002
2014-03-14,0.936197321606441,284.16249999999997,275.83750000000003,7.3374999999999995,115.50000000000001,0.2525,0.00483,3.0500000000000003,48.23333333333333,-122.30833330000002
2014-03-22,0.41408734906337596,285.96250000000003,278.2,3.2125000000000004,121.48750000000001,0.3425,0.0052275,3.4625,48.23333333333333,-122.30833330000002
2014-03-30,0.7339176817525102,286.925,277.425,1.3,170.3,0.3075,0.005571250000000001,2.7125,48.23333333333333,-122.30833330000002
2014-04-07,1.3447892864257636,290.25,276.97499999999997,1.6875,192.0125,0.40499999999999997,0.00608125,2.15,48.23333333333333,-122.30833330000002
2014-04-15,0.9234962546040366,287.2375,279.0625,5.7625,163.1875,0.28750000000000003,0.00606375,2.9250000000000007,48.23333333333333,-122.30833330000002
2014-04-23,1.9343678592772902,290.3875,278.7,3.2500000000000004,211.78750000000002,0.57375,0.0055537500000000005,3.0374999999999996,48.23333333333333,-122.30833330000002
2014-05-01,1.2334387519976993,291.1875,280.95,9.4,219.02500000000003,0.505,0.006736250000000002,2.75,48.23333333333333,-122.30833330000002
2014-05-09,1.2885660512437145,294.2625,282.125,2.1875,244.4875,0.6525,0.00750375,2.2375000000000003,48.23333333333333,-122.30833330000002
2014-05-17,1.4795239088996115,293.90000000000003,282.675,1.8375,221.7125,0.515,0.008055000000000001,1.4749999999999999,48.23333333333333,-122.30833330000002
2014-05-25,1.563156919982305,292.7250000000001,280.65000000000003,1.3624999999999998,260.4125,0.39125000000000004,0.007848750000000002,2.0,48.23333333333333,-122.30833330000002
2014-06-02,1.986481992276258,294.66249999999997,282.2375,0.0,296.5,0.5062500000000001,0.00837875,1.9875000000000003,48.23333333333333,-122.30833330000002
2014-06-10,1.5773276833739027,291.4625,282.925,4.0,192.75,0.455,0.00745375,1.8000000000000003,48.23333333333333,-122.30833330000002
2014-06-18,2.051551788915935,295.975,282.9375,0.1625,232.38750000000005,0.70625,0.00802375,1.55,48.23333333333333,-122.30833330000002
2014-06-26,1.7320882194233593,296.075,284.425,1.2,239.00000000000003,0.6212500000000001,0.00907,2.3125000000000004,48.23333333333333,-122.30833330000002
2014-07-04,1.6566132646438074,299.0,285.125,0.0625,262.65,0.6925000000000001,0.010391250000000001,1.625,48.23333333333333,-122.30833330000002
2014-07-12,1.3147921232264619,299.4625,285.325,0.2625,303.88750000000005,0.49374999999999997,0.01203,1.5000000000000002,48.23333333333333,-122.30833330000002
2014-07-20,1.5488219715372242,294.61249999999995,284.225,4.0,211.13750000000002,0.49624999999999997,0.0090275,1.975,48.23333333333333,-122.30833330000002
2014-07-28,1.8937135849027689,300.82500000000005,284.7125,0.0,302.5125,0.6562500000000001,0.01159,1.4375000000000002,48.23333333333333,-122.30833330000002
2014-08-05,1.5334387519976995,299.1,285.2625,2.6250000000000004,282.4375,0.69125,0.010585,1.6250000000000002,48.23333333333333,-122.30833330000002
2014-08-13,1.9596935762104777,296.55,286.55,0.6875,204.08749999999998,0.385,0.011340000000000001,1.5250000000000004,48.23333333333333,-122.30833330000002
2014-08-21,2.0766229092108173,298.075,284.725,0.0,248.47500000000002,0.65375,0.010040000000000002,1.35,48.23333333333333,-122.30833330000002
2014-08-29,1.3768775058491225,294.925,283.975,4.2,170.8375,0.535,0.008821250000000001,1.4875,48.23333333333333,-122.30833330000002
2014-09-06,1.7949905427673585,296.9,281.525,0.0,220.86250000000004,0.7000000000000001,0.008305,1.6000000000000003,48.23333333333333,-122.30833330000002
2014-09-14,2.0619732160644086,296.84999999999997,284.3125,1.0125000000000002,161.91250000000002,0.6825,0.009120000000000001,1.4000000000000001,48.23333333333333,-122.30833330000002
2014-09-22,1.06873571855458,291.9625,284.66249999999997,4.0,134.75,0.28,0.00921125,2.875,48.23333333333333,-122.30833330000002
2014-09-30,1.2619732160644086,292.975,282.975,0.037500000000000006,119.65000000000002,0.42750000000000005,0.008331250000000002,1.2500000000000002,48.23333333333333,-122.30833330000002
2014-10-08,0.7429598240966127,290.55000000000007,282.85,6.812500000000001,96.66250000000001,0.20249999999999999,0.0086275,2.0500000000000003,48.23333333333333,-122.30833330000002
2014-10-16,1.053381251245086,290.72499999999997,284.525,3.6500000000000004,81.43750000000001,0.38375,0.008086250000000001,6.225,48.23333333333333,-122.30833330000002
2014-10-24,0.7981705376708492,287.6000000000001,280.225,8.662500000000001,63.300000000000004,0.1675,0.007365000000000001,4.2875000000000005,48.23333333333333,-122.30833330000002
2014-11-01,1.1723946432128818,286.7375,279.16249999999997,4.450000000000001,52.47500000000001,0.12875,0.006953750000000001,3.625,48.23333333333333,-122.30833330000002
2014-11-09,1.1085919648193225,281.58750000000003,270.775,0.3875,79.975,0.255,0.00347875,3.4250000000000003,48.23333333333333,-122.30833330000002
2014-11-17,0.7173193624620975,283.7125,275.47499999999997,4.85,46.462500000000006,0.15625,0.0052450000000000005,3.125,48.23333333333333,-122.30833330000002
2014-11-25,0.7615230385396283,281.1375,272.6125,4.625,46.0,0.14750000000000002,0.00491125,3.75,48.23333333333333,-122.30833330000002
2014-12-03,0.8809866080322043,285.72499999999997,278.54999999999995,6.637499999999999,34.9625,0.33375,0.00545875,5.1625,48.23333333333333,-122.30833330000002
2014-12-11,0.9809866080322043,283.65,275.67499999999995,3.775,36.237500000000004,0.125,0.0054687500000000005,3.6125000000000003,48.23333333333333,-122.30833330000002
2014-12-19,0.5270430127040859,282.6,277.1875,5.9625,27.575000000000003,0.1375,0.005370000000000001,4.025000000000001,48.23333333333333,-122.30833330000002
2014-12-27,0.2533812512450859,278.2,270.58000000000004,1.1800000000000002,39.6,0.128,0.003558,3.0200000000000005,48.23333333333333,-122.30833330000002
2015-01-01,0.4085919648193226,281.4125,273.8875,8.850000000000001,37.60000000000001,0.1775,0.0043837500000000005,2.2,48.23333333333333,-122.30833330000002
2015-01-09,0.5167337521138651,282.41249999999997,274.70000000000005,1.0375,42.475,0.11875,0.0050212500000000005,1.8625,48.23333333333333,-122.30833330000002
2015-01-17,0.4809866080322043,284.5375,277.3625,4.9625,35.375,0.245,0.005327500000000001,3.35,48.23333333333333,-122.30833330000002
2015-01-25,0.5366474991312209,285.425,276.325,0.28750000000000003,59.375,0.20125,0.005643750000000001,1.9500000000000002,48.23333333333333,-122.30833330000002
2015-02-02,0.4533812512450859,285.5375,280.8875,6.575,38.487500000000004,0.26,0.006166250000000001,4.175,48.23333333333333,-122.30833330000002
2015-02-10,0.30000000000000004,286.72499999999997,276.6375,1.0,70.625,0.22500000000000003,0.005877500000000001,1.9125,48.23333333333333,-122.30833330000002
2015-02-18,0.7723946432128818,284.92499999999995,274.9375,1.8,96.0,0.20625,0.005188750000000001,1.5375,48.23333333333333,-122.30833330000002
2015-02-26,0.7163669889173069,284.7625,272.9625,2.5500000000000003,117.14999999999999,0.27625,0.004430000000000002,2.325,48.23333333333333,-122.30833330000002
2015-03-06,0.7525643105237477,288.975,276.75,0.9875,133.7375,0.41500000000000004,0.00549375,2.3875,48.23333333333333,-122.30833330000002
2015-03-14,0.7257758944579675,286.7,278.2375,5.950000000000001,92.10000000000001,0.24625000000000002,0.006033750000000001,3.1875000000000004,48.23333333333333,-122.30833330000002
2015-03-22,0.7616064528678502,288.50000000000006,279.6625,3.1375,112.0625,0.3625,0.006252500000000001,3.4749999999999996,48.23333333333333,-122.30833330000002
2015-03-30,1.0059455617688338,286.9,276.95,1.6500000000000001,177.08750000000003,0.27875,0.00565625,2.4625,48.23333333333333,-122.30833330000002
2015-04-07,1.2701984176871726,287.0375,276.95,2.8375000000000004,171.0375,0.29124999999999995,0.0056175,2.3625000000000003,48.23333333333333,-122.30833330000002
2015-04-15,1.717183929638645,290.17499999999995,277.5375,0.8625,232.89999999999998,0.39499999999999996,0.00622625,2.125,48.23333333333333,-122.30833330000002
2015-04-23,1.7615230385396285,288.7875,279.40000000000003,2.8875,159.75,0.4362500000000001,0.005890000000000001,2.5625,48.23333333333333,-122.30833330000002
2015-05-01,2.0257758944579676,290.4625,277.35,1.6625,268.91249999999997,0.35125,0.006535000000000001,2.0875,48.23333333333333,-122.30833330000002
2015-05-09,2.271832299129849,290.4625,282.1625,0.7625000000000001,208.11249999999998,0.34625000000000006,0.007622500000000001,1.425,48.23333333333333,-122.30833330000002
2015-05-17,2.224396609653597,293.0125,283.6,0.08750000000000001,268.56250000000006,0.30000000000000004,0.009292500000000002,1.475,48.23333333333333,-122.30833330000002
2015-05-25,2.6520019664407153,294.35,283.2875,0.4,252.725,0.375,0.009365000000000002,1.4625000000000001,48.23333333333333,-122.30833330000002
2015-06-02,2.450734848194597,296.725,282.825,0.7000000000000001,239.625,0.5925,0.009306250000000002,1.875,48.23333333333333,-122.30833330000002
2015-06-10,2.356313646766872,296.66249999999997,281.59999999999997,0.0,307.57500000000005,0.6725,0.00829125,1.9875,48.23333333333333,-122.30833330000002
2015-06-18,2.0713301031098386,296.9625,282.84999999999997,0.5625,269.5,0.7175,0.0084825,1.7500000000000002,48.23333333333333,-122.30833330000002
2015-06-26,2.2143186794364818,302.575,286.95,0.08750000000000001,306.35,0.79375,0.012688750000000002,1.75,48.23333333333333,-122.30833330000002
2015-07-04,2.1989874783921874,299.09999999999997,286.75,0.0,301.0875,0.5437500000000001,0.011965000000000002,1.8375000000000001,48.23333333333333,-122.30833330000002
2015-07-12,1.6722824766546294,299.75,285.1,0.1375,286.51250000000005,0.9424999999999999,0.0095025,1.9125000000000003,48.23333333333333,-122.30833330000002
2015-07-20,1.6158046448342744,294.90000000000003,286.09999999999997,1.5,227.6875,0.5737500000000001,0.009142500000000001,1.6124999999999998,48.23333333333333,-122.30833330000002
2015-07-28,2.006762502490172,301.83750000000003,285.575,0.0,293.725,1.0762500000000002,0.0101025,1.4375,48.23333333333333,-122.30833330000002
2015-08-05,1.571015358408511,298.02500000000003,286.1875,0.1125,246.2625,0.7225000000000001,0.01000875,1.85,48.23333333333333,-122.30833330000002
2015-08-13,1.606762502490172,297.525,285.925,2.125,257.0,0.6612500000000001,0.010095,1.9625,48.23333333333333,-122.30833330000002
2015-08-21,1.571465535933291,297.85,284.1125,1.3750000000000002,242.18750000000003,0.8475000000000001,0.008513750000000002,1.8625000000000003,48.23333333333333,-122.30833330000002
2015-08-29,1.6348180368020704,291.95,283.90000000000003,7.812499999999999,162.55,0.365,0.00852125,4.1,48.23333333333333,-122.30833330000002
2015-09-06,2.0184510478847635,294.725,283.975,0.28750000000000003,169.4125,0.445,0.009312500000000001,1.7000000000000002,48.23333333333333,-122.30833330000002
2015-09-14,1.9343678592772902,291.2375,282.6875,2.1125000000000003,125.375,0.28625,0.008476250000000001,2.7250000000000005,48.23333333333333,-122.30833330000002
2015-09-22,1.9257758944579675,291.3375,278.97499999999997,0.3125,167.8,0.29000000000000004,0.007634999999999999,1.8,48.23333333333333,-122.30833330000002
2015-09-30,0.9815722183804367,291.51250000000005,281.225,1.875,136.05,0.3662500000000001,0.0076725000000000005,1.5750000000000002,48.23333333333333,-122.30833330000002
2015-10-08,1.053381251245086,290.825,282.0375,1.9375,93.63750000000002,0.2575,0.008242500000000002,3.0749999999999997,48.23333333333333,-122.30833330000002
2015-10-16,0.7257758944579675,289.425,280.4624999999999,0.37500000000000006,83.72500000000001,0.17375000000000002,0.007895000000000001,1.175,48.23333333333333,-122.30833330000002
2015-10-24,0.6822537262783226,288.5,281.675,5.975,58.4375,0.2,0.0076300000000000005,2.9749999999999996,48.23333333333333,-122.30833330000002
2015-11-01,1.0447892864257635,285.09999999999997,277.6375,4.325,54.075,0.15125,0.006010000000000001,3.6,48.23333333333333,-122.30833330000002
2015-11-09,0.9171839296386451,283.3125,276.5125,11.8125,49.1875,0.11375,0.005755000000000001,4.575,48.23333333333333,-122.30833330000002
2015-11-17,1.0085919648193227,281.6,272.37500000000006,4.825,56.6875,0.0875,0.004705000000000001,3.6000000000000005,48.23333333333333,-122.30833330000002
2015-11-25,1.0085919648193227,281.275,270.875,1.4500000000000002,65.22500000000001,0.1725,0.0039575,3.3625,48.23333333333333,-122.30833330000002
2015-12-03,0.8257758944579676,285.4,280.2375,9.787500000000001,32.7875,0.30000000000000004,0.005678750000000001,7.4125000000000005,48.23333333333333,-122.30833330000002
2015-12-11,0.9085919648193226,280.525,274.92499999999995,11.75,35.9375,0.10750000000000001,0.0046900000000000015,4.7125,48.23333333333333,-122.30833330000002
2015-12-19,0.6791571457030535,278.8625,274.88750000000005,7.4,39.962500000000006,0.10500000000000001,0.0043225,4.312500000000001,48.23333333333333,-122.30833330000002
2015-12-27,0.50045017752478,277.74,270.62,1.9,44.96,0.098,0.0036200000000000004,2.7400000000000007,48.23333333333333,-122.30833330000002
2016-01-01,0.36197321606440835,278.2625,269.79999999999995,0.7125000000000001,48.12500000000001,0.04125,0.00395125,1.425,48.23333333333333,-122.30833330000002
2016-01-09,1.6085919648193228,282.06249999999994,272.95000000000005,2.7,39.175,0.1225,0.004588750000000001,3.5125,48.23333333333333,-122.30833330000002
2016-01-17,0.5416927058504943,283.1,277.8875,7.3375,41.075,0.15500000000000003,0.00556375,4.6625000000000005,48.23333333333333,-122.30833330000002
2016-01-25,0.3891283953267467,283.4875,277.975,2.4749999999999996,44.4375,0.26125,0.00509875,4.4750000000000005,48.23333333333333,-122.30833330000002
2016-02-02,0.6085919648193225,284.31249999999994,275.925,0.75,58.63750000000001,0.26,0.0047575000000000004,3.7625,48.23333333333333,-122.30833330000002
2016-02-10,0.36197321606440835,285.4,280.725,10.65,50.75,0.275,0.005853750000000001,2.875,48.23333333333333,-122.30833330000002
2016-02-26,0.7361973216064409,286.28749999999997,279.5375,3.7125,77.825,0.33625000000000005,0.00541125,5.925000000000001,48.23333333333333,-122.30833330000002
2016-03-05,0.9447892864257634,285.65,278.63749999999993,5.325,106.16250000000001,0.35624999999999996,0.0052562500000000005,5.875,48.23333333333333,-122.30833330000002
2016-03-13,0.9257758944579677,285.8,276.33750000000003,2.6125000000000007,122.37500000000001,0.37625000000000003,0.00456,3.3375000000000004,48.23333333333333,-122.30833330000002
2016-03-21,0.9436576010030975,285.8625,278.3875,3.4125000000000005,123.85,0.35,0.00525,3.0875000000000004,48.23333333333333,-122.30833330000002
2016-03-29,0.7234962546040368,290.325,278.15,2.4,183.85,0.45874999999999994,0.005961250000000001,2.2,48.23333333333333,-122.30833330000002
2016-04-06,1.5425096465718329,290.325,280.375,0.975,177.87500000000003,0.44625000000000004,0.00650875,2.4625000000000004,48.23333333333333,-122.30833330000002
2016-04-14,1.8985373008674078,294.5,280.325,0.0625,223.35000000000002,0.625,0.007327500000000001,1.6500000000000001,48.23333333333333,-122.30833330000002
2016-04-22,2.1744787021803385,288.79999999999995,280.3875,4.3375,165.7375,0.4337500000000001,0.00620625,1.925,48.23333333333333,-122.30833330000002
2016-04-30,2.2958908978169186,295.0625,280.95,0.07500000000000001,273.55,0.74625,0.007070000000000001,1.6875000000000002,48.23333333333333,-122.30833330000002
2016-05-08,2.551551788915935,293.6375,281.2375,0.41250000000000003,251.225,0.7450000000000001,0.006425,1.45,48.23333333333333,-122.30833330000002
2016-05-16,1.9578641138813269,290.2375,282.2875,1.4875,205.63750000000002,0.5437500000000001,0.0062675000000000005,2.6375,48.23333333333333,-122.30833330000002
2016-05-24,2.4601437537352577,291.6125,281.625,1.9249999999999998,215.4,0.465,0.006987500000000001,2.0500000000000003,48.23333333333333,-122.30833330000002
2016-06-01,2.2398632435213437,298.0,284.92499999999995,0.4,262.2875,0.86,0.00902375,1.6375000000000002,48.23333333333333,-122.30833330000002
2016-06-09,2.344226942342731,291.2375,282.1625,4.5125,233.63750000000002,0.5487500000000001,0.00662625,2.2875,48.23333333333333,-122.30833330000002
2016-06-17,1.9704297480602786,293.0,283.40000000000003,2.6875000000000004,218.225,0.51375,0.007787500000000002,2.2,48.23333333333333,-122.30833330000002
2016-06-25,2.270115003358951,296.075,284.3375,0.1125,264.8125,0.58,0.00913875,1.4749999999999999,48.23333333333333,-122.30833330000002
2016-07-03,2.3619732160644085,293.6375,285.7,1.4,220.05,0.5825,0.0083925,2.2875,48.23333333333333,-122.30833330000002
2016-07-11,2.750284670669817,295.96250000000003,284.8375,0.0,233.5125,0.6275,0.008845,1.45,48.23333333333333,-122.30833330000002
2016-07-19,2.133550918555952,297.175,285.225,0.7875000000000001,263.16249999999997,0.62625,0.009695000000000002,1.5375,48.23333333333333,-122.30833330000002
2016-07-27,2.2209620181118,297.7625,284.7625,0.07500000000000001,266.65000000000003,0.67625,0.009841250000000003,1.4750000000000003,48.23333333333333,-122.30833330000002
2016-08-04,2.115354467309494,295.5625,284.725,0.037500000000000006,198.5,0.4925,0.009357500000000001,1.4874999999999998,48.23333333333333,-122.30833330000002
2016-08-12,1.9438601791461727,301.24999999999994,285.08750000000003,0.0,272.15,0.8424999999999999,0.01111625,1.7999999999999998,48.23333333333333,-122.30833330000002
2016-08-20,1.986481992276258,299.325,284.1,0.0,250.88750000000002,0.9012500000000001,0.0094425,1.5625,48.23333333333333,-122.30833330000002
2016-08-28,0.9475028347958754,293.20000000000005,284.16249999999997,3.0374999999999996,173.2375,0.43250000000000005,0.008763749999999999,1.9875000000000003,48.23333333333333,-122.30833330000002
2016-09-05,0.7505886323273766,293.07500000000005,282.375,0.5125,160.75000000000003,0.36125,0.0086925,1.5875000000000001,48.23333333333333,-122.30833330000002
2016-09-13,1.1818035487535425,293.475,281.29999999999995,2.475,163.8125,0.40375000000000005,0.00827875,1.8125000000000002,48.23333333333333,-122.30833330000002
2016-09-21,1.43391768175251,292.55,282.0875,0.4,152.425,0.4025,0.008176250000000001,2.4250000000000003,48.23333333333333,-122.30833330000002
2016-09-29,0.8154666338677468,289.90000000000003,281.04999999999995,2.5250000000000004,123.0375,0.29625,0.00734,3.5125,48.23333333333333,-122.30833330000002
2016-10-07,1.1171839296386452,288.7375,279.85,7.075,96.01250000000002,0.30874999999999997,0.00675,4.3500000000000005,48.23333333333333,-122.30833330000002
2016-10-15,0.7460564046718817,287.87499999999994,282.25,7.3999999999999995,69.11250000000001,0.33999999999999997,0.006721250000000001,4.8374999999999995,48.23333333333333,-122.30833330000002
2016-10-23,0.49772036014606924,288.8125,280.9375,4.5,62.3875,0.39625000000000005,0.006441250000000001,4.2250000000000005,48.23333333333333,-122.30833330000002
2016-10-31,0.5895785728515268,288.0375,281.625,4.125,47.6875,0.33625000000000005,0.00640375,5.800000000000001,48.23333333333333,-122.30833330000002
2016-11-08,0.8081417872945426,288.1875,281.0125,8.5625,51.2,0.34249999999999997,0.0068275,4.3125,48.23333333333333,-122.30833330000002
2016-11-16,0.7085919648193226,283.8875,278.78749999999997,4.525,41.025000000000006,0.26125,0.005205,6.0,48.23333333333333,-122.30833330000002
2016-11-24,0.43436785927729016,282.9625,278.4625,9.025000000000002,29.85,0.23874999999999996,0.00507125,4.5875,48.23333333333333,-122.30833330000002
2016-12-02,2.2638026783935596,277.97499999999997,272.40000000000003,2.5875000000000004,41.925,0.17499999999999996,0.0036575,4.4750000000000005,48.23333333333333,-122.30833330000002
2016-12-10,2.1,275.7125,270.20000000000005,0.9875000000000002,37.987500000000004,0.11875000000000001,0.003297500000000001,3.5374999999999996,48.23333333333333,-122.30833330000002
2016-12-18,1.3723946432128817,278.925,273.125,4.4125000000000005,38.7875,0.12625,0.00392125,3.8875000000000006,48.23333333333333,-122.30833330000002
2016-12-26,0.36197321606440835,279.05,273.78333333333336,3.4166666666666665,37.96666666666667,0.12000000000000001,0.004081666666666667,4.45,48.23333333333333,-122.30833330000002
2017-01-01,0.3728448207376618,275.8375,267.2625,0.775,51.57499999999999,0.13375,0.0027250000000000004,3.8249999999999997,48.23333333333333,-122.30833330000002
2017-01-09,0.5163669889173068,277.75000000000006,268.5875,0.5375,58.725,0.14125000000000001,0.003171250000000001,2.5124999999999997,48.23333333333333,-122.30833330000002
2017-01-17,0.5809866080322043,282.2125,275.5375,3.2375000000000007,47.775000000000006,0.19875,0.00461375,5.325000000000001,48.23333333333333,-122.30833330000002
2017-01-25,0.6723946432128818,281.42499999999995,273.45,0.07500000000000001,63.25,0.21625000000000003,0.0040012500000000005,3.3125,48.23333333333333,-122.30833330000002
2017-02-02,0.7085919648193226,279.66249999999997,272.8125,5.775,50.425000000000004,0.21125000000000002,0.0036375,3.0500000000000003,48.23333333333333,-122.30833330000002
2017-02-10,0.5085919648193226,284.325,275.55,3.2,59.75000000000001,0.32875000000000004,0.004416250000000001,4.5125,48.23333333333333,-122.30833330000002
2017-02-18,0.4809866080322043,281.1125,274.2,3.3875,77.425,0.21,0.004083750000000001,2.675,48.23333333333333,-122.30833330000002
2017-02-26,0.34523946395054345,280.7375,274.98749999999995,5.225,78.42500000000001,0.23625000000000002,0.00396125,4.425,48.23333333333333,-122.30833330000002
2017-03-06,0.47284482073766176,282.775,277.0,4.5375000000000005,66.47500000000001,0.3325,0.0041875,3.8625000000000003,48.23333333333333,-122.30833330000002
2017-03-14,0.5723946432128817,285.25,276.59999999999997,4.9750000000000005,117.28750000000001,0.38249999999999995,0.00447375,3.2249999999999996,48.23333333333333,-122.30833330000002
2017-03-22,0.5171839296386451,285.225,279.50000000000006,5.825000000000001,89.3,0.44375,0.004580000000000001,6.4875,48.23333333333333,-122.30833330000002
2017-03-30,0.8366474991312209,286.9125,277.9,3.1625,129.8,0.43375,0.004880000000000001,3.2750000000000004,48.23333333333333,-122.30833330000002
2017-04-07,0.870565180883731,286.70000000000005,278.575,2.9625000000000004,157.25,0.43124999999999997,0.0049325,5.475,48.23333333333333,-122.30833330000002
2017-04-15,1.4809866080322043,289.525,279.5375,1.5875000000000001,172.9625,0.53625,0.005480000000000001,3.9375,48.23333333333333,-122.30833330000002
2017-04-23,1.9171839296386453,287.02500000000003,279.33750000000003,2.4375,184.54999999999998,0.33875,0.00574,3.3250000000000006,48.23333333333333,-122.30833330000002
2017-05-01,2.1257758944579677,290.33750000000003,279.7375,4.187500000000001,190.6875,0.47500000000000003,0.0063,1.7000000000000002,48.23333333333333,-122.30833330000002
2017-05-09,1.888199288047156,288.8625,280.575,4.8374999999999995,194.26250000000002,0.45000000000000007,0.006003750000000001,3.4625000000000004,48.23333333333333,-122.30833330000002
2017-05-17,2.163690511835307,293.4875,281.3375,0.0,264.925,0.60125,0.00716625,2.0250000000000004,48.23333333333333,-122.30833330000002
2017-05-25,2.6434100016213926,295.475,282.90000000000003,0.4,257.25,0.7212500000000001,0.007935000000000001,1.6,48.23333333333333,-122.30833330000002
2017-06-02,2.5438601791461726,294.20000000000005,281.97499999999997,1.2375,247.15000000000003,0.5975000000000001,0.0076950000000000005,2.3000000000000007,48.23333333333333,-122.30833330000002
2017-06-10,2.113525004980344,291.7375,283.1,0.9,201.0875,0.50875,0.0072575,2.475,48.23333333333333,-122.30833330000002
2017-06-18,2.4796073232278335,296.5625,283.3375,0.3,265.25,0.68625,0.008820000000000001,1.7250000000000003,48.23333333333333,-122.30833330000002
2017-06-26,1.8411905098304837,295.9875,283.6625,0.0,287.8125,0.6224999999999999,0.0086975,1.525,48.23333333333333,-122.30833330000002
2017-07-04,2.0235796689322587,297.375,283.34999999999997,0.0,294.875,0.7400000000000001,0.00867625,1.5875,48.23333333333333,-122.30833330000002
2017-07-12,2.068002192161464,296.65,282.45000000000005,0.0,265.9375,0.6525000000000001,0.00854625,1.5625,48.23333333333333,-122.30833330000002
2017-07-20,2.0162548223590546,297.075,284.37499999999994,0.0,238.25,0.6275,0.00951,1.8125,48.23333333333333,-122.30833330000002
2017-07-28,2.370565180883731,300.375,284.2625,0.0,285.5,0.76625,0.010615000000000001,1.6250000000000002,48.23333333333333,-122.30833330000002
2017-08-05,2.3624233935891885,299.3,285.6,0.15000000000000002,286.58750000000003,0.36375,0.012718750000000001,1.2750000000000001,48.23333333333333,-122.30833330000002
2017-08-13,1.8421428833752742,295.5625,282.975,0.1125,229.91250000000002,0.46125,0.00928375,1.5000000000000002,48.23333333333333,-122.30833330000002
2017-08-21,1.4787903825064954,299.23749999999995,283.6,0.0,246.45,0.8725,0.00910625,1.5374999999999999,48.23333333333333,-122.30833330000002
2017-08-29,1.1454269152692262,300.65,285.29999999999995,0.0625,227.45000000000005,0.8474999999999999,0.01061375,1.8125,48.23333333333333,-122.30833330000002
2017-09-06,1.5343678592772902,295.18750000000006,283.725,0.7375,178.57500000000005,0.3575,0.01004875,1.475,48.23333333333333,-122.30833330000002
2017-09-14,1.3422783161987266,292.0375,280.375,1.825,157.2125,0.41625000000000006,0.00748125,2.125,48.23333333333333,-122.30833330000002
2017-09-22,1.4176341071634253,295.1625,282.26250000000005,0.8625,131.95,0.57625,0.008386250000000001,1.4625,48.23333333333333,-122.30833330000002
2017-09-30,1.2900287503763068,290.275,278.2875,0.7625000000000001,133.025,0.29500000000000004,0.006995000000000001,1.7624999999999997,48.23333333333333,-122.30833330000002
2017-10-08,0.9986207151956293,286.76250000000005,277.025,1.9500000000000002,103.22500000000001,0.21250000000000002,0.00603125,1.8625,48.23333333333333,-122.30833330000002
2017-10-16,1.053831428769866,287.775,279.9125,8.025,67.3625,0.24375000000000002,0.006705000000000001,4.65,48.23333333333333,-122.30833330000002
2017-10-24,0.9418281386739467,288.45000000000005,276.23749999999995,0.22499999999999998,100.50000000000001,0.215,0.006438750000000001,1.725,48.23333333333333,-122.30833330000002
2017-11-01,0.853381251245086,280.85,274.4375,5.0875,44.962500000000006,0.13,0.00464625,2.875,48.23333333333333,-122.30833330000002
2017-11-09,0.8814367855569843,283.475,278.8,7.05,41.525,0.19124999999999998,0.00552375,6.3,48.23333333333333,-122.30833330000002
2017-11-17,0.6257758944579677,285.4875,279.4875,6.4125000000000005,31.262500000000006,0.27625,0.0058075,5.75,48.23333333333333,-122.30833330000002
2017-11-25,0.4981705376708493,283.0875,278.41249999999997,7.9,32.15,0.165,0.00553875,5.4125000000000005,48.23333333333333,-122.30833330000002
2017-12-03,2.0085919648193227,280.525,271.025,0.07500000000000001,56.41250000000001,0.07375,0.00432,1.4,48.23333333333333,-122.30833330000002
2017-12-11,1.8085919648193225,281.0625,274.2375,6.5375000000000005,38.225,0.105,0.004732500000000001,2.0625,48.23333333333333,-122.30833330000002
2017-12-19,1.8085919648193225,277.0,271.2,1.4500000000000002,41.6625,0.11375,0.0034575,2.3000000000000003,48.23333333333333,-122.30833330000002
2017-12-27,0.8343678592772901,281.06,275.00000000000006,4.2,33.160000000000004,0.21400000000000002,0.00419,1.9400000000000002,48.23333333333333,-122.30833330000002
2018-01-01,0.653831428769866,280.6375,275.2,5.6625,33.85,0.13,0.0046925000000000005,2.4375,48.23333333333333,-122.30833330000002
2018-01-09,1.4809866080322043,283.4875,276.9625,4.95,36.3125,0.24875,0.0048625000000000005,2.6875,48.23333333333333,-122.30833330000002
2018-01-17,0.45692800934513506,283.0875,278.6625,4.5875,32.60000000000001,0.225,0.0051825000000000005,7.9750000000000005,48.23333333333333,-122.30833330000002
2018-01-25,0.5895785728515268,282.0875,277.775,6.0625,35.3875,0.2025,0.00493375,5.3375,48.23333333333333,-122.30833330000002
2018-02-02,0.38957857285152675,283.775,279.71250000000003,10.425,35.8375,0.235,0.005562500000000001,2.6125000000000003,48.23333333333333,-122.30833330000002
2018-02-10,0.8723946432128817,280.2875,273.32500000000005,7.300000000000001,79.1375,0.185,0.00392625,2.575,48.23333333333333,-122.30833330000002
2018-02-18,0.7000000000000001,276.90000000000003,269.5125,1.8250000000000002,77.22500000000001,0.15874999999999997,0.0029725000000000003,4.0875,48.23333333333333,-122.30833330000002
2018-02-26,0.6447892864257634,281.52500000000003,274.83750000000003,1.6375000000000002,89.3875,0.23249999999999998,0.00410125,3.1000000000000005,48.23333333333333,-122.30833330000002
2018-03-06,0.8361973216064409,286.3125,274.0,1.85,127.1375,0.355,0.00466375,1.8250000000000002,48.23333333333333,-122.30833330000002
2018-03-14,0.8723946432128817,285.325,273.7,1.2750000000000001,155.68750000000003,0.2325,0.00492,1.5375,48.23333333333333,-122.30833330000002
2018-03-22,0.6257758944579677,282.8375,276.3625,5.425000000000001,112.14999999999999,0.21375,0.00480375,3.1875000000000004,48.23333333333333,-122.30833330000002
2018-03-30,0.7452394639505435,285.35,277.68750000000006,5.137500000000001,120.86250000000001,0.28625,0.00534875,2.125,48.23333333333333,-122.30833330000002
2018-04-07,0.8067625024901719,286.34999999999997,280.04999999999995,8.675,133.6875,0.27625,0.006078750000000001,5.075,48.23333333333333,-122.30833330000002
2018-04-15,1.5533812512450857,286.41249999999997,277.25,3.5999999999999996,188.975,0.2525,0.00571875,2.4000000000000004,48.23333333333333,-122.30833330000002
2018-04-23,1.5705651808837313,291.03749999999997,279.6,2.5125,192.8875,0.49250000000000005,0.0064875,1.85,48.23333333333333,-122.30833330000002
2018-05-01,1.9714655359332909,293.4125,280.4125,0.625,239.4375,0.55875,0.007141250000000001,1.5,48.23333333333333,-122.30833330000002
2018-05-09,1.736962243832549,294.53749999999997,282.6,0.37500000000000006,276.2375,0.5725,0.008166250000000002,1.8000000000000003,48.23333333333333,-122.30833330000002
2018-05-17,2.6434100016213926,293.15000000000003,282.575,0.175,270.5125,0.38625,0.00855375,1.2625000000000002,48.23333333333333,-122.30833330000002
2018-05-25,1.607639591274532,291.675,280.4125,0.0,268.67500000000007,0.40625000000000006,0.00724375,1.8250000000000004,48.23333333333333,-122.30833330000002
2018-06-02,2.105383217685801,291.71250000000003,281.2625,2.325,218.125,0.4050000000000001,0.0075112500000000006,2.1375,48.23333333333333,-122.30833330000002
2018-06-10,2.479157145703054,293.51250000000005,281.325,0.8500000000000001,242.525,0.545,0.007568750000000001,1.8250000000000004,48.23333333333333,-122.30833330000002
2018-06-18,2.1107074196197706,296.65000000000003,284.85,1.1375,252.02500000000003,0.6425,0.0094225,1.5875000000000001,48.23333333333333,-122.30833330000002
2018-06-26,2.0947071938990223,292.325,283.20000000000005,1.0625,183.75000000000003,0.4375,0.008013749999999998,1.4,48.23333333333333,-122.30833330000002
2018-07-04,2.2602271680634796,297.59999999999997,284.37499999999994,0.1,262.3125,0.7212500000000001,0.009188749999999999,2.0125,48.23333333333333,-122.30833330000002
2018-07-12,2.099385637421737,300.11249999999995,284.65000000000003,0.0,303.63750000000005,0.8225000000000001,0.010263750000000002,1.6875000000000002,48.23333333333333,-122.30833330000002
2018-07-20,2.3352682143268506,300.425,283.87500000000006,0.0,311.125,0.8875000000000001,0.009815,1.4,48.23333333333333,-122.30833330000002
2018-07-28,2.0231294914074787,298.1875,285.8,0.08750000000000001,278.4,0.585,0.010882500000000002,1.5500000000000003,48.23333333333333,-122.30833330000002
2018-08-05,1.951635203244157,300.275,285.3625,0.525,266.13750000000005,0.7949999999999999,0.010801250000000002,1.5499999999999998,48.23333333333333,-122.30833330000002
2018-08-13,2.006762502490172,297.6125,283.6125,0.0,277.475,0.54625,0.010055000000000001,1.65,48.23333333333333,-122.30833330000002
2018-08-21,1.7512370442146077,295.8625,283.6875,0.1375,196.36249999999998,0.5687500000000001,0.009252500000000002,1.5125000000000002,48.23333333333333,-122.30833330000002
2018-08-29,1.1608415306417426,295.0,282.3625,0.0,184.9,0.525,0.008503750000000001,1.6625,48.23333333333333,-122.30833330000002
2018-09-06,1.5429598240966125,293.525,284.13750000000005,4.5375000000000005,142.7875,0.47375000000000006,0.008595000000000002,2.225,48.23333333333333,-122.30833330000002
2018-09-14,1.7176341071634251,291.0,282.3625,2.5875000000000004,145.875,0.34875,0.00781625,2.725,48.23333333333333,-122.30833330000002
2018-09-22,1.717183929638645,292.53749999999997,280.59999999999997,1.775,157.3625,0.33625000000000005,0.008105000000000001,2.2875,48.23333333333333,-122.30833330000002
2018-09-30,1.4981705376708494,287.34999999999997,279.725,2.525,91.08750000000002,0.14375,0.007297500000000001,2.65,48.23333333333333,-122.30833330000002
2018-10-08,1.453831428769866,289.31249999999994,277.7625,0.8250000000000001,115.72500000000001,0.24625,0.006832499999999999,1.6625000000000003,48.23333333333333,-122.30833330000002
2018-10-16,1.16115627534307,289.6,276.2375,0.32500000000000007,121.95000000000002,0.24875000000000003,0.0066575,1.5375000000000003,48.23333333333333,-122.30833330000002
2018-10-24,0.9900287503763069,287.36249999999995,281.1875,7.637500000000001,68.925,0.19999999999999998,0.007105,3.8875000000000006,48.23333333333333,-122.30833330000002
2018-11-01,0.6728448207376618,285.97499999999997,279.7375,6.525000000000001,58.8125,0.2,0.006512500000000001,2.975,48.23333333333333,-122.30833330000002
2018-11-09,0.7379146173773392,283.6875,274.6375,2.35,56.4375,0.08875,0.0056524999999999995,2.35,48.23333333333333,-122.30833330000002
2018-11-17,0.8447892864257635,283.84999999999997,275.31250000000006,2.9875000000000003,55.8875,0.15125,0.005330000000000001,2.6500000000000004,48.23333333333333,-122.30833330000002
2018-11-25,0.653381251245086,283.6625,278.3,2.4749999999999996,41.875,0.17,0.0056975,3.4125000000000005,48.23333333333333,-122.30833330000002
2018-12-03,1.736197321606441,279.6,271.25,1.8875000000000002,55.8875,0.09249999999999999,0.00411375,3.125,48.23333333333333,-122.30833330000002
2018-12-11,1.2705651808837308,283.7625,279.15,3.725,33.41250000000001,0.21375,0.005525,7.9625,48.23333333333333,-122.30833330000002
2018-12-19,1.9447892864257637,281.375,275.8,2.4875000000000003,36.0625,0.1075,0.0050375,5.0625,48.23333333333333,-122.30833330000002
2018-12-27,0.6900287503763067,281.56,275.62,7.5600000000000005,35.38,0.164,0.004708,3.3600000000000003,48.23333333333333,-122.30833330000002
2019-01-01,0.36197321606440835,281.725,275.47499999999997,3.2250000000000005,35.37500000000001,0.16125,0.0047462500000000005,4.125000000000001,48.23333333333333,-122.30833330000002
2019-01-09,1.9104214271484736,284.1875,273.47499999999997,1.1,51.775000000000006,0.15125,0.0051175000000000005,2.7249999999999996,48.23333333333333,-122.30833330000002
2019-01-17,0.653381251245086,282.8875,276.725,3.075,47.475,0.18750000000000003,0.0050325000000000005,4.2749999999999995,48.23333333333333,-122.30833330000002
2019-01-25,0.7805364305074243,282.8625,273.32500000000005,0.65,64.625,0.14500000000000002,0.004785,2.375,48.23333333333333,-122.30833330000002
2019-02-02,0.48957857285152667,275.725,266.0625,2.7375,58.487500000000004,0.06375,0.00318,3.1125,48.23333333333333,-122.30833330000002
2019-02-10,0.3253257169331875,277.6875,269.525,2.7625,61.8875,0.0825,0.0036275000000000005,2.4375000000000004,48.23333333333333,-122.30833330000002
2019-02-18,0.7085919648193226,279.4875,272.175,3.7125000000000004,75.41250000000001,0.18125,0.0036025,2.7874999999999996,48.23333333333333,-122.30833330000002
2019-02-26,0.7085919648193226,280.6875,269.875,0.0,136.375,0.32875000000000004,0.0026775,2.2,48.23333333333333,-122.30833330000002
2019-03-06,0.6809866080322041,281.1625,271.59999999999997,4.9,122.575,0.20625,0.0037575,1.95,48.23333333333333,-122.30833330000002
2019-03-14,0.3778900274569351,290.025,274.825,0.0,162.025,0.505,0.0050775,1.3250000000000002,48.23333333333333,-122.30833330000002
2019-03-22,0.3296894157545749,288.7625,276.2375,0.42500000000000004,172.875,0.38125000000000003,0.005508750000000001,1.85,48.23333333333333,-122.30833330000002
2019-03-30,1.1447892864257634,290.675,277.92499999999995,1.725,170.65,0.45125,0.00613625,3.0250000000000004,48.23333333333333,-122.30833330000002
2019-04-07,0.9705651808837309,285.225,278.74999999999994,5.575,125.525,0.20375000000000001,0.005915,2.0875000000000004,48.23333333333333,-122.30833330000002
2019-04-15,1.217183929638645,287.8,278.8,2.15,146.95,0.23125,0.0065825,2.4124999999999996,48.23333333333333,-122.30833330000002
2019-04-23,1.9981705376708492,288.675,275.3625,0.05,244.38750000000002,0.32125,0.0057237500000000005,2.2125,48.23333333333333,-122.30833330000002
2019-05-01,1.8791571457030536,292.1875,278.2875,0.1125,263.07500000000005,0.43125,0.006928750000000001,1.7,48.23333333333333,-122.30833330000002
2019-05-09,1.5199494965039877,294.9125,281.09999999999997,1.3250000000000002,248.21250000000003,0.56625,0.008113750000000001,2.0250000000000004,48.23333333333333,-122.30833330000002
2019-05-17,1.6057499808823592,292.3,282.6125,1.5125000000000002,253.8375,0.42874999999999996,0.00797875,2.1625,48.23333333333333,-122.30833330000002
2019-05-25,1.7415805392922419,293.925,282.58750000000003,0.5750000000000001,287.725,0.3775,0.008986250000000001,1.475,48.23333333333333,-122.30833330000002
2019-06-02,1.5212166147501058,292.6625,280.5625,1.6750000000000003,240.775,0.48624999999999996,0.00722125,1.9124999999999999,48.23333333333333,-122.30833330000002
2019-06-10,1.7927109029134276,297.29999999999995,283.875,0.0,280.9625,0.685,0.009190000000000002,1.9000000000000004,48.23333333333333,-122.30833330000002
2019-06-18,1.458314291406107,292.6625,282.75000000000006,0.30000000000000004,255.96250000000003,0.49000000000000005,0.0077350000000000006,1.825,48.23333333333333,-122.30833330000002
2019-06-26,2.126226071982748,294.78749999999997,284.15,1.1125,263.9125,0.5987500000000001,0.008422500000000001,1.8000000000000003,48.23333333333333,-122.30833330000002
2019-07-04,1.077327683373903,294.9125,285.20000000000005,0.4375,228.26250000000002,0.4925,0.00941,1.7125000000000001,48.23333333333333,-122.30833330000002
2019-07-12,1.1497223265867844,296.11249999999995,285.07500000000005,0.5750000000000001,231.575,0.6362499999999999,0.009117500000000002,1.9875000000000003,48.23333333333333,-122.30833330000002
2019-07-20,2.181803548753543,298.375,283.47499999999997,0.1875,283.7875,0.7749999999999999,0.009113750000000002,1.7125,48.23333333333333,-122.30833330000002
2019-07-28,1.1492721490620044,299.0625,284.27500000000003,0.175,279.4875,0.7775,0.009661250000000001,2.1375,48.23333333333333,-122.30833330000002
2019-08-05,1.706762502490172,296.675,286.475,1.2375000000000003,224.10000000000002,0.49,0.0107375,1.7625000000000002,48.23333333333333,-122.30833330000002
2019-08-13,1.7701150033589508,297.68750000000006,284.79999999999995,0.1375,230.85000000000002,0.63375,0.00990125,1.4125,48.23333333333333,-122.30833330000002
2019-08-21,1.6619732160644085,296.41249999999997,283.52500000000003,1.1625,209.6625,0.6,0.00915625,2.0,48.23333333333333,-122.30833330000002
2019-08-29,1.0361685693764102,297.91249999999997,284.7,0.17500000000000002,188.32500000000005,0.5925,0.0102275,1.6749999999999998,48.23333333333333,-122.30833330000002
2019-09-06,1.3705651808837311,294.1625,285.975,6.8375,156.5,0.43250000000000005,0.009645,1.8,48.23333333333333,-122.30833330000002
2019-09-14,1.306762502490172,291.55,284.25,2.8249999999999997,124.13750000000002,0.29125,0.008856250000000001,2.675,48.23333333333333,-122.30833330000002
2019-09-22,1.2580364285026013,289.96250000000003,282.52500000000003,3.725,120.0125,0.29625,0.007808749999999999,2.8000000000000003,48.23333333333333,-122.30833330000002
2019-09-30,1.3348180368020703,288.8875,278.52500000000003,2.25,113.2375,0.28125,0.0065875,2.5500000000000003,48.23333333333333,-122.30833330000002
2019-10-08,0.80802962073629,286.9,275.34999999999997,0.42500000000000004,104.925,0.22375,0.00572875,2.325,48.23333333333333,-122.30833330000002
2019-10-16,1.3374644398525595,286.11249999999995,280.1625,9.6625,71.4375,0.13125000000000003,0.006925,4.0875,48.23333333333333,-122.30833330000002
2019-10-24,1.217183929638645,285.13750000000005,273.85,0.21250000000000002,96.88750000000002,0.20375,0.00511625,2.4125,48.23333333333333,-122.30833330000002
2019-11-01,0.8846812821771376,285.9375,272.8125,0.17500000000000002,82.37500000000001,0.14375,0.00549375,1.65,48.23333333333333,-122.30833330000002
2019-11-09,0.6977203601460692,285.66249999999997,278.5375,4.075,42.66250000000001,0.17875,0.0061425,2.075,48.23333333333333,-122.30833330000002
2019-11-17,0.8085919648193226,284.45,275.2375,3.0625000000000004,53.9375,0.13375,0.00561,2.725,48.23333333333333,-122.30833330000002
2019-11-25,0.9000000000000001,280.32500000000005,271.125,0.28750000000000003,50.075,0.20124999999999998,0.00355875,2.5,48.23333333333333,-122.30833330000002
2019-12-03,0.32577589445796756,282.2125,277.5375,3.5250000000000004,30.6875,0.12375,0.00540125,1.7500000000000002,48.23333333333333,-122.30833330000002
2019-12-11,0.18098660803220418,281.1625,276.53749999999997,2.6875,38.0625,0.11875,0.005003750000000001,4.0875,48.23333333333333,-122.30833330000002
2019-12-19,0.28053643050742416,280.48749999999995,274.58750000000003,4.8625,39.1625,0.05750000000000001,0.004953750000000001,3.125,48.23333333333333,-122.30833330000002
2019-12-27,0.10859196481932254,281.74,276.86,4.4,28.76,0.144,0.005184,2.9200000000000004,48.23333333333333,-122.30833330000002
2020-01-01,0.14478928642576336,283.1375,276.925,7.137500000000001,31.5,0.18375,0.0051600000000000005,5.737500000000001,48.23333333333333,-122.30833330000002
2020-01-09,0.6638026783935593,277.4375,271.6625,5.0375000000000005,37.50000000000001,0.07874999999999999,0.00386625,5.2625,48.23333333333333,-122.30833330000002
2020-01-17,0.3607060978182901,282.75,277.5625,3.7,28.012500000000006,0.23750000000000002,0.0048875,7.0875,48.23333333333333,-122.30833330000002
2020-01-25,0.48957857285152667,284.45,278.1,6.0,43.275,0.22125,0.005517500000000001,6.0,48.23333333333333,-122.30833330000002
2020-02-02,0.7288724750332367,280.5125,274.57500000000005,10.575000000000001,48.412499999999994,0.15999999999999998,0.0043187500000000005,2.8625000000000003,48.23333333333333,-122.30833330000002
2020-02-10,0.7926751534267958,281.8125,275.3375,2.9125,60.487500000000004,0.18624999999999997,0.00452875,2.475,48.23333333333333,-122.30833330000002
2020-02-18,0.7809866080322043,283.225,273.6,2.0500000000000003,88.72500000000001,0.24625,0.004285000000000001,2.0125,48.23333333333333,-122.30833330000002
2020-02-26,0.7332361738546241,283.675,276.025,3.8875000000000006,92.61250000000001,0.225,0.004880000000000001,2.5250000000000004,48.23333333333333,-122.30833330000002
2020-03-05,0.6254091312614093,282.625,273.925,2.8125000000000004,109.76249999999999,0.23374999999999999,0.00423875,2.35,48.23333333333333,-122.30833330000002
2020-03-13,0.6895785728515268,284.025,271.625,0.125,157.9875,0.2825,0.0040550000000000004,3.0875000000000004,48.23333333333333,-122.30833330000002
2020-03-21,0.5787069681782734,284.3625,276.7125,1.2375000000000003,130.275,0.26875,0.0049362500000000005,3.0000000000000004,48.23333333333333,-122.30833330000002
2020-03-29,1.2723946432128819,283.75,275.7375,3.625,149.71249999999998,0.27,0.0045850000000000005,3.0875000000000004,48.23333333333333,-122.30833330000002
2020-04-06,1.2891283953267467,289.43749999999994,273.87499999999994,0.0,227.25000000000003,0.42000000000000004,0.00513125,1.9875000000000003,48.23333333333333,-122.30833330000002
2020-04-14,1.6723946432128818,290.5625,277.72499999999997,0.5875,202.00000000000003,0.46625,0.00593,1.4875,48.23333333333333,-122.30833330000002
2020-04-22,0.8601437537352576,289.0125,280.875,3.85,147.06250000000003,0.36625,0.006595,2.4125,48.23333333333333,-122.30833330000002
2020-04-30,2.1184510478847636,290.1375,278.7375,4.3500000000000005,226.4875,0.43000000000000005,0.006203750000000001,2.3,48.23333333333333,-122.30833330000002
2020-05-08,1.807212680014952,295.75,281.8125,0.7124999999999999,245.95000000000002,0.8212500000000001,0.007087500000000001,2.0000000000000004,48.23333333333333,-122.30833330000002
2020-05-16,1.9325383969481398,290.0,281.8375,2.1,238.2125,0.39,0.00704,2.1375,48.23333333333333,-122.30833330000002
2020-05-24,2.206762502490172,291.9875,281.5125,4.825,202.5875,0.455,0.00749625,1.85,48.23333333333333,-122.30833330000002
2020-06-01,2.5791571457030535,291.1125,281.37499999999994,2.725,224.08750000000003,0.45875000000000005,0.006891250000000001,1.8125000000000002,48.23333333333333,-122.30833330000002
2020-06-09,1.5307089346189886,291.08750000000003,283.4,5.012499999999999,182.5125,0.435,0.007565000000000001,2.225,48.23333333333333,-122.30833330000002
2020-06-17,2.6226793138826987,295.7,283.2125,1.2375,229.15,0.63,0.008436250000000001,1.6625,48.23333333333333,-122.30833330000002
2020-06-25,2.4032991587183448,292.8,283.96250000000003,2.2625,233.82500000000002,0.47125,0.00827125,1.875,48.23333333333333,-122.30833330000002
2020-07-03,1.8925629868685436,293.5625,283.275,1.6875,207.93750000000003,0.5375,0.00795,1.45,48.23333333333333,-122.30833330000002
2020-07-11,2.2036659219149026,295.375,282.78749999999997,0.1,270.46250000000003,0.57375,0.008516250000000001,1.4625000000000001,48.23333333333333,-122.30833330000002
2020-07-19,2.742959824096613,296.7375,284.3,0.0,270.9875,0.6587500000000001,0.009208750000000002,1.4249999999999998,48.23333333333333,-122.30833330000002
2020-07-27,2.354512936667752,299.61249999999995,284.625,0.0,277.81250000000006,0.8674999999999999,0.009575000000000002,1.4375000000000002,48.23333333333333,-122.30833330000002
2020-08-04,1.8270430127040862,295.73750000000007,283.7,1.5375,228.3,0.5375,0.00915375,1.5000000000000002,48.23333333333333,-122.30833330000002
2020-08-12,2.2682855410298,299.2875,283.625,0.1625,265.70000000000005,0.825,0.009656250000000002,1.475,48.23333333333333,-122.30833330000002
2020-08-20,2.4153544673094944,296.32500000000005,283.3125,0.55,220.5,0.5862499999999999,0.00905125,2.7125000000000004,48.23333333333333,-122.30833330000002
2020-08-28,1.3538026765398352,296.65,282.95,0.3375,215.175,0.6125,0.00897,1.4000000000000001,48.23333333333333,-122.30833330000002
2020-09-05,1.4452107117205129,297.51250000000005,282.25,0.0,224.7,0.725,0.008891250000000002,1.7874999999999999,48.23333333333333,-122.30833330000002
2020-09-13,1.0411303617674619,293.25,284.9875,2.2625000000000006,151.45000000000002,0.29875,0.009745,1.5,48.23333333333333,-122.30833330000002
2020-09-21,1.2311878643737995,291.98750000000007,283.775,3.0875000000000004,125.57500000000002,0.40875,0.00822875,4.237500000000001,48.23333333333333,-122.30833330000002
2020-09-29,1.187298932997596,292.85,282.825,0.037500000000000006,154.9625,0.34875,0.0087125,1.3125,48.23333333333333,-122.30833330000002
2020-10-07,0.891829460475427,288.8125,282.79999999999995,5.6375,85.66250000000001,0.235,0.0077875,3.4375,48.23333333333333,-122.30833330000002
2020-10-15,1.2176341071634251,286.9375,279.3625,4.6625,71.89999999999999,0.21875,0.00651,1.9125,48.23333333333333,-122.30833330000002
2020-10-23,1.1809866080322042,284.52500000000003,276.325,0.9875,73.47500000000001,0.21750000000000003,0.00533625,3.0250000000000004,48.23333333333333,-122.30833330000002
2020-10-31,0.8331007410311719,286.3625,276.6875,2.6875,67.2,0.24875000000000003,0.0057725,4.050000000000001,48.23333333333333,-122.30833330000002
2020-11-08,0.8115531125711394,281.5125,274.29999999999995,2.3125,51.349999999999994,0.16875,0.00447,4.8375,48.23333333333333,-122.30833330000002
2020-11-16,0.7257758944579675,283.12499999999994,277.96250000000003,4.012500000000001,36.475,0.215,0.005145,4.225,48.23333333333333,-122.30833330000002
2020-11-24,0.8787069681782734,283.15,275.8125,2.3250000000000006,47.7875,0.23,0.004687500000000001,4.3375,48.23333333333333,-122.30833330000002
2020-12-02,1.8552107135742366,284.5625,275.3625,1.5875,44.75,0.26625000000000004,0.004841250000000001,2.9125,48.23333333333333,-122.30833330000002
2020-12-10,1.3253257169331876,281.17499999999995,276.7375,4.15,32.525,0.16624999999999998,0.0047687499999999996,4.4,48.23333333333333,-122.30833330000002
2020-12-18,1.5447892864257635,281.775,275.1125,7.925000000000001,40.9125,0.21875,0.004385,3.75,48.23333333333333,-122.30833330000002
2020-12-26,0.41408734906337596,281.6166666666666,275.86666666666673,3.8333333333333335,32.35,0.18166666666666667,0.004638333333333334,4.566666666666667,48.23333333333333,-122.30833330000002
2021-01-01,0.21718392963864508,282.87499999999994,276.52500000000003,6.350000000000001,31.762500000000003,0.23124999999999998,0.004725000000000001,5.9125000000000005,48.23333333333333,-122.30833330000002
2021-01-09,0.936197321606441,284.05,276.8875,2.1125000000000003,42.41250000000001,0.30125,0.00468625,4.4750000000000005,48.23333333333333,-122.30833330000002
2021-01-17,0.8115531125711394,280.9125,273.55,0.8875,55.6125,0.16749999999999998,0.00421,2.375,48.23333333333333,-122.30833330000002
2021-01-25,0.6073248465732043,281.725,276.7375,5.862500000000001,48.775000000000006,0.24375000000000002,0.004385000000000001,4.450000000000001,48.23333333333333,-122.30833330000002
2021-02-02,0.6116885453945917,281.1375,275.475,6.675,49.975,0.25375000000000003,0.00404875,2.8874999999999997,48.23333333333333,-122.30833330000002
2021-02-10,0.5171839296386451,276.84999999999997,272.325,6.45,46.28750000000001,0.14375,0.003395,2.7,48.23333333333333,-122.30833330000002
2021-02-18,0.4650697966396775,281.76250000000005,276.07500000000005,5.4125000000000005,60.1,0.22999999999999998,0.00438875,4.3625,48.23333333333333,-122.30833330000002
2021-02-26,0.716733752113865,283.98749999999995,276.46250000000003,1.9000000000000001,91.25,0.31875000000000003,0.004475,3.7875000000000005,48.23333333333333,-122.30833330000002
2021-03-06,0.7447892864257635,285.0,273.8,0.6375,143.5,0.29250000000000004,0.00449375,3.05,48.23333333333333,-122.30833330000002
2021-03-14,0.6257758944579677,284.03749999999997,275.2125,2.5125,112.36250000000001,0.30124999999999996,0.00442625,4.5375000000000005,48.23333333333333,-122.30833330000002
2021-03-22,1.1167337521138652,283.90000000000003,276.7875,1.8375000000000004,124.7125,0.26875,0.00479625,2.6875,48.23333333333333,-122.30833330000002
2021-03-30,0.5787069681782734,286.325,274.71250000000003,0.1,178.3375,0.29374999999999996,0.005005000000000001,1.375,48.23333333333333,-122.30833330000002
2021-04-07,0.39335666132468183,285.825,274.925,2.075,192.53750000000002,0.35250000000000004,0.0046099999999999995,2.8125,48.23333333333333,-122.30833330000002
2021-04-15,1.680986608032204,294.41249999999997,278.2875,0.0,258.1125,0.705,0.006235000000000001,1.5125000000000002,48.23333333333333,-122.30833330000002
2021-04-23,1.351551788915935,288.7375,280.88750000000005,2.7875,153.275,0.36250000000000004,0.00657875,1.75,48.23333333333333,-122.30833330000002
2021-05-01,1.4986207151956294,288.875,279.25,2.0,193.825,0.37250000000000005,0.006147500000000001,1.8875000000000002,48.23333333333333,-122.30833330000002
2021-05-09,2.3343678592772905,292.77500000000003,280.07500000000005,0.0,264.6125,0.5175,0.006980000000000001,1.6875,48.23333333333333,-122.30833330000002
2021-05-17,2.5429598240966125,288.91249999999997,280.56249999999994,2.3125,242.55,0.33875,0.006645000000000001,2.2125,48.23333333333333,-122.30833330000002
2021-05-25,2.1390463028000055,292.79999999999995,281.63750000000005,1.4500000000000002,253.05,0.52125,0.007490000000000001,2.6500000000000004,48.23333333333333,-122.30833330000002
2021-06-02,2.115773249001283,291.97499999999997,281.59999999999997,1.6625,264.075,0.47625000000000006,0.007385,2.0749999999999997,48.23333333333333,-122.30833330000002
2021-06-10,2.5511016113911555,293.78749999999997,283.22499999999997,2.6000000000000005,229.26250000000002,0.57375,0.0078425,2.25,48.23333333333333,-122.30833330000002
2021-06-18,2.723496254604037,297.875,284.4,0.0,290.1375,0.7437499999999999,0.0093075,1.8750000000000002,48.23333333333333,-122.30833330000002
2021-06-26,1.6875822818659323,302.59999999999997,288.59999999999997,0.0,282.46250000000003,1.0625,0.012125000000000002,1.5250000000000001,48.23333333333333,-122.30833330000002
2021-07-04,2.3992188087652933,297.125,284.56249999999994,0.0,306.90000000000003,0.68,0.00920875,1.6,48.23333333333333,-122.30833330000002
2021-07-12,2.3967912528664788,296.55,283.85,0.0,268.425,0.6525000000000001,0.008878750000000003,1.4500000000000002,48.23333333333333,-122.30833330000002
2021-07-20,1.258314291406107,296.9,284.4375,0.0,280.8625,0.70375,0.008915000000000001,1.7625000000000002,48.23333333333333,-122.30833330000002
2021-07-28,1.5558445566305326,299.825,285.8125,0.0,279.575,0.8087500000000001,0.0104875,1.3375000000000001,48.23333333333333,-122.30833330000002
2021-08-05,1.2380337811921929,298.375,287.0625,1.375,217.36250000000004,0.76875,0.010295000000000002,1.9125,48.23333333333333,-122.30833330000002
2021-08-13,2.0994376559169674,297.0375,286.275,0.1375,221.4625,0.6399999999999999,0.010111250000000002,1.4875000000000003,48.23333333333333,-122.30833330000002
2021-08-21,1.7312712787020215,294.4875,283.25,0.35,201.38750000000002,0.57125,0.00821875,1.3875000000000002,48.23333333333333,-122.30833330000002
2021-08-29,1.3190491414544274,294.93749999999994,282.0375,0.037500000000000006,189.27499999999998,0.57125,0.00816375,1.5875000000000001,48.23333333333333,-122.30833330000002
2021-09-06,1.2954407202921383,295.2125,283.85,0.8,158.39999999999998,0.48375,0.009327500000000002,1.5125000000000002,48.23333333333333,-122.30833330000002
2021-09-14,1.1995210702451895,291.875,281.4375,4.5375000000000005,136.7875,0.37,0.007810000000000001,2.875,48.23333333333333,-122.30833330000002
2021-09-22,1.490478927901087,291.58750000000003,283.35,3.1125000000000007,126.67500000000001,0.42500000000000004,0.0078575,4.125,48.23333333333333,-122.30833330000002
2021-09-30,1.5533812512450857,288.27500000000003,280.8625,3.1875,113.11250000000001,0.2575,0.006963750000000001,2.4000000000000004,48.23333333333333,-122.30833330000002
2021-10-08,1.2619732160644086,285.53749999999997,278.65,3.7250000000000005,82.675,0.1825,0.006152500000000001,3.025,48.23333333333333,-122.30833330000002
2021-10-16,0.6149042897847142,288.4875,281.6125,3.3750000000000004,75.375,0.3037500000000001,0.007005,4.3125,48.23333333333333,-122.30833330000002
2021-10-24,0.6343678592772901,286.1125,278.8375,6.825,66.25,0.205,0.006275000000000001,5.875,48.23333333333333,-122.30833330000002
2021-11-01,0.6860318147514777,285.075,278.7375,6.6625000000000005,53.95,0.1975,0.005946250000000001,6.000000000000001,48.23333333333333,-122.30833330000002
2021-11-09,0.9171839296386451,286.16249999999997,278.775,10.8625,41.025000000000006,0.23249999999999998,0.006101250000000001,3.9375000000000004,48.23333333333333,-122.30833330000002
2021-11-17,0.8840831886074734,282.2125,274.85,2.8625,44.9375,0.1525,0.0047675,2.5,48.23333333333333,-122.30833330000002
2021-11-25,0.6619732160644084,286.3125,281.48749999999995,8.287500000000001,28.2375,0.28250000000000003,0.006408750000000001,4.3,48.23333333333333,-122.30833330000002
2021-12-03,0.9447892864257634,280.29999999999995,275.22499999999997,3.975,35.18750000000001,0.19874999999999998,0.00412,3.025,48.23333333333333,-122.30833330000002
2021-12-11,0.43391768175251005,280.4125,276.075,4.4875,40.1625,0.17875,0.004385,5.250000000000001,48.23333333333333,-122.30833330000002
2021-12-19,1.5638026783935592,278.98749999999995,272.775,6.1125,38.27500000000001,0.1675,0.0038575,3.7,48.23333333333333,-122.30833330000002
2021-12-27,0.32577589445796756,272.8,264.5,1.5000000000000002,42.239999999999995,0.04,0.002602,3.14,48.23333333333333,-122.30833330000002
2022-01-01,0.2895785728515267,278.675,272.675,6.4125000000000005,34.3375,0.145,0.0037625000000000002,5.375,48.23333333333333,-122.30833330000002
2022-01-09,1.0361973216064408,283.7125,276.55,2.4,36.0,0.28375,0.0046475,3.4,48.23333333333333,-122.30833330000002
2022-01-17,0.6085919648193225,281.4125,275.9875,2.7500000000000004,45.425,0.15500000000000003,0.0047875,1.8375000000000001,48.23333333333333,-122.30833330000002
2022-01-25,0.2895785728515267,280.5875,272.1125,1.125,63.4125,0.16125,0.00396875,2.1625,48.23333333333333,-122.30833330000002
2022-02-02,0.273661761459,281.91249999999997,276.3625,0.75,36.12500000000001,0.21500000000000002,0.004577500000000001,2.0500000000000003,48.23333333333333,-122.30833330000002
2022-02-10,0.6447892864257634,283.6,275.6625,0.125,79.72500000000001,0.21874999999999997,0.00487625,1.7375000000000003,48.23333333333333,-122.30833330000002
2022-02-18,0.24478928642576334,279.5625,271.52500000000003,3.1375,91.175,0.20500000000000002,0.0034937500000000003,2.0625,48.23333333333333,-122.30833330000002
2022-02-26,0.5257758944579676,284.2625,277.225,3.8750000000000004,88.125,0.24125,0.005190000000000001,3.8750000000000004,48.23333333333333,-122.30833330000002
2022-03-06,0.4900287503763068,283.425,274.6,0.7875000000000001,124.1875,0.27375,0.004326250000000001,2.5250000000000004,48.23333333333333,-122.30833330000002
2022-03-14,0.7257758944579675,283.22499999999997,278.46250000000003,6.675000000000001,89.45,0.22999999999999998,0.00515625,4.0625,48.23333333333333,-122.30833330000002
2022-03-22,0.5447892864257634,287.1,278.96250000000003,1.7625000000000002,105.18750000000001,0.31749999999999995,0.005832500000000001,1.4875,48.23333333333333,-122.30833330000002
2022-03-30,1.3085919648193227,285.23749999999995,277.7625,1.5375,140.025,0.3025,0.0051424999999999995,3.2125000000000004,48.23333333333333,-122.30833330000002
2022-04-07,0.9343678592772902,284.5874999999999,275.7375,2.5875000000000004,172.41250000000002,0.325,0.00460375,2.9625,48.23333333333333,-122.30833330000002
2022-04-15,0.870565180883731,285.6125,276.4625,1.7375000000000003,192.5125,0.285,0.005105,2.9250000000000003,48.23333333333333,-122.30833330000002
2022-04-23,1.3334675042277302,287.95,278.45,1.4375000000000002,192.35,0.35125000000000006,0.00580875,1.975,48.23333333333333,-122.30833330000002
2022-05-01,1.3429598240966127,285.6125,279.82500000000005,5.4125,154.375,0.22,0.006166250000000001,1.65,48.23333333333333,-122.30833330000002
2022-05-09,1.314087349063376,288.0375,279.4875,2.5125,209.10000000000002,0.35250000000000004,0.006056250000000001,3.1125,48.23333333333333,-122.30833330000002
2022-05-17,1.7429598240966127,289.57500000000005,279.45,0.7124999999999999,233.98750000000004,0.38250000000000006,0.00640875,2.0875000000000004,48.23333333333333,-122.30833330000002
2022-05-25,1.4343678592772902,290.5,281.87500000000006,1.55,186.9625,0.37,0.007366250000000001,2.0,48.23333333333333,-122.30833330000002
2022-06-02,1.2434100016213927,292.325,283.41249999999997,6.262500000000001,190.2875,0.41250000000000003,0.00823125,2.6625,48.23333333333333,-122.30833330000002
2022-06-10,0.8118077092094451,290.575,282.9625,1.6500000000000004,210.67500000000004,0.3675,0.00766375,2.1125000000000003,48.23333333333333,-122.30833330000002
2022-06-18,2.2791571457030537,293.6375,282.675,0.07500000000000001,227.31250000000003,0.5175000000000001,0.008063750000000001,1.8125000000000002,48.23333333333333,-122.30833330000002
2022-06-26,1.5773276833739027,295.0625,284.5,0.8375000000000001,237.83750000000003,0.51,0.009485,2.0375,48.23333333333333,-122.30833330000002
2022-07-04,1.923046077079257,295.9125,284.7875,0.0,237.1125,0.56625,0.009325,1.4375,48.23333333333333,-122.30833330000002
2022-07-12,1.6320882194233592,294.90000000000003,284.1,0.0,258.9,0.485,0.00912875,1.7000000000000002,48.23333333333333,-122.30833330000002
2022-07-20,1.5293584020446487,298.97499999999997,285.5875,0.0,308.05,0.63875,0.0109475,1.5500000000000003,48.23333333333333,-122.30833330000002
2022-07-28,1.7040326851114609,299.8125,285.75,0.6500000000000001,259.55,0.6525000000000001,0.011555,1.2875,48.23333333333333,-122.30833330000002
2022-08-05,1.584118938094105,298.2625,284.77500000000003,0.0,265.01250000000005,0.5387500000000001,0.010843750000000001,1.5750000000000002,48.23333333333333,-122.30833330000002
2022-08-13,1.1962137819590535,299.425,286.7,0.0,233.20000000000002,0.6537499999999999,0.011407500000000001,1.5250000000000001,48.23333333333333,-122.30833330000002
2022-08-21,1.787298932997596,297.96250000000003,285.72499999999997,0.0,216.525,0.5712499999999999,0.010756249999999998,1.3375000000000004,48.23333333333333,-122.30833330000002
2022-08-29,1.7153544673094947,298.53749999999997,284.9625,0.0,226.90000000000003,0.64375,0.010426250000000001,1.725,48.23333333333333,-122.30833330000002
2022-09-06,1.451101611391155,296.975,283.01250000000005,0.0,191.3,0.65875,0.00887875,1.7625000000000002,48.23333333333333,-122.30833330000002
2022-09-14,1.2787069681782737,294.4625,281.55,0.0,175.725,0.5225000000000001,0.008116250000000002,1.5375,48.23333333333333,-122.30833330000002
2022-09-22,1.2985373008674075,295.36249999999995,283.0625,0.0,155.8,0.585,0.008475000000000002,1.6125,48.23333333333333,-122.30833330000002
2022-09-30,1.2420594690470526,294.79999999999995,281.75,0.0,153.2375,0.51625,0.008320000000000001,1.3125000000000002,48.23333333333333,-122.30833330000002
2022-10-08,1.3098590830654409,294.2875,279.34999999999997,0.0,136.28750000000002,0.54,0.007356250000000001,1.475,48.23333333333333,-122.30833330000002
2022-10-24,0.9809866080322043,286.0625,280.25,6.387500000000001,63.4875,0.17625,0.00663125,4.2875000000000005,48.23333333333333,-122.30833330000002
2022-11-01,0.5895785728515268,281.9875,275.7,10.500000000000004,56.27499999999999,0.18375000000000002,0.004676250000000001,3.5,48.23333333333333,-122.30833330000002
2022-11-09,0.5809866080322043,282.4625,271.95,0.0,66.72500000000001,0.1775,0.00425125,2.1375,48.23333333333333,-122.30833330000002
2022-11-17,0.5339176817525101,284.3625,273.27500000000003,1.6875,57.5875,0.26125,0.0044675,2.0,48.23333333333333,-122.30833330000002
2022-11-25,0.5533812512450859,279.25,272.59999999999997,4.4125,36.95,0.1275,0.0040275,4.0125,48.23333333333333,-122.30833330000002
2022-12-03,0.4257758944579675,279.05,273.4875,2.6625000000000005,42.462500000000006,0.12875,0.00408,4.2,48.23333333333333,-122.30833330000002
2022-12-11,1.3615230385396284,278.5625,272.0,0.775,46.85000000000001,0.09,0.00398625,2.2000000000000006,48.23333333333333,-122.30833330000002
2022-12-19,0.4257758944579675,277.4875,270.7625,6.850000000000001,27.962500000000002,0.20625000000000002,0.0034925,4.8625,48.23333333333333,-122.30833330000002
2022-12-27,0.19690341942473094,283.62,278.64,6.82,30.860000000000003,0.32999999999999996,0.004688,5.500000000000001,48.23333333333333,-122.30833330000002
