date,LAI,tmmx,tmmn,pr,srad,vpd,sph,vs,lat,lon
2000-02-18,0.5354755590875967,282.9375,272.2625,0.30000000000000004,107.81250000000001,0.275,0.0039075,2.3625000000000007,46.31666666666667,-119.18333330000002
2000-02-26,0.673832158417372,285.65,275.18749999999994,3.0875000000000004,97.0875,0.21875,0.00542,2.625,46.31666666666667,-119.18333330000002
2000-03-05,0.7728388521943648,285.6625,273.55,0.55,137.5875,0.3325,0.004455000000000001,2.575,46.31666666666667,-119.18333330000002
2000-03-13,0.8058707719245325,285.55,273.55,1.5375,141.8625,0.37125,0.00417375,4.250000000000001,46.31666666666667,-119.18333330000002
2000-03-21,1.0063179858226148,289.0125,275.275,0.037500000000000006,195.91250000000002,0.57125,0.0043175,3.7375,46.31666666666667,-119.18333330000002
2000-03-29,1.107758505943704,291.98749999999995,276.9,0.0,226.83750000000003,0.7962499999999999,0.004485,3.0125,46.31666666666667,-119.18333330000002
2000-04-06,1.2077585059437042,294.11249999999995,278.6125,0.8250000000000001,229.6625,0.9025,0.0051737499999999995,2.575,46.31666666666667,-119.18333330000002
2000-04-14,1.2771604125576328,294.6875,280.25,0.7875000000000001,227.41250000000002,0.7875,0.006338750000000001,2.8625000000000003,46.31666666666667,-119.18333330000002
2000-04-22,1.3383565993297755,291.9625,277.0,0.05,268.15,0.8062499999999999,0.00447375,4.300000000000001,46.31666666666667,-119.18333330000002
2000-04-30,1.2091990260647933,294.175,280.95,0.25,268.6875,0.83875,0.006026250000000001,2.9750000000000005,46.31666666666667,-119.18333330000002
2000-05-08,1.314970919562483,294.075,280.85,0.21250000000000002,262.4,0.80375,0.006296250000000001,4.325,46.31666666666667,-119.18333330000002
2000-05-16,1.3383565993297755,299.76250000000005,284.0625,0.0,336.1625,1.2387500000000002,0.007352500000000001,3.7875,46.31666666666667,-119.18333330000002
2000-05-24,1.5073112920456218,294.8625,281.7375,1.925,255.31249999999997,0.7725000000000001,0.0069975,4.300000000000001,46.31666666666667,-119.18333330000002
2000-06-01,1.6753715569653036,299.95,284.44999999999993,0.625,298.8,1.2725,0.0075125,3.3625,46.31666666666667,-119.18333330000002
2000-06-09,1.6078573843705468,297.08750000000003,281.85,1.1,302.26250000000005,0.96875,0.007065000000000002,4.5375,46.31666666666667,-119.18333330000002
2000-06-17,1.711741543849065,302.7375,285.7125,0.0,349.0375,1.7737500000000002,0.00655375,3.2,46.31666666666667,-119.18333330000002
2000-06-25,1.508304598268629,304.5,287.6875,0.0,364.525,2.145,0.006566250000000001,3.2125,46.31666666666667,-119.18333330000002
2000-07-03,1.5758187708633862,299.8,284.70000000000005,0.675,314.3,1.24125,0.0076950000000000005,2.8750000000000004,46.31666666666667,-119.18333330000002
2000-07-11,1.6437801573562254,304.9875,287.5,0.0,329.575,2.0737500000000004,0.00706875,3.1875000000000004,46.31666666666667,-119.18333330000002
2000-07-19,1.444227371254308,306.11249999999995,288.975,0.0,326.4375,2.145,0.008155,3.4750000000000005,46.31666666666667,-119.18333330000002
2000-07-27,1.3068640781475396,308.16249999999997,290.6125,0.0,313.06250000000006,2.37,0.009327499999999999,3.0250000000000004,46.31666666666667,-119.18333330000002
2000-08-04,1.0073112920456218,306.71250000000003,289.1,0.0,292.325,2.23,0.00813125,3.8000000000000003,46.31666666666667,-119.18333330000002
2000-08-12,0.9709413051618607,301.4,284.52500000000003,0.0,291.2875,1.57375,0.006495000000000001,3.4375,46.31666666666667,-119.18333330000002
2000-08-20,1.0034271325671036,303.075,286.4875,0.1,274.0125,1.7825000000000004,0.007372500000000001,3.0374999999999996,46.31666666666667,-119.18333330000002
2000-08-28,1.0038743464651858,296.48749999999995,282.6,0.5125000000000001,208.9625,0.93125,0.007152500000000002,2.8,46.31666666666667,-119.18333330000002
2000-09-05,1.0350185321761818,297.1625,282.05,0.8250000000000001,200.3125,0.9650000000000001,0.007288750000000002,3.8000000000000003,46.31666666666667,-119.18333330000002
2000-09-13,1.07238182528295,302.55,287.125,0.625,199.4125,1.5312500000000002,0.008431250000000001,3.1374999999999997,46.31666666666667,-119.18333330000002
2000-09-21,0.9733751315059571,295.03749999999997,279.11249999999995,0.0625,186.82500000000002,1.16,0.00428625,2.55,46.31666666666667,-119.18333330000002
2000-09-29,0.7044204387901106,292.0125,279.725,1.125,160.80000000000004,0.6362499999999999,0.00614125,3.6,46.31666666666667,-119.18333330000002
2000-10-07,0.671388519059943,291.1125,277.9,1.2125000000000001,131.37500000000003,0.51375,0.00615625,2.6624999999999996,46.31666666666667,-119.18333330000002
2000-10-15,0.6034271325671036,290.96250000000003,278.34999999999997,0.9,125.28750000000001,0.5675,0.005750000000000001,3.2500000000000004,46.31666666666667,-119.18333330000002
2000-10-23,0.5038743464651857,288.3,276.025,0.4125,112.73750000000001,0.365,0.0054725,1.75,46.31666666666667,-119.18333330000002
2000-10-31,0.434472439851257,287.4,276.875,0.1125,85.67500000000001,0.48625,0.00457875,2.5125,46.31666666666667,-119.18333330000002
2000-11-08,0.434472439851257,277.6875,270.8875,2.1750000000000003,76.6875,0.14875000000000002,0.0035037500000000004,1.875,46.31666666666667,-119.18333330000002
2000-11-16,0.40243382634409647,273.55,266.1,0.35000000000000003,75.35,0.030000000000000002,0.00291625,0.8750000000000001,46.31666666666667,-119.18333330000002
2000-11-24,0.4019866124460142,276.45,271.125,0.8500000000000001,60.474999999999994,0.0475,0.0038150000000000002,2.2125,46.31666666666667,-119.18333330000002
2000-12-02,0.30144052012108935,275.55,270.45,0.037500000000000006,55.85000000000001,0.07625,0.00336875,1.1125000000000003,46.31666666666667,-119.18333330000002
2000-12-10,0.30099330622300713,274.15,269.77500000000003,0.6500000000000001,43.925000000000004,0.08750000000000001,0.0030350000000000004,3.2375000000000003,46.31666666666667,-119.18333330000002
2000-12-18,0.30099330622300713,274.61249999999995,270.725,1.0875000000000001,48.25,0.05125,0.0034187500000000003,1.5625,46.31666666666667,-119.18333330000002
2000-12-26,0.2009933062230071,274.8666666666667,270.55,0.05000000000000001,45.166666666666664,0.04833333333333334,0.0034316666666666666,1.2833333333333334,46.31666666666667,-119.18333330000002
2001-01-01,0.26940190661392877,277.59999999999997,272.96250000000003,0.0625,56.325,0.09,0.00397375,1.6875,46.31666666666667,-119.18333330000002
2001-01-09,0.26940190661392877,277.6125,273.6625,1.2875,51.4375,0.06999999999999999,0.00418625,1.3,46.31666666666667,-119.18333330000002
2001-01-17,0.30099330622300713,275.6125,270.29999999999995,0.6875,63.7375,0.03875,0.0036012500000000003,1.475,46.31666666666667,-119.18333330000002
2001-01-25,0.30099330622300713,276.15,268.9375,0.0,80.7125,0.065,0.0034087500000000003,2.3125,46.31666666666667,-119.18333330000002
2001-02-02,0.30099330622300713,279.925,270.475,0.7375,83.0625,0.21000000000000002,0.00347125,2.5000000000000004,46.31666666666667,-119.18333330000002
2001-02-10,0.30099330622300713,278.95,270.5125,0.07500000000000001,94.05000000000001,0.16999999999999998,0.0034062500000000004,1.8375,46.31666666666667,-119.18333330000002
2001-02-18,0.3995527861019178,282.4625,272.2375,0.3625,118.50000000000001,0.265,0.003815,1.6125000000000003,46.31666666666667,-119.18333330000002
2001-02-26,0.4325847058320854,283.8625,270.975,0.30000000000000004,145.0625,0.3625,0.0034175000000000004,2.4000000000000004,46.31666666666667,-119.18333330000002
2001-03-06,0.5009933062230071,289.0125,274.1125,0.41250000000000003,175.96250000000003,0.50875,0.004525,3.375,46.31666666666667,-119.18333330000002
2001-03-14,0.6019866124460143,287.03749999999997,275.0625,1.0375,170.9125,0.4537500000000001,0.004350000000000001,2.7874999999999996,46.31666666666667,-119.18333330000002
2001-03-22,0.7703952128369359,290.2375,276.125,0.8625,191.425,0.6349999999999999,0.00456875,3.575,46.31666666666667,-119.18333330000002
2001-03-30,0.87238182528295,287.1125,275.275,0.475,195.24999999999997,0.52625,0.00399,3.2875000000000005,46.31666666666667,-119.18333330000002
2001-04-07,0.971388519059943,286.37499999999994,274.0625,1.2875,203.1,0.48250000000000004,0.0038037500000000003,3.875,46.31666666666667,-119.18333330000002
2001-04-15,1.27238182528295,291.4625,278.53749999999997,0.525,231.5,0.775,0.00462125,2.9750000000000005,46.31666666666667,-119.18333330000002
2001-04-23,1.2728290391810322,295.075,281.55,1.2750000000000001,209.91250000000002,0.96,0.0062050000000000004,3.5250000000000004,46.31666666666667,-119.18333330000002
2001-05-01,1.3709413051618606,294.91249999999997,278.675,0.21250000000000002,296.38750000000005,1.10625,0.0043525000000000005,3.4,46.31666666666667,-119.18333330000002
2001-05-09,1.3699479989388537,297.0875,280.7625,0.3875,264.6875,1.1600000000000001,0.0057462500000000005,3.725,46.31666666666667,-119.18333330000002
2001-05-17,1.2694019066139288,301.1,281.91249999999997,0.0,342.5,1.66125,0.0057925,2.4625000000000004,46.31666666666667,-119.18333330000002
2001-05-25,1.3699479989388537,302.15,284.23749999999995,0.1125,333.5875,1.77,0.006112500000000001,3.3750000000000004,46.31666666666667,-119.18333330000002
2001-06-02,1.601539398547932,296.1,282.7625,0.275,278.3125,1.0374999999999999,0.006332500000000001,3.837500000000001,46.31666666666667,-119.18333330000002
2001-06-10,1.840540968629475,296.02500000000003,281.8125,0.47500000000000003,291.0625,1.0825,0.005685000000000001,3.687500000000001,46.31666666666667,-119.18333330000002
2001-07-04,1.7112845169376498,307.7125,290.9,0.0625,325.1875,2.6,0.00762,2.2625,46.31666666666667,-119.18333330000002
2001-07-12,1.6452206774773146,301.3,286.025,0.17500000000000002,320.6625,1.5150000000000001,0.007553750000000001,3.7125000000000004,46.31666666666667,-119.18333330000002
2001-07-20,1.7151686764161684,304.02500000000003,287.3375,0.0,320.26250000000005,1.76,0.0081325,2.9,46.31666666666667,-119.18333330000002
2001-07-28,1.6452206774773146,300.2625,285.23749999999995,0.1625,263.675,1.23375,0.00818375,4.0125,46.31666666666667,-119.18333330000002
2001-08-05,1.5772592909844754,308.1125,289.8125,0.0,297.96250000000003,2.4175000000000004,0.008563750000000002,2.5625000000000004,46.31666666666667,-119.18333330000002
2001-08-13,1.4097451183897183,307.28749999999997,290.21250000000003,0.0,287.96250000000003,2.51125,0.008005,2.8875,46.31666666666667,-119.18333330000002
2001-08-21,1.27238182528295,301.77500000000003,285.58750000000003,0.9375000000000001,239.9125,1.3875,0.008505,3.0250000000000004,46.31666666666667,-119.18333330000002
2001-08-29,1.1728290391810323,302.56250000000006,285.85,0.0,245.26250000000002,1.5700000000000003,0.007875,3.5,46.31666666666667,-119.18333330000002
2001-09-06,1.1038743464651857,302.00000000000006,283.29999999999995,0.0,227.675,1.7137499999999999,0.005942500000000001,2.3875,46.31666666666667,-119.18333330000002
2001-09-14,1.0038743464651858,302.2125,284.8875,0.0,211.825,1.6475,0.006890000000000001,2.2875000000000005,46.31666666666667,-119.18333330000002
2001-09-22,0.9024338263440964,299.83750000000003,281.55,0.2875,178.95000000000002,1.3425000000000002,0.006551250000000001,2.825,46.31666666666667,-119.18333330000002
2001-09-30,0.7354657460742642,296.6625,280.9875,0.0,169.6875,1.33375,0.00433,2.5000000000000004,46.31666666666667,-119.18333330000002
2001-10-08,0.7703952128369359,290.4,278.1875,0.48750000000000004,120.86250000000001,0.5962500000000001,0.005286250000000001,4.8,46.31666666666667,-119.18333330000002
2001-10-16,0.5344724398512569,289.5625,276.75,0.1375,106.03750000000002,0.5337500000000001,0.0050550000000000005,4.575,46.31666666666667,-119.18333330000002
2001-10-24,0.5330319197301677,287.45000000000005,276.65,1.0250000000000001,83.375,0.3787500000000001,0.0053975,3.2625,46.31666666666667,-119.18333330000002
2001-11-01,0.5019866124460142,285.3875,275.65,0.05,82.00000000000001,0.3175,0.0048512500000000005,2.1625,46.31666666666667,-119.18333330000002
2001-11-09,0.4330319197301677,286.2875,276.525,1.5500000000000003,59.9,0.3475,0.005112500000000001,2.6374999999999997,46.31666666666667,-119.18333330000002
2001-11-17,0.5005460923249249,281.95,274.5125,1.875,56.712500000000006,0.085,0.005196250000000001,3.7,46.31666666666667,-119.18333330000002
2001-11-25,0.4009933062230071,279.7125,272.52500000000003,2.25,49.6125,0.17250000000000001,0.0039725,4.0874999999999995,46.31666666666667,-119.18333330000002
2001-12-03,0.4689546927158465,280.9,273.4125,1.3125,49.22500000000001,0.20500000000000002,0.00400875,3.7875000000000005,46.31666666666667,-119.18333330000002
2001-12-11,0.600546092324925,281.05,273.8125,0.5625,40.2125,0.22875,0.00397625,5.0625,46.31666666666667,-119.18333330000002
2001-12-19,0.5675141725947573,276.5375,270.425,0.11250000000000002,52.9375,0.11125,0.003343750000000001,1.6625000000000003,46.31666666666667,-119.18333330000002
2001-12-27,0.43691607920868597,274.48,268.3,1.04,53.25999999999999,0.05800000000000001,0.003092,1.3,46.31666666666667,-119.18333330000002
2002-01-01,0.6009933062230072,278.25,272.125,1.175,41.8125,0.09625000000000002,0.003965000000000001,2.3875,46.31666666666667,-119.18333330000002
2002-01-09,0.4005460923249249,282.01249999999993,273.05,0.1375,52.7,0.24875,0.003920000000000001,2.3875,46.31666666666667,-119.18333330000002
2002-01-25,0.3699479989388536,282.03749999999997,272.525,0.2375,58.937500000000014,0.32625000000000004,0.0034475,3.6375,46.31666666666667,-119.18333330000002
2002-02-02,0.3689546927158465,281.18750000000006,269.91249999999997,1.125,73.60000000000001,0.22,0.0035425,3.025,46.31666666666667,-119.18333330000002
2002-02-10,0.4005460923249249,283.45000000000005,270.0375,0.0,107.5875,0.39749999999999996,0.00297125,2.0875000000000004,46.31666666666667,-119.18333330000002
2002-02-18,0.4005460923249249,286.3625,274.61249999999995,1.3125,86.17500000000001,0.42250000000000004,0.00439125,4.3125,46.31666666666667,-119.18333330000002
2002-02-26,0.4009933062230071,283.525,270.52500000000003,0.0,137.07500000000002,0.50375,0.00245625,2.5500000000000003,46.31666666666667,-119.18333330000002
2002-03-06,0.4009933062230071,284.15,273.6125,0.48750000000000004,131.5875,0.39375,0.0037450000000000005,4.5125,46.31666666666667,-119.18333330000002
2002-03-14,0.5005460923249249,282.59999999999997,272.425,0.0,125.66250000000001,0.3762500000000001,0.0032112500000000006,4.425,46.31666666666667,-119.18333330000002
2002-03-22,0.7311441857109962,287.7,274.67499999999995,0.30000000000000004,189.6625,0.5537500000000001,0.00406125,3.7625,46.31666666666667,-119.18333330000002
2002-03-30,0.931144185710996,291.7875,277.6125,0.0,229.9375,0.85125,0.0040975000000000004,3.475,46.31666666666667,-119.18333330000002
2002-04-07,1.1689546927158467,292.1375,279.925,0.8125,193.8125,0.7312500000000001,0.0054525,4.550000000000001,46.31666666666667,-119.18333330000002
2002-04-15,1.4306969718129139,290.9625,275.475,0.037500000000000006,254.02500000000003,0.7775,0.00387375,3.7500000000000004,46.31666666666667,-119.18333330000002
2002-04-23,1.4685074788177641,292.7125,277.75,0.45,260.175,0.9750000000000001,0.0038525,2.5875,46.31666666666667,-119.18333330000002
2002-05-01,1.5374621715336108,290.65000000000003,276.5625,0.08750000000000001,278.95000000000005,0.80625,0.0038387500000000006,4.7250000000000005,46.31666666666667,-119.18333330000002
2002-05-09,1.5374621715336108,295.0875,279.55,0.0,307.6375,1.145,0.004257500000000001,2.6999999999999997,46.31666666666667,-119.18333330000002
2002-05-17,1.536468865310604,295.8875,282.4625,0.3625,300.52500000000003,1.0525,0.00591625,3.2249999999999996,46.31666666666667,-119.18333330000002
2002-05-25,1.7729377306212075,298.40000000000003,284.67500000000007,0.7250000000000001,263.6625,1.1475,0.0071887500000000016,2.75,46.31666666666667,-119.18333330000002
2002-06-02,1.674825464640379,296.7375,281.72499999999997,0.9375,314.65,1.0275,0.006428750000000001,3.85,46.31666666666667,-119.18333330000002
2002-06-10,2.052084755624855,302.5,286.6125,0.35000000000000003,320.77500000000003,1.6700000000000002,0.00754125,3.125,46.31666666666667,-119.18333330000002
2002-06-18,2.292526845827487,303.2125,286.85,0.35,355.05,1.8325,0.007285000000000001,2.9000000000000004,46.31666666666667,-119.18333330000002
2002-06-26,2.089000834833541,301.925,287.3125,0.9125000000000001,317.83750000000003,1.59625,0.008037500000000001,3.6374999999999997,46.31666666666667,-119.18333330000002
2002-07-04,1.9802490226668292,304.7375,287.2875,0.6125,329.3375,1.9562500000000003,0.00826875,3.0500000000000003,46.31666666666667,-119.18333330000002
2002-07-12,1.8147214625180863,308.6875,291.5625,0.0,328.125,2.54125,0.009302500000000002,3.1750000000000003,46.31666666666667,-119.18333330000002
2002-07-20,1.744773463579233,307.5375,289.96250000000003,0.0,321.01250000000005,2.3850000000000002,0.0084025,3.3000000000000003,46.31666666666667,-119.18333330000002
2002-07-28,1.6078573843705468,301.87500000000006,285.5125,0.0,312.98750000000007,1.6125,0.006908750000000001,3.8375000000000004,46.31666666666667,-119.18333330000002
2002-08-05,1.4403432117757893,302.25,284.575,0.037500000000000006,298.63750000000005,1.6975,0.0065725,2.775,46.31666666666667,-119.18333330000002
2002-08-13,1.4015393985479319,304.71250000000003,287.88750000000005,0.0,284.4875,2.1300000000000003,0.006752500000000001,3.1375000000000006,46.31666666666667,-119.18333330000002
2002-08-21,1.4029799186690213,304.21250000000003,287.9,0.275,260.5125,1.67,0.009051250000000002,2.5375,46.31666666666667,-119.18333330000002
2002-08-29,1.3695007850407714,301.7875,285.3125,0.0,246.45000000000005,1.48875,0.007805,3.275,46.31666666666667,-119.18333330000002
2002-09-06,1.4015393985479319,301.96250000000003,283.77500000000003,0.0,225.85,1.79,0.005787500000000001,2.4000000000000004,46.31666666666667,-119.18333330000002
2002-09-14,1.200546092324925,298.575,282.1375,0.05,194.26250000000002,1.2750000000000001,0.006270000000000001,3.75,46.31666666666667,-119.18333330000002
2002-09-22,1.1315913996090783,297.075,281.2875,0.0,182.52500000000003,1.1850000000000003,0.005378750000000001,2.7,46.31666666666667,-119.18333330000002
2002-09-30,1.0019866124460142,293.26250000000005,278.6125,0.125,151.5,0.69,0.006030000000000001,3.0375,46.31666666666667,-119.18333330000002
2002-10-08,0.9709413051618607,292.06249999999994,275.5,0.0,165.47500000000002,0.90875,0.0035562500000000004,2.8375000000000004,46.31666666666667,-119.18333330000002
2002-10-16,0.8413365179987965,293.3875,277.375,0.0,144.32500000000002,0.81,0.0050550000000000005,2.1625,46.31666666666667,-119.18333330000002
2002-10-24,0.7413365179987966,283.40000000000003,268.5875,0.17500000000000002,114.275,0.4925,0.0024187500000000003,2.4875000000000003,46.31666666666667,-119.18333330000002
2002-11-01,0.5709413051618607,281.3375,270.25000000000006,0.41250000000000003,89.35,0.35874999999999996,0.0029062500000000004,1.4000000000000001,46.31666666666667,-119.18333330000002
2002-11-09,0.5389026916547002,285.925,277.1625,0.325,61.4125,0.35375,0.0049537500000000016,3.6375,46.31666666666667,-119.18333330000002
2002-11-17,0.4383565993297753,286.125,277.1375,0.15000000000000002,65.3125,0.2825,0.0055325,3.3375,46.31666666666667,-119.18333330000002
2002-11-25,0.3383565993297753,277.96250000000003,269.3875,0.0,68.91250000000001,0.16749999999999998,0.003095,1.125,46.31666666666667,-119.18333330000002
2002-12-03,0.3383565993297753,277.7375,271.125,0.30000000000000004,52.8375,0.11499999999999999,0.00360375,1.6,46.31666666666667,-119.18333330000002
2002-12-11,0.26940190661392877,282.525,277.375,2.5,36.837500000000006,0.15625,0.0053862499999999995,3.7625,46.31666666666667,-119.18333330000002
2002-12-19,0.6699479989388536,278.7375,274.23749999999995,0.6625000000000001,35.7375,0.15750000000000003,0.00393875,2.3625000000000003,46.31666666666667,-119.18333330000002
2002-12-27,0.3689546927158465,281.52,276.56,6.200000000000001,37.88,0.126,0.0051600000000000005,3.6,46.31666666666667,-119.18333330000002
2003-01-01,0.2,281.38749999999993,275.35,1.4000000000000004,48.98750000000001,0.13374999999999998,0.0049162500000000005,2.6250000000000004,46.31666666666667,-119.18333330000002
2003-01-09,0.2995527861019178,278.175,273.125,1.3,49.22500000000001,0.14125,0.0038087500000000005,1.475,46.31666666666667,-119.18333330000002
2003-01-17,0.26895469271584654,278.57500000000005,272.6625,1.175,55.637499999999996,0.12125000000000001,0.0039299999999999995,1.55,46.31666666666667,-119.18333330000002
2003-01-25,0.3689546927158465,284.5625,277.4875,2.5875000000000004,47.45000000000001,0.1625,0.005866250000000001,3.075,46.31666666666667,-119.18333330000002
2003-02-02,0.3689546927158465,282.2875,271.125,0.0,100.5625,0.305,0.0033750000000000004,2.375,46.31666666666667,-119.18333330000002
2003-02-10,0.3703952128369358,284.6375,273.275,2.4000000000000004,101.76250000000002,0.305,0.00432,2.9625,46.31666666666667,-119.18333330000002
2003-02-18,0.4383565993297753,282.65000000000003,271.625,0.1375,103.8875,0.33375,0.0034900000000000005,4.3,46.31666666666667,-119.18333330000002
2003-02-26,0.5063179858226148,284.675,272.575,0.037500000000000006,112.90000000000002,0.45,0.0033224999999999995,2.9375,46.31666666666667,-119.18333330000002
2003-03-06,0.7446745851523899,290.15,278.9875,0.36250000000000004,113.96249999999999,0.6275,0.0051937500000000004,5.4750000000000005,46.31666666666667,-119.18333330000002
2003-03-14,0.8752726785384611,289.975,278.125,0.675,153.40000000000003,0.6625000000000001,0.00466375,3.5125,46.31666666666667,-119.18333330000002
2003-03-22,0.9403432117757895,288.875,276.925,0.2625,173.22500000000002,0.6475000000000001,0.0041175,4.112500000000001,46.31666666666667,-119.18333330000002
2003-03-30,1.1777065048825577,288.81249999999994,277.2625,0.7750000000000001,188.25,0.67625,0.004157500000000001,4.075,46.31666666666667,-119.18333330000002
2003-04-07,1.445667891375397,293.325,280.1,0.625,228.89999999999998,0.86,0.0052562500000000005,3.3750000000000004,46.31666666666667,-119.18333330000002
2003-04-15,1.4471084114964865,292.13750000000005,278.4125,0.7250000000000001,220.9875,0.7562500000000001,0.005081250000000001,3.1500000000000004,46.31666666666667,-119.18333330000002
2003-04-23,1.752433091096094,291.1125,278.725,1.9375,231.175,0.6387499999999999,0.0053375,2.9875,46.31666666666667,-119.18333330000002
2003-05-01,1.9136292778682367,292.225,279.175,0.0,262.52500000000003,0.8400000000000001,0.0046949999999999995,3.8250000000000006,46.31666666666667,-119.18333330000002
2003-05-09,1.7452206774773151,294.48749999999995,280.35,0.4625,285.8375,0.9987499999999999,0.005067500000000001,3.55,46.31666666666667,-119.18333330000002
2003-05-17,1.5087518121667112,296.3,281.1625,0.17500000000000002,267.02500000000003,1.1600000000000001,0.005702500000000001,2.575,46.31666666666667,-119.18333330000002
2003-05-25,2.1738321584173725,301.41249999999997,285.9625,0.05,282.3875,1.4774999999999998,0.007642500000000001,3.5500000000000003,46.31666666666667,-119.18333330000002
2003-06-02,2.1151686764161686,303.425,285.8,0.0,369.725,1.83125,0.00687625,2.9375,46.31666666666667,-119.18333330000002
2003-06-10,2.115615890314251,301.45,285.3,0.0,345.8625,1.5725,0.0069099999999999995,3.0875000000000004,46.31666666666667,-119.18333330000002
2003-06-18,1.7752726785384614,299.475,284.32500000000005,0.0,333.975,1.4312500000000001,0.006351250000000001,4.0125,46.31666666666667,-119.18333330000002
2003-06-26,1.7141753701931615,304.1,286.46250000000003,0.0,348.3875,1.9750000000000003,0.00701125,3.2750000000000004,46.31666666666667,-119.18333330000002
2003-07-04,1.5778053833094003,305.27500000000003,286.375,0.0,335.90000000000003,1.9100000000000001,0.008136250000000001,3.4125,46.31666666666667,-119.18333330000002
2003-07-12,1.548746688471261,306.6375,288.6125,0.0,331.15000000000003,2.25625,0.008018750000000002,3.3125,46.31666666666667,-119.18333330000002
2003-07-20,1.446213983700322,309.5375,290.5625,0.0,320.75,2.90625,0.0072787500000000005,2.8749999999999996,46.31666666666667,-119.18333330000002
2003-07-28,1.3157147687410933,308.2375,291.1,0.07500000000000001,274.17500000000007,2.7600000000000002,0.00762375,2.9375,46.31666666666667,-119.18333330000002
2003-08-05,1.246661197598404,304.9375,288.6875,0.5375000000000001,298.4875,1.8624999999999998,0.008740000000000001,3.1375000000000006,46.31666666666667,-119.18333330000002
2003-08-13,1.3074101704724646,306.325,288.4,0.0,287.675,2.3125,0.0071625000000000005,2.8625,46.31666666666667,-119.18333330000002
2003-08-21,1.2389026916547001,303.4,286.9375,0.037500000000000006,264.425,1.7325,0.007798750000000001,3.1750000000000003,46.31666666666667,-119.18333330000002
2003-08-29,1.108304598268629,307.9375,289.2375,0.0,254.85,2.7325,0.006283750000000001,2.475,46.31666666666667,-119.18333330000002
2003-09-06,1.1092979044916362,297.975,283.32500000000005,0.9,175.0375,0.96,0.0083425,4.3125,46.31666666666667,-119.18333330000002
2003-09-14,1.1092979044916362,296.36249999999995,280.6375,0.0,206.53750000000005,0.9975,0.00605375,3.0875000000000004,46.31666666666667,-119.18333330000002
2003-09-22,1.1107384246127254,301.86249999999995,284.55,0.0,197.675,1.62125,0.006458750000000001,2.7,46.31666666666667,-119.18333330000002
2003-09-30,1.0403432117757896,300.48749999999995,284.41249999999997,0.0,170.4125,1.65625,0.0053025,2.7750000000000004,46.31666666666667,-119.18333330000002
2003-10-08,0.8413365179987965,289.075,277.4375,0.5,106.66250000000002,0.47375,0.005387500000000001,4.9125,46.31666666666667,-119.18333330000002
2003-10-16,0.7397971194508647,296.125,282.075,0.037500000000000006,118.925,0.79375,0.007721250000000001,4.625,46.31666666666667,-119.18333330000002
2003-10-24,0.6703952128369358,288.4375,275.35,0.0,106.42500000000001,0.72375,0.0036075000000000005,4.112500000000001,46.31666666666667,-119.18333330000002
2003-11-01,0.5009933062230071,279.85,268.90000000000003,0.0,76.925,0.39875000000000005,0.00201625,2.3375,46.31666666666667,-119.18333330000002
2003-11-09,0.4009933062230071,286.15,274.90000000000003,0.037500000000000006,71.25000000000001,0.49125,0.0038450000000000003,3.8125,46.31666666666667,-119.18333330000002
2003-11-17,0.36940190661392874,280.52500000000003,271.4625,0.3375,57.7125,0.29749999999999993,0.0035275000000000003,5.15,46.31666666666667,-119.18333330000002
2003-11-25,0.30000000000000004,281.5625,273.15,1.375,47.68750000000001,0.19,0.00426625,3.4875000000000003,46.31666666666667,-119.18333330000002
2003-12-03,0.26940190661392877,279.7,273.5375,0.9624999999999999,44.78750000000001,0.14,0.0041675,2.5125,46.31666666666667,-119.18333330000002
2003-12-11,0.2,276.82500000000005,271.4125,2.5625000000000004,44.912499999999994,0.0675,0.003795,3.125,46.31666666666667,-119.18333330000002
2003-12-19,0.16940190661392876,278.15,271.4875,0.55,49.025000000000006,0.0925,0.0038637500000000004,2.225,46.31666666666667,-119.18333330000002
2003-12-27,0.16796138649283945,273.8,268.62,1.1199999999999999,41.74,0.046,0.0031,2.6000000000000005,46.31666666666667,-119.18333330000002
2004-01-01,0.0,271.0,265.0625,2.0875000000000004,43.025000000000006,0.08125000000000002,0.00234125,2.625,46.31666666666667,-119.18333330000002
2004-01-09,0.1,275.0625,270.0125,0.08750000000000001,61.6875,0.0675,0.00328125,1.4500000000000002,46.31666666666667,-119.18333330000002
2004-01-17,0.1,274.75,269.625,1.2,58.75,0.07,0.0031925,1.3625000000000003,46.31666666666667,-119.18333330000002
2004-01-25,0.16895469271584654,278.275,272.66249999999997,0.8750000000000001,61.16250000000001,0.1275,0.0038487499999999997,4.800000000000001,46.31666666666667,-119.18333330000002
2004-02-02,0.2,278.95,271.375,0.55,70.4,0.12375,0.0038,2.25,46.31666666666667,-119.18333330000002
2004-02-10,0.2,280.025,271.0,1.8375,93.575,0.13125,0.003961250000000001,2.25,46.31666666666667,-119.18333330000002
2004-02-18,0.30000000000000004,283.7,273.3375,0.75,110.99999999999999,0.24999999999999997,0.00439875,2.6625000000000005,46.31666666666667,-119.18333330000002
2004-02-26,0.30044721389808227,285.1125,273.6875,0.9,118.1125,0.3575,0.004150000000000001,3.1000000000000005,46.31666666666667,-119.18333330000002
2004-03-05,0.469849120512011,291.0375,276.0625,0.0,155.025,0.70875,0.0044875,3.7375000000000007,46.31666666666667,-119.18333330000002
2004-03-13,0.5712896406331004,291.04999999999995,276.4375,0.0,177.20000000000002,0.7825,0.00403625,4.362500000000001,46.31666666666667,-119.18333330000002
2004-03-21,0.8388038132278575,291.2875,277.9625,0.1125,183.5125,0.7975,0.00430375,3.575,46.31666666666667,-119.18333330000002
2004-03-29,0.9402443333489469,291.6,276.4625,0.3375,202.4,0.7475,0.0045525,3.0125000000000006,46.31666666666667,-119.18333330000002
2004-04-06,1.1096462399628757,296.1,279.125,0.3375,255.35000000000005,1.0375,0.005313750000000001,2.5250000000000004,46.31666666666667,-119.18333330000002
2004-04-14,1.2091990260647933,290.52500000000003,276.5625,0.7999999999999999,201.6875,0.6024999999999999,0.0048675,3.3625000000000003,46.31666666666667,-119.18333330000002
2004-04-22,1.4106395461858827,296.23749999999995,278.88750000000005,0.07500000000000001,274.90000000000003,1.135,0.0048225,3.2875,46.31666666666667,-119.18333330000002
2004-04-30,1.4091990260647933,298.61249999999995,283.29999999999995,0.0,317.375,1.3699999999999999,0.00566375,3.2625,46.31666666666667,-119.18333330000002
2004-05-08,1.507758505943704,294.35,280.775,1.5875,272.825,0.8912500000000001,0.005635000000000001,2.9625,46.31666666666667,-119.18333330000002
2004-05-16,1.6446745851523898,295.1375,283.0875,1.875,253.4375,0.8200000000000001,0.007103750000000001,3.7625000000000006,46.31666666666667,-119.18333330000002
2004-05-24,1.8436812789293828,294.4125,282.11249999999995,0.375,258.7625,0.8225000000000001,0.006418750000000001,4.6875,46.31666666666667,-119.18333330000002
2004-06-01,2.0777163178958906,298.45,283.525,2.7125,288.575,1.17875,0.007191250000000001,3.45,46.31666666666667,-119.18333330000002
2004-06-09,2.283040997495498,295.8625,282.08750000000003,1.1,311.375,0.90375,0.00667875,4.0875,46.31666666666667,-119.18333330000002
2004-06-17,2.3894578617449556,305.96250000000003,289.275,0.0,368.11250000000007,2.3475,0.007091250000000001,2.525,46.31666666666667,-119.18333330000002
2004-06-25,2.117066223448673,306.06250000000006,289.675,0.07500000000000001,352.25,2.0725000000000002,0.008755,3.1125,46.31666666666667,-119.18333330000002
2004-07-03,2.091891688089052,301.2875,285.9875,0.0,332.93750000000006,1.3562500000000002,0.00821,3.9250000000000003,46.31666666666667,-119.18333330000002
2004-07-11,1.813728156295079,308.58750000000003,290.4125,0.0,319.6375,2.55625,0.00863,2.95,46.31666666666667,-119.18333330000002
2004-07-19,1.7535252757459439,306.85,290.53749999999997,0.07500000000000001,321.00000000000006,2.2512499999999998,0.008783750000000002,3.3125,46.31666666666667,-119.18333330000002
2004-07-27,1.6831300629090082,307.825,290.675,0.0,313.3125,2.5275000000000003,0.007885000000000001,3.0749999999999997,46.31666666666667,-119.18333330000002
2004-08-04,1.5772592909844754,303.70000000000005,287.77500000000003,0.9375,270.4875,1.66375,0.009068750000000002,2.9500000000000006,46.31666666666667,-119.18333330000002
2004-08-12,1.3786998111055646,310.95,294.0875,0.0,281.77500000000003,3.06125,0.00929875,2.7875,46.31666666666667,-119.18333330000002
2004-08-20,1.3101923322878004,298.21250000000003,286.7,1.1375,215.62500000000003,0.7862500000000001,0.010515,5.9875,46.31666666666667,-119.18333330000002
2004-08-28,1.2106395461858825,301.65,285.52500000000003,0.0,237.53750000000002,1.51375,0.00764,3.4375000000000004,46.31666666666667,-119.18333330000002
2004-09-05,1.110639546185883,299.5625,285.02500000000003,0.0,209.1875,1.37625,0.006615000000000001,3.225,46.31666666666667,-119.18333330000002
2004-09-13,1.1096462399628757,293.2125,280.275,0.65,145.275,0.57375,0.0069562500000000015,4.5875,46.31666666666667,-119.18333330000002
2004-09-21,1.0703952128369358,300.22499999999997,284.3125,0.0,184.07500000000002,1.33,0.007228749999999999,2.1,46.31666666666667,-119.18333330000002
2004-09-29,0.9397971194508646,298.275,283.3875,0.05,167.925,1.26375,0.006116249999999999,2.5500000000000003,46.31666666666667,-119.18333330000002
2004-10-07,0.8403432117757893,295.23749999999995,280.59999999999997,0.6625000000000001,148.925,0.8362499999999999,0.006438750000000002,2.8,46.31666666666667,-119.18333330000002
2004-10-15,0.7397971194508647,289.6875,280.0125,0.85,80.925,0.40125,0.0066099999999999996,4.625000000000001,46.31666666666667,-119.18333330000002
2004-10-23,0.7393499055527825,287.425,274.3375,0.0,116.93750000000001,0.41500000000000004,0.0046,4.0375000000000005,46.31666666666667,-119.18333330000002
2004-10-31,0.7703952128369359,284.71250000000003,273.875,0.75,83.78750000000001,0.38750000000000007,0.00392125,2.9375000000000004,46.31666666666667,-119.18333330000002
2004-11-08,0.7073112920456218,284.575,273.975,0.1875,75.00000000000001,0.26875000000000004,0.004595,1.4625000000000004,46.31666666666667,-119.18333330000002
2004-11-16,0.7369160792086861,282.34999999999997,272.17499999999995,0.1,65.05000000000001,0.23500000000000001,0.00400375,2.825,46.31666666666667,-119.18333330000002
2004-11-24,0.6689546927158466,280.675,271.8875,0.47500000000000003,51.199999999999996,0.165,0.00410875,3.3875,46.31666666666667,-119.18333330000002
2004-12-02,0.636916079208686,278.3125,271.6875,1.05,44.3375,0.09625000000000002,0.00392,3.3750000000000004,46.31666666666667,-119.18333330000002
2004-12-10,0.8689546927158465,282.6875,274.65,0.225,45.1875,0.22125,0.0045537500000000005,3.0875000000000004,46.31666666666667,-119.18333330000002
2004-12-18,0.6685074788177644,279.4875,270.6375,0.0,52.725,0.18124999999999997,0.0034637500000000002,2.4250000000000003,46.31666666666667,-119.18333330000002
2004-12-26,0.7373632931067683,277.5833333333333,271.86666666666673,1.6333333333333335,43.583333333333336,0.09500000000000001,0.003845,2.0500000000000003,46.31666666666667,-119.18333330000002
2005-01-01,0.36796138649283944,273.0875,268.2,1.1625,45.9375,0.04625,0.00295375,2.3750000000000004,46.31666666666667,-119.18333330000002
2005-01-09,0.3689546927158465,271.84999999999997,266.2875,0.625,51.55,0.056249999999999994,0.0025700000000000002,3.075,46.31666666666667,-119.18333330000002
2005-01-17,0.3689546927158465,279.7,272.825,0.1875,59.275000000000006,0.20000000000000004,0.0037662500000000005,2.0375,46.31666666666667,-119.18333330000002
2005-01-25,0.43691607920868597,284.09999999999997,273.28749999999997,0.0,65.78750000000001,0.31,0.00415375,2.2375,46.31666666666667,-119.18333330000002
2005-02-02,0.43691607920868597,285.775,271.4375,0.0,88.28750000000001,0.50625,0.0032725000000000002,2.6874999999999996,46.31666666666667,-119.18333330000002
2005-02-10,0.4679613864928394,281.5125,267.96250000000003,0.0,114.7625,0.32625000000000004,0.0027587500000000004,2.5125,46.31666666666667,-119.18333330000002
2005-02-18,0.536916079208686,281.7375,266.9875,0.0,134.05,0.31625000000000003,0.0029387500000000004,1.425,46.31666666666667,-119.18333330000002
2005-02-26,0.636916079208686,290.1875,273.6,0.1875,148.35,0.61625,0.004211250000000001,2.1250000000000004,46.31666666666667,-119.18333330000002
2005-03-06,0.7359227729856789,294.12500000000006,277.2375,0.0,178.7375,0.93125,0.00462,3.0875000000000004,46.31666666666667,-119.18333330000002
2005-03-14,0.8752726785384611,289.48749999999995,274.5,0.325,171.16250000000002,0.72625,0.0034550000000000006,4.412500000000001,46.31666666666667,-119.18333330000002
2005-03-22,1.1146225840912436,285.7875,274.61249999999995,1.2875,112.38749999999999,0.43500000000000005,0.00409125,4.5125,46.31666666666667,-119.18333330000002
2005-03-30,1.3126359716452294,289.2,276.7375,1.0,169.91250000000002,0.6062500000000001,0.0045175,3.475,46.31666666666667,-119.18333330000002
2005-04-07,1.7180595296716796,289.4,276.92499999999995,0.1,209.925,0.7000000000000001,0.004008750000000001,3.7250000000000005,46.31666666666667,-119.18333330000002
2005-04-15,1.8180595296716795,292.7,278.3875,0.08750000000000001,218.75000000000003,0.8899999999999999,0.00447125,3.1875000000000004,46.31666666666667,-119.18333330000002
2005-04-23,1.5782525972074826,295.925,281.1375,0.475,246.3125,1.02625,0.005867500000000001,2.8375000000000004,46.31666666666667,-119.18333330000002
2005-05-01,1.9554228227784483,294.9375,282.72499999999997,0.4,225.68750000000006,0.8200000000000001,0.00684375,2.725,46.31666666666667,-119.18333330000002
2005-05-09,2.0903522895411197,296.925,284.16249999999997,1.6125000000000003,266.09999999999997,0.9150000000000001,0.00771625,3.1375,46.31666666666667,-119.18333330000002
2005-05-17,1.5777065048825576,294.5,281.0125,0.4375,288.175,0.91625,0.005605000000000001,3.3000000000000003,46.31666666666667,-119.18333330000002
2005-05-25,2.085474823839595,302.28749999999997,286.475,0.0,332.6625,1.88625,0.0060875,3.875000000000001,46.31666666666667,-119.18333330000002
2005-06-02,2.0175134373467554,296.6125,281.525,1.0125,322.925,1.09625,0.005743750000000001,4.2,46.31666666666667,-119.18333330000002
2005-06-10,2.058849955345552,298.36249999999995,284.125,0.07500000000000001,322.35,1.3175000000000001,0.0059900000000000005,3.7,46.31666666666667,-119.18333330000002
2005-06-18,1.912734850072072,303.9875,287.9625,0.0,362.55,2.11,0.00628125,3.125,46.31666666666667,-119.18333330000002
2005-06-26,1.7141753701931615,301.33750000000003,286.08750000000003,0.0,297.73750000000007,1.4075000000000002,0.008022500000000002,3.5625,46.31666666666667,-119.18333330000002
2005-07-04,1.5156158903142507,302.1125,286.5625,0.6375000000000001,290.6,1.3675000000000002,0.00907875,3.9875000000000003,46.31666666666667,-119.18333330000002
2005-07-12,1.509843996816561,305.92499999999995,288.58750000000003,0.0,337.15000000000003,2.1475,0.00787375,3.1625,46.31666666666667,-119.18333330000002
2005-07-20,1.3404420902026322,307.7,289.3125,0.0,328.95000000000005,2.6837500000000003,0.00639125,2.6250000000000004,46.31666666666667,-119.18333330000002
2005-07-28,1.2733751315059572,308.05,288.9375,0.0,317.27500000000003,2.76375,0.0061825000000000005,2.975,46.31666666666667,-119.18333330000002
2005-08-05,1.2039732248920285,307.675,287.71250000000003,0.0,305.87500000000006,2.5687500000000005,0.006521250000000001,3.3,46.31666666666667,-119.18333330000002
2005-08-13,1.1733751315059573,304.5625,287.88750000000005,0.1125,269.725,1.9575,0.007646250000000002,2.4250000000000003,46.31666666666667,-119.18333330000002
2005-08-21,1.172927917607875,304.74999999999994,286.8125,0.0,275.50000000000006,2.0775000000000006,0.0068125,2.9625000000000004,46.31666666666667,-119.18333330000002
2005-08-29,1.2413365179987965,300.21250000000003,284.425,0.0,245.375,1.39,0.006897500000000001,3.0875,46.31666666666667,-119.18333330000002
2005-09-06,1.17238182528295,299.1125,283.675,0.07500000000000001,218.2375,1.4375,0.005828750000000001,2.85,46.31666666666667,-119.18333330000002
2005-09-14,1.17238182528295,297.47499999999997,281.2875,0.0,210.33750000000003,1.14625,0.005810000000000001,3.4500000000000006,46.31666666666667,-119.18333330000002
2005-09-22,1.07238182528295,296.76250000000005,280.46250000000003,0.1625,180.10000000000002,1.27375,0.0045225000000000005,3.0500000000000003,46.31666666666667,-119.18333330000002
2005-09-30,0.9728290391810323,291.86249999999995,280.9,2.6625,142.9375,0.54,0.006838750000000001,3.525,46.31666666666667,-119.18333330000002
2005-10-08,0.9024338263440964,292.7625,280.4375,0.0,131.5125,0.66,0.00627375,2.9375000000000004,46.31666666666667,-119.18333330000002
2005-10-16,0.8699479989388536,292.8125,280.3625,0.5375000000000001,115.075,0.58125,0.006786250000000001,3.3750000000000004,46.31666666666667,-119.18333330000002
2005-10-24,0.8699479989388536,288.975,277.59999999999997,0.6625000000000001,97.4625,0.425,0.005792500000000001,3.2750000000000004,46.31666666666667,-119.18333330000002
2005-11-01,0.700993306223007,284.21250000000003,276.125,1.1875,75.2125,0.25125000000000003,0.004936250000000001,4.500000000000001,46.31666666666667,-119.18333330000002
2005-11-09,0.6995527861019178,283.075,275.3875,0.775,71.7,0.33,0.00403,3.35,46.31666666666667,-119.18333330000002
2005-11-17,0.5995527861019179,279.8875,271.5,0.15000000000000002,76.05,0.135,0.00395375,1.4750000000000003,46.31666666666667,-119.18333330000002
2005-11-25,0.5995527861019179,276.72499999999997,271.0625,1.3625000000000003,42.487500000000004,0.11375,0.00343125,3.3000000000000003,46.31666666666667,-119.18333330000002
2005-12-03,0.5009933062230071,273.4875,267.15,0.0,55.7,0.1175,0.002505,2.0375,46.31666666666667,-119.18333330000002
2005-12-11,0.6995527861019178,269.35,261.7875,0.0,59.287499999999994,0.07999999999999999,0.0017512500000000002,1.6875000000000002,46.31666666666667,-119.18333330000002
2005-12-19,0.43159139960907833,277.5375,272.45000000000005,1.9375,34.75,0.145,0.0036637500000000003,2.1125000000000003,46.31666666666667,-119.18333330000002
2005-12-27,0.3995527861019178,281.52,276.35999999999996,7.7,33.6,0.144,0.004960000000000001,2.7,46.31666666666667,-119.18333330000002
2006-01-01,0.30000000000000004,282.38750000000005,274.8125,0.5375000000000001,47.112500000000004,0.20625000000000002,0.004523750000000001,3.1875000000000004,46.31666666666667,-119.18333330000002
2006-01-09,0.3985594798789107,282.2625,275.5625,3.7750000000000004,40.5875,0.20750000000000002,0.004697500000000001,4.887499999999999,46.31666666666667,-119.18333330000002
2006-01-17,0.3985594798789107,281.5375,273.175,0.9125000000000001,53.375,0.18875,0.00417875,3.2375,46.31666666666667,-119.18333330000002
2006-01-25,0.3985594798789107,282.62499999999994,273.575,0.6875,64.86250000000001,0.29500000000000004,0.0038825,5.575,46.31666666666667,-119.18333330000002
2006-02-02,0.4,284.46250000000003,273.5,0.1,85.03750000000001,0.4575,0.0033237500000000003,3.75,46.31666666666667,-119.18333330000002
2006-02-10,0.4,279.4125,268.3,0.0,98.5,0.36750000000000005,0.0021362500000000006,3.3125000000000004,46.31666666666667,-119.18333330000002
2006-02-18,0.4,278.9125,267.23749999999995,0.0,125.125,0.31125,0.0024275,3.875,46.31666666666667,-119.18333330000002
2006-02-26,0.4,287.56250000000006,275.1125,0.925,128.875,0.57625,0.00377625,3.4250000000000003,46.31666666666667,-119.18333330000002
2006-03-06,0.4009933062230071,283.4875,271.225,0.0625,148.20000000000002,0.3725,0.0033525000000000004,3.8875,46.31666666666667,-119.18333330000002
2006-03-14,0.5009933062230071,286.2125,274.92499999999995,0.5375,150.73749999999998,0.5175000000000001,0.0036687500000000006,2.825,46.31666666666667,-119.18333330000002
2006-03-22,0.5014405201210893,289.8375,277.04999999999995,0.675,166.8,0.6687500000000001,0.0043837500000000005,3.2125000000000004,46.31666666666667,-119.18333330000002
2006-03-30,0.700993306223007,289.33750000000003,277.1375,1.8625000000000003,186.1,0.515,0.0051062500000000005,3.4125,46.31666666666667,-119.18333330000002
2006-04-07,0.8009933062230071,290.675,278.71250000000003,1.4500000000000002,183.925,0.5987500000000001,0.0053837500000000005,3.5500000000000003,46.31666666666667,-119.18333330000002
2006-04-15,1.170395212836936,291.075,276.275,0.36250000000000004,254.90000000000003,0.80125,0.00398875,3.2375000000000003,46.31666666666667,-119.18333330000002
2006-04-23,1.3689546927158465,294.675,279.125,0.05,272.05,1.04375,0.00466375,3.325,46.31666666666667,-119.18333330000002
2006-05-01,1.3699479989388537,292.93750000000006,277.6875,0.07500000000000001,302.32500000000005,1.0025,0.0037287500000000003,4.1625,46.31666666666667,-119.18333330000002
2006-05-09,1.5369160792086862,299.7125,280.875,0.0,321.88750000000005,1.5875,0.0050575,2.9375,46.31666666666667,-119.18333330000002
2006-05-17,1.7058707719245325,301.25,287.675,3.0500000000000003,263.0625,1.55875,0.00817375,2.875000000000001,46.31666666666667,-119.18333330000002
2006-05-25,2.078709624118898,296.7,281.85,0.0,277.05,1.1425,0.0059325,3.6750000000000003,46.31666666666667,-119.18333330000002
2006-06-02,2.3418924233370544,298.32500000000005,284.90000000000003,2.0250000000000004,299.81250000000006,0.935,0.0086875,2.9875,46.31666666666667,-119.18333330000002
2006-06-10,2.5472171029366617,298.325,284.43750000000006,1.6,309.25,0.9550000000000002,0.008325,3.8,46.31666666666667,-119.18333330000002
2006-06-18,2.5156257033275837,301.7875,284.725,0.0,378.57500000000005,1.7700000000000002,0.00575,2.5250000000000004,46.31666666666667,-119.18333330000002
2006-06-26,2.388454742508616,307.92499999999995,291.0875,0.08750000000000001,332.0875,2.505,0.00856,2.5625,46.31666666666667,-119.18333330000002
2006-07-04,2.2632703941356622,306.275,289.58750000000003,0.0,334.675,2.1700000000000004,0.008426250000000001,3.0000000000000004,46.31666666666667,-119.18333330000002
2006-07-12,2.1190430228813546,304.22499999999997,286.5125,0.0,331.01250000000005,1.9462499999999998,0.006906250000000002,3.4625000000000004,46.31666666666667,-119.18333330000002
2006-07-20,1.924814916379044,311.2875,292.06250000000006,0.0,314.01250000000005,3.24375,0.007801250000000001,3.0375000000000005,46.31666666666667,-119.18333330000002
2006-07-28,1.7176025027602648,301.77500000000003,284.28749999999997,0.0,315.55000000000007,1.6099999999999999,0.006541250000000001,3.65,46.31666666666667,-119.18333330000002
2006-08-05,1.509297904491636,305.0875,287.425,0.0,295.28749999999997,2.0387500000000003,0.00749625,3.0125,46.31666666666667,-119.18333330000002
2006-08-13,1.3413365179987966,305.90000000000003,287.775,0.0,291.625,2.2687500000000003,0.0067625,2.1750000000000003,46.31666666666667,-119.18333330000002
2006-08-21,1.272927917607875,305.5625,287.5,0.0,272.09999999999997,2.2649999999999997,0.00667125,2.8625000000000003,46.31666666666667,-119.18333330000002
2006-08-29,1.2039732248920285,303.61249999999995,284.6875,0.0,255.725,2.0575,0.005825,3.325,46.31666666666667,-119.18333330000002
2006-09-06,1.1350185321761819,303.2,286.025,0.0,232.82500000000005,1.9425,0.006231250000000001,3.0,46.31666666666667,-119.18333330000002
2006-09-14,1.1019866124460143,292.2625,278.7,0.7250000000000001,177.28750000000002,0.435,0.007153750000000001,3.9875,46.31666666666667,-119.18333330000002
2006-09-22,1.100993306223007,299.30000000000007,282.4625,0.0,197.15000000000003,1.2337500000000001,0.006826250000000001,1.7,46.31666666666667,-119.18333330000002
2006-09-30,0.9699479989388536,295.45000000000005,281.3625,0.125,154.51250000000002,1.01625,0.00562375,2.8750000000000004,46.31666666666667,-119.18333330000002
2006-10-08,0.9689546927158466,292.5625,278.475,0.9625,136.4,0.88375,0.0044425,2.1875,46.31666666666667,-119.18333330000002
2006-10-16,0.8689546927158465,288.5375,276.625,0.5625,121.35000000000002,0.3375,0.0058512500000000005,3.0875000000000004,46.31666666666667,-119.18333330000002
2006-10-24,0.8359227729856787,286.87500000000006,272.37500000000006,0.0,128.5875,0.47624999999999995,0.0039587500000000005,3.85,46.31666666666667,-119.18333330000002
2006-11-01,0.7369160792086861,286.51250000000005,277.1375,1.6375,58.4625,0.36000000000000004,0.0054487500000000005,4.612500000000001,46.31666666666667,-119.18333330000002
2006-11-09,0.6675141725947572,283.875,274.96250000000003,1.0625,65.35,0.38,0.0038575000000000007,5.175000000000001,46.31666666666667,-119.18333330000002
2006-11-17,0.5675141725947573,283.7125,274.75,1.0750000000000002,56.53750000000001,0.3775,0.0038050000000000002,4.0125,46.31666666666667,-119.18333330000002
2006-11-25,0.4995527861019177,276.26250000000005,269.875,0.5375,52.5375,0.16624999999999998,0.0028775000000000003,3.2,46.31666666666667,-119.18333330000002
2006-12-03,0.4981122659808284,274.9125,269.5375,0.4625,51.625,0.08750000000000002,0.00311125,1.5,46.31666666666667,-119.18333330000002
2006-12-11,0.4679613864928394,278.1875,271.7375,3.0250000000000004,48.125,0.1775,0.0035037500000000004,4.1000000000000005,46.31666666666667,-119.18333330000002
2006-12-19,0.5679613864928396,274.4625,269.5875,2.5375,45.225,0.07,0.0031512500000000004,1.8500000000000003,46.31666666666667,-119.18333330000002
2006-12-27,0.5,274.64,268.91999999999996,0.52,53.24000000000001,0.1,0.002958,2.0,46.31666666666667,-119.18333330000002
2007-01-01,0.30000000000000004,279.94999999999993,272.275,1.1,41.800000000000004,0.22375000000000003,0.00354375,5.000000000000001,46.31666666666667,-119.18333330000002
2007-01-09,0.2995527861019178,274.6,265.5,0.17500000000000002,58.975,0.20000000000000004,0.00217875,2.6625000000000005,46.31666666666667,-119.18333330000002
2007-01-17,0.2995527861019178,275.66249999999997,268.3875,0.037500000000000006,58.6875,0.13125,0.0028175,2.1625,46.31666666666667,-119.18333330000002
2007-01-25,0.2,275.2875,268.06249999999994,0.0,79.92500000000001,0.1275,0.0027437500000000005,1.0750000000000002,46.31666666666667,-119.18333330000002
2007-02-02,0.2,278.1875,271.65,1.2375000000000003,78.3875,0.13625,0.0036212500000000003,1.4375000000000002,46.31666666666667,-119.18333330000002
2007-02-10,0.2,283.86249999999995,274.675,1.15,90.6875,0.265,0.00464125,2.6125,46.31666666666667,-119.18333330000002
2007-02-18,0.30000000000000004,283.3,274.16249999999997,0.8250000000000001,97.62500000000003,0.32125,0.00397875,4.137500000000001,46.31666666666667,-119.18333330000002
2007-02-26,0.4,282.8125,271.425,0.07500000000000001,122.77500000000002,0.32,0.00347,2.6875,46.31666666666667,-119.18333330000002
2007-03-06,0.5679613864928396,289.5875,277.025,0.0,136.225,0.5487500000000001,0.005053750000000001,3.5375000000000005,46.31666666666667,-119.18333330000002
2007-03-14,0.7689546927158465,290.775,276.6875,0.05,179.82500000000002,0.735,0.0043637500000000004,3.5125,46.31666666666667,-119.18333330000002
2007-03-22,0.9689546927158466,289.225,276.20000000000005,1.9875,155.7375,0.5700000000000001,0.004606250000000001,3.4875000000000007,46.31666666666667,-119.18333330000002
2007-03-30,1.236916079208686,289.46250000000003,276.34999999999997,0.23750000000000002,197.2375,0.6825,0.0041175000000000005,3.225,46.31666666666667,-119.18333330000002
2007-04-07,1.4742793723154544,290.45,278.17499999999995,0.9125000000000001,203.71250000000003,0.68625,0.004721250000000001,4.4,46.31666666666667,-119.18333330000002
2007-04-15,1.507758505943704,290.225,276.4375,0.36250000000000004,231.31250000000003,0.73875,0.0039375,3.15,46.31666666666667,-119.18333330000002
2007-04-23,1.5091990260647934,295.17499999999995,279.6,0.0,260.875,1.02375,0.004998750000000001,3.4875000000000007,46.31666666666667,-119.18333330000002
2007-05-01,1.677607626455715,294.7125,278.7875,0.9375,285.525,1.03,0.00499375,3.325,46.31666666666667,-119.18333330000002
2007-05-09,1.676265984761468,299.5125,283.325,0.0,334.50000000000006,1.5512499999999998,0.005105000000000001,2.7375000000000003,46.31666666666667,-119.18333330000002
2007-05-17,1.7073112920456215,296.76250000000005,280.88750000000005,0.21250000000000002,309.525,1.1800000000000002,0.0052587499999999995,3.9125000000000005,46.31666666666667,-119.18333330000002
2007-05-25,1.944227371254308,301.8,284.48749999999995,0.0,346.76250000000005,1.815,0.005477500000000001,2.6625,46.31666666666667,-119.18333330000002
2007-06-02,2.1127348500720724,299.7,285.91249999999997,2.1750000000000003,278.9875,1.4562499999999998,0.0073125,3.5500000000000003,46.31666666666667,-119.18333330000002
2007-06-10,2.2822356351128437,296.95,283.1125,0.23750000000000002,333.1625,1.135,0.0060437500000000005,4.1125,46.31666666666667,-119.18333330000002
2007-06-18,1.9122778231606574,300.38750000000005,284.4875,0.0,366.775,1.57125,0.0059650000000000016,3.4000000000000004,46.31666666666667,-119.18333330000002
2007-06-26,2.1133798208238397,302.85,286.17499999999995,0.07500000000000001,332.7875,1.8075,0.006615000000000001,3.0,46.31666666666667,-119.18333330000002
2007-07-04,2.2804467795205148,308.67499999999995,290.1125,0.0,342.51250000000005,2.6762500000000005,0.0076862499999999995,2.9625000000000004,46.31666666666667,-119.18333330000002
2007-07-12,1.8104889675683284,307.5375,292.41249999999997,0.3375,304.06250000000006,2.5000000000000004,0.008851250000000001,3.4250000000000003,46.31666666666667,-119.18333330000002
2007-07-20,1.8104889675683284,306.1375,290.5,0.0,306.81250000000006,2.2037500000000003,0.00840625,2.925,46.31666666666667,-119.18333330000002
2007-07-28,1.5740201022577247,305.9625,287.875,0.0,320.0375,2.4225000000000003,0.00584625,3.2125,46.31666666666667,-119.18333330000002
2007-08-05,1.5424287026486463,303.5,286.25,0.0,304.825,1.75875,0.007370000000000001,3.6375000000000006,46.31666666666667,-119.18333330000002
2007-08-13,1.442428702648646,302.0,286.74999999999994,0.375,240.11250000000004,1.77875,0.0074600000000000005,3.225,46.31666666666667,-119.18333330000002
2007-08-21,1.5103900891414856,301.65,285.8875,0.0,272.75,1.5187499999999998,0.007477500000000001,2.2625,46.31666666666667,-119.18333330000002
2007-08-29,1.4108373030395678,304.8125,289.33750000000003,0.15000000000000002,240.32500000000002,1.9700000000000002,0.0083125,2.7750000000000004,46.31666666666667,-119.18333330000002
2007-09-06,1.4074101704724644,301.075,283.6875,0.0,238.25000000000003,1.7612499999999998,0.0049175,2.85,46.31666666666667,-119.18333330000002
2007-09-14,1.1758187708633863,297.35,281.4625,0.0,204.7875,1.1125000000000003,0.00608875,3.8750000000000004,46.31666666666667,-119.18333330000002
2007-09-22,1.1738321584173719,294.5875,278.81249999999994,0.45,189.75000000000003,0.90375,0.0053425,3.7375,46.31666666666667,-119.18333330000002
2007-09-30,1.1427868511332184,289.85,278.66249999999997,0.7000000000000001,133.25,0.5387500000000001,0.0054712499999999996,4.800000000000001,46.31666666666667,-119.18333330000002
2007-10-08,1.0058707719245326,293.8125,280.6125,0.1625,127.72500000000001,0.8375,0.0057625,2.4,46.31666666666667,-119.18333330000002
2007-10-16,0.974825464640379,289.4625,277.41249999999997,1.1125,109.75,0.47624999999999995,0.005611250000000001,4.2375,46.31666666666667,-119.18333330000002
2007-10-24,0.974825464640379,288.06250000000006,274.47499999999997,0.0,123.64999999999999,0.6150000000000001,0.0037725000000000007,2.4,46.31666666666667,-119.18333330000002
2007-11-01,0.8369160792086859,288.8125,275.8,0.0,91.7,0.6224999999999999,0.0040425,2.0500000000000003,46.31666666666667,-119.18333330000002
2007-11-09,0.7369160792086861,286.5625,276.0125,0.2625,63.912499999999994,0.47125,0.0043075000000000006,4.1875,46.31666666666667,-119.18333330000002
2007-11-17,0.636916079208686,278.4625,271.4625,3.3000000000000003,60.175000000000004,0.0975,0.004103750000000001,2.0500000000000003,46.31666666666667,-119.18333330000002
2007-11-25,0.5689546927158465,274.4375,267.3,0.3375,48.31250000000001,0.036250000000000004,0.003172500000000001,2.55,46.31666666666667,-119.18333330000002
2007-12-03,0.4995527861019177,281.7625,273.7,2.1125,46.0875,0.255,0.0040637500000000005,3.2125000000000004,46.31666666666667,-119.18333330000002
2007-12-11,0.4009933062230071,277.1,270.4375,0.07500000000000001,49.93750000000001,0.14250000000000002,0.0032037500000000004,2.475,46.31666666666667,-119.18333330000002
2007-12-19,0.3995527861019178,279.425,272.0125,0.23750000000000002,39.325,0.21749999999999997,0.0034175000000000004,4.225,46.31666666666667,-119.18333330000002
2007-12-27,0.3689546927158465,276.84,270.93999999999994,0.26,48.720000000000006,0.156,0.0031420000000000003,4.94,46.31666666666667,-119.18333330000002
2008-01-01,0.3995527861019178,279.1875,271.0875,1.2875,45.650000000000006,0.23625000000000002,0.0031612500000000004,2.6125,46.31666666666667,-119.18333330000002
2008-01-09,0.3995527861019178,277.63750000000005,270.71250000000003,0.375,54.55000000000001,0.18375,0.0030862500000000005,3.5875000000000004,46.31666666666667,-119.18333330000002
2008-01-17,0.3985594798789107,273.4375,265.07500000000005,0.05,63.98750000000001,0.14125000000000001,0.00217625,2.325,46.31666666666667,-119.18333330000002
2008-01-25,0.36796138649283944,275.825,267.82500000000005,2.475,64.05000000000001,0.14375,0.0027575,3.825,46.31666666666667,-119.18333330000002
2008-02-02,0.3985594798789107,279.1875,271.02500000000003,1.1750000000000003,75.2875,0.19,0.0034975000000000006,4.8625,46.31666666666667,-119.18333330000002
2008-02-10,0.30000000000000004,286.1875,274.8875,0.0625,98.03750000000001,0.46125000000000005,0.0040175,3.45,46.31666666666667,-119.18333330000002
2008-02-18,0.3995527861019178,284.5,273.63750000000005,0.2625,112.47500000000001,0.37375,0.0038937500000000005,1.8749999999999998,46.31666666666667,-119.18333330000002
2008-02-26,0.49855947987891064,287.1125,274.5375,0.15000000000000002,114.73749999999998,0.49250000000000005,0.004090000000000001,3.7,46.31666666666667,-119.18333330000002
2008-03-05,0.5005460923249249,288.05,274.5875,0.4,154.0375,0.5650000000000001,0.003931250000000001,2.8625000000000003,46.31666666666667,-119.18333330000002
2008-03-13,0.7369160792086861,285.46250000000003,273.7375,1.1,144.25,0.42625,0.00382,4.0125,46.31666666666667,-119.18333330000002
2008-03-21,0.9374621715336108,285.025,273.45000000000005,0.1,185.10000000000002,0.5512500000000001,0.0029175000000000004,4.487500000000001,46.31666666666667,-119.18333330000002
2008-03-29,1.0695007850407714,285.85,272.6,0.1375,215.41250000000002,0.5950000000000001,0.0027825000000000003,3.7375000000000003,46.31666666666667,-119.18333330000002
2008-04-06,1.2695007850407716,290.75,276.3875,0.0,225.125,0.8425,0.00386,3.475000000000001,46.31666666666667,-119.18333330000002
2008-04-14,1.5690535711426892,287.4375,273.61249999999995,0.3875,219.25000000000003,0.6625,0.0030800000000000003,4.575000000000001,46.31666666666667,-119.18333330000002
2008-04-22,1.6991055722038357,291.9125,277.46250000000003,0.15000000000000002,260.225,0.93625,0.0037862500000000006,3.7625,46.31666666666667,-119.18333330000002
2008-04-30,1.7991055722038354,293.8625,279.6,0.0,292.76250000000005,1.05,0.004325000000000001,3.1750000000000003,46.31666666666667,-119.18333330000002
2008-05-08,1.9665208663717502,294.0375,279.275,0.07500000000000001,265.5,0.9375,0.005060000000000001,3.9499999999999997,46.31666666666667,-119.18333330000002
2008-05-16,1.8373632931067685,301.02500000000003,285.9625,0.28750000000000003,280.2875,1.7075,0.006628750000000002,3.5875000000000004,46.31666666666667,-119.18333330000002
2008-05-24,2.003436945580436,299.0625,285.075,0.825,301.9375,1.30625,0.00673875,2.4125,46.31666666666667,-119.18333330000002
2008-06-01,2.0417935449102114,293.8625,281.2,1.2875,273.46250000000003,0.845,0.005956250000000001,5.074999999999999,46.31666666666667,-119.18333330000002
2008-06-09,2.2394585969929577,297.55,282.25,0.42500000000000004,322.20000000000005,1.27125,0.0056225,4.0875,46.31666666666667,-119.18333330000002
2008-06-17,2.105522436453293,302.27500000000003,285.6375,0.4375,353.225,1.8824999999999998,0.005698750000000001,3.125,46.31666666666667,-119.18333330000002
2008-06-25,2.3171651018755157,308.325,290.7375,0.0,358.4375,2.80125,0.007137500000000001,2.4625000000000004,46.31666666666667,-119.18333330000002
2008-07-03,1.8816895427879186,304.5,288.4875,0.0,326.5,1.93625,0.00793375,3.8625,46.31666666666667,-119.18333330000002
2008-07-11,2.025916914042227,304.75,287.2125,0.0,340.0875000000001,2.31,0.005356250000000001,3.1000000000000005,46.31666666666667,-119.18333330000002
2008-07-19,1.8195989282196117,304.6,287.0,0.0,328.375,2.10125,0.00648,3.2,46.31666666666667,-119.18333330000002
2008-07-27,1.654518581968951,301.30000000000007,284.86249999999995,0.0,311.70000000000005,1.5037500000000001,0.0069162500000000005,3.9750000000000005,46.31666666666667,-119.18333330000002
2008-08-04,1.7453195559041574,305.5375,287.875,0.325,284.58750000000003,2.22,0.0071175000000000006,3.325,46.31666666666667,-119.18333330000002
2008-08-12,1.6437801573562254,308.49999999999994,291.525,0.4,270.325,2.7775,0.007876250000000001,3.0125,46.31666666666667,-119.18333330000002
2008-08-20,1.7821367566860007,298.2125,284.35,0.375,216.825,1.0637500000000002,0.007756250000000001,3.9875000000000007,46.31666666666667,-119.18333330000002
2008-08-28,1.6442273712543076,298.29999999999995,281.48749999999995,0.0,251.45000000000005,1.19,0.006266250000000001,3.2500000000000004,46.31666666666667,-119.18333330000002
2008-09-05,1.5752726785384612,300.59999999999997,283.2625,0.0,235.81250000000006,1.51,0.0059325,2.6375,46.31666666666667,-119.18333330000002
2008-09-13,1.4077585059437039,303.2,284.7375,0.2625,201.0875,1.9287500000000002,0.005818750000000001,2.3000000000000003,46.31666666666667,-119.18333330000002
2008-09-21,1.236916079208686,295.875,280.225,0.0,194.62500000000003,0.86,0.0065249999999999996,3.4500000000000006,46.31666666666667,-119.18333330000002
2008-09-29,1.0694019066139286,296.725,282.55,0.4625,137.41250000000002,1.02,0.006768750000000001,3.1750000000000003,46.31666666666667,-119.18333330000002
2008-10-07,0.9694019066139288,288.4125,274.375,0.0,147.20000000000002,0.6537499999999999,0.0035900000000000007,3.6625000000000005,46.31666666666667,-119.18333330000002
2008-10-15,0.8694019066139288,290.35,276.4125,0.05,123.4,0.6550000000000001,0.004605,2.95,46.31666666666667,-119.18333330000002
2008-10-23,0.8373632931067682,290.15000000000003,274.53749999999997,0.0,126.8875,0.81625,0.00312125,2.0,46.31666666666667,-119.18333330000002
2008-10-31,0.7373632931067683,285.13750000000005,276.75,1.4,58.87500000000001,0.28125,0.005195,3.1375,46.31666666666667,-119.18333330000002
2008-11-08,0.6689546927158466,285.175,277.6125,0.325,60.03750000000001,0.24250000000000002,0.005588750000000001,3.975,46.31666666666667,-119.18333330000002
2008-11-16,0.5694019066139288,283.7375,274.275,0.0,70.475,0.33499999999999996,0.004025000000000001,2.8500000000000005,46.31666666666667,-119.18333330000002
2008-11-24,0.6063179858226148,280.825,271.7,0.32500000000000007,63.987500000000004,0.1575,0.0041675,1.9625000000000001,46.31666666666667,-119.18333330000002
2008-12-02,0.536916079208686,281.2875,271.825,0.08750000000000001,51.95,0.3275,0.0031837500000000004,2.9000000000000004,46.31666666666667,-119.18333330000002
2008-12-10,0.6679613864928394,273.5125,264.95,0.21250000000000002,40.85000000000001,0.18875000000000003,0.0022275000000000003,3.775,46.31666666666667,-119.18333330000002
2008-12-18,0.4373632931067682,267.3,260.45000000000005,2.0625,36.9875,0.0325,0.0017887500000000002,2.325,46.31666666666667,-119.18333330000002
2008-12-26,0.16796138649283945,274.34999999999997,268.1,1.6666666666666667,46.083333333333336,0.10000000000000002,0.0028750000000000004,4.3500000000000005,46.31666666666667,-119.18333330000002
2009-01-01,0.1995527861019178,278.375,271.65,3.525,42.1375,0.16999999999999998,0.0037300000000000007,4.737500000000001,46.31666666666667,-119.18333330000002
2009-01-09,0.23059809338607126,281.66249999999997,274.2125,0.0,62.612500000000004,0.27625000000000005,0.0039250000000000005,2.875,46.31666666666667,-119.18333330000002
2009-01-17,0.26796138649283946,273.125,266.475,0.1875,68.9625,0.09624999999999999,0.0024775,1.0125000000000002,46.31666666666667,-119.18333330000002
2009-01-25,0.26895469271584654,276.8375,268.78749999999997,0.0,69.7625,0.19125,0.002768750000000001,3.2000000000000006,46.31666666666667,-119.18333330000002
2009-02-02,0.26940190661392877,279.825,270.8375,0.5625000000000001,99.75,0.16875,0.0036300000000000004,1.9249999999999998,46.31666666666667,-119.18333330000002
2009-02-10,0.30000000000000004,276.6,269.7625,0.275,82.23750000000001,0.09375000000000001,0.0033650000000000004,1.9874999999999998,46.31666666666667,-119.18333330000002
2009-02-18,0.30000000000000004,283.125,272.88749999999993,1.4625,107.35000000000002,0.24375000000000002,0.00421875,2.825,46.31666666666667,-119.18333330000002
2009-02-26,0.3689546927158465,284.45000000000005,273.2375,2.1625,130.17499999999998,0.37,0.00393,3.4125,46.31666666666667,-119.18333330000002
2009-03-06,0.4383565993297753,278.91249999999997,269.0125,0.07500000000000001,150.65000000000003,0.30374999999999996,0.0024512500000000003,3.4625000000000004,46.31666666666667,-119.18333330000002
2009-03-14,0.6073112920456218,287.3625,275.23749999999995,0.41250000000000003,140.76250000000002,0.53875,0.004015,3.8125000000000004,46.31666666666667,-119.18333330000002
2009-03-22,0.7369160792086861,286.175,275.6125,1.7000000000000002,170.25,0.5499999999999999,0.00358625,4.8500000000000005,46.31666666666667,-119.18333330000002
2009-03-30,1.1422407588082937,287.725,273.98749999999995,0.7250000000000001,188.7375,0.59125,0.0037225,4.4125,46.31666666666667,-119.18333330000002
2009-04-07,1.3121887577471472,291.02500000000003,277.3,0.4625,217.8,0.7575000000000001,0.004421250000000001,3.8375000000000004,46.31666666666667,-119.18333330000002
2009-04-15,1.5831300629090077,296.1125,278.9875,0.0,261.775,1.2537500000000001,0.004200000000000001,2.5875000000000004,46.31666666666667,-119.18333330000002
2009-04-23,1.676265984761468,288.9625,275.8125,0.55,229.18750000000003,0.6575000000000001,0.00388375,3.125,46.31666666666667,-119.18333330000002
2009-05-01,1.6850177969281794,291.7875,278.03749999999997,1.35,252.775,0.6262500000000001,0.0055775,4.1000000000000005,46.31666666666667,-119.18333330000002
2009-05-09,1.7850177969281793,294.525,279.05,0.2625,297.77500000000003,0.9937500000000001,0.00490375,3.6125,46.31666666666667,-119.18333330000002
2009-05-17,1.9568633428995372,300.67499999999995,282.9,0.0,355.575,1.685,0.005085,3.0,46.31666666666667,-119.18333330000002
2009-05-25,1.646661197598404,304.52500000000003,286.38750000000005,0.0,363.73750000000007,2.21125,0.005588750000000001,2.7625,46.31666666666667,-119.18333330000002
2009-06-02,2.3243775154942945,301.27500000000003,286.85,0.37500000000000006,348.8,1.49125,0.00767125,3.1375000000000006,46.31666666666667,-119.18333330000002
2009-06-10,2.521943689150198,301.15,287.8,0.08750000000000001,344.33750000000003,1.445,0.008041250000000002,2.825,46.31666666666667,-119.18333330000002
2009-06-18,2.2520945686381872,298.7625,284.65000000000003,0.25,336.475,1.33625,0.00647125,4.075,46.31666666666667,-119.18333330000002
2009-06-26,1.8064168642494576,303.92499999999995,285.4,0.0,371.08750000000003,2.24125,0.004555000000000001,2.525,46.31666666666667,-119.18333330000002
2009-07-04,1.9423396372351363,303.775,285.11249999999995,0.175,342.20000000000005,1.8762499999999998,0.0068625000000000005,3.9250000000000007,46.31666666666667,-119.18333330000002
2009-07-12,1.9743782507422967,306.32500000000005,288.575,0.1,327.625,2.2625,0.007600000000000001,3.1875,46.31666666666667,-119.18333330000002
2009-07-20,1.744227371254308,308.15,289.525,0.0,324.25000000000006,2.3487500000000003,0.008861250000000001,3.0375,46.31666666666667,-119.18333330000002
2009-07-28,1.5767131986595506,310.91249999999997,292.83750000000003,0.0,314.8625,3.165,0.00805375,2.9875,46.31666666666667,-119.18333330000002
2009-08-05,1.5087518121667112,302.68749999999994,288.175,0.3375,270.9375,1.4300000000000002,0.009492500000000001,4.2125,46.31666666666667,-119.18333330000002
2009-08-13,1.4413365179987963,303.225,287.3625,0.0,286.0,1.8375000000000001,0.007753750000000002,2.7624999999999997,46.31666666666667,-119.18333330000002
2009-08-21,1.4097451183897183,303.93749999999994,286.975,0.0,277.31250000000006,2.1575,0.0056500000000000005,3.025,46.31666666666667,-119.18333330000002
2009-08-29,1.3097451183897182,303.0,287.325,0.525,241.18750000000003,1.5474999999999999,0.008806250000000002,2.8500000000000005,46.31666666666667,-119.18333330000002
2009-09-06,1.308304598268629,300.5375,282.57500000000005,0.1,224.67500000000004,1.46,0.0064875,3.0500000000000003,46.31666666666667,-119.18333330000002
2009-09-14,1.3073112920456218,299.375,283.2875,0.0,205.3375,1.18875,0.007327500000000001,3.05,46.31666666666667,-119.18333330000002
2009-09-22,1.1383565993297753,299.4875,281.45,0.0,196.76250000000002,1.5274999999999999,0.005078750000000001,3.225,46.31666666666667,-119.18333330000002
2009-09-30,0.8703952128369359,290.3,277.3125,1.025,153.45,0.73875,0.00415625,3.9375000000000004,46.31666666666667,-119.18333330000002
2009-10-08,0.769849120512011,286.03749999999997,274.71250000000003,1.125,122.57500000000002,0.55125,0.0035487500000000003,2.9625000000000004,46.31666666666667,-119.18333330000002
2009-10-16,0.7694019066139287,291.525,280.3625,0.4,105.1875,0.5275,0.006716249999999999,2.8,46.31666666666667,-119.18333330000002
2009-10-24,0.7004472138980823,286.92499999999995,275.9875,0.575,100.66250000000001,0.4287500000000001,0.0047525,4.4625,46.31666666666667,-119.18333330000002
2009-11-01,0.6320386135071606,285.2375,273.45,0.125,85.83749999999999,0.35874999999999996,0.004145,3.4750000000000005,46.31666666666667,-119.18333330000002
2009-11-09,0.6320386135071606,282.9375,271.775,0.1625,66.00000000000001,0.2925,0.0037687500000000004,3.5125,46.31666666666667,-119.18333330000002
2009-11-17,0.5320386135071605,283.6,273.8625,0.4125,50.4625,0.37250000000000005,0.00370625,4.824999999999999,46.31666666666667,-119.18333330000002
2009-11-25,0.5305980933860713,281.8125,271.7875,0.8625,62.8,0.21250000000000002,0.00397125,2.3125,46.31666666666667,-119.18333330000002
2009-12-03,0.43159139960907833,269.75,261.45000000000005,0.0,58.150000000000006,0.16874999999999996,0.0013087500000000002,2.425,46.31666666666667,-119.18333330000002
2009-12-11,0.43059809338607125,273.5,266.9625,1.2875000000000003,40.35,0.09375,0.00271125,1.75,46.31666666666667,-119.18333330000002
2009-12-19,0.430150879487989,276.55,269.0,0.675,47.41250000000001,0.13625,0.0030800000000000003,2.1625,46.31666666666667,-119.18333330000002
2009-12-27,0.23059809338607126,272.88,266.5,1.58,42.580000000000005,0.076,0.002606,1.3800000000000001,46.31666666666667,-119.18333330000002
2010-01-01,0.1,277.5,271.125,1.7125,42.300000000000004,0.105,0.0037775000000000005,2.725,46.31666666666667,-119.18333330000002
2010-01-09,0.1,280.71250000000003,274.825,0.9500000000000001,43.97500000000001,0.17125,0.00443625,2.1625,46.31666666666667,-119.18333330000002
2010-01-17,0.13203861350716056,283.4625,273.75,0.8625,64.76250000000002,0.21250000000000002,0.004725000000000001,2.525,46.31666666666667,-119.18333330000002
2010-01-25,0.13159139960907834,281.01250000000005,274.325,0.8500000000000001,56.87500000000001,0.061250000000000006,0.0050625,1.6125000000000003,46.31666666666667,-119.18333330000002
2010-02-02,0.2,282.1875,274.4375,0.35000000000000003,79.3625,0.15375,0.0047325,1.9250000000000003,46.31666666666667,-119.18333330000002
2010-02-10,0.23159139960907835,285.0375,275.175,0.6875,87.2125,0.25875,0.00496125,2.2750000000000004,46.31666666666667,-119.18333330000002
2010-02-18,0.33159139960907835,284.5875,271.16249999999997,0.125,114.12500000000001,0.44125000000000003,0.0031912499999999996,2.7125,46.31666666666667,-119.18333330000002
2010-02-26,0.4009933062230071,288.49999999999994,274.3,0.42500000000000004,144.21250000000003,0.4575,0.004733750000000001,2.0375,46.31666666666667,-119.18333330000002
2010-03-06,0.5009933062230071,286.6125,272.625,0.2625,150.51250000000002,0.50375,0.0035849999999999996,3.6625,46.31666666666667,-119.18333330000002
2010-03-14,0.6014405201210894,289.2,272.6375,0.0,186.67499999999998,0.6725,0.00343125,2.8125,46.31666666666667,-119.18333330000002
2010-03-22,0.7330319197301677,290.1875,275.725,0.4375,179.4,0.66625,0.0042450000000000005,4.5125,46.31666666666667,-119.18333330000002
2010-03-30,0.8024338263440965,286.725,274.15,0.35,206.61249999999998,0.57125,0.0033875000000000003,5.0125,46.31666666666667,-119.18333330000002
2010-04-07,0.9703952128369359,289.7125,275.8875,0.1125,241.5,0.7112499999999999,0.0038675000000000003,3.9374999999999996,46.31666666666667,-119.18333330000002
2010-04-15,1.1019866124460143,295.925,280.075,0.38750000000000007,244.37500000000003,1.0175,0.00553625,3.3500000000000005,46.31666666666667,-119.18333330000002
2010-04-23,1.1024338263440965,291.1,278.4,0.5375,227.97500000000002,0.8025,0.00423,5.0,46.31666666666667,-119.18333330000002
2010-05-01,1.1024338263440965,290.11250000000007,275.67499999999995,0.07500000000000001,265.55,0.7287499999999999,0.00384375,4.55,46.31666666666667,-119.18333330000002
2010-05-09,1.2702963344100933,297.7625,280.275,0.42500000000000004,324.225,1.31,0.00509375,2.0875000000000004,46.31666666666667,-119.18333330000002
2010-05-17,1.236916079208686,293.40000000000003,279.91249999999997,1.05,277.9875,0.8962500000000001,0.005167500000000001,4.2250000000000005,46.31666666666667,-119.18333330000002
2010-05-25,1.509754931403051,293.8,282.65,2.2500000000000004,220.03750000000005,0.74125,0.00677875,4.0125,46.31666666666667,-119.18333330000002
2010-06-02,1.573832158417372,295.6375,283.13750000000005,2.35,272.825,0.7075,0.00797125,3.5250000000000004,46.31666666666667,-119.18333330000002
2010-06-10,2.215974038798823,297.0125,282.5,0.0,302.4125,1.05125,0.006575000000000001,4.025,46.31666666666667,-119.18333330000002
2010-06-18,2.1797029303419047,300.3125,285.6875,0.07500000000000001,297.4125,1.2625,0.0081275,3.2125,46.31666666666667,-119.18333330000002
2010-06-26,2.044227371254308,300.3375,284.8875,0.3375,341.5375,1.46875,0.006688750000000001,3.7625,46.31666666666667,-119.18333330000002
2010-07-04,2.658412554460802,305.375,286.6875,0.0,338.45,2.08,0.00742875,3.312500000000001,46.31666666666667,-119.18333330000002
2010-07-12,2.658958646785727,303.7,285.7875,0.0,341.1875,1.9575,0.00628625,3.8500000000000005,46.31666666666667,-119.18333330000002
2010-07-20,2.1856725806932795,306.875,287.7875,0.0,328.01250000000005,2.4175,0.006676250000000001,2.4625000000000004,46.31666666666667,-119.18333330000002
2010-07-28,2.0501970216056833,305.2625,288.77500000000003,0.28750000000000003,304.07500000000005,1.9312500000000001,0.008572500000000002,2.5125,46.31666666666667,-119.18333330000002
2010-08-05,1.913280942396997,304.125,288.66249999999997,0.0,285.08750000000003,1.6700000000000002,0.009304999999999999,3.3125,46.31666666666667,-119.18333330000002
2010-08-13,1.640442090202632,307.0375,288.54999999999995,0.0,291.0875,2.5450000000000004,0.0063175,3.1250000000000004,46.31666666666667,-119.18333330000002
2010-08-21,1.5404420902026323,300.82500000000005,283.775,0.0,271.1875,1.6524999999999999,0.0055650000000000005,3.2375000000000003,46.31666666666667,-119.18333330000002
2010-08-29,1.3729279176078748,298.50000000000006,283.475,0.45,219.63750000000005,1.17375,0.00686375,3.825,46.31666666666667,-119.18333330000002
2010-09-06,1.4035260109939462,296.7125,282.925,0.38750000000000007,210.36250000000004,0.9550000000000001,0.0070375,2.9125,46.31666666666667,-119.18333330000002
2010-09-14,1.3039732248920284,297.18750000000006,285.7,2.8125,163.70000000000005,0.6737500000000001,0.00985125,3.275,46.31666666666667,-119.18333330000002
2010-09-22,1.300993306223007,298.15,283.225,0.275,176.7125,0.7587499999999999,0.009268750000000003,2.8000000000000003,46.31666666666667,-119.18333330000002
2010-09-30,1.163630013116239,296.6125,282.06250000000006,0.6625000000000001,150.42499999999998,0.84125,0.00759375,2.5125,46.31666666666667,-119.18333330000002
2010-10-08,0.9340252259531747,291.825,278.76250000000005,0.7375,126.9625,0.50125,0.006540000000000001,2.75,46.31666666666667,-119.18333330000002
2010-10-16,0.9320386135071606,290.425,275.825,0.55,131.9,0.675,0.004357500000000001,1.6750000000000003,46.31666666666667,-119.18333330000002
2010-10-24,0.8320386135071607,286.7,278.73749999999995,0.9,85.07500000000002,0.30124999999999996,0.005942500000000001,4.3375,46.31666666666667,-119.18333330000002
2010-11-01,0.8320386135071607,288.50000000000006,277.09999999999997,0.35,80.16250000000001,0.38999999999999996,0.005656250000000001,2.725,46.31666666666667,-119.18333330000002
2010-11-09,0.7320386135071606,285.2,275.225,0.41250000000000003,56.375,0.2725,0.005028750000000001,4.1125,46.31666666666667,-119.18333330000002
2010-11-17,0.7014405201210893,275.66249999999997,267.93750000000006,1.8625000000000003,58.737500000000004,0.14500000000000002,0.00345875,3.45,46.31666666666667,-119.18333330000002
2010-11-25,0.6000000000000001,271.3875,267.2625,1.4125,45.825,0.0025,0.0034887500000000005,1.8250000000000002,46.31666666666667,-119.18333330000002
2010-12-03,0.4,276.59999999999997,271.01249999999993,0.4375,48.5125,0.11875000000000001,0.00341875,2.6875,46.31666666666667,-119.18333330000002
2010-12-11,0.36796138649283944,280.51250000000005,272.275,1.9249999999999998,46.8875,0.1275,0.004365,3.8875000000000006,46.31666666666667,-119.18333330000002
2010-12-19,0.36796138649283944,274.875,269.95,0.8125,49.0625,0.06375,0.0034200000000000003,1.9875,46.31666666666667,-119.18333330000002
2010-12-27,0.30000000000000004,276.48,268.9,4.680000000000001,44.82000000000001,0.184,0.0030460000000000005,3.44,46.31666666666667,-119.18333330000002
2011-01-01,0.39900669377699294,271.5,264.025,0.2375,48.862500000000004,0.07250000000000001,0.00237875,1.7875000000000003,46.31666666666667,-119.18333330000002
2011-01-09,0.39900669377699294,278.5,272.0125,1.6875,37.8875,0.1275,0.0039775,3.8375000000000004,46.31666666666667,-119.18333330000002
2011-01-17,0.4,281.525,274.175,0.45000000000000007,50.85000000000001,0.19,0.004380000000000001,3.7375000000000003,46.31666666666667,-119.18333330000002
2011-01-25,0.39900669377699294,282.8875,274.075,0.17500000000000002,62.587500000000006,0.28250000000000003,0.00423625,3.05,46.31666666666667,-119.18333330000002
2011-02-02,0.4,280.35,271.375,0.15000000000000002,61.475,0.28125,0.0032162500000000004,3.0375,46.31666666666667,-119.18333330000002
2011-02-10,0.4,285.3375,273.6125,0.6125,98.05,0.41875,0.00392375,3.4750000000000005,46.31666666666667,-119.18333330000002
2011-02-18,0.4684086003909217,279.0875,269.5125,0.08750000000000001,104.6875,0.27875,0.00276,4.45,46.31666666666667,-119.18333330000002
2011-02-26,0.5004472138980822,282.5125,269.90000000000003,0.7250000000000001,104.0125,0.2925,0.0035300000000000006,4.075,46.31666666666667,-119.18333330000002
2011-03-06,0.5684086003909218,286.425,273.42499999999995,0.6625000000000001,142.61249999999998,0.44375000000000003,0.00400375,3.6249999999999996,46.31666666666667,-119.18333330000002
2011-03-14,0.6004472138980823,286.9,274.2125,0.65,156.3,0.4312500000000001,0.0043175,3.6125000000000007,46.31666666666667,-119.18333330000002
2011-03-22,0.8008944277961646,287.475,274.375,1.3499999999999999,184.21250000000003,0.48874999999999996,0.00416125,3.9875,46.31666666666667,-119.18333330000002
2011-03-30,1.0698491205120109,288.83750000000003,277.1375,0.6125,165.85,0.47250000000000003,0.00532,6.2250000000000005,46.31666666666667,-119.18333330000002
2011-04-07,1.2018877340191716,287.0875,273.05,0.2,201.03750000000005,0.4900000000000001,0.0038462500000000003,3.9875000000000003,46.31666666666667,-119.18333330000002
2011-04-15,1.3722829468561073,287.59999999999997,273.70000000000005,0.4625,243.13750000000002,0.50875,0.004047500000000001,3.5375,46.31666666666667,-119.18333330000002
2011-04-23,1.5014405201210892,289.2625,274.2,0.41250000000000003,264.70000000000005,0.5975,0.00408,4.812499999999999,46.31666666666667,-119.18333330000002
2011-05-01,1.4722829468561076,291.02500000000003,276.95,0.30000000000000004,244.3125,0.6725000000000001,0.004792500000000001,3.6875,46.31666666666667,-119.18333330000002
2011-05-09,1.6694019066139292,295.7875,279.5375,2.6,293.975,0.895,0.0061762499999999994,3.7,46.31666666666667,-119.18333330000002
2011-05-17,1.8067651997206973,295.15,279.13750000000005,0.2,315.03749999999997,0.9212500000000001,0.0055537500000000005,3.2875000000000005,46.31666666666667,-119.18333330000002
2011-05-25,1.906317985822615,293.8625,279.5625,1.3125,305.6125,0.8,0.00572875,3.9750000000000005,46.31666666666667,-119.18333330000002
2011-06-02,2.141247452585287,296.475,281.6625,1.55,294.25,0.8600000000000002,0.00735125,3.8125,46.31666666666667,-119.18333330000002
2011-06-10,2.4777163178958905,297.65000000000003,281.4,0.0,342.27500000000003,0.9800000000000001,0.0069812500000000005,4.2125,46.31666666666667,-119.18333330000002
2011-06-18,2.5467698890385795,299.59999999999997,283.74999999999994,0.0,336.13750000000005,1.2125,0.0075112500000000006,3.8000000000000003,46.31666666666667,-119.18333330000002
2011-06-26,2.2428857295600615,301.66249999999997,285.2375,0.0,344.65000000000003,1.4975,0.007471250000000001,3.575,46.31666666666667,-119.18333330000002
2011-07-04,1.9068640781475397,302.8625,285.4875,0.0,339.46250000000003,1.785,0.006643750000000001,2.325,46.31666666666667,-119.18333330000002
2011-07-12,1.9118404222759076,300.8,285.73749999999995,0.1375,295.0625,1.11625,0.00931875,3.3500000000000005,46.31666666666667,-119.18333330000002
2011-07-20,1.6078573843705468,301.71250000000003,284.4375,0.037500000000000006,314.7875,1.375,0.008075,3.8125,46.31666666666667,-119.18333330000002
2011-07-28,1.6079562627973896,305.40000000000003,287.0625,0.0,316.3,1.96125,0.00791625,2.475,46.31666666666667,-119.18333330000002
2011-08-05,1.4088506905935538,304.0125,284.8875,0.0,305.4375,1.6775000000000002,0.0078375,3.6875000000000004,46.31666666666667,-119.18333330000002
2011-08-13,1.3710401835887034,303.325,285.04999999999995,0.0,287.5,1.855,0.006273750000000001,2.8750000000000004,46.31666666666667,-119.18333330000002
2011-08-21,1.3408893041007144,308.425,290.2625,0.037500000000000006,271.08750000000003,2.5974999999999997,0.00786375,2.4875000000000003,46.31666666666667,-119.18333330000002
2011-08-29,1.3413365179987966,301.9625,283.47499999999997,0.125,254.8,1.7112500000000002,0.005967500000000001,3.2625,46.31666666666667,-119.18333330000002
2011-09-06,1.3398959978777072,309.0,288.76250000000005,0.0,233.7875,3.1237500000000002,0.004602500000000001,2.5625,46.31666666666667,-119.18333330000002
2011-09-14,1.170395212836936,299.32500000000005,282.3125,0.08750000000000001,195.15000000000003,1.24875,0.0067075,3.4000000000000004,46.31666666666667,-119.18333330000002
2011-09-22,1.0694019066139286,300.8125,283.3375,0.0,167.76250000000002,1.53375,0.00651875,3.7875000000000005,46.31666666666667,-119.18333330000002
2011-09-30,0.9694019066139288,295.45000000000005,281.8625,0.7374999999999999,140.6875,0.9675000000000001,0.006413750000000001,3.325,46.31666666666667,-119.18333330000002
2011-10-08,0.8694019066139288,290.0625,278.2625,0.7375,110.1,0.3925,0.006367500000000001,3.3000000000000003,46.31666666666667,-119.18333330000002
2011-10-16,0.8694019066139288,292.29999999999995,277.925,0.5750000000000001,118.28750000000002,0.47500000000000003,0.0066612500000000005,3.0125,46.31666666666667,-119.18333330000002
2011-10-24,0.8383565993297751,287.58750000000003,273.8625,0.0,110.30000000000001,0.43124999999999997,0.0044887500000000006,3.0750000000000006,46.31666666666667,-119.18333330000002
2011-11-01,0.6703952128369358,283.84999999999997,271.98749999999995,0.0,84.95,0.42000000000000004,0.0031975,2.7750000000000004,46.31666666666667,-119.18333330000002
2011-11-09,0.5689546927158465,285.325,273.4875,0.48750000000000004,80.23750000000001,0.48125,0.0034775000000000006,4.6375,46.31666666666667,-119.18333330000002
2011-11-17,0.5689546927158465,281.25,273.25,0.48750000000000004,49.075,0.2225,0.0041287500000000005,4.1875,46.31666666666667,-119.18333330000002
2011-11-25,0.4689546927158465,283.13750000000005,273.625,0.0,63.612500000000004,0.35375,0.0036625000000000004,3.312500000000001,46.31666666666667,-119.18333330000002
2011-12-03,0.4689546927158465,277.2125,268.73749999999995,0.0,60.76250000000001,0.20249999999999999,0.0027012500000000005,1.3750000000000002,46.31666666666667,-119.18333330000002
2011-12-11,0.4699479989388536,277.33750000000003,270.0125,0.0,44.6875,0.1675,0.0030925,1.375,46.31666666666667,-119.18333330000002
2011-12-19,0.5393499055527824,278.22499999999997,269.5875,0.037500000000000006,47.53750000000001,0.21625000000000003,0.0028987500000000003,2.0875,46.31666666666667,-119.18333330000002
2011-12-27,0.3689546927158465,284.04,276.36,0.8,40.32,0.252,0.004984000000000001,5.4,46.31666666666667,-119.18333330000002
2012-01-01,0.30000000000000004,282.9125,273.72499999999997,0.0,53.0625,0.34375,0.0036762500000000003,3.1374999999999997,46.31666666666667,-119.18333330000002
2012-01-09,0.30000000000000004,279.3875,269.775,0.125,61.812500000000014,0.33125000000000004,0.00249875,2.8375000000000004,46.31666666666667,-119.18333330000002
2012-01-17,0.2995527861019178,276.90000000000003,271.0125,2.7750000000000004,48.45,0.11500000000000002,0.00344375,3.2625,46.31666666666667,-119.18333330000002
2012-01-25,0.26895469271584654,281.41249999999997,273.475,0.475,67.1375,0.24500000000000002,0.0039325,4.1375,46.31666666666667,-119.18333330000002
2012-02-02,0.26895469271584654,280.2,270.77500000000003,0.15000000000000002,86.08749999999999,0.2175,0.0033987500000000003,2.0500000000000003,46.31666666666667,-119.18333330000002
2012-02-10,0.30000000000000004,282.4625,273.2375,0.6875,68.35,0.25875,0.00398875,2.225,46.31666666666667,-119.18333330000002
2012-02-18,0.3689546927158465,284.08750000000003,274.55,0.9500000000000002,87.67500000000001,0.37,0.0039525,6.062500000000001,46.31666666666667,-119.18333330000002
2012-02-26,0.3689546927158465,283.84999999999997,270.9875,0.9625000000000001,125.4625,0.35750000000000004,0.0035337500000000004,4.575000000000001,46.31666666666667,-119.18333330000002
2012-03-05,0.4689546927158465,287.09999999999997,272.4625,0.21250000000000002,154.5875,0.59375,0.0032187500000000003,4.425000000000001,46.31666666666667,-119.18333330000002
2012-03-13,0.5679613864928396,285.71250000000003,273.75000000000006,0.36250000000000004,145.4375,0.4275,0.00392875,4.8375,46.31666666666667,-119.18333330000002
2012-03-21,0.6685074788177644,287.47499999999997,274.525,2.3875,178.83749999999998,0.46625,0.004353750000000001,3.2750000000000004,46.31666666666667,-119.18333330000002
2012-03-29,0.8369160792086859,287.56250000000006,275.98749999999995,0.8374999999999999,161.45000000000002,0.45125,0.0047675,4.525000000000001,46.31666666666667,-119.18333330000002
2012-04-06,0.9675141725947571,292.01250000000005,276.9375,0.07500000000000001,231.1625,0.85625,0.004150000000000001,3.2375000000000003,46.31666666666667,-119.18333330000002
2012-04-14,1.2675141725947572,292.0625,277.38750000000005,0.7875,217.5625,0.73625,0.004946250000000001,3.4750000000000005,46.31666666666667,-119.18333330000002
2012-04-22,1.4354755590875965,297.7125,282.1875,1.8875,272.35,1.15,0.006595000000000001,3.5000000000000004,46.31666666666667,-119.18333330000002
2012-04-30,1.5689546927158464,290.41249999999997,276.95,0.23750000000000002,262.6625,0.6487500000000002,0.004715000000000001,4.675,46.31666666666667,-119.18333330000002
2012-05-08,1.6344822528645897,298.925,281.0625,0.0,350.4375,1.6162500000000002,0.0042450000000000005,2.4625,46.31666666666667,-119.18333330000002
2012-05-16,1.6028908532555113,295.9125,281.575,0.7375,268.83750000000003,1.14625,0.005125000000000001,4.15,46.31666666666667,-119.18333330000002
2012-05-24,1.7320484265204932,296.46250000000003,281.075,0.0,279.52500000000003,1.13875,0.00526875,3.9625000000000004,46.31666666666667,-119.18333330000002
2012-06-01,1.5995527861019179,294.0,281.75,3.4125,241.175,0.5650000000000001,0.007867500000000001,4.050000000000001,46.31666666666667,-119.18333330000002
2012-06-09,2.1705039042771115,298.45,281.65,0.0,329.25,1.185,0.0063525000000000005,4.3625,46.31666666666667,-119.18333330000002
2012-06-17,2.204529130230286,298.78749999999997,283.3,0.6000000000000001,314.09999999999997,1.1925000000000001,0.0070475,4.425000000000001,46.31666666666667,-119.18333330000002
2012-06-25,2.107857384370547,300.5875,284.3875,0.9750000000000001,301.675,1.225,0.008181250000000001,3.325,46.31666666666667,-119.18333330000002
2012-07-03,2.2510914494018475,305.7625,288.4125,0.05,336.56250000000006,2.1275000000000004,0.008460000000000002,2.975,46.31666666666667,-119.18333330000002
2012-07-11,2.045220677477315,307.28749999999997,290.6375,1.7500000000000002,322.6625,1.90875,0.011221250000000002,2.6375000000000006,46.31666666666667,-119.18333330000002
2012-07-19,2.1229271823598728,304.925,288.55,0.07500000000000001,312.79999999999995,1.7975000000000003,0.00933625,2.95,46.31666666666667,-119.18333330000002
2012-07-27,1.9180497166583472,304.8,286.5875,0.0,316.6125,1.8375,0.00800375,3.4625000000000004,46.31666666666667,-119.18333330000002
2012-08-04,1.9520847556248542,309.00000000000006,289.65,0.0,301.0625,2.6275,0.00815875,2.7375,46.31666666666667,-119.18333330000002
2012-08-12,1.8131820639701541,309.4125,290.9625,0.0,288.5,2.7862500000000003,0.00799125,2.5,46.31666666666667,-119.18333330000002
2012-08-20,1.6490950239425004,303.65000000000003,285.0,0.1875,277.05000000000007,1.8687500000000001,0.006685000000000001,3.3625,46.31666666666667,-119.18333330000002
2012-08-28,1.5471084114964866,301.0125,282.6125,0.0,259.04999999999995,1.5425,0.005886250000000002,2.8125000000000004,46.31666666666667,-119.18333330000002
2012-09-05,1.4101923322878005,301.11249999999995,283.6625,0.0,236.8625,1.79,0.00503875,2.9,46.31666666666667,-119.18333330000002
2012-09-13,1.2091990260647933,305.0375,284.65,0.0,217.92500000000004,2.4375,0.00399375,1.9874999999999998,46.31666666666667,-119.18333330000002
2012-09-21,1.1397971194508647,300.97499999999997,283.4,0.0,171.66250000000002,1.5574999999999999,0.006090000000000002,2.5,46.31666666666667,-119.18333330000002
2012-09-29,1.0684086003909217,295.52500000000003,278.7125,0.0,182.3,1.20125,0.004282500000000001,3.4,46.31666666666667,-119.18333330000002
2012-10-07,0.8688558142890039,296.85,279.4,0.6125,144.525,1.1787500000000002,0.0048125,2.5,46.31666666666667,-119.18333330000002
2012-10-15,0.7994539076750753,289.73749999999995,277.23750000000007,1.35,118.57500000000002,0.49750000000000005,0.0055537500000000005,4.7625,46.31666666666667,-119.18333330000002
2012-10-23,0.6310453072841535,286.425,275.4625,1.8,80.81250000000001,0.17250000000000001,0.00611875,3.4,46.31666666666667,-119.18333330000002
2012-10-31,0.5994539076750752,292.34999999999997,282.32500000000005,0.7000000000000001,79.125,0.50625,0.0075075,3.4,46.31666666666667,-119.18333330000002
2012-11-08,0.599006693776993,283.3625,275.2875,1.1875,57.237500000000004,0.30000000000000004,0.004275000000000001,2.3625000000000003,46.31666666666667,-119.18333330000002
2012-11-16,0.5320386135071605,284.475,276.05,2.0250000000000004,50.51250000000001,0.20375000000000001,0.00531625,3.375,46.31666666666667,-119.18333330000002
2012-11-24,0.5320386135071605,282.325,274.2125,0.7875000000000001,59.53750000000001,0.20875,0.0045762500000000005,2.1875,46.31666666666667,-119.18333330000002
2012-12-02,0.5009933062230071,284.025,276.5125,1.0625,44.475,0.3125,0.0046375,4.575,46.31666666666667,-119.18333330000002
2012-12-10,0.7636300131162389,281.8,273.43749999999994,0.8875,46.95,0.25375,0.003895,4.1875,46.31666666666667,-119.18333330000002
2012-12-18,0.5689546927158465,279.625,272.625,2.6,41.224999999999994,0.20750000000000005,0.0036075,3.7500000000000004,46.31666666666667,-119.18333330000002
2012-12-26,0.33890269165470016,275.26666666666665,269.5166666666666,0.4833333333333334,44.96666666666667,0.060000000000000005,0.00335,1.6333333333333335,46.31666666666667,-119.18333330000002
2013-01-01,0.2009933062230071,275.78749999999997,269.0,0.8250000000000001,47.962500000000006,0.12500000000000003,0.0029950000000000003,2.375,46.31666666666667,-119.18333330000002
2013-01-09,0.23303191973016768,277.02500000000003,269.2,0.0,60.9875,0.16749999999999998,0.00301125,2.925,46.31666666666667,-119.18333330000002
2013-01-17,0.23303191973016768,272.54999999999995,264.2875,0.05,76.5875,0.06624999999999999,0.0024062500000000004,1.25,46.31666666666667,-119.18333330000002
2013-01-25,0.3320386135071606,280.825,273.1375,0.45,65.70000000000002,0.165,0.0042325,3.5625,46.31666666666667,-119.18333330000002
2013-02-02,0.33303191973016766,283.0125,272.2625,0.0,96.67500000000001,0.28125,0.00385375,3.0125,46.31666666666667,-119.18333330000002
2013-02-10,0.4320386135071606,284.6,272.90000000000003,0.0,103.95,0.37374999999999997,0.00378875,3.2,46.31666666666667,-119.18333330000002
2013-02-18,0.4320386135071606,283.4125,272.07500000000005,0.4,94.0875,0.385,0.0032825,4.3375,46.31666666666667,-119.18333330000002
2013-02-26,0.4640772270143212,287.0875,273.175,0.25,126.11250000000001,0.495,0.0038975,4.0875,46.31666666666667,-119.18333330000002
2013-03-06,0.5324858274052428,288.075,274.88750000000005,0.5375,142.8,0.52375,0.0042875000000000005,2.95,46.31666666666667,-119.18333330000002
2013-03-14,0.6334791336282499,288.54999999999995,275.06250000000006,0.5750000000000001,164.55,0.6050000000000001,0.0040862500000000005,5.500000000000001,46.31666666666667,-119.18333330000002
2013-03-22,0.9004472138980822,287.75,274.72499999999997,0.1625,178.97500000000002,0.625,0.0036462500000000006,2.2875,46.31666666666667,-119.18333330000002
2013-03-30,1.1004472138980823,294.27500000000003,280.7375,0.6625,214.4875,0.8787500000000001,0.005695,3.4125,46.31666666666667,-119.18333330000002
2013-04-07,1.2378105070048504,288.7375,276.08750000000003,0.42500000000000004,199.525,0.57375,0.0043625,4.825,46.31666666666667,-119.18333330000002
2013-04-15,1.506765199720697,288.65,275.75,0.55,223.60000000000005,0.5975,0.0041575,4.1000000000000005,46.31666666666667,-119.18333330000002
2013-04-23,1.5751738001116187,294.28749999999997,277.5625,0.0,270.5625,1.1099999999999999,0.00383,4.237500000000001,46.31666666666667,-119.18333330000002
2013-05-01,1.7120898793203045,299.68749999999994,280.82500000000005,0.0,338.575,1.6337499999999998,0.0043612500000000005,2.7,46.31666666666667,-119.18333330000002
2013-05-09,1.6801501442399867,301.76250000000005,284.4875,0.225,318.3125,1.77875,0.00587875,3.2125000000000004,46.31666666666667,-119.18333330000002
2013-05-17,1.9126457846585618,294.0125,279.7625,1.1125,248.95000000000005,0.85625,0.0055962500000000005,3.8,46.31666666666667,-119.18333330000002
2013-05-25,2.018506743569762,294.49999999999994,280.3,1.0875000000000001,271.5375,0.8375,0.0060237500000000005,3.1875000000000004,46.31666666666667,-119.18333330000002
2013-06-02,2.409863622843226,302.63750000000005,285.75,0.0,366.1375000000001,1.72375,0.006867500000000001,3.2,46.31666666666667,-119.18333330000002
2013-06-10,2.041892423337054,300.12500000000006,282.8875,0.0,364.2875,1.56125,0.005531250000000001,3.85,46.31666666666667,-119.18333330000002
2013-06-18,2.343888848796401,296.525,284.95,2.5500000000000003,237.66250000000002,0.92,0.00768875,3.4375000000000004,46.31666666666667,-119.18333330000002
2013-06-26,2.2710499966020365,308.6875,291.7375,0.875,328.7875,2.32625,0.01087625,2.7624999999999997,46.31666666666667,-119.18333330000002
2013-07-04,1.944227371254308,305.2875,287.5625,0.0,344.45,2.04375,0.007513750000000001,3.0250000000000004,46.31666666666667,-119.18333330000002
2013-07-12,1.9055224364532928,305.8625,286.72499999999997,0.0,331.6625,2.4299999999999997,0.00546125,2.8375000000000004,46.31666666666667,-119.18333330000002
2013-07-20,1.8749243430672216,309.5625,288.91249999999997,0.0,334.32500000000005,3.12125,0.005215000000000001,3.1000000000000005,46.31666666666667,-119.18333330000002
2013-07-28,1.7074101704724642,305.325,288.1125,0.42500000000000004,282.175,2.0612500000000002,0.0076700000000000015,2.7750000000000004,46.31666666666667,-119.18333330000002
2013-08-05,1.7073112920456215,308.26249999999993,289.8625,0.0,287.1375,2.4287500000000004,0.008575,2.9749999999999996,46.31666666666667,-119.18333330000002
2013-08-13,1.6073112920456218,306.9,289.575,0.0,281.07500000000005,2.2150000000000003,0.008597500000000001,2.8249999999999997,46.31666666666667,-119.18333330000002
2013-08-21,1.6063179858226146,304.48749999999995,288.27500000000003,0.9500000000000001,248.45,1.8975,0.00808,2.7875,46.31666666666667,-119.18333330000002
2013-08-29,1.4694019066139286,306.5625,289.65,1.3375000000000001,239.07500000000002,1.98625,0.00968625,2.9375,46.31666666666667,-119.18333330000002
2013-09-06,1.4319397350803182,304.375,287.76250000000005,0.1,207.5625,1.5474999999999999,0.01013625,2.8,46.31666666666667,-119.18333330000002
2013-09-14,1.1023349479172537,300.9375,284.9375,1.0125000000000002,198.35000000000002,1.3225,0.0083625,3.6375,46.31666666666667,-119.18333330000002
2013-09-22,0.9639783485874784,291.65,279.5,0.9375000000000001,117.47500000000002,0.3837499999999999,0.00753,4.9,46.31666666666667,-119.18333330000002
2013-09-30,0.8630839207913141,291.8625,277.73749999999995,0.125,154.6125,0.67625,0.00526375,3.5375000000000005,46.31666666666667,-119.18333330000002
2013-10-08,0.6941292280754676,289.00000000000006,277.375,0.5750000000000001,133.125,0.5425000000000001,0.00485375,2.4000000000000004,46.31666666666667,-119.18333330000002
2013-10-16,0.6616434006702248,292.37499999999994,276.96250000000003,0.0,144.0875,0.7500000000000001,0.00482625,1.0625,46.31666666666667,-119.18333330000002
2013-10-24,0.6004472138980823,287.825,274.41249999999997,0.0625,108.76250000000002,0.48500000000000004,0.004537500000000001,2.8125000000000004,46.31666666666667,-119.18333330000002
2013-11-01,0.5626367068932318,285.96250000000003,276.95000000000005,1.0375,69.73750000000001,0.40875,0.0046387500000000005,4.4125000000000005,46.31666666666667,-119.18333330000002
2013-11-09,0.4320386135071606,286.5,276.05,0.037500000000000006,67.7125,0.40875,0.0046500000000000005,3.6125000000000003,46.31666666666667,-119.18333330000002
2013-11-17,0.4626367068932319,279.5,269.3625,0.1,65.8875,0.3025,0.0029412500000000003,3.5000000000000004,46.31666666666667,-119.18333330000002
2013-11-25,0.430150879487989,280.57500000000005,271.46250000000003,0.25,56.099999999999994,0.27375,0.00334875,2.5875000000000004,46.31666666666667,-119.18333330000002
2013-12-03,0.33059809338607127,270.5125,263.16249999999997,0.0,43.27499999999999,0.1275,0.0017587500000000001,2.9374999999999996,46.31666666666667,-119.18333330000002
2013-12-11,0.30000000000000004,278.27500000000003,271.29999999999995,0.0,52.2375,0.13499999999999998,0.0035912500000000007,2.2625,46.31666666666667,-119.18333330000002
2013-12-19,0.30000000000000004,278.375,271.92500000000007,0.3125,41.85,0.12625,0.0038037500000000007,2.6,46.31666666666667,-119.18333330000002
2013-12-27,0.26895469271584654,278.53999999999996,270.8,0.0,47.440000000000005,0.13599999999999998,0.0035680000000000004,2.08,46.31666666666667,-119.18333330000002
2014-01-01,0.2,277.59999999999997,268.7125,0.5,50.237500000000004,0.15000000000000002,0.0032125,2.0875,46.31666666666667,-119.18333330000002
2014-01-09,0.2,284.71250000000003,274.925,0.0,53.325,0.325,0.00450375,6.0375000000000005,46.31666666666667,-119.18333330000002
2014-01-17,0.2,274.175,271.81249999999994,0.0,71.4625,0.05500000000000001,0.00344375,1.3125,46.31666666666667,-119.18333330000002
2014-01-25,0.2,276.375,271.45000000000005,1.25,61.212500000000006,0.075,0.0037075,2.2125000000000004,46.31666666666667,-119.18333330000002
2014-02-02,0.1,270.525,264.325,1.0625,57.6375,0.06625,0.00222375,3.2,46.31666666666667,-119.18333330000002
2014-02-10,0.10099330622300709,283.85,274.1375,1.475,83.175,0.35250000000000004,0.00407375,4.55,46.31666666666667,-119.18333330000002
2014-02-18,0.2,281.9875,274.2375,0.47500000000000003,81.7125,0.33999999999999997,0.0035875000000000004,4.4750000000000005,46.31666666666667,-119.18333330000002
2014-02-26,0.23159139960907835,280.5625,272.48749999999995,1.5250000000000001,78.39999999999999,0.29000000000000004,0.0036200000000000004,3.55,46.31666666666667,-119.18333330000002
2014-03-06,0.33159139960907835,290.26250000000005,275.5875,0.4,153.88750000000002,0.58125,0.0048400000000000006,3.95,46.31666666666667,-119.18333330000002
2014-03-14,0.4009933062230071,289.3125,273.71250000000003,0.17500000000000002,170.3375,0.705,0.0034837500000000003,4.7125,46.31666666666667,-119.18333330000002
2014-03-22,0.5621894929951495,289.27500000000003,274.85,0.8625,183.15,0.6824999999999999,0.0037199999999999998,3.2875000000000005,46.31666666666667,-119.18333330000002
2014-03-30,0.7689546927158465,290.975,275.98749999999995,0.0625,207.28750000000002,0.755,0.0040662499999999996,4.1499999999999995,46.31666666666667,-119.18333330000002
2014-04-07,0.8626367068932319,294.9,276.9125,0.0,272.8,1.1362500000000002,0.0036800000000000005,3.125,46.31666666666667,-119.18333330000002
2014-04-15,1.0703952128369358,291.3875,278.4125,1.0875,218.17499999999998,0.8075000000000001,0.00436,4.262500000000001,46.31666666666667,-119.18333330000002
2014-04-23,1.2684086003909216,291.95,277.7125,0.4625,240.425,0.9175000000000001,0.0039525,4.6625,46.31666666666667,-119.18333330000002
2014-05-01,1.5349294667626718,296.96250000000003,280.90000000000003,0.7250000000000001,279.625,1.26875,0.00479875,3.75,46.31666666666667,-119.18333330000002
2014-05-09,1.8018975470325043,298.4625,280.625,0.0,321.05,1.4337499999999999,0.0047462500000000005,3.3124999999999996,46.31666666666667,-119.18333330000002
2014-05-17,2.0440394274139555,299.75,282.725,0.0625,311.4625,1.4800000000000002,0.005520000000000001,3.3000000000000003,46.31666666666667,-119.18333330000002
2014-05-25,2.410659172212548,299.13749999999993,282.425,0.1,347.04999999999995,1.5425000000000002,0.0046525,3.5875,46.31666666666667,-119.18333330000002
2014-06-02,2.51219857076048,302.4875,284.8375,0.0,371.4125,1.8837499999999998,0.005373750000000001,2.9875,46.31666666666667,-119.18333330000002
2014-06-10,2.5515484763132625,296.9875,283.34999999999997,0.8250000000000001,272.5625,1.25875,0.00553875,4.8374999999999995,46.31666666666667,-119.18333330000002
2014-06-18,2.217165101875515,301.925,284.725,0.0625,349.3625,1.77875,0.00567125,2.8625,46.31666666666667,-119.18333330000002
2014-06-26,2.0444251281079935,303.01250000000005,287.075,0.125,295.5375,1.7200000000000002,0.00766625,3.9625,46.31666666666667,-119.18333330000002
2014-07-04,1.7405409686294746,307.8125,289.41249999999997,0.0,336.26250000000005,2.6875,0.0064,2.8500000000000005,46.31666666666667,-119.18333330000002
2014-07-12,1.5039732248920281,310.1,290.98749999999995,0.0,331.6875,3.06,0.007026250000000001,3.35,46.31666666666667,-119.18333330000002
2014-07-20,1.4744673161558068,302.92499999999995,286.45000000000005,0.2625,295.4375,1.665,0.007663750000000001,3.7375,46.31666666666667,-119.18333330000002
2014-07-28,1.4055126234399602,310.3625,291.2,0.07500000000000001,309.775,3.2500000000000004,0.0062225,2.6125,46.31666666666667,-119.18333330000002
2014-08-05,1.509297904491636,307.6875,289.1,0.07500000000000001,296.45,2.5662499999999997,0.006951250000000001,3.2625000000000006,46.31666666666667,-119.18333330000002
2014-08-13,1.3709413051618606,304.25,289.38750000000005,1.5875,260.525,1.4837500000000001,0.010735,2.8125000000000004,46.31666666666667,-119.18333330000002
2014-08-21,1.3704940912637784,303.67499999999995,286.875,0.1,265.95000000000005,1.6762499999999998,0.00826875,2.9875,46.31666666666667,-119.18333330000002
2014-08-29,1.2704940912637785,300.81250000000006,284.17499999999995,0.0,238.76250000000005,1.3525,0.00734625,4.3125,46.31666666666667,-119.18333330000002
2014-09-06,1.2311441857109962,300.05000000000007,280.70000000000005,0.0,237.9875,1.64625,0.004320000000000001,3.25,46.31666666666667,-119.18333330000002
2014-09-14,1.1315913996090783,302.67499999999995,284.35,0.0,194.8125,1.7950000000000002,0.00596375,2.7624999999999997,46.31666666666667,-119.18333330000002
2014-09-22,1.0611961867721427,298.04999999999995,285.42499999999995,0.15000000000000002,153.8375,0.9437499999999999,0.008566250000000001,3.0125,46.31666666666667,-119.18333330000002
2014-09-30,0.9626367068932318,298.85,281.0125,0.05,177.92500000000004,1.31875,0.0056975,2.8125000000000004,46.31666666666667,-119.18333330000002
2014-10-08,0.8305980933860713,295.9375,281.47499999999997,0.6000000000000001,144.3375,1.0487499999999998,0.0056825,3.8000000000000003,46.31666666666667,-119.18333330000002
2014-10-16,0.7320386135071606,292.8875,280.6875,1.1375000000000002,98.30000000000001,0.53125,0.0072075,3.4625000000000004,46.31666666666667,-119.18333330000002
2014-10-24,0.700993306223007,288.2375,279.375,0.8125,78.92500000000001,0.29,0.00662375,3.45,46.31666666666667,-119.18333330000002
2014-11-01,0.7695007850407715,289.41249999999997,279.27500000000003,0.48750000000000004,69.6,0.47125000000000006,0.005912500000000001,3.7875000000000005,46.31666666666667,-119.18333330000002
2014-11-09,0.8393499055527823,277.075,266.8375,0.0,77.87500000000001,0.2725,0.00234,3.4375000000000004,46.31666666666667,-119.18333330000002
2014-11-17,0.5695007850407715,276.925,269.7125,0.8125000000000001,60.300000000000004,0.125,0.0034600000000000004,2.8375000000000004,46.31666666666667,-119.18333330000002
2014-11-25,0.502532704770939,279.9125,269.84999999999997,0.3375,46.6125,0.11875,0.004877500000000001,5.0375000000000005,46.31666666666667,-119.18333330000002
2014-12-03,0.4699479989388536,278.96250000000003,273.02500000000003,1.4375,37.925,0.1525,0.003991250000000001,1.8875,46.31666666666667,-119.18333330000002
2014-12-11,0.6689546927158466,280.3625,273.66249999999997,0.825,41.41250000000001,0.13,0.00459875,2.2250000000000005,46.31666666666667,-119.18333330000002
2014-12-19,0.30000000000000004,283.5125,274.7,3.0250000000000004,34.8375,0.22499999999999998,0.004775,3.625,46.31666666666667,-119.18333330000002
2014-12-27,0.2,275.0,267.17999999999995,0.54,36.88,0.126,0.00292,3.6399999999999997,46.31666666666667,-119.18333330000002
2015-01-01,0.30000000000000004,277.075,269.325,0.9875,45.012499999999996,0.12875,0.0033900000000000002,1.7875000000000003,46.31666666666667,-119.18333330000002
2015-01-09,0.26796138649283946,278.0375,273.4625,0.3125,48.050000000000004,0.15125,0.0037375000000000004,1.35,46.31666666666667,-119.18333330000002
2015-01-17,0.26796138649283946,280.08750000000003,272.35,1.625,52.975,0.16,0.00406875,2.5500000000000007,46.31666666666667,-119.18333330000002
2015-01-25,0.36796138649283944,278.06250000000006,274.375,0.325,72.00000000000001,0.034999999999999996,0.004845,1.6750000000000003,46.31666666666667,-119.18333330000002
2015-02-02,0.36940190661392874,284.8,277.07500000000005,1.85,54.337500000000006,0.2375,0.0055337500000000005,2.575,46.31666666666667,-119.18333330000002
2015-02-10,0.36796138649283944,287.2125,273.6375,0.0,105.11250000000001,0.33125000000000004,0.00496625,2.6125000000000003,46.31666666666667,-119.18333330000002
2015-02-18,0.4373632931067682,285.95000000000005,270.36249999999995,0.037500000000000006,127.97500000000002,0.49625,0.00312875,2.5375,46.31666666666667,-119.18333330000002
2015-02-26,0.536916079208686,285.4,270.4375,0.05,139.925,0.5225,0.0028412500000000005,2.4625000000000004,46.31666666666667,-119.18333330000002
2015-03-06,0.636916079208686,293.4875,275.08750000000003,0.0,173.3,0.89125,0.00416875,2.0375,46.31666666666667,-119.18333330000002
2015-03-14,0.7383565993297753,290.725,277.8125,1.8,158.7375,0.5912499999999999,0.0053325,3.3750000000000004,46.31666666666667,-119.18333330000002
2015-03-22,0.9009933062230071,292.21250000000003,278.58750000000003,0.55,167.1625,0.77,0.00508125,3.8625,46.31666666666667,-119.18333330000002
2015-03-30,1.0689546927158464,288.9,275.1,0.5375000000000001,211.70000000000002,0.6675,0.00375375,3.2625000000000006,46.31666666666667,-119.18333330000002
2015-04-07,1.1689546927158467,290.7125,276.675,0.037500000000000006,201.5,0.77375,0.00393625,4.2125,46.31666666666667,-119.18333330000002
2015-04-15,1.4709413051618607,295.84999999999997,276.725,0.0,292.65000000000003,1.2425,0.0035475000000000003,2.2875,46.31666666666667,-119.18333330000002
2015-04-23,1.6073112920456218,293.8625,277.38750000000005,0.0,268.15,1.03125,0.00403125,3.7000000000000006,46.31666666666667,-119.18333330000002
2015-05-01,1.6383565993297753,297.3375,277.6,0.0,332.1,1.3650000000000002,0.0037050000000000004,3.0,46.31666666666667,-119.18333330000002
2015-05-09,1.9436812789293831,295.92499999999995,281.25,2.9875000000000003,293.26250000000005,1.09375,0.00546125,3.0500000000000007,46.31666666666667,-119.18333330000002
2015-05-17,2.2121887577471475,300.4875,285.98750000000007,0.4,294.75000000000006,1.3725,0.00752875,3.0875,46.31666666666667,-119.18333330000002
2015-05-25,2.4427868511332185,302.65000000000003,286.86249999999995,0.1875,339.875,1.7812500000000002,0.006856250000000001,2.5875,46.31666666666667,-119.18333330000002
2015-06-02,2.508512168135647,304.575,287.66249999999997,0.0,327.98750000000007,2.13875,0.006855,2.6000000000000005,46.31666666666667,-119.18333330000002
2015-06-10,2.181143450462994,304.29999999999995,285.7375,0.0,373.8125,2.2487500000000002,0.004965000000000001,3.325,46.31666666666667,-119.18333330000002
2015-06-18,1.8672647155503603,304.08750000000003,287.54999999999995,0.0,355.0625,2.2975,0.0049700000000000005,3.35,46.31666666666667,-119.18333330000002
2015-06-26,1.633229676583853,312.2875,292.925,0.0,347.9750000000001,3.50125,0.007593750000000001,2.3125,46.31666666666667,-119.18333330000002
2015-07-04,1.6031776755227067,309.36249999999995,292.1,0.0,328.1625,2.92625,0.007575000000000001,3.1875000000000004,46.31666666666667,-119.18333330000002
2015-07-12,1.571934611384868,304.7875,288.7625,0.0,323.4375,2.1325000000000003,0.006978750000000001,3.4375000000000004,46.31666666666667,-119.18333330000002
2015-07-20,1.4724807037097924,303.1125,287.8875,0.0,320.9375,1.8912500000000003,0.00693,4.725,46.31666666666667,-119.18333330000002
2015-07-28,1.4341241043800175,308.9625,287.8375,0.0,299.975,3.09875,0.0046675,2.3625000000000003,46.31666666666667,-119.18333330000002
2015-08-05,1.4039732248920285,305.61249999999995,287.4625,0.0,297.5625,2.2125,0.0068475,2.825,46.31666666666667,-119.18333330000002
2015-08-13,1.373375131505957,305.23749999999995,287.575,0.0,290.9875,2.16125,0.006887500000000001,2.9375000000000004,46.31666666666667,-119.18333330000002
2015-08-21,1.439349905552782,304.1125,286.425,0.0,262.925,2.2199999999999998,0.005125000000000001,3.175,46.31666666666667,-119.18333330000002
2015-08-29,1.1039732248920284,297.7,284.2375,0.4750000000000001,219.88750000000002,1.1325,0.006863750000000001,4.2875,46.31666666666667,-119.18333330000002
2015-09-06,1.102532704770939,301.7375,283.96250000000003,0.08750000000000001,215.3875,1.61625,0.006525,2.1999999999999997,46.31666666666667,-119.18333330000002
2015-09-14,1.0039732248920283,296.63750000000005,283.2375,0.17500000000000002,177.92499999999998,1.10125,0.00630125,3.4750000000000005,46.31666666666667,-119.18333330000002
2015-09-22,0.9733751315059571,297.65,279.225,0.0,193.72500000000002,1.26625,0.00472875,2.7,46.31666666666667,-119.18333330000002
2015-09-30,1.0029799186690211,296.6875,280.9875,0.3125,161.525,1.18,0.005135000000000001,2.4625,46.31666666666667,-119.18333330000002
2015-10-08,0.97238182528295,296.97499999999997,281.24999999999994,0.0,152.625,0.9525000000000001,0.006767500000000001,3.8125,46.31666666666667,-119.18333330000002
2015-10-16,1.0403432117757896,293.675,278.6125,0.2,130.3125,0.7274999999999999,0.005900000000000001,2.4125,46.31666666666667,-119.18333330000002
2015-10-24,0.9703952128369359,290.1125,278.8875,1.2875,82.66250000000001,0.45000000000000007,0.0062562500000000005,3.9875000000000003,46.31666666666667,-119.18333330000002
2015-11-01,1.1048774657015257,286.6,275.4125,0.8250000000000001,70.9375,0.36374999999999996,0.00485,3.8000000000000003,46.31666666666667,-119.18333330000002
2015-11-09,1.172838852194365,286.1625,275.27500000000003,0.23750000000000002,69.5,0.38875,0.004635,4.7,46.31666666666667,-119.18333330000002
2015-11-17,0.9053246795996076,279.075,272.0375,1.575,61.1875,0.21125,0.00362,3.1250000000000004,46.31666666666667,-119.18333330000002
2015-11-25,0.9048774657015254,272.65000000000003,267.025,0.575,67.92500000000001,0.0975,0.0024937500000000003,1.7875,46.31666666666667,-119.18333330000002
2015-12-03,0.9038841594785182,283.6375,275.3,4.15,38.337500000000006,0.21125000000000002,0.00506125,4.3500000000000005,46.31666666666667,-119.18333330000002
2015-12-11,0.8048774657015253,279.71250000000003,272.7875,1.5500000000000003,45.38750000000001,0.1475,0.004056250000000001,3.2375000000000003,46.31666666666667,-119.18333330000002
2015-12-19,1.2417935449102113,277.0125,270.6875,0.7250000000000001,43.6375,0.10374999999999998,0.003546250000000001,3.8,46.31666666666667,-119.18333330000002
2015-12-27,0.8048774657015253,272.34000000000003,267.52,0.12000000000000002,43.2,0.036000000000000004,0.00296,1.6400000000000001,46.31666666666667,-119.18333330000002
2016-01-01,0.3373632931067682,271.325,267.4625,0.42500000000000004,46.087500000000006,0.05625,0.0027237500000000005,1.45,46.31666666666667,-119.18333330000002
2016-01-09,0.4679613864928394,277.77500000000003,272.1875,1.675,43.6875,0.15125000000000002,0.0034237500000000006,1.7625000000000002,46.31666666666667,-119.18333330000002
2016-01-17,0.6742793723154542,281.9875,274.75,2.1625,50.375,0.17375000000000002,0.004748750000000001,2.8625,46.31666666666667,-119.18333330000002
2016-01-25,0.5689546927158465,282.3,272.9125,0.6000000000000001,54.0875,0.22500000000000003,0.0042275,2.8375000000000004,46.31666666666667,-119.18333330000002
2016-02-02,0.7053246795996077,283.375,271.57500000000005,0.1875,86.98750000000001,0.24625,0.00401625,2.6375,46.31666666666667,-119.18333330000002
2016-02-10,0.706765199720697,287.31250000000006,278.95,0.7250000000000001,67.825,0.36750000000000005,0.0056587500000000015,3.3000000000000003,46.31666666666667,-119.18333330000002
2016-02-26,0.6694019066139288,288.925,276.66249999999997,0.6500000000000001,115.92500000000001,0.55375,0.0044875,3.9000000000000004,46.31666666666667,-119.18333330000002
2016-03-05,0.8091990260647934,287.40000000000003,276.5375,1.6,144.7625,0.4775000000000001,0.0048275,3.8500000000000005,46.31666666666667,-119.18333330000002
2016-03-13,0.9412376395719539,287.6,274.61249999999995,0.7375,165.3125,0.5687500000000001,0.0035937499999999997,4.150000000000001,46.31666666666667,-119.18333330000002
2016-03-21,1.1101923322878007,288.8125,276.17499999999995,0.8,163.275,0.62,0.0042787500000000004,4.875,46.31666666666667,-119.18333330000002
2016-03-29,1.51163285240889,294.95,278.125,0.2625,232.85000000000002,1.03375,0.0044825,3.0125,46.31666666666667,-119.18333330000002
2016-04-06,1.5407904256738718,297.27500000000003,280.625,0.3875,251.35000000000002,1.19625,0.00537625,2.825,46.31666666666667,-119.18333330000002
2016-04-14,1.6393499055527825,298.1375,280.1125,0.15000000000000002,278.23750000000007,1.2425,0.0054825,2.725,46.31666666666667,-119.18333330000002
2016-04-22,1.6446745851523898,294.5125,281.325,0.037500000000000006,244.57500000000002,1.0775000000000001,0.00479125,3.6625000000000005,46.31666666666667,-119.18333330000002
2016-04-30,1.810202145301133,300.75,284.0875,0.775,304.625,1.44875,0.0067437500000000015,2.6750000000000003,46.31666666666667,-119.18333330000002
2016-05-08,1.812188757747147,297.8375,283.40000000000003,1.5,285.05000000000007,1.2787500000000003,0.0058987499999999995,3.7874999999999996,46.31666666666667,-119.18333330000002
2016-05-16,1.676265984761468,296.82500000000005,283.1,0.3125,284.92499999999995,1.12,0.006315,4.2,46.31666666666667,-119.18333330000002
2016-05-24,2.081143450462994,298.54999999999995,282.04999999999995,0.0,333.77500000000003,1.3275000000000001,0.0055675,3.1000000000000005,46.31666666666667,-119.18333330000002
2016-06-01,2.1107482376260585,306.7,287.49999999999994,0.07500000000000001,328.6,2.29375,0.007390000000000001,3.0125000000000006,46.31666666666667,-119.18333330000002
2016-06-09,1.7092979044916359,297.525,282.5,0.125,334.85,1.3287499999999999,0.005208750000000001,4.1,46.31666666666667,-119.18333330000002
2016-06-17,1.573921223830882,300.175,284.4125,1.275,314.45000000000005,1.5025000000000002,0.006041250000000001,3.7375000000000003,46.31666666666667,-119.18333330000002
2016-06-25,1.5433231304448107,306.82500000000005,288.8875,0.0,356.2375,2.3325000000000005,0.007342500000000001,2.6875,46.31666666666667,-119.18333330000002
2016-07-03,1.5069531435610493,300.9625,287.40000000000003,0.7625000000000001,292.46250000000003,1.4137499999999998,0.00807125,4.4625,46.31666666666667,-119.18333330000002
2016-07-11,1.506505929662967,302.725,287.8875,0.05,325.96250000000003,1.65875,0.00787,3.1125000000000007,46.31666666666667,-119.18333330000002
2016-07-19,1.5059598373380425,306.025,288.1375,0.0,323.4125,2.13625,0.007772500000000002,2.6625,46.31666666666667,-119.18333330000002
2016-07-27,1.4753617439519713,307.1375,288.8,0.0,318.82500000000005,2.49125,0.00734625,3.1750000000000003,46.31666666666667,-119.18333330000002
2016-08-04,1.5408893041007146,303.8,286.55,0.1375,278.9375,1.8175,0.007501250000000001,2.8000000000000003,46.31666666666667,-119.18333330000002
2016-08-12,1.5087518121667112,308.625,288.77500000000003,0.0,289.45,2.71,0.00708125,2.4875000000000003,46.31666666666667,-119.18333330000002
2016-08-20,1.3713885190599429,305.4875,285.5875,0.0,277.83750000000003,2.22625,0.005636250000000001,2.9625000000000004,46.31666666666667,-119.18333330000002
2016-08-28,1.33925102712594,300.925,284.97499999999997,0.05,242.64999999999998,1.5624999999999998,0.0067475,3.2875,46.31666666666667,-119.18333330000002
2016-09-05,1.2702963344100933,298.8125,282.91249999999997,0.6125,218.85000000000002,1.2887499999999998,0.006485000000000001,3.4374999999999996,46.31666666666667,-119.18333330000002
2016-09-13,1.1373632931067683,298.4875,281.175,0.08750000000000001,187.875,1.1825,0.00619,3.5250000000000004,46.31666666666667,-119.18333330000002
2016-09-21,1.0378105070048504,298.02500000000003,282.2,0.0,166.5,1.13125,0.00638625,2.975,46.31666666666667,-119.18333330000002
2016-09-29,0.869849120512011,294.8,281.875,0.15000000000000002,142.6125,1.00875,0.0053187500000000006,3.5875,46.31666666666667,-119.18333330000002
2016-10-07,0.8004472138980824,290.7875,280.22499999999997,3.6624999999999996,122.93750000000003,0.45125,0.006848750000000001,3.85,46.31666666666667,-119.18333330000002
2016-10-15,0.7004472138980823,289.45,280.575,1.2625,94.0875,0.35750000000000004,0.0070437500000000005,4.125,46.31666666666667,-119.18333330000002
2016-10-23,0.7703952128369359,286.8,279.975,3.0125,88.5,0.16625,0.007202500000000001,2.5125,46.31666666666667,-119.18333330000002
2016-10-31,0.7703952128369359,290.2,279.1,0.0625,87.6125,0.5549999999999999,0.0056500000000000005,2.9250000000000003,46.31666666666667,-119.18333330000002
2016-11-08,0.7723818252829501,288.9375,279.1125,1.325,65.6875,0.40625000000000006,0.006307500000000001,2.8500000000000005,46.31666666666667,-119.18333330000002
2016-11-16,0.7019866124460142,282.66249999999997,273.15000000000003,0.45000000000000007,59.68750000000001,0.16875,0.0046525,3.2,46.31666666666667,-119.18333330000002
2016-11-24,0.6709413051618608,284.8875,275.3625,0.15000000000000002,51.5625,0.37,0.004381250000000001,4.3875,46.31666666666667,-119.18333330000002
2016-12-02,0.43159139960907833,276.84999999999997,268.9375,0.8250000000000001,37.87500000000001,0.17500000000000004,0.0031737500000000004,3.350000000000001,46.31666666666667,-119.18333330000002
2016-12-10,0.4995527861019177,269.63749999999993,262.3375,1.0875,39.050000000000004,0.007500000000000001,0.0028587499999999997,2.7625,46.31666666666667,-119.18333330000002
2016-12-18,0.3689546927158465,275.8625,267.2125,0.7625000000000001,50.800000000000004,0.12625,0.002955,2.6625,46.31666666666667,-119.18333330000002
2016-12-26,0.30000000000000004,279.4833333333333,270.1666666666667,0.10000000000000002,49.6,0.19833333333333333,0.003276666666666667,3.2833333333333337,46.31666666666667,-119.18333330000002
2017-01-01,0.0,268.025,260.475,1.8250000000000002,48.375,0.05125,0.0018250000000000002,2.825,46.31666666666667,-119.18333330000002
2017-01-09,0.0,266.3125,259.1375,0.625,62.9,0.03125,0.0018312500000000002,2.0125,46.31666666666667,-119.18333330000002
2017-01-17,0.0,275.36249999999995,268.675,1.1375,60.80000000000001,0.07874999999999999,0.0031950000000000004,1.9125000000000003,46.31666666666667,-119.18333330000002
2017-01-25,0.1,274.5625,269.11249999999995,0.22500000000000003,73.1375,0.125,0.002875,1.575,46.31666666666667,-119.18333330000002
2017-02-02,0.1995527861019178,274.4375,267.46250000000003,1.3250000000000002,73.875,0.0675,0.0030950000000000005,2.9000000000000004,46.31666666666667,-119.18333330000002
2017-02-10,0.2009933062230071,278.1875,270.375,2.275,99.80000000000001,0.18624999999999997,0.0032425000000000006,2.4250000000000003,46.31666666666667,-119.18333330000002
2017-02-18,0.33159139960907835,281.8625,272.23749999999995,2.2750000000000004,90.9625,0.27125,0.0036750000000000003,2.5374999999999996,46.31666666666667,-119.18333330000002
2017-02-26,0.4009933062230071,283.45000000000005,274.96250000000003,0.4625000000000001,130.875,0.36375,0.00387625,4.0,46.31666666666667,-119.18333330000002
2017-03-06,0.5014405201210893,285.3875,277.3125,2.1875,108.27499999999999,0.35875,0.00486375,4.2,46.31666666666667,-119.18333330000002
2017-03-14,0.5008944277961644,287.1375,276.4,0.9875,124.05000000000001,0.39249999999999996,0.005066250000000001,3.6000000000000005,46.31666666666667,-119.18333330000002
2017-03-22,0.703328254140261,287.3,277.96250000000003,2.0,151.32500000000002,0.44875000000000004,0.00498375,4.0,46.31666666666667,-119.18333330000002
2017-03-30,0.9043215603632679,290.3625,277.0,0.08750000000000001,201.26250000000002,0.6937500000000001,0.0044150000000000005,3.1875,46.31666666666667,-119.18333330000002
2017-04-07,1.1047687742613501,289.45000000000005,276.5625,1.35,221.1625,0.5975,0.0045725,4.5,46.31666666666667,-119.18333330000002
2017-04-15,1.3067553867073645,292.55,277.83750000000003,1.6125,238.3375,0.77625,0.004922500000000001,3.5000000000000004,46.31666666666667,-119.18333330000002
2017-04-23,1.4057620804843576,291.25,278.4125,0.3125,230.67499999999998,0.70875,0.00488875,4.4375,46.31666666666667,-119.18333330000002
2017-05-01,1.6038743464651861,295.40000000000003,280.08750000000003,0.7375,285.95,0.8937499999999999,0.0063575,2.9749999999999996,46.31666666666667,-119.18333330000002
2017-05-09,1.771388519059943,293.88750000000005,279.5875,0.525,277.45,0.8900000000000001,0.0053387500000000015,3.4750000000000005,46.31666666666667,-119.18333330000002
2017-05-17,1.6393499055527825,299.71250000000003,282.95,0.0,336.725,1.3637500000000002,0.006467500000000001,2.6125000000000003,46.31666666666667,-119.18333330000002
2017-05-25,2.0399058108910397,301.8,284.13750000000005,0.037500000000000006,324.7625,1.5412499999999998,0.0073100000000000005,2.6,46.31666666666667,-119.18333330000002
2017-06-02,2.1423396372351364,300.4,284.0375,0.0,326.38750000000005,1.30875,0.007486250000000002,3.1000000000000005,46.31666666666667,-119.18333330000002
2017-06-10,2.3763746762016438,297.47499999999997,283.4625,0.4,282.9125,1.1025,0.0066375,4.1000000000000005,46.31666666666667,-119.18333330000002
2017-06-18,2.247217102936662,305.7,286.28749999999997,0.0,350.85,2.0075000000000003,0.0077775000000000006,2.8375,46.31666666666667,-119.18333330000002
2017-06-26,2.0108471160529007,306.26249999999993,288.20000000000005,0.5750000000000001,352.9375,2.02625,0.00877,2.8,46.31666666666667,-119.18333330000002
2017-07-04,1.843879035783068,308.7125,288.55,0.0,338.45,2.49625,0.008301250000000001,2.7125,46.31666666666667,-119.18333330000002
2017-07-12,1.7059696503513748,306.225,286.90000000000003,0.0,336.8,2.2075,0.00709875,2.5375,46.31666666666667,-119.18333330000002
2017-07-20,1.6089495690203963,307.1875,287.9875,0.0,326.9125,2.39875,0.007182500000000001,2.7750000000000004,46.31666666666667,-119.18333330000002
2017-07-28,1.541981488750564,309.68750000000006,288.65,0.0,318.4875,2.9025,0.006635,2.6125000000000003,46.31666666666667,-119.18333330000002
2017-08-05,1.4084034766954716,309.55,289.95,0.0625,299.65000000000003,2.8737500000000002,0.007141250000000002,1.8000000000000003,46.31666666666667,-119.18333330000002
2017-08-13,1.3102912107146432,303.4375,285.4,0.1,278.075,1.7075,0.00741875,3.3000000000000003,46.31666666666667,-119.18333330000002
2017-08-21,1.209745118389718,304.95,285.5625,0.0,270.46250000000003,2.08875,0.0063812500000000015,2.5875000000000004,46.31666666666667,-119.18333330000002
2017-08-29,1.1403432117757897,306.83750000000003,287.55,0.0,253.76250000000005,2.50875,0.005951250000000001,2.6875000000000004,46.31666666666667,-119.18333330000002
2017-09-06,1.0393499055527824,303.125,286.625,0.0,225.75,1.735,0.007413750000000001,2.875,46.31666666666667,-119.18333330000002
2017-09-14,0.9388038132278576,293.71250000000003,281.3125,0.6875,172.87500000000003,0.8674999999999999,0.00569125,3.9375000000000004,46.31666666666667,-119.18333330000002
2017-09-22,0.869849120512011,297.4875,281.9,0.0,174.5,1.0575,0.0065825000000000015,2.275,46.31666666666667,-119.18333330000002
2017-09-30,0.769849120512011,293.725,279.25,0.0,166.76250000000002,0.9887500000000001,0.00441125,3.9250000000000003,46.31666666666667,-119.18333330000002
2017-10-08,0.6684086003909216,289.0125,275.3125,0.4625,140.45000000000002,0.635,0.004005000000000001,3.6,46.31666666666667,-119.18333330000002
2017-10-16,0.6004472138980823,291.62499999999994,279.0375,2.2625,100.525,0.61375,0.005812500000000001,5.0625,46.31666666666667,-119.18333330000002
2017-10-24,0.5320386135071605,290.03749999999997,274.9875,0.0,127.07500000000002,0.48250000000000004,0.0052,2.6375,46.31666666666667,-119.18333330000002
2017-11-01,0.5,282.09999999999997,272.575,1.0875000000000001,58.449999999999996,0.2825,0.0039025000000000006,3.5875000000000004,46.31666666666667,-119.18333330000002
2017-11-09,0.4320386135071606,284.6125,276.575,1.925,55.300000000000004,0.27625,0.0051,3.2125000000000004,46.31666666666667,-119.18333330000002
2017-11-17,0.4694019066139288,285.7,275.55000000000007,1.5125000000000002,49.35,0.25250000000000006,0.005443750000000001,4.3875,46.31666666666667,-119.18333330000002
2017-11-25,0.4009933062230071,280.58750000000003,273.31249999999994,0.35000000000000003,49.5625,0.1175,0.004491250000000001,3.2,46.31666666666667,-119.18333330000002
2017-12-03,0.4009933062230071,276.45,270.0875,0.0,60.462500000000006,0.1725,0.0029512500000000003,1.5625000000000002,46.31666666666667,-119.18333330000002
2017-12-11,0.30144052012108935,276.4625,273.0375,0.625,44.75,0.23125,0.00300875,2.2750000000000004,46.31666666666667,-119.18333330000002
2017-12-19,0.30000000000000004,274.525,267.725,0.8250000000000001,37.7125,0.051250000000000004,0.0032325,2.7500000000000004,46.31666666666667,-119.18333330000002
2017-12-27,0.2,276.17999999999995,269.78000000000003,2.6800000000000006,43.68000000000001,0.09,0.0033820000000000005,1.92,46.31666666666667,-119.18333330000002
2018-01-01,0.2009933062230071,274.3,270.675,0.7,48.075,0.057499999999999996,0.0033737500000000004,1.475,46.31666666666667,-119.18333330000002
2018-01-09,0.30099330622300713,280.8125,274.0875,2.25,48.53750000000001,0.0925,0.00488375,3.1625,46.31666666666667,-119.18333330000002
2018-01-17,0.23258470583208543,283.1875,274.6125,1.3,47.4125,0.23000000000000004,0.0045475,3.4625000000000004,46.31666666666667,-119.18333330000002
2018-01-25,0.30099330622300713,283.975,275.6125,0.7625000000000001,61.0625,0.3125,0.00442625,4.2625,46.31666666666667,-119.18333330000002
2018-02-02,0.3019866124460142,288.7875,277.63750000000005,0.0,77.625,0.44375,0.005528750000000001,5.050000000000001,46.31666666666667,-119.18333330000002
2018-02-10,0.47039521283693586,282.4625,271.8875,0.6625000000000001,90.00000000000001,0.39625,0.00305375,3.9875000000000007,46.31666666666667,-119.18333330000002
2018-02-18,0.4019866124460142,277.56249999999994,267.23749999999995,0.0,91.38749999999999,0.2625,0.00231,4.6,46.31666666666667,-119.18333330000002
2018-02-26,0.4330319197301677,284.3875,271.4375,0.48750000000000004,139.1625,0.40875000000000006,0.0033325000000000004,3.5875000000000004,46.31666666666667,-119.18333330000002
2018-03-06,0.5019866124460142,288.075,272.50000000000006,0.275,158.0,0.5212500000000001,0.00396875,3.2625,46.31666666666667,-119.18333330000002
2018-03-14,0.6009933062230072,287.8125,274.3125,0.25,187.32500000000002,0.5599999999999999,0.00381,2.925,46.31666666666667,-119.18333330000002
2018-03-22,0.6019866124460143,287.50000000000006,274.48749999999995,0.125,164.825,0.5525,0.0038375000000000006,4.4625,46.31666666666667,-119.18333330000002
2018-03-30,0.8325847058320854,288.075,277.05,0.8375,171.5625,0.55375,0.004505,3.3875,46.31666666666667,-119.18333330000002
2018-04-07,0.9009933062230071,290.575,279.9625,2.075,177.1375,0.65375,0.005273750000000001,5.1125,46.31666666666667,-119.18333330000002
2018-04-15,1.2320386135071606,291.3875,277.46250000000003,0.7000000000000001,250.475,0.8175,0.0041062500000000005,4.175000000000001,46.31666666666667,-119.18333330000002
2018-04-23,1.4991055722038353,297.2,279.5,0.8625,291.75,1.2275,0.00494125,3.4875000000000003,46.31666666666667,-119.18333330000002
2018-05-01,1.6675141725947573,299.0625,283.9375,0.4625,302.725,1.2974999999999999,0.006560000000000001,2.7875,46.31666666666667,-119.18333330000002
2018-05-09,1.9354755590875967,299.975,284.1125,0.8,304.5125,1.42125,0.0066575,2.75,46.31666666666667,-119.18333330000002
2018-05-17,1.9719444243982003,301.675,286.175,0.0,324.8875,1.48375,0.0078075,2.7125000000000004,46.31666666666667,-119.18333330000002
2018-05-25,1.8743782507422968,299.11249999999995,282.79999999999995,0.0,339.57500000000005,1.39875,0.0057075,3.1000000000000005,46.31666666666667,-119.18333330000002
2018-06-02,2.011294329950983,300.3375,283.45000000000005,0.125,339.15,1.50375,0.00605,2.975,46.31666666666667,-119.18333330000002
2018-06-10,1.9156158903142506,298.95,282.5875,0.375,342.79999999999995,1.34875,0.0058112500000000004,3.8625,46.31666666666667,-119.18333330000002
2018-06-18,1.9219338761368652,303.7,288.2125,0.0,323.55,1.81,0.008037500000000001,3.275,46.31666666666667,-119.18333330000002
2018-06-26,1.715069797989326,301.32500000000005,285.2875,0.0,343.9,1.68625,0.0059125,3.7750000000000004,46.31666666666667,-119.18333330000002
2018-07-04,1.746661197598404,305.6499999999999,287.4625,0.0,329.9,2.115,0.0073325000000000005,3.2125,46.31666666666667,-119.18333330000002
2018-07-12,1.746661197598404,309.65000000000003,288.95,0.0,337.8875,2.91375,0.00673125,3.1375000000000006,46.31666666666667,-119.18333330000002
2018-07-20,1.7462139837003219,307.8125,288.03749999999997,0.0,331.9625,2.73875,0.005728750000000001,2.4250000000000003,46.31666666666667,-119.18333330000002
2018-07-28,1.439895997877707,308.65,289.53749999999997,0.0,315.3875,2.735,0.007166250000000001,3.2,46.31666666666667,-119.18333330000002
2018-08-05,1.339448783979625,308.42500000000007,288.8625,0.0,297.975,2.70125,0.006985000000000001,2.5500000000000003,46.31666666666667,-119.18333330000002
2018-08-13,1.239448783979625,305.8,288.0125,0.0,286.27500000000003,2.3,0.006508750000000001,2.5,46.31666666666667,-119.18333330000002
2018-08-21,1.1714873974867857,300.91249999999997,285.4875,0.0,246.78750000000005,1.47,0.007208750000000002,3.6000000000000005,46.31666666666667,-119.18333330000002
2018-08-29,1.1398959978777075,302.125,284.0625,0.0,252.41250000000002,1.7375,0.005843750000000001,3.1250000000000004,46.31666666666667,-119.18333330000002
2018-09-06,1.1389026916547003,300.26250000000005,284.375,0.0,214.01250000000002,1.475,0.0063837500000000005,3.7500000000000004,46.31666666666667,-119.18333330000002
2018-09-14,0.9699479989388536,296.99999999999994,280.8125,0.0,198.0625,1.1400000000000001,0.0054725,2.5625,46.31666666666667,-119.18333330000002
2018-09-22,0.8699479989388536,297.75,280.77500000000003,0.0,193.6625,1.26375,0.005135000000000001,3.2875000000000005,46.31666666666667,-119.18333330000002
2018-09-30,0.801539398547932,291.55,278.6625,0.5625,132.375,0.7312500000000001,0.005061250000000001,2.9125000000000005,46.31666666666667,-119.18333330000002
2018-10-08,0.7024338263440965,290.79999999999995,276.33750000000003,1.8625,126.1875,0.63,0.00489125,2.0125,46.31666666666667,-119.18333330000002
2018-10-16,0.7699479989388537,291.375,274.4375,0.0,146.125,0.6425000000000001,0.0046324999999999995,1.2625,46.31666666666667,-119.18333330000002
2018-10-24,0.6703952128369358,290.175,279.825,0.5125,98.20000000000002,0.49750000000000005,0.006070000000000001,3.925,46.31666666666667,-119.18333330000002
2018-11-01,0.6703952128369358,290.1875,278.025,0.1875,72.0625,0.59875,0.005378750000000001,4.625,46.31666666666667,-119.18333330000002
2018-11-09,0.570395212836936,279.0,270.5125,0.0625,74.2625,0.14875,0.00367,2.15,46.31666666666667,-119.18333330000002
2018-11-17,0.5383565993297753,278.6875,270.36249999999995,0.8,67.7,0.13,0.003715,2.575,46.31666666666667,-119.18333330000002
2018-11-25,0.5009933062230071,281.5,274.38750000000005,1.7375,52.0375,0.09624999999999999,0.004981250000000001,2.35,46.31666666666667,-119.18333330000002
2018-12-03,0.5699479989388537,274.125,269.925,0.21250000000000002,51.85,0.09375,0.0029825000000000003,1.8125000000000002,46.31666666666667,-119.18333330000002
2018-12-11,0.8689546927158465,283.225,276.27500000000003,1.6375000000000002,41.637499999999996,0.3087500000000001,0.0043637500000000004,4.5625,46.31666666666667,-119.18333330000002
2018-12-19,0.4689546927158465,279.925,273.5375,0.8250000000000001,46.67500000000001,0.1375,0.004325000000000001,3.2375000000000003,46.31666666666667,-119.18333330000002
2018-12-27,0.4689546927158465,280.42,272.86,1.24,36.24,0.198,0.004098,3.6400000000000006,46.31666666666667,-119.18333330000002
2019-01-01,0.47039521283693586,280.27500000000003,271.65,0.375,45.525,0.21500000000000002,0.0036425000000000003,3.7249999999999996,46.31666666666667,-119.18333330000002
2019-01-09,0.3703952128369358,276.4,272.6125,0.775,61.56250000000001,0.07625,0.00384625,2.0749999999999997,46.31666666666667,-119.18333330000002
2019-01-17,0.3703952128369358,282.0125,273.6375,3.1624999999999996,51.25000000000001,0.17125,0.00460125,3.1500000000000004,46.31666666666667,-119.18333330000002
2019-01-25,0.27084242673501807,276.7,272.4125,0.36250000000000004,76.3125,0.1075,0.0036275,1.4375000000000002,46.31666666666667,-119.18333330000002
2019-02-02,0.20144052012108934,273.2625,264.7375,4.0375,73.65,0.0,0.0033737500000000004,2.7625,46.31666666666667,-119.18333330000002
2019-02-10,0.16940190661392876,273.675,267.1875,2.4000000000000004,64.86250000000001,0.023749999999999997,0.0035062500000000007,2.9375,46.31666666666667,-119.18333330000002
2019-02-18,0.1,273.95000000000005,265.88750000000005,0.7250000000000001,92.60000000000001,0.030000000000000002,0.0030775000000000004,2.6625,46.31666666666667,-119.18333330000002
2019-02-26,0.16940190661392876,271.625,262.36249999999995,0.875,119.475,0.0225,0.00252,2.8375,46.31666666666667,-119.18333330000002
2019-03-06,0.30000000000000004,276.6375,267.25,2.5625,158.875,0.1,0.003115,2.45,46.31666666666667,-119.18333330000002
2019-03-14,0.30044721389808227,284.875,271.25,0.0,207.175,0.3075,0.004225,1.9500000000000002,46.31666666666667,-119.18333330000002
2019-03-22,0.5694019066139288,288.8875,277.8,0.9375,168.20000000000002,0.48875,0.005253750000000001,2.525,46.31666666666667,-119.18333330000002
2019-03-30,0.6712896406331004,292.57499999999993,278.625,1.3125,196.47500000000002,0.7425,0.005282500000000001,2.975,46.31666666666667,-119.18333330000002
2019-04-07,0.7712896406331005,288.3875,280.45,1.55,166.15000000000003,0.44999999999999996,0.00583875,4.362500000000001,46.31666666666667,-119.18333330000002
2019-04-15,1.1431253735911255,294.96250000000003,280.7625,0.22500000000000003,230.28750000000002,0.8975000000000001,0.006033750000000001,3.0875000000000004,46.31666666666667,-119.18333330000002
2019-04-23,1.2416848534700362,293.7375,277.8375,0.0,296.27500000000003,0.985,0.00423875,3.5625000000000004,46.31666666666667,-119.18333330000002
2019-05-01,1.4402443333489465,298.1875,281.2625,0.0,326.21250000000003,1.34625,0.005083750000000001,2.6500000000000004,46.31666666666667,-119.18333330000002
2019-05-09,1.6125370932183867,299.62499999999994,282.6875,0.9875,307.75,1.38125,0.006195000000000001,3.0124999999999997,46.31666666666667,-119.18333330000002
2019-05-17,1.6445757067255473,296.40000000000003,283.4,0.15000000000000002,265.6625,1.03,0.006560000000000001,3.675,46.31666666666667,-119.18333330000002
2019-05-25,1.980051265813144,301.825,286.53749999999997,0.05,330.5,1.4787500000000002,0.00807875,2.5625,46.31666666666667,-119.18333330000002
2019-06-02,1.9087518121667113,300.24999999999994,283.40000000000003,0.1625,346.13750000000005,1.4874999999999998,0.006251250000000002,3.8249999999999997,46.31666666666667,-119.18333330000002
2019-06-10,2.277815196322733,306.175,287.7375,0.0,370.425,2.095,0.0079875,2.825,46.31666666666667,-119.18333330000002
2019-06-18,2.103535824007279,299.99999999999994,285.4875,0.0,337.45000000000005,1.4737500000000001,0.00645,4.112500000000001,46.31666666666667,-119.18333330000002
2019-06-26,1.905969650351375,301.4875,285.85,0.22500000000000003,343.30000000000007,1.55,0.007096250000000001,2.8375000000000004,46.31666666666667,-119.18333330000002
2019-07-04,1.8754704353921465,303.25,288.0,0.0,312.35,1.6175,0.008642500000000001,3.0125,46.31666666666667,-119.18333330000002
2019-07-12,1.9782525972074827,303.2375,288.4125,0.0,293.27500000000003,1.6875,0.008365000000000001,3.6500000000000004,46.31666666666667,-119.18333330000002
2019-07-20,2.0161619826391757,306.15000000000003,286.81250000000006,0.225,326.425,2.3212500000000005,0.006391250000000001,3.025,46.31666666666667,-119.18333330000002
2019-07-28,1.7801403312266544,306.3625,287.91249999999997,0.0,317.8625,2.2075,0.007496250000000001,3.05,46.31666666666667,-119.18333330000002
2019-08-05,1.581679729774586,305.8625,289.8375,1.0,277.46250000000003,2.0375,0.009145,2.925,46.31666666666667,-119.18333330000002
2019-08-13,1.4141655571798288,305.225,288.275,0.0,287.3625,2.0325,0.007710000000000001,2.8000000000000003,46.31666666666667,-119.18333330000002
2019-08-21,1.343770344342893,304.175,286.9375,0.0,269.05,1.87,0.007438750000000001,3.0125,46.31666666666667,-119.18333330000002
2019-08-29,1.1427770381198858,305.4125,288.01250000000005,0.0,243.5625,1.8850000000000005,0.00872,2.7625,46.31666666666667,-119.18333330000002
2019-09-06,1.0728290391810322,300.95000000000005,286.7375,0.5375000000000001,206.16250000000002,1.2874999999999999,0.008668750000000001,3.8500000000000005,46.31666666666667,-119.18333330000002
2019-09-14,1.0397971194508646,296.41249999999997,284.79999999999995,0.8250000000000002,154.61249999999998,0.7775,0.00841125,3.1625,46.31666666666667,-119.18333330000002
2019-09-22,0.9009933062230071,294.2375,282.0125,0.037500000000000006,153.13750000000002,0.8225,0.00677375,4.375,46.31666666666667,-119.18333330000002
2019-09-30,0.7694019066139287,291.90000000000003,276.66249999999997,0.0,156.60000000000002,0.8350000000000001,0.004175000000000001,3.1375,46.31666666666667,-119.18333330000002
2019-10-08,0.6694019066139288,288.3,273.375,0.0,139.7,0.63625,0.003455,2.8250000000000006,46.31666666666667,-119.18333330000002
2019-10-16,0.6004472138980823,289.325,279.4,1.9375000000000002,107.53750000000001,0.5262500000000001,0.005588750000000001,5.187500000000001,46.31666666666667,-119.18333330000002
2019-10-24,0.5694019066139288,285.575,270.2375,0.0,117.18750000000003,0.6075,0.0026737500000000003,3.1250000000000004,46.31666666666667,-119.18333330000002
2019-11-01,0.5,284.82500000000005,270.0375,0.0,98.33750000000002,0.49124999999999996,0.0027600000000000003,1.1500000000000001,46.31666666666667,-119.18333330000002
2019-11-09,0.4,281.3375,274.0875,0.42500000000000004,66.5125,0.15875,0.0044687500000000005,2.2125,46.31666666666667,-119.18333330000002
2019-11-17,0.3689546927158465,283.1375,273.17499999999995,0.08750000000000001,67.35,0.2625,0.0044175,3.0000000000000004,46.31666666666667,-119.18333330000002
2019-11-25,0.30099330622300713,277.48749999999995,268.2375,0.1125,54.7625,0.25,0.0024737500000000003,2.975,46.31666666666667,-119.18333330000002
2019-12-03,0.2995527861019178,276.65000000000003,272.2875,0.6625000000000001,52.275000000000006,0.06125,0.00393,1.2875,46.31666666666667,-119.18333330000002
2019-12-11,0.2,276.725,271.75,0.45000000000000007,45.62500000000001,0.09749999999999999,0.0036687500000000006,2.55,46.31666666666667,-119.18333330000002
2019-12-19,0.36796138649283944,281.65,273.8375,0.7625000000000001,40.2625,0.19375000000000003,0.004487500000000001,3.1875000000000004,46.31666666666667,-119.18333330000002
2019-12-27,0.3995527861019178,277.06000000000006,271.84,0.12000000000000002,35.940000000000005,0.138,0.003542,1.56,46.31666666666667,-119.18333330000002
2020-01-01,0.26940190661392877,284.35,277.54999999999995,0.47500000000000003,43.050000000000004,0.41874999999999996,0.004217500000000001,6.2625,46.31666666666667,-119.18333330000002
2020-01-09,0.2995527861019178,276.7875,268.45000000000005,0.8625,39.712500000000006,0.17625000000000002,0.0032812500000000003,4.675,46.31666666666667,-119.18333330000002
2020-01-17,0.30000000000000004,280.5625,272.675,1.4000000000000001,46.949999999999996,0.19125,0.0040012500000000005,2.4250000000000003,46.31666666666667,-119.18333330000002
2020-01-25,0.3689546927158465,286.71250000000003,275.675,0.8625,56.93750000000001,0.38,0.0048975,3.8125000000000004,46.31666666666667,-119.18333330000002
2020-02-02,0.4,282.59999999999997,272.575,1.0,70.275,0.24875,0.004070000000000001,4.4375,46.31666666666667,-119.18333330000002
2020-02-10,0.4689546927158465,285.7375,272.8375,0.0625,92.64999999999999,0.47000000000000003,0.0035487500000000007,3.8625000000000003,46.31666666666667,-119.18333330000002
2020-02-18,0.5,285.4625,269.90000000000003,0.0,122.76250000000002,0.52625,0.002775000000000001,3.1125,46.31666666666667,-119.18333330000002
2020-02-26,0.5694019066139288,289.175,274.0125,0.2625,145.75,0.6925,0.0034950000000000007,4.2625,46.31666666666667,-119.18333330000002
2020-03-05,0.6694019066139288,287.8875,273.0375,0.65,168.55,0.63875,0.0032462500000000004,2.6750000000000003,46.31666666666667,-119.18333330000002
2020-03-13,0.7684086003909217,284.925,271.09999999999997,0.9,176.53750000000002,0.50875,0.0030475000000000003,2.9125,46.31666666666667,-119.18333330000002
2020-03-21,0.9363699868837612,288.7,275.9625,0.0,163.41250000000002,0.7100000000000002,0.0035150000000000003,3.8625000000000003,46.31666666666667,-119.18333330000002
2020-03-29,1.0363699868837613,287.4,274.8375,0.07500000000000001,182.6125,0.5875,0.00366875,4.3500000000000005,46.31666666666667,-119.18333330000002
2020-04-06,1.1378105070048505,293.7625,275.33750000000003,0.0,274.45,1.08,0.0032687500000000004,3.1,46.31666666666667,-119.18333330000002
2020-04-14,1.3063179858226148,295.725,277.9625,0.0,263.725,1.2225,0.00372625,3.2375,46.31666666666667,-119.18333330000002
2020-04-22,1.374279372315454,296.3125,280.45000000000005,0.2,218.77500000000003,1.12375,0.005143750000000001,4.3875,46.31666666666667,-119.18333330000002
2020-04-30,1.4446745851523901,295.76250000000005,278.4,0.75,292.2375,1.1375,0.004387500000000001,3.7375,46.31666666666667,-119.18333330000002
2020-05-08,1.4752726785384616,297.8625,284.5375,0.0625,292.0375,1.3475,0.0057237500000000005,4.2,46.31666666666667,-119.18333330000002
2020-05-16,1.642339637235136,294.5375,282.325,1.5625,255.575,0.88625,0.00614375,3.8875,46.31666666666667,-119.18333330000002
2020-05-24,1.8437801573562254,301.25,284.1625,0.525,313.06250000000006,1.54375,0.006676250000000001,3.2750000000000004,46.31666666666667,-119.18333330000002
2020-06-01,2.0103999021548185,298.1125,283.3875,0.0,348.75000000000006,1.3775000000000002,0.00527375,3.6,46.31666666666667,-119.18333330000002
2020-06-09,2.1385543561834606,298.5,285.375,1.3625000000000003,271.05,1.215,0.007222500000000001,3.9125000000000005,46.31666666666667,-119.18333330000002
2020-06-17,2.0074101704724643,304.78749999999997,287.12500000000006,0.08750000000000001,339.9875,2.02,0.007160000000000001,2.5,46.31666666666667,-119.18333330000002
2020-06-25,2.0406398470563176,302.4625,286.6375,0.3375,340.5625,1.7562499999999999,0.007045,4.3875,46.31666666666667,-119.18333330000002
2020-07-03,1.8731256744615603,302.975,286.1,0.0,342.5,1.7862500000000001,0.006715000000000002,3.1625000000000005,46.31666666666667,-119.18333330000002
2020-07-11,1.7711390620155458,305.75,287.1875,0.0,336.27500000000003,2.2624999999999997,0.006495,2.9,46.31666666666667,-119.18333330000002
2020-07-19,1.7399948763045499,308.1375,288.88750000000005,0.0,328.9,2.6812499999999995,0.00672875,2.6500000000000004,46.31666666666667,-119.18333330000002
2020-07-27,1.6069629565743824,310.85,291.575,0.05,311.13750000000005,3.27375,0.006965000000000001,3.1625000000000005,46.31666666666667,-119.18333330000002
2020-08-04,1.6064168642494574,305.4625,286.975,0.0,290.4875,2.1775,0.006695000000000001,2.95,46.31666666666667,-119.18333330000002
2020-08-12,1.5068640781475395,307.6375,288.68750000000006,0.325,280.9375,2.72375,0.006345000000000002,2.625,46.31666666666667,-119.18333330000002
2020-08-20,1.3383565993297755,305.11249999999995,287.1875,0.0,267.75,2.1325,0.006678750000000001,2.925,46.31666666666667,-119.18333330000002
2020-08-28,1.2685074788177644,305.23749999999995,286.96250000000003,0.0,257.58750000000003,2.31,0.005696250000000001,2.7,46.31666666666667,-119.18333330000002
2020-09-05,1.136916079208686,302.4875,284.08750000000003,0.0,238.77499999999998,2.0725000000000002,0.0042474999999999995,3.1125000000000003,46.31666666666667,-119.18333330000002
2020-09-13,1.1359227729856791,296.8,284.225,0.0625,200.2375,1.05,0.006750000000000001,2.6500000000000004,46.31666666666667,-119.18333330000002
2020-09-21,1.0679613864928394,297.5625,283.2875,0.15000000000000002,169.1125,0.9825,0.00740875,3.9000000000000004,46.31666666666667,-119.18333330000002
2020-09-29,1.0363699868837613,300.68749999999994,282.4,0.0,181.625,1.5174999999999998,0.0057462500000000005,1.525,46.31666666666667,-119.18333330000002
2020-10-07,0.9373632931067682,295.4625,282.61249999999995,1.0625,136.7125,1.00375,0.006135000000000001,5.6875,46.31666666666667,-119.18333330000002
2020-10-15,0.8373632931067682,291.28749999999997,278.3875,0.0,118.0,0.64875,0.005453749999999999,4.2875000000000005,46.31666666666667,-119.18333330000002
2020-10-23,0.7383565993297753,284.2125,270.1375,0.21250000000000002,104.67500000000001,0.4,0.0034475,3.225,46.31666666666667,-119.18333330000002
2020-10-31,0.7369160792086861,288.4875,276.2875,2.4625000000000004,82.575,0.48750000000000004,0.00521625,3.0375,46.31666666666667,-119.18333330000002
2020-11-08,0.7058707719245325,282.8375,273.675,1.3375000000000001,66.6125,0.33125,0.0037800000000000004,4.4375,46.31666666666667,-119.18333330000002
2020-11-16,0.6379093854316931,282.45,273.83750000000003,0.07500000000000001,56.525000000000006,0.21750000000000003,0.00444375,2.8125,46.31666666666667,-119.18333330000002
2020-11-24,0.5689546927158465,282.7125,270.9875,0.037500000000000006,58.1625,0.2625,0.00374625,3.4250000000000007,46.31666666666667,-119.18333330000002
2020-12-02,0.636916079208686,275.2,270.475,0.21250000000000002,59.4875,0.1575,0.002905,1.6375000000000002,46.31666666666667,-119.18333330000002
2020-12-10,0.536916079208686,279.45,274.025,0.6125,38.91250000000001,0.1875,0.003928750000000001,2.8875,46.31666666666667,-119.18333330000002
2020-12-18,0.7383565993297753,282.08750000000003,273.3,1.1875,47.56250000000001,0.26,0.0041975,4.125,46.31666666666667,-119.18333330000002
2020-12-26,0.3689546927158465,275.9833333333333,270.59999999999997,0.9666666666666668,44.45000000000001,0.06999999999999999,0.0034983333333333338,2.2500000000000004,46.31666666666667,-119.18333330000002
2021-01-01,0.570395212836936,282.04999999999995,275.275,1.4500000000000002,38.97500000000001,0.185,0.00477375,3.7125000000000004,46.31666666666667,-119.18333330000002
2021-01-09,0.3703952128369358,282.0375,273.01250000000005,0.3125,51.5125,0.245,0.004062500000000001,2.75,46.31666666666667,-119.18333330000002
2021-01-17,0.4383565993297753,279.2125,269.26250000000005,0.36250000000000004,59.7,0.17750000000000002,0.0033300000000000005,1.8250000000000002,46.31666666666667,-119.18333330000002
2021-01-25,0.3689546927158465,282.125,273.6625,0.25,55.675000000000004,0.25,0.00415625,2.1,46.31666666666667,-119.18333330000002
2021-02-02,0.3703952128369358,283.66249999999997,272.225,0.1125,70.7625,0.36375,0.00365375,4.6375,46.31666666666667,-119.18333330000002
2021-02-10,0.3703952128369358,271.7375,264.675,2.8625,67.3375,0.07499999999999998,0.00251625,2.9625000000000004,46.31666666666667,-119.18333330000002
2021-02-18,0.3703952128369358,281.725,272.47499999999997,0.28750000000000003,98.25000000000001,0.335,0.0035412500000000006,5.0625,46.31666666666667,-119.18333330000002
2021-02-26,0.5383565993297753,289.5625,273.925,0.0,144.8,0.7212500000000001,0.0034825000000000004,3.6125000000000003,46.31666666666667,-119.18333330000002
2021-03-06,0.5694019066139288,287.45000000000005,272.36249999999995,0.0,168.20000000000002,0.6025,0.0031637500000000003,2.3875,46.31666666666667,-119.18333330000002
2021-03-14,0.7383565993297753,287.7875,275.0,0.07500000000000001,156.9125,0.60625,0.0036937500000000004,3.2875,46.31666666666667,-119.18333330000002
2021-03-22,0.8694019066139288,289.03749999999997,275.075,0.1875,178.02500000000003,0.685,0.00367125,5.0625,46.31666666666667,-119.18333330000002
2021-03-30,0.9689546927158466,291.83750000000003,275.225,0.0,240.71249999999998,0.93875,0.0032287500000000003,2.4125,46.31666666666667,-119.18333330000002
2021-04-07,1.0383565993297752,289.675,274.53749999999997,0.0,266.25,0.8625,0.00274125,5.45,46.31666666666667,-119.18333330000002
2021-04-15,1.207311292045622,296.71250000000003,277.425,0.0,294.175,1.35,0.0034075000000000004,3.4625000000000004,46.31666666666667,-119.18333330000002
2021-04-23,1.236916079208686,295.6,280.72499999999997,0.05,255.3,1.2137499999999999,0.0044425,3.3625000000000003,46.31666666666667,-119.18333330000002
2021-05-01,1.4038841594785183,296.51249999999993,279.88750000000005,0.0625,304.9,1.23625,0.00456375,3.9375,46.31666666666667,-119.18333330000002
2021-05-09,1.4738321584173721,299.85,282.5875,0.0,323.1875,1.7062500000000003,0.00423,1.6375000000000002,46.31666666666667,-119.18333330000002
2021-05-17,1.640800238687204,295.5625,282.3125,0.3125,256.11249999999995,1.2125,0.00476875,4.375,46.31666666666667,-119.18333330000002
2021-05-25,1.6427868511332182,300.4375,283.23749999999995,0.037500000000000006,332.775,1.6725,0.0050875,3.1,46.31666666666667,-119.18333330000002
2021-06-02,1.7423396372351363,300.0,285.4375,0.0,333.20000000000005,1.7337500000000001,0.005555,3.6125,46.31666666666667,-119.18333330000002
2021-06-10,2.1176123157735978,300.35,285.6875,0.45000000000000007,318.70000000000005,1.5375,0.006495000000000001,2.7000000000000006,46.31666666666667,-119.18333330000002
2021-06-18,2.0127348500720723,307.6625,290.5625,0.0,367.4125,2.68875,0.00670625,3.2375,46.31666666666667,-119.18333330000002
2021-06-26,2.07880850254574,313.3625,293.9875,0.0,359.5875,3.7575000000000003,0.00812875,3.7,46.31666666666667,-119.18333330000002
2021-07-04,1.9437801573562254,309.3375,290.7375,0.0,345.62500000000006,3.0937499999999996,0.005872500000000001,2.975,46.31666666666667,-119.18333330000002
2021-07-12,1.875818770863386,308.48749999999995,291.175,0.0,332.875,2.8900000000000006,0.00654625,3.0375,46.31666666666667,-119.18333330000002
2021-07-20,1.8749243430672216,305.88749999999993,289.65,0.0,308.00000000000006,2.3974999999999995,0.00671125,3.0374999999999996,46.31666666666667,-119.18333330000002
2021-07-28,1.9447734635792326,310.5125,293.7875,0.0,283.0,3.01625,0.00899125,2.3500000000000005,46.31666666666667,-119.18333330000002
2021-08-05,1.8447734635792326,307.0125,290.5,0.0,295.65000000000003,2.29,0.008790000000000001,3.825,46.31666666666667,-119.18333330000002
2021-08-13,1.8117415438490647,305.90000000000003,290.5375,0.0,278.9625,2.42375,0.007242500000000001,3.1875,46.31666666666667,-119.18333330000002
2021-08-21,1.5117415438490651,301.22499999999997,285.8375,0.0,269.82500000000005,1.5475,0.006915,3.2875,46.31666666666667,-119.18333330000002
2021-08-29,1.3058707719245326,302.07500000000005,284.34999999999997,0.0,256.15000000000003,1.7975,0.005622500000000001,2.4000000000000004,46.31666666666667,-119.18333330000002
2021-09-06,1.2058707719245325,301.1625,285.975,0.1875,209.92499999999998,1.3800000000000001,0.00808875,2.6750000000000003,46.31666666666667,-119.18333330000002
2021-09-14,1.1732860660924471,296.8375,281.9625,0.17500000000000002,192.72500000000002,1.10125,0.005953750000000001,3.3750000000000004,46.31666666666667,-119.18333330000002
2021-09-22,1.0737332799905295,298.57500000000005,283.7875,0.5750000000000001,164.16250000000002,1.19375,0.006988750000000001,3.3875,46.31666666666667,-119.18333330000002
2021-09-30,0.9751738001116186,295.7125,280.18749999999994,0.2625,166.75,0.9762500000000001,0.005741250000000001,2.525,46.31666666666667,-119.18333330000002
2021-10-08,0.8373632931067682,291.0625,276.875,0.2,143.275,0.7612500000000001,0.00424375,3.6,46.31666666666667,-119.18333330000002
2021-10-16,0.7373632931067683,292.37499999999994,279.7625,1.125,113.69999999999999,0.7412500000000001,0.005475000000000001,2.8375,46.31666666666667,-119.18333330000002
2021-10-24,0.6694019066139288,289.55,279.1875,1.8000000000000003,88.225,0.4725000000000001,0.00595375,4.425,46.31666666666667,-119.18333330000002
2021-11-01,0.6689546927158466,286.1625,276.72499999999997,1.1125,70.05000000000001,0.36125,0.0049587500000000005,3.3000000000000007,46.31666666666667,-119.18333330000002
2021-11-09,0.6009933062230072,287.575,277.7625,2.75,56.675000000000004,0.36000000000000004,0.00589125,4.525,46.31666666666667,-119.18333330000002
2021-11-17,0.5330319197301677,279.475,272.3625,1.575,60.5625,0.15875,0.0038875000000000008,2.025,46.31666666666667,-119.18333330000002
2021-11-25,0.6019866124460143,289.25,280.375,0.07500000000000001,54.1,0.49125,0.005960000000000001,4.1625,46.31666666666667,-119.18333330000002
2021-12-03,0.5330319197301677,281.56249999999994,274.0,0.1875,43.85000000000001,0.28625,0.0037300000000000002,3.3000000000000003,46.31666666666667,-119.18333330000002
2021-12-11,0.7038743464651858,281.17499999999995,273.8875,2.5375,38.025,0.27875,0.0037037500000000004,3.3750000000000004,46.31666666666667,-119.18333330000002
2021-12-19,0.6024338263440965,278.6375,272.33750000000003,0.9000000000000001,37.487500000000004,0.1375,0.0040025,3.6374999999999997,46.31666666666667,-119.18333330000002
2021-12-27,0.4019866124460142,269.26,262.78000000000003,0.44000000000000006,30.96,0.0,0.002674,2.4400000000000004,46.31666666666667,-119.18333330000002
2022-01-01,0.5024338263440964,273.40000000000003,265.02500000000003,1.4875,41.75,0.05375,0.0034262500000000005,3.425,46.31666666666667,-119.18333330000002
2022-01-09,0.4019866124460142,276.65,270.3875,0.21250000000000002,54.93750000000001,0.10500000000000001,0.00341875,1.6374999999999997,46.31666666666667,-119.18333330000002
2022-01-17,0.4029799186690213,277.1875,271.48749999999995,0.37500000000000006,61.55000000000001,0.10124999999999999,0.00377625,1.7625,46.31666666666667,-119.18333330000002
2022-01-25,0.47039521283693586,276.96250000000003,271.25,0.0,80.3875,0.18375000000000002,0.0031087500000000004,2.2625,46.31666666666667,-119.18333330000002
2022-02-02,0.4340252259531748,283.3375,270.175,0.07500000000000001,85.52500000000002,0.32,0.0036250000000000006,2.0250000000000004,46.31666666666667,-119.18333330000002
2022-02-10,0.4340252259531748,286.5625,271.625,0.0,108.47500000000001,0.45374999999999993,0.003790000000000001,2.7375000000000003,46.31666666666667,-119.18333330000002
2022-02-18,0.43501853217618186,279.22499999999997,267.3625,0.21250000000000002,109.48750000000001,0.29875,0.0026937500000000004,3.5624999999999996,46.31666666666667,-119.18333330000002
2022-02-26,0.43501853217618186,286.96250000000003,275.15000000000003,1.75,107.8125,0.42750000000000005,0.0048025,3.1500000000000004,46.31666666666667,-119.18333330000002
2022-03-06,0.5044204387901106,286.6,273.6625,0.1125,129.9375,0.6350000000000001,0.0030762500000000004,3.2125000000000004,46.31666666666667,-119.18333330000002
2022-03-14,0.6024338263440965,287.75,276.55,0.65,140.9625,0.5012500000000001,0.004563750000000001,3.575,46.31666666666667,-119.18333330000002
2022-03-22,0.7354657460742642,292.82500000000005,279.3625,0.17500000000000002,185.0375,0.7549999999999999,0.005465000000000001,2.275,46.31666666666667,-119.18333330000002
2022-03-30,0.9058609589111999,289.45,275.23749999999995,0.4,224.5,0.66,0.0039075,4.824999999999999,46.31666666666667,-119.18333330000002
2022-04-07,0.9742695593021216,285.12499999999994,274.5125,1.5625000000000002,191.63750000000002,0.50125,0.0036050000000000006,3.9875000000000007,46.31666666666667,-119.18333330000002
2022-04-15,1.2762561717481358,287.2375,275.3125,1.3,231.53750000000002,0.51875,0.0041287500000000005,3.1,46.31666666666667,-119.18333330000002
2022-04-23,1.2752628655251288,291.28749999999997,278.775,1.175,237.5375,0.7587499999999999,0.004711250000000001,2.9125,46.31666666666667,-119.18333330000002
2022-05-01,1.380587545124736,291.3625,281.21250000000003,1.9249999999999998,242.45000000000005,0.60375,0.006265,3.9625,46.31666666666667,-119.18333330000002
2022-05-09,1.4101923322878005,292.6125,279.8625,0.8625,292.00000000000006,0.77,0.0054687500000000005,3.5625,46.31666666666667,-119.18333330000002
2022-05-17,1.4402443333489465,294.275,279.8625,0.22500000000000003,302.4875,0.9362499999999999,0.005112500000000001,3.2125000000000004,46.31666666666667,-119.18333330000002
2022-05-25,1.6441284928274649,295.43750000000006,283.6125,0.3875,256.475,0.8524999999999999,0.00724375,3.2875000000000005,46.31666666666667,-119.18333330000002
2022-06-02,2.008761625180044,299.65,285.875,0.525,265.9375,1.12125,0.00854625,3.2,46.31666666666667,-119.18333330000002
2022-06-10,2.1417935449102115,296.51250000000005,284.73749999999995,2.5375,253.17499999999998,0.7275,0.008807500000000001,4.625,46.31666666666667,-119.18333330000002
2022-06-18,2.413737969308412,300.5125,285.43750000000006,0.037500000000000006,329.85,1.3512499999999998,0.0077425,3.0500000000000003,46.31666666666667,-119.18333330000002
2022-06-26,2.148210409159669,305.32500000000005,287.90000000000003,0.325,352.475,1.92,0.008475,2.9250000000000003,46.31666666666667,-119.18333330000002
2022-07-04,2.2176123157735974,303.8625,288.7625,0.0,302.7875,1.5237500000000002,0.009925000000000002,2.6125000000000003,46.31666666666667,-119.18333330000002
2022-07-12,2.0501970216056833,306.8875,289.0625,0.0,331.98750000000007,2.1475,0.008785000000000001,2.7625,46.31666666666667,-119.18333330000002
2022-07-20,1.9837750336607753,310.325,291.0875,0.0,326.4875,2.96375,0.00799125,2.2750000000000004,46.31666666666667,-119.18333330000002
2022-07-28,1.8836761552339325,311.4875,292.15,0.0,308.6625,3.345,0.007595,3.3875,46.31666666666667,-119.18333330000002
2022-08-05,1.6472072899233288,308.275,289.75,0.0,298.7375,2.50625,0.00829375,2.075,46.31666666666667,-119.18333330000002
2022-08-13,1.7221316329905505,309.2375,290.7375,0.0,272.8,2.78375,0.00791,2.5375000000000005,46.31666666666667,-119.18333330000002
2022-08-21,1.6550646742938757,307.1375,291.28749999999997,0.0,265.6125,2.2925,0.009184999999999999,3.2250000000000005,46.31666666666667,-119.18333330000002
2022-08-29,1.417602502760265,307.4125,288.26250000000005,0.0,245.5,2.4625000000000004,0.007117500000000001,2.9,46.31666666666667,-119.18333330000002
2022-09-06,1.280686423551579,302.6625,284.825,0.0,210.07500000000002,1.9249999999999998,0.005321250000000001,2.6875000000000004,46.31666666666667,-119.18333330000002
2022-09-14,1.3146225840912436,298.83750000000003,284.175,0.125,201.66250000000002,1.1724999999999999,0.007155000000000002,3.0125,46.31666666666667,-119.18333330000002
2022-09-22,1.1465623191715615,301.20000000000005,284.59999999999997,0.037500000000000006,187.07500000000002,1.5025,0.006780000000000001,2.975,46.31666666666667,-119.18333330000002
2022-09-30,1.107758505943704,300.975,283.88750000000005,0.0,166.8,1.37625,0.0071825,2.0625,46.31666666666667,-119.18333330000002
2022-10-08,0.9392510271259398,298.67499999999995,281.4,0.0,162.4,1.3062500000000001,0.00552625,1.9625,46.31666666666667,-119.18333330000002
2022-10-24,0.8388038132278575,290.0375,280.275,0.6875000000000001,90.825,0.57,0.005645000000000001,4.7875000000000005,46.31666666666667,-119.18333330000002
2022-11-01,0.700993306223007,285.1875,276.05,2.9875000000000003,71.92500000000001,0.3825,0.004477500000000001,4.4625,46.31666666666667,-119.18333330000002
2022-11-09,0.6330319197301677,278.12500000000006,269.7875,0.0,80.31250000000001,0.195,0.00303375,1.7,46.31666666666667,-119.18333330000002
2022-11-17,0.5009933062230071,275.9,268.1375,0.5625,69.4,0.1525,0.00274875,1.7375000000000003,46.31666666666667,-119.18333330000002
2022-11-25,0.5009933062230071,277.65,269.17499999999995,0.5375000000000001,52.675000000000004,0.11625,0.0035050000000000003,3.7125000000000004,46.31666666666667,-119.18333330000002
2022-12-03,0.5009933062230071,272.78749999999997,267.875,1.8375,47.962500000000006,0.01,0.0032612500000000003,2.4625000000000004,46.31666666666667,-119.18333330000002
2022-12-11,0.40153939854793197,272.375,267.4375,0.6375,48.5125,0.015,0.0031612500000000004,1.4375000000000002,46.31666666666667,-119.18333330000002
2022-12-19,0.3699479989388536,266.7,261.725,1.5750000000000002,34.962500000000006,0.01,0.00268875,2.9375,46.31666666666667,-119.18333330000002
2022-12-27,0.5,282.03999999999996,272.72,2.48,46.24,0.22000000000000003,0.004102,4.24,46.31666666666667,-119.18333330000002
